num_date_time,answer
1_20240825 00,4113.064674594004
1_20240825 01,4031.1677321731513
1_20240825 02,3761.161820552866
1_20240825 03,3803.0057966947475
1_20240825 04,3739.9826560684305
1_20240825 05,3687.695227640019
1_20240825 06,3635.7102173329413
1_20240825 07,3455.0744381221803
1_20240825 08,5047.284880197569
1_20240825 09,6171.482552924829
1_20240825 10,6369.655934083447
1_20240825 11,6623.285044346292
1_20240825 12,6782.634073740767
1_20240825 13,6888.488699822585
1_20240825 14,6896.00717423675
1_20240825 15,6892.174482791138
1_20240825 16,6932.178878418019
1_20240825 17,7030.734790432065
1_20240825 18,7074.645466385453
1_20240825 19,6859.721314364914
1_20240825 20,5449.523272573784
1_20240825 21,4978.623148265877
1_20240825 22,5355.335964875819
1_20240825 23,5102.57972077982
1_20240826 00,4632.159603010941
1_20240826 01,4216.484735229241
1_20240826 02,3900.3913401714094
1_20240826 03,4002.596105509446
1_20240826 04,3735.564364036491
1_20240826 05,3753.0625529294502
1_20240826 06,3678.047623450854
1_20240826 07,3552.2502963488723
1_20240826 08,4109.658552123428
1_20240826 09,5168.458615061725
1_20240826 10,5379.278563556117
1_20240826 11,5694.441056340665
1_20240826 12,5917.361361513766
1_20240826 13,6010.243019623197
1_20240826 14,6067.573035889356
1_20240826 15,6187.552524760989
1_20240826 16,6361.850803093773
1_20240826 17,7135.888161714578
1_20240826 18,7006.317516592335
1_20240826 19,5825.425136625251
1_20240826 20,5023.006192073037
1_20240826 21,4857.775365036299
1_20240826 22,5451.740458021615
1_20240826 23,5385.302203961815
1_20240827 00,4975.720839763819
1_20240827 01,4631.773716346852
1_20240827 02,3953.5892016233693
1_20240827 03,3554.5750984108954
1_20240827 04,3572.2903867443665
1_20240827 05,3492.479716192437
1_20240827 06,3701.446899727754
1_20240827 07,4588.295025324389
1_20240827 08,5127.116903981472
1_20240827 09,5382.251731240694
1_20240827 10,4925.830886164396
1_20240827 11,4991.259780454564
1_20240827 12,5338.543187551567
1_20240827 13,5480.410556561224
1_20240827 14,5499.34916049132
1_20240827 15,5548.197968973822
1_20240827 16,5636.847027571839
1_20240827 17,6031.240887080595
1_20240827 18,6038.209879542654
1_20240827 19,5788.139910517817
1_20240827 20,4906.612831132877
1_20240827 21,4273.033346421027
1_20240827 22,5506.960798298165
1_20240827 23,5461.208873902852
1_20240828 00,5012.426625249359
1_20240828 01,4632.229714557378
1_20240828 02,4118.493449715224
1_20240828 03,3709.202895377743
1_20240828 04,3643.0373487472075
1_20240828 05,3655.0280902310096
1_20240828 06,3764.2848153404866
1_20240828 07,4091.296763780837
1_20240828 08,5066.701031905572
1_20240828 09,5560.277797539431
1_20240828 10,5336.274926306863
1_20240828 11,5538.923304317988
1_20240828 12,5985.986381290708
1_20240828 13,6640.872971908603
1_20240828 14,6617.030342595297
1_20240828 15,6706.163838064912
1_20240828 16,6934.745840690795
1_20240828 17,6998.840007911381
1_20240828 18,7097.668567471492
1_20240828 19,6044.58007490298
1_20240828 20,5033.873305064595
1_20240828 21,4562.9800774250925
1_20240828 22,5590.809148303604
1_20240828 23,5415.806637544674
1_20240829 00,4948.523971793897
1_20240829 01,4452.564442481311
1_20240829 02,4028.6055209578044
1_20240829 03,3597.724599296447
1_20240829 04,3620.95077470481
1_20240829 05,3613.0855679211277
1_20240829 06,3673.610855803857
1_20240829 07,4460.5271917819755
1_20240829 08,5290.609299323305
1_20240829 09,5630.691534795176
1_20240829 10,5527.616820122962
1_20240829 11,5842.235110642305
1_20240829 12,6524.570515477179
1_20240829 13,6677.895265997477
1_20240829 14,6522.769392722563
1_20240829 15,6632.457195310389
1_20240829 16,6901.429423981332
1_20240829 17,6986.704337776272
1_20240829 18,7043.328988213041
1_20240829 19,6525.740390871872
1_20240829 20,5217.356363240302
1_20240829 21,4342.7288037262415
1_20240829 22,4922.768143538114
1_20240829 23,5112.914520730896
1_20240830 00,4725.352000146571
1_20240830 01,4495.920940921875
1_20240830 02,3994.787769491915
1_20240830 03,3642.9063946748083
1_20240830 04,3438.655834195902
1_20240830 05,3568.7311743197743
1_20240830 06,3636.7257358492852
1_20240830 07,4363.320516112031
1_20240830 08,5141.152542861116
1_20240830 09,5723.515312442112
1_20240830 10,5464.296277282321
1_20240830 11,5634.240518111988
1_20240830 12,6172.52392135369
1_20240830 13,6335.951425798204
1_20240830 14,6468.359764722387
1_20240830 15,6724.774249251279
1_20240830 16,6946.990097931845
1_20240830 17,7034.097800044179
1_20240830 18,6733.900084845683
1_20240830 19,6621.42778059209
1_20240830 20,5276.758646342503
1_20240830 21,4427.332089293182
1_20240830 22,5367.825713488739
1_20240830 23,5320.914964847783
1_20240831 00,5005.223197541527
1_20240831 01,4655.268668286357
1_20240831 02,4037.662215092576
1_20240831 03,3679.234049462849
1_20240831 04,3674.221362064702
1_20240831 05,3735.663543650878
1_20240831 06,3856.933045266588
1_20240831 07,4275.281157492997
1_20240831 08,5327.0985472506445
1_20240831 09,5773.249985518683
1_20240831 10,5717.445455271998
1_20240831 11,5908.217801956304
1_20240831 12,6385.9328028975615
1_20240831 13,6910.069921028617
1_20240831 14,6851.181193641367
1_20240831 15,6553.779815845045
1_20240831 16,6505.343875511908
1_20240831 17,6694.320582080954
1_20240831 18,6697.213105426346
1_20240831 19,6349.733188536413
1_20240831 20,5033.922292181356
1_20240831 21,4334.4614290237905
1_20240831 22,4516.278837427275
1_20240831 23,4483.115926057262
2_20240825 00,1119.8295349073483
2_20240825 01,1113.2789993761528
2_20240825 02,1116.4896525341169
2_20240825 03,1119.3419471839838
2_20240825 04,1120.2049036608123
2_20240825 05,1192.7768353481692
2_20240825 06,1245.4465190198418
2_20240825 07,1239.4552589310608
2_20240825 08,1315.667425784553
2_20240825 09,1615.8526132626498
2_20240825 10,1779.9513388853086
2_20240825 11,1736.1798674823244
2_20240825 12,1545.3496602196792
2_20240825 13,1552.8770258830618
2_20240825 14,1645.4100208520144
2_20240825 15,1693.363689099036
2_20240825 16,1762.0847542361419
2_20240825 17,1843.95727382509
2_20240825 18,2204.7054979607938
2_20240825 19,1609.5003281754678
2_20240825 20,1829.11377698067
2_20240825 21,2830.8686021573894
2_20240825 22,1990.6685774110247
2_20240825 23,2028.029300223677
2_20240826 00,1495.3269760797089
2_20240826 01,1417.5754750949955
2_20240826 02,1404.1854362281306
2_20240826 03,1411.308677590463
2_20240826 04,1342.9851364819372
2_20240826 05,1346.1504183578254
2_20240826 06,1619.7400459480727
2_20240826 07,1818.1045367922995
2_20240826 08,1888.0754817572401
2_20240826 09,1983.339789169007
2_20240826 10,2227.187956682077
2_20240826 11,2154.306990348873
2_20240826 12,1905.963171269993
2_20240826 13,1947.117824708398
2_20240826 14,1983.8732700549388
2_20240826 15,2003.3204336696076
2_20240826 16,2058.405297406051
2_20240826 17,2105.8818024363736
2_20240826 18,2656.360489212923
2_20240826 19,1828.1641750320152
2_20240826 20,1910.6479200619444
2_20240826 21,2798.273702658749
2_20240826 22,1743.6116569694518
2_20240826 23,1904.8086790716716
2_20240827 00,1621.7876356081174
2_20240827 01,1367.3356279720326
2_20240827 02,1340.6309024832553
2_20240827 03,1330.8242679397808
2_20240827 04,1255.9864290158819
2_20240827 05,1349.7428986485454
2_20240827 06,1574.987987224923
2_20240827 07,1780.2562024853419
2_20240827 08,1876.198649797256
2_20240827 09,1977.0496685069702
2_20240827 10,2129.3753844960984
2_20240827 11,2118.7541578847467
2_20240827 12,1933.7795145366872
2_20240827 13,1956.953373471492
2_20240827 14,1966.0745567643542
2_20240827 15,1964.8162385395187
2_20240827 16,2010.7977379843346
2_20240827 17,2090.2893668638512
2_20240827 18,2683.7849758439006
2_20240827 19,1853.4939194217152
2_20240827 20,1980.5111921281286
2_20240827 21,2851.9693370489795
2_20240827 22,1641.8471663701412
2_20240827 23,1928.226678565976
2_20240828 00,1430.0725344581324
2_20240828 01,1326.451507852169
2_20240828 02,1272.3693200174164
2_20240828 03,1330.0155732180551
2_20240828 04,1289.4207739721303
2_20240828 05,1287.9029150931765
2_20240828 06,1580.3371061256091
2_20240828 07,1766.5698417806711
2_20240828 08,1827.1920818879955
2_20240828 09,2006.8753390884472
2_20240828 10,2218.896441657482
2_20240828 11,2119.4104031430825
2_20240828 12,1864.9982966899136
2_20240828 13,1858.9184886309663
2_20240828 14,1910.2724367390006
2_20240828 15,1972.016375479233
2_20240828 16,2035.762550130545
2_20240828 17,2119.5929781594705
2_20240828 18,2673.2625918521494
2_20240828 19,1846.983431875454
2_20240828 20,1886.1504624248807
2_20240828 21,2847.171706727034
2_20240828 22,1799.0905140778943
2_20240828 23,1881.809293892496
2_20240829 00,1611.331719895246
2_20240829 01,1290.877568245954
2_20240829 02,1298.1084138181345
2_20240829 03,1304.357869278252
2_20240829 04,1288.3174666037653
2_20240829 05,1284.3568577421252
2_20240829 06,1492.456111624712
2_20240829 07,1709.1133327589177
2_20240829 08,1831.9537113181643
2_20240829 09,2005.181003110877
2_20240829 10,2127.6805627826966
2_20240829 11,2060.2785494998984
2_20240829 12,1865.2612981852244
2_20240829 13,1901.1278374521635
2_20240829 14,1944.9276799357224
2_20240829 15,2006.1050935424198
2_20240829 16,2068.6471393809547
2_20240829 17,2120.6377155495375
2_20240829 18,2656.0215982704863
2_20240829 19,1846.2222955010748
2_20240829 20,1960.7602789017615
2_20240829 21,2930.6834977920635
2_20240829 22,1794.2749772317447
2_20240829 23,1896.8720176947063
2_20240830 00,1640.3290086333589
2_20240830 01,1320.8472553648357
2_20240830 02,1305.936585413313
2_20240830 03,1310.5496813721334
2_20240830 04,1285.0950900717232
2_20240830 05,1310.4085932905464
2_20240830 06,1565.2124355838755
2_20240830 07,1774.355232392145
2_20240830 08,1870.8075914102176
2_20240830 09,1978.6599637059578
2_20240830 10,2057.055782906182
2_20240830 11,1945.8031467308315
2_20240830 12,1832.715919310153
2_20240830 13,1891.7899273198168
2_20240830 14,1969.3717886634454
2_20240830 15,1964.2186229092858
2_20240830 16,1973.722530449129
2_20240830 17,1956.0210384107427
2_20240830 18,2254.0670147274795
2_20240830 19,1795.9476204264042
2_20240830 20,1891.4005783082066
2_20240830 21,2358.831792416514
2_20240830 22,1580.069937752608
2_20240830 23,1851.0533774386672
2_20240831 00,1454.7729199732876
2_20240831 01,1355.448369209828
2_20240831 02,1310.3688512467118
2_20240831 03,1322.0443231771496
2_20240831 04,1271.000024657506
2_20240831 05,1294.671125036145
2_20240831 06,1306.8024406408483
2_20240831 07,1281.7863339649675
2_20240831 08,1252.9445265770892
2_20240831 09,1230.894226986189
2_20240831 10,1251.315876620281
2_20240831 11,1294.6133047470987
2_20240831 12,1278.298655126576
2_20240831 13,1275.2573480220672
2_20240831 14,1327.9444873850869
2_20240831 15,1338.0874454747623
2_20240831 16,1323.250120933224
2_20240831 17,1289.374979218098
2_20240831 18,1296.22019095108
2_20240831 19,1283.7169441836136
2_20240831 20,1230.1412538467325
2_20240831 21,1189.1686041396515
2_20240831 22,1157.4328882231353
2_20240831 23,1145.5789850064946
3_20240825 00,13958.0268690794
3_20240825 01,13875.93851536918
3_20240825 02,13865.291529546388
3_20240825 03,13613.099163828912
3_20240825 04,13678.486529970869
3_20240825 05,14114.880223596278
3_20240825 06,14642.61115941788
3_20240825 07,15551.499903375716
3_20240825 08,16000.234215960932
3_20240825 09,16771.306631949083
3_20240825 10,17124.071259596112
3_20240825 11,17540.390615032862
3_20240825 12,18209.52049688263
3_20240825 13,18327.97508334841
3_20240825 14,18294.33689511987
3_20240825 15,18346.731651570877
3_20240825 16,17825.0314199976
3_20240825 17,16993.880755127648
3_20240825 18,16368.525404291056
3_20240825 19,15883.285613908838
3_20240825 20,15573.370709562705
3_20240825 21,14855.001188413062
3_20240825 22,14623.567361549109
3_20240825 23,14539.588470229679
3_20240826 00,14363.30290592507
3_20240826 01,14225.133109100967
3_20240826 02,14177.532289473616
3_20240826 03,14127.980757670775
3_20240826 04,14297.676869880535
3_20240826 05,15944.191261788445
3_20240826 06,18884.43832597576
3_20240826 07,21866.533070428166
3_20240826 08,24212.448787521913
3_20240826 09,24893.634478641354
3_20240826 10,25033.350919576922
3_20240826 11,25163.22843873578
3_20240826 12,25151.90282673871
3_20240826 13,25105.77783595073
3_20240826 14,25111.48286972165
3_20240826 15,25158.73925972213
3_20240826 16,24666.44555127399
3_20240826 17,23328.775900481764
3_20240826 18,20325.5802339604
3_20240826 19,19025.34085001608
3_20240826 20,17914.530239072406
3_20240826 21,17023.301189866357
3_20240826 22,16244.947229994817
3_20240826 23,15836.911786688082
3_20240827 00,15501.413506405093
3_20240827 01,15422.468738419258
3_20240827 02,15081.6065661575
3_20240827 03,14828.267047156325
3_20240827 04,15419.946939152165
3_20240827 05,16262.320680558189
3_20240827 06,18373.011104867
3_20240827 07,21535.343242549287
3_20240827 08,23812.358850371114
3_20240827 09,24450.340262542803
3_20240827 10,24592.95212584001
3_20240827 11,24528.197081520702
3_20240827 12,24459.98133533921
3_20240827 13,24431.056584193415
3_20240827 14,24503.771854535364
3_20240827 15,24443.587562251887
3_20240827 16,24191.712052399336
3_20240827 17,22880.02615124671
3_20240827 18,20474.883112048934
3_20240827 19,19261.181639820355
3_20240827 20,18270.498579243515
3_20240827 21,16804.892743180833
3_20240827 22,14944.920915108187
3_20240827 23,14525.349904816412
3_20240828 00,13902.061063498117
3_20240828 01,13904.940352385096
3_20240828 02,13766.21838429343
3_20240828 03,13500.646285102941
3_20240828 04,13533.746717437478
3_20240828 05,15328.144895432668
3_20240828 06,18111.30838602884
3_20240828 07,21463.100415913697
3_20240828 08,23797.008011800837
3_20240828 09,24516.733163689132
3_20240828 10,24831.03023025013
3_20240828 11,24818.06012259356
3_20240828 12,25114.792961621803
3_20240828 13,25068.68633618555
3_20240828 14,25059.557553165756
3_20240828 15,24924.907499107216
3_20240828 16,24604.576759955657
3_20240828 17,23339.769542129838
3_20240828 18,20833.41397355643
3_20240828 19,19292.410541754747
3_20240828 20,18137.872573310706
3_20240828 21,17114.27371088068
3_20240828 22,15947.204285674743
3_20240828 23,15456.526836483526
3_20240829 00,14631.483629778773
3_20240829 01,14254.52647223001
3_20240829 02,13759.841795622404
3_20240829 03,13547.769094937776
3_20240829 04,13560.758225283696
3_20240829 05,15158.887597861902
3_20240829 06,18029.23118983321
3_20240829 07,21451.762282371266
3_20240829 08,23822.57023158776
3_20240829 09,24570.78937218916
3_20240829 10,24871.46640764155
3_20240829 11,25108.92748763082
3_20240829 12,25107.76602590416
3_20240829 13,25007.720857162305
3_20240829 14,24906.767978249067
3_20240829 15,25012.681476005404
3_20240829 16,24597.031839952462
3_20240829 17,23482.860264286894
3_20240829 18,20512.0108309687
3_20240829 19,19185.701704391824
3_20240829 20,18031.92611545143
3_20240829 21,17021.041905127473
3_20240829 22,15885.787327032082
3_20240829 23,14896.523949864975
3_20240830 00,14760.974515099435
3_20240830 01,14292.854377699136
3_20240830 02,14225.512046253334
3_20240830 03,13847.374150975142
3_20240830 04,14075.432399167747
3_20240830 05,15143.539325481648
3_20240830 06,18087.55557260333
3_20240830 07,21318.588120345317
3_20240830 08,23343.082514221147
3_20240830 09,24263.185475568527
3_20240830 10,24618.259935806604
3_20240830 11,24724.223015042895
3_20240830 12,24592.8479544448
3_20240830 13,24585.713155595477
3_20240830 14,24603.32905367364
3_20240830 15,24486.080169235385
3_20240830 16,23989.99889759271
3_20240830 17,22822.253634637942
3_20240830 18,19952.197433495356
3_20240830 19,19083.94667668746
3_20240830 20,17777.695020936764
3_20240830 21,16419.457846706835
3_20240830 22,15247.673874712977
3_20240830 23,15040.4911914744
3_20240831 00,13962.730008597304
3_20240831 01,13420.2059044244
3_20240831 02,13250.007900986133
3_20240831 03,12994.32333066912
3_20240831 04,13388.628691120412
3_20240831 05,14385.010064376656
3_20240831 06,16441.394430361644
3_20240831 07,18003.761706412515
3_20240831 08,18893.138640273195
3_20240831 09,19952.28832898302
3_20240831 10,20211.630187287203
3_20240831 11,20489.742596908665
3_20240831 12,20198.159530313696
3_20240831 13,19654.151529790834
3_20240831 14,19588.43264604577
3_20240831 15,19195.873495388783
3_20240831 16,18499.895024237456
3_20240831 17,17786.556680072907
3_20240831 18,16265.163714969392
3_20240831 19,15362.871882082527
3_20240831 20,15268.355423524312
3_20240831 21,14471.245624596888
3_20240831 22,14026.552568046987
3_20240831 23,13743.410729489562
4_20240825 00,628.0733734476689
4_20240825 01,600.800458571293
4_20240825 02,598.4371165843578
4_20240825 03,602.4182667679997
4_20240825 04,653.9030167782535
4_20240825 05,790.0492233489105
4_20240825 06,859.0521584923412
4_20240825 07,919.2984917576994
4_20240825 08,973.5741779390826
4_20240825 09,1048.437920783978
4_20240825 10,1083.6492395249466
4_20240825 11,1122.4356830217132
4_20240825 12,1166.5947606753364
4_20240825 13,1191.9829248680119
4_20240825 14,1180.4420522319456
4_20240825 15,1146.2690445498524
4_20240825 16,1150.8858556310367
4_20240825 17,1143.0137040824075
4_20240825 18,1125.3700425565864
4_20240825 19,1098.96259191463
4_20240825 20,1060.5044535370216
4_20240825 21,968.8511148260942
4_20240825 22,749.753040509422
4_20240825 23,680.9252811679644
4_20240826 00,613.544760951355
4_20240826 01,606.8840228844019
4_20240826 02,590.8252782629347
4_20240826 03,594.6291583380578
4_20240826 04,628.4482753579491
4_20240826 05,763.3228500139701
4_20240826 06,838.4096213727785
4_20240826 07,928.2177287184059
4_20240826 08,1020.4639003451756
4_20240826 09,1093.6772697870615
4_20240826 10,1161.6634601881358
4_20240826 11,1178.25740750831
4_20240826 12,1168.1233311905298
4_20240826 13,1184.2673727965378
4_20240826 14,1151.0235004073238
4_20240826 15,1114.7419034476452
4_20240826 16,1102.3046160977847
4_20240826 17,1068.2727666442543
4_20240826 18,1036.691096763189
4_20240826 19,966.2102199858529
4_20240826 20,954.289333327182
4_20240826 21,906.503523165231
4_20240826 22,695.2849054914673
4_20240826 23,617.3508912149966
4_20240827 00,599.9808413662597
4_20240827 01,595.1835365973353
4_20240827 02,591.3764436457211
4_20240827 03,590.1210091198637
4_20240827 04,626.0607114705789
4_20240827 05,754.021951884464
4_20240827 06,832.1095429747613
4_20240827 07,920.0380252645944
4_20240827 08,927.8501073854084
4_20240827 09,1012.9565410060661
4_20240827 10,1004.4441562700576
4_20240827 11,1011.7754060830366
4_20240827 12,1056.6588438569306
4_20240827 13,1054.6514622475986
4_20240827 14,1093.943570987663
4_20240827 15,1103.7186636094998
4_20240827 16,1111.0487304556173
4_20240827 17,1091.8662570208871
4_20240827 18,1055.531632187612
4_20240827 19,1022.0067877788335
4_20240827 20,957.0886106964437
4_20240827 21,899.1968654854578
4_20240827 22,688.0667725674322
4_20240827 23,636.0102894385744
4_20240828 00,595.8894905945394
4_20240828 01,579.4775725492005
4_20240828 02,577.8085955212454
4_20240828 03,576.8750171297555
4_20240828 04,627.7800723546195
4_20240828 05,718.973600072881
4_20240828 06,809.706021082135
4_20240828 07,900.6809153316376
4_20240828 08,952.758360174694
4_20240828 09,1048.2958118054064
4_20240828 10,1126.8904922155316
4_20240828 11,1140.51073631295
4_20240828 12,1201.037459066133
4_20240828 13,1266.4036044937918
4_20240828 14,1274.7030070380556
4_20240828 15,1272.6187545804032
4_20240828 16,1272.7748909010295
4_20240828 17,1258.2525329870234
4_20240828 18,1203.564261268092
4_20240828 19,1200.7940694553956
4_20240828 20,1100.0000377385827
4_20240828 21,1002.1903964544304
4_20240828 22,714.1323518561026
4_20240828 23,662.2312509243017
4_20240829 00,622.8030546911112
4_20240829 01,598.9589800613763
4_20240829 02,599.7532239833497
4_20240829 03,621.7783844579156
4_20240829 04,651.7303875932034
4_20240829 05,737.4718970283901
4_20240829 06,830.1680798169864
4_20240829 07,909.6786142995151
4_20240829 08,953.0288883509471
4_20240829 09,1044.7146087162823
4_20240829 10,1123.7556668027294
4_20240829 11,1136.0414150360293
4_20240829 12,1174.2948914226083
4_20240829 13,1203.365514402526
4_20240829 14,1201.7187130605218
4_20240829 15,1194.5411820904465
4_20240829 16,1200.3543500981036
4_20240829 17,1204.7817365760998
4_20240829 18,1205.600128659947
4_20240829 19,1157.4190773356831
4_20240829 20,1110.8731808971688
4_20240829 21,991.344733456068
4_20240829 22,759.1911870591505
4_20240829 23,667.208288802732
4_20240830 00,618.2156497722677
4_20240830 01,598.1567789381202
4_20240830 02,596.9147969067403
4_20240830 03,587.8462578429532
4_20240830 04,631.7899788978167
4_20240830 05,747.3932297019271
4_20240830 06,812.5640608393196
4_20240830 07,910.9189982048679
4_20240830 08,993.7802593656168
4_20240830 09,1069.0669218685323
4_20240830 10,1153.01531681313
4_20240830 11,1219.677102114992
4_20240830 12,1235.5932012662186
4_20240830 13,1281.064406484081
4_20240830 14,1281.5759515430868
4_20240830 15,1274.1365793751563
4_20240830 16,1261.2398828079304
4_20240830 17,1256.560375730525
4_20240830 18,1214.2025203438675
4_20240830 19,1177.233999531777
4_20240830 20,1115.1904122811202
4_20240830 21,1016.3037184203388
4_20240830 22,735.2767549693465
4_20240830 23,638.017339317087
4_20240831 00,606.7869343272623
4_20240831 01,587.1137637714276
4_20240831 02,568.4022132151258
4_20240831 03,563.921083569993
4_20240831 04,609.4803865048881
4_20240831 05,708.2512230740481
4_20240831 06,797.9488772562593
4_20240831 07,884.7783398104131
4_20240831 08,912.9773624289345
4_20240831 09,1020.2707692222966
4_20240831 10,1071.199451272467
4_20240831 11,1105.7194530347942
4_20240831 12,1150.1309792496454
4_20240831 13,1220.668568705156
4_20240831 14,1226.284857388167
4_20240831 15,1245.5359401629175
4_20240831 16,1247.7002345658248
4_20240831 17,1261.9005246422612
4_20240831 18,1223.3542991351214
4_20240831 19,1155.7403268699597
4_20240831 20,1111.5546278042445
4_20240831 21,1037.235263399836
4_20240831 22,795.0502482418336
4_20240831 23,662.1977042265825
5_20240825 00,4147.307925384731
5_20240825 01,4065.2687724379175
5_20240825 02,4032.836194101867
5_20240825 03,3960.321947005301
5_20240825 04,3939.1255813769094
5_20240825 05,3925.227721471689
5_20240825 06,3779.0336740998796
5_20240825 07,4048.073940864825
5_20240825 08,4269.132976343755
5_20240825 09,4420.323920623995
5_20240825 10,4535.090366305248
5_20240825 11,4745.444612753059
5_20240825 12,4819.66388089429
5_20240825 13,4817.497273559369
5_20240825 14,4835.109737398701
5_20240825 15,4857.381074224128
5_20240825 16,4800.925740679599
5_20240825 17,4744.504405745358
5_20240825 18,4608.639137259363
5_20240825 19,4509.927225411054
5_20240825 20,4411.547731299527
5_20240825 21,4368.277032005544
5_20240825 22,4288.073218643304
5_20240825 23,4256.201186144774
5_20240826 00,4166.974395686722
5_20240826 01,4055.88812014024
5_20240826 02,4006.9491315823543
5_20240826 03,3956.749674712577
5_20240826 04,3956.1804023418445
5_20240826 05,3940.977817941952
5_20240826 06,4016.9027143395806
5_20240826 07,4390.396930205691
5_20240826 08,4784.492560952411
5_20240826 09,5494.818018317984
5_20240826 10,6063.027669872585
5_20240826 11,6515.8864719378325
5_20240826 12,6616.170663954223
5_20240826 13,6734.814619723841
5_20240826 14,6698.983521461323
5_20240826 15,6670.575672046947
5_20240826 16,6451.6122128187835
5_20240826 17,6002.155677908071
5_20240826 18,5531.456982992346
5_20240826 19,5224.674253100344
5_20240826 20,5050.646083175754
5_20240826 21,4918.809343952464
5_20240826 22,4598.580859289163
5_20240826 23,4420.631033648545
5_20240827 00,4288.770294974962
5_20240827 01,4207.569281410908
5_20240827 02,4114.794670151783
5_20240827 03,4038.9598744717555
5_20240827 04,3985.4306834950557
5_20240827 05,3978.778882632467
5_20240827 06,3916.965295031847
5_20240827 07,4355.765311340461
5_20240827 08,4678.747403229295
5_20240827 09,5210.751118902159
5_20240827 10,5723.134732318257
5_20240827 11,5840.223675162693
5_20240827 12,5939.969731201944
5_20240827 13,6012.5865164244815
5_20240827 14,6163.676301609041
5_20240827 15,6154.915672791631
5_20240827 16,6155.647391863363
5_20240827 17,5926.515466550261
5_20240827 18,5451.116183239589
5_20240827 19,5201.008274429404
5_20240827 20,4937.970801237641
5_20240827 21,4716.199325963609
5_20240827 22,4497.822540382334
5_20240827 23,4193.041271031695
5_20240828 00,4026.8255602307117
5_20240828 01,3937.7353084693377
5_20240828 02,3836.1048864144523
5_20240828 03,3679.369357116993
5_20240828 04,3624.5177349914743
5_20240828 05,3601.054884383106
5_20240828 06,3631.575746935221
5_20240828 07,4108.992681837846
5_20240828 08,4679.567521528101
5_20240828 09,5457.1515404720485
5_20240828 10,5915.401307391783
5_20240828 11,6149.158806193587
5_20240828 12,6431.537957066359
5_20240828 13,6627.409112813314
5_20240828 14,6702.647442608404
5_20240828 15,6636.370538226479
5_20240828 16,6484.368891867804
5_20240828 17,6033.730625528062
5_20240828 18,5622.009899666059
5_20240828 19,5278.421947192182
5_20240828 20,5020.3729444237215
5_20240828 21,4843.128698422568
5_20240828 22,4538.5374161100735
5_20240828 23,4377.30241455156
5_20240829 00,4183.429006527724
5_20240829 01,4027.1910820015496
5_20240829 02,3886.6210991407524
5_20240829 03,3787.754601933869
5_20240829 04,3703.351130310708
5_20240829 05,3604.402552870316
5_20240829 06,3660.3747384717262
5_20240829 07,4192.038314523352
5_20240829 08,4759.772236123081
5_20240829 09,5515.097842142902
5_20240829 10,5929.123340819968
5_20240829 11,6448.873390695254
5_20240829 12,6598.520046990121
5_20240829 13,6846.248743696495
5_20240829 14,6876.260694788958
5_20240829 15,6853.335556803059
5_20240829 16,6714.393980193592
5_20240829 17,6214.6850949363425
5_20240829 18,5660.141487573067
5_20240829 19,5209.495614893478
5_20240829 20,4944.1630571350315
5_20240829 21,4763.763274129365
5_20240829 22,4498.09893146701
5_20240829 23,4340.586199093052
5_20240830 00,4092.218283192279
5_20240830 01,3976.5050156364387
5_20240830 02,3886.453484118328
5_20240830 03,3775.7866226564997
5_20240830 04,3751.946149461137
5_20240830 05,3595.7294340485005
5_20240830 06,3665.481075742414
5_20240830 07,4167.8557446256455
5_20240830 08,4634.161755008381
5_20240830 09,5427.843539164893
5_20240830 10,6035.2348045512435
5_20240830 11,6266.394291870276
5_20240830 12,6441.080980238828
5_20240830 13,6687.59514522754
5_20240830 14,6796.699835678062
5_20240830 15,6601.943491290422
5_20240830 16,6354.567160610923
5_20240830 17,5857.717981710652
5_20240830 18,5360.452674500935
5_20240830 19,5149.984822177631
5_20240830 20,4859.4152748286615
5_20240830 21,4691.139239423081
5_20240830 22,4387.187825165212
5_20240830 23,4235.471978769232
5_20240831 00,4018.3135363271103
5_20240831 01,3851.370903261618
5_20240831 02,3786.636614441282
5_20240831 03,3606.775935021624
5_20240831 04,3552.536360124239
5_20240831 05,3492.123549483298
5_20240831 06,3470.5371107435262
5_20240831 07,3539.401099914763
5_20240831 08,3768.9237564887712
5_20240831 09,4403.6869663783045
5_20240831 10,4686.984495779703
5_20240831 11,4850.906284167876
5_20240831 12,4968.727260787813
5_20240831 13,4915.197464245677
5_20240831 14,4930.209641520396
5_20240831 15,4948.821319388748
5_20240831 16,4920.310449920655
5_20240831 17,4844.859615659035
5_20240831 18,4705.614912568961
5_20240831 19,4556.358273019256
5_20240831 20,4447.500733283725
5_20240831 21,4368.139254661293
5_20240831 22,4293.276550250266
5_20240831 23,4171.659088648832
6_20240825 00,1596.4140270562882
6_20240825 01,1512.970210638592
6_20240825 02,1548.2395798543916
6_20240825 03,1521.8359410384876
6_20240825 04,1643.0534578301247
6_20240825 05,2008.8122712452555
6_20240825 06,2479.0836870197804
6_20240825 07,2318.901498247565
6_20240825 08,2869.2246983845635
6_20240825 09,3080.8860778802236
6_20240825 10,3180.2952623561173
6_20240825 11,2855.7606313728757
6_20240825 12,2823.8027405199937
6_20240825 13,2885.219370692339
6_20240825 14,2865.2472559786993
6_20240825 15,3072.0433554041583
6_20240825 16,3087.495408140174
6_20240825 17,2985.1785315935736
6_20240825 18,2883.251303185398
6_20240825 19,2836.8487539562825
6_20240825 20,2692.624044578249
6_20240825 21,2148.7361048281464
6_20240825 22,1843.6561521950157
6_20240825 23,1747.8588169459117
6_20240826 00,1969.8280401752565
6_20240826 01,1903.4539823644711
6_20240826 02,2264.974835841985
6_20240826 03,2129.2406398738103
6_20240826 04,3146.2014766233624
6_20240826 05,3277.1586332448915
6_20240826 06,3555.604865266297
6_20240826 07,4024.8281205301882
6_20240826 08,4884.135850184919
6_20240826 09,5156.992469551561
6_20240826 10,5383.400508175879
6_20240826 11,5563.682535195947
6_20240826 12,5604.559181067645
6_20240826 13,5743.963139775574
6_20240826 14,5624.294727977181
6_20240826 15,5747.755370870175
6_20240826 16,5746.604722459699
6_20240826 17,5200.88094001502
6_20240826 18,4756.985995759299
6_20240826 19,3682.6262844837393
6_20240826 20,3560.762899315824
6_20240826 21,3061.6474036894433
6_20240826 22,2325.6020819715204
6_20240826 23,1979.402207879178
6_20240827 00,2069.9489501373537
6_20240827 01,1879.688435211449
6_20240827 02,2121.4334431595194
6_20240827 03,1925.156404996354
6_20240827 04,3047.416293163947
6_20240827 05,3338.521237085033
6_20240827 06,3477.436127520171
6_20240827 07,3889.89983577793
6_20240827 08,4519.158935140849
6_20240827 09,4939.645037326367
6_20240827 10,4888.47148307382
6_20240827 11,4976.413861211596
6_20240827 12,4927.462567592287
6_20240827 13,4954.298253871184
6_20240827 14,5163.126100819804
6_20240827 15,5127.9675440155515
6_20240827 16,5245.0391561754695
6_20240827 17,4944.389605065828
6_20240827 18,4501.009692257667
6_20240827 19,3615.391390073792
6_20240827 20,3398.2453021136025
6_20240827 21,2991.60976836437
6_20240827 22,2134.201944657616
6_20240827 23,1815.7622236793363
6_20240828 00,1908.31440078291
6_20240828 01,1865.146509308388
6_20240828 02,1807.6020793911198
6_20240828 03,1640.0677983468472
6_20240828 04,2991.274045421793
6_20240828 05,2995.1446236650463
6_20240828 06,3192.9557035581583
6_20240828 07,3579.676925216394
6_20240828 08,4662.763729585074
6_20240828 09,5089.804261775378
6_20240828 10,5292.900500078038
6_20240828 11,5293.158880424666
6_20240828 12,5348.549590349051
6_20240828 13,5549.348922616915
6_20240828 14,5759.537799933489
6_20240828 15,5670.720625250233
6_20240828 16,5523.716413422463
6_20240828 17,5284.512628993393
6_20240828 18,4823.356472641217
6_20240828 19,3711.4950288197824
6_20240828 20,3466.0331195839804
6_20240828 21,2976.718947638725
6_20240828 22,2206.003971469
6_20240828 23,1750.2111699874897
6_20240829 00,1674.9288115333056
6_20240829 01,1568.2135011049888
6_20240829 02,1634.2326095506464
6_20240829 03,1632.7206484924177
6_20240829 04,3107.1891678198494
6_20240829 05,3064.3129706321106
6_20240829 06,3272.4553835443353
6_20240829 07,3708.6036142630073
6_20240829 08,4689.161747202796
6_20240829 09,5102.627503853607
6_20240829 10,5305.877973871875
6_20240829 11,5365.6115619147495
6_20240829 12,5507.173508789028
6_20240829 13,5731.106111178504
6_20240829 14,5738.237086995576
6_20240829 15,5760.500577644254
6_20240829 16,5754.526223742345
6_20240829 17,5395.420662641949
6_20240829 18,4847.734840620769
6_20240829 19,3795.7180044269844
6_20240829 20,3441.3446228627063
6_20240829 21,2987.1198265603844
6_20240829 22,2387.099964936673
6_20240829 23,1772.7923203212558
6_20240830 00,1666.286423838233
6_20240830 01,1595.835019456476
6_20240830 02,1655.4276455894271
6_20240830 03,1551.7014718103437
6_20240830 04,3291.0318078142336
6_20240830 05,3142.00185497617
6_20240830 06,3371.232481984989
6_20240830 07,3680.0174654205694
6_20240830 08,4656.261949183233
6_20240830 09,5066.3119951294775
6_20240830 10,5394.383760380473
6_20240830 11,5344.273682358289
6_20240830 12,5425.006252943594
6_20240830 13,5663.124923054129
6_20240830 14,5725.7505763988665
6_20240830 15,5660.905512999569
6_20240830 16,5486.698746264206
6_20240830 17,5166.59875717364
6_20240830 18,4598.443527646081
6_20240830 19,3715.659896987499
6_20240830 20,3255.701744579729
6_20240830 21,2822.426864736917
6_20240830 22,2002.6693207815733
6_20240830 23,1590.3922265538667
6_20240831 00,1585.6102156282716
6_20240831 01,1487.8580744196047
6_20240831 02,1537.5197847076317
6_20240831 03,1457.8021141367708
6_20240831 04,1509.9204815550625
6_20240831 05,1712.6133441083464
6_20240831 06,2135.450280421611
6_20240831 07,2252.0122336150102
6_20240831 08,2816.928927247002
6_20240831 09,3053.788777976249
6_20240831 10,3018.9408295893254
6_20240831 11,2861.742515537966
6_20240831 12,2808.8227835308103
6_20240831 13,2782.2321589297117
6_20240831 14,2812.166067388305
6_20240831 15,2840.1932395737704
6_20240831 16,2864.9064166281723
6_20240831 17,2789.3859750071347
6_20240831 18,2797.48176913929
6_20240831 19,2702.226405905598
6_20240831 20,2726.7503653931017
6_20240831 21,2395.591000962175
6_20240831 22,1952.0483026327893
6_20240831 23,1729.7497394956665
7_20240825 00,5006.232107817697
7_20240825 01,5004.457288587937
7_20240825 02,5027.196681469715
7_20240825 03,5032.420372352995
7_20240825 04,5005.764210561361
7_20240825 05,5012.807852202794
7_20240825 06,4985.398015800735
7_20240825 07,4957.97216463899
7_20240825 08,4939.328155725004
7_20240825 09,4739.898875644704
7_20240825 10,4466.556725306529
7_20240825 11,4614.874002074891
7_20240825 12,4693.87806560094
7_20240825 13,4763.380369137547
7_20240825 14,4817.732010723832
7_20240825 15,4954.87916455775
7_20240825 16,5043.223214571834
7_20240825 17,5031.6260345269275
7_20240825 18,5227.402140496773
7_20240825 19,5133.2398115606475
7_20240825 20,5125.726528503845
7_20240825 21,5152.081222634255
7_20240825 22,5130.394434945467
7_20240825 23,5085.849287199179
7_20240826 00,5352.353025158111
7_20240826 01,5492.051572850709
7_20240826 02,5539.472410433226
7_20240826 03,5529.591284496017
7_20240826 04,5536.215563059438
7_20240826 05,5535.712205830433
7_20240826 06,5527.223021157397
7_20240826 07,5475.46377542061
7_20240826 08,5291.8909009860245
7_20240826 09,5222.270897823964
7_20240826 10,5026.014309538677
7_20240826 11,5049.742092020011
7_20240826 12,5015.4332740068485
7_20240826 13,4997.881994046411
7_20240826 14,5013.76957857116
7_20240826 15,5127.666759513384
7_20240826 16,5139.9467754083125
7_20240826 17,5287.680879605482
7_20240826 18,5332.162816351163
7_20240826 19,5290.507984367472
7_20240826 20,5254.391179030915
7_20240826 21,5233.686212517692
7_20240826 22,5292.091388038346
7_20240826 23,5124.677113634147
7_20240827 00,5446.334507900513
7_20240827 01,5563.016813854141
7_20240827 02,5524.794590794354
7_20240827 03,5555.608440748885
7_20240827 04,5572.368288773467
7_20240827 05,5600.705788727722
7_20240827 06,5578.872482938368
7_20240827 07,5481.895269663039
7_20240827 08,5332.424767047234
7_20240827 09,5191.737546966208
7_20240827 10,5131.415533053204
7_20240827 11,5089.13130951527
7_20240827 12,5025.681943234922
7_20240827 13,5069.42643063001
7_20240827 14,5020.565479582968
7_20240827 15,5087.752578120328
7_20240827 16,5119.854589397206
7_20240827 17,5287.594050329785
7_20240827 18,5376.721726213258
7_20240827 19,5293.615688337807
7_20240827 20,5233.71792809682
7_20240827 21,5187.697173682476
7_20240827 22,5207.115131126482
7_20240827 23,5161.951163713456
7_20240828 00,5512.2684171473165
7_20240828 01,5636.410098984695
7_20240828 02,5613.029407512031
7_20240828 03,5599.914924333765
7_20240828 04,5604.658937346812
7_20240828 05,5607.278260444136
7_20240828 06,5573.658421375041
7_20240828 07,5473.487991741222
7_20240828 08,5257.678081459459
7_20240828 09,5113.936690179528
7_20240828 10,5033.05109082842
7_20240828 11,5065.373468691299
7_20240828 12,5046.863275066465
7_20240828 13,5093.100960364384
7_20240828 14,5161.125716156085
7_20240828 15,5215.77221036863
7_20240828 16,5213.07940528007
7_20240828 17,5278.99675387955
7_20240828 18,5432.80662673418
7_20240828 19,5371.268351766832
7_20240828 20,5338.673001944283
7_20240828 21,5294.9078402590985
7_20240828 22,5252.096455560817
7_20240828 23,5189.280586413622
7_20240829 00,5414.0258407941965
7_20240829 01,5573.05566422652
7_20240829 02,5551.521291972341
7_20240829 03,5608.409197442665
7_20240829 04,5626.907748457921
7_20240829 05,5639.270224239819
7_20240829 06,5616.846185306227
7_20240829 07,5537.29580612521
7_20240829 08,5274.870936815722
7_20240829 09,5115.83735508867
7_20240829 10,5092.60128864016
7_20240829 11,5120.417458984714
7_20240829 12,5108.533620184926
7_20240829 13,5151.40302567334
7_20240829 14,5127.587148619671
7_20240829 15,5174.897317432139
7_20240829 16,5217.512229034668
7_20240829 17,5301.434707537184
7_20240829 18,5425.676663816539
7_20240829 19,5396.987966949253
7_20240829 20,5326.747355137186
7_20240829 21,5244.501496087469
7_20240829 22,5261.82535769451
7_20240829 23,5173.029408791152
7_20240830 00,5433.429649336441
7_20240830 01,5594.848735041465
7_20240830 02,5531.4344342217755
7_20240830 03,5601.918808622636
7_20240830 04,5629.084512895935
7_20240830 05,5628.563819850278
7_20240830 06,5674.0140249010465
7_20240830 07,5564.209598020654
7_20240830 08,5240.985289788889
7_20240830 09,5114.6327338538285
7_20240830 10,5068.379831192275
7_20240830 11,5096.323285100318
7_20240830 12,5057.301736859552
7_20240830 13,5064.259753260845
7_20240830 14,5141.847049253856
7_20240830 15,5210.910458002107
7_20240830 16,5214.507341776753
7_20240830 17,5273.340325974976
7_20240830 18,5333.45758033422
7_20240830 19,5270.0690556939935
7_20240830 20,5268.314935795085
7_20240830 21,5220.565495720018
7_20240830 22,5213.113432899223
7_20240830 23,5112.970870820394
7_20240831 00,5393.947251753518
7_20240831 01,5537.558100592017
7_20240831 02,5610.917049343576
7_20240831 03,5631.64199737348
7_20240831 04,5639.217561566227
7_20240831 05,5698.675246391627
7_20240831 06,5638.401248165415
7_20240831 07,5563.609687262176
7_20240831 08,5382.859218205542
7_20240831 09,5116.74806598294
7_20240831 10,5050.568774163936
7_20240831 11,5037.251997753934
7_20240831 12,5083.01196225875
7_20240831 13,5056.703552870039
7_20240831 14,5124.9141291737105
7_20240831 15,5202.255231639494
7_20240831 16,5219.194725983395
7_20240831 17,5293.1763261360375
7_20240831 18,5363.00055350783
7_20240831 19,5284.77012991795
7_20240831 20,5255.139428573391
7_20240831 21,5274.612346087167
7_20240831 22,5217.120907615654
7_20240831 23,4973.556387936712
8_20240825 00,716.4947394702044
8_20240825 01,615.4741849740881
8_20240825 02,553.1161972414175
8_20240825 03,539.5184929335583
8_20240825 04,535.2045599690241
8_20240825 05,510.9766038563687
8_20240825 06,500.66727204778306
8_20240825 07,495.6481099071789
8_20240825 08,527.1933492886733
8_20240825 09,683.360679786262
8_20240825 10,672.130406517701
8_20240825 11,767.6236437852584
8_20240825 12,811.3621339293321
8_20240825 13,863.4599084486434
8_20240825 14,828.6212394289631
8_20240825 15,835.4091072395933
8_20240825 16,818.1656201364283
8_20240825 17,821.259195588606
8_20240825 18,766.8040400483019
8_20240825 19,777.6279096830626
8_20240825 20,859.841668397977
8_20240825 21,865.6894893413015
8_20240825 22,812.6162434131413
8_20240825 23,851.4163492619936
8_20240826 00,728.2993680340683
8_20240826 01,610.5475957947219
8_20240826 02,569.388633038071
8_20240826 03,553.7801730540298
8_20240826 04,530.1433517882183
8_20240826 05,517.2244073554749
8_20240826 06,548.0028208604399
8_20240826 07,751.3145380556944
8_20240826 08,761.8682404530792
8_20240826 09,1143.1193704939697
8_20240826 10,1389.6025806307416
8_20240826 11,1402.4152559615734
8_20240826 12,1398.468280505395
8_20240826 13,1434.7276586473254
8_20240826 14,1433.7725226640941
8_20240826 15,1367.0455505199711
8_20240826 16,1213.889844504782
8_20240826 17,1027.3821824356187
8_20240826 18,880.8831646100539
8_20240826 19,814.8709278721531
8_20240826 20,797.2583353140086
8_20240826 21,791.0911977373521
8_20240826 22,761.9615747246204
8_20240826 23,766.2766415502466
8_20240827 00,785.9897048666207
8_20240827 01,827.1673760832331
8_20240827 02,864.857116400575
8_20240827 03,766.4526487367223
8_20240827 04,598.148208248722
8_20240827 05,547.9286209520019
8_20240827 06,612.7018325835685
8_20240827 07,752.3652129293723
8_20240827 08,743.0321466742249
8_20240827 09,1095.6321497196732
8_20240827 10,1255.219988433987
8_20240827 11,1332.321496890184
8_20240827 12,1310.6068638876045
8_20240827 13,1370.6600379521253
8_20240827 14,1318.3497087588157
8_20240827 15,1225.185906979501
8_20240827 16,1136.9778142852072
8_20240827 17,1034.547228342926
8_20240827 18,927.8440430414349
8_20240827 19,846.6965723782396
8_20240827 20,769.4760240157793
8_20240827 21,732.8304175179237
8_20240827 22,731.5840592631953
8_20240827 23,727.9912574080613
8_20240828 00,755.4741354764919
8_20240828 01,797.3683843528095
8_20240828 02,811.9317953233578
8_20240828 03,707.7139089982345
8_20240828 04,611.0165979489867
8_20240828 05,532.0079898556583
8_20240828 06,594.819990963297
8_20240828 07,744.3406250834256
8_20240828 08,729.6065837090423
8_20240828 09,1084.1590149559497
8_20240828 10,1355.479624022129
8_20240828 11,1380.7436328507324
8_20240828 12,1426.7965219878342
8_20240828 13,1429.074186288944
8_20240828 14,1454.8859210872613
8_20240828 15,1362.2112079221172
8_20240828 16,1193.4990309305572
8_20240828 17,1018.4434906048299
8_20240828 18,911.8852582108167
8_20240828 19,847.8427083227226
8_20240828 20,811.6460164235548
8_20240828 21,792.8713214856364
8_20240828 22,759.4576668703066
8_20240828 23,742.7599362063481
8_20240829 00,762.5837666674538
8_20240829 01,801.8958078269441
8_20240829 02,827.2626328926349
8_20240829 03,727.1978816734303
8_20240829 04,637.1055927533736
8_20240829 05,536.8203602318338
8_20240829 06,597.9589383541529
8_20240829 07,761.0541459381294
8_20240829 08,758.5096629612135
8_20240829 09,1081.2735645253933
8_20240829 10,1344.2792671042648
8_20240829 11,1391.8610522732497
8_20240829 12,1414.055132816147
8_20240829 13,1440.766952467361
8_20240829 14,1431.6945927781649
8_20240829 15,1343.6247277106845
8_20240829 16,1155.400084262703
8_20240829 17,1029.450631343563
8_20240829 18,912.439459260474
8_20240829 19,833.9166623491982
8_20240829 20,806.1713956596592
8_20240829 21,794.5448295345393
8_20240829 22,767.2963482191167
8_20240829 23,742.8958835346173
8_20240830 00,771.322898662634
8_20240830 01,787.1596679270137
8_20240830 02,805.1583994946725
8_20240830 03,707.4993225264291
8_20240830 04,577.7899431932635
8_20240830 05,514.1925194630331
8_20240830 06,593.2022030170422
8_20240830 07,745.5591464884222
8_20240830 08,730.7826260547964
8_20240830 09,1092.840517159341
8_20240830 10,1288.1382769220718
8_20240830 11,1339.955325374941
8_20240830 12,1344.1415683082937
8_20240830 13,1365.8437977677545
8_20240830 14,1371.6471195382442
8_20240830 15,1308.5176007510065
8_20240830 16,1110.2782410904158
8_20240830 17,955.2815041304954
8_20240830 18,864.0960824452605
8_20240830 19,781.4147118367202
8_20240830 20,781.3121780662705
8_20240830 21,787.7832071046183
8_20240830 22,761.240873135642
8_20240830 23,740.9842535433538
8_20240831 00,813.1509012329832
8_20240831 01,800.4406250194263
8_20240831 02,784.2569622467927
8_20240831 03,655.9426518932135
8_20240831 04,542.1518323210128
8_20240831 05,511.79021715852036
8_20240831 06,506.21496959942885
8_20240831 07,510.9963965775784
8_20240831 08,686.1892559588691
8_20240831 09,995.2285479781152
8_20240831 10,1108.9927418157176
8_20240831 11,1086.9285748792836
8_20240831 12,1002.8190688469521
8_20240831 13,968.2162717631945
8_20240831 14,834.6143200502488
8_20240831 15,839.6505224061706
8_20240831 16,879.7322092065672
8_20240831 17,873.2975103093863
8_20240831 18,795.3343952729817
8_20240831 19,824.2628976359942
8_20240831 20,992.8626389154106
8_20240831 21,979.6593369845176
8_20240831 22,789.8921169311355
8_20240831 23,822.8682953796069
9_20240825 00,2107.987534323649
9_20240825 01,1961.9015502976342
9_20240825 02,1886.0528349134968
9_20240825 03,1853.52403016076
9_20240825 04,2018.1052449794545
9_20240825 05,2234.5259630418664
9_20240825 06,2602.4090380404105
9_20240825 07,3084.767006701336
9_20240825 08,3443.5801753746227
9_20240825 09,4151.418030292355
9_20240825 10,4429.797870002463
9_20240825 11,4445.794813922186
9_20240825 12,4346.904066744463
9_20240825 13,4458.19819214011
9_20240825 14,4578.588052258097
9_20240825 15,4506.328446917121
9_20240825 16,4385.306558280955
9_20240825 17,4020.6523369675683
9_20240825 18,3707.519813113371
9_20240825 19,3222.944731110485
9_20240825 20,2953.507747679876
9_20240825 21,2800.1434678296573
9_20240825 22,2617.1992561869397
9_20240825 23,2442.600814974439
9_20240826 00,2067.352366977937
9_20240826 01,1883.0663707217693
9_20240826 02,1786.4788544403946
9_20240826 03,1750.334427096008
9_20240826 04,1850.3722152212138
9_20240826 05,2102.3797823041277
9_20240826 06,2348.2741616708527
9_20240826 07,2749.4563726183605
9_20240826 08,3276.888427318225
9_20240826 09,3794.9033250516345
9_20240826 10,4220.091065775551
9_20240826 11,4311.885299794862
9_20240826 12,4355.928844227808
9_20240826 13,4558.362025756771
9_20240826 14,4675.466784626696
9_20240826 15,4587.405999010729
9_20240826 16,4271.784598944623
9_20240826 17,3957.749719803366
9_20240826 18,3580.4068741925225
9_20240826 19,3002.243196177049
9_20240826 20,2864.24039794943
9_20240826 21,2779.8682122471887
9_20240826 22,2572.9672674262697
9_20240826 23,2289.547826164879
9_20240827 00,2059.5862754540385
9_20240827 01,1840.5048452744022
9_20240827 02,1795.7757414265927
9_20240827 03,1760.930252158563
9_20240827 04,1806.2351208912191
9_20240827 05,1993.0084633779234
9_20240827 06,2200.3729733382106
9_20240827 07,2816.517611323016
9_20240827 08,3254.843532830594
9_20240827 09,3730.5864242431517
9_20240827 10,4061.891825236778
9_20240827 11,4095.5737072781667
9_20240827 12,4056.4979808468324
9_20240827 13,4250.558754104037
9_20240827 14,4267.427954758696
9_20240827 15,4250.74163065744
9_20240827 16,4051.2964433192374
9_20240827 17,3781.8890245958396
9_20240827 18,3395.2013535398146
9_20240827 19,2935.8857139759184
9_20240827 20,2800.1453585336
9_20240827 21,2403.3571783962116
9_20240827 22,2337.898643941103
9_20240827 23,2174.7466441127845
9_20240828 00,1993.5298796856937
9_20240828 01,1845.2963385633832
9_20240828 02,1786.3564818055452
9_20240828 03,1767.5243331947784
9_20240828 04,1804.3906481240292
9_20240828 05,2025.6283185852312
9_20240828 06,2250.394891015105
9_20240828 07,2512.1561754812838
9_20240828 08,3242.4140582364475
9_20240828 09,3697.5142806984154
9_20240828 10,4080.524577536717
9_20240828 11,4088.461818577543
9_20240828 12,4008.6538032674607
9_20240828 13,4230.022864190611
9_20240828 14,4327.389323598647
9_20240828 15,4319.933483408136
9_20240828 16,4090.6055367879085
9_20240828 17,3824.7674270043963
9_20240828 18,3243.33805272685
9_20240828 19,2919.353906056749
9_20240828 20,2736.315899100675
9_20240828 21,2669.1855513253026
9_20240828 22,2398.7923547584637
9_20240828 23,2205.4621559729103
9_20240829 00,1951.801858846485
9_20240829 01,1814.9846413601658
9_20240829 02,1759.3230666162394
9_20240829 03,1740.578293368494
9_20240829 04,1781.8783512360164
9_20240829 05,1916.5928784571663
9_20240829 06,2226.0328476010554
9_20240829 07,2478.6228732436516
9_20240829 08,3297.4682950748365
9_20240829 09,3837.5819437758037
9_20240829 10,4182.13280793219
9_20240829 11,4313.5878948634545
9_20240829 12,4376.772878515556
9_20240829 13,4549.618686751061
9_20240829 14,4595.940424948201
9_20240829 15,4598.638419536615
9_20240829 16,4299.203967391102
9_20240829 17,3893.6894115357527
9_20240829 18,3588.943990465256
9_20240829 19,3275.6300491670972
9_20240829 20,3028.9763045389645
9_20240829 21,2885.558773221125
9_20240829 22,2446.5046462330847
9_20240829 23,2289.115691919954
9_20240830 00,2085.3987051898516
9_20240830 01,1851.2975035892664
9_20240830 02,1764.2093391230494
9_20240830 03,1746.173317973878
9_20240830 04,2006.2040371963365
9_20240830 05,2215.131335453305
9_20240830 06,2308.45538489548
9_20240830 07,2557.696505955696
9_20240830 08,3283.541640216521
9_20240830 09,3872.2709405770456
9_20240830 10,4227.387726313025
9_20240830 11,4490.832374723677
9_20240830 12,4425.031331731008
9_20240830 13,4498.088971390576
9_20240830 14,4654.586626265804
9_20240830 15,4636.736026599876
9_20240830 16,4278.763870733669
9_20240830 17,4010.1171002231818
9_20240830 18,3703.4014309805784
9_20240830 19,3228.2001820148193
9_20240830 20,2936.8300377963315
9_20240830 21,2812.4680512622363
9_20240830 22,2604.1474756482235
9_20240830 23,2369.9405181297834
9_20240831 00,2141.384519169602
9_20240831 01,2044.3386294700674
9_20240831 02,1879.329828165496
9_20240831 03,1876.4574881413319
9_20240831 04,2107.452187453061
9_20240831 05,2372.8698885169197
9_20240831 06,2421.523710060523
9_20240831 07,2767.0295379323716
9_20240831 08,3293.1270396590003
9_20240831 09,4104.147774527355
9_20240831 10,4469.098857331233
9_20240831 11,4494.932919519271
9_20240831 12,4363.91738785395
9_20240831 13,4571.305954116381
9_20240831 14,4685.500883446842
9_20240831 15,4781.09008832494
9_20240831 16,4709.5975752616905
9_20240831 17,4403.193159699781
9_20240831 18,3796.730065395289
9_20240831 19,3258.463971715852
9_20240831 20,2990.264336792666
9_20240831 21,2856.7189649500533
9_20240831 22,2684.3308971491488
9_20240831 23,2373.516543695161
10_20240825 00,5624.917324050186
10_20240825 01,4851.722345835629
10_20240825 02,4555.665308113032
10_20240825 03,4302.806947148527
10_20240825 04,4191.22135241743
10_20240825 05,4428.461852989029
10_20240825 06,4992.209422871694
10_20240825 07,6149.351001231877
10_20240825 08,6707.361920538902
10_20240825 09,7137.182911571123
10_20240825 10,7387.313957347479
10_20240825 11,7081.887044668167
10_20240825 12,7172.8493898325005
10_20240825 13,7338.768341763588
10_20240825 14,7248.7802372026235
10_20240825 15,7293.078801946746
10_20240825 16,7493.094973778436
10_20240825 17,7160.7250903911045
10_20240825 18,7137.685460796643
10_20240825 19,7271.430815790563
10_20240825 20,7091.620413760638
10_20240825 21,6875.943119015694
10_20240825 22,6306.880137385746
10_20240825 23,5635.454420095555
10_20240826 00,4965.1293739534885
10_20240826 01,4607.919671192342
10_20240826 02,4367.671934528151
10_20240826 03,4281.348943272071
10_20240826 04,4188.361624592746
10_20240826 05,4282.206320862169
10_20240826 06,4617.003052169516
10_20240826 07,5403.128597409563
10_20240826 08,6285.675382553136
10_20240826 09,6928.229713952624
10_20240826 10,6879.906729812221
10_20240826 11,6783.6792188176705
10_20240826 12,6922.133132541436
10_20240826 13,6936.044324966362
10_20240826 14,6952.791319442576
10_20240826 15,6903.082142355584
10_20240826 16,6871.203312137046
10_20240826 17,6937.716892987486
10_20240826 18,6804.275399743752
10_20240826 19,6754.410698867418
10_20240826 20,6364.791419707585
10_20240826 21,6049.910642854553
10_20240826 22,5387.265771540627
10_20240826 23,5322.134388558765
10_20240827 00,4750.088675706442
10_20240827 01,4347.584425197663
10_20240827 02,4257.697556372728
10_20240827 03,4197.470249746264
10_20240827 04,4126.61038614268
10_20240827 05,4242.278692177888
10_20240827 06,4568.777943497283
10_20240827 07,5208.7803505460815
10_20240827 08,6246.47449259317
10_20240827 09,6916.050102655448
10_20240827 10,7061.3687005483325
10_20240827 11,7071.378806131528
10_20240827 12,6901.780580308436
10_20240827 13,6945.492223924415
10_20240827 14,6927.911455195333
10_20240827 15,6696.633005763537
10_20240827 16,6619.597682065491
10_20240827 17,6528.923241657668
10_20240827 18,6442.809773299688
10_20240827 19,5867.731525240628
10_20240827 20,5282.333347133949
10_20240827 21,5015.336922197714
10_20240827 22,4960.576394678147
10_20240827 23,5013.860764525383
10_20240828 00,4596.288529410791
10_20240828 01,4248.531046572243
10_20240828 02,4223.929393053986
10_20240828 03,4161.322764503313
10_20240828 04,4123.851669726458
10_20240828 05,4205.010826798698
10_20240828 06,4394.991034175951
10_20240828 07,4876.396697699891
10_20240828 08,5875.293718557616
10_20240828 09,6384.593101707976
10_20240828 10,6659.624632420693
10_20240828 11,6706.165274932562
10_20240828 12,6757.2154748050525
10_20240828 13,6940.019798795451
10_20240828 14,6757.427582935701
10_20240828 15,6717.542110490133
10_20240828 16,6661.397553817228
10_20240828 17,6527.380358315375
10_20240828 18,6333.835944471013
10_20240828 19,5633.973213925608
10_20240828 20,5051.544645778259
10_20240828 21,4732.4274527467705
10_20240828 22,4547.823272593674
10_20240828 23,4552.183169607635
10_20240829 00,4355.373660790366
10_20240829 01,4214.360516542341
10_20240829 02,3708.912780345139
10_20240829 03,3607.850310570895
10_20240829 04,3566.935394421473
10_20240829 05,3620.0921835189024
10_20240829 06,3805.692742520081
10_20240829 07,3941.9888685370515
10_20240829 08,4709.879642251613
10_20240829 09,5427.472765575885
10_20240829 10,5779.743098182015
10_20240829 11,6243.473628203089
10_20240829 12,6372.335407086885
10_20240829 13,6448.687795381924
10_20240829 14,6351.173942976951
10_20240829 15,6257.517836466938
10_20240829 16,6166.456929864873
10_20240829 17,6161.750139862231
10_20240829 18,5978.054526506774
10_20240829 19,5602.016915274191
10_20240829 20,5462.726853791175
10_20240829 21,4902.318311121172
10_20240829 22,4332.895625269873
10_20240829 23,4241.391738450367
10_20240830 00,4021.6930568316384
10_20240830 01,3867.770404332728
10_20240830 02,3745.6138521397784
10_20240830 03,3705.523312624765
10_20240830 04,3673.081939636584
10_20240830 05,3752.8281564415756
10_20240830 06,3957.7551495058497
10_20240830 07,4141.834033436403
10_20240830 08,4916.605805592155
10_20240830 09,5569.580911908671
10_20240830 10,5861.021830620465
10_20240830 11,6267.078502113016
10_20240830 12,6296.606594080039
10_20240830 13,6370.197686369105
10_20240830 14,6392.1468704729305
10_20240830 15,6625.252996888541
10_20240830 16,6515.193832477576
10_20240830 17,6538.232357780826
10_20240830 18,6469.761454403474
10_20240830 19,6252.150577969216
10_20240830 20,6203.397156833488
10_20240830 21,5721.944095497817
10_20240830 22,5327.449043375713
10_20240830 23,5164.567340264146
10_20240831 00,4478.377112892407
10_20240831 01,4175.907613837727
10_20240831 02,4086.547210130354
10_20240831 03,3996.267941931447
10_20240831 04,3931.7595791824015
10_20240831 05,4020.508089036707
10_20240831 06,4217.260865743058
10_20240831 07,4523.31560451887
10_20240831 08,5048.660146013518
10_20240831 09,5547.950455895609
10_20240831 10,5759.142226943269
10_20240831 11,5890.813363737964
10_20240831 12,6091.179385926802
10_20240831 13,6538.423529861304
10_20240831 14,6606.12320416054
10_20240831 15,6757.991126118654
10_20240831 16,6827.4097634123145
10_20240831 17,6897.588852168724
10_20240831 18,6929.5875367753615
10_20240831 19,6729.334657340014
10_20240831 20,6566.9077906936745
10_20240831 21,6234.673001186492
10_20240831 22,5780.799451364512
10_20240831 23,5337.210027061627
11_20240825 00,1498.9981402262613
11_20240825 01,1221.337733322317
11_20240825 02,1051.0092672792425
11_20240825 03,938.7603296913948
11_20240825 04,865.7520367713031
11_20240825 05,830.1655224786256
11_20240825 06,852.0665353738327
11_20240825 07,963.2847518077277
11_20240825 08,1168.494389667624
11_20240825 09,1323.9598317882514
11_20240825 10,1525.3067575303287
11_20240825 11,1627.7725911691969
11_20240825 12,1755.449061442441
11_20240825 13,1837.377156717206
11_20240825 14,1877.1785826412397
11_20240825 15,1884.5837456421814
11_20240825 16,1905.36388405818
11_20240825 17,1962.7532815509594
11_20240825 18,2100.8629146787202
11_20240825 19,2140.4813224667137
11_20240825 20,2166.2512415294736
11_20240825 21,2188.392217241297
11_20240825 22,1990.7068586676464
11_20240825 23,1765.3917400346013
11_20240826 00,1461.5287567195492
11_20240826 01,1207.256271422845
11_20240826 02,1021.1017692761186
11_20240826 03,924.8388008541015
11_20240826 04,857.7193492598362
11_20240826 05,835.2182738821225
11_20240826 06,934.6648426141867
11_20240826 07,1171.336831386111
11_20240826 08,1228.4696089481345
11_20240826 09,1266.0938618843188
11_20240826 10,1269.7837816046012
11_20240826 11,1345.2426441674806
11_20240826 12,1537.8653775493117
11_20240826 13,1553.2196499996066
11_20240826 14,1614.9619525517069
11_20240826 15,1577.3744111517758
11_20240826 16,1661.9251992643358
11_20240826 17,1762.5241549691907
11_20240826 18,1987.2956955905631
11_20240826 19,2094.601467595921
11_20240826 20,2138.323690343449
11_20240826 21,2155.6693074973928
11_20240826 22,2031.668434042182
11_20240826 23,1840.5214816314792
11_20240827 00,1509.5725232592954
11_20240827 01,1260.6282428074783
11_20240827 02,1073.5512157505425
11_20240827 03,968.5897210533371
11_20240827 04,900.3186788595658
11_20240827 05,865.1296076238375
11_20240827 06,924.9274314637122
11_20240827 07,1161.4598617587117
11_20240827 08,1209.037728747744
11_20240827 09,1194.1296453772018
11_20240827 10,1184.8465522483284
11_20240827 11,1226.4392486764323
11_20240827 12,1333.7410463060132
11_20240827 13,1412.985411222763
11_20240827 14,1437.950715728493
11_20240827 15,1472.6094737888607
11_20240827 16,1569.9640967999503
11_20240827 17,1729.7391347144699
11_20240827 18,1908.6369464265877
11_20240827 19,1962.3438017678593
11_20240827 20,1978.3188560939936
11_20240827 21,1943.7894000668734
11_20240827 22,1875.8516557998137
11_20240827 23,1679.0161865690138
11_20240828 00,1290.1750602630354
11_20240828 01,1045.811227507129
11_20240828 02,906.1339030092972
11_20240828 03,817.6806304846455
11_20240828 04,763.8353739256547
11_20240828 05,749.4321217796098
11_20240828 06,826.1625070384559
11_20240828 07,1064.505916482618
11_20240828 08,1167.3673685068406
11_20240828 09,1176.5139673035842
11_20240828 10,1164.4902049837642
11_20240828 11,1232.8135874326433
11_20240828 12,1334.3536281167717
11_20240828 13,1393.3554262548282
11_20240828 14,1427.5436070035214
11_20240828 15,1469.2944876786328
11_20240828 16,1596.7497528927343
11_20240828 17,1728.4643712775592
11_20240828 18,1946.3698927925336
11_20240828 19,1951.6834069668826
11_20240828 20,1988.3180222990309
11_20240828 21,2006.4664105698837
11_20240828 22,1917.8228066189292
11_20240828 23,1680.9573824292845
11_20240829 00,1362.7150874322415
11_20240829 01,1120.5008369598884
11_20240829 02,970.1387052553878
11_20240829 03,829.705843837359
11_20240829 04,771.8108066626723
11_20240829 05,766.2966501119498
11_20240829 06,827.9101198524896
11_20240829 07,1039.7889264336704
11_20240829 08,1131.037118144003
11_20240829 09,1143.7171893378518
11_20240829 10,1162.1208326423339
11_20240829 11,1233.6544777889208
11_20240829 12,1362.8894830794427
11_20240829 13,1466.0966493609515
11_20240829 14,1470.3707753379051
11_20240829 15,1568.9747615099186
11_20240829 16,1621.4031431390054
11_20240829 17,1727.611903635633
11_20240829 18,1841.1483255319097
11_20240829 19,1872.2218722260068
11_20240829 20,1927.7075284525713
11_20240829 21,1907.419933756033
11_20240829 22,1848.4444243200276
11_20240829 23,1662.3133931214925
11_20240830 00,1364.9729159747728
11_20240830 01,1115.1827039498894
11_20240830 02,947.6321780712983
11_20240830 03,836.8691485767971
11_20240830 04,760.3794227609002
11_20240830 05,744.696247314254
11_20240830 06,820.9406400130438
11_20240830 07,1074.6052800268926
11_20240830 08,1146.159152914704
11_20240830 09,1140.3598495886176
11_20240830 10,1170.245924938148
11_20240830 11,1222.6730466826752
11_20240830 12,1398.0212490847307
11_20240830 13,1513.1223659503503
11_20240830 14,1564.4033898709117
11_20240830 15,1642.7991945292906
11_20240830 16,1650.0223118113436
11_20240830 17,1772.53195483536
11_20240830 18,1872.9353736499734
11_20240830 19,1964.5570770114064
11_20240830 20,1907.3573751247427
11_20240830 21,1904.9931188862247
11_20240830 22,1836.014388114551
11_20240830 23,1673.7110050098809
11_20240831 00,1330.438333993326
11_20240831 01,1041.0689985133465
11_20240831 02,893.951078027575
11_20240831 03,816.9402634017086
11_20240831 04,765.8396593776661
11_20240831 05,742.4771666315407
11_20240831 06,776.7783274414164
11_20240831 07,956.3315699443813
11_20240831 08,1141.3781665459542
11_20240831 09,1245.5850819673772
11_20240831 10,1422.3886595937604
11_20240831 11,1476.6461899254139
11_20240831 12,1655.1240382916108
11_20240831 13,1672.5935759355018
11_20240831 14,1642.5992314811829
11_20240831 15,1674.7101719908687
11_20240831 16,1698.5562990808678
11_20240831 17,1774.2115861862364
11_20240831 18,1880.3777271878166
11_20240831 19,1820.5145899017139
11_20240831 20,1870.8322290015128
11_20240831 21,1881.5324215997537
11_20240831 22,1836.2953463781805
11_20240831 23,1671.0567629746647
12_20240825 00,4608.4311596050975
12_20240825 01,4549.594642338888
12_20240825 02,4540.521927596408
12_20240825 03,4512.48773259628
12_20240825 04,4467.297111250046
12_20240825 05,4508.662661184684
12_20240825 06,4566.139493652576
12_20240825 07,4678.5168603335005
12_20240825 08,4191.575174859926
12_20240825 09,4454.744828817296
12_20240825 10,4696.778674115794
12_20240825 11,4996.170224747377
12_20240825 12,5186.385257126061
12_20240825 13,5238.428867419292
12_20240825 14,5408.354769971694
12_20240825 15,5534.294177694999
12_20240825 16,5653.517702672436
12_20240825 17,5656.231054926602
12_20240825 18,5544.4687237925955
12_20240825 19,5506.345895048722
12_20240825 20,5449.804960407685
12_20240825 21,5337.679121924426
12_20240825 22,5189.051457460348
12_20240825 23,4856.1022785478635
12_20240826 00,4748.400089693689
12_20240826 01,4634.910468884421
12_20240826 02,4567.968221101505
12_20240826 03,4539.683105189599
12_20240826 04,4503.863735015442
12_20240826 05,4579.084486197458
12_20240826 06,4907.381251878532
12_20240826 07,5393.68926321013
12_20240826 08,6572.766934477924
12_20240826 09,8170.279641970391
12_20240826 10,8754.566911947875
12_20240826 11,8756.64276792857
12_20240826 12,8627.514523830854
12_20240826 13,8881.758103902572
12_20240826 14,9144.88656323929
12_20240826 15,9074.316736195764
12_20240826 16,8889.394957258128
12_20240826 17,8307.082595036092
12_20240826 18,7306.549905233635
12_20240826 19,6771.241752815966
12_20240826 20,6214.330305861565
12_20240826 21,5723.642154293123
12_20240826 22,5434.042229942999
12_20240826 23,5026.238151825764
12_20240827 00,4884.671778356174
12_20240827 01,4650.420111087058
12_20240827 02,4583.897349545014
12_20240827 03,4524.977242065963
12_20240827 04,4520.35806352861
12_20240827 05,4592.439923788721
12_20240827 06,4979.188606127222
12_20240827 07,5408.627578790456
12_20240827 08,6608.000738587409
12_20240827 09,7925.834664679054
12_20240827 10,8358.224813045012
12_20240827 11,8400.862024195238
12_20240827 12,8238.941232845862
12_20240827 13,8494.808055113996
12_20240827 14,8983.006419231653
12_20240827 15,8657.88029090121
12_20240827 16,8520.796346450043
12_20240827 17,8187.6346075827405
12_20240827 18,7136.235298041198
12_20240827 19,6728.4972448813205
12_20240827 20,6175.170701423323
12_20240827 21,5674.435895708455
12_20240827 22,5538.33456727717
12_20240827 23,5175.056160747622
12_20240828 00,5003.75243302771
12_20240828 01,4538.446885471301
12_20240828 02,4483.017678492355
12_20240828 03,4459.73138360415
12_20240828 04,4439.634739638937
12_20240828 05,4489.358626874892
12_20240828 06,4980.203481392623
12_20240828 07,5432.28457805374
12_20240828 08,6567.02088909602
12_20240828 09,7837.752303842765
12_20240828 10,8343.456790861015
12_20240828 11,8411.342354028862
12_20240828 12,8532.022337462357
12_20240828 13,8445.701356681973
12_20240828 14,8640.453591621428
12_20240828 15,9056.828160316112
12_20240828 16,8917.9221961428
12_20240828 17,8222.890591718562
12_20240828 18,7363.19398844258
12_20240828 19,6826.156845037395
12_20240828 20,6320.81439361819
12_20240828 21,5776.287909554515
12_20240828 22,5625.2958302283005
12_20240828 23,5201.795522348596
12_20240829 00,4996.184211668076
12_20240829 01,4565.970086207171
12_20240829 02,4501.874579984128
12_20240829 03,4463.7095496398215
12_20240829 04,4443.098258987839
12_20240829 05,4501.178680306158
12_20240829 06,4963.963238101097
12_20240829 07,5376.187874262625
12_20240829 08,6474.370591396801
12_20240829 09,7867.236333515074
12_20240829 10,8413.097805230427
12_20240829 11,8586.85645565322
12_20240829 12,8653.259271547598
12_20240829 13,8907.968950288425
12_20240829 14,9102.570207965968
12_20240829 15,9198.33722643702
12_20240829 16,8952.00993397499
12_20240829 17,8153.349691289876
12_20240829 18,7297.62028583748
12_20240829 19,6766.672187414048
12_20240829 20,6127.9008101575
12_20240829 21,5738.236091447208
12_20240829 22,5572.0301327826655
12_20240829 23,5181.788938898575
12_20240830 00,5019.114944076817
12_20240830 01,4586.695998175049
12_20240830 02,4527.936484014868
12_20240830 03,4491.4600941797635
12_20240830 04,4569.152249736799
12_20240830 05,4503.348679127799
12_20240830 06,5006.739443343235
12_20240830 07,5439.5898814451775
12_20240830 08,6544.485721596919
12_20240830 09,7765.897562039555
12_20240830 10,8290.05819770027
12_20240830 11,8418.13962750879
12_20240830 12,8468.449763497876
12_20240830 13,8889.994265004487
12_20240830 14,9091.120094173792
12_20240830 15,9013.260531221254
12_20240830 16,8687.76337994145
12_20240830 17,8501.23701540347
12_20240830 18,7061.196465599543
12_20240830 19,6484.483053467488
12_20240830 20,5922.704946070252
12_20240830 21,5610.217998632188
12_20240830 22,5549.848911290203
12_20240830 23,5045.427839973905
12_20240831 00,4623.420770428571
12_20240831 01,4527.764439807655
12_20240831 02,4483.789605606453
12_20240831 03,4430.3576949521885
12_20240831 04,4413.394697592628
12_20240831 05,4535.8059360692405
12_20240831 06,4558.336312402811
12_20240831 07,4647.777807148344
12_20240831 08,4934.203485021491
12_20240831 09,5150.059325643648
12_20240831 10,5241.398417509072
12_20240831 11,5231.905673689856
12_20240831 12,5450.572644154905
12_20240831 13,5599.930832945041
12_20240831 14,5579.571653624838
12_20240831 15,5656.898035171032
12_20240831 16,5711.932770048838
12_20240831 17,5691.154762274652
12_20240831 18,5644.397251242668
12_20240831 19,5570.909125327735
12_20240831 20,5513.97856158882
12_20240831 21,5564.302706652683
12_20240831 22,5262.776635547831
12_20240831 23,4812.7986422850145
13_20240825 00,2075.716760096781
13_20240825 01,1997.591569171111
13_20240825 02,1993.8384660164024
13_20240825 03,1997.451959745804
13_20240825 04,1970.6825097166084
13_20240825 05,1915.0348607310993
13_20240825 06,1888.9142289603365
13_20240825 07,1854.2820056024734
13_20240825 08,1802.8076167680688
13_20240825 09,1784.24450472844
13_20240825 10,1804.577495168596
13_20240825 11,1786.3338777634367
13_20240825 12,1749.30681919735
13_20240825 13,1803.8770378722138
13_20240825 14,1799.606630507138
13_20240825 15,1859.1526405496566
13_20240825 16,1992.9534548806814
13_20240825 17,2058.804593348389
13_20240825 18,2038.8191524307717
13_20240825 19,2044.3539153455213
13_20240825 20,2037.4767050436662
13_20240825 21,2040.147757276779
13_20240825 22,2008.8890053737844
13_20240825 23,2123.668173468306
13_20240826 00,2386.4631720022735
13_20240826 01,2443.6941579359464
13_20240826 02,2440.3624026508865
13_20240826 03,2431.0449170627007
13_20240826 04,2192.680311317259
13_20240826 05,2127.0982874581014
13_20240826 06,2211.7528108914767
13_20240826 07,2317.048704062286
13_20240826 08,2537.004784810607
13_20240826 09,2899.1670712549267
13_20240826 10,3142.363454868156
13_20240826 11,2986.759122617229
13_20240826 12,2742.0546821778726
13_20240826 13,2914.9288113770895
13_20240826 14,2603.5265569691555
13_20240826 15,2734.7752193484025
13_20240826 16,2818.0268890302204
13_20240826 17,2785.2415901471286
13_20240826 18,2515.864965633917
13_20240826 19,2449.4951602887622
13_20240826 20,2368.6500140528406
13_20240826 21,2308.3215176674676
13_20240826 22,2209.2454123632456
13_20240826 23,2359.8301149270937
13_20240827 00,2455.4778189143944
13_20240827 01,2459.301036955851
13_20240827 02,2455.403423916626
13_20240827 03,2440.030794856773
13_20240827 04,2197.5101427689756
13_20240827 05,2128.6214639619066
13_20240827 06,2177.4734235080614
13_20240827 07,2273.0214081530103
13_20240827 08,2436.9831201442785
13_20240827 09,2901.95622427596
13_20240827 10,3091.000799541587
13_20240827 11,3061.4819519443745
13_20240827 12,2918.1413906540924
13_20240827 13,3080.3389386239396
13_20240827 14,2785.6967292114086
13_20240827 15,2823.3005953187894
13_20240827 16,2860.5635434483347
13_20240827 17,2939.26246544958
13_20240827 18,2493.577169931929
13_20240827 19,2426.393374626622
13_20240827 20,2394.118155480028
13_20240827 21,2309.1520178543865
13_20240827 22,2211.553446677168
13_20240827 23,2323.9903803039188
13_20240828 00,2447.19309939266
13_20240828 01,2450.7433090993463
13_20240828 02,2448.170708430327
13_20240828 03,2418.2250116373593
13_20240828 04,2162.4827534212563
13_20240828 05,2095.5367399978386
13_20240828 06,2159.4043850373123
13_20240828 07,2291.6103803243495
13_20240828 08,2505.2852980899106
13_20240828 09,2919.1362343309875
13_20240828 10,3110.8352253934368
13_20240828 11,3003.686912233069
13_20240828 12,2887.379007481355
13_20240828 13,2960.6129266116227
13_20240828 14,2654.3932323586814
13_20240828 15,2688.179522613677
13_20240828 16,2738.6571425512143
13_20240828 17,2715.2436431567507
13_20240828 18,2474.510687590783
13_20240828 19,2377.3421074551215
13_20240828 20,2348.091050515711
13_20240828 21,2271.6621793131603
13_20240828 22,2213.893897990407
13_20240828 23,2315.284586794349
13_20240829 00,2430.9361848461667
13_20240829 01,2430.591136976413
13_20240829 02,2428.969698267096
13_20240829 03,2403.2175315966583
13_20240829 04,2149.799241703984
13_20240829 05,2074.759210695509
13_20240829 06,2131.5491136802684
13_20240829 07,2249.2410231198046
13_20240829 08,2413.906215358341
13_20240829 09,2797.1717128989794
13_20240829 10,3054.8057726048773
13_20240829 11,2894.2724227807844
13_20240829 12,2780.7861764880145
13_20240829 13,2889.048986194822
13_20240829 14,2558.921239149629
13_20240829 15,2625.710103796975
13_20240829 16,2657.485837539345
13_20240829 17,2793.3503138301226
13_20240829 18,2498.927490844726
13_20240829 19,2398.5858677809315
13_20240829 20,2348.902734773892
13_20240829 21,2266.033949935878
13_20240829 22,2208.347807299153
13_20240829 23,2351.7485793707992
13_20240830 00,2434.771671663363
13_20240830 01,2456.446997956934
13_20240830 02,2436.794761806865
13_20240830 03,2404.007748724219
13_20240830 04,2120.812342265526
13_20240830 05,2038.1768485908635
13_20240830 06,2066.2716101916885
13_20240830 07,2163.894055815563
13_20240830 08,2335.874679643639
13_20240830 09,2762.8495243623984
13_20240830 10,3011.074479013928
13_20240830 11,2790.193768853233
13_20240830 12,2602.648890101341
13_20240830 13,2744.786707484195
13_20240830 14,2359.0683229196643
13_20240830 15,2344.4954908717723
13_20240830 16,2443.13114888507
13_20240830 17,2584.447975336891
13_20240830 18,2293.3591858315694
13_20240830 19,2210.8078644760653
13_20240830 20,2133.1002724431937
13_20240830 21,2084.631116800845
13_20240830 22,2102.796928686981
13_20240830 23,2295.1697885335334
13_20240831 00,2437.096527230737
13_20240831 01,2444.5981708149
13_20240831 02,2430.4628349663944
13_20240831 03,2348.067899060367
13_20240831 04,2062.7990768175655
13_20240831 05,1931.6531237158097
13_20240831 06,1912.3890469951125
13_20240831 07,1882.6125022535202
13_20240831 08,1830.1126052083132
13_20240831 09,1830.0889397978267
13_20240831 10,1790.6278831297634
13_20240831 11,1713.1701840093078
13_20240831 12,1744.007063138931
13_20240831 13,1569.4715510237486
13_20240831 14,1283.7620694283494
13_20240831 15,1326.3329259521197
13_20240831 16,1494.0672148787542
13_20240831 17,1872.7255629003382
13_20240831 18,2029.3190619765055
13_20240831 19,2033.2759477201794
13_20240831 20,2029.9467511475996
13_20240831 21,2028.5155380622555
13_20240831 22,2054.022267372852
13_20240831 23,2198.4110178459387
14_20240825 00,3278.3129182618286
14_20240825 01,3182.787537250809
14_20240825 02,3123.8118547014774
14_20240825 03,3108.8297990729443
14_20240825 04,3083.6816519611116
14_20240825 05,3055.921163655625
14_20240825 06,3040.969594075621
14_20240825 07,3063.1571092591566
14_20240825 08,3320.3434272108707
14_20240825 09,3530.9534407679143
14_20240825 10,3583.8683456362096
14_20240825 11,3662.8654650144067
14_20240825 12,3673.3018970537323
14_20240825 13,3798.0649819657133
14_20240825 14,3949.646162434875
14_20240825 15,4113.168007509625
14_20240825 16,4123.35405007513
14_20240825 17,4060.823533878248
14_20240825 18,3989.2368574736565
14_20240825 19,3926.172403871374
14_20240825 20,3890.4184822787233
14_20240825 21,3737.904025550325
14_20240825 22,3584.3141162950715
14_20240825 23,3466.235399157942
14_20240826 00,3381.648156198913
14_20240826 01,3305.0952091950467
14_20240826 02,3192.051755166847
14_20240826 03,3150.43709119232
14_20240826 04,3124.8501921116235
14_20240826 05,3257.580204062822
14_20240826 06,3429.0461366098107
14_20240826 07,3591.383926169599
14_20240826 08,4591.004581861219
14_20240826 09,6722.168335275022
14_20240826 10,7159.06855140978
14_20240826 11,7188.413223513251
14_20240826 12,7023.811016207505
14_20240826 13,7303.909372590122
14_20240826 14,7301.174605427532
14_20240826 15,7279.655275572933
14_20240826 16,7135.638253048768
14_20240826 17,6544.509919678061
14_20240826 18,5225.161723736561
14_20240826 19,4671.14904125581
14_20240826 20,4399.690009493113
14_20240826 21,4222.237950037375
14_20240826 22,3815.4319095717256
14_20240826 23,3621.9677295215483
14_20240827 00,3422.30886351797
14_20240827 01,3336.1627274986276
14_20240827 02,3260.971091871699
14_20240827 03,3198.3837761033474
14_20240827 04,3193.2334193400347
14_20240827 05,3268.0688164450034
14_20240827 06,3486.711909716195
14_20240827 07,3533.3270060622945
14_20240827 08,4408.714090941045
14_20240827 09,6601.185402831124
14_20240827 10,7026.390433014907
14_20240827 11,6929.920124017172
14_20240827 12,6669.1786911527915
14_20240827 13,6916.646571534353
14_20240827 14,7095.732783747557
14_20240827 15,7127.041263704563
14_20240827 16,6894.112809376053
14_20240827 17,5968.721126293054
14_20240827 18,5029.72481878606
14_20240827 19,4476.863210110154
14_20240827 20,4210.27967746457
14_20240827 21,3999.573374803618
14_20240827 22,3563.748783382591
14_20240827 23,3428.524020763889
14_20240828 00,3295.2155825979967
14_20240828 01,3204.7111248758756
14_20240828 02,3167.4101872657975
14_20240828 03,3126.398852547403
14_20240828 04,3113.4473119710588
14_20240828 05,3212.588047343657
14_20240828 06,3309.0086616397325
14_20240828 07,3458.522955230379
14_20240828 08,4348.412634447441
14_20240828 09,6508.193498740884
14_20240828 10,6900.324469212237
14_20240828 11,6846.2646780847335
14_20240828 12,6826.65205716628
14_20240828 13,7036.515479015103
14_20240828 14,7248.0793047868465
14_20240828 15,7291.0459068388745
14_20240828 16,7192.402385984178
14_20240828 17,6508.9428876154325
14_20240828 18,5229.045879447676
14_20240828 19,4725.615966799007
14_20240828 20,4369.9478835493455
14_20240828 21,4099.705169700965
14_20240828 22,3695.989592644694
14_20240828 23,3543.9912064131813
14_20240829 00,3436.4020807541524
14_20240829 01,3322.9567335148176
14_20240829 02,3216.358264697031
14_20240829 03,3164.8699219561263
14_20240829 04,3159.0926249440445
14_20240829 05,3245.5448570094663
14_20240829 06,3296.5186834456363
14_20240829 07,3503.628822196808
14_20240829 08,4374.764280653608
14_20240829 09,6591.8078987972
14_20240829 10,6949.438314394621
14_20240829 11,7072.858627453514
14_20240829 12,6910.654392676556
14_20240829 13,7217.016930520203
14_20240829 14,7307.274023939766
14_20240829 15,7418.2362413885285
14_20240829 16,7349.4545382597835
14_20240829 17,6342.7576694109675
14_20240829 18,5204.544724798201
14_20240829 19,4656.191951180874
14_20240829 20,4297.029387695122
14_20240829 21,4023.2308462478222
14_20240829 22,3659.6070840755983
14_20240829 23,3429.890552037001
14_20240830 00,3252.239565150644
14_20240830 01,3204.153700796893
14_20240830 02,3190.157706968791
14_20240830 03,3112.971370492548
14_20240830 04,3112.739658045394
14_20240830 05,3197.439110458914
14_20240830 06,3259.1200269652636
14_20240830 07,3516.9243279094853
14_20240830 08,4341.880616267099
14_20240830 09,6447.933442806678
14_20240830 10,6714.814221227742
14_20240830 11,6887.627978811239
14_20240830 12,6655.326818164918
14_20240830 13,6877.911120479951
14_20240830 14,6920.2659535453695
14_20240830 15,6996.727161516034
14_20240830 16,6935.23806183379
14_20240830 17,6198.335986343196
14_20240830 18,5078.0453622477
14_20240830 19,4558.84416153758
14_20240830 20,4188.623708779649
14_20240830 21,3893.3217096610038
14_20240830 22,3449.4192800657584
14_20240830 23,3246.6752098220936
14_20240831 00,3182.9725447576293
14_20240831 01,3140.8433203123627
14_20240831 02,3086.216866026237
14_20240831 03,3067.1969983109425
14_20240831 04,3031.8556424383914
14_20240831 05,3001.119595447363
14_20240831 06,2982.776915081298
14_20240831 07,3055.049321945037
14_20240831 08,3167.40434106384
14_20240831 09,3507.3298817332306
14_20240831 10,3630.142521366046
14_20240831 11,3830.327282084999
14_20240831 12,3821.5522987322825
14_20240831 13,3877.6865079127756
14_20240831 14,4089.846223340986
14_20240831 15,4239.581835271023
14_20240831 16,4218.914731248837
14_20240831 17,4087.581932217761
14_20240831 18,3937.2960031594994
14_20240831 19,3902.650413417863
14_20240831 20,3793.652748333958
14_20240831 21,3546.938917488458
14_20240831 22,3439.8675970632266
14_20240831 23,3394.8545695491084
15_20240825 00,2811.161666144195
15_20240825 01,2802.2045758128743
15_20240825 02,2800.28407411775
15_20240825 03,2800.303674817176
15_20240825 04,2798.2586177910234
15_20240825 05,2796.3333491705444
15_20240825 06,2796.87949893571
15_20240825 07,2779.2429408759626
15_20240825 08,2652.2280742589533
15_20240825 09,2523.014804574262
15_20240825 10,2509.3278382981343
15_20240825 11,2560.4092386499533
15_20240825 12,2593.9764226932266
15_20240825 13,2521.4010804527434
15_20240825 14,2628.7329934058043
15_20240825 15,2712.898499163678
15_20240825 16,2835.4282980484786
15_20240825 17,2921.37295820244
15_20240825 18,2932.327334912424
15_20240825 19,2950.7870105812412
15_20240825 20,2887.400001718523
15_20240825 21,2876.1401970533943
15_20240825 22,2872.094434504532
15_20240825 23,2845.310199482583
15_20240826 00,2915.006448046988
15_20240826 01,2903.2714683667095
15_20240826 02,2903.254515785762
15_20240826 03,2906.004405483329
15_20240826 04,2952.927311254567
15_20240826 05,3070.6591568919184
15_20240826 06,3314.60729484905
15_20240826 07,3683.874197667727
15_20240826 08,4044.02112561296
15_20240826 09,4665.906840793097
15_20240826 10,4727.280226679362
15_20240826 11,4704.736272265923
15_20240826 12,4695.5710489929215
15_20240826 13,4737.2431274064475
15_20240826 14,4866.416868250523
15_20240826 15,4872.223673719616
15_20240826 16,4849.646402279814
15_20240826 17,4590.837257181751
15_20240826 18,3933.6181922024984
15_20240826 19,3711.80441924512
15_20240826 20,3583.04404143503
15_20240826 21,3459.2934971703207
15_20240826 22,3307.5199574712296
15_20240826 23,3209.7537278038735
15_20240827 00,3152.8926306379976
15_20240827 01,3126.0946128848655
15_20240827 02,3129.644923521384
15_20240827 03,3133.102758122819
15_20240827 04,3157.3506829559237
15_20240827 05,3247.8579163153095
15_20240827 06,3456.0443106512503
15_20240827 07,3769.9846138534917
15_20240827 08,4193.924189018908
15_20240827 09,4633.897428132113
15_20240827 10,4680.660868538971
15_20240827 11,4545.790839364928
15_20240827 12,4601.256295281789
15_20240827 13,4759.31029347999
15_20240827 14,4789.257601156485
15_20240827 15,4774.662032786948
15_20240827 16,4859.855448828192
15_20240827 17,4585.037339470082
15_20240827 18,3917.2375589292724
15_20240827 19,3719.723231484637
15_20240827 20,3554.259118343344
15_20240827 21,3365.871355127043
15_20240827 22,3223.3420616026597
15_20240827 23,3193.345141498097
15_20240828 00,3114.905535491538
15_20240828 01,3089.633298098825
15_20240828 02,3088.7226722729783
15_20240828 03,3079.9958317969576
15_20240828 04,3095.654016712311
15_20240828 05,3205.0715538291106
15_20240828 06,3444.8649124433346
15_20240828 07,3747.5530722019357
15_20240828 08,4241.970316613518
15_20240828 09,4609.234272483063
15_20240828 10,4645.135136766359
15_20240828 11,4511.392550128936
15_20240828 12,4516.797712239559
15_20240828 13,4656.803136584582
15_20240828 14,4726.113126079401
15_20240828 15,4757.140209761183
15_20240828 16,4746.7082628495855
15_20240828 17,4370.717417067886
15_20240828 18,3832.8418806482887
15_20240828 19,3634.3528542983895
15_20240828 20,3502.8699280111546
15_20240828 21,3335.523077740135
15_20240828 22,3273.6080091472413
15_20240828 23,3210.4914113303475
15_20240829 00,3139.704394686826
15_20240829 01,3102.5497364850426
15_20240829 02,3082.4631983521263
15_20240829 03,3075.779038384888
15_20240829 04,3092.062748501326
15_20240829 05,3176.457704253465
15_20240829 06,3370.182638682641
15_20240829 07,3702.626235824486
15_20240829 08,4052.962441797753
15_20240829 09,4493.898370377694
15_20240829 10,4478.526667671458
15_20240829 11,4431.79415378501
15_20240829 12,4479.016393085357
15_20240829 13,4609.135739115692
15_20240829 14,4701.672322872538
15_20240829 15,4692.568283843147
15_20240829 16,4703.902356148825
15_20240829 17,4377.8874896031375
15_20240829 18,3857.897928911644
15_20240829 19,3635.144066491448
15_20240829 20,3413.912302904145
15_20240829 21,3287.7764273149287
15_20240829 22,3170.0271674411842
15_20240829 23,3095.3772474991342
15_20240830 00,3011.5257694491397
15_20240830 01,2989.972804848402
15_20240830 02,2973.543790952813
15_20240830 03,2969.2058761080293
15_20240830 04,3039.8134450230045
15_20240830 05,3126.6759429738
15_20240830 06,3304.7132648905426
15_20240830 07,3606.907034920772
15_20240830 08,3908.190409360993
15_20240830 09,4179.3928749833085
15_20240830 10,4053.213122232731
15_20240830 11,3994.052926702174
15_20240830 12,4033.1753757932443
15_20240830 13,4117.08960428986
15_20240830 14,4281.456027283075
15_20240830 15,4262.734230535409
15_20240830 16,4222.784270329783
15_20240830 17,3982.904271317756
15_20240830 18,3352.2654820970965
15_20240830 19,3186.0582774494005
15_20240830 20,3107.2059038782986
15_20240830 21,2996.9566442414257
15_20240830 22,2942.4002790960367
15_20240830 23,2923.809623253744
15_20240831 00,2799.6944136113584
15_20240831 01,2783.290133460512
15_20240831 02,2767.791573028395
15_20240831 03,2763.1061772651697
15_20240831 04,2758.1586960466066
15_20240831 05,2750.6275095171663
15_20240831 06,2752.374840849936
15_20240831 07,2737.763840207199
15_20240831 08,2639.70515483952
15_20240831 09,2474.478649593583
15_20240831 10,2351.3378857465145
15_20240831 11,2361.651131934172
15_20240831 12,2351.5314967405675
15_20240831 13,2333.0958419194876
15_20240831 14,2479.488700665323
15_20240831 15,2620.610320649487
15_20240831 16,2719.3658482809915
15_20240831 17,2834.5870011840893
15_20240831 18,2856.3062290526595
15_20240831 19,2896.899344085563
15_20240831 20,2873.788005810229
15_20240831 21,2855.131036713946
15_20240831 22,2843.9417172395815
15_20240831 23,2810.075814030886
16_20240825 00,739.7031286258141
16_20240825 01,737.3063060332108
16_20240825 02,741.0052632645007
16_20240825 03,742.1037956367003
16_20240825 04,740.8511169390927
16_20240825 05,735.0735344123902
16_20240825 06,729.9006828577483
16_20240825 07,733.8456386961939
16_20240825 08,757.5758738954005
16_20240825 09,769.3961915269381
16_20240825 10,775.1117117432599
16_20240825 11,777.5402609419643
16_20240825 12,787.4790135984414
16_20240825 13,793.3961507068852
16_20240825 14,795.0360226382169
16_20240825 15,793.0433058159465
16_20240825 16,793.4969976273887
16_20240825 17,785.3922287196946
16_20240825 18,782.4458925632949
16_20240825 19,779.0301971873278
16_20240825 20,769.3332292269877
16_20240825 21,766.9794872385041
16_20240825 22,755.9115677284342
16_20240825 23,750.5759913561026
16_20240826 00,749.6981407245506
16_20240826 01,746.5274652797021
16_20240826 02,745.0762687718886
16_20240826 03,769.9510911969113
16_20240826 04,872.6413050699202
16_20240826 05,1116.5399792713647
16_20240826 06,1277.1935956797
16_20240826 07,1454.112262565352
16_20240826 08,1596.3510984790548
16_20240826 09,1683.7709894347233
16_20240826 10,1677.5571240489485
16_20240826 11,1678.3273819561437
16_20240826 12,1694.0582560301546
16_20240826 13,1714.1530420445895
16_20240826 14,1665.6272559905815
16_20240826 15,1695.8772589373575
16_20240826 16,1660.7463838914068
16_20240826 17,1552.1534308823811
16_20240826 18,1157.71391939277
16_20240826 19,930.8934066893415
16_20240826 20,856.489956240674
16_20240826 21,805.635085706828
16_20240826 22,774.2787638960157
16_20240826 23,752.4575270467462
16_20240827 00,742.5959817214002
16_20240827 01,741.5350567480338
16_20240827 02,741.8480233742924
16_20240827 03,744.163980983511
16_20240827 04,781.3164726348024
16_20240827 05,968.1996625030315
16_20240827 06,1258.1161482992586
16_20240827 07,1326.2132562390786
16_20240827 08,1481.8250239395265
16_20240827 09,1563.2198878672384
16_20240827 10,1551.630774466742
16_20240827 11,1544.9801392785903
16_20240827 12,1562.4249411285405
16_20240827 13,1606.3263833624742
16_20240827 14,1573.4397277987132
16_20240827 15,1533.1012833480936
16_20240827 16,1532.3141650720727
16_20240827 17,1477.8687094658662
16_20240827 18,1146.529234595991
16_20240827 19,935.3856697243364
16_20240827 20,864.7799627435645
16_20240827 21,801.0781056149222
16_20240827 22,770.3558280192519
16_20240827 23,752.507933601545
16_20240828 00,744.6434520309473
16_20240828 01,743.8056397869568
16_20240828 02,743.3856368069735
16_20240828 03,746.2673303697767
16_20240828 04,772.0440597794053
16_20240828 05,883.5579552498863
16_20240828 06,1169.3164786664397
16_20240828 07,1278.9767734811894
16_20240828 08,1464.8190947793569
16_20240828 09,1568.1645414065272
16_20240828 10,1569.8494621703087
16_20240828 11,1687.6416602260183
16_20240828 12,1699.851375993033
16_20240828 13,1707.9521094572706
16_20240828 14,1687.602972707305
16_20240828 15,1627.3747176321694
16_20240828 16,1628.3728784649934
16_20240828 17,1548.5880872736693
16_20240828 18,1174.3570617834093
16_20240828 19,936.0984629400853
16_20240828 20,860.88689822847
16_20240828 21,808.8022169509945
16_20240828 22,776.7120226682356
16_20240828 23,755.2624953374627
16_20240829 00,745.173079722397
16_20240829 01,744.5314573194441
16_20240829 02,742.5597511797356
16_20240829 03,744.2186121115751
16_20240829 04,761.5915375748426
16_20240829 05,942.9628317701013
16_20240829 06,1170.5201234417714
16_20240829 07,1287.9114978093112
16_20240829 08,1480.570105116757
16_20240829 09,1569.2584470891723
16_20240829 10,1574.5925305072146
16_20240829 11,1686.227049047138
16_20240829 12,1697.5222535641706
16_20240829 13,1701.3655075987663
16_20240829 14,1679.3840008341729
16_20240829 15,1676.4291677505403
16_20240829 16,1665.702151939391
16_20240829 17,1569.7124449110702
16_20240829 18,1169.9718155879127
16_20240829 19,950.9696587591568
16_20240829 20,852.2922852209331
16_20240829 21,793.274578836414
16_20240829 22,769.4631672963072
16_20240829 23,754.0305078659895
16_20240830 00,748.3608568657135
16_20240830 01,745.0350810731238
16_20240830 02,739.9758594303573
16_20240830 03,741.5340608532587
16_20240830 04,772.8298006717578
16_20240830 05,879.4309580184769
16_20240830 06,1175.557743339591
16_20240830 07,1309.109551028008
16_20240830 08,1471.7919380935123
16_20240830 09,1557.7536709845965
16_20240830 10,1550.6896753842063
16_20240830 11,1646.474331325518
16_20240830 12,1671.639811501471
16_20240830 13,1670.0781372391268
16_20240830 14,1638.5200121370162
16_20240830 15,1626.007529248326
16_20240830 16,1610.0608090191336
16_20240830 17,1525.0727314421044
16_20240830 18,1135.4371065597516
16_20240830 19,902.9777776018127
16_20240830 20,837.4596709498172
16_20240830 21,789.0659661997136
16_20240830 22,762.4273839017194
16_20240830 23,746.3162236195778
16_20240831 00,739.3874979260177
16_20240831 01,741.5817794172522
16_20240831 02,743.2746466002366
16_20240831 03,743.4004990595374
16_20240831 04,740.9283527541556
16_20240831 05,741.4709610883021
16_20240831 06,740.2376168743922
16_20240831 07,744.3238540274988
16_20240831 08,758.0997224309752
16_20240831 09,793.0560967505444
16_20240831 10,821.6472573477936
16_20240831 11,826.8960584723907
16_20240831 12,834.4641754262387
16_20240831 13,836.0097062697575
16_20240831 14,832.8729046805818
16_20240831 15,832.2266231691744
16_20240831 16,831.7136334533466
16_20240831 17,809.0755673179216
16_20240831 18,798.6083293025187
16_20240831 19,781.6307051893066
16_20240831 20,768.6592198648682
16_20240831 21,754.4606050836197
16_20240831 22,748.4210487174574
16_20240831 23,742.7174577918827
17_20240825 00,2105.2787413422334
17_20240825 01,2060.9307284908828
17_20240825 02,1990.3339233648367
17_20240825 03,1984.250517025021
17_20240825 04,1965.7069538314504
17_20240825 05,2047.5899239862533
17_20240825 06,2155.7549106824217
17_20240825 07,2214.0571193905826
17_20240825 08,2347.2761991346547
17_20240825 09,2442.630302692419
17_20240825 10,2539.3408446874305
17_20240825 11,2576.826622237688
17_20240825 12,2536.1820752086346
17_20240825 13,2555.4580050375766
17_20240825 14,2544.5388861454594
17_20240825 15,2534.6469192255745
17_20240825 16,2487.04390877293
17_20240825 17,2446.7698946589358
17_20240825 18,2405.217617047553
17_20240825 19,2362.2670553941753
17_20240825 20,2280.795154489995
17_20240825 21,2247.9662412682565
17_20240825 22,2234.4893648586667
17_20240825 23,2187.2030833971057
17_20240826 00,2126.9250021921075
17_20240826 01,2092.8047852769496
17_20240826 02,2062.0735385559497
17_20240826 03,2053.44254599871
17_20240826 04,2111.16533836877
17_20240826 05,2245.4476966734064
17_20240826 06,2617.261252726789
17_20240826 07,3056.4031848791446
17_20240826 08,3471.740936345231
17_20240826 09,3769.3757698473023
17_20240826 10,3801.957724758041
17_20240826 11,3825.37833709705
17_20240826 12,3862.0975317680904
17_20240826 13,3823.517923276885
17_20240826 14,3874.822480575421
17_20240826 15,3832.842157234538
17_20240826 16,3756.2075168578835
17_20240826 17,3484.434729563284
17_20240826 18,2959.595776997923
17_20240826 19,2679.378522340746
17_20240826 20,2495.682309500279
17_20240826 21,2367.5534668296978
17_20240826 22,2294.8837811451435
17_20240826 23,2240.4982014230027
17_20240827 00,2134.4849655874314
17_20240827 01,2087.9764085011375
17_20240827 02,2072.5254286493223
17_20240827 03,2064.717071972048
17_20240827 04,2115.8972527011347
17_20240827 05,2280.5125332958455
17_20240827 06,2639.543450635504
17_20240827 07,3058.519029316597
17_20240827 08,3413.6503762262128
17_20240827 09,3684.361869598535
17_20240827 10,3708.532574221723
17_20240827 11,3669.068806657226
17_20240827 12,3625.5190118809187
17_20240827 13,3666.9681524738617
17_20240827 14,3748.58368039754
17_20240827 15,3716.662833431923
17_20240827 16,3562.9466846937125
17_20240827 17,3440.3682567015167
17_20240827 18,2814.3719879437117
17_20240827 19,2623.314019287789
17_20240827 20,2473.89031108527
17_20240827 21,2354.1926379317274
17_20240827 22,2206.325813679613
17_20240827 23,2135.911414156497
17_20240828 00,2027.5862345396872
17_20240828 01,1994.3298787767994
17_20240828 02,1963.0605976775896
17_20240828 03,1954.758586474215
17_20240828 04,1983.6435040198642
17_20240828 05,2167.1627130141833
17_20240828 06,2512.656106040182
17_20240828 07,2972.00766653755
17_20240828 08,3351.229553012784
17_20240828 09,3667.0592594646564
17_20240828 10,3722.1130045613995
17_20240828 11,3755.8260250473127
17_20240828 12,3750.4284896841823
17_20240828 13,3771.5000461870827
17_20240828 14,3784.2717032548603
17_20240828 15,3716.1036515239584
17_20240828 16,3733.779023042286
17_20240828 17,3466.6835273131746
17_20240828 18,2865.7802847954636
17_20240828 19,2573.687043600375
17_20240828 20,2416.7486076817686
17_20240828 21,2415.7318446524123
17_20240828 22,2345.647738904108
17_20240828 23,2229.2272074122097
17_20240829 00,2126.4925333504493
17_20240829 01,2042.5321633028377
17_20240829 02,1986.9542673398587
17_20240829 03,1971.59353805248
17_20240829 04,1988.4916868029718
17_20240829 05,2163.6590902059634
17_20240829 06,2515.9161651864497
17_20240829 07,3001.018241203558
17_20240829 08,3365.782362843066
17_20240829 09,3619.514940315013
17_20240829 10,3694.3112322767765
17_20240829 11,3697.0067999611033
17_20240829 12,3730.8945344520935
17_20240829 13,3735.4510874555262
17_20240829 14,3744.3063073234152
17_20240829 15,3698.3109850270375
17_20240829 16,3700.019380686183
17_20240829 17,3478.067119426384
17_20240829 18,2870.9889449914954
17_20240829 19,2618.010427955515
17_20240829 20,2448.0942182974663
17_20240829 21,2386.2548564717927
17_20240829 22,2274.9109054218434
17_20240829 23,2185.5377645436292
17_20240830 00,2049.4438073722126
17_20240830 01,2025.537885905299
17_20240830 02,1963.3055431083674
17_20240830 03,1954.7039123022828
17_20240830 04,1985.9783380126528
17_20240830 05,2161.752380151997
17_20240830 06,2505.8169530273726
17_20240830 07,3029.1672160693292
17_20240830 08,3416.2603860984204
17_20240830 09,3700.2886009310505
17_20240830 10,3731.235993953931
17_20240830 11,3745.0803454547745
17_20240830 12,3724.011188103166
17_20240830 13,3707.3723762833524
17_20240830 14,3709.3035411863807
17_20240830 15,3631.517797485333
17_20240830 16,3630.877565708086
17_20240830 17,3341.6744665252754
17_20240830 18,2804.243382907728
17_20240830 19,2544.2711828526817
17_20240830 20,2341.2938741538337
17_20240830 21,2162.113405224683
17_20240830 22,2096.210608595665
17_20240830 23,2085.0413018775716
17_20240831 00,1998.7459276062614
17_20240831 01,1970.2769698563452
17_20240831 02,1940.6467497699907
17_20240831 03,1929.0163287963487
17_20240831 04,1950.0029854430725
17_20240831 05,1975.7420861381142
17_20240831 06,2187.2871684349075
17_20240831 07,2447.023800239259
17_20240831 08,2613.1998760090632
17_20240831 09,2715.2733710717093
17_20240831 10,2840.1650957379575
17_20240831 11,2890.375403934653
17_20240831 12,2866.578750569792
17_20240831 13,2760.666818153109
17_20240831 14,2578.030368949748
17_20240831 15,2528.74654731817
17_20240831 16,2498.322370624436
17_20240831 17,2455.4878641345676
17_20240831 18,2357.2840090002774
17_20240831 19,2270.01044354932
17_20240831 20,2146.333097317728
17_20240831 21,2098.4014504099305
17_20240831 22,2082.219985665264
17_20240831 23,2027.989776797815
18_20240825 00,581.1584929264086
18_20240825 01,571.9711846127366
18_20240825 02,559.5640568106389
18_20240825 03,557.7689118942814
18_20240825 04,568.5378768209499
18_20240825 05,705.6596770789051
18_20240825 06,862.8451926342578
18_20240825 07,1225.6185225736551
18_20240825 08,1507.9637253443732
18_20240825 09,1743.9591227956903
18_20240825 10,1796.9690571145175
18_20240825 11,1784.1337491042805
18_20240825 12,1788.7061037853755
18_20240825 13,1771.2445865330749
18_20240825 14,1730.433761716375
18_20240825 15,1689.0708167367359
18_20240825 16,1447.2494004381558
18_20240825 17,1259.5549018735726
18_20240825 18,852.1792984003064
18_20240825 19,788.6979584912484
18_20240825 20,731.8204208260846
18_20240825 21,645.0654716966731
18_20240825 22,600.0823800590169
18_20240825 23,552.9656697831534
18_20240826 00,530.4126616503717
18_20240826 01,529.537842593792
18_20240826 02,531.025420410102
18_20240826 03,529.9027232125649
18_20240826 04,559.6302417880676
18_20240826 05,675.0255066799443
18_20240826 06,778.9363376044018
18_20240826 07,1136.259054114299
18_20240826 08,1442.540033326017
18_20240826 09,1728.1772247132333
18_20240826 10,2108.5637536766008
18_20240826 11,2180.3882567937185
18_20240826 12,2171.626279751963
18_20240826 13,2147.790232283877
18_20240826 14,2115.729617126829
18_20240826 15,2072.774966839718
18_20240826 16,2040.9475697039022
18_20240826 17,2022.2404507959104
18_20240826 18,2014.6905964474622
18_20240826 19,1991.7070341375897
18_20240826 20,1909.25447612567
18_20240826 21,1629.5254223498491
18_20240826 22,811.1633016526454
18_20240826 23,584.0105086253454
18_20240827 00,557.6091150366512
18_20240827 01,552.9337203136836
18_20240827 02,552.8683249131216
18_20240827 03,562.1851910997768
18_20240827 04,569.9510594456654
18_20240827 05,654.9509247624212
18_20240827 06,790.038528575207
18_20240827 07,1223.7390336399583
18_20240827 08,1483.062780177514
18_20240827 09,1767.2697910835925
18_20240827 10,2196.792829369786
18_20240827 11,2192.742643394484
18_20240827 12,2207.2638930780236
18_20240827 13,2221.907930884894
18_20240827 14,2235.100871566203
18_20240827 15,2201.9345794754577
18_20240827 16,2157.718076475388
18_20240827 17,2120.237075595362
18_20240827 18,2076.0475904453233
18_20240827 19,2053.2060495771857
18_20240827 20,1986.6970304378492
18_20240827 21,1687.5354795706378
18_20240827 22,889.0515613059033
18_20240827 23,622.1418879847043
18_20240828 00,578.8773713299472
18_20240828 01,573.5156891864074
18_20240828 02,565.1741993660942
18_20240828 03,565.2438176146943
18_20240828 04,583.6430888479516
18_20240828 05,680.0100962869013
18_20240828 06,753.9247515902824
18_20240828 07,1167.0480662430198
18_20240828 08,1446.9745473956905
18_20240828 09,1909.8469290234086
18_20240828 10,2241.436590635494
18_20240828 11,2325.632437160576
18_20240828 12,2322.4468480502287
18_20240828 13,2291.671242564875
18_20240828 14,2289.789672034187
18_20240828 15,2221.2633308791446
18_20240828 16,2194.959673019506
18_20240828 17,2195.026738004718
18_20240828 18,2232.300811306283
18_20240828 19,2257.7151601779706
18_20240828 20,2205.5072246414566
18_20240828 21,1875.2469364708977
18_20240828 22,897.2840066320944
18_20240828 23,638.238525023583
18_20240829 00,583.7370019578182
18_20240829 01,572.0503486265504
18_20240829 02,570.7517441778213
18_20240829 03,571.1000528851345
18_20240829 04,582.1006544772138
18_20240829 05,666.2799419910926
18_20240829 06,756.7435681492167
18_20240829 07,1189.3600708965516
18_20240829 08,1423.9423258811673
18_20240829 09,1804.5742071522686
18_20240829 10,2212.360449921125
18_20240829 11,2251.9489540238496
18_20240829 12,2241.983714779014
18_20240829 13,2248.186919923198
18_20240829 14,2242.144610863824
18_20240829 15,2204.4956472047143
18_20240829 16,2112.3605207205796
18_20240829 17,2088.0548404806746
18_20240829 18,2025.0452320807406
18_20240829 19,2025.7955613191052
18_20240829 20,1952.5948478522582
18_20240829 21,1646.0012894203805
18_20240829 22,883.5628929894216
18_20240829 23,622.3585971391017
18_20240830 00,583.1265062390553
18_20240830 01,564.3739303895968
18_20240830 02,553.888025193959
18_20240830 03,556.5459512781019
18_20240830 04,575.1621937571846
18_20240830 05,661.6952889428425
18_20240830 06,769.3281408547605
18_20240830 07,1162.3041468450429
18_20240830 08,1479.1985537969654
18_20240830 09,1862.2763767814408
18_20240830 10,2148.1959845929114
18_20240830 11,2198.42853113559
18_20240830 12,2190.8752512531264
18_20240830 13,2193.025562217385
18_20240830 14,2197.219814116878
18_20240830 15,2155.466185533871
18_20240830 16,2152.097383399724
18_20240830 17,2149.0766496645365
18_20240830 18,2192.5078945916316
18_20240830 19,2240.819948260879
18_20240830 20,2168.678373110036
18_20240830 21,1874.3573615242326
18_20240830 22,977.6460584060387
18_20240830 23,618.6182577068321
18_20240831 00,569.0630924014711
18_20240831 01,562.0492039199265
18_20240831 02,557.2726588078403
18_20240831 03,555.0536140058762
18_20240831 04,574.1615834320974
18_20240831 05,673.1007036311403
18_20240831 06,776.2417457322643
18_20240831 07,1099.5530119173611
18_20240831 08,1479.1839377024107
18_20240831 09,1915.4451267133109
18_20240831 10,2230.2826007515987
18_20240831 11,2264.6988995045754
18_20240831 12,2296.3514266020957
18_20240831 13,2308.397899891067
18_20240831 14,2285.4445707864875
18_20240831 15,2231.5668937067376
18_20240831 16,2160.315537380126
18_20240831 17,2110.161019328718
18_20240831 18,2073.7092411656545
18_20240831 19,2036.8186671028398
18_20240831 20,1979.731013667821
18_20240831 21,1699.7023537017726
18_20240831 22,950.9170366430661
18_20240831 23,634.3818456679121
19_20240825 00,507.5725066149191
19_20240825 01,425.97552775142583
19_20240825 02,405.3625112943153
19_20240825 03,401.55581755905826
19_20240825 04,407.9951278828929
19_20240825 05,469.86436551292195
19_20240825 06,564.4831763058414
19_20240825 07,719.2028927962666
19_20240825 08,1277.123612706236
19_20240825 09,1899.2233523708483
19_20240825 10,2698.009419169117
19_20240825 11,2879.3876354026825
19_20240825 12,2883.7796197973544
19_20240825 13,2962.874988951092
19_20240825 14,2985.203763795611
19_20240825 15,2995.662350094982
19_20240825 16,2986.149130038783
19_20240825 17,2957.999252538899
19_20240825 18,2952.4340831041236
19_20240825 19,2913.205404266766
19_20240825 20,2523.574568422879
19_20240825 21,1037.6194148292236
19_20240825 22,749.9237832579603
19_20240825 23,591.9297273533994
19_20240826 00,466.26882491254463
19_20240826 01,405.0631791671243
19_20240826 02,393.3259570409316
19_20240826 03,389.1004341555377
19_20240826 04,392.3886868369575
19_20240826 05,447.3291777642211
19_20240826 06,538.9103581722493
19_20240826 07,698.8574120154905
19_20240826 08,1246.7627193161443
19_20240826 09,1885.9127397187992
19_20240826 10,2719.9629743660053
19_20240826 11,2830.073503003601
19_20240826 12,2837.46630149067
19_20240826 13,2790.7192686968992
19_20240826 14,2808.6265191915554
19_20240826 15,2778.5162542643648
19_20240826 16,2748.513180982821
19_20240826 17,2751.535928681977
19_20240826 18,2770.488769195884
19_20240826 19,2685.6598937378058
19_20240826 20,1780.6114419241126
19_20240826 21,927.6021668049087
19_20240826 22,730.6097701487103
19_20240826 23,575.1181478174008
19_20240827 00,482.92656165959295
19_20240827 01,423.99032254992323
19_20240827 02,401.80330004209964
19_20240827 03,395.2871391015177
19_20240827 04,403.71769154569665
19_20240827 05,467.9586716927536
19_20240827 06,560.7277610060148
19_20240827 07,707.6897618714478
19_20240827 08,1282.6401506911202
19_20240827 09,1858.1725890110056
19_20240827 10,2705.205554760703
19_20240827 11,2972.3570758388146
19_20240827 12,2945.103288845838
19_20240827 13,2897.0189045747793
19_20240827 14,2894.734085931248
19_20240827 15,2848.1116138664283
19_20240827 16,2838.181274596853
19_20240827 17,2878.698659128338
19_20240827 18,2879.4206696887345
19_20240827 19,2728.3649358167977
19_20240827 20,1854.7765298758175
19_20240827 21,927.2877614292088
19_20240827 22,734.130809033101
19_20240827 23,590.5129801674332
19_20240828 00,523.7761843134302
19_20240828 01,441.76497125988624
19_20240828 02,412.7658877437696
19_20240828 03,409.04762854100886
19_20240828 04,416.87561421660416
19_20240828 05,472.68749123266
19_20240828 06,558.4022515569072
19_20240828 07,687.13524205707
19_20240828 08,1279.2629975414577
19_20240828 09,1907.795294496452
19_20240828 10,2755.750599455113
19_20240828 11,3035.0506080083514
19_20240828 12,2982.6682745625944
19_20240828 13,2976.0316417065833
19_20240828 14,2974.223397742436
19_20240828 15,2943.661717340841
19_20240828 16,2878.497467756859
19_20240828 17,2868.8987435093704
19_20240828 18,2827.046451963941
19_20240828 19,2750.2984224862203
19_20240828 20,1791.167566669069
19_20240828 21,943.6232267190428
19_20240828 22,746.0063953995033
19_20240828 23,576.7389349612597
19_20240829 00,488.73184790933317
19_20240829 01,431.61238936801925
19_20240829 02,409.7803244795881
19_20240829 03,405.41112725569656
19_20240829 04,415.97912700769115
19_20240829 05,488.2570818034396
19_20240829 06,569.7706619487237
19_20240829 07,719.4503975764405
19_20240829 08,1258.8734957355446
19_20240829 09,1936.817978252286
19_20240829 10,2742.9693140473346
19_20240829 11,3011.586730368823
19_20240829 12,2945.2823015153735
19_20240829 13,2945.2499910891884
19_20240829 14,2928.882497198415
19_20240829 15,2886.440740211151
19_20240829 16,2879.4289860731074
19_20240829 17,2882.401620585273
19_20240829 18,2866.2296676911546
19_20240829 19,2751.265419858001
19_20240829 20,1899.3509903186364
19_20240829 21,1025.0265905159542
19_20240829 22,750.0518554643032
19_20240829 23,594.1978135357988
19_20240830 00,531.5806701606315
19_20240830 01,456.6463582607769
19_20240830 02,418.3024800617227
19_20240830 03,406.08267390712547
19_20240830 04,411.42701626906705
19_20240830 05,467.668229802314
19_20240830 06,581.6027051671331
19_20240830 07,698.259640645677
19_20240830 08,1260.7481069086903
19_20240830 09,1876.5033061882698
19_20240830 10,2688.8311685208228
19_20240830 11,2962.7583492008666
19_20240830 12,2934.384991152925
19_20240830 13,2940.1136200812916
19_20240830 14,2920.236732481124
19_20240830 15,2865.515889316301
19_20240830 16,2851.366342106343
19_20240830 17,2865.4395939798746
19_20240830 18,2839.292347882642
19_20240830 19,2801.4147737502017
19_20240830 20,2414.5573243044896
19_20240830 21,1028.054657418823
19_20240830 22,774.31633981934
19_20240830 23,594.4646780988733
19_20240831 00,510.7067863663873
19_20240831 01,435.35384236378343
19_20240831 02,398.8806122784032
19_20240831 03,392.0081290677183
19_20240831 04,405.9326190464689
19_20240831 05,453.5637096446495
19_20240831 06,527.1503990056744
19_20240831 07,667.4520597530912
19_20240831 08,1250.4717699907542
19_20240831 09,1803.3721791133921
19_20240831 10,2662.0239609201585
19_20240831 11,2961.8463259396326
19_20240831 12,2987.4595075471657
19_20240831 13,3004.1059628768858
19_20240831 14,3005.763643346042
19_20240831 15,3018.1680598352755
19_20240831 16,3000.8750330119187
19_20240831 17,3009.1887624849387
19_20240831 18,2906.2666952932636
19_20240831 19,2813.3296100758794
19_20240831 20,2394.9274362942306
19_20240831 21,1033.7698468082372
19_20240831 22,764.0939442175797
19_20240831 23,582.4968749131461
20_20240825 00,1795.5213545530573
20_20240825 01,1796.0140327970685
20_20240825 02,1798.3236166062693
20_20240825 03,1793.2507460195284
20_20240825 04,1794.4222224155826
20_20240825 05,1783.3754335250446
20_20240825 06,1780.5925596761529
20_20240825 07,1776.5659225721954
20_20240825 08,1780.1391146388473
20_20240825 09,1792.5302186277431
20_20240825 10,1791.9972792161057
20_20240825 11,1808.74108036925
20_20240825 12,1807.067030893598
20_20240825 13,1821.7043730774024
20_20240825 14,1828.7661307176138
20_20240825 15,1830.644399582453
20_20240825 16,1830.8968211169451
20_20240825 17,1840.6988970879518
20_20240825 18,1819.4117694920362
20_20240825 19,1799.67670387702
20_20240825 20,1794.2262467173055
20_20240825 21,1792.3769042137583
20_20240825 22,1792.5249820828342
20_20240825 23,1789.8695644878744
20_20240826 00,1798.1707859863964
20_20240826 01,1795.647276684947
20_20240826 02,1802.086434662397
20_20240826 03,1795.9845273039957
20_20240826 04,1793.0158842283108
20_20240826 05,1817.6784932638316
20_20240826 06,1991.7921278010094
20_20240826 07,2143.2228294152183
20_20240826 08,2212.632186792496
20_20240826 09,2336.945343088736
20_20240826 10,2363.449589651523
20_20240826 11,2350.141033120045
20_20240826 12,2352.357656659046
20_20240826 13,2348.296800235762
20_20240826 14,2366.560307050424
20_20240826 15,2329.6006279903568
20_20240826 16,2272.3143907270837
20_20240826 17,2215.662159145223
20_20240826 18,2029.3250979680447
20_20240826 19,1931.4017503461628
20_20240826 20,1902.415996259047
20_20240826 21,1874.6158268414101
20_20240826 22,1862.3307587997401
20_20240826 23,1841.3797562675356
20_20240827 00,1830.5937184969703
20_20240827 01,1821.1784885535694
20_20240827 02,1820.0092416072353
20_20240827 03,1815.4921675540847
20_20240827 04,1814.4550089128397
20_20240827 05,1824.5824012810472
20_20240827 06,1999.1905545854916
20_20240827 07,2174.5524862601646
20_20240827 08,2213.7981917758325
20_20240827 09,2329.844979979607
20_20240827 10,2335.827475012891
20_20240827 11,2338.794144647002
20_20240827 12,2341.065201525438
20_20240827 13,2344.16913602037
20_20240827 14,2341.5957608027848
20_20240827 15,2285.7262557374233
20_20240827 16,2232.9523762427784
20_20240827 17,2179.61293548015
20_20240827 18,1986.6422878593085
20_20240827 19,1915.9929979934673
20_20240827 20,1877.8229493184479
20_20240827 21,1871.1965276195954
20_20240827 22,1856.1530531235799
20_20240827 23,1848.4059249401594
20_20240828 00,1831.9472125806467
20_20240828 01,1822.8866948911002
20_20240828 02,1815.4059529976234
20_20240828 03,1817.044482425716
20_20240828 04,1816.0914773835902
20_20240828 05,1824.7091144045337
20_20240828 06,1965.323030287199
20_20240828 07,2114.811893105922
20_20240828 08,2173.1826708961403
20_20240828 09,2266.8938256313695
20_20240828 10,2262.9216916650703
20_20240828 11,2259.5571867027184
20_20240828 12,2273.5437941509326
20_20240828 13,2283.0341134392793
20_20240828 14,2327.2581053174786
20_20240828 15,2255.62397774999
20_20240828 16,2229.2510079692224
20_20240828 17,2197.888624496437
20_20240828 18,2009.7574141614045
20_20240828 19,1908.2424927773436
20_20240828 20,1868.636962475253
20_20240828 21,1865.4042687651386
20_20240828 22,1857.6075655046611
20_20240828 23,1847.8161075760368
20_20240829 00,1829.2226713425516
20_20240829 01,1822.5417557694673
20_20240829 02,1823.1266202021047
20_20240829 03,1821.9735361464234
20_20240829 04,1818.9088850267135
20_20240829 05,1819.794425315225
20_20240829 06,1994.8091012558702
20_20240829 07,2164.736241487939
20_20240829 08,2201.2109854262017
20_20240829 09,2301.4832535670266
20_20240829 10,2333.3272349891713
20_20240829 11,2326.667782214017
20_20240829 12,2332.183154551176
20_20240829 13,2342.14291484566
20_20240829 14,2342.574877234077
20_20240829 15,2306.827836980875
20_20240829 16,2241.391158351087
20_20240829 17,2200.3884901987776
20_20240829 18,2003.957401585624
20_20240829 19,1916.4357304258153
20_20240829 20,1865.5389490877997
20_20240829 21,1863.4924869420697
20_20240829 22,1851.4866962751169
20_20240829 23,1839.450927894276
20_20240830 00,1821.7294864189275
20_20240830 01,1816.1546253499425
20_20240830 02,1813.153404782306
20_20240830 03,1803.7776115113697
20_20240830 04,1804.537913096858
20_20240830 05,1819.1813171313888
20_20240830 06,1971.8826908873978
20_20240830 07,2116.269449407394
20_20240830 08,2166.0720612312753
20_20240830 09,2237.3258109695016
20_20240830 10,2310.0252649450795
20_20240830 11,2311.8676935172707
20_20240830 12,2312.126982463854
20_20240830 13,2313.2127194303152
20_20240830 14,2322.608243580188
20_20240830 15,2280.4768794310403
20_20240830 16,2221.822394608089
20_20240830 17,2189.8797079241654
20_20240830 18,1996.7118592388447
20_20240830 19,1898.2012238437478
20_20240830 20,1855.921201679368
20_20240830 21,1850.5214258715978
20_20240830 22,1844.4053330878596
20_20240830 23,1833.8716914133067
20_20240831 00,1815.1280355267281
20_20240831 01,1812.1362999462365
20_20240831 02,1810.367024041887
20_20240831 03,1807.0336083951202
20_20240831 04,1799.4500845773314
20_20240831 05,1799.4656614773949
20_20240831 06,1801.36828423916
20_20240831 07,1798.2482410580865
20_20240831 08,1802.22492198609
20_20240831 09,1808.486292042573
20_20240831 10,1814.6424484883594
20_20240831 11,1837.940912533847
20_20240831 12,1840.9273339232507
20_20240831 13,1840.4776283045442
20_20240831 14,1847.9075544649277
20_20240831 15,1846.7294999135413
20_20240831 16,1853.7263857238354
20_20240831 17,1854.7419626256215
20_20240831 18,1820.0848438224684
20_20240831 19,1803.1483993042789
20_20240831 20,1798.2576974608278
20_20240831 21,1797.2050654535508
20_20240831 22,1793.9854251651766
20_20240831 23,1791.1353709140983
21_20240825 00,2680.9520891308193
21_20240825 01,2665.967671647124
21_20240825 02,2660.192570615147
21_20240825 03,2662.6883901707724
21_20240825 04,2717.3035864375743
21_20240825 05,2749.987618514203
21_20240825 06,2796.9758171963585
21_20240825 07,2842.564238106086
21_20240825 08,2881.664374548347
21_20240825 09,2897.950779225701
21_20240825 10,2929.5740320991595
21_20240825 11,2953.777971418069
21_20240825 12,2948.136728433971
21_20240825 13,2945.725189173372
21_20240825 14,2929.3256544549067
21_20240825 15,2957.8193545986855
21_20240825 16,2968.23560417027
21_20240825 17,2984.058743563019
21_20240825 18,2960.1733845649646
21_20240825 19,2913.5815435351865
21_20240825 20,2877.2924232581604
21_20240825 21,2773.0010468944256
21_20240825 22,2734.30106832357
21_20240825 23,2755.814233632041
21_20240826 00,2754.8274441018366
21_20240826 01,2762.924632631343
21_20240826 02,2745.819044586392
21_20240826 03,2772.209699616048
21_20240826 04,2829.6485053147135
21_20240826 05,3018.993557778033
21_20240826 06,3171.094254014356
21_20240826 07,3419.2682530649918
21_20240826 08,3758.0211567039355
21_20240826 09,3809.9221405200497
21_20240826 10,3857.4795724814794
21_20240826 11,3856.667282647223
21_20240826 12,3831.896413375508
21_20240826 13,3798.985312010336
21_20240826 14,3823.7490976319386
21_20240826 15,3843.5930306380396
21_20240826 16,3812.539801883602
21_20240826 17,3578.287859383389
21_20240826 18,3233.6566373475607
21_20240826 19,3085.8705402678042
21_20240826 20,2993.452814139437
21_20240826 21,2886.4320720930755
21_20240826 22,2819.824438561855
21_20240826 23,2797.6754255507144
21_20240827 00,2800.1102900933047
21_20240827 01,2794.785106521914
21_20240827 02,2791.8119949966685
21_20240827 03,2809.3896764323727
21_20240827 04,2857.71288945538
21_20240827 05,3009.135232314588
21_20240827 06,3187.009605595961
21_20240827 07,3415.4352217026258
21_20240827 08,3744.505723865974
21_20240827 09,3793.797479679739
21_20240827 10,3825.2544348086626
21_20240827 11,3828.288240596017
21_20240827 12,3812.4277218976667
21_20240827 13,3800.2049452146357
21_20240827 14,3816.7290307553144
21_20240827 15,3787.164990366711
21_20240827 16,3750.8226764217798
21_20240827 17,3546.932252513443
21_20240827 18,3205.7403308378684
21_20240827 19,2997.4149135004727
21_20240827 20,2854.5347751671848
21_20240827 21,2767.818604924303
21_20240827 22,2759.1234921514397
21_20240827 23,2643.721615475318
21_20240828 00,2626.3673448711347
21_20240828 01,2615.4878804175014
21_20240828 02,2606.941369470865
21_20240828 03,2624.444400930168
21_20240828 04,2736.922835761338
21_20240828 05,2873.615988362751
21_20240828 06,3044.3255710387557
21_20240828 07,3319.4701185662757
21_20240828 08,3693.355167893052
21_20240828 09,3743.322820858777
21_20240828 10,3775.5727443495175
21_20240828 11,3795.4976905645053
21_20240828 12,3741.8330620172364
21_20240828 13,3768.664553233176
21_20240828 14,3783.2418178588828
21_20240828 15,3803.5463927267356
21_20240828 16,3752.2709480466974
21_20240828 17,3483.429461090289
21_20240828 18,3185.6063926825964
21_20240828 19,3000.9295050035525
21_20240828 20,2983.0638435266574
21_20240828 21,2862.098512320747
21_20240828 22,2801.0144986142373
21_20240828 23,2758.701579097068
21_20240829 00,2727.822166818878
21_20240829 01,2694.691612998678
21_20240829 02,2686.6889045578214
21_20240829 03,2671.637189332356
21_20240829 04,2814.058634411262
21_20240829 05,2986.375185413255
21_20240829 06,3149.2024621588894
21_20240829 07,3340.4707913568072
21_20240829 08,3723.3444792754585
21_20240829 09,3794.2804324814333
21_20240829 10,3843.3912369819627
21_20240829 11,3794.3868350934645
21_20240829 12,3767.5147122744197
21_20240829 13,3762.2283929936702
21_20240829 14,3797.2828827472836
21_20240829 15,3806.1706086411514
21_20240829 16,3757.48066279674
21_20240829 17,3532.1642108650612
21_20240829 18,3198.5197515796444
21_20240829 19,3073.9535944051186
21_20240829 20,2955.308269851067
21_20240829 21,2860.851746710257
21_20240829 22,2794.490153156806
21_20240829 23,2757.1716362815678
21_20240830 00,2743.1972186928924
21_20240830 01,2740.2308199578756
21_20240830 02,2728.6254860682784
21_20240830 03,2731.3047031826322
21_20240830 04,2806.1562940761346
21_20240830 05,2983.3194762960925
21_20240830 06,3148.316104015994
21_20240830 07,3351.7444662849284
21_20240830 08,3700.8205155833953
21_20240830 09,3771.84401943371
21_20240830 10,3798.886925002527
21_20240830 11,3810.0826271995315
21_20240830 12,3792.1478123024563
21_20240830 13,3771.302457552188
21_20240830 14,3798.083447359367
21_20240830 15,3808.245064863563
21_20240830 16,3777.6772473656606
21_20240830 17,3548.818865202621
21_20240830 18,3186.9795510100516
21_20240830 19,3039.6366196984263
21_20240830 20,2980.878805077733
21_20240830 21,2905.4876697074687
21_20240830 22,2816.7654877023156
21_20240830 23,2770.6362125039745
21_20240831 00,2719.914441626021
21_20240831 01,2690.7479931469034
21_20240831 02,2687.09693450132
21_20240831 03,2693.585560566465
21_20240831 04,2730.983017507874
21_20240831 05,2816.456330644878
21_20240831 06,2933.118700732328
21_20240831 07,3184.1794156491924
21_20240831 08,3325.807524176875
21_20240831 09,3333.435479314976
21_20240831 10,3369.640555220889
21_20240831 11,3357.9568978327193
21_20240831 12,3170.731122533004
21_20240831 13,2994.2621955488003
21_20240831 14,2948.1586804169333
21_20240831 15,2979.757948905857
21_20240831 16,2988.0176174240855
21_20240831 17,2966.696547149721
21_20240831 18,2905.9649868820616
21_20240831 19,2829.0111636190104
21_20240831 20,2783.6069712598373
21_20240831 21,2719.2798970056
21_20240831 22,2637.698905859974
21_20240831 23,2620.436470505029
22_20240825 00,1756.2786522118085
22_20240825 01,1726.4105189464226
22_20240825 02,1720.6727873819627
22_20240825 03,1707.9676002342012
22_20240825 04,1703.6841933489766
22_20240825 05,1691.0163055618357
22_20240825 06,1700.0125851825528
22_20240825 07,1731.9043172889162
22_20240825 08,1765.454986031608
22_20240825 09,1795.770413012803
22_20240825 10,1780.6527375943429
22_20240825 11,1819.304387588746
22_20240825 12,1870.6305064138555
22_20240825 13,1929.6991852460424
22_20240825 14,2070.865590646952
22_20240825 15,2165.9402467743785
22_20240825 16,2179.021131827174
22_20240825 17,2131.332450307261
22_20240825 18,2129.403638612016
22_20240825 19,2105.001742555115
22_20240825 20,2079.8490000620786
22_20240825 21,2028.9830009631528
22_20240825 22,1937.8068482376846
22_20240825 23,1832.920899265856
22_20240826 00,1806.1864687765653
22_20240826 01,1746.3836676755752
22_20240826 02,1720.5287894805288
22_20240826 03,1705.3121210188142
22_20240826 04,1704.4028033474556
22_20240826 05,1685.1475046106284
22_20240826 06,1690.7910973274243
22_20240826 07,1870.0053676950754
22_20240826 08,2363.181468689556
22_20240826 09,3092.966959379522
22_20240826 10,3471.000697376253
22_20240826 11,3429.98489954624
22_20240826 12,3376.6670244255756
22_20240826 13,3609.16540528706
22_20240826 14,3765.471825392081
22_20240826 15,3769.2681324160976
22_20240826 16,3641.268735617625
22_20240826 17,3180.0847367236274
22_20240826 18,2682.8964386752054
22_20240826 19,2472.8697551998803
22_20240826 20,2336.3514394154986
22_20240826 21,2207.8611841470893
22_20240826 22,2081.193274594444
22_20240826 23,1920.4619320062675
22_20240827 00,1844.7220863806015
22_20240827 01,1814.9954923586847
22_20240827 02,1788.9601138154494
22_20240827 03,1771.6358410584935
22_20240827 04,1743.1871474919212
22_20240827 05,1717.1627039068599
22_20240827 06,1747.4900938924434
22_20240827 07,1910.3964815247355
22_20240827 08,2337.249185369861
22_20240827 09,3013.682382492654
22_20240827 10,3190.0863033499254
22_20240827 11,3198.2808408991255
22_20240827 12,3284.672262719518
22_20240827 13,3570.299550920456
22_20240827 14,3651.481530434441
22_20240827 15,3301.1317827370694
22_20240827 16,3354.8944979436183
22_20240827 17,3153.73064601618
22_20240827 18,2653.3355835562106
22_20240827 19,2433.4243006505094
22_20240827 20,2308.6048418195437
22_20240827 21,2155.7450838775085
22_20240827 22,2079.712967142719
22_20240827 23,1822.825838176657
22_20240828 00,1779.0475799448288
22_20240828 01,1770.9724976896237
22_20240828 02,1731.9853684280802
22_20240828 03,1704.2451560344973
22_20240828 04,1703.3856361196063
22_20240828 05,1689.11688611081
22_20240828 06,1740.189334767299
22_20240828 07,1835.4314360906221
22_20240828 08,2269.72317750753
22_20240828 09,2941.552128525802
22_20240828 10,3122.8433609706667
22_20240828 11,3106.159665125338
22_20240828 12,3080.3299323224765
22_20240828 13,3350.591576445948
22_20240828 14,3339.4193073087536
22_20240828 15,3426.8941058120045
22_20240828 16,3338.376047740237
22_20240828 17,3071.6412556284995
22_20240828 18,2610.3378065361844
22_20240828 19,2373.8320848799394
22_20240828 20,2272.186969035369
22_20240828 21,2188.9736816950326
22_20240828 22,2090.654419590773
22_20240828 23,1931.5023436605848
22_20240829 00,1915.3157457621683
22_20240829 01,1832.0197666690776
22_20240829 02,1801.6047698302543
22_20240829 03,1785.4969555935938
22_20240829 04,1734.4734954624182
22_20240829 05,1710.2267606083105
22_20240829 06,1742.5247055783452
22_20240829 07,1911.7497331503637
22_20240829 08,2300.547545845293
22_20240829 09,2973.17792851007
22_20240829 10,3201.5560004463646
22_20240829 11,3175.2739455586284
22_20240829 12,3150.4158587979573
22_20240829 13,3366.948925454734
22_20240829 14,3468.1087826225057
22_20240829 15,3453.029976835528
22_20240829 16,3398.2226918718034
22_20240829 17,3129.695242348256
22_20240829 18,2681.3324573083546
22_20240829 19,2459.8816565411544
22_20240829 20,2307.3715840175805
22_20240829 21,2238.2853865135776
22_20240829 22,2080.1701309217688
22_20240829 23,1957.841139906821
22_20240830 00,1877.722396197553
22_20240830 01,1815.4244996763668
22_20240830 02,1788.436574577839
22_20240830 03,1782.287671736754
22_20240830 04,1748.7773387740253
22_20240830 05,1736.4588711548454
22_20240830 06,1768.8530778986678
22_20240830 07,1924.4713948595472
22_20240830 08,2272.2632075352226
22_20240830 09,2917.231999714268
22_20240830 10,3118.862289620328
22_20240830 11,3098.1548958008143
22_20240830 12,3067.10770673118
22_20240830 13,3269.345550617889
22_20240830 14,3407.259083329793
22_20240830 15,3378.013630500901
22_20240830 16,3311.7537328843446
22_20240830 17,2986.1002904050997
22_20240830 18,2526.156871154634
22_20240830 19,2232.939714956068
22_20240830 20,2173.0745592640656
22_20240830 21,2128.698942293786
22_20240830 22,1992.3610548629606
22_20240830 23,1851.3580501092501
22_20240831 00,1762.3628170918828
22_20240831 01,1727.6501849206704
22_20240831 02,1715.6560944009307
22_20240831 03,1717.814667528176
22_20240831 04,1673.5949478504235
22_20240831 05,1638.753819886338
22_20240831 06,1629.4349914733727
22_20240831 07,1688.5262525727453
22_20240831 08,1718.0857562201547
22_20240831 09,1781.971125520423
22_20240831 10,1890.5596386394573
22_20240831 11,1934.9944766630556
22_20240831 12,1980.8499895279087
22_20240831 13,2063.271372271389
22_20240831 14,2223.187560538385
22_20240831 15,2218.211855566241
22_20240831 16,2216.087613661062
22_20240831 17,2130.667257344142
22_20240831 18,2082.464029250904
22_20240831 19,2029.7308587959137
22_20240831 20,2003.0867631772844
22_20240831 21,1952.3873857855988
22_20240831 22,1822.2021853069218
22_20240831 23,1758.2144898854833
23_20240825 00,1605.0804930864601
23_20240825 01,1589.1797518726921
23_20240825 02,1561.2990455624854
23_20240825 03,1563.8966322758913
23_20240825 04,1557.6472641648836
23_20240825 05,1559.92077494484
23_20240825 06,1525.0357362808036
23_20240825 07,1502.933806253372
23_20240825 08,1424.0595117742505
23_20240825 09,1310.9606484156652
23_20240825 10,1300.8242874352763
23_20240825 11,1354.326759926324
23_20240825 12,1289.2386297894282
23_20240825 13,1291.6935445392294
23_20240825 14,1333.522694583427
23_20240825 15,1365.5287484514358
23_20240825 16,1465.2418415867542
23_20240825 17,1562.9789472736666
23_20240825 18,1619.7736495532624
23_20240825 19,1632.2608653094294
23_20240825 20,1675.2428375368372
23_20240825 21,1636.5689264282673
23_20240825 22,1610.1698416769862
23_20240825 23,1634.2838236811572
23_20240826 00,1761.8182161574039
23_20240826 01,1766.1122596710538
23_20240826 02,1764.2165051092852
23_20240826 03,1759.3226796019965
23_20240826 04,1764.554047716273
23_20240826 05,1762.5283069358354
23_20240826 06,1833.4140552210995
23_20240826 07,1982.7466378213803
23_20240826 08,2329.1853795542847
23_20240826 09,2867.0148512154433
23_20240826 10,3189.5382043633285
23_20240826 11,3523.078045971236
23_20240826 12,3962.658133657339
23_20240826 13,3919.662235648173
23_20240826 14,3937.564269941773
23_20240826 15,3810.0616021534597
23_20240826 16,3785.5926510427726
23_20240826 17,2996.1071393401126
23_20240826 18,2251.2371887577765
23_20240826 19,2069.0054271601175
23_20240826 20,1943.4412729173805
23_20240826 21,1774.6528260171026
23_20240826 22,1701.5537627616654
23_20240826 23,1739.1683051188033
23_20240827 00,1801.7946452136055
23_20240827 01,1797.996121632355
23_20240827 02,1788.4448273600435
23_20240827 03,1793.1444128603698
23_20240827 04,1792.4917653550722
23_20240827 05,1797.4629440580854
23_20240827 06,1826.7558256179786
23_20240827 07,1936.794050773593
23_20240827 08,2329.7313059512717
23_20240827 09,2921.1832008014353
23_20240827 10,3266.7766732908854
23_20240827 11,3457.750053022552
23_20240827 12,4036.734365918007
23_20240827 13,4089.925321084448
23_20240827 14,3911.9580975369145
23_20240827 15,3882.825812287728
23_20240827 16,3729.0676973405198
23_20240827 17,2816.859887901158
23_20240827 18,2081.1309423225603
23_20240827 19,1882.3946095273661
23_20240827 20,1813.448553544239
23_20240827 21,1760.0976703938784
23_20240827 22,1690.8143405803805
23_20240827 23,1714.7267676857512
23_20240828 00,1800.4828498692473
23_20240828 01,1802.4384536042305
23_20240828 02,1799.5167858928894
23_20240828 03,1792.7850205461732
23_20240828 04,1744.7187152301012
23_20240828 05,1752.9240078899497
23_20240828 06,1810.534774697526
23_20240828 07,1903.1506943544914
23_20240828 08,2276.813029457713
23_20240828 09,3188.2129467049326
23_20240828 10,3373.8270118036203
23_20240828 11,3422.8432759688353
23_20240828 12,3628.7635932380836
23_20240828 13,3555.5821156008024
23_20240828 14,3450.7047173422957
23_20240828 15,3202.475363862601
23_20240828 16,3241.0703239035597
23_20240828 17,2849.4968901378043
23_20240828 18,2198.77294015639
23_20240828 19,2095.278719324757
23_20240828 20,1987.184189952041
23_20240828 21,1660.3603904795764
23_20240828 22,1624.9617880343874
23_20240828 23,1629.3804906110865
23_20240829 00,1658.5030150622595
23_20240829 01,1646.443002747002
23_20240829 02,1654.0304586487255
23_20240829 03,1660.4713119561256
23_20240829 04,1650.453274466624
23_20240829 05,1648.3858431144395
23_20240829 06,1666.2799375600569
23_20240829 07,1785.7911993813484
23_20240829 08,2372.061894845513
23_20240829 09,3291.912576446468
23_20240829 10,3654.649568835255
23_20240829 11,3558.1164776082906
23_20240829 12,3833.455822849617
23_20240829 13,3764.7224214235466
23_20240829 14,3629.4958300131298
23_20240829 15,3623.897410145117
23_20240829 16,3361.3173379171117
23_20240829 17,2849.8071246914897
23_20240829 18,2242.992288680578
23_20240829 19,2103.8070529430743
23_20240829 20,1968.0910666120599
23_20240829 21,1721.6386012730738
23_20240829 22,1659.332923930367
23_20240829 23,1653.7507859064272
23_20240830 00,1665.8284880826886
23_20240830 01,1670.327289341036
23_20240830 02,1671.4215754283655
23_20240830 03,1670.4439307580697
23_20240830 04,1667.6892149070031
23_20240830 05,1662.7252807660668
23_20240830 06,1705.20321347345
23_20240830 07,1866.765644832463
23_20240830 08,2235.3539020225867
23_20240830 09,2569.8357480053737
23_20240830 10,2626.1133379444454
23_20240830 11,2810.1969631338907
23_20240830 12,3342.556524228493
23_20240830 13,2563.79169084161
23_20240830 14,2461.3668681211534
23_20240830 15,2423.49568149521
23_20240830 16,2276.9543059126217
23_20240830 17,2156.706583722188
23_20240830 18,1780.5637224696045
23_20240830 19,1660.021596294676
23_20240830 20,1714.940506453756
23_20240830 21,1609.3346253660898
23_20240830 22,1573.6436800386355
23_20240830 23,1572.8495955002709
23_20240831 00,1580.9316890471714
23_20240831 01,1572.3060180144923
23_20240831 02,1525.5767382049594
23_20240831 03,1504.990323891675
23_20240831 04,1499.9671115270248
23_20240831 05,1476.8954520890493
23_20240831 06,1448.6966238873474
23_20240831 07,1410.3408389887677
23_20240831 08,1389.9099743503357
23_20240831 09,1298.249532340952
23_20240831 10,1284.4830441503946
23_20240831 11,1261.3471131759202
23_20240831 12,1219.5862705252748
23_20240831 13,1214.7670551785918
23_20240831 14,1261.4990999171227
23_20240831 15,1380.8053899438705
23_20240831 16,1459.9274237506029
23_20240831 17,1548.1313326825143
23_20240831 18,1601.7535703747926
23_20240831 19,1597.9193436197802
23_20240831 20,1583.2234441878795
23_20240831 21,1566.0317858587846
23_20240831 22,1549.4989628488822
23_20240831 23,1546.723519805916
24_20240825 00,1190.285614530078
24_20240825 01,1155.8958208873141
24_20240825 02,1142.531497315812
24_20240825 03,1138.3595090631393
24_20240825 04,1121.1961996554999
24_20240825 05,1101.5400889001812
24_20240825 06,1094.509778125618
24_20240825 07,1075.3142611741293
24_20240825 08,1036.720877705504
24_20240825 09,1006.989042495094
24_20240825 10,887.365108429878
24_20240825 11,910.1481713136479
24_20240825 12,818.5768570236487
24_20240825 13,850.8375207727614
24_20240825 14,1034.5945940752704
24_20240825 15,1127.7709605394698
24_20240825 16,1240.8962563507812
24_20240825 17,1360.1941202008684
24_20240825 18,1353.917781876462
24_20240825 19,1373.028248211693
24_20240825 20,1374.6468846925234
24_20240825 21,1347.334447767276
24_20240825 22,1321.3721916095142
24_20240825 23,1282.531246646237
24_20240826 00,1231.0990812379803
24_20240826 01,1197.4323162229207
24_20240826 02,1159.914017494521
24_20240826 03,1147.5503143688775
24_20240826 04,1134.83214172318
24_20240826 05,1116.9988064775239
24_20240826 06,1104.1389630051817
24_20240826 07,1123.7767663714828
24_20240826 08,1303.7163887815161
24_20240826 09,1787.0189688273688
24_20240826 10,2008.5581141063071
24_20240826 11,2212.046274786928
24_20240826 12,2103.3519726566874
24_20240826 13,2190.8771375297083
24_20240826 14,2230.2777746312013
24_20240826 15,2320.0537910679623
24_20240826 16,2369.348811669796
24_20240826 17,2281.9862935987394
24_20240826 18,1919.1181955885445
24_20240826 19,1712.4802441482946
24_20240826 20,1635.956553077781
24_20240826 21,1518.1392881355328
24_20240826 22,1358.1516267458912
24_20240826 23,1292.5861626592791
24_20240827 00,1234.1953787305163
24_20240827 01,1201.0807955491468
24_20240827 02,1168.4147646971637
24_20240827 03,1148.4989440958202
24_20240827 04,1144.835950415738
24_20240827 05,1122.452049407689
24_20240827 06,1112.031432287055
24_20240827 07,1132.474391917232
24_20240827 08,1328.1708868181122
24_20240827 09,1798.6466878430294
24_20240827 10,2000.6460960034135
24_20240827 11,2039.907411438459
24_20240827 12,2020.2744589461881
24_20240827 13,2120.671632178387
24_20240827 14,2123.662104784449
24_20240827 15,2209.5799957387144
24_20240827 16,2185.9964935846856
24_20240827 17,2113.9475224899115
24_20240827 18,1788.4561970412046
24_20240827 19,1637.0480303876404
24_20240827 20,1554.051052943008
24_20240827 21,1450.5130520961657
24_20240827 22,1364.9621722787072
24_20240827 23,1291.1724922493104
24_20240828 00,1237.697326142361
24_20240828 01,1199.7754397324952
24_20240828 02,1172.958431585549
24_20240828 03,1146.2160972977586
24_20240828 04,1142.2973110200282
24_20240828 05,1115.3507008186161
24_20240828 06,1095.096139398163
24_20240828 07,1097.9037356481322
24_20240828 08,1254.6954124708109
24_20240828 09,1695.4176076619106
24_20240828 10,1853.943059329494
24_20240828 11,1906.3821863700077
24_20240828 12,1812.1053693481642
24_20240828 13,1954.6679991928327
24_20240828 14,1935.3361571199234
24_20240828 15,2052.004834653288
24_20240828 16,2125.087026341648
24_20240828 17,2097.134549487726
24_20240828 18,1779.6312902710386
24_20240828 19,1649.6466407933685
24_20240828 20,1567.65815714653
24_20240828 21,1460.0575127237855
24_20240828 22,1357.5075965145825
24_20240828 23,1292.1531740430737
24_20240829 00,1241.785114993676
24_20240829 01,1211.7335188723825
24_20240829 02,1191.8039518935611
24_20240829 03,1168.8153949814132
24_20240829 04,1145.6960989995832
24_20240829 05,1125.2405348908856
24_20240829 06,1102.9355600268555
24_20240829 07,1110.7155654488379
24_20240829 08,1252.947115521003
24_20240829 09,1610.6688833384183
24_20240829 10,1843.4169611401453
24_20240829 11,1889.3021925182431
24_20240829 12,1943.2646921200685
24_20240829 13,2157.0703838229815
24_20240829 14,2271.227141575263
24_20240829 15,2312.8580807520875
24_20240829 16,2164.331259897691
24_20240829 17,2254.421742268347
24_20240829 18,1750.7419182750582
24_20240829 19,1638.3830546298634
24_20240829 20,1565.964711779258
24_20240829 21,1474.6115055947284
24_20240829 22,1361.6812494943742
24_20240829 23,1294.0247846488385
24_20240830 00,1250.4019773115335
24_20240830 01,1223.6449467340324
24_20240830 02,1198.6831599881152
24_20240830 03,1179.9519916185827
24_20240830 04,1163.8401188942616
24_20240830 05,1129.3108879238116
24_20240830 06,1101.2828177826154
24_20240830 07,1109.2220275917923
24_20240830 08,1263.5833201304577
24_20240830 09,1620.7569976834357
24_20240830 10,1826.837767757787
24_20240830 11,1958.309150994076
24_20240830 12,1924.5461484289858
24_20240830 13,2081.66902777619
24_20240830 14,2112.100290581721
24_20240830 15,2202.5327688014713
24_20240830 16,2237.1355054701744
24_20240830 17,2130.140110233712
24_20240830 18,1790.2827612235628
24_20240830 19,1585.7231859833437
24_20240830 20,1429.101564124367
24_20240830 21,1398.89394537866
24_20240830 22,1298.8440833794318
24_20240830 23,1259.0602699382612
24_20240831 00,1211.095339984423
24_20240831 01,1169.5513173934146
24_20240831 02,1142.9119624521122
24_20240831 03,1133.55844223836
24_20240831 04,1121.7481322993108
24_20240831 05,1095.2993767182284
24_20240831 06,1066.0783134843084
24_20240831 07,1018.8215598317831
24_20240831 08,853.4882930978862
24_20240831 09,800.7316041014741
24_20240831 10,826.752868350914
24_20240831 11,796.643444958326
24_20240831 12,766.5810157566204
24_20240831 13,801.1377945948402
24_20240831 14,1002.7031095371647
24_20240831 15,1126.9194675381686
24_20240831 16,1244.0960447477787
24_20240831 17,1310.914694738074
24_20240831 18,1289.613554164841
24_20240831 19,1269.7640436793865
24_20240831 20,1291.415331114853
24_20240831 21,1281.9727266487553
24_20240831 22,1235.9372872562137
24_20240831 23,1208.5839247381364
25_20240825 00,1115.1001137407088
25_20240825 01,1080.2902921095401
25_20240825 02,992.0549870608534
25_20240825 03,971.6116755235806
25_20240825 04,930.9636762242667
25_20240825 05,936.9006538900521
25_20240825 06,952.0788660840005
25_20240825 07,1044.1968563332605
25_20240825 08,1258.5152062442048
25_20240825 09,1470.2209329211037
25_20240825 10,1586.6080392525146
25_20240825 11,1729.4879527327123
25_20240825 12,1809.2935085917836
25_20240825 13,1869.9026107752316
25_20240825 14,1887.3625147052478
25_20240825 15,1824.728966271617
25_20240825 16,1813.8002956930031
25_20240825 17,1961.5718457062892
25_20240825 18,1898.0013456485715
25_20240825 19,1978.874219525195
25_20240825 20,1969.9230639999166
25_20240825 21,1925.8026480266728
25_20240825 22,1799.401773741005
25_20240825 23,1475.9446330462456
25_20240826 00,1156.91297007183
25_20240826 01,1091.0086378044887
25_20240826 02,1027.7167827337116
25_20240826 03,970.9377152670071
25_20240826 04,907.9409141805763
25_20240826 05,907.8481887611254
25_20240826 06,925.5504558802039
25_20240826 07,1076.2747277285926
25_20240826 08,1196.7778050967054
25_20240826 09,1142.6460807923934
25_20240826 10,1156.8215801849838
25_20240826 11,1135.015484737524
25_20240826 12,1521.83962370385
25_20240826 13,1402.2359510959318
25_20240826 14,1373.4847860560526
25_20240826 15,1623.4041176887326
25_20240826 16,1673.6516892225704
25_20240826 17,1854.071104603486
25_20240826 18,2153.9314792674404
25_20240826 19,2273.022329647657
25_20240826 20,2182.8279168757044
25_20240826 21,1923.5931057618477
25_20240826 22,1812.8410217374426
25_20240826 23,1392.6963880387677
25_20240827 00,1162.1217237637431
25_20240827 01,1125.7672829489024
25_20240827 02,993.7656887162009
25_20240827 03,950.0701308314775
25_20240827 04,915.9494701002055
25_20240827 05,907.6296107010704
25_20240827 06,944.1746868615659
25_20240827 07,1126.794172230234
25_20240827 08,1181.9757145830715
25_20240827 09,1212.5099645807343
25_20240827 10,1199.027881785277
25_20240827 11,950.5556910757496
25_20240827 12,1046.1299603307211
25_20240827 13,1059.15240035848
25_20240827 14,1069.8487957327368
25_20240827 15,1072.530272347566
25_20240827 16,1245.8458053122704
25_20240827 17,1408.259880655798
25_20240827 18,1467.4522155447853
25_20240827 19,1555.129736436859
25_20240827 20,1585.6675487880289
25_20240827 21,1555.1332628702116
25_20240827 22,1514.4402656121683
25_20240827 23,1176.4446158389126
25_20240828 00,1047.2748686975915
25_20240828 01,988.5630292653952
25_20240828 02,895.3814141797991
25_20240828 03,865.6595917722635
25_20240828 04,810.6149804883354
25_20240828 05,810.4479363164056
25_20240828 06,891.4454270074098
25_20240828 07,995.5988629246443
25_20240828 08,1035.5581585727464
25_20240828 09,994.1235511907073
25_20240828 10,984.2569996752978
25_20240828 11,958.925292151657
25_20240828 12,993.592777974908
25_20240828 13,1075.2312210988875
25_20240828 14,1174.7116562453193
25_20240828 15,1351.8955265023876
25_20240828 16,1378.1491140132175
25_20240828 17,1530.6766538111242
25_20240828 18,1526.098763782903
25_20240828 19,1591.7376766435686
25_20240828 20,1841.4112586341926
25_20240828 21,1650.9943789595861
25_20240828 22,1713.4047497708893
25_20240828 23,1178.1248264707879
25_20240829 00,1028.6852672240495
25_20240829 01,976.8250355187265
25_20240829 02,886.6408992107381
25_20240829 03,857.4931945757631
25_20240829 04,830.9886837422087
25_20240829 05,819.8187762953199
25_20240829 06,888.3053676230011
25_20240829 07,1032.1384292227485
25_20240829 08,1087.393997661402
25_20240829 09,1261.3787057620025
25_20240829 10,1273.2466818056432
25_20240829 11,1211.504630789348
25_20240829 12,1297.6349328625715
25_20240829 13,1403.6844956209452
25_20240829 14,1393.0500203903828
25_20240829 15,1485.06583155217
25_20240829 16,1525.137835256564
25_20240829 17,1732.8707023123045
25_20240829 18,1947.1854407891776
25_20240829 19,2047.1154998689594
25_20240829 20,2050.4255036610093
25_20240829 21,1968.6997142082298
25_20240829 22,1689.2212204708258
25_20240829 23,1282.8801896205714
25_20240830 00,1024.0635725462246
25_20240830 01,1211.7247691180796
25_20240830 02,988.0963830666813
25_20240830 03,815.762743852554
25_20240830 04,777.3087530808066
25_20240830 05,773.7738034816288
25_20240830 06,884.9806417718412
25_20240830 07,1026.7862268060712
25_20240830 08,1188.5767278900134
25_20240830 09,1194.376905413741
25_20240830 10,1185.5489964702476
25_20240830 11,1142.3330730395242
25_20240830 12,1373.9352822701658
25_20240830 13,1396.5334673033876
25_20240830 14,1440.379502629317
25_20240830 15,1459.1949196653886
25_20240830 16,1568.030536472685
25_20240830 17,1783.5603554871577
25_20240830 18,1943.2907354704155
25_20240830 19,1846.0360307601675
25_20240830 20,1858.6867446877316
25_20240830 21,1859.0595733409311
25_20240830 22,1771.34230040176
25_20240830 23,1363.1532235932805
25_20240831 00,1027.4147501691841
25_20240831 01,943.3794783611634
25_20240831 02,869.5608168373819
25_20240831 03,839.4625265488569
25_20240831 04,803.4178809945404
25_20240831 05,787.4603989415085
25_20240831 06,785.8947991650125
25_20240831 07,930.1159142234909
25_20240831 08,1074.459836824845
25_20240831 09,1152.9524650649923
25_20240831 10,1387.5986591884198
25_20240831 11,1404.3731877077737
25_20240831 12,1450.5633157809757
25_20240831 13,1501.0814979870352
25_20240831 14,1490.7954082905387
25_20240831 15,1429.799474498668
25_20240831 16,1536.5971643195196
25_20240831 17,1517.0762623148003
25_20240831 18,1500.6048770542552
25_20240831 19,1821.8768408838287
25_20240831 20,1875.5826239120224
25_20240831 21,1816.530339664638
25_20240831 22,1731.1820093873312
25_20240831 23,1268.2131333858438
26_20240825 00,726.9456177367799
26_20240825 01,721.6455556507788
26_20240825 02,745.1854373481134
26_20240825 03,738.5621063641726
26_20240825 04,717.0033748013711
26_20240825 05,713.5913349499289
26_20240825 06,838.8524075552212
26_20240825 07,1239.9260667965773
26_20240825 08,2226.6466151655814
26_20240825 09,3341.693803445448
26_20240825 10,4073.9889090065158
26_20240825 11,3964.4590266113883
26_20240825 12,3989.5792956271994
26_20240825 13,4004.44365139995
26_20240825 14,4299.484537268812
26_20240825 15,4279.247831994731
26_20240825 16,3882.6784974233547
26_20240825 17,3461.773939690307
26_20240825 18,2329.572984514557
26_20240825 19,1591.9576611714658
26_20240825 20,1188.6919217705943
26_20240825 21,1009.2510308360448
26_20240825 22,872.7277451147417
26_20240825 23,749.8412417510531
26_20240826 00,715.4094844695445
26_20240826 01,707.4439817356969
26_20240826 02,727.5884400834242
26_20240826 03,718.6847345328348
26_20240826 04,702.1329559370627
26_20240826 05,706.0577485852318
26_20240826 06,816.3852251968331
26_20240826 07,1265.5735412331337
26_20240826 08,2128.9512031218687
26_20240826 09,2997.8514480044178
26_20240826 10,3369.993039699678
26_20240826 11,3390.0810894876377
26_20240826 12,3319.085287262663
26_20240826 13,3399.9488083230963
26_20240826 14,3484.3928749169754
26_20240826 15,3360.9447332086093
26_20240826 16,3109.630751048031
26_20240826 17,2763.588409890152
26_20240826 18,1837.633804619322
26_20240826 19,1284.6436500689556
26_20240826 20,1142.4272824912061
26_20240826 21,985.1336338322731
26_20240826 22,825.3489821641397
26_20240826 23,714.1324909773533
26_20240827 00,702.0235725744512
26_20240827 01,698.2288614564278
26_20240827 02,719.9226989426993
26_20240827 03,716.9019281508806
26_20240827 04,699.4947774855002
26_20240827 05,696.5277746019697
26_20240827 06,818.448662386987
26_20240827 07,1266.0169608801923
26_20240827 08,2112.259716943724
26_20240827 09,2898.568552156791
26_20240827 10,3375.0915251475453
26_20240827 11,3395.389225129993
26_20240827 12,3361.489032955373
26_20240827 13,3373.0382076087903
26_20240827 14,3431.228905437812
26_20240827 15,3364.07741090103
26_20240827 16,3052.7411747823257
26_20240827 17,2867.0620176311077
26_20240827 18,2017.4582883969333
26_20240827 19,1349.1132429067682
26_20240827 20,1201.745710951843
26_20240827 21,1047.4189977772248
26_20240827 22,848.8740612773208
26_20240827 23,733.6231262567337
26_20240828 00,696.4434586285302
26_20240828 01,688.3366169263043
26_20240828 02,715.5756138852521
26_20240828 03,719.4599559063649
26_20240828 04,696.3380227456005
26_20240828 05,708.1904074222457
26_20240828 06,810.8378363142032
26_20240828 07,1274.9919704593806
26_20240828 08,2160.5532045870755
26_20240828 09,3023.3271251611977
26_20240828 10,3426.44598554466
26_20240828 11,3489.493065908638
26_20240828 12,3476.7305938229956
26_20240828 13,3500.9732198495863
26_20240828 14,3653.501917805708
26_20240828 15,3597.202943145286
26_20240828 16,3408.5481772781327
26_20240828 17,2927.522749386079
26_20240828 18,2075.151078066315
26_20240828 19,1486.538824927178
26_20240828 20,1216.5865842817248
26_20240828 21,1059.9418862767025
26_20240828 22,857.4527814232008
26_20240828 23,720.4886599661289
26_20240829 00,711.2690277781365
26_20240829 01,708.3130575644772
26_20240829 02,741.1079134931191
26_20240829 03,739.2394159254991
26_20240829 04,710.9585301395214
26_20240829 05,749.6383223390282
26_20240829 06,911.9635289696369
26_20240829 07,1420.6502659110345
26_20240829 08,2263.288063253992
26_20240829 09,3309.656021473091
26_20240829 10,3699.6066330306426
26_20240829 11,3779.9161629176106
26_20240829 12,3689.4362377917705
26_20240829 13,3807.4718418805733
26_20240829 14,4099.539973425275
26_20240829 15,4022.1193924592717
26_20240829 16,3735.5709913858464
26_20240829 17,3472.102201153075
26_20240829 18,2414.4254213783443
26_20240829 19,1627.5182998038172
26_20240829 20,1246.017323385041
26_20240829 21,1063.2688352639836
26_20240829 22,876.6035856725309
26_20240829 23,746.6463542100137
26_20240830 00,715.7185696737979
26_20240830 01,717.4865908708388
26_20240830 02,744.5250672120139
26_20240830 03,735.0483846793462
26_20240830 04,713.6159307474961
26_20240830 05,730.06910287082
26_20240830 06,864.3057508834644
26_20240830 07,1400.8707045089845
26_20240830 08,2424.053933164242
26_20240830 09,3576.2491798608103
26_20240830 10,4065.418974581556
26_20240830 11,4212.980109334362
26_20240830 12,4205.101351566941
26_20240830 13,4284.2156136290105
26_20240830 14,4125.375525478085
26_20240830 15,4261.122457121771
26_20240830 16,3912.924803113122
26_20240830 17,3681.9201701891934
26_20240830 18,2447.2368304960046
26_20240830 19,1662.4078570469346
26_20240830 20,1315.3906619864615
26_20240830 21,1103.0370616053233
26_20240830 22,879.9700079004456
26_20240830 23,760.8943837481153
26_20240831 00,742.9140166736834
26_20240831 01,741.3327071894946
26_20240831 02,763.3474522699529
26_20240831 03,752.2055237238825
26_20240831 04,734.5496072884433
26_20240831 05,764.2258915985034
26_20240831 06,909.0725421229417
26_20240831 07,1361.7644234107565
26_20240831 08,2354.1903510724833
26_20240831 09,3409.511743310532
26_20240831 10,4123.762695070471
26_20240831 11,4350.7778980260655
26_20240831 12,4392.299398382704
26_20240831 13,4254.512730635611
26_20240831 14,4343.487697976725
26_20240831 15,4521.550220324009
26_20240831 16,4130.799716550908
26_20240831 17,3646.5714842930583
26_20240831 18,2486.1179623788653
26_20240831 19,1687.2939368583934
26_20240831 20,1313.0991033551218
26_20240831 21,1117.2695283933845
26_20240831 22,886.430971618023
26_20240831 23,753.9705960356096
27_20240825 00,547.0468274708563
27_20240825 01,429.9273149092156
27_20240825 02,431.9461518239517
27_20240825 03,434.6494841008912
27_20240825 04,437.8036913236492
27_20240825 05,438.8739602782765
27_20240825 06,469.34640651010045
27_20240825 07,487.43833830276776
27_20240825 08,503.6020383972268
27_20240825 09,535.1874494243696
27_20240825 10,585.0188193852734
27_20240825 11,561.4940477730494
27_20240825 12,561.0530884320077
27_20240825 13,580.3749361374005
27_20240825 14,584.2490338861109
27_20240825 15,588.0531878555342
27_20240825 16,564.8187048343675
27_20240825 17,567.5632920960236
27_20240825 18,537.4044352172599
27_20240825 19,529.7509073287667
27_20240825 20,541.1284428066135
27_20240825 21,542.5698562294417
27_20240825 22,524.4034267096946
27_20240825 23,510.12235820866584
27_20240826 00,521.7232713655634
27_20240826 01,432.5324425888572
27_20240826 02,435.9234972502025
27_20240826 03,440.9317883200353
27_20240826 04,443.53704289938
27_20240826 05,448.6749222734995
27_20240826 06,580.7363208083716
27_20240826 07,1228.176027397482
27_20240826 08,1600.6389855926545
27_20240826 09,1848.821242796705
27_20240826 10,2231.7787278350456
27_20240826 11,2316.939833813222
27_20240826 12,2321.975656091063
27_20240826 13,2316.5336579627897
27_20240826 14,2344.0307268495962
27_20240826 15,2351.223841128522
27_20240826 16,2324.0131447479253
27_20240826 17,2300.3538223673754
27_20240826 18,2272.734154593584
27_20240826 19,2112.72713492221
27_20240826 20,2063.3825658370633
27_20240826 21,1730.5732212071543
27_20240826 22,1015.4633518332053
27_20240826 23,765.9702934861054
27_20240827 00,559.5196321767339
27_20240827 01,436.6981084674339
27_20240827 02,438.4925740623398
27_20240827 03,442.04585003363593
27_20240827 04,443.7422075212858
27_20240827 05,450.1993272913907
27_20240827 06,581.2197877506308
27_20240827 07,1268.0744531725659
27_20240827 08,1577.1042934134284
27_20240827 09,1835.164579384004
27_20240827 10,2207.2704970324844
27_20240827 11,2245.555987071525
27_20240827 12,2271.8272938229547
27_20240827 13,2269.4982392044644
27_20240827 14,2291.3601273114527
27_20240827 15,2291.5228984032183
27_20240827 16,2259.256057348031
27_20240827 17,2264.299142364691
27_20240827 18,2195.43520542609
27_20240827 19,2107.823293587166
27_20240827 20,2019.2302736334868
27_20240827 21,1573.988567681783
27_20240827 22,987.9252148071596
27_20240827 23,774.2601335570798
27_20240828 00,563.4272751427175
27_20240828 01,446.2516214430618
27_20240828 02,445.2949912660306
27_20240828 03,446.13790264371653
27_20240828 04,445.72705767946394
27_20240828 05,443.4310896189806
27_20240828 06,564.1078926898922
27_20240828 07,1226.3976267519356
27_20240828 08,1576.5606985759757
27_20240828 09,1822.9565364393868
27_20240828 10,2219.33860394114
27_20240828 11,2276.0367144130337
27_20240828 12,2299.9752649824277
27_20240828 13,2339.3405407570135
27_20240828 14,2357.2053071768146
27_20240828 15,2355.261139494021
27_20240828 16,2325.9413117334025
27_20240828 17,2284.9429835494584
27_20240828 18,2240.875686009369
27_20240828 19,2160.4713400764067
27_20240828 20,2104.5973152377605
27_20240828 21,1657.9395340177805
27_20240828 22,1000.685536659741
27_20240828 23,778.510987405326
27_20240829 00,554.0656504635198
27_20240829 01,462.94040050551365
27_20240829 02,473.9066227843283
27_20240829 03,466.9466919010158
27_20240829 04,467.2636869834447
27_20240829 05,453.3112213864067
27_20240829 06,565.2068537475577
27_20240829 07,1245.4216236639277
27_20240829 08,1577.5612333022673
27_20240829 09,1822.9440834981397
27_20240829 10,2188.9791945847164
27_20240829 11,2258.456237045543
27_20240829 12,2305.1712464268408
27_20240829 13,2302.8471297121905
27_20240829 14,2317.3900124412376
27_20240829 15,2317.538187143742
27_20240829 16,2291.857600030272
27_20240829 17,2253.378269881555
27_20240829 18,2231.6848879616564
27_20240829 19,2184.766594912478
27_20240829 20,2085.282568016354
27_20240829 21,1716.1301847773962
27_20240829 22,1015.9943642581447
27_20240829 23,773.9965103038836
27_20240830 00,564.8228792791589
27_20240830 01,454.9847071274901
27_20240830 02,455.6975684093459
27_20240830 03,459.02236091851523
27_20240830 04,467.8897082515085
27_20240830 05,452.66871937422775
27_20240830 06,568.9145865404622
27_20240830 07,1238.1748507717775
27_20240830 08,1579.34037296959
27_20240830 09,1832.9780715938327
27_20240830 10,2221.51281440016
27_20240830 11,2266.8894475970164
27_20240830 12,2291.0040264749427
27_20240830 13,2295.5029762677045
27_20240830 14,2363.5920039407356
27_20240830 15,2379.6418001066763
27_20240830 16,2330.546257690684
27_20240830 17,2262.0416464687087
27_20240830 18,2228.1286178726687
27_20240830 19,2185.534149305053
27_20240830 20,2071.098198858361
27_20240830 21,1650.1615611074833
27_20240830 22,973.9763303665702
27_20240830 23,776.7872553573077
27_20240831 00,560.2227239840488
27_20240831 01,440.45999679057957
27_20240831 02,439.2968856820384
27_20240831 03,439.9268384855385
27_20240831 04,438.0341885273085
27_20240831 05,439.7313269859844
27_20240831 06,565.7565011208615
27_20240831 07,1221.4742481840472
27_20240831 08,1534.943833969131
27_20240831 09,1784.7660972718534
27_20240831 10,2196.472935319607
27_20240831 11,2221.3521363834097
27_20240831 12,2300.0222005200085
27_20240831 13,2312.0963499748163
27_20240831 14,2326.720351417578
27_20240831 15,2346.7804383857347
27_20240831 16,2304.965613382722
27_20240831 17,2262.244976262631
27_20240831 18,2233.40893515228
27_20240831 19,2145.3651539905313
27_20240831 20,2070.7979797088406
27_20240831 21,1812.6789881027864
27_20240831 22,1048.3338687417536
27_20240831 23,764.1594342534479
28_20240825 00,710.3349827749549
28_20240825 01,666.0358293145791
28_20240825 02,625.7430994555891
28_20240825 03,603.8556293182207
28_20240825 04,604.6965872100911
28_20240825 05,634.1304783982345
28_20240825 06,758.7990865829865
28_20240825 07,871.0083787447048
28_20240825 08,915.8312940948017
28_20240825 09,967.6844525368817
28_20240825 10,1026.9465188416343
28_20240825 11,1012.3153928370734
28_20240825 12,1044.848500273004
28_20240825 13,1029.297107443303
28_20240825 14,1050.982482870065
28_20240825 15,1059.6245104930886
28_20240825 16,1092.6035076256326
28_20240825 17,1079.5891681042053
28_20240825 18,1077.6989517473007
28_20240825 19,1064.717980801862
28_20240825 20,1035.8147750846488
28_20240825 21,964.6889668743145
28_20240825 22,893.3883947013788
28_20240825 23,836.796062533991
28_20240826 00,700.9112348721686
28_20240826 01,661.4344740242917
28_20240826 02,622.8084072138685
28_20240826 03,607.0221992652807
28_20240826 04,607.9169214270246
28_20240826 05,637.9286515528024
28_20240826 06,745.9915116267579
28_20240826 07,841.2668145859673
28_20240826 08,906.3478998020244
28_20240826 09,951.5951168857279
28_20240826 10,1020.0869727629217
28_20240826 11,1013.3347944364143
28_20240826 12,1007.8291708545723
28_20240826 13,1011.0425747840643
28_20240826 14,1027.526057242104
28_20240826 15,1044.5929601328426
28_20240826 16,1079.5098675831682
28_20240826 17,1089.3072747280964
28_20240826 18,1084.8482194002995
28_20240826 19,1039.445123922898
28_20240826 20,1001.1972305749766
28_20240826 21,943.0875789013679
28_20240826 22,866.5511463177279
28_20240826 23,813.2672501536322
28_20240827 00,685.5468095084059
28_20240827 01,623.1666709234579
28_20240827 02,567.0289511043426
28_20240827 03,561.2875183090997
28_20240827 04,568.3555750019357
28_20240827 05,618.8306624500112
28_20240827 06,763.2006366835641
28_20240827 07,830.2223066732768
28_20240827 08,908.855792095742
28_20240827 09,954.9656157791671
28_20240827 10,997.65237033129
28_20240827 11,998.294366173076
28_20240827 12,993.211341632988
28_20240827 13,997.2798374948859
28_20240827 14,996.499693874345
28_20240827 15,1011.6599389863806
28_20240827 16,1024.9483240063714
28_20240827 17,1037.5752510976477
28_20240827 18,1048.566704792789
28_20240827 19,1032.906614449509
28_20240827 20,1004.7314804249313
28_20240827 21,946.347308802117
28_20240827 22,849.2382675589779
28_20240827 23,790.8578511412193
28_20240828 00,677.9704006236698
28_20240828 01,580.8488490660814
28_20240828 02,522.7227247530359
28_20240828 03,509.3931696825524
28_20240828 04,525.1289583145699
28_20240828 05,613.5746521198691
28_20240828 06,733.8707121335112
28_20240828 07,808.5989156297296
28_20240828 08,900.6189922947719
28_20240828 09,948.5361855555126
28_20240828 10,1003.5392684783378
28_20240828 11,996.8358165684743
28_20240828 12,998.3211142045814
28_20240828 13,1000.3731705763176
28_20240828 14,1020.9012117263924
28_20240828 15,1056.5717609240119
28_20240828 16,1092.6789339217194
28_20240828 17,1068.6821555591844
28_20240828 18,1068.099102667688
28_20240828 19,1051.5469961475346
28_20240828 20,1037.0230988856442
28_20240828 21,970.5104022679091
28_20240828 22,882.0255090054172
28_20240828 23,815.4918529785613
28_20240829 00,682.2285446906081
28_20240829 01,607.3204819387887
28_20240829 02,570.7814521133175
28_20240829 03,558.3184208339039
28_20240829 04,561.2200176450269
28_20240829 05,606.5082228864294
28_20240829 06,751.7157854151158
28_20240829 07,855.7674192893364
28_20240829 08,910.3878748513134
28_20240829 09,948.2877918652691
28_20240829 10,1006.4651750859898
28_20240829 11,1006.1236413874387
28_20240829 12,1001.75248727714
28_20240829 13,1002.8933569105764
28_20240829 14,1013.5187984694173
28_20240829 15,1022.5592031308902
28_20240829 16,1038.8323961223823
28_20240829 17,1057.8597481239194
28_20240829 18,1062.5884777788215
28_20240829 19,1060.1810975367248
28_20240829 20,1039.9243681384614
28_20240829 21,979.8220593624819
28_20240829 22,930.6059437411429
28_20240829 23,832.7030887590059
28_20240830 00,713.8456767687959
28_20240830 01,629.626106257072
28_20240830 02,581.9964151318138
28_20240830 03,571.4172912280088
28_20240830 04,575.2147751250097
28_20240830 05,624.9841628855842
28_20240830 06,775.091476292193
28_20240830 07,864.4065710199227
28_20240830 08,925.3358430186638
28_20240830 09,957.4522477194253
28_20240830 10,1005.242857651986
28_20240830 11,998.0168571296641
28_20240830 12,998.1299991310053
28_20240830 13,1003.9466447626652
28_20240830 14,1021.3568321921384
28_20240830 15,1055.685595495472
28_20240830 16,1062.205170352761
28_20240830 17,1079.7049053368523
28_20240830 18,1084.0610995734173
28_20240830 19,1068.4198977419646
28_20240830 20,1044.3989221207405
28_20240830 21,985.5675758162863
28_20240830 22,920.334924986121
28_20240830 23,825.1730808148737
28_20240831 00,698.0470179176701
28_20240831 01,638.3219973744121
28_20240831 02,588.3463223066217
28_20240831 03,575.3280631316552
28_20240831 04,581.3437995100232
28_20240831 05,633.9958174823229
28_20240831 06,759.1811319309076
28_20240831 07,830.2438501668219
28_20240831 08,903.9631022770924
28_20240831 09,958.716728163595
28_20240831 10,1018.8231709354322
28_20240831 11,1025.492870145785
28_20240831 12,1022.421109973481
28_20240831 13,1062.0606892916378
28_20240831 14,1032.4164320014943
28_20240831 15,1041.0708836423544
28_20240831 16,1061.0744595162487
28_20240831 17,1090.3094636801636
28_20240831 18,1090.646833178082
28_20240831 19,1079.739916815105
28_20240831 20,1060.9225958932484
28_20240831 21,993.2906181168066
28_20240831 22,920.627963884377
28_20240831 23,813.0163523508013
29_20240825 00,512.9628474171421
29_20240825 01,495.3304997453513
29_20240825 02,486.80956869357226
29_20240825 03,491.43257929429006
29_20240825 04,491.6794854295339
29_20240825 05,481.9259481586272
29_20240825 06,480.11781554546997
29_20240825 07,496.4068861553196
29_20240825 08,532.9706297809936
29_20240825 09,537.3174796965045
29_20240825 10,556.7929567832787
29_20240825 11,574.5174572978624
29_20240825 12,597.8979363833266
29_20240825 13,596.2806842139894
29_20240825 14,572.5563077954266
29_20240825 15,581.9917104416106
29_20240825 16,553.3889060959408
29_20240825 17,535.1372458810556
29_20240825 18,532.0103141787986
29_20240825 19,530.8881315440406
29_20240825 20,523.9000406525829
29_20240825 21,517.5353357163501
29_20240825 22,490.5697496371145
29_20240825 23,491.96690261665566
29_20240826 00,517.0055317432864
29_20240826 01,501.95479617049904
29_20240826 02,489.24597988960824
29_20240826 03,500.775387678798
29_20240826 04,499.4542825156895
29_20240826 05,495.027313719004
29_20240826 06,536.3640343263374
29_20240826 07,657.5424491985466
29_20240826 08,852.3541565640434
29_20240826 09,1138.82797566616
29_20240826 10,1559.6944648762733
29_20240826 11,1579.2683862262254
29_20240826 12,1594.6288483389176
29_20240826 13,1572.2328713300933
29_20240826 14,1545.6870648471026
29_20240826 15,1553.4955348403435
29_20240826 16,1534.911487649878
29_20240826 17,1498.9829441915795
29_20240826 18,1462.1702508688581
29_20240826 19,1421.863965613205
29_20240826 20,1369.4128108665282
29_20240826 21,1285.5964211584435
29_20240826 22,945.162191444392
29_20240826 23,657.479533852636
29_20240827 00,519.2438339812701
29_20240827 01,507.69399137458015
29_20240827 02,497.7661576119114
29_20240827 03,506.04707006344427
29_20240827 04,508.2765978310828
29_20240827 05,499.28774246747014
29_20240827 06,540.4376797546295
29_20240827 07,658.8115477862741
29_20240827 08,853.4600391928975
29_20240827 09,1077.7719299921482
29_20240827 10,1550.5958546213142
29_20240827 11,1556.8633558195963
29_20240827 12,1568.0592095362763
29_20240827 13,1549.046283173153
29_20240827 14,1515.0764051108795
29_20240827 15,1520.471165449801
29_20240827 16,1500.0900919652531
29_20240827 17,1475.0952567454583
29_20240827 18,1424.454685349457
29_20240827 19,1423.6396947250068
29_20240827 20,1372.8671711108072
29_20240827 21,1286.6477561517
29_20240827 22,952.1823583163102
29_20240827 23,656.300602373494
29_20240828 00,508.72473231985134
29_20240828 01,494.06245306402525
29_20240828 02,482.8289573056052
29_20240828 03,490.9960103984206
29_20240828 04,492.56233377670077
29_20240828 05,489.9430596364674
29_20240828 06,541.2448246356389
29_20240828 07,657.244603866328
29_20240828 08,844.9431235298639
29_20240828 09,1109.7427369691377
29_20240828 10,1534.4717687739424
29_20240828 11,1553.5493199482623
29_20240828 12,1575.9998160706905
29_20240828 13,1572.6967035689836
29_20240828 14,1540.1553129666286
29_20240828 15,1558.1581956309385
29_20240828 16,1546.699858348488
29_20240828 17,1499.8226441493116
29_20240828 18,1469.6428159630473
29_20240828 19,1456.2550817454307
29_20240828 20,1388.8097497819963
29_20240828 21,1285.1031328257384
29_20240828 22,948.6516273240833
29_20240828 23,659.8746593376931
29_20240829 00,517.0402609653793
29_20240829 01,495.5540928976977
29_20240829 02,485.707539382761
29_20240829 03,493.49268174028947
29_20240829 04,492.1665674043654
29_20240829 05,489.5277032556912
29_20240829 06,541.2822237358504
29_20240829 07,656.770565677152
29_20240829 08,850.5468556210212
29_20240829 09,1139.9921150900882
29_20240829 10,1543.15739736724
29_20240829 11,1556.2506998478275
29_20240829 12,1591.6719259781696
29_20240829 13,1578.1750404438162
29_20240829 14,1558.155892613572
29_20240829 15,1569.6102719612504
29_20240829 16,1560.6946164171893
29_20240829 17,1515.0760203114137
29_20240829 18,1471.881696597629
29_20240829 19,1457.3962831684814
29_20240829 20,1374.1766009643923
29_20240829 21,1290.1085022410055
29_20240829 22,951.357574272397
29_20240829 23,660.4612319198625
29_20240830 00,518.4750539473018
29_20240830 01,499.5441974564077
29_20240830 02,487.21815318484676
29_20240830 03,491.77787540926187
29_20240830 04,495.26176171253843
29_20240830 05,491.6807904548361
29_20240830 06,543.7689063022015
29_20240830 07,661.129768885884
29_20240830 08,860.1471932032705
29_20240830 09,1157.8272024465837
29_20240830 10,1559.602804683363
29_20240830 11,1579.5557402347372
29_20240830 12,1615.8011484095719
29_20240830 13,1585.8904608486387
29_20240830 14,1554.1837207560632
29_20240830 15,1566.0122333992801
29_20240830 16,1562.5666115088934
29_20240830 17,1518.8299242683995
29_20240830 18,1447.2759262697607
29_20240830 19,1424.7145595704285
29_20240830 20,1379.8199903802638
29_20240830 21,1277.6588023550098
29_20240830 22,959.1242730207025
29_20240830 23,653.592798947512
29_20240831 00,511.9070291787651
29_20240831 01,498.89668206931736
29_20240831 02,483.8881601692935
29_20240831 03,490.91210174840154
29_20240831 04,492.3152297687461
29_20240831 05,492.213584746593
29_20240831 06,560.4841324900453
29_20240831 07,683.1706421277127
29_20240831 08,859.6808643047468
29_20240831 09,1116.9724748039878
29_20240831 10,1579.9649436001891
29_20240831 11,1594.2989626084707
29_20240831 12,1615.482212724722
29_20240831 13,1636.5453366356323
29_20240831 14,1629.211517408711
29_20240831 15,1682.462641414213
29_20240831 16,1642.429011233034
29_20240831 17,1588.1905808698473
29_20240831 18,1497.9285517099604
29_20240831 19,1470.0771443288104
29_20240831 20,1406.5369155510807
29_20240831 21,1303.579282189233
29_20240831 22,964.2519349870047
29_20240831 23,653.4625985049978
30_20240825 00,9988.332534746405
30_20240825 01,9977.96376538248
30_20240825 02,9976.677840455814
30_20240825 03,9971.535806809788
30_20240825 04,9961.072789503725
30_20240825 05,9953.262520781038
30_20240825 06,9941.239505710822
30_20240825 07,9941.234428853619
30_20240825 08,9972.644718261196
30_20240825 09,9979.447609462637
30_20240825 10,10012.059729980383
30_20240825 11,10036.442318155288
30_20240825 12,10040.084649145516
30_20240825 13,10044.928489357564
30_20240825 14,10052.435018295171
30_20240825 15,10050.01457479526
30_20240825 16,10051.043142854924
30_20240825 17,10017.579972409254
30_20240825 18,10027.932388500023
30_20240825 19,10004.461694469956
30_20240825 20,10006.35369373848
30_20240825 21,10002.207195912533
30_20240825 22,9998.771758250869
30_20240825 23,9980.916253236377
30_20240826 00,9979.304479399127
30_20240826 01,9979.136084011638
30_20240826 02,9977.216673594128
30_20240826 03,9973.60277753991
30_20240826 04,9964.876048644175
30_20240826 05,9957.688095594498
30_20240826 06,9953.47500637178
30_20240826 07,9952.90204681892
30_20240826 08,9962.781309820617
30_20240826 09,10011.853159931816
30_20240826 10,10032.128086130557
30_20240826 11,10041.004895833881
30_20240826 12,10068.255023006272
30_20240826 13,10052.206235511043
30_20240826 14,10076.62644900613
30_20240826 15,10079.41695345924
30_20240826 16,10084.754264728894
30_20240826 17,10051.857038712771
30_20240826 18,10032.480321843821
30_20240826 19,10014.57831188944
30_20240826 20,10026.175294653553
30_20240826 21,10021.678128118425
30_20240826 22,10001.104286517482
30_20240826 23,9989.167440735617
30_20240827 00,9990.497428695726
30_20240827 01,9990.120241460721
30_20240827 02,9992.468840369196
30_20240827 03,9988.631870823687
30_20240827 04,9958.342201084834
30_20240827 05,9926.205910572377
30_20240827 06,9942.111093864112
30_20240827 07,9944.261393352503
30_20240827 08,9958.201850706771
30_20240827 09,9980.747052732619
30_20240827 10,10000.319696154582
30_20240827 11,9996.956307275876
30_20240827 12,9993.603123126639
30_20240827 13,10030.240176150757
30_20240827 14,10033.11502898475
30_20240827 15,10066.196638930296
30_20240827 16,10054.415751982338
30_20240827 17,10053.410337913869
30_20240827 18,10042.684877628422
30_20240827 19,10028.168930321996
30_20240827 20,10013.094273084873
30_20240827 21,10008.427008341525
30_20240827 22,9987.801466452886
30_20240827 23,9980.734252130704
30_20240828 00,9984.295291112929
30_20240828 01,9985.51188021921
30_20240828 02,9988.570068296362
30_20240828 03,9973.999600593186
30_20240828 04,9959.225142722644
30_20240828 05,9946.543423896463
30_20240828 06,9941.007591278452
30_20240828 07,9934.360416414238
30_20240828 08,9976.354056353775
30_20240828 09,9999.008573265872
30_20240828 10,10048.563275674243
30_20240828 11,10051.200160106751
30_20240828 12,10055.588443114413
30_20240828 13,10052.986898408062
30_20240828 14,10078.30927044466
30_20240828 15,10089.046613572838
30_20240828 16,10100.161432537643
30_20240828 17,10064.969822963303
30_20240828 18,10045.274021661855
30_20240828 19,10033.397575246865
30_20240828 20,10023.379814864154
30_20240828 21,10019.468071529443
30_20240828 22,10008.115323277409
30_20240828 23,9967.943868009097
30_20240829 00,9987.692237382827
30_20240829 01,9981.892295575819
30_20240829 02,9979.514064594692
30_20240829 03,9977.6139101754
30_20240829 04,9967.49477699607
30_20240829 05,9959.76518482158
30_20240829 06,9954.753774106448
30_20240829 07,9955.589128995283
30_20240829 08,9968.567214318613
30_20240829 09,10002.875415284654
30_20240829 10,10005.741153233499
30_20240829 11,10020.703907386382
30_20240829 12,10026.062216566674
30_20240829 13,10048.698702301597
30_20240829 14,10064.922744394238
30_20240829 15,10068.198153203171
30_20240829 16,10079.625497787722
30_20240829 17,10079.290287983142
30_20240829 18,10036.425351398822
30_20240829 19,10016.103920247708
30_20240829 20,10014.928799066522
30_20240829 21,10002.800866043228
30_20240829 22,9982.34507692053
30_20240829 23,9979.964232329887
30_20240830 00,9977.754011691872
30_20240830 01,9976.58652025316
30_20240830 02,9974.366205580885
30_20240830 03,9970.071991218625
30_20240830 04,9961.094157612039
30_20240830 05,9952.07512416939
30_20240830 06,9943.612747728706
30_20240830 07,9942.325276874682
30_20240830 08,9962.374850402011
30_20240830 09,9995.203877619693
30_20240830 10,10017.132614500162
30_20240830 11,10018.051791255119
30_20240830 12,10033.698230805332
30_20240830 13,10032.625637032674
30_20240830 14,10053.626825612308
30_20240830 15,10050.464929402835
30_20240830 16,10063.012889459966
30_20240830 17,10035.235384389758
30_20240830 18,10028.149222391814
30_20240830 19,10010.825746431476
30_20240830 20,10001.847701618208
30_20240830 21,9996.67065678684
30_20240830 22,9993.550582074728
30_20240830 23,9983.176645598436
30_20240831 00,9980.393255828661
30_20240831 01,9979.630884699474
30_20240831 02,9977.333973576868
30_20240831 03,9975.926030827895
30_20240831 04,9964.620976220667
30_20240831 05,9956.533421426915
30_20240831 06,9947.353801911484
30_20240831 07,9945.352125523797
30_20240831 08,9958.167730101919
30_20240831 09,9975.236528030666
30_20240831 10,10000.515364886956
30_20240831 11,10004.329193223273
30_20240831 12,10006.205607886335
30_20240831 13,10013.154094709977
30_20240831 14,10018.191620552963
30_20240831 15,10028.99935387349
30_20240831 16,10026.338805503423
30_20240831 17,10011.552897292211
30_20240831 18,10001.512599402402
30_20240831 19,9550.850132931471
30_20240831 20,9856.231387862255
30_20240831 21,10000.63525286833
30_20240831 22,9983.642515812253
30_20240831 23,9985.106230904468
31_20240825 00,874.0553265861741
31_20240825 01,764.3019080276317
31_20240825 02,677.113294002658
31_20240825 03,632.5141090632093
31_20240825 04,600.9093375433434
31_20240825 05,590.3482819713589
31_20240825 06,612.6394574428707
31_20240825 07,682.5159463411727
31_20240825 08,884.6426377973779
31_20240825 09,1001.0625582505018
31_20240825 10,1093.3660507180334
31_20240825 11,1137.1189438987903
31_20240825 12,1143.616666339553
31_20240825 13,1134.1018323037651
31_20240825 14,1121.12431018076
31_20240825 15,1130.219608113624
31_20240825 16,1090.8175499751635
31_20240825 17,1110.2266349593456
31_20240825 18,1160.8849847429435
31_20240825 19,1228.7022989576924
31_20240825 20,1192.795234960096
31_20240825 21,1144.5165745153831
31_20240825 22,1125.0267944181853
31_20240825 23,1004.5461946807748
31_20240826 00,847.8747097132846
31_20240826 01,735.6665664940067
31_20240826 02,676.6425382808221
31_20240826 03,630.8619097925507
31_20240826 04,609.5342631894032
31_20240826 05,602.4483161830254
31_20240826 06,641.5709182067959
31_20240826 07,751.8609072473563
31_20240826 08,910.0810289976037
31_20240826 09,974.0657926914507
31_20240826 10,954.5358199317401
31_20240826 11,990.6642613100894
31_20240826 12,1029.9170265274925
31_20240826 13,1042.6113972454164
31_20240826 14,1038.380696689969
31_20240826 15,1048.6518542954402
31_20240826 16,1025.6137584681633
31_20240826 17,1060.5627471883508
31_20240826 18,1137.1575113607362
31_20240826 19,1215.238584997189
31_20240826 20,1192.4284505837995
31_20240826 21,1145.3879993599844
31_20240826 22,1118.4341762410231
31_20240826 23,1009.509008622269
31_20240827 00,851.2962244031515
31_20240827 01,737.1772869209874
31_20240827 02,668.250664531495
31_20240827 03,622.9115579073973
31_20240827 04,602.1203492192385
31_20240827 05,592.5124783960878
31_20240827 06,637.0163344952634
31_20240827 07,734.7611547509991
31_20240827 08,891.9633743310787
31_20240827 09,886.5038901578746
31_20240827 10,872.6022854473435
31_20240827 11,885.4333535194728
31_20240827 12,881.369823527152
31_20240827 13,907.215826744107
31_20240827 14,946.5406828865634
31_20240827 15,998.1591416967846
31_20240827 16,1001.9738626973074
31_20240827 17,1089.6503546244733
31_20240827 18,1163.5551063751934
31_20240827 19,1213.8156665374386
31_20240827 20,1197.5888500054427
31_20240827 21,1157.7678374991779
31_20240827 22,1122.309870180461
31_20240827 23,975.0943006805874
31_20240828 00,803.3216741810293
31_20240828 01,716.234723742783
31_20240828 02,656.3406921422782
31_20240828 03,614.637990090748
31_20240828 04,595.0787539916043
31_20240828 05,587.2441151009343
31_20240828 06,614.0775168137737
31_20240828 07,715.5082033542724
31_20240828 08,896.2863014657688
31_20240828 09,922.7360923200229
31_20240828 10,930.4783098808012
31_20240828 11,958.1613676662334
31_20240828 12,994.1859258047994
31_20240828 13,1031.6368247625162
31_20240828 14,1044.4682354149966
31_20240828 15,1090.0211576669221
31_20240828 16,1076.0542395586322
31_20240828 17,1115.0696247496467
31_20240828 18,1168.396479479876
31_20240828 19,1245.7852433750081
31_20240828 20,1205.6955508909627
31_20240828 21,1185.7701199867163
31_20240828 22,1150.3794434973408
31_20240828 23,1044.2224581377507
31_20240829 00,859.4023361316417
31_20240829 01,736.5767097034056
31_20240829 02,669.9331552552926
31_20240829 03,628.2033521364582
31_20240829 04,613.242851900199
31_20240829 05,600.2491470965597
31_20240829 06,628.8750943329117
31_20240829 07,722.5778300433576
31_20240829 08,895.2184274763646
31_20240829 09,952.2270772389595
31_20240829 10,946.2743142347385
31_20240829 11,1006.8093653898984
31_20240829 12,1052.548485636057
31_20240829 13,1056.0225172739488
31_20240829 14,1054.4365444439873
31_20240829 15,1093.0300315969162
31_20240829 16,1074.8372431553094
31_20240829 17,1099.8199338944019
31_20240829 18,1148.5841005387194
31_20240829 19,1234.521026523109
31_20240829 20,1181.6095690205989
31_20240829 21,1148.511069599524
31_20240829 22,1134.157186681722
31_20240829 23,1016.819262469208
31_20240830 00,843.8902096266636
31_20240830 01,717.9344867545948
31_20240830 02,655.9131991879681
31_20240830 03,621.9170367958615
31_20240830 04,595.377307816933
31_20240830 05,591.7088391605897
31_20240830 06,623.4336356491394
31_20240830 07,722.4646087664041
31_20240830 08,939.17800334055
31_20240830 09,994.2487722428571
31_20240830 10,1018.442779048311
31_20240830 11,1038.213571097423
31_20240830 12,1057.5280728367109
31_20240830 13,1057.4998768113842
31_20240830 14,1062.5961174134552
31_20240830 15,1083.5516775963063
31_20240830 16,1073.341086124833
31_20240830 17,1095.2032934167646
31_20240830 18,1141.7200687270922
31_20240830 19,1196.247182292541
31_20240830 20,1158.4470723246334
31_20240830 21,1121.7676655474902
31_20240830 22,1116.4416278308254
31_20240830 23,968.0268154251787
31_20240831 00,832.5996370092108
31_20240831 01,734.5641068839791
31_20240831 02,664.2322360661572
31_20240831 03,624.156467156159
31_20240831 04,585.052395444658
31_20240831 05,569.2527073351289
31_20240831 06,591.6415960723159
31_20240831 07,673.720379515378
31_20240831 08,873.0552406591873
31_20240831 09,907.0241732926056
31_20240831 10,990.238842036583
31_20240831 11,1035.6700562864503
31_20240831 12,1054.8079972223975
31_20240831 13,1108.4630677875493
31_20240831 14,1096.7634817180206
31_20240831 15,1108.5927234120686
31_20240831 16,1084.2877313720346
31_20240831 17,1087.7424632982907
31_20240831 18,1150.6340587635186
31_20240831 19,1198.080845854145
31_20240831 20,1158.142334511929
31_20240831 21,1133.1589209555966
31_20240831 22,1113.7761474325957
31_20240831 23,973.8602958836992
32_20240825 00,699.8779654806676
32_20240825 01,518.7494383462634
32_20240825 02,513.8856072679382
32_20240825 03,507.66413749217395
32_20240825 04,514.2275858992037
32_20240825 05,549.4553484585624
32_20240825 06,576.5473424227371
32_20240825 07,780.0709767215748
32_20240825 08,930.5586344849942
32_20240825 09,1970.0533967204344
32_20240825 10,2424.7359221207494
32_20240825 11,2635.004651826749
32_20240825 12,2645.262244592639
32_20240825 13,2734.5308561742077
32_20240825 14,2780.427264563855
32_20240825 15,2794.0085818755565
32_20240825 16,2755.5228232949776
32_20240825 17,2654.365980590377
32_20240825 18,2537.6665154204884
32_20240825 19,2403.9838368420856
32_20240825 20,2310.177577042383
32_20240825 21,2152.770210406885
32_20240825 22,1313.8043626964973
32_20240825 23,955.1158268250873
32_20240826 00,622.649659660468
32_20240826 01,504.6380738098899
32_20240826 02,502.7883747887744
32_20240826 03,501.12852011292716
32_20240826 04,498.6036682599068
32_20240826 05,503.0334967733727
32_20240826 06,503.4810090570704
32_20240826 07,504.6417197464963
32_20240826 08,496.2951463503672
32_20240826 09,504.63754696346547
32_20240826 10,545.707463793459
32_20240826 11,539.9332641217535
32_20240826 12,521.6539622729376
32_20240826 13,544.1943235413248
32_20240826 14,546.6750230798898
32_20240826 15,529.2913178487904
32_20240826 16,520.5554063252036
32_20240826 17,527.33376257179
32_20240826 18,531.7452622238375
32_20240826 19,522.1172025890236
32_20240826 20,528.7190262543131
32_20240826 21,535.5153338721923
32_20240826 22,533.1306104318486
32_20240826 23,527.4538657430667
32_20240827 00,618.5601887797835
32_20240827 01,503.7778560236476
32_20240827 02,506.21684549147517
32_20240827 03,499.70355593676123
32_20240827 04,501.4448876092051
32_20240827 05,542.0885084895315
32_20240827 06,567.0570793042436
32_20240827 07,761.950043712875
32_20240827 08,969.8988390903896
32_20240827 09,1739.8216751803482
32_20240827 10,2395.55823494254
32_20240827 11,2565.2994689119187
32_20240827 12,2566.22712625323
32_20240827 13,2579.6440695749216
32_20240827 14,2555.0541991904256
32_20240827 15,2568.6816909765653
32_20240827 16,2569.8428041256384
32_20240827 17,2522.8849400728254
32_20240827 18,2435.583088017136
32_20240827 19,2333.904695108933
32_20240827 20,2233.261859440754
32_20240827 21,2080.512369765477
32_20240827 22,1317.5273896983886
32_20240827 23,892.6771436911182
32_20240828 00,623.1728663459535
32_20240828 01,489.0134867171239
32_20240828 02,488.78245003370387
32_20240828 03,487.46906015849567
32_20240828 04,494.59751588158827
32_20240828 05,535.9364118671683
32_20240828 06,547.7703946779905
32_20240828 07,726.1911062490384
32_20240828 08,941.9829459564148
32_20240828 09,1791.4687340020432
32_20240828 10,2363.383450153945
32_20240828 11,2528.011748010646
32_20240828 12,2536.4747461091747
32_20240828 13,2543.5436314450876
32_20240828 14,2565.3437910876696
32_20240828 15,2580.1881695796283
32_20240828 16,2574.679177570471
32_20240828 17,2528.7413834509202
32_20240828 18,2444.3321295926153
32_20240828 19,2348.462142371345
32_20240828 20,2240.5339582328347
32_20240828 21,2096.8559695284534
32_20240828 22,1322.344754074941
32_20240828 23,922.6434321770421
32_20240829 00,656.6380216906811
32_20240829 01,495.8712595605709
32_20240829 02,500.58791862617636
32_20240829 03,491.36400925440734
32_20240829 04,506.4368787853
32_20240829 05,543.1215135072853
32_20240829 06,564.4280916575691
32_20240829 07,727.7394225708831
32_20240829 08,967.2073111189281
32_20240829 09,1751.654614857802
32_20240829 10,2363.705236869606
32_20240829 11,2540.5195962455155
32_20240829 12,2549.522991788715
32_20240829 13,2547.8475301653116
32_20240829 14,2559.23765986503
32_20240829 15,2564.726050218582
32_20240829 16,2545.9323420180745
32_20240829 17,2529.5007682510495
32_20240829 18,2443.37359348187
32_20240829 19,2354.186586602606
32_20240829 20,2245.3754857183458
32_20240829 21,2044.4983263153874
32_20240829 22,1238.2639437061546
32_20240829 23,932.3023538916141
32_20240830 00,683.1220810734286
32_20240830 01,512.8704072645885
32_20240830 02,511.0519975469901
32_20240830 03,511.72528434935833
32_20240830 04,512.681886494305
32_20240830 05,549.1440301599632
32_20240830 06,577.6824923848424
32_20240830 07,772.8274121592387
32_20240830 08,991.7388708455517
32_20240830 09,1778.513826424398
32_20240830 10,2363.627949658267
32_20240830 11,2503.5453803755936
32_20240830 12,2508.8673118457864
32_20240830 13,2545.3083529722326
32_20240830 14,2571.5354206901256
32_20240830 15,2598.807304930648
32_20240830 16,2574.519674869358
32_20240830 17,2552.135947203258
32_20240830 18,2485.8993353965598
32_20240830 19,2388.939812417906
32_20240830 20,2262.5206207662623
32_20240830 21,2036.7981329994398
32_20240830 22,1328.0025363179261
32_20240830 23,920.1303162973657
32_20240831 00,662.804726594127
32_20240831 01,507.3457157033324
32_20240831 02,500.37608835120784
32_20240831 03,501.716379144151
32_20240831 04,505.1579975972127
32_20240831 05,545.3188025521403
32_20240831 06,551.5947943453991
32_20240831 07,762.9916147264553
32_20240831 08,1006.6848570255445
32_20240831 09,1918.2515021106376
32_20240831 10,2428.9835414846334
32_20240831 11,2601.4212469305007
32_20240831 12,2611.365431141042
32_20240831 13,2691.226983613355
32_20240831 14,2733.2238798461326
32_20240831 15,2749.1723958661123
32_20240831 16,2710.1698602832957
32_20240831 17,2649.276980115836
32_20240831 18,2567.771525982462
32_20240831 19,2430.225779564474
32_20240831 20,2289.793383176984
32_20240831 21,2037.4510591602384
32_20240831 22,1277.2393183677991
32_20240831 23,899.8716395242313
33_20240825 00,502.86453255659603
33_20240825 01,526.900669750516
33_20240825 02,520.4310574018571
33_20240825 03,538.4534485440183
33_20240825 04,872.4027951570462
33_20240825 05,618.0277758808384
33_20240825 06,709.7155028659832
33_20240825 07,1492.1350148446477
33_20240825 08,2054.0042495531397
33_20240825 09,2650.7031406999295
33_20240825 10,2794.3408870432604
33_20240825 11,2947.7898182282734
33_20240825 12,2931.910860817602
33_20240825 13,2907.683671222396
33_20240825 14,2888.120107397084
33_20240825 15,2835.0407587907416
33_20240825 16,2891.1969958156433
33_20240825 17,1913.9768252505708
33_20240825 18,1490.3884962286454
33_20240825 19,1272.255297326261
33_20240825 20,1245.6345509101004
33_20240825 21,778.3823331965918
33_20240825 22,540.7024623079167
33_20240825 23,996.420457341811
33_20240826 00,572.3196826495501
33_20240826 01,577.0292113912271
33_20240826 02,547.8790005436872
33_20240826 03,536.3413767652892
33_20240826 04,864.5527496019781
33_20240826 05,649.5983504561409
33_20240826 06,682.1618734499725
33_20240826 07,2006.0017493412731
33_20240826 08,3139.623338853994
33_20240826 09,3151.1682364369644
33_20240826 10,3043.8098683827407
33_20240826 11,3100.696935730905
33_20240826 12,3215.268053890003
33_20240826 13,3228.4315504200345
33_20240826 14,3204.9930802587005
33_20240826 15,3169.4116209531603
33_20240826 16,3131.3638467385526
33_20240826 17,2899.09750348565
33_20240826 18,1600.442715213932
33_20240826 19,1321.558648553499
33_20240826 20,1119.0421019349915
33_20240826 21,754.3315983439007
33_20240826 22,533.956440592216
33_20240826 23,1075.0577972387919
33_20240827 00,1040.5830748158485
33_20240827 01,1024.278177604819
33_20240827 02,990.0302863325701
33_20240827 03,969.3861450448455
33_20240827 04,1050.7540301347078
33_20240827 05,621.6900550772283
33_20240827 06,663.4627442552403
33_20240827 07,1422.3149048561181
33_20240827 08,2832.3477867371143
33_20240827 09,3085.0898459714585
33_20240827 10,3144.4120924923664
33_20240827 11,3164.8412329357557
33_20240827 12,3286.8536611064897
33_20240827 13,3283.187616363383
33_20240827 14,3192.167012658844
33_20240827 15,3206.3636753239753
33_20240827 16,3165.4549555382755
33_20240827 17,2895.518129103844
33_20240827 18,1583.865315691992
33_20240827 19,1251.993317308889
33_20240827 20,1154.9955745274349
33_20240827 21,752.5802346204442
33_20240827 22,537.9004107665178
33_20240827 23,1045.6213505975304
33_20240828 00,1037.217344532481
33_20240828 01,1044.1874128311238
33_20240828 02,1027.6237296558052
33_20240828 03,980.2034197181549
33_20240828 04,1166.1395735840447
33_20240828 05,665.5091169856914
33_20240828 06,649.682144123226
33_20240828 07,2102.00339188087
33_20240828 08,3164.192782324388
33_20240828 09,3167.193477103654
33_20240828 10,3144.4337552957068
33_20240828 11,3126.351809159849
33_20240828 12,3145.4595773504143
33_20240828 13,3138.2136874017865
33_20240828 14,3090.806474503614
33_20240828 15,3186.429344924529
33_20240828 16,3217.7986507105124
33_20240828 17,3230.6698058211305
33_20240828 18,2898.6092310393483
33_20240828 19,2634.941566522987
33_20240828 20,2424.993369644678
33_20240828 21,1063.1082187268732
33_20240828 22,559.6585643110031
33_20240828 23,1081.831721432192
33_20240829 00,1090.7887633640044
33_20240829 01,1088.1418299381426
33_20240829 02,1042.3809597956486
33_20240829 03,1042.919359146052
33_20240829 04,1152.4714164811412
33_20240829 05,663.9219334799014
33_20240829 06,635.6950347354871
33_20240829 07,1847.18578658331
33_20240829 08,3074.254617014085
33_20240829 09,3163.3257920239753
33_20240829 10,3151.897682935052
33_20240829 11,3147.5838527334436
33_20240829 12,3248.359738882059
33_20240829 13,3180.8192073175546
33_20240829 14,3164.3505391868343
33_20240829 15,3110.1513584557288
33_20240829 16,3114.6473939884354
33_20240829 17,2991.8046267646496
33_20240829 18,1313.9803531461
33_20240829 19,1376.1548641401203
33_20240829 20,1190.699666935196
33_20240829 21,771.412581413424
33_20240829 22,535.2594037619665
33_20240829 23,1087.19945289826
33_20240830 00,1573.7715591399583
33_20240830 01,1102.8447970919344
33_20240830 02,1087.8082757102486
33_20240830 03,1026.3223411593601
33_20240830 04,1065.987658668166
33_20240830 05,660.7026801800026
33_20240830 06,655.6991006038415
33_20240830 07,1945.1448566092488
33_20240830 08,3152.942133245486
33_20240830 09,3172.6108565779045
33_20240830 10,3193.221251725494
33_20240830 11,3166.101477268072
33_20240830 12,3228.5007034511273
33_20240830 13,3221.082225856482
33_20240830 14,3105.0914843812575
33_20240830 15,3106.1103149699466
33_20240830 16,3088.0807005077913
33_20240830 17,2820.228511546621
33_20240830 18,1569.6852755283476
33_20240830 19,1329.2191080838725
33_20240830 20,1095.686131135417
33_20240830 21,725.3803679798266
33_20240830 22,524.1483716407882
33_20240830 23,972.2947620020592
33_20240831 00,586.2786902640863
33_20240831 01,577.4586273769708
33_20240831 02,563.3171816679346
33_20240831 03,633.7141401384583
33_20240831 04,983.5087945209423
33_20240831 05,626.7519720095626
33_20240831 06,663.7090099349023
33_20240831 07,1519.084998777163
33_20240831 08,2309.586992568013
33_20240831 09,2771.5323595791087
33_20240831 10,3019.0422394461234
33_20240831 11,3107.9564983015907
33_20240831 12,3211.047759624761
33_20240831 13,3138.9505154414155
33_20240831 14,3103.8248837449382
33_20240831 15,3136.976844163354
33_20240831 16,3132.840173040604
33_20240831 17,3071.2051137815633
33_20240831 18,2611.882768936906
33_20240831 19,2577.177301813011
33_20240831 20,2144.7109642773894
33_20240831 21,1056.6606042090016
33_20240831 22,532.8141369394982
33_20240831 23,952.8421486958123
34_20240825 00,5193.937589414758
34_20240825 01,4635.183706542934
34_20240825 02,4501.905141201364
34_20240825 03,4355.100720032391
34_20240825 04,4418.186728662733
34_20240825 05,4936.216473426322
34_20240825 06,5638.27124448009
34_20240825 07,6462.325219979786
34_20240825 08,7475.16487585094
34_20240825 09,10126.068564001336
34_20240825 10,15037.82920669405
34_20240825 11,15580.63213440491
34_20240825 12,16079.886484934628
34_20240825 13,16244.537491381032
34_20240825 14,16295.226509320062
34_20240825 15,16214.850789907781
34_20240825 16,16268.685255220977
34_20240825 17,16232.34841284298
34_20240825 18,16307.21452909062
34_20240825 19,15953.057393237217
34_20240825 20,14673.538253628687
34_20240825 21,10719.304744311767
34_20240825 22,7768.471199083304
34_20240825 23,6231.046476320274
34_20240826 00,5304.954461244228
34_20240826 01,4846.938134497093
34_20240826 02,4645.735466298225
34_20240826 03,4462.469926810949
34_20240826 04,4334.687254187111
34_20240826 05,4938.1690595762175
34_20240826 06,5853.565429168064
34_20240826 07,7271.161687899297
34_20240826 08,8845.772799536904
34_20240826 09,11167.24256278417
34_20240826 10,15939.969817192865
34_20240826 11,16631.978032255975
34_20240826 12,16366.466482280546
34_20240826 13,16424.826025042108
34_20240826 14,16410.777689936174
34_20240826 15,16248.14799610802
34_20240826 16,16193.6894241716
34_20240826 17,16229.65199534873
34_20240826 18,16060.267025249002
34_20240826 19,15236.190184499212
34_20240826 20,14005.34491511844
34_20240826 21,10431.081123035683
34_20240826 22,7923.255261345492
34_20240826 23,6333.692090818747
34_20240827 00,5239.324694811585
34_20240827 01,4695.412765324689
34_20240827 02,4548.52052570066
34_20240827 03,4322.522263913999
34_20240827 04,4378.385881385738
34_20240827 05,4947.760602630115
34_20240827 06,5757.966834933572
34_20240827 07,6834.2313784875105
34_20240827 08,8131.997246522147
34_20240827 09,10322.520451813158
34_20240827 10,14858.723726116657
34_20240827 11,15704.580973869253
34_20240827 12,15820.239084425952
34_20240827 13,15892.032950344861
34_20240827 14,15879.565700597646
34_20240827 15,15869.707294566042
34_20240827 16,15829.312669198145
34_20240827 17,15936.98022674549
34_20240827 18,15654.332539581217
34_20240827 19,15180.978048566501
34_20240827 20,13388.80273172589
34_20240827 21,9667.038534560164
34_20240827 22,7655.823412270525
34_20240827 23,6187.210404051776
34_20240828 00,5184.042461505005
34_20240828 01,4651.282299646782
34_20240828 02,4496.61598522201
34_20240828 03,4309.444149103485
34_20240828 04,4369.490142183404
34_20240828 05,4878.2981089760315
34_20240828 06,5727.2869529491545
34_20240828 07,6735.122224587349
34_20240828 08,8148.878986529675
34_20240828 09,10307.297411426636
34_20240828 10,15182.53950092465
34_20240828 11,15962.346849101983
34_20240828 12,16015.38022790387
34_20240828 13,16349.371902837038
34_20240828 14,16406.163000590797
34_20240828 15,16328.341759025687
34_20240828 16,16254.580257638592
34_20240828 17,16306.400388177462
34_20240828 18,16316.260818769664
34_20240828 19,15493.220652055812
34_20240828 20,13902.004394185558
34_20240828 21,10540.49265255475
34_20240828 22,8030.098770743784
34_20240828 23,6336.457297907777
34_20240829 00,5206.65760820211
34_20240829 01,4594.160368707062
34_20240829 02,4465.352750433345
34_20240829 03,4273.8651084531875
34_20240829 04,4296.162454365889
34_20240829 05,4820.947214318263
34_20240829 06,5673.386162304427
34_20240829 07,6746.175653618114
34_20240829 08,8044.422056227793
34_20240829 09,10088.650377253436
34_20240829 10,15110.540396911321
34_20240829 11,16040.952998876746
34_20240829 12,16266.287426219795
34_20240829 13,16561.191569469054
34_20240829 14,16585.12087837411
34_20240829 15,16492.775306639356
34_20240829 16,16439.87251089209
34_20240829 17,16377.14456082552
34_20240829 18,16335.022133748615
34_20240829 19,15487.778191050009
34_20240829 20,13903.53752554067
34_20240829 21,10449.484403355109
34_20240829 22,8044.394669885729
34_20240829 23,6296.20549704907
34_20240830 00,5243.998626462708
34_20240830 01,4630.4434907709865
34_20240830 02,4464.820337879975
34_20240830 03,4258.724729726573
34_20240830 04,4337.540575072955
34_20240830 05,4816.959914057947
34_20240830 06,5745.09796844607
34_20240830 07,6820.631113013422
34_20240830 08,8057.72002578274
34_20240830 09,10449.597190947696
34_20240830 10,15269.62915432341
34_20240830 11,16091.429670785772
34_20240830 12,16288.045993940334
34_20240830 13,16514.63548141178
34_20240830 14,16560.210150739797
34_20240830 15,16459.053946450673
34_20240830 16,16385.744846880145
34_20240830 17,16338.500441755219
34_20240830 18,16133.269056565621
34_20240830 19,15663.862561414166
34_20240830 20,14088.34096824092
34_20240830 21,10986.115328646196
34_20240830 22,8043.893371824071
34_20240830 23,6336.433132191662
34_20240831 00,5261.140676262743
34_20240831 01,4647.860524356089
34_20240831 02,4505.143146171293
34_20240831 03,4305.405706801969
34_20240831 04,4367.4109477204365
34_20240831 05,4851.20448771645
34_20240831 06,5525.613765592938
34_20240831 07,6272.581057833323
34_20240831 08,6996.620138643919
34_20240831 09,9666.15752366905
34_20240831 10,14209.36736189203
34_20240831 11,15165.660101987094
34_20240831 12,15576.673194135088
34_20240831 13,15918.203576768865
34_20240831 14,15958.191654107935
34_20240831 15,15923.527851835297
34_20240831 16,15868.840615194662
34_20240831 17,15902.893929435511
34_20240831 18,15940.155867512913
34_20240831 19,15481.319860213007
34_20240831 20,14132.629980858026
34_20240831 21,11215.611788753355
34_20240831 22,8137.534738251552
34_20240831 23,6370.055472357015
35_20240825 00,9496.221257647008
35_20240825 01,9466.401792128298
35_20240825 02,9442.896147843334
35_20240825 03,9428.353404358055
35_20240825 04,9418.218285135617
35_20240825 05,9410.12780402691
35_20240825 06,9398.138673261099
35_20240825 07,9410.922361783383
35_20240825 08,9458.319169495226
35_20240825 09,9496.157792043792
35_20240825 10,9509.136398855233
35_20240825 11,9523.248561969584
35_20240825 12,9549.269043343143
35_20240825 13,9563.703776386721
35_20240825 14,9560.80382700694
35_20240825 15,9580.917612309553
35_20240825 16,9604.464194572267
35_20240825 17,9580.528105532623
35_20240825 18,9559.048274540335
35_20240825 19,9533.282921876424
35_20240825 20,9526.547155793927
35_20240825 21,9516.892809037321
35_20240825 22,9515.180069580278
35_20240825 23,9521.390476459503
35_20240826 00,9527.439613874452
35_20240826 01,9484.678956780721
35_20240826 02,9471.526175396659
35_20240826 03,9456.32305884525
35_20240826 04,9419.36402534195
35_20240826 05,9404.918113799678
35_20240826 06,9392.476555871042
35_20240826 07,9409.71269465057
35_20240826 08,9491.879685438103
35_20240826 09,9534.758278963734
35_20240826 10,9552.378506544947
35_20240826 11,9566.242558218899
35_20240826 12,9563.2190591533
35_20240826 13,9582.99664197978
35_20240826 14,9571.425541412083
35_20240826 15,9612.248822546815
35_20240826 16,9590.741269809883
35_20240826 17,9567.624040207833
35_20240826 18,9546.129821983119
35_20240826 19,9498.052818881748
35_20240826 20,9498.785731370015
35_20240826 21,9529.554005847513
35_20240826 22,9507.10339843691
35_20240826 23,9507.876407025813
35_20240827 00,9486.967292413025
35_20240827 01,9466.966557872242
35_20240827 02,9458.82097237595
35_20240827 03,9415.036001748345
35_20240827 04,9376.875149823925
35_20240827 05,9368.914457147956
35_20240827 06,9343.26652699412
35_20240827 07,9323.125427469116
35_20240827 08,9316.883892406084
35_20240827 09,9413.819424324622
35_20240827 10,9359.582237801666
35_20240827 11,9422.211672767306
35_20240827 12,9456.210788513396
35_20240827 13,9446.308318132684
35_20240827 14,9476.32594554984
35_20240827 15,9507.234595383972
35_20240827 16,9547.571650502436
35_20240827 17,9546.99277682162
35_20240827 18,9511.118078767879
35_20240827 19,9468.567104546302
35_20240827 20,9438.253335213201
35_20240827 21,9436.810336683928
35_20240827 22,9424.042969881368
35_20240827 23,9412.866672623317
35_20240828 00,9353.67304990454
35_20240828 01,9313.151621721216
35_20240828 02,9291.110148906568
35_20240828 03,9275.534003484901
35_20240828 04,9236.458526352631
35_20240828 05,9227.399355688027
35_20240828 06,9220.785179673414
35_20240828 07,9237.82482754891
35_20240828 08,9328.949217667425
35_20240828 09,9413.192200518386
35_20240828 10,9521.84722192079
35_20240828 11,9565.173801267745
35_20240828 12,9572.88994752322
35_20240828 13,9573.339427169758
35_20240828 14,9599.549523511465
35_20240828 15,9589.155565611307
35_20240828 16,9569.56503787479
35_20240828 17,9565.82733763217
35_20240828 18,9553.82825617359
35_20240828 19,9540.180328223654
35_20240828 20,9521.457768515049
35_20240828 21,9512.970643373512
35_20240828 22,9493.575359912935
35_20240828 23,9436.024902313591
35_20240829 00,9420.897570647288
35_20240829 01,9383.163467607785
35_20240829 02,9345.479185846285
35_20240829 03,9286.117973791032
35_20240829 04,9256.921047689044
35_20240829 05,9239.870570896332
35_20240829 06,9229.1897967697
35_20240829 07,9250.077213202512
35_20240829 08,9344.745831435765
35_20240829 09,9422.218865879375
35_20240829 10,9501.995316789884
35_20240829 11,9555.72180701538
35_20240829 12,9555.978594647077
35_20240829 13,9595.15237674502
35_20240829 14,9608.100787301211
35_20240829 15,9622.400122043018
35_20240829 16,9604.151258409107
35_20240829 17,9589.854909477428
35_20240829 18,9566.42082407745
35_20240829 19,9517.594830103804
35_20240829 20,9509.11225964552
35_20240829 21,9456.202601991234
35_20240829 22,9434.824520568654
35_20240829 23,9423.542354003734
35_20240830 00,9416.465027457842
35_20240830 01,9376.374842077877
35_20240830 02,9339.820758623899
35_20240830 03,9307.081147319797
35_20240830 04,9286.350365877443
35_20240830 05,9264.7096380342
35_20240830 06,9252.531900563561
35_20240830 07,9264.232816607682
35_20240830 08,9377.394774961942
35_20240830 09,9436.857270289074
35_20240830 10,9525.666102159255
35_20240830 11,9539.445450034087
35_20240830 12,9541.995665464765
35_20240830 13,9559.469816038858
35_20240830 14,9591.628068782351
35_20240830 15,9564.391838857337
35_20240830 16,9536.593433725215
35_20240830 17,9529.389095291375
35_20240830 18,9523.598904018587
35_20240830 19,9517.264012061733
35_20240830 20,9492.703695666223
35_20240830 21,9458.328601038105
35_20240830 22,9436.56989506491
35_20240830 23,9427.250282062127
35_20240831 00,9413.911136391767
35_20240831 01,9371.436077678267
35_20240831 02,9325.54138941215
35_20240831 03,9292.058155540752
35_20240831 04,9264.4457715922
35_20240831 05,9253.993787414278
35_20240831 06,9247.828151319269
35_20240831 07,9251.47771974032
35_20240831 08,9281.886977064385
35_20240831 09,9372.942328461171
35_20240831 10,9388.002487411182
35_20240831 11,9458.805869683925
35_20240831 12,9496.881667581387
35_20240831 13,9517.831108065613
35_20240831 14,9502.244680189558
35_20240831 15,9500.42325070475
35_20240831 16,9501.901133317497
35_20240831 17,9502.495155931661
35_20240831 18,9503.158105950592
35_20240831 19,9475.06192183212
35_20240831 20,9457.928740066725
35_20240831 21,9472.012493388407
35_20240831 22,9479.931810363156
35_20240831 23,9416.93765661196
36_20240825 00,13903.749732205544
36_20240825 01,13886.055415693849
36_20240825 02,13862.610922669708
36_20240825 03,13816.307183972373
36_20240825 04,13797.860876216924
36_20240825 05,13792.256759554308
36_20240825 06,13798.66100935143
36_20240825 07,13847.412847355645
36_20240825 08,13887.424719580731
36_20240825 09,13982.671813358755
36_20240825 10,14151.992191356057
36_20240825 11,14161.609410640916
36_20240825 12,14173.431173252437
36_20240825 13,14211.069809919667
36_20240825 14,14241.25526372264
36_20240825 15,14250.835859965799
36_20240825 16,14249.722856330602
36_20240825 17,14201.965321733864
36_20240825 18,14191.173185757043
36_20240825 19,14138.783796758784
36_20240825 20,14065.58429765329
36_20240825 21,14073.998360009498
36_20240825 22,13922.95026709493
36_20240825 23,13852.138515515331
36_20240826 00,13944.798535117454
36_20240826 01,13921.304065656408
36_20240826 02,13949.330442920553
36_20240826 03,13930.041194639682
36_20240826 04,13919.80505855874
36_20240826 05,13919.73993354837
36_20240826 06,13873.956507654922
36_20240826 07,13880.677025202953
36_20240826 08,13959.200085414512
36_20240826 09,14051.430428085368
36_20240826 10,14293.534403358331
36_20240826 11,14308.45870286263
36_20240826 12,14317.539159609627
36_20240826 13,14349.579547265319
36_20240826 14,14468.586743327822
36_20240826 15,14474.62250181867
36_20240826 16,14479.9871374266
36_20240826 17,14361.222609567987
36_20240826 18,14115.833021491952
36_20240826 19,14015.17006210915
36_20240826 20,13997.58644211983
36_20240826 21,13945.671772944635
36_20240826 22,13923.329749370772
36_20240826 23,13903.492104401083
36_20240827 00,13967.71903614908
36_20240827 01,13928.534095296742
36_20240827 02,13946.760082829103
36_20240827 03,13903.022660528739
36_20240827 04,13840.313029183308
36_20240827 05,13852.323572603082
36_20240827 06,13781.661932314044
36_20240827 07,13793.677922830437
36_20240827 08,13872.723685952322
36_20240827 09,14029.803290839365
36_20240827 10,14064.80642556243
36_20240827 11,14055.149989437201
36_20240827 12,14044.71495389327
36_20240827 13,14166.43629833907
36_20240827 14,14207.594922859545
36_20240827 15,14200.004370679784
36_20240827 16,14190.45526612252
36_20240827 17,14124.959099114914
36_20240827 18,14113.89399754196
36_20240827 19,13861.828724567935
36_20240827 20,13794.429900723273
36_20240827 21,13680.943080970752
36_20240827 22,13651.27575904243
36_20240827 23,13697.042017661783
36_20240828 00,13661.053170448446
36_20240828 01,13643.966360526749
36_20240828 02,13586.195310949186
36_20240828 03,13525.593820948976
36_20240828 04,13517.660480217382
36_20240828 05,13519.387154016975
36_20240828 06,13506.53728263252
36_20240828 07,13531.333087731053
36_20240828 08,13765.018915536617
36_20240828 09,13957.301565188958
36_20240828 10,14171.68448589947
36_20240828 11,14271.343868471658
36_20240828 12,14291.687770345041
36_20240828 13,14354.349464384704
36_20240828 14,14430.052975503944
36_20240828 15,14441.564202388963
36_20240828 16,14437.973584200201
36_20240828 17,14324.690823115163
36_20240828 18,14188.848925996503
36_20240828 19,14003.199585161577
36_20240828 20,13929.678104957828
36_20240828 21,13924.810705790798
36_20240828 22,13893.153528129631
36_20240828 23,13796.494242126024
36_20240829 00,13694.494069586022
36_20240829 01,13638.149173222762
36_20240829 02,13600.859480005522
36_20240829 03,13534.846791732383
36_20240829 04,13516.552467930238
36_20240829 05,13532.967709164323
36_20240829 06,13502.059279142635
36_20240829 07,13534.365103235134
36_20240829 08,13760.37064364316
36_20240829 09,13916.703586755648
36_20240829 10,14114.44801390145
36_20240829 11,14231.779314790263
36_20240829 12,14262.96771563968
36_20240829 13,14305.585158393544
36_20240829 14,14436.648217359676
36_20240829 15,14430.672410376592
36_20240829 16,14405.759737091485
36_20240829 17,14294.790270250563
36_20240829 18,14165.290070002364
36_20240829 19,14045.609167361548
36_20240829 20,13927.026186656854
36_20240829 21,13850.000269235119
36_20240829 22,13756.896803261046
36_20240829 23,13636.751943851912
36_20240830 00,13569.792855587879
36_20240830 01,13552.153271086945
36_20240830 02,13522.546046994696
36_20240830 03,13491.336732205142
36_20240830 04,13485.139153356118
36_20240830 05,13493.371126595786
36_20240830 06,13481.655860875268
36_20240830 07,13502.35994819563
36_20240830 08,13600.456716338882
36_20240830 09,13913.989599103228
36_20240830 10,14038.684343893572
36_20240830 11,14213.145071427296
36_20240830 12,14256.414272235812
36_20240830 13,14336.004875083236
36_20240830 14,14338.58405139039
36_20240830 15,14333.555217442818
36_20240830 16,14288.9296709072
36_20240830 17,14194.492448315843
36_20240830 18,14150.02809786313
36_20240830 19,14042.3866195888
36_20240830 20,13936.631492148259
36_20240830 21,13817.235849593335
36_20240830 22,13701.832723930018
36_20240830 23,13577.42775423474
36_20240831 00,13526.818848958923
36_20240831 01,13515.278315398858
36_20240831 02,13526.936551725526
36_20240831 03,13491.861898426885
36_20240831 04,13497.80676558797
36_20240831 05,13500.251491242314
36_20240831 06,13470.961142847296
36_20240831 07,13497.026850204405
36_20240831 08,13582.711515762207
36_20240831 09,13849.725907967779
36_20240831 10,13986.752206061194
36_20240831 11,14025.009178833312
36_20240831 12,14102.777726030785
36_20240831 13,14113.67790284191
36_20240831 14,14105.087289515743
36_20240831 15,14185.362615855072
36_20240831 16,14175.532931141805
36_20240831 17,14139.818022895452
36_20240831 18,14107.720553006971
36_20240831 19,13926.741043747948
36_20240831 20,13811.955102045045
36_20240831 21,13765.544255502626
36_20240831 22,13695.553224289046
36_20240831 23,13574.814267989868
37_20240825 00,1586.287643662645
37_20240825 01,1567.9579671047322
37_20240825 02,1574.1800802994221
37_20240825 03,1535.0561621315824
37_20240825 04,1537.1880977931237
37_20240825 05,1594.3930295144658
37_20240825 06,1611.7283682558534
37_20240825 07,1655.2600933199774
37_20240825 08,1851.2735071229672
37_20240825 09,1962.8476607109
37_20240825 10,1988.702402431758
37_20240825 11,1994.658972606432
37_20240825 12,1997.4041180546792
37_20240825 13,1989.0903849921233
37_20240825 14,2022.9019689091883
37_20240825 15,2033.302569758458
37_20240825 16,2012.146980544916
37_20240825 17,2009.244474079452
37_20240825 18,1988.8492984422187
37_20240825 19,1960.259794882017
37_20240825 20,1883.6503961737262
37_20240825 21,1674.4041202458461
37_20240825 22,1635.2851655663956
37_20240825 23,1629.9022524498114
37_20240826 00,1604.3982423238592
37_20240826 01,1597.5398388822716
37_20240826 02,1597.8847316463857
37_20240826 03,1620.753363721946
37_20240826 04,1730.2388001499828
37_20240826 05,2658.3587860031635
37_20240826 06,3517.79932312181
37_20240826 07,3863.1436320028756
37_20240826 08,4242.146683894045
37_20240826 09,4271.865754387854
37_20240826 10,4326.690661566658
37_20240826 11,4406.561568814979
37_20240826 12,4359.066274574856
37_20240826 13,4414.067840636044
37_20240826 14,4410.923222994686
37_20240826 15,4382.873373216148
37_20240826 16,4393.475415834704
37_20240826 17,4337.92064028511
37_20240826 18,3809.8171478257377
37_20240826 19,2879.1178017550506
37_20240826 20,2450.330090481985
37_20240826 21,2145.4902785449704
37_20240826 22,1934.2901007608928
37_20240826 23,1794.7908646976723
37_20240827 00,1643.6418322969507
37_20240827 01,1633.087791603517
37_20240827 02,1640.2636831838931
37_20240827 03,1592.8891795681463
37_20240827 04,1696.6245870638277
37_20240827 05,2279.3330778558116
37_20240827 06,3211.1722127392695
37_20240827 07,3650.0094950790963
37_20240827 08,3876.9458405018822
37_20240827 09,3908.507939040229
37_20240827 10,3976.649788703731
37_20240827 11,3989.618427334347
37_20240827 12,3917.185563136042
37_20240827 13,3990.1091850997605
37_20240827 14,4119.384627334011
37_20240827 15,4111.171354722528
37_20240827 16,4229.548342641823
37_20240827 17,4110.109277788033
37_20240827 18,3573.9649981011594
37_20240827 19,2918.769031400945
37_20240827 20,2313.1122410492753
37_20240827 21,2097.0254373795315
37_20240827 22,1851.8635398627655
37_20240827 23,1651.3456108486794
37_20240828 00,1572.2441062656958
37_20240828 01,1545.9458950338594
37_20240828 02,1551.5734958580263
37_20240828 03,1536.9896227333222
37_20240828 04,1624.9622292905465
37_20240828 05,2317.5917964609143
37_20240828 06,3181.739218510972
37_20240828 07,3490.4453889091856
37_20240828 08,3886.2050613947204
37_20240828 09,4113.098351279287
37_20240828 10,4251.235725519595
37_20240828 11,4317.984833209069
37_20240828 12,4310.1519022105385
37_20240828 13,4381.680774994724
37_20240828 14,4361.689794169195
37_20240828 15,4343.816835230241
37_20240828 16,4357.406818429432
37_20240828 17,4261.64792506911
37_20240828 18,3861.194845336212
37_20240828 19,3016.0978507716927
37_20240828 20,2378.9362300047524
37_20240828 21,2101.673400128442
37_20240828 22,1958.266104780817
37_20240828 23,1704.9895890036148
37_20240829 00,1585.84681784863
37_20240829 01,1568.6901283717066
37_20240829 02,1557.3424651187256
37_20240829 03,1531.6275128810694
37_20240829 04,1578.3268855721071
37_20240829 05,2238.432838593134
37_20240829 06,3135.692641356306
37_20240829 07,3477.596925850854
37_20240829 08,3872.716299755105
37_20240829 09,3992.122229554217
37_20240829 10,4172.739832293679
37_20240829 11,4209.198084517218
37_20240829 12,4198.243854116792
37_20240829 13,4255.707585950357
37_20240829 14,4241.914967458437
37_20240829 15,4198.123258331994
37_20240829 16,4260.853178461872
37_20240829 17,4086.4789879329387
37_20240829 18,3733.6966850866584
37_20240829 19,2963.0668150087367
37_20240829 20,2268.2380965622765
37_20240829 21,2020.2087509195787
37_20240829 22,1830.8283304444963
37_20240829 23,1641.4020382901717
37_20240830 00,1576.7009424332914
37_20240830 01,1559.4181703562588
37_20240830 02,1541.1196506164729
37_20240830 03,1518.6335151598728
37_20240830 04,1567.7656318663521
37_20240830 05,2227.6641457656697
37_20240830 06,3114.238443912239
37_20240830 07,3393.3340589398185
37_20240830 08,3832.144326023553
37_20240830 09,4061.021062764022
37_20240830 10,4330.81739737653
37_20240830 11,4318.065387197997
37_20240830 12,4194.5115531626025
37_20240830 13,4279.956975009847
37_20240830 14,4246.282098688927
37_20240830 15,4221.403776224103
37_20240830 16,4197.196001926979
37_20240830 17,3954.9734489594034
37_20240830 18,3337.550544217008
37_20240830 19,2736.3563791056777
37_20240830 20,2193.459186411026
37_20240830 21,1885.626720332822
37_20240830 22,1694.0063145006711
37_20240830 23,1601.8233489684903
37_20240831 00,1552.5559837231403
37_20240831 01,1521.6335441001306
37_20240831 02,1477.4043443901553
37_20240831 03,1467.328290436939
37_20240831 04,1466.9320036672768
37_20240831 05,1510.7421560107587
37_20240831 06,1570.9436762490568
37_20240831 07,1641.8626510439565
37_20240831 08,1703.2854049617927
37_20240831 09,1945.5614985047496
37_20240831 10,2012.0613156365903
37_20240831 11,2035.709242411875
37_20240831 12,2057.858736595546
37_20240831 13,2056.1142108177155
37_20240831 14,2052.1467141926128
37_20240831 15,2082.8537273841093
37_20240831 16,2083.135311668021
37_20240831 17,2046.9265494663396
37_20240831 18,1984.1359432436084
37_20240831 19,1894.0407720290611
37_20240831 20,1801.360939591416
37_20240831 21,1658.410396604235
37_20240831 22,1658.5125101872468
37_20240831 23,1581.431173041178
38_20240825 00,934.0680055219784
38_20240825 01,927.4048289691339
38_20240825 02,923.1445310439199
38_20240825 03,914.8092687052645
38_20240825 04,909.0635580004443
38_20240825 05,913.5282906587986
38_20240825 06,941.4312646223871
38_20240825 07,975.169055753883
38_20240825 08,1040.7948653760202
38_20240825 09,1153.005511755744
38_20240825 10,1205.1405723683408
38_20240825 11,1208.396424429377
38_20240825 12,1228.1528926124743
38_20240825 13,1253.5439981763325
38_20240825 14,1247.1943572842235
38_20240825 15,1226.9161437480745
38_20240825 16,1219.1072780187392
38_20240825 17,1091.1173129439726
38_20240825 18,996.3712990472162
38_20240825 19,994.9260622261096
38_20240825 20,984.4752043857729
38_20240825 21,974.307486570591
38_20240825 22,951.6345994313494
38_20240825 23,944.6714146779447
38_20240826 00,931.9777577778727
38_20240826 01,924.1830489818251
38_20240826 02,922.6426498334487
38_20240826 03,920.8115982365887
38_20240826 04,946.2867867480782
38_20240826 05,1148.4160931634847
38_20240826 06,1381.6327294060243
38_20240826 07,1433.0866126063352
38_20240826 08,1607.100327265333
38_20240826 09,1744.390601330329
38_20240826 10,1764.347536569475
38_20240826 11,1782.8196834863993
38_20240826 12,1769.2737515630038
38_20240826 13,1768.0238843787945
38_20240826 14,1776.9028531463296
38_20240826 15,1777.2648244832426
38_20240826 16,1774.2704497295858
38_20240826 17,1691.3670560016865
38_20240826 18,1457.6746949729902
38_20240826 19,1238.0871696310028
38_20240826 20,1196.6980351313787
38_20240826 21,1121.7402121522491
38_20240826 22,1026.6185129307837
38_20240826 23,978.7329023384406
38_20240827 00,952.6587795513926
38_20240827 01,943.6331022132324
38_20240827 02,941.8252186604378
38_20240827 03,941.0027488302765
38_20240827 04,954.0043349841698
38_20240827 05,1137.9231300346296
38_20240827 06,1387.3796410532486
38_20240827 07,1474.1120665274238
38_20240827 08,1617.9307414110745
38_20240827 09,1736.3748140086157
38_20240827 10,1744.233932367802
38_20240827 11,1749.8360148149732
38_20240827 12,1730.4417475062203
38_20240827 13,1759.120207986219
38_20240827 14,1768.6295881075512
38_20240827 15,1773.8046209259535
38_20240827 16,1768.0574494925463
38_20240827 17,1659.869541144195
38_20240827 18,1402.6413132147713
38_20240827 19,1223.8464025217324
38_20240827 20,1181.6200073351786
38_20240827 21,1107.76279323153
38_20240827 22,1017.4100702073315
38_20240827 23,974.9052896161622
38_20240828 00,942.662655875785
38_20240828 01,935.0608047821103
38_20240828 02,935.7011366875486
38_20240828 03,935.9767098440493
38_20240828 04,943.8563187442562
38_20240828 05,1143.2336574176802
38_20240828 06,1357.8596124312212
38_20240828 07,1443.313705504172
38_20240828 08,1596.0360289480539
38_20240828 09,1720.999998119126
38_20240828 10,1727.846569833202
38_20240828 11,1755.961657897809
38_20240828 12,1729.2624618181578
38_20240828 13,1736.6170948583294
38_20240828 14,1757.9482672372237
38_20240828 15,1749.7633317404207
38_20240828 16,1731.620693980775
38_20240828 17,1652.4214883938964
38_20240828 18,1429.6830546848878
38_20240828 19,1233.0623470354972
38_20240828 20,1163.8810702226497
38_20240828 21,1094.6204018713358
38_20240828 22,1010.8243609767903
38_20240828 23,979.5211735367297
38_20240829 00,951.8444041870581
38_20240829 01,935.7917558625692
38_20240829 02,933.872248149286
38_20240829 03,928.1414040313678
38_20240829 04,936.9403092576415
38_20240829 05,1123.4497018768511
38_20240829 06,1329.5240658284406
38_20240829 07,1417.8320727070873
38_20240829 08,1563.2935696135069
38_20240829 09,1696.474056125479
38_20240829 10,1705.863559457946
38_20240829 11,1730.5104564721876
38_20240829 12,1708.277892162768
38_20240829 13,1715.4662305947854
38_20240829 14,1727.5597950674883
38_20240829 15,1725.3590979701194
38_20240829 16,1711.9140957670702
38_20240829 17,1610.9878613905198
38_20240829 18,1387.686308204478
38_20240829 19,1190.5783022278474
38_20240829 20,1140.2255929181706
38_20240829 21,1087.6647947521894
38_20240829 22,1005.7552380537445
38_20240829 23,970.0943757751104
38_20240830 00,949.4934886496942
38_20240830 01,934.7725213852464
38_20240830 02,930.9955650522238
38_20240830 03,928.5803507609453
38_20240830 04,930.4054045523084
38_20240830 05,1104.3837482203098
38_20240830 06,1329.6825159252176
38_20240830 07,1399.5427677988823
38_20240830 08,1534.4730877613063
38_20240830 09,1672.7708561078207
38_20240830 10,1690.7508156845452
38_20240830 11,1709.8849258357523
38_20240830 12,1690.383697462873
38_20240830 13,1702.7843511941276
38_20240830 14,1706.9533089012757
38_20240830 15,1704.3094853190678
38_20240830 16,1695.708200435123
38_20240830 17,1552.1984993593294
38_20240830 18,1334.357672671796
38_20240830 19,1189.0777256794468
38_20240830 20,1149.5151034322064
38_20240830 21,1060.8518333190368
38_20240830 22,993.5701108931271
38_20240830 23,963.5014108866272
38_20240831 00,926.5153316581947
38_20240831 01,917.0255466961287
38_20240831 02,910.297886886358
38_20240831 03,907.1648810692625
38_20240831 04,900.9233134873284
38_20240831 05,912.8274053022448
38_20240831 06,937.3914901858556
38_20240831 07,1017.7320901313152
38_20240831 08,1183.8941917235024
38_20240831 09,1221.3946211178293
38_20240831 10,1239.7122549219266
38_20240831 11,1253.827979033095
38_20240831 12,1290.911682540138
38_20240831 13,1294.2478078839017
38_20240831 14,1295.5153727482043
38_20240831 15,1298.9150475838783
38_20240831 16,1250.9610524076825
38_20240831 17,1171.6928789879203
38_20240831 18,1065.583068847901
38_20240831 19,990.0097732149668
38_20240831 20,983.7973139896453
38_20240831 21,965.4597641319714
38_20240831 22,952.1085055258877
38_20240831 23,932.0884900038227
39_20240825 00,1876.9462053950401
39_20240825 01,1828.0560020986252
39_20240825 02,1824.9075477971528
39_20240825 03,1836.129345386475
39_20240825 04,1848.1984639694595
39_20240825 05,1934.9428570377547
39_20240825 06,2135.1941949266084
39_20240825 07,2190.271432552351
39_20240825 08,2256.141058609057
39_20240825 09,2272.030137360023
39_20240825 10,2290.7704725920676
39_20240825 11,2294.539012101657
39_20240825 12,2344.469286462232
39_20240825 13,2360.804672992441
39_20240825 14,2358.067991380273
39_20240825 15,2363.0364697909845
39_20240825 16,2370.5938203171772
39_20240825 17,2369.1990132862247
39_20240825 18,2357.2868391027396
39_20240825 19,2302.9108775897657
39_20240825 20,2102.517916608861
39_20240825 21,1996.1035215482766
39_20240825 22,1962.5202412107105
39_20240825 23,1925.0795545843544
39_20240826 00,1917.6690357894693
39_20240826 01,1856.7631312575973
39_20240826 02,1875.974334355081
39_20240826 03,1885.5929096121788
39_20240826 04,1879.5186642212157
39_20240826 05,2170.8196417754016
39_20240826 06,2683.09597209413
39_20240826 07,2974.995034564948
39_20240826 08,3173.549237655797
39_20240826 09,3269.708757585684
39_20240826 10,3303.8016061351627
39_20240826 11,3321.126639109465
39_20240826 12,3318.3034578970373
39_20240826 13,3340.307632562696
39_20240826 14,3367.5543103928994
39_20240826 15,3387.564858992494
39_20240826 16,3330.3394677920687
39_20240826 17,3074.1352903609304
39_20240826 18,2793.7712153626735
39_20240826 19,2581.269161148514
39_20240826 20,2343.7277046957006
39_20240826 21,2166.5750208207023
39_20240826 22,2034.8490505569325
39_20240826 23,1951.6505370664677
39_20240827 00,1908.9173982216112
39_20240827 01,1878.3719709427644
39_20240827 02,1868.6235462480392
39_20240827 03,1862.6505356418393
39_20240827 04,1801.3458688526541
39_20240827 05,1978.7907986592572
39_20240827 06,2513.8057558139394
39_20240827 07,2758.9833941165466
39_20240827 08,3050.7608086060545
39_20240827 09,3104.859317540009
39_20240827 10,3088.7229703252187
39_20240827 11,3087.8361991091706
39_20240827 12,3082.8712327638987
39_20240827 13,3228.3241469644086
39_20240827 14,3243.8859288444055
39_20240827 15,3237.617267641761
39_20240827 16,3197.430260652926
39_20240827 17,2949.9107693267038
39_20240827 18,2714.206895923512
39_20240827 19,2452.4257812095184
39_20240827 20,2211.9145800682427
39_20240827 21,2047.7454789828726
39_20240827 22,1932.8864198669505
39_20240827 23,1871.7290318731575
39_20240828 00,1844.417353092459
39_20240828 01,1782.03623210913
39_20240828 02,1768.7988733035634
39_20240828 03,1771.1878874652698
39_20240828 04,1767.729100301237
39_20240828 05,1859.1106092543582
39_20240828 06,2356.600411997476
39_20240828 07,2731.532164642895
39_20240828 08,3030.5721447682854
39_20240828 09,3182.2691425417875
39_20240828 10,3212.335755347953
39_20240828 11,3282.817179721058
39_20240828 12,3274.2585425658963
39_20240828 13,3344.537992935279
39_20240828 14,3330.7454500340464
39_20240828 15,3320.968000486441
39_20240828 16,3304.826945928959
39_20240828 17,3058.2034578987514
39_20240828 18,2750.4625434836826
39_20240828 19,2482.4934888140033
39_20240828 20,2302.588183027079
39_20240828 21,2162.2400025190327
39_20240828 22,2080.7694238475906
39_20240828 23,1968.2411172622274
39_20240829 00,1892.894524567179
39_20240829 01,1853.7021377982983
39_20240829 02,1776.4350885085041
39_20240829 03,1781.8658958794558
39_20240829 04,1755.0637816784918
39_20240829 05,1931.0523866465971
39_20240829 06,2381.872211719069
39_20240829 07,2687.586869970408
39_20240829 08,3013.1854103292617
39_20240829 09,3162.520537003717
39_20240829 10,3192.7897872877193
39_20240829 11,3263.526552722157
39_20240829 12,3276.4949123847236
39_20240829 13,3354.6043123927775
39_20240829 14,3333.300629364512
39_20240829 15,3341.9976048373737
39_20240829 16,3289.9146609958652
39_20240829 17,3021.5156384717925
39_20240829 18,2726.225213585884
39_20240829 19,2435.2657266620254
39_20240829 20,2260.9072571422685
39_20240829 21,2109.145639963548
39_20240829 22,2005.8043547655313
39_20240829 23,1931.7621951438723
39_20240830 00,1884.2965778315984
39_20240830 01,1827.6363468182603
39_20240830 02,1776.7087566512687
39_20240830 03,1769.4076232041427
39_20240830 04,1779.8210953639777
39_20240830 05,1858.5616102874271
39_20240830 06,2372.031863451567
39_20240830 07,2702.1087412414618
39_20240830 08,2947.2842817012806
39_20240830 09,3121.7942669381478
39_20240830 10,3150.561611572994
39_20240830 11,3222.0733567428683
39_20240830 12,3223.6876629890694
39_20240830 13,3236.0765845710143
39_20240830 14,3261.008425385539
39_20240830 15,3246.8788197245303
39_20240830 16,3197.126334436837
39_20240830 17,2985.177662531137
39_20240830 18,2689.0011290184957
39_20240830 19,2384.3270299139594
39_20240830 20,2199.8748520905624
39_20240830 21,2079.603636860172
39_20240830 22,1981.5229454033563
39_20240830 23,1906.4993414865266
39_20240831 00,1819.7405678060281
39_20240831 01,1742.0113422957538
39_20240831 02,1684.6931644726913
39_20240831 03,1608.0858171202135
39_20240831 04,1634.3959901257126
39_20240831 05,1710.1455681876412
39_20240831 06,1945.199416682468
39_20240831 07,2040.4368625061131
39_20240831 08,2102.0580397442145
39_20240831 09,2138.769236412094
39_20240831 10,2195.921933186009
39_20240831 11,2335.74249786549
39_20240831 12,2355.6973799384614
39_20240831 13,2385.4324047493647
39_20240831 14,2368.4399092402846
39_20240831 15,2330.7823795641098
39_20240831 16,2317.901907146849
39_20240831 17,2304.0178359645297
39_20240831 18,2306.536638708507
39_20240831 19,2202.0047931189574
39_20240831 20,2011.979433618269
39_20240831 21,1904.1078466994138
39_20240831 22,1881.4498180163587
39_20240831 23,1872.11790048453
40_20240825 00,513.2880784490093
40_20240825 01,499.68118108209745
40_20240825 02,501.22311761133614
40_20240825 03,515.1968927522091
40_20240825 04,517.2528205406791
40_20240825 05,519.5975261731346
40_20240825 06,534.402977446707
40_20240825 07,558.3817458624758
40_20240825 08,623.3023040478915
40_20240825 09,713.4014871321173
40_20240825 10,784.001201568549
40_20240825 11,777.1745174598854
40_20240825 12,792.9316094440488
40_20240825 13,784.78526563466
40_20240825 14,777.4264304118531
40_20240825 15,779.7110557742094
40_20240825 16,772.3215789406757
40_20240825 17,795.0430054532397
40_20240825 18,796.8921149089451
40_20240825 19,814.7187686640134
40_20240825 20,779.7317623107299
40_20240825 21,658.1953300797047
40_20240825 22,581.5873989081246
40_20240825 23,548.3254893745436
40_20240826 00,526.6870530562973
40_20240826 01,500.50650919482064
40_20240826 02,500.3965339811965
40_20240826 03,505.39424675038504
40_20240826 04,502.27826887270925
40_20240826 05,522.0946061513371
40_20240826 06,569.5261919488948
40_20240826 07,674.3054184709906
40_20240826 08,816.8732986668691
40_20240826 09,1246.8240209001729
40_20240826 10,1951.9333072760191
40_20240826 11,1929.8546863913161
40_20240826 12,1925.640526409587
40_20240826 13,1891.5439533568172
40_20240826 14,1883.6692725242995
40_20240826 15,1848.2985240348712
40_20240826 16,1821.058664631807
40_20240826 17,1772.6508410072415
40_20240826 18,1745.095513847648
40_20240826 19,1671.3813895458222
40_20240826 20,1655.522264498225
40_20240826 21,1376.5314775783852
40_20240826 22,947.4776285201314
40_20240826 23,664.0724509403383
40_20240827 00,529.2074955221855
40_20240827 01,503.34843065332285
40_20240827 02,487.4712658789375
40_20240827 03,493.8454708621713
40_20240827 04,495.19818140651694
40_20240827 05,522.766840747489
40_20240827 06,568.3133228916627
40_20240827 07,671.0339919824759
40_20240827 08,811.0473604993672
40_20240827 09,1245.1480924334892
40_20240827 10,1852.0830080912533
40_20240827 11,1868.4515957723215
40_20240827 12,1890.5953965985036
40_20240827 13,1867.896682088171
40_20240827 14,1851.9005564283495
40_20240827 15,1810.9105735035314
40_20240827 16,1793.0696009672206
40_20240827 17,1751.157610704311
40_20240827 18,1736.8308953728933
40_20240827 19,1680.3484897583526
40_20240827 20,1627.2615607653365
40_20240827 21,1333.974217575334
40_20240827 22,961.6955874652742
40_20240827 23,649.2452131804521
40_20240828 00,531.8765693898487
40_20240828 01,509.22821174848053
40_20240828 02,511.5743696334471
40_20240828 03,510.41681503873804
40_20240828 04,494.7676128796347
40_20240828 05,512.605391068573
40_20240828 06,564.5597262842186
40_20240828 07,668.2037823263943
40_20240828 08,804.3792652529851
40_20240828 09,1245.224586200583
40_20240828 10,1882.3911432934253
40_20240828 11,1897.6453344219058
40_20240828 12,1894.128266518451
40_20240828 13,1871.8756429409657
40_20240828 14,1855.3597645996053
40_20240828 15,1831.0542686309661
40_20240828 16,1823.0675018647016
40_20240828 17,1774.4705270844277
40_20240828 18,1752.9439327906707
40_20240828 19,1680.8003583734608
40_20240828 20,1655.3525136724193
40_20240828 21,1358.9021160857542
40_20240828 22,1015.491014376536
40_20240828 23,670.2568891111375
40_20240829 00,534.869262448449
40_20240829 01,507.0483912553841
40_20240829 02,511.6433397513975
40_20240829 03,511.60707263184264
40_20240829 04,500.25351079539547
40_20240829 05,520.7323146442337
40_20240829 06,565.4231025649965
40_20240829 07,668.3532582268326
40_20240829 08,808.2779059749356
40_20240829 09,1259.1636260176324
40_20240829 10,1916.6712962894912
40_20240829 11,1902.8309745811314
40_20240829 12,1895.9570581507785
40_20240829 13,1873.7115244857748
40_20240829 14,1861.84285607017
40_20240829 15,1837.933320913275
40_20240829 16,1827.2178533085812
40_20240829 17,1778.7064526459444
40_20240829 18,1754.751141419114
40_20240829 19,1681.9568731264255
40_20240829 20,1625.9734197856196
40_20240829 21,1288.4273325284053
40_20240829 22,975.90469880233
40_20240829 23,667.418072772543
40_20240830 00,548.479263026892
40_20240830 01,524.9988729099352
40_20240830 02,517.4229586184008
40_20240830 03,523.2209139805013
40_20240830 04,508.09032928348387
40_20240830 05,529.2691650521423
40_20240830 06,570.1133239234798
40_20240830 07,673.9446495256902
40_20240830 08,815.837318201879
40_20240830 09,1217.2125070163088
40_20240830 10,1878.510333813314
40_20240830 11,1872.8241367065887
40_20240830 12,1888.1054916060789
40_20240830 13,1863.0682996678142
40_20240830 14,1851.5156568110533
40_20240830 15,1841.0091858339847
40_20240830 16,1835.4019790332818
40_20240830 17,1792.2639755838438
40_20240830 18,1749.754314842408
40_20240830 19,1681.719315252913
40_20240830 20,1615.0751808282375
40_20240830 21,1297.4862983607986
40_20240830 22,951.4193162687559
40_20240830 23,652.0889978406622
40_20240831 00,543.7172554342845
40_20240831 01,516.8450181990247
40_20240831 02,517.4172837296613
40_20240831 03,523.4993672545918
40_20240831 04,504.59482899980793
40_20240831 05,522.8816238299218
40_20240831 06,570.4391772040642
40_20240831 07,697.2392488725811
40_20240831 08,826.7535612732052
40_20240831 09,1242.1084870249244
40_20240831 10,1902.57260342876
40_20240831 11,1935.860363991195
40_20240831 12,1945.8515234835982
40_20240831 13,1946.6048483161956
40_20240831 14,1963.089323836475
40_20240831 15,1956.7487856424132
40_20240831 16,1896.0807684908623
40_20240831 17,1845.298942033784
40_20240831 18,1791.747170143927
40_20240831 19,1707.0401095172847
40_20240831 20,1650.2055214731422
40_20240831 21,1388.1995661589992
40_20240831 22,986.7575038611515
40_20240831 23,660.3725660132163
41_20240825 00,2702.872433445017
41_20240825 01,2684.644037070548
41_20240825 02,2684.2227637917304
41_20240825 03,2681.2191506050094
41_20240825 04,2676.3116287513035
41_20240825 05,2671.2772449533986
41_20240825 06,2674.759054398944
41_20240825 07,2682.6165002145026
41_20240825 08,2693.760583355842
41_20240825 09,2694.2843436865214
41_20240825 10,2700.5716433314283
41_20240825 11,2707.8714853569386
41_20240825 12,2713.0460890063478
41_20240825 13,2716.9696659554656
41_20240825 14,2719.7023483107723
41_20240825 15,2721.3169313940293
41_20240825 16,2720.1643262190837
41_20240825 17,2720.7673022405543
41_20240825 18,2721.2570180208645
41_20240825 19,2711.448788975667
41_20240825 20,2707.043512639175
41_20240825 21,2705.5071206170824
41_20240825 22,2700.452835175709
41_20240825 23,2686.276791474428
41_20240826 00,2691.3510475736766
41_20240826 01,2680.7740501821268
41_20240826 02,2681.6864927278175
41_20240826 03,2679.3777607479537
41_20240826 04,2675.122843397282
41_20240826 05,2672.975842743652
41_20240826 06,2675.576854472591
41_20240826 07,2682.437190801005
41_20240826 08,2692.654720414857
41_20240826 09,2707.082391255488
41_20240826 10,2713.445743490859
41_20240826 11,2716.344741703957
41_20240826 12,2733.1296258912544
41_20240826 13,2736.3267058887986
41_20240826 14,2738.5460558940013
41_20240826 15,2728.6769407782112
41_20240826 16,2730.1345171453213
41_20240826 17,2729.245900596734
41_20240826 18,2731.89357879052
41_20240826 19,2716.6720454003294
41_20240826 20,2711.348407090137
41_20240826 21,2713.005019140438
41_20240826 22,2704.5283363516364
41_20240826 23,2689.6308640333705
41_20240827 00,2699.87634839147
41_20240827 01,2687.403114659418
41_20240827 02,2684.940454607743
41_20240827 03,2684.286244156078
41_20240827 04,2676.1438509670716
41_20240827 05,2672.031152040068
41_20240827 06,2673.3002618443916
41_20240827 07,2679.708328973612
41_20240827 08,2689.889475830999
41_20240827 09,2694.8562251760336
41_20240827 10,2694.665439085402
41_20240827 11,2700.107445674408
41_20240827 12,2700.57647657524
41_20240827 13,2708.617815210894
41_20240827 14,2716.2800482408506
41_20240827 15,2717.4625616566236
41_20240827 16,2716.1210584068267
41_20240827 17,2722.081867603647
41_20240827 18,2716.318720070591
41_20240827 19,2712.6214295496266
41_20240827 20,2707.211287879688
41_20240827 21,2703.880417955919
41_20240827 22,2701.6978618200906
41_20240827 23,2694.522590417364
41_20240828 00,2705.875176289034
41_20240828 01,2691.3162837605855
41_20240828 02,2685.665870399896
41_20240828 03,2682.3043147841654
41_20240828 04,2669.629074378488
41_20240828 05,2668.566407430979
41_20240828 06,2669.198434570334
41_20240828 07,2681.4169754042696
41_20240828 08,2690.2198773789837
41_20240828 09,2693.9110937063047
41_20240828 10,2694.981426889094
41_20240828 11,2699.8910193569623
41_20240828 12,2703.6191839427324
41_20240828 13,2700.100108692649
41_20240828 14,2706.956948352078
41_20240828 15,2720.0494698407883
41_20240828 16,2714.676589992575
41_20240828 17,2710.955648646018
41_20240828 18,2712.5156887710104
41_20240828 19,2703.6303781129895
41_20240828 20,2701.408879851947
41_20240828 21,2699.170320133761
41_20240828 22,2694.886084909611
41_20240828 23,2687.738403635306
41_20240829 00,2681.0179137383866
41_20240829 01,2689.2794637796587
41_20240829 02,2677.878650113954
41_20240829 03,2682.800285754557
41_20240829 04,2677.8383015381332
41_20240829 05,2675.599063370463
41_20240829 06,2679.1336136194136
41_20240829 07,2686.6022393337325
41_20240829 08,2698.225892951451
41_20240829 09,2699.4221882653537
41_20240829 10,2703.0307585343926
41_20240829 11,2707.2011134989157
41_20240829 12,2727.176762719212
41_20240829 13,2733.791944393668
41_20240829 14,2738.0059239436296
41_20240829 15,2743.838562134274
41_20240829 16,2736.861142850199
41_20240829 17,2720.502788935348
41_20240829 18,2720.0391168791684
41_20240829 19,2714.537993860932
41_20240829 20,2710.175362472419
41_20240829 21,2703.9536372336706
41_20240829 22,2701.5799851768597
41_20240829 23,2692.708718350866
41_20240830 00,2693.979015604832
41_20240830 01,2682.4372199237273
41_20240830 02,2691.759286116254
41_20240830 03,2685.0370293667465
41_20240830 04,2679.1526629393857
41_20240830 05,2673.201791905974
41_20240830 06,2673.792975058098
41_20240830 07,2689.5745278322256
41_20240830 08,2696.9636079756488
41_20240830 09,2697.919456113615
41_20240830 10,2698.642171786195
41_20240830 11,2705.508796307092
41_20240830 12,2716.4881353681258
41_20240830 13,2727.659338973771
41_20240830 14,2732.6090747511244
41_20240830 15,2726.5912643125735
41_20240830 16,2724.294940066162
41_20240830 17,2726.314407199239
41_20240830 18,2722.679784457755
41_20240830 19,2711.991891137721
41_20240830 20,2708.783693902501
41_20240830 21,2703.1115793799827
41_20240830 22,2701.559034742326
41_20240830 23,2691.215332540038
41_20240831 00,2674.0080654020744
41_20240831 01,2677.829818856524
41_20240831 02,2683.7990691621308
41_20240831 03,2681.781969061938
41_20240831 04,2672.188316880996
41_20240831 05,2664.3142835324816
41_20240831 06,2667.401127176854
41_20240831 07,2678.3274493950867
41_20240831 08,2690.469354829408
41_20240831 09,2692.591731862054
41_20240831 10,2693.623271626658
41_20240831 11,2698.4511697845046
41_20240831 12,2702.3895585965693
41_20240831 13,2707.3545307924505
41_20240831 14,2710.4558582181153
41_20240831 15,2717.658936780331
41_20240831 16,2717.0522286542614
41_20240831 17,2713.7825749495332
41_20240831 18,2712.032961932133
41_20240831 19,2706.7748322017906
41_20240831 20,2705.49537873126
41_20240831 21,2702.697365934807
41_20240831 22,2698.3381318949628
41_20240831 23,2689.689544850682
42_20240825 00,3700.791601301228
42_20240825 01,3694.0443951116295
42_20240825 02,3675.39249174202
42_20240825 03,3658.5633580063504
42_20240825 04,3734.0190118379296
42_20240825 05,3856.5321027240807
42_20240825 06,4016.4808983856447
42_20240825 07,4065.9128883975013
42_20240825 08,4211.246644940441
42_20240825 09,4346.749165788162
42_20240825 10,4437.862777655719
42_20240825 11,4461.592784691049
42_20240825 12,4444.778454243787
42_20240825 13,4467.802457199608
42_20240825 14,4511.6038382851675
42_20240825 15,4507.063362926772
42_20240825 16,4536.421797427656
42_20240825 17,4401.679780553321
42_20240825 18,4354.593744391745
42_20240825 19,4298.524280449706
42_20240825 20,4249.521435070408
42_20240825 21,4210.451146424231
42_20240825 22,3963.7004099912947
42_20240825 23,3741.9879305753
42_20240826 00,3682.074485926981
42_20240826 01,3646.0103103213314
42_20240826 02,3639.3442278546117
42_20240826 03,3661.1463607432834
42_20240826 04,3861.3474113108678
42_20240826 05,4018.393583015044
42_20240826 06,4426.502669210645
42_20240826 07,4967.817189730887
42_20240826 08,5494.401158374685
42_20240826 09,5796.892831041492
42_20240826 10,5833.40049572061
42_20240826 11,5817.188154955386
42_20240826 12,5756.303216944803
42_20240826 13,5777.170808881349
42_20240826 14,5817.638639647188
42_20240826 15,5783.439207469775
42_20240826 16,5681.065188694902
42_20240826 17,5436.65669070563
42_20240826 18,4792.423141563002
42_20240826 19,4538.0400292941
42_20240826 20,4417.4254282619295
42_20240826 21,4302.620602053072
42_20240826 22,4021.2956122424775
42_20240826 23,3754.2721639091205
42_20240827 00,3698.313861661212
42_20240827 01,3675.2889936465763
42_20240827 02,3659.5846080657875
42_20240827 03,3655.021843808821
42_20240827 04,3854.923114287799
42_20240827 05,4014.10625857563
42_20240827 06,4427.038792230156
42_20240827 07,4992.2457064750515
42_20240827 08,5509.272747081315
42_20240827 09,5790.270340727839
42_20240827 10,5825.066743896332
42_20240827 11,5805.537657083621
42_20240827 12,5747.968082157328
42_20240827 13,5780.440869861464
42_20240827 14,5805.771379381931
42_20240827 15,5696.475718718168
42_20240827 16,5562.934562472907
42_20240827 17,5295.221052872189
42_20240827 18,4672.830365353143
42_20240827 19,4391.590210559845
42_20240827 20,4250.927660428866
42_20240827 21,4174.64956223311
42_20240827 22,3924.2529923475086
42_20240827 23,3706.4492970221017
42_20240828 00,3640.9116447421206
42_20240828 01,3609.4307066747365
42_20240828 02,3602.802271679267
42_20240828 03,3617.9715591673057
42_20240828 04,3786.0751770627066
42_20240828 05,3935.075357569487
42_20240828 06,4336.707289114945
42_20240828 07,4846.238310295723
42_20240828 08,5335.374077562801
42_20240828 09,5608.474768550541
42_20240828 10,5661.6837710502805
42_20240828 11,5646.802080542688
42_20240828 12,5547.09920539577
42_20240828 13,5578.55769240179
42_20240828 14,5595.612752099437
42_20240828 15,5651.996919447238
42_20240828 16,5541.010182621991
42_20240828 17,5313.120616715417
42_20240828 18,4721.340781107407
42_20240828 19,4443.847922027776
42_20240828 20,4299.587077779754
42_20240828 21,4205.9365413864325
42_20240828 22,3944.0318057302247
42_20240828 23,3707.803155737918
42_20240829 00,3649.3654829896345
42_20240829 01,3627.5208572852935
42_20240829 02,3619.5252102903332
42_20240829 03,3634.0379679610023
42_20240829 04,3794.6129960706303
42_20240829 05,3940.569634333109
42_20240829 06,4347.595151902987
42_20240829 07,4881.440114819956
42_20240829 08,5386.543431598271
42_20240829 09,5631.516906406645
42_20240829 10,5694.687464312015
42_20240829 11,5688.936264801207
42_20240829 12,5591.815300398823
42_20240829 13,5616.663936399771
42_20240829 14,5708.191573596632
42_20240829 15,5663.397647010599
42_20240829 16,5555.762333248287
42_20240829 17,5239.541048736955
42_20240829 18,4724.541716892954
42_20240829 19,4438.328809873532
42_20240829 20,4320.194820985933
42_20240829 21,4243.60622864541
42_20240829 22,3976.0668586353813
42_20240829 23,3724.770066661295
42_20240830 00,3655.2018783595113
42_20240830 01,3631.173310111358
42_20240830 02,3618.1412607210027
42_20240830 03,3630.1646324427775
42_20240830 04,3809.4095452865276
42_20240830 05,3970.3393974513683
42_20240830 06,4384.307328709836
42_20240830 07,4876.734337053824
42_20240830 08,5308.264223801336
42_20240830 09,5546.872610055018
42_20240830 10,5564.884541962052
42_20240830 11,5509.812054387922
42_20240830 12,5418.606491702101
42_20240830 13,5449.69416190204
42_20240830 14,5527.8070544013135
42_20240830 15,5507.300169465931
42_20240830 16,5430.324384119962
42_20240830 17,5200.058070718705
42_20240830 18,4730.068221046196
42_20240830 19,4506.439018946222
42_20240830 20,4303.229445454244
42_20240830 21,4244.856810261668
42_20240830 22,3950.660606227865
42_20240830 23,3706.8399097432257
42_20240831 00,3646.982783320147
42_20240831 01,3630.0210954105487
42_20240831 02,3628.602259854232
42_20240831 03,3649.285978555614
42_20240831 04,3772.0631357945585
42_20240831 05,3850.1736248862985
42_20240831 06,3945.430281339076
42_20240831 07,4041.9788443877783
42_20240831 08,4180.954778012294
42_20240831 09,4338.618574998488
42_20240831 10,4367.429721127741
42_20240831 11,4380.942287974331
42_20240831 12,4378.666410164886
42_20240831 13,4378.185598100306
42_20240831 14,4486.363513266406
42_20240831 15,4485.608302748609
42_20240831 16,4433.401750501878
42_20240831 17,4391.94558593804
42_20240831 18,4327.928443954137
42_20240831 19,4270.11347407667
42_20240831 20,4219.345215047193
42_20240831 21,4157.608785670473
42_20240831 22,3927.8293181544277
42_20240831 23,3723.091203044924
43_20240825 00,13586.153882643808
43_20240825 01,13541.592183721797
43_20240825 02,13560.078604452508
43_20240825 03,13594.856506694583
43_20240825 04,13516.98630411831
43_20240825 05,13469.074423675658
43_20240825 06,13461.928891720636
43_20240825 07,13443.308154130387
43_20240825 08,13414.191695527092
43_20240825 09,13422.36850251615
43_20240825 10,13437.898322290746
43_20240825 11,13485.307190854857
43_20240825 12,13489.846538011552
43_20240825 13,13493.945053374706
43_20240825 14,13494.439205695167
43_20240825 15,13498.843306126633
43_20240825 16,13510.019516205019
43_20240825 17,13496.529615476478
43_20240825 18,13488.957782914495
43_20240825 19,13484.02194225692
43_20240825 20,13465.525043443555
43_20240825 21,13446.540350514904
43_20240825 22,13690.39078676482
43_20240825 23,13909.695928467614
43_20240826 00,13827.432794506127
43_20240826 01,13526.092675308173
43_20240826 02,13477.550619665359
43_20240826 03,13534.738195465536
43_20240826 04,13514.039854729015
43_20240826 05,13529.523775216161
43_20240826 06,13556.759680581908
43_20240826 07,13658.141979589966
43_20240826 08,13816.438401110496
43_20240826 09,13908.565150856988
43_20240826 10,13962.643470349429
43_20240826 11,14002.587543622209
43_20240826 12,14053.681536309416
43_20240826 13,14055.929866001647
43_20240826 14,14068.42550661121
43_20240826 15,14251.128260372836
43_20240826 16,14460.44166592442
43_20240826 17,14229.853239516004
43_20240826 18,14258.541690544385
43_20240826 19,14041.501819666173
43_20240826 20,13996.481971785639
43_20240826 21,13905.334938630924
43_20240826 22,14087.537618572034
43_20240826 23,14619.84316215781
43_20240827 00,14816.922110338863
43_20240827 01,14889.745139332983
43_20240827 02,14888.139946618936
43_20240827 03,14548.705624493987
43_20240827 04,14265.238282423074
43_20240827 05,14012.839932011306
43_20240827 06,13857.218311003457
43_20240827 07,13918.300603263591
43_20240827 08,13963.848528501287
43_20240827 09,14019.219960827479
43_20240827 10,14115.181419064045
43_20240827 11,14070.011144883627
43_20240827 12,14115.295403592421
43_20240827 13,14126.510768248498
43_20240827 14,14128.147684292315
43_20240827 15,14224.903143846588
43_20240827 16,14225.161645145903
43_20240827 17,14233.862667902773
43_20240827 18,14212.612931235934
43_20240827 19,14085.24940731216
43_20240827 20,14032.43531449267
43_20240827 21,13917.79265833321
43_20240827 22,14122.91012098634
43_20240827 23,14593.105763892081
43_20240828 00,14843.022909053623
43_20240828 01,14825.994642300717
43_20240828 02,14650.054146717719
43_20240828 03,14422.856030991241
43_20240828 04,14254.561943518476
43_20240828 05,14003.184538198126
43_20240828 06,13896.644306994029
43_20240828 07,13932.718524559881
43_20240828 08,13969.175390427252
43_20240828 09,14033.48002736374
43_20240828 10,14107.549609696785
43_20240828 11,14130.739195682381
43_20240828 12,14142.080856724706
43_20240828 13,14131.032345785941
43_20240828 14,14152.544415254648
43_20240828 15,14233.032776839857
43_20240828 16,14260.907686169052
43_20240828 17,14261.380519554754
43_20240828 18,14242.36742274937
43_20240828 19,14118.185710045043
43_20240828 20,14053.81788274312
43_20240828 21,13940.55872419215
43_20240828 22,14139.404178227345
43_20240828 23,14640.28939076603
43_20240829 00,14831.976845908655
43_20240829 01,14875.050651297013
43_20240829 02,14620.015193675847
43_20240829 03,14316.504008798347
43_20240829 04,14176.387378965068
43_20240829 05,13940.2044960582
43_20240829 06,13826.962956247331
43_20240829 07,13865.777909215325
43_20240829 08,14067.344258138402
43_20240829 09,14570.05584229253
43_20240829 10,14780.685091466468
43_20240829 11,14839.990260611488
43_20240829 12,14744.757840032225
43_20240829 13,14725.012694303521
43_20240829 14,14652.257995268963
43_20240829 15,14618.904677796289
43_20240829 16,14319.797041683647
43_20240829 17,14316.65614543255
43_20240829 18,14219.063668796076
43_20240829 19,14091.10506704489
43_20240829 20,13997.920024543027
43_20240829 21,13905.567735852235
43_20240829 22,14115.284313294762
43_20240829 23,14459.658471780747
43_20240830 00,14643.364453274044
43_20240830 01,14700.71602986417
43_20240830 02,14495.598211350123
43_20240830 03,14302.718764950136
43_20240830 04,14127.870424135017
43_20240830 05,13952.10448071545
43_20240830 06,13823.300754852658
43_20240830 07,13856.991019036186
43_20240830 08,13918.92749228463
43_20240830 09,13944.972054754922
43_20240830 10,13981.540435593219
43_20240830 11,14020.489094292992
43_20240830 12,14045.410992428635
43_20240830 13,14056.380906097073
43_20240830 14,14065.041911567132
43_20240830 15,14151.60153560402
43_20240830 16,14188.388866157158
43_20240830 17,14176.436449080013
43_20240830 18,14143.713517211854
43_20240830 19,14024.19212876047
43_20240830 20,13933.190699988683
43_20240830 21,13843.256836375787
43_20240830 22,14121.179952562283
43_20240830 23,14613.45072169871
43_20240831 00,14795.235242033032
43_20240831 01,14748.468905581378
43_20240831 02,14548.260435428554
43_20240831 03,14176.918083828485
43_20240831 04,13833.644556212028
43_20240831 05,13742.611039402236
43_20240831 06,13712.413156158294
43_20240831 07,13696.10560460233
43_20240831 08,13707.42939389256
43_20240831 09,13716.323168023273
43_20240831 10,13695.26856431981
43_20240831 11,13686.976966200187
43_20240831 12,13712.179284692222
43_20240831 13,13709.519006236576
43_20240831 14,13700.918121733917
43_20240831 15,13709.435009302744
43_20240831 16,13721.136724737564
43_20240831 17,13710.739018386377
43_20240831 18,13692.321992745363
43_20240831 19,13679.360104086703
43_20240831 20,13687.336158444132
43_20240831 21,13648.283887682592
43_20240831 22,13717.490457158445
43_20240831 23,13781.510567526642
44_20240825 00,1719.2962275769805
44_20240825 01,1709.1800069009228
44_20240825 02,1697.7196497414302
44_20240825 03,1634.651292248047
44_20240825 04,1649.5159619627134
44_20240825 05,1674.0025707569425
44_20240825 06,1692.9238071561253
44_20240825 07,1711.8762417796318
44_20240825 08,1794.3106671134374
44_20240825 09,1806.2668993503657
44_20240825 10,1851.6684252305672
44_20240825 11,1904.5142151465416
44_20240825 12,1912.7961804035476
44_20240825 13,1897.1148445542017
44_20240825 14,1927.4416042580417
44_20240825 15,1945.8811097341895
44_20240825 16,1940.5648534607058
44_20240825 17,1809.9603937239779
44_20240825 18,1786.9051042381889
44_20240825 19,1808.0433283521468
44_20240825 20,1784.0609062726085
44_20240825 21,1779.3077951105226
44_20240825 22,1755.5705741167467
44_20240825 23,1753.0599074653826
44_20240826 00,1781.7376693373797
44_20240826 01,1785.6740931345448
44_20240826 02,1779.3335873577857
44_20240826 03,1761.3601737951685
44_20240826 04,1690.5711126906942
44_20240826 05,1725.6702627458258
44_20240826 06,2136.769308990938
44_20240826 07,2401.1964746987533
44_20240826 08,2727.8794969255914
44_20240826 09,2827.378494042743
44_20240826 10,2795.5902891590617
44_20240826 11,2743.229644120686
44_20240826 12,2744.7735343065356
44_20240826 13,2677.467003573309
44_20240826 14,2694.8662763610546
44_20240826 15,2749.1065812416064
44_20240826 16,2731.7674770120216
44_20240826 17,2464.4301320612794
44_20240826 18,1913.8888501626739
44_20240826 19,1837.3023976407226
44_20240826 20,1763.8711892935225
44_20240826 21,1729.353475475087
44_20240826 22,1715.9372725962596
44_20240826 23,1711.6607588998186
44_20240827 00,1778.915626900091
44_20240827 01,1781.6071583143096
44_20240827 02,1769.646010892377
44_20240827 03,1718.9946250243088
44_20240827 04,1683.6068045344273
44_20240827 05,1707.0092276119854
44_20240827 06,2194.3947065323
44_20240827 07,2437.687844475776
44_20240827 08,2743.9740715535554
44_20240827 09,2827.6074930371988
44_20240827 10,2804.607534428659
44_20240827 11,2768.737269033111
44_20240827 12,2785.645828175606
44_20240827 13,2714.8782233248726
44_20240827 14,2743.66571139129
44_20240827 15,2769.1422827504293
44_20240827 16,2747.3471021095434
44_20240827 17,2473.446692801624
44_20240827 18,1927.4910331827243
44_20240827 19,1818.019387689029
44_20240827 20,1772.9935130911094
44_20240827 21,1736.4896866610898
44_20240827 22,1713.3884980848438
44_20240827 23,1697.4653197720527
44_20240828 00,1750.0028670032843
44_20240828 01,1746.614947715401
44_20240828 02,1702.3068387147175
44_20240828 03,1679.89350468408
44_20240828 04,1619.980491649032
44_20240828 05,1680.424235748103
44_20240828 06,2176.1912036842987
44_20240828 07,2298.5292625742313
44_20240828 08,2673.2703221322217
44_20240828 09,2769.8103241273993
44_20240828 10,2740.662815613332
44_20240828 11,2694.2097573130204
44_20240828 12,2695.768428628581
44_20240828 13,2673.145589594791
44_20240828 14,2724.6843086698454
44_20240828 15,2748.755152523405
44_20240828 16,2724.377973615665
44_20240828 17,2462.122907812124
44_20240828 18,1894.898986396864
44_20240828 19,1821.0493704679625
44_20240828 20,1779.5331499940744
44_20240828 21,1742.7048515746508
44_20240828 22,1713.9322298430889
44_20240828 23,1691.5346377955004
44_20240829 00,1742.6798148346988
44_20240829 01,1751.7920018105056
44_20240829 02,1737.744977170682
44_20240829 03,1715.5409986798936
44_20240829 04,1680.3945586282744
44_20240829 05,1698.5736649096762
44_20240829 06,2189.536555338891
44_20240829 07,2401.3611321949174
44_20240829 08,2708.370138893534
44_20240829 09,2800.025741437127
44_20240829 10,2778.344368584997
44_20240829 11,2749.4113218294215
44_20240829 12,2764.1618198578612
44_20240829 13,2699.9651170149523
44_20240829 14,2722.414835789721
44_20240829 15,2740.3886231562874
44_20240829 16,2700.076579189773
44_20240829 17,2511.133284007057
44_20240829 18,1909.359450981634
44_20240829 19,1883.0408233038588
44_20240829 20,1811.921470403784
44_20240829 21,1770.3090705065856
44_20240829 22,1747.205300989374
44_20240829 23,1700.2600543147319
44_20240830 00,1763.5680066232833
44_20240830 01,1770.590169151471
44_20240830 02,1739.0522264561841
44_20240830 03,1709.831563244872
44_20240830 04,1675.0522697871575
44_20240830 05,1706.5107040095154
44_20240830 06,2156.3516711650773
44_20240830 07,2369.484030670796
44_20240830 08,2634.131342369995
44_20240830 09,2751.411413034567
44_20240830 10,2725.6231014786185
44_20240830 11,2674.6670321024917
44_20240830 12,2687.603412333484
44_20240830 13,2620.0844211367944
44_20240830 14,2638.6695598888055
44_20240830 15,2659.145061544841
44_20240830 16,2633.0118529263736
44_20240830 17,2429.0862593810098
44_20240830 18,1867.1677141344367
44_20240830 19,1813.7116110864504
44_20240830 20,1734.7618303678328
44_20240830 21,1692.436057384584
44_20240830 22,1666.5812122128846
44_20240830 23,1654.939971855379
44_20240831 00,1617.7993962385722
44_20240831 01,1614.481752483083
44_20240831 02,1606.2975839647618
44_20240831 03,1605.8062061831288
44_20240831 04,1615.614618185758
44_20240831 05,1615.1124273004716
44_20240831 06,1598.913843711558
44_20240831 07,1677.5806308361794
44_20240831 08,1685.940395883561
44_20240831 09,1752.425404442482
44_20240831 10,1803.4763200179095
44_20240831 11,1850.302319068473
44_20240831 12,1843.3203842919288
44_20240831 13,1839.2249503570927
44_20240831 14,1832.9049276042197
44_20240831 15,1867.004982560733
44_20240831 16,1853.030942628643
44_20240831 17,1734.502627748829
44_20240831 18,1694.098848875328
44_20240831 19,1685.6782346684608
44_20240831 20,1628.0330999597404
44_20240831 21,1604.706349068149
44_20240831 22,1553.4866156560115
44_20240831 23,1522.8664518427502
45_20240825 00,1992.9400928985297
45_20240825 01,1613.3480096689223
45_20240825 02,1612.8805057685042
45_20240825 03,1569.937968654147
45_20240825 04,1494.6418329858805
45_20240825 05,1493.5370561851526
45_20240825 06,1637.0092524778438
45_20240825 07,2077.2937920427894
45_20240825 08,2776.2588849782233
45_20240825 09,4769.7198704291795
45_20240825 10,8918.021226768507
45_20240825 11,9566.066535243934
45_20240825 12,9561.402456128682
45_20240825 13,9649.524091007424
45_20240825 14,9829.858773614673
45_20240825 15,9677.6235204657
45_20240825 16,9256.361367332802
45_20240825 17,9310.653529340227
45_20240825 18,9270.524676063858
45_20240825 19,8935.69347656952
45_20240825 20,6974.080139109609
45_20240825 21,4046.819906298631
45_20240825 22,2776.2290862877435
45_20240825 23,2287.169044081567
45_20240826 00,1948.1098395001409
45_20240826 01,1598.1637967430888
45_20240826 02,1579.8132221183928
45_20240826 03,1554.6064829304878
45_20240826 04,1476.847814675412
45_20240826 05,1478.9356956775755
45_20240826 06,1649.9831085574183
45_20240826 07,2090.4854661335094
45_20240826 08,2767.429530495465
45_20240826 09,4706.195229666868
45_20240826 10,8409.273728225382
45_20240826 11,8770.050440967932
45_20240826 12,8766.405123562821
45_20240826 13,8555.257581596316
45_20240826 14,8716.764650908219
45_20240826 15,8763.332170567286
45_20240826 16,8655.62792578233
45_20240826 17,8296.845214060411
45_20240826 18,8331.944190038905
45_20240826 19,7816.624250952485
45_20240826 20,6192.861312832465
45_20240826 21,3668.313132502062
45_20240826 22,2743.7380663915073
45_20240826 23,2293.7776431110137
45_20240827 00,1912.2819717276068
45_20240827 01,1559.7529853819565
45_20240827 02,1565.6502425345093
45_20240827 03,1577.3319881035043
45_20240827 04,1486.735684999281
45_20240827 05,1482.8255309707683
45_20240827 06,1698.1642270903217
45_20240827 07,2135.4597975253964
45_20240827 08,2784.7542841564727
45_20240827 09,4907.35485999794
45_20240827 10,8897.095859651217
45_20240827 11,9436.88773595385
45_20240827 12,9508.06535941055
45_20240827 13,9444.245080787137
45_20240827 14,9252.0694838036
45_20240827 15,9160.022376341458
45_20240827 16,9116.44022603385
45_20240827 17,8927.389567791543
45_20240827 18,8863.921789801381
45_20240827 19,8056.9859950180125
45_20240827 20,6064.4056803131025
45_20240827 21,3732.6451807281346
45_20240827 22,2736.742383073407
45_20240827 23,2327.239517291501
45_20240828 00,1929.0239797002696
45_20240828 01,1580.4994891979825
45_20240828 02,1585.294971478572
45_20240828 03,1575.9508658701375
45_20240828 04,1507.5618402043942
45_20240828 05,1518.5347319835573
45_20240828 06,1708.762383059328
45_20240828 07,2116.511413946742
45_20240828 08,2846.884220657686
45_20240828 09,4827.567898448122
45_20240828 10,8573.932396004042
45_20240828 11,9382.847562746549
45_20240828 12,9271.64831057818
45_20240828 13,9123.378922973376
45_20240828 14,9224.231111547484
45_20240828 15,9034.793971206615
45_20240828 16,9181.13467241709
45_20240828 17,9125.667387641588
45_20240828 18,8950.569998469025
45_20240828 19,8347.22239026733
45_20240828 20,6142.496091406871
45_20240828 21,3887.245438977889
45_20240828 22,2815.6255221636475
45_20240828 23,2360.752637404752
45_20240829 00,2036.5982942284104
45_20240829 01,1622.9556022513077
45_20240829 02,1637.5754171119709
45_20240829 03,1614.2622415239714
45_20240829 04,1529.7464495998756
45_20240829 05,1524.5697217351403
45_20240829 06,1719.3474322819543
45_20240829 07,2125.1192130464674
45_20240829 08,2832.927175953453
45_20240829 09,4997.690878804192
45_20240829 10,8847.698817145574
45_20240829 11,9375.536534738185
45_20240829 12,9337.988936836227
45_20240829 13,9351.443462554125
45_20240829 14,9355.710497820392
45_20240829 15,9237.22190819926
45_20240829 16,9221.44818938394
45_20240829 17,9185.566949414038
45_20240829 18,9164.178068996434
45_20240829 19,8635.25056408042
45_20240829 20,6301.42726223555
45_20240829 21,4029.0560307315304
45_20240829 22,2940.3673503569557
45_20240829 23,2403.6203977125965
45_20240830 00,2047.2411630815532
45_20240830 01,1618.3570650287377
45_20240830 02,1626.9413393739121
45_20240830 03,1608.199189439586
45_20240830 04,1518.1567053459842
45_20240830 05,1526.4723249505403
45_20240830 06,1707.2589282777376
45_20240830 07,2187.1052458166237
45_20240830 08,2858.7616378434655
45_20240830 09,5082.110454387483
45_20240830 10,8876.523720017152
45_20240830 11,9405.18229706325
45_20240830 12,9455.948107210064
45_20240830 13,9408.000415215953
45_20240830 14,9323.87833921712
45_20240830 15,9343.362817149533
45_20240830 16,9159.986787989026
45_20240830 17,9133.18126090674
45_20240830 18,9050.965817299737
45_20240830 19,8886.479975195798
45_20240830 20,6817.429183197863
45_20240830 21,4146.924287748923
45_20240830 22,3010.1131838793463
45_20240830 23,2416.5600080049803
45_20240831 00,2063.0966398102637
45_20240831 01,1614.0111234942437
45_20240831 02,1650.5677445204728
45_20240831 03,1598.5694362077643
45_20240831 04,1515.5659728033247
45_20240831 05,1504.4920749273979
45_20240831 06,1667.8554036047653
45_20240831 07,2112.251530600216
45_20240831 08,2891.045317695376
45_20240831 09,4902.345161019766
45_20240831 10,8804.283428626375
45_20240831 11,9472.008948329181
45_20240831 12,9427.008892053385
45_20240831 13,9436.707803625402
45_20240831 14,9501.7409335197
45_20240831 15,9420.370788505072
45_20240831 16,9282.3490985342
45_20240831 17,9104.759506084221
45_20240831 18,9002.103360644609
45_20240831 19,8698.296382330833
45_20240831 20,6579.394607397409
45_20240831 21,3971.798648625606
45_20240831 22,3004.263971016657
45_20240831 23,2432.0744822463002
46_20240825 00,866.9773898391434
46_20240825 01,850.2863144564336
46_20240825 02,840.7500073146066
46_20240825 03,831.8242920913057
46_20240825 04,827.201401208719
46_20240825 05,822.9644547924559
46_20240825 06,801.4122684554798
46_20240825 07,773.3935867662078
46_20240825 08,721.0641674900587
46_20240825 09,688.5034487074753
46_20240825 10,670.5725228628262
46_20240825 11,641.5176487488471
46_20240825 12,649.2674300290416
46_20240825 13,738.3397141328114
46_20240825 14,789.4938632989482
46_20240825 15,812.3366833048765
46_20240825 16,837.9052889955292
46_20240825 17,878.2496494986128
46_20240825 18,911.6567848914648
46_20240825 19,975.4935945445491
46_20240825 20,985.6490900986857
46_20240825 21,972.7256345126711
46_20240825 22,947.1868382707346
46_20240825 23,917.9663096726478
46_20240826 00,900.3971537606039
46_20240826 01,879.8035638745366
46_20240826 02,866.5599795852411
46_20240826 03,858.5990335829307
46_20240826 04,850.7510338201345
46_20240826 05,852.4393982752082
46_20240826 06,869.3892494942572
46_20240826 07,906.0702870903456
46_20240826 08,1069.9341793144042
46_20240826 09,1527.6053956827868
46_20240826 10,1654.0920383734447
46_20240826 11,1718.9781948752418
46_20240826 12,1532.2077420754558
46_20240826 13,1672.296460789104
46_20240826 14,1723.2422294254432
46_20240826 15,1710.230728536081
46_20240826 16,1672.6814291891878
46_20240826 17,1538.895059843497
46_20240826 18,1309.8213013140917
46_20240826 19,1199.8201264873287
46_20240826 20,1120.287282437917
46_20240826 21,1066.3499929040725
46_20240826 22,1016.6722067715211
46_20240826 23,973.1883574102321
46_20240827 00,939.960770754834
46_20240827 01,900.7368139474412
46_20240827 02,879.9995102663585
46_20240827 03,875.5740827876232
46_20240827 04,864.5150461622845
46_20240827 05,868.1267819566705
46_20240827 06,889.2458011029469
46_20240827 07,938.6130377963933
46_20240827 08,1109.9709329477078
46_20240827 09,1536.7169984680718
46_20240827 10,1615.5826093387145
46_20240827 11,1607.5101557579046
46_20240827 12,1457.0878880888267
46_20240827 13,1564.9395779128738
46_20240827 14,1582.2973551137657
46_20240827 15,1572.1633002685771
46_20240827 16,1556.8438489287132
46_20240827 17,1483.1404394031274
46_20240827 18,1299.7183925782554
46_20240827 19,1171.9664080880432
46_20240827 20,1095.5826731991392
46_20240827 21,1056.9640799387848
46_20240827 22,1018.2339425032744
46_20240827 23,981.1842849733218
46_20240828 00,952.1115520984512
46_20240828 01,914.4948228927766
46_20240828 02,896.9205844974858
46_20240828 03,877.0724856484902
46_20240828 04,866.2932104781511
46_20240828 05,866.7285219437588
46_20240828 06,888.9135976875986
46_20240828 07,925.2301461679033
46_20240828 08,1063.4558744618666
46_20240828 09,1467.7621182724279
46_20240828 10,1573.039698859271
46_20240828 11,1615.6106884841613
46_20240828 12,1493.6264189973786
46_20240828 13,1652.9281287106892
46_20240828 14,1716.3523255795258
46_20240828 15,1726.0625077780392
46_20240828 16,1688.9355558660727
46_20240828 17,1574.638279026674
46_20240828 18,1326.0333991409725
46_20240828 19,1214.1889917362605
46_20240828 20,1115.2904209843962
46_20240828 21,1056.4782936796144
46_20240828 22,1016.7673043898661
46_20240828 23,981.0762830643653
46_20240829 00,953.1439424125595
46_20240829 01,916.8255991414042
46_20240829 02,890.8391522948361
46_20240829 03,870.046892870562
46_20240829 04,863.3914397136973
46_20240829 05,859.997855811968
46_20240829 06,874.9463768116927
46_20240829 07,907.7337099648358
46_20240829 08,1040.8778596191478
46_20240829 09,1481.757878157138
46_20240829 10,1592.4480727758594
46_20240829 11,1663.319978791338
46_20240829 12,1426.912847903176
46_20240829 13,1651.39495281968
46_20240829 14,1732.241325975529
46_20240829 15,1738.7031374632152
46_20240829 16,1696.5042356098202
46_20240829 17,1522.1179042526005
46_20240829 18,1276.565172776133
46_20240829 19,1167.90050858184
46_20240829 20,1102.877239030066
46_20240829 21,1042.7334649261497
46_20240829 22,1004.1765620076903
46_20240829 23,973.5188134573393
46_20240830 00,936.2542036361399
46_20240830 01,902.4533659023771
46_20240830 02,876.1191800112806
46_20240830 03,868.8483624632015
46_20240830 04,861.9953323602565
46_20240830 05,859.4006209019435
46_20240830 06,868.6109510407632
46_20240830 07,908.5165528115672
46_20240830 08,1044.7386512570656
46_20240830 09,1427.948337331874
46_20240830 10,1514.4349977358822
46_20240830 11,1554.413486115886
46_20240830 12,1323.7101399683247
46_20240830 13,1560.1279981046125
46_20240830 14,1612.36997420633
46_20240830 15,1638.0281664785696
46_20240830 16,1594.8092744400017
46_20240830 17,1385.2371359718554
46_20240830 18,1166.8477777963085
46_20240830 19,1076.7468279705538
46_20240830 20,1027.961162050428
46_20240830 21,984.6189218307632
46_20240830 22,951.4021292736998
46_20240830 23,915.5502645201867
46_20240831 00,871.5468444733127
46_20240831 01,864.6603861340677
46_20240831 02,843.2000487609382
46_20240831 03,843.1086231944835
46_20240831 04,833.1295319369892
46_20240831 05,820.8777420021843
46_20240831 06,790.6868355029857
46_20240831 07,758.318231317688
46_20240831 08,736.9331890997312
46_20240831 09,707.7039135157283
46_20240831 10,712.6345874631885
46_20240831 11,739.3518352390006
46_20240831 12,717.4823975673969
46_20240831 13,791.4329980292564
46_20240831 14,825.0602948677029
46_20240831 15,948.3671409710926
46_20240831 16,916.9150992264766
46_20240831 17,921.1228550580092
46_20240831 18,927.7451559756702
46_20240831 19,944.907351502007
46_20240831 20,946.2289372034284
46_20240831 21,935.2547040355294
46_20240831 22,914.5600009109901
46_20240831 23,896.1253783990578
47_20240825 00,504.88412130109305
47_20240825 01,469.2716692017116
47_20240825 02,452.21499384850074
47_20240825 03,441.9955441613747
47_20240825 04,437.7412902538738
47_20240825 05,472.5709705087534
47_20240825 06,532.4707198832539
47_20240825 07,614.7924355967249
47_20240825 08,745.6170326839767
47_20240825 09,857.9803225382806
47_20240825 10,859.7793935824559
47_20240825 11,871.4811035731043
47_20240825 12,894.4355629281201
47_20240825 13,915.029130970204
47_20240825 14,903.1733075503432
47_20240825 15,894.2170312603987
47_20240825 16,880.6288533815743
47_20240825 17,861.90870634358
47_20240825 18,795.3066645618289
47_20240825 19,643.3347425809287
47_20240825 20,596.1871653744038
47_20240825 21,581.1796542866485
47_20240825 22,532.4352713812534
47_20240825 23,500.95313819245837
47_20240826 00,498.76746856359
47_20240826 01,450.86030888987165
47_20240826 02,436.86273479682916
47_20240826 03,433.91644226656257
47_20240826 04,458.1274098853582
47_20240826 05,555.8584418458602
47_20240826 06,841.3146040707588
47_20240826 07,1277.3587657995954
47_20240826 08,1495.6483608618557
47_20240826 09,1690.0459352141238
47_20240826 10,1812.245839083407
47_20240826 11,1833.446366135276
47_20240826 12,1827.6633830557034
47_20240826 13,1836.5422157603755
47_20240826 14,1794.0012298957
47_20240826 15,1716.8979590468812
47_20240826 16,1597.5947040045612
47_20240826 17,1524.2040506578749
47_20240826 18,1368.134164655131
47_20240826 19,1222.416673771576
47_20240826 20,881.65523443353
47_20240826 21,679.2687383329115
47_20240826 22,641.2069168426787
47_20240826 23,570.9103838722175
47_20240827 00,556.4758374938142
47_20240827 01,495.99781648732335
47_20240827 02,476.04756062820854
47_20240827 03,472.9151330657441
47_20240827 04,486.4525184878987
47_20240827 05,554.6580816036612
47_20240827 06,802.454623896183
47_20240827 07,1234.5960406092463
47_20240827 08,1463.363623294125
47_20240827 09,1676.8401672226764
47_20240827 10,1760.656578894545
47_20240827 11,1783.8241855102008
47_20240827 12,1781.0585428133181
47_20240827 13,1768.5914493283888
47_20240827 14,1716.194315820875
47_20240827 15,1665.0917529134585
47_20240827 16,1566.6023283038483
47_20240827 17,1493.3830567147502
47_20240827 18,1351.774206767056
47_20240827 19,1212.5958413908872
47_20240827 20,878.3236275596782
47_20240827 21,719.7959645834821
47_20240827 22,626.7233973198124
47_20240827 23,557.501731616078
47_20240828 00,544.9755163671155
47_20240828 01,482.33897210475834
47_20240828 02,472.82761157288456
47_20240828 03,471.86676584022734
47_20240828 04,492.8324562365288
47_20240828 05,513.7475782401912
47_20240828 06,746.6630842084339
47_20240828 07,1206.2656022407562
47_20240828 08,1469.8093710489372
47_20240828 09,1674.8910030314064
47_20240828 10,1795.6821434310914
47_20240828 11,1803.3854147854322
47_20240828 12,1809.8641711717446
47_20240828 13,1810.7210956803888
47_20240828 14,1768.4848337038766
47_20240828 15,1690.280515285154
47_20240828 16,1580.9773020441457
47_20240828 17,1524.7116540437037
47_20240828 18,1379.3257538204093
47_20240828 19,1235.8729053352506
47_20240828 20,913.8816197671001
47_20240828 21,748.953694622861
47_20240828 22,646.3064521413254
47_20240828 23,574.040068403658
47_20240829 00,552.31807214329
47_20240829 01,502.77586418392417
47_20240829 02,488.0554406434456
47_20240829 03,485.556263174403
47_20240829 04,502.43354289158225
47_20240829 05,540.3648769806127
47_20240829 06,780.2623895046203
47_20240829 07,1195.0741775591173
47_20240829 08,1465.5578950586691
47_20240829 09,1661.9902026967716
47_20240829 10,1781.6022938912506
47_20240829 11,1804.1197715422281
47_20240829 12,1806.5780842873585
47_20240829 13,1813.4096520586488
47_20240829 14,1762.239899748161
47_20240829 15,1685.7662558070688
47_20240829 16,1579.2269475748012
47_20240829 17,1512.2353851948892
47_20240829 18,1359.8504654805056
47_20240829 19,1190.2599399934713
47_20240829 20,849.4703224206955
47_20240829 21,680.3142040370319
47_20240829 22,633.5164238242407
47_20240829 23,561.7795641231048
47_20240830 00,553.2692164778778
47_20240830 01,499.50360216877
47_20240830 02,487.24907310041124
47_20240830 03,483.9418691939741
47_20240830 04,498.6529265610691
47_20240830 05,518.3633649103642
47_20240830 06,748.0642651533385
47_20240830 07,1207.7462564505854
47_20240830 08,1480.6135838447067
47_20240830 09,1674.143421025761
47_20240830 10,1788.8240529583875
47_20240830 11,1824.25946909997
47_20240830 12,1823.4889589134098
47_20240830 13,1824.8525447217125
47_20240830 14,1765.121585953044
47_20240830 15,1662.3727066073825
47_20240830 16,1539.6121724802392
47_20240830 17,1465.6032968196798
47_20240830 18,1310.002290883528
47_20240830 19,1160.9941457286313
47_20240830 20,817.5087264070365
47_20240830 21,649.6880954866904
47_20240830 22,595.5957549645152
47_20240830 23,550.2558364236772
47_20240831 00,540.79855225334
47_20240831 01,478.44079976537523
47_20240831 02,462.38625767032283
47_20240831 03,456.6437224124568
47_20240831 04,451.96772695109286
47_20240831 05,498.6360274140642
47_20240831 06,761.8543878189657
47_20240831 07,996.8153575141125
47_20240831 08,1108.4455376878743
47_20240831 09,1160.6198344818577
47_20240831 10,1209.608682224704
47_20240831 11,1253.0467256532415
47_20240831 12,1275.3085410836109
47_20240831 13,1267.2071546951543
47_20240831 14,1169.1949349829347
47_20240831 15,1112.440720284258
47_20240831 16,1085.6589549676778
47_20240831 17,949.5098761642894
47_20240831 18,915.6505540037831
47_20240831 19,884.7798731171346
47_20240831 20,788.8363738552696
47_20240831 21,687.8272412943747
47_20240831 22,556.8552674461226
47_20240831 23,508.76713417485564
48_20240825 00,4275.666125575764
48_20240825 01,4235.197930889508
48_20240825 02,4272.641349176691
48_20240825 03,4257.0044720732385
48_20240825 04,4227.065210409036
48_20240825 05,4130.218312884089
48_20240825 06,4185.482150791937
48_20240825 07,4100.258250177183
48_20240825 08,3773.266376849633
48_20240825 09,3766.1956480072745
48_20240825 10,3845.463161675624
48_20240825 11,3916.1089511241726
48_20240825 12,3974.624122693994
48_20240825 13,3919.2825077985576
48_20240825 14,3921.397771532964
48_20240825 15,3864.4398534350075
48_20240825 16,3792.1699404615674
48_20240825 17,3716.525100069119
48_20240825 18,3713.9605623781977
48_20240825 19,3672.3436940819483
48_20240825 20,3702.638881009049
48_20240825 21,3811.9121186065186
48_20240825 22,4249.925875745394
48_20240825 23,4365.346189945174
48_20240826 00,4248.124021059424
48_20240826 01,4220.531234571241
48_20240826 02,4198.874790411461
48_20240826 03,4193.745833614633
48_20240826 04,4163.94626988341
48_20240826 05,4164.107347161196
48_20240826 06,4132.663700433797
48_20240826 07,4110.346020883425
48_20240826 08,4315.497137935782
48_20240826 09,4415.934403228281
48_20240826 10,4627.47566508815
48_20240826 11,4670.017665129073
48_20240826 12,4739.730633662731
48_20240826 13,4691.9868027364255
48_20240826 14,4715.540549146892
48_20240826 15,4711.117506707144
48_20240826 16,4665.649259663375
48_20240826 17,4402.482604207854
48_20240826 18,4182.9749805111815
48_20240826 19,4097.101623600449
48_20240826 20,4031.9715022095784
48_20240826 21,4113.077677340605
48_20240826 22,4266.943234966529
48_20240826 23,4375.389501411037
48_20240827 00,4322.060065233344
48_20240827 01,4267.628433220176
48_20240827 02,4321.558247073307
48_20240827 03,4277.79915462409
48_20240827 04,4210.243947873793
48_20240827 05,4109.3348082101875
48_20240827 06,4207.024518857799
48_20240827 07,4097.423644742835
48_20240827 08,4258.866772073794
48_20240827 09,4388.882111377507
48_20240827 10,4414.0609491106825
48_20240827 11,4366.267993384879
48_20240827 12,4406.324464763514
48_20240827 13,4346.815142383594
48_20240827 14,4341.7287005960325
48_20240827 15,4323.358329932917
48_20240827 16,4315.825207927623
48_20240827 17,4237.088693149675
48_20240827 18,4159.572446615363
48_20240827 19,4137.873664563172
48_20240827 20,4181.23689819439
48_20240827 21,4231.822271294783
48_20240827 22,4229.332194130858
48_20240827 23,4308.202342352077
48_20240828 00,4254.005500415939
48_20240828 01,4202.650520717654
48_20240828 02,4223.021817791705
48_20240828 03,4190.911234435916
48_20240828 04,4163.427270977391
48_20240828 05,4153.8666125191985
48_20240828 06,4190.717181230085
48_20240828 07,4082.2989822215523
48_20240828 08,4241.951402655383
48_20240828 09,4365.928123311463
48_20240828 10,4417.361089457407
48_20240828 11,4436.153050123592
48_20240828 12,4472.879825093337
48_20240828 13,4651.974843839396
48_20240828 14,4644.57826919003
48_20240828 15,4626.7620257864355
48_20240828 16,4660.810700763173
48_20240828 17,4489.914067395375
48_20240828 18,4120.968559877549
48_20240828 19,4064.1317791407973
48_20240828 20,3906.441709886848
48_20240828 21,3919.8773936466523
48_20240828 22,4201.789260825286
48_20240828 23,4249.284657108628
48_20240829 00,4245.049003978021
48_20240829 01,4195.749048970666
48_20240829 02,4178.893321887817
48_20240829 03,4174.44119449771
48_20240829 04,4093.682250025127
48_20240829 05,4050.723307011578
48_20240829 06,4117.831294740325
48_20240829 07,4069.1721156638105
48_20240829 08,4256.166259900289
48_20240829 09,4314.117400384769
48_20240829 10,4409.679363662966
48_20240829 11,4413.047962090809
48_20240829 12,4642.424683809333
48_20240829 13,4634.10145541124
48_20240829 14,4682.323338431623
48_20240829 15,4647.344745383473
48_20240829 16,4650.188364343088
48_20240829 17,4465.333405195091
48_20240829 18,4077.814468544274
48_20240829 19,4023.7653590513546
48_20240829 20,3892.3842697279865
48_20240829 21,3844.9687460330156
48_20240829 22,4213.639899307458
48_20240829 23,4310.226386364247
48_20240830 00,4253.613985403761
48_20240830 01,4164.622789394306
48_20240830 02,4090.4307355204496
48_20240830 03,4099.545985004201
48_20240830 04,4050.8127546258333
48_20240830 05,4061.599441375274
48_20240830 06,4166.412025806381
48_20240830 07,4090.4549189705735
48_20240830 08,4159.747556437028
48_20240830 09,4333.9977745372125
48_20240830 10,4595.921931134713
48_20240830 11,4588.4534127825755
48_20240830 12,4634.778286111432
48_20240830 13,4607.110209897635
48_20240830 14,4606.308819937846
48_20240830 15,4611.63448225987
48_20240830 16,4622.876719693921
48_20240830 17,4413.789792307774
48_20240830 18,4090.949058424068
48_20240830 19,3979.3696291688116
48_20240830 20,4003.490023217094
48_20240830 21,4017.3093334352566
48_20240830 22,4168.475356965468
48_20240830 23,4260.531530384135
48_20240831 00,4231.775659996176
48_20240831 01,4178.17662425996
48_20240831 02,4144.3135407245445
48_20240831 03,4123.773734364043
48_20240831 04,4121.3340952818235
48_20240831 05,4065.8787094333898
48_20240831 06,4008.301600778891
48_20240831 07,3864.9805062030728
48_20240831 08,3915.9763204631104
48_20240831 09,4090.425034514207
48_20240831 10,4040.119077363599
48_20240831 11,4025.6555782853384
48_20240831 12,4092.436642490082
48_20240831 13,3941.92857127637
48_20240831 14,3983.8062467558425
48_20240831 15,3895.4351048236404
48_20240831 16,3839.9488209791916
48_20240831 17,3803.0544542859348
48_20240831 18,3727.2470482647386
48_20240831 19,3639.0881777587388
48_20240831 20,3608.2821009814484
48_20240831 21,3654.15485675938
48_20240831 22,4068.1979795975976
48_20240831 23,4166.244255606256
49_20240825 00,581.1210488746613
49_20240825 01,576.8347796760917
49_20240825 02,576.8452056863316
49_20240825 03,574.785522198184
49_20240825 04,574.0865477776281
49_20240825 05,571.9886317739812
49_20240825 06,580.6311858841781
49_20240825 07,584.7040969528493
49_20240825 08,580.828836930915
49_20240825 09,573.246091117591
49_20240825 10,574.2223494193597
49_20240825 11,661.1679287571598
49_20240825 12,632.8567207125342
49_20240825 13,740.3400389576187
49_20240825 14,749.907312052744
49_20240825 15,726.3846074504677
49_20240825 16,785.8090665102721
49_20240825 17,736.9808234977135
49_20240825 18,674.6144113210753
49_20240825 19,705.9729839129609
49_20240825 20,697.2929497194656
49_20240825 21,714.0040797572788
49_20240825 22,1238.3368280360814
49_20240825 23,1359.5351747791387
49_20240826 00,1490.0704951370285
49_20240826 01,1482.1050206235873
49_20240826 02,1473.0027963810646
49_20240826 03,1461.5772160656647
49_20240826 04,1475.523775859775
49_20240826 05,1554.6148031106084
49_20240826 06,1951.488199114573
49_20240826 07,1756.0641951608236
49_20240826 08,1662.7546884111673
49_20240826 09,1629.8633038864127
49_20240826 10,1645.9456422170238
49_20240826 11,1631.059888909005
49_20240826 12,1641.5804574483295
49_20240826 13,1757.5967136586792
49_20240826 14,1925.789741134614
49_20240826 15,1934.4126677961203
49_20240826 16,1940.6248524992009
49_20240826 17,1940.674993839255
49_20240826 18,1763.3776884948093
49_20240826 19,1153.8940804004797
49_20240826 20,857.5882312672203
49_20240826 21,809.5793811214169
49_20240826 22,1201.102202267987
49_20240826 23,1276.9946056078147
49_20240827 00,1497.3514784861907
49_20240827 01,1490.9749246035935
49_20240827 02,1481.2660034698824
49_20240827 03,1480.089564091532
49_20240827 04,1482.4865301059115
49_20240827 05,1566.5200454478413
49_20240827 06,2053.05064385326
49_20240827 07,1792.6688184167679
49_20240827 08,1666.6560635616934
49_20240827 09,1615.0632941361569
49_20240827 10,1593.8804475063812
49_20240827 11,1580.5708662923885
49_20240827 12,1582.0306367922863
49_20240827 13,1731.8523302618885
49_20240827 14,1868.4359680320754
49_20240827 15,1941.975916488487
49_20240827 16,1936.1668872937412
49_20240827 17,1971.3299292687825
49_20240827 18,1741.92128351959
49_20240827 19,1099.634023083644
49_20240827 20,853.5710098039549
49_20240827 21,821.4920030112021
49_20240827 22,1194.7334567281332
49_20240827 23,1302.7993424886358
49_20240828 00,1542.9275095296668
49_20240828 01,1537.3509381756899
49_20240828 02,1548.5117642780235
49_20240828 03,1512.4054244660067
49_20240828 04,1506.434701053698
49_20240828 05,1560.947053942958
49_20240828 06,1976.6104076390943
49_20240828 07,1767.7276422007285
49_20240828 08,1690.5018055836508
49_20240828 09,1649.0240182405767
49_20240828 10,1651.8134489850415
49_20240828 11,1583.3630976564475
49_20240828 12,1549.1677442102393
49_20240828 13,1695.9686346097799
49_20240828 14,1938.8208342197624
49_20240828 15,1976.727858684806
49_20240828 16,1982.037089537178
49_20240828 17,1976.9645509442003
49_20240828 18,1752.9273464747616
49_20240828 19,1112.5028808049738
49_20240828 20,834.2485415018303
49_20240828 21,714.7840821458199
49_20240828 22,789.3524500182282
49_20240828 23,787.2048865051747
49_20240829 00,1364.8247493304857
49_20240829 01,1196.8310304617687
49_20240829 02,1202.1800758979532
49_20240829 03,1206.4438344739488
49_20240829 04,1199.2292232418201
49_20240829 05,1498.778285902636
49_20240829 06,1933.9419988930204
49_20240829 07,1730.06378872728
49_20240829 08,1586.3420132257438
49_20240829 09,1588.5972355389656
49_20240829 10,1588.2428276814535
49_20240829 11,1559.7303366291171
49_20240829 12,1522.126292418334
49_20240829 13,1653.0511791873319
49_20240829 14,1788.8628847953605
49_20240829 15,1899.926091391505
49_20240829 16,1915.3965308192455
49_20240829 17,1895.0243819841824
49_20240829 18,1439.693154477261
49_20240829 19,1085.9696686046602
49_20240829 20,815.6139851446983
49_20240829 21,795.6059102848807
49_20240829 22,1191.6984215776088
49_20240829 23,1294.0643890886968
49_20240830 00,1510.986282280855
49_20240830 01,1482.9395921620426
49_20240830 02,1486.9960219033205
49_20240830 03,1483.4153714999184
49_20240830 04,1489.6912091418512
49_20240830 05,1564.6840464481231
49_20240830 06,1878.8188731317755
49_20240830 07,1735.1961121183467
49_20240830 08,1659.297946244746
49_20240830 09,1601.008029776353
49_20240830 10,1583.9137169801488
49_20240830 11,1571.4536772580173
49_20240830 12,1556.6272324400893
49_20240830 13,1675.56078877233
49_20240830 14,1889.5265881431849
49_20240830 15,1913.817930000755
49_20240830 16,1939.366094532809
49_20240830 17,1915.3905483392773
49_20240830 18,1690.5417302550836
49_20240830 19,1060.9976559916918
49_20240830 20,780.9307139541195
49_20240830 21,700.2667702042512
49_20240830 22,604.1362501379011
49_20240830 23,593.3133462704776
49_20240831 00,593.8799889662671
49_20240831 01,592.5040480634252
49_20240831 02,588.6804666218088
49_20240831 03,584.5339216775583
49_20240831 04,576.1128461048567
49_20240831 05,566.8723548848428
49_20240831 06,567.6380465063685
49_20240831 07,577.2825532564482
49_20240831 08,573.9809788263144
49_20240831 09,561.0087298284329
49_20240831 10,580.3051907750005
49_20240831 11,628.8043393472415
49_20240831 12,615.8716679263704
49_20240831 13,628.9791868231775
49_20240831 14,715.4757415608872
49_20240831 15,730.1385524216197
49_20240831 16,628.3864715756214
49_20240831 17,625.6541327967074
49_20240831 18,627.4864715285844
49_20240831 19,626.2847815122053
49_20240831 20,631.4499002269029
49_20240831 21,610.7908828702087
49_20240831 22,587.9239086119813
49_20240831 23,586.2339829428241
50_20240825 00,1488.5865378040025
50_20240825 01,1479.1316535336164
50_20240825 02,1481.8496914218633
50_20240825 03,1488.4315628913705
50_20240825 04,1498.088933485774
50_20240825 05,1503.3898565003901
50_20240825 06,1503.778547235119
50_20240825 07,1387.030824903236
50_20240825 08,1242.8998114697224
50_20240825 09,1177.185461819794
50_20240825 10,1133.2049277984804
50_20240825 11,1067.7544738061245
50_20240825 12,1072.601030523575
50_20240825 13,1106.757209510844
50_20240825 14,1149.0430191400533
50_20240825 15,1189.2850532221992
50_20240825 16,1285.6633604419899
50_20240825 17,1502.4128808929195
50_20240825 18,1625.3768299832823
50_20240825 19,1670.8637577711847
50_20240825 20,1737.1255004244767
50_20240825 21,1675.0008020813798
50_20240825 22,1628.958571931707
50_20240825 23,1644.614243545955
50_20240826 00,1628.398259662959
50_20240826 01,1630.6442545415803
50_20240826 02,1624.072485550982
50_20240826 03,1629.206473431874
50_20240826 04,1657.912828365093
50_20240826 05,1805.0526997441311
50_20240826 06,2246.2127056982463
50_20240826 07,2383.6739783005514
50_20240826 08,2547.4606510872263
50_20240826 09,2609.5081887012
50_20240826 10,2537.578565625363
50_20240826 11,2465.240011222907
50_20240826 12,2405.1447955086
50_20240826 13,2378.563398573419
50_20240826 14,2461.235742776788
50_20240826 15,2480.723191769778
50_20240826 16,2511.494707386922
50_20240826 17,2444.2867988402413
50_20240826 18,2288.4954098523503
50_20240826 19,1951.7078874176882
50_20240826 20,1675.0406161626647
50_20240826 21,1606.3418839937344
50_20240826 22,1678.3323499413418
50_20240826 23,1713.6908180148716
50_20240827 00,1676.0315397381073
50_20240827 01,1678.6000365966406
50_20240827 02,1675.9678248804526
50_20240827 03,1666.3937874897633
50_20240827 04,1678.1702621370666
50_20240827 05,1847.6286140672028
50_20240827 06,2195.890376960442
50_20240827 07,2341.163573173748
50_20240827 08,2564.989338666172
50_20240827 09,2586.654246390502
50_20240827 10,2568.545021120732
50_20240827 11,2485.5286144124047
50_20240827 12,2439.8336307643676
50_20240827 13,2489.9801317767733
50_20240827 14,2500.041502022808
50_20240827 15,2495.8334945997303
50_20240827 16,2533.5784360318416
50_20240827 17,2488.949823036318
50_20240827 18,2291.8179973334272
50_20240827 19,1916.353506883082
50_20240827 20,1665.405723675975
50_20240827 21,1596.315290399456
50_20240827 22,1624.7001200907557
50_20240827 23,1676.1155721931996
50_20240828 00,1679.415936390244
50_20240828 01,1674.7284537313928
50_20240828 02,1668.7794817626523
50_20240828 03,1663.6314883583652
50_20240828 04,1666.6859098525406
50_20240828 05,1857.2437739587199
50_20240828 06,2166.62873810239
50_20240828 07,2339.6677859238953
50_20240828 08,2508.4278156401324
50_20240828 09,2474.3415848499835
50_20240828 10,2438.906302530027
50_20240828 11,2443.4600379488015
50_20240828 12,2388.559997426256
50_20240828 13,2392.278393818579
50_20240828 14,2405.035009441079
50_20240828 15,2404.3227632355956
50_20240828 16,2463.2450924714917
50_20240828 17,2425.830548620007
50_20240828 18,2233.049454429497
50_20240828 19,1809.5012878626226
50_20240828 20,1679.2533071043076
50_20240828 21,1642.6451382873065
50_20240828 22,1682.1930161731382
50_20240828 23,1711.2135846300334
50_20240829 00,1690.673535191927
50_20240829 01,1678.1997636440901
50_20240829 02,1681.5998713615331
50_20240829 03,1658.8040307777264
50_20240829 04,1681.1933203491349
50_20240829 05,1827.8424190145206
50_20240829 06,2194.6374720193953
50_20240829 07,2350.6452680025313
50_20240829 08,2461.07309905084
50_20240829 09,2428.3108560183955
50_20240829 10,2419.236553715654
50_20240829 11,2381.1675911270922
50_20240829 12,2362.8513303208824
50_20240829 13,2417.799414085939
50_20240829 14,2366.9129554637757
50_20240829 15,2370.156118499321
50_20240829 16,2411.3238914572657
50_20240829 17,2371.5124840010167
50_20240829 18,2165.465360788322
50_20240829 19,1785.9563630442126
50_20240829 20,1610.1566725436237
50_20240829 21,1589.9424017682172
50_20240829 22,1700.6457206787102
50_20240829 23,1737.3786442401688
50_20240830 00,1701.919545451337
50_20240830 01,1699.7635512884854
50_20240830 02,1694.8024304833768
50_20240830 03,1679.3457641733125
50_20240830 04,1684.5791454516514
50_20240830 05,1776.093280446421
50_20240830 06,2197.6781042541315
50_20240830 07,2299.573677982163
50_20240830 08,2354.590030103186
50_20240830 09,2344.719130776658
50_20240830 10,2306.9914634990437
50_20240830 11,2253.681787504015
50_20240830 12,2240.5697875215196
50_20240830 13,2233.997158090011
50_20240830 14,2322.702200588176
50_20240830 15,2323.2102660223
50_20240830 16,2376.964014777841
50_20240830 17,2303.3223360744983
50_20240830 18,1960.4493882025754
50_20240830 19,1614.7020286630582
50_20240830 20,1510.640853864902
50_20240830 21,1451.684119543353
50_20240830 22,1557.772068082515
50_20240830 23,1588.1123681727495
50_20240831 00,1613.0680612360006
50_20240831 01,1584.7276664954543
50_20240831 02,1595.691215077943
50_20240831 03,1576.0072304999626
50_20240831 04,1582.9509677543588
50_20240831 05,1574.7057133222952
50_20240831 06,1513.4127320580446
50_20240831 07,1330.8396722672842
50_20240831 08,1222.368075289188
50_20240831 09,1172.3840361034195
50_20240831 10,1118.1574924703878
50_20240831 11,1042.0604797059636
50_20240831 12,1045.2291866146165
50_20240831 13,1067.778572477086
50_20240831 14,1146.517046297676
50_20240831 15,1207.763144929421
50_20240831 16,1333.2840842365777
50_20240831 17,1444.20023481223
50_20240831 18,1491.4348232997468
50_20240831 19,1447.0041634635797
50_20240831 20,1380.0260542548162
50_20240831 21,1368.556682066615
50_20240831 22,1427.7912776877579
50_20240831 23,1481.4050222249732
51_20240825 00,3322.094309519802
51_20240825 01,3298.070325387249
51_20240825 02,3286.4958291570383
51_20240825 03,3277.994696264276
51_20240825 04,3272.7637386736287
51_20240825 05,3269.9924621402506
51_20240825 06,3269.2886420287614
51_20240825 07,3269.9282279801146
51_20240825 08,3322.256297399843
51_20240825 09,3355.633989033497
51_20240825 10,3369.7115259335706
51_20240825 11,3358.2841514527436
51_20240825 12,3353.5248750579644
51_20240825 13,3363.044879519899
51_20240825 14,3368.18194325409
51_20240825 15,3369.753072846929
51_20240825 16,3363.9874090154053
51_20240825 17,3356.5398797152775
51_20240825 18,3361.124815624443
51_20240825 19,3347.6392144999927
51_20240825 20,3334.8703285168067
51_20240825 21,3311.388539591424
51_20240825 22,3301.7644866462306
51_20240825 23,3280.9778516233896
51_20240826 00,3290.554498993123
51_20240826 01,3286.2087721459275
51_20240826 02,3284.8093388219945
51_20240826 03,3291.6854881034133
51_20240826 04,3278.0037664597803
51_20240826 05,3283.4163663453483
51_20240826 06,3299.522258354582
51_20240826 07,3345.6103411488943
51_20240826 08,3384.3489908243564
51_20240826 09,3436.042055069796
51_20240826 10,3488.1561607392127
51_20240826 11,3490.084259553757
51_20240826 12,3502.851975425391
51_20240826 13,3492.158806089298
51_20240826 14,3513.35786151808
51_20240826 15,3515.3913867727692
51_20240826 16,3506.7488149361106
51_20240826 17,3481.6349502020853
51_20240826 18,3455.5440027014333
51_20240826 19,3390.963959509204
51_20240826 20,3377.013405404292
51_20240826 21,3385.6985531936407
51_20240826 22,3363.220034651955
51_20240826 23,3343.5906824949543
51_20240827 00,3330.3091234009607
51_20240827 01,3329.116080213589
51_20240827 02,3320.0457148872933
51_20240827 03,3315.76896361287
51_20240827 04,3311.6332720930523
51_20240827 05,3306.58169335315
51_20240827 06,3322.0033754125166
51_20240827 07,3350.405555634404
51_20240827 08,3419.4846420541226
51_20240827 09,3441.8868211780405
51_20240827 10,3499.2995349703915
51_20240827 11,3446.358049761263
51_20240827 12,3447.1925487697936
51_20240827 13,3444.130569389492
51_20240827 14,3511.6684369414434
51_20240827 15,3520.529103530749
51_20240827 16,3516.8063672802655
51_20240827 17,3507.974414438996
51_20240827 18,3476.368072164503
51_20240827 19,3409.335068559227
51_20240827 20,3384.2502192308198
51_20240827 21,3384.9331420372364
51_20240827 22,3349.1409062565695
51_20240827 23,3313.941493140334
51_20240828 00,3287.3972691840813
51_20240828 01,3277.10410632787
51_20240828 02,3273.3460580424344
51_20240828 03,3271.842234432157
51_20240828 04,3265.0307869934186
51_20240828 05,3252.5419084585674
51_20240828 06,3271.251638372304
51_20240828 07,3306.0656555808637
51_20240828 08,3386.571704286019
51_20240828 09,3470.7477346092383
51_20240828 10,3495.809812121081
51_20240828 11,3497.0877762616747
51_20240828 12,3501.6822686005453
51_20240828 13,3501.981290365307
51_20240828 14,3514.6024163137367
51_20240828 15,3528.6696553450765
51_20240828 16,3535.0411685578792
51_20240828 17,3518.4025004158657
51_20240828 18,3485.2748007575215
51_20240828 19,3420.072431326653
51_20240828 20,3399.054478261445
51_20240828 21,3401.8168271913555
51_20240828 22,3384.575428132853
51_20240828 23,3357.5584700141035
51_20240829 00,3339.350226516349
51_20240829 01,3280.816617175894
51_20240829 02,3276.436381496528
51_20240829 03,3274.489788525657
51_20240829 04,3263.3396984665233
51_20240829 05,3249.876761068065
51_20240829 06,3258.965995702904
51_20240829 07,3299.620435540783
51_20240829 08,3371.3657841244167
51_20240829 09,3461.7111711294797
51_20240829 10,3489.3089321206708
51_20240829 11,3489.549564624529
51_20240829 12,3497.5971993938
51_20240829 13,3496.8836408782313
51_20240829 14,3505.651803645744
51_20240829 15,3506.8264702501633
51_20240829 16,3505.0748630553016
51_20240829 17,3494.7867350838087
51_20240829 18,3477.1545716549103
51_20240829 19,3421.4674309017214
51_20240829 20,3397.4960262336567
51_20240829 21,3405.4765291579743
51_20240829 22,3372.538446972577
51_20240829 23,3375.702421794734
51_20240830 00,3328.5945357017954
51_20240830 01,3299.501651030406
51_20240830 02,3283.0192240419638
51_20240830 03,3280.1443952084473
51_20240830 04,3269.6595427990505
51_20240830 05,3262.6211340792493
51_20240830 06,3274.24426625213
51_20240830 07,3320.2967507675144
51_20240830 08,3395.2335209230973
51_20240830 09,3445.3095874951423
51_20240830 10,3488.0362739699867
51_20240830 11,3487.072797197333
51_20240830 12,3498.6558365028977
51_20240830 13,3493.3942583093976
51_20240830 14,3508.916720215352
51_20240830 15,3510.221559518109
51_20240830 16,3510.1759435670338
51_20240830 17,3489.678510423293
51_20240830 18,3449.397923238983
51_20240830 19,3410.953050103174
51_20240830 20,3384.629985568574
51_20240830 21,3331.401257724675
51_20240830 22,3338.783000881971
51_20240830 23,3305.7060404352796
51_20240831 00,3280.7508316305184
51_20240831 01,3280.875709259539
51_20240831 02,3274.29781021881
51_20240831 03,3271.15556604459
51_20240831 04,3261.491228472549
51_20240831 05,3249.863294432705
51_20240831 06,3243.2478378322103
51_20240831 07,3255.836709394219
51_20240831 08,3270.971828097605
51_20240831 09,3296.124772567659
51_20240831 10,3355.321076062557
51_20240831 11,3358.5006842478097
51_20240831 12,3370.2999521746906
51_20240831 13,3377.5869234688826
51_20240831 14,3377.633062908597
51_20240831 15,3378.2396562205786
51_20240831 16,3374.462206292241
51_20240831 17,3365.320509583964
51_20240831 18,3349.2585504824315
51_20240831 19,3330.3099214462327
51_20240831 20,3316.1156333875538
51_20240831 21,3286.3684836670445
51_20240831 22,3269.182105971382
51_20240831 23,3263.734946247249
52_20240825 00,5279.618488185086
52_20240825 01,5296.823944001557
52_20240825 02,5333.545538495751
52_20240825 03,5261.976159035662
52_20240825 04,5104.211255568105
52_20240825 05,5059.995056686837
52_20240825 06,5051.917238753453
52_20240825 07,5045.098628981119
52_20240825 08,5004.98873630094
52_20240825 09,5010.452744681377
52_20240825 10,5014.240850882605
52_20240825 11,5068.089331216528
52_20240825 12,5160.927978719179
52_20240825 13,5230.701899228769
52_20240825 14,5234.322467847719
52_20240825 15,5193.51083185757
52_20240825 16,5150.304102111947
52_20240825 17,5060.122411154402
52_20240825 18,5023.689123379242
52_20240825 19,5018.474163833984
52_20240825 20,5011.299706816645
52_20240825 21,4993.8791872888
52_20240825 22,4999.330260832691
52_20240825 23,5025.470257810522
52_20240826 00,5073.4765489619385
52_20240826 01,5048.063664358631
52_20240826 02,5059.603538498973
52_20240826 03,5067.776165302565
52_20240826 04,5027.737899877735
52_20240826 05,5069.204052784056
52_20240826 06,5105.90754608409
52_20240826 07,5091.30126406315
52_20240826 08,5288.508342612812
52_20240826 09,5386.385900794255
52_20240826 10,5400.5463527986885
52_20240826 11,5399.525236821793
52_20240826 12,5424.747032232036
52_20240826 13,5406.871560941561
52_20240826 14,5435.358267979689
52_20240826 15,5455.065201066039
52_20240826 16,5420.800214100086
52_20240826 17,5359.265833981743
52_20240826 18,5214.762019328138
52_20240826 19,5130.707800280301
52_20240826 20,5097.047862848794
52_20240826 21,5208.333445608467
52_20240826 22,5406.047745691705
52_20240826 23,5385.691880535811
52_20240827 00,5380.535298770876
52_20240827 01,5358.439994646502
52_20240827 02,5335.920584834076
52_20240827 03,5334.430655630121
52_20240827 04,5196.489336205935
52_20240827 05,5278.92651740042
52_20240827 06,5269.471554715963
52_20240827 07,5260.859301408316
52_20240827 08,5262.203234059042
52_20240827 09,5376.102983487249
52_20240827 10,5311.540249558676
52_20240827 11,5342.138660220009
52_20240827 12,5334.160137491676
52_20240827 13,5342.097734766001
52_20240827 14,5387.464734593425
52_20240827 15,5456.6414294417655
52_20240827 16,5460.4082845189105
52_20240827 17,5402.492696632085
52_20240827 18,5183.581648327372
52_20240827 19,5119.169341418707
52_20240827 20,5093.119154296854
52_20240827 21,5080.70966018005
52_20240827 22,5152.566251605145
52_20240827 23,5234.65852042816
52_20240828 00,5140.723912869279
52_20240828 01,5083.289573180178
52_20240828 02,5107.048439897726
52_20240828 03,5097.984852422156
52_20240828 04,5074.359970127115
52_20240828 05,5084.856289356891
52_20240828 06,5100.440727133469
52_20240828 07,5176.167569671616
52_20240828 08,5335.302223562667
52_20240828 09,5419.400110577182
52_20240828 10,5426.590709366546
52_20240828 11,5431.957980502759
52_20240828 12,5432.309686242903
52_20240828 13,5404.256239176228
52_20240828 14,5423.955160885771
52_20240828 15,5411.013571603013
52_20240828 16,5419.891410911121
52_20240828 17,5310.661318212637
52_20240828 18,5164.242064268118
52_20240828 19,5129.099730103177
52_20240828 20,5097.408621172979
52_20240828 21,5199.029731087938
52_20240828 22,5340.602700286309
52_20240828 23,5322.169392992724
52_20240829 00,5396.482672494644
52_20240829 01,5374.98208516672
52_20240829 02,5372.118461093338
52_20240829 03,5398.1777783697835
52_20240829 04,5371.165664760925
52_20240829 05,5373.300586724843
52_20240829 06,5349.108045797082
52_20240829 07,5316.779891963367
52_20240829 08,5362.822354933281
52_20240829 09,5401.5907073126955
52_20240829 10,5447.894895822648
52_20240829 11,5404.888089666808
52_20240829 12,5377.672577085595
52_20240829 13,5376.725748097034
52_20240829 14,5436.030562618626
52_20240829 15,5437.09973953242
52_20240829 16,5425.790424421813
52_20240829 17,5356.641025960467
52_20240829 18,5179.797375515506
52_20240829 19,5144.713772099731
52_20240829 20,5131.3669596503805
52_20240829 21,5259.017852828099
52_20240829 22,5330.168360271858
52_20240829 23,5410.232236526127
52_20240830 00,5185.574322217026
52_20240830 01,5099.965645477232
52_20240830 02,5092.765701082491
52_20240830 03,5072.081757984377
52_20240830 04,5063.069032006603
52_20240830 05,5079.7869490326175
52_20240830 06,5109.1053312173635
52_20240830 07,5267.684096447512
52_20240830 08,5311.417530416395
52_20240830 09,5413.252458273992
52_20240830 10,5438.452562039936
52_20240830 11,5442.199077468096
52_20240830 12,5442.217832737045
52_20240830 13,5452.31726656327
52_20240830 14,5470.028325919712
52_20240830 15,5495.860655481813
52_20240830 16,5431.615745949434
52_20240830 17,5302.07167593167
52_20240830 18,5164.370552031771
52_20240830 19,5140.631423859459
52_20240830 20,5108.255527543051
52_20240830 21,5214.373959492454
52_20240830 22,5383.507991870632
52_20240830 23,5246.0910325096365
52_20240831 00,5309.072631063405
52_20240831 01,5291.436689367437
52_20240831 02,5332.128829027207
52_20240831 03,5413.059815795784
52_20240831 04,5409.643744181357
52_20240831 05,5316.198809547401
52_20240831 06,5177.966466609414
52_20240831 07,5079.980239146793
52_20240831 08,5026.945554988285
52_20240831 09,5017.23927035853
52_20240831 10,5012.790499386645
52_20240831 11,5023.703226407302
52_20240831 12,5038.145508429062
52_20240831 13,5013.748982389348
52_20240831 14,5015.912279066489
52_20240831 15,5049.584100377636
52_20240831 16,5030.586761725485
52_20240831 17,5016.521574571152
52_20240831 18,5021.751561477415
52_20240831 19,5005.116964198129
52_20240831 20,5024.290170180262
52_20240831 21,5017.703328389511
52_20240831 22,5085.018846470896
52_20240831 23,5141.690804003581
53_20240825 00,1408.3504179228207
53_20240825 01,1398.2044684976574
53_20240825 02,1417.618114163478
53_20240825 03,1409.1895132475977
53_20240825 04,1399.3492349973958
53_20240825 05,1399.4354218248186
53_20240825 06,1388.4879122096447
53_20240825 07,1373.3259806466544
53_20240825 08,1373.8928205999428
53_20240825 09,1348.8025105249249
53_20240825 10,1338.039100541016
53_20240825 11,1340.411733082915
53_20240825 12,1349.692176010769
53_20240825 13,1339.7951355265866
53_20240825 14,1339.622300830159
53_20240825 15,1308.3033355181406
53_20240825 16,1337.3859782713184
53_20240825 17,1373.699613605792
53_20240825 18,1388.495060777937
53_20240825 19,1385.2147334010251
53_20240825 20,1384.2184487469926
53_20240825 21,1341.38535789451
53_20240825 22,1334.6527489234159
53_20240825 23,1335.4620699877505
53_20240826 00,1345.719766996078
53_20240826 01,1345.6903545140508
53_20240826 02,1364.169510503301
53_20240826 03,1358.4528021790484
53_20240826 04,1398.1846037971172
53_20240826 05,1503.371990303845
53_20240826 06,1658.4177269474906
53_20240826 07,1758.6634270369063
53_20240826 08,1847.895204332272
53_20240826 09,1977.6833495414412
53_20240826 10,2039.8136985938684
53_20240826 11,2047.6834442216002
53_20240826 12,2043.4008217271592
53_20240826 13,2029.9533797498277
53_20240826 14,2062.645611254129
53_20240826 15,2163.6593514678657
53_20240826 16,2105.0560988109314
53_20240826 17,2075.408522965669
53_20240826 18,1969.3234049039393
53_20240826 19,1799.1616136749842
53_20240826 20,1800.5632030183324
53_20240826 21,1755.973953550948
53_20240826 22,1713.1247090936154
53_20240826 23,1674.8644050279781
53_20240827 00,1606.653339526083
53_20240827 01,1600.6546753996286
53_20240827 02,1616.588736628371
53_20240827 03,1635.368671720928
53_20240827 04,1654.4327814024507
53_20240827 05,1678.9168850494993
53_20240827 06,1715.2342580324698
53_20240827 07,1819.8805117119953
53_20240827 08,1957.2140688999334
53_20240827 09,2029.7248561219396
53_20240827 10,2032.9616806875301
53_20240827 11,2055.187937265777
53_20240827 12,2043.6211479406365
53_20240827 13,2066.3953081588193
53_20240827 14,2122.4362744836444
53_20240827 15,2176.4392238219752
53_20240827 16,2116.4458115433454
53_20240827 17,2088.939672717937
53_20240827 18,1945.35506019528
53_20240827 19,1803.9648837035772
53_20240827 20,1721.1072397719017
53_20240827 21,1701.1383641456532
53_20240827 22,1663.1230092592837
53_20240827 23,1627.6554095899737
53_20240828 00,1606.2775785408319
53_20240828 01,1604.5038271243202
53_20240828 02,1605.069100818509
53_20240828 03,1605.9564155605553
53_20240828 04,1629.098133144446
53_20240828 05,1668.7889229746738
53_20240828 06,1736.9346097781731
53_20240828 07,1865.458499868968
53_20240828 08,1991.6664264866263
53_20240828 09,2065.7215487256826
53_20240828 10,2082.6062703448433
53_20240828 11,2083.588959721103
53_20240828 12,2083.5497302594144
53_20240828 13,2106.46327396793
53_20240828 14,2141.6945119681936
53_20240828 15,2182.2203033735377
53_20240828 16,2190.4945788841
53_20240828 17,2125.3684916987295
53_20240828 18,2048.9011443259
53_20240828 19,1944.9400768496487
53_20240828 20,1887.2197961633271
53_20240828 21,1772.0237113061266
53_20240828 22,1673.0091015792982
53_20240828 23,1631.6862100237727
53_20240829 00,1614.3747518588616
53_20240829 01,1613.9494820294237
53_20240829 02,1613.193588300849
53_20240829 03,1602.0953203995
53_20240829 04,1631.9822876822027
53_20240829 05,1672.069338549532
53_20240829 06,1726.085930275563
53_20240829 07,1847.9650583782654
53_20240829 08,1943.5483958617551
53_20240829 09,2083.418579654058
53_20240829 10,2093.3070497391636
53_20240829 11,2102.244670562458
53_20240829 12,2107.556809570468
53_20240829 13,2106.297886414536
53_20240829 14,2120.858978260858
53_20240829 15,2164.638054448244
53_20240829 16,2140.6203667502486
53_20240829 17,2128.9196035059067
53_20240829 18,2033.5676275358574
53_20240829 19,1925.8721172236906
53_20240829 20,1800.4628271018814
53_20240829 21,1727.0879187889727
53_20240829 22,1674.3761022692736
53_20240829 23,1633.4235166279323
53_20240830 00,1603.6903257228873
53_20240830 01,1597.6746531143708
53_20240830 02,1596.4509879487912
53_20240830 03,1593.8344445777632
53_20240830 04,1614.085284504104
53_20240830 05,1664.7991732111718
53_20240830 06,1713.6740064551245
53_20240830 07,1783.0735369544352
53_20240830 08,1876.9050481152142
53_20240830 09,1998.1585957659663
53_20240830 10,2013.3963932363445
53_20240830 11,2039.0666072831002
53_20240830 12,2044.4568860354539
53_20240830 13,2057.8899335981705
53_20240830 14,2087.544258073599
53_20240830 15,2130.534860621687
53_20240830 16,2114.7838041112423
53_20240830 17,2009.1122904429506
53_20240830 18,1916.1697337056712
53_20240830 19,1807.8913429028134
53_20240830 20,1749.9447023785444
53_20240830 21,1699.3299163356573
53_20240830 22,1662.1017233163097
53_20240830 23,1635.7381279778945
53_20240831 00,1606.5175822218337
53_20240831 01,1596.067465275269
53_20240831 02,1594.3371016350843
53_20240831 03,1590.8786520621313
53_20240831 04,1592.090675645139
53_20240831 05,1578.970804999151
53_20240831 06,1557.0356386167014
53_20240831 07,1536.9578777410925
53_20240831 08,1492.5888938440994
53_20240831 09,1466.4056709042327
53_20240831 10,1438.2844923537587
53_20240831 11,1446.9642728711876
53_20240831 12,1466.9129729644196
53_20240831 13,1469.4913732256791
53_20240831 14,1495.9928516443006
53_20240831 15,1483.3294424105945
53_20240831 16,1471.51517241748
53_20240831 17,1479.4218185268871
53_20240831 18,1475.420598425475
53_20240831 19,1463.7199182388683
53_20240831 20,1451.0035689600327
53_20240831 21,1438.1565621722086
53_20240831 22,1423.5030119725152
53_20240831 23,1398.107555963777
54_20240825 00,3481.4374111918837
54_20240825 01,3115.40695338138
54_20240825 02,2530.4187592628155
54_20240825 03,2421.623180431553
54_20240825 04,2320.481757934529
54_20240825 05,2051.653314406749
54_20240825 06,1007.0508526739093
54_20240825 07,1046.888355549704
54_20240825 08,1486.0915706037936
54_20240825 09,2116.814336507304
54_20240825 10,4254.485527903572
54_20240825 11,4530.497228911887
54_20240825 12,4683.832053403203
54_20240825 13,4772.818631503834
54_20240825 14,4733.24349972287
54_20240825 15,4596.843150500819
54_20240825 16,4435.75339858199
54_20240825 17,4095.7010829024566
54_20240825 18,3943.2941375211158
54_20240825 19,3905.516680126636
54_20240825 20,3455.6219552009434
54_20240825 21,1687.9302151289621
54_20240825 22,2525.4939246988597
54_20240825 23,3488.789367235406
54_20240826 00,3401.274171924737
54_20240826 01,2935.118389483245
54_20240826 02,2412.1156760288886
54_20240826 03,2349.3942755526414
54_20240826 04,2337.934314926666
54_20240826 05,1987.452068741508
54_20240826 06,1034.0615365895655
54_20240826 07,1080.4186137516851
54_20240826 08,1479.7700506973688
54_20240826 09,2021.1734771676633
54_20240826 10,4096.019282826164
54_20240826 11,4459.754883372276
54_20240826 12,4479.420199487669
54_20240826 13,4436.418327478563
54_20240826 14,4385.239958654387
54_20240826 15,4414.514277845807
54_20240826 16,4235.034155997506
54_20240826 17,3892.7018224018784
54_20240826 18,3743.937517608232
54_20240826 19,3157.5091810879094
54_20240826 20,2489.2656685663615
54_20240826 21,1609.5264604080396
54_20240826 22,1996.9088372699152
54_20240826 23,2982.8833483536055
54_20240827 00,1872.417926035634
54_20240827 01,1510.084912857711
54_20240827 02,1372.155438608976
54_20240827 03,1435.3843936258722
54_20240827 04,1788.2712588249356
54_20240827 05,1378.952261069026
54_20240827 06,945.6431129675843
54_20240827 07,992.6142977582816
54_20240827 08,1530.4636018272024
54_20240827 09,2145.892002547994
54_20240827 10,4185.191259294033
54_20240827 11,4531.964896307141
54_20240827 12,4625.206148423422
54_20240827 13,4635.636678129284
54_20240827 14,4622.262404100962
54_20240827 15,4565.47766162108
54_20240827 16,4478.925761119404
54_20240827 17,4193.375205046762
54_20240827 18,4081.1873332458945
54_20240827 19,3620.2512797720274
54_20240827 20,2514.85354712739
54_20240827 21,1547.9221141434566
54_20240827 22,2416.815307269912
54_20240827 23,3472.43209469004
54_20240828 00,3273.5162541361074
54_20240828 01,2880.83792148261
54_20240828 02,2268.775191989114
54_20240828 03,1882.6348017237265
54_20240828 04,1758.0425242733595
54_20240828 05,1491.3285736153898
54_20240828 06,944.8112468895395
54_20240828 07,1030.7614766922325
54_20240828 08,1486.6259307842458
54_20240828 09,2114.5181161391074
54_20240828 10,4198.905595490224
54_20240828 11,4532.9781346201125
54_20240828 12,4672.558030163065
54_20240828 13,4779.378476478172
54_20240828 14,4730.050100232273
54_20240828 15,4663.494194315175
54_20240828 16,4549.681889098521
54_20240828 17,4245.498777500288
54_20240828 18,4102.042751445035
54_20240828 19,3676.9658259337675
54_20240828 20,2643.44624266827
54_20240828 21,1560.4089995977738
54_20240828 22,2400.246999445871
54_20240828 23,3444.3698562373506
54_20240829 00,3290.2139795589155
54_20240829 01,2945.1205109333796
54_20240829 02,2421.596256337973
54_20240829 03,1978.387031200282
54_20240829 04,1767.6666503958957
54_20240829 05,1300.5986368211675
54_20240829 06,1085.3426577866676
54_20240829 07,1048.8886557527446
54_20240829 08,1471.878251195689
54_20240829 09,2104.8137995110555
54_20240829 10,4176.681330164405
54_20240829 11,4463.370615900481
54_20240829 12,4624.594048055129
54_20240829 13,4656.691875925046
54_20240829 14,4634.3424016887275
54_20240829 15,4614.271523184387
54_20240829 16,4419.046548180016
54_20240829 17,4145.406361812899
54_20240829 18,3890.0197918621852
54_20240829 19,3626.2668595061855
54_20240829 20,2664.1434205087426
54_20240829 21,1537.1409500151776
54_20240829 22,2316.291945073247
54_20240829 23,3461.617637354468
54_20240830 00,3345.2085724707554
54_20240830 01,3071.820492948078
54_20240830 02,2520.7738901590096
54_20240830 03,2332.338569214429
54_20240830 04,2312.654049546539
54_20240830 05,1646.1993873296374
54_20240830 06,860.7561607432756
54_20240830 07,986.1437586108677
54_20240830 08,1474.0284904676712
54_20240830 09,2131.0982220747205
54_20240830 10,4170.655375877134
54_20240830 11,4512.869692559023
54_20240830 12,4628.922786210264
54_20240830 13,4643.952280487585
54_20240830 14,4586.915833742116
54_20240830 15,4553.548524574429
54_20240830 16,4445.818062559961
54_20240830 17,4131.800579325482
54_20240830 18,3963.085291973027
54_20240830 19,3887.759634642962
54_20240830 20,3209.521736138019
54_20240830 21,1589.8479663022451
54_20240830 22,2274.7543687818006
54_20240830 23,3439.4571612477303
54_20240831 00,3263.4436760208987
54_20240831 01,2944.1094531056356
54_20240831 02,2336.2866033539385
54_20240831 03,2209.82785448131
54_20240831 04,1555.3711599712678
54_20240831 05,1135.2414398789856
54_20240831 06,772.1744174279177
54_20240831 07,981.1041956106257
54_20240831 08,1369.5783309842132
54_20240831 09,2124.571008791144
54_20240831 10,4180.453578485853
54_20240831 11,4579.4382275408925
54_20240831 12,4638.783783277905
54_20240831 13,4688.380851199255
54_20240831 14,4692.831074442459
54_20240831 15,4629.843056003137
54_20240831 16,4452.685477937017
54_20240831 17,4180.442001232567
54_20240831 18,3998.9094046179184
54_20240831 19,3871.73051589643
54_20240831 20,3263.7182138629382
54_20240831 21,1594.0573394881203
54_20240831 22,2358.44562901931
54_20240831 23,3457.093586147783
55_20240825 00,9075.53654538935
55_20240825 01,8980.723921037023
55_20240825 02,8752.858003767278
55_20240825 03,8660.71712625664
55_20240825 04,8537.452972350462
55_20240825 05,8454.709434307377
55_20240825 06,8474.138826702372
55_20240825 07,8625.840104386856
55_20240825 08,8746.428467209644
55_20240825 09,8951.386925774654
55_20240825 10,8974.633617930509
55_20240825 11,9066.416832849507
55_20240825 12,9316.290951023737
55_20240825 13,9497.48645631264
55_20240825 14,9807.693381360139
55_20240825 15,9983.945236674306
55_20240825 16,10126.642558346219
55_20240825 17,10160.374711083748
55_20240825 18,9998.552680545543
55_20240825 19,9818.851318161533
55_20240825 20,9653.548670030877
55_20240825 21,9466.532796889274
55_20240825 22,9384.100044012386
55_20240825 23,9372.744835472015
55_20240826 00,9283.64336342648
55_20240826 01,9178.796991690742
55_20240826 02,8974.236467373397
55_20240826 03,8763.328807942824
55_20240826 04,8612.777823730466
55_20240826 05,8682.293941223856
55_20240826 06,8775.857933902862
55_20240826 07,9094.028995044406
55_20240826 08,9538.778812702945
55_20240826 09,10264.216767943624
55_20240826 10,10533.851518272508
55_20240826 11,10659.787574130061
55_20240826 12,11016.124120610497
55_20240826 13,11154.748956738855
55_20240826 14,11003.114255329276
55_20240826 15,11048.728188402281
55_20240826 16,11143.778192813465
55_20240826 17,11173.593277126882
55_20240826 18,10840.104102326894
55_20240826 19,10637.73954102495
55_20240826 20,10130.165700990132
55_20240826 21,9856.199524302601
55_20240826 22,9744.660347417052
55_20240826 23,9592.958608584646
55_20240827 00,9523.092703865965
55_20240827 01,9447.601234771832
55_20240827 02,9198.434835872762
55_20240827 03,9135.750705212657
55_20240827 04,8956.540228033304
55_20240827 05,8933.479310692835
55_20240827 06,8952.868260423546
55_20240827 07,9208.780034967222
55_20240827 08,9455.350569161987
55_20240827 09,10346.031364707696
55_20240827 10,10692.257955003686
55_20240827 11,10667.508541544774
55_20240827 12,10245.297540089983
55_20240827 13,10076.1920387684
55_20240827 14,10254.555648743992
55_20240827 15,9817.89160370553
55_20240827 16,9851.339209304824
55_20240827 17,9883.969307659998
55_20240827 18,9768.58494437869
55_20240827 19,9671.110534470248
55_20240827 20,9474.617266648005
55_20240827 21,9348.300982654104
55_20240827 22,9270.19286422758
55_20240827 23,9134.302485891765
55_20240828 00,9147.556838358701
55_20240828 01,8998.942611849609
55_20240828 02,8846.545447697019
55_20240828 03,8913.616284621732
55_20240828 04,8809.703012951875
55_20240828 05,8889.345669088765
55_20240828 06,8953.523862059501
55_20240828 07,9048.114189837454
55_20240828 08,9068.38273699092
55_20240828 09,9583.333829617073
55_20240828 10,9685.212632998537
55_20240828 11,9926.711805080009
55_20240828 12,9964.28123351713
55_20240828 13,9900.371216412143
55_20240828 14,10225.476274222417
55_20240828 15,9836.163704680024
55_20240828 16,9925.392683477858
55_20240828 17,9938.070127827996
55_20240828 18,9922.815322900504
55_20240828 19,9766.130727093703
55_20240828 20,9525.630921680357
55_20240828 21,9402.836541208264
55_20240828 22,9406.84315237432
55_20240828 23,9360.08511119648
55_20240829 00,9297.047165491018
55_20240829 01,9354.869993365795
55_20240829 02,9165.218307383473
55_20240829 03,9028.408333816533
55_20240829 04,8896.913468649615
55_20240829 05,8908.76112436086
55_20240829 06,9141.292883544733
55_20240829 07,9224.876828830695
55_20240829 08,9473.156736295205
55_20240829 09,10294.649672967658
55_20240829 10,10611.073976966181
55_20240829 11,10719.572619604378
55_20240829 12,10786.318124799134
55_20240829 13,10809.531074239749
55_20240829 14,10784.9249135662
55_20240829 15,10197.552537477626
55_20240829 16,10636.616648399311
55_20240829 17,10764.147051798147
55_20240829 18,9990.966935535922
55_20240829 19,9754.334738131201
55_20240829 20,9579.868225934671
55_20240829 21,9471.671757273925
55_20240829 22,9338.865827235175
55_20240829 23,9273.53824559075
55_20240830 00,9275.176919869577
55_20240830 01,9319.115869393954
55_20240830 02,9096.096755244076
55_20240830 03,8992.567057208584
55_20240830 04,8845.474878919122
55_20240830 05,8824.825153122976
55_20240830 06,8825.304521390717
55_20240830 07,8914.369978649616
55_20240830 08,9007.326325268134
55_20240830 09,9594.93672515668
55_20240830 10,9750.21785187245
55_20240830 11,9853.354953610748
55_20240830 12,10585.20698017746
55_20240830 13,10714.614080725823
55_20240830 14,10734.847319961664
55_20240830 15,10735.221942664703
55_20240830 16,10820.090626039302
55_20240830 17,10890.694959007615
55_20240830 18,10397.64807533743
55_20240830 19,9607.401493909607
55_20240830 20,9433.209334244397
55_20240830 21,9277.809526773788
55_20240830 22,9065.001382653423
55_20240830 23,8995.934309848912
55_20240831 00,8964.237939427436
55_20240831 01,8969.12668636375
55_20240831 02,8722.53551788682
55_20240831 03,8730.605958401247
55_20240831 04,8662.025831791387
55_20240831 05,8504.187920269329
55_20240831 06,8377.311032000185
55_20240831 07,8573.651566178045
55_20240831 08,8739.902229329902
55_20240831 09,8744.86031803151
55_20240831 10,8865.205959028783
55_20240831 11,9068.803123425281
55_20240831 12,9194.324775005829
55_20240831 13,9022.874543876149
55_20240831 14,9221.783639144527
55_20240831 15,9561.370499598535
55_20240831 16,9616.410426295894
55_20240831 17,9290.65903983374
55_20240831 18,9109.34306545919
55_20240831 19,9092.637574462487
55_20240831 20,8966.22549031103
55_20240831 21,8880.35437528273
55_20240831 22,8835.393578567235
55_20240831 23,8712.615160166226
56_20240825 00,5462.161341498376
56_20240825 01,5475.779846854612
56_20240825 02,5482.7478299896975
56_20240825 03,5491.517000855678
56_20240825 04,5480.486939187632
56_20240825 05,5451.3259331687805
56_20240825 06,5439.066136499085
56_20240825 07,5457.050063569444
56_20240825 08,5476.601233160696
56_20240825 09,5523.200688682903
56_20240825 10,5672.503104759885
56_20240825 11,5667.956342708658
56_20240825 12,5734.913348651477
56_20240825 13,5761.404479117589
56_20240825 14,5749.059754443484
56_20240825 15,5732.673437367713
56_20240825 16,5727.300691154965
56_20240825 17,5682.929098848095
56_20240825 18,5646.459371023267
56_20240825 19,5622.709087970352
56_20240825 20,5541.32853274829
56_20240825 21,5529.409503175295
56_20240825 22,5480.394246040876
56_20240825 23,5471.61979342289
56_20240826 00,5510.420143119566
56_20240826 01,5495.25523343219
56_20240826 02,5497.90442833663
56_20240826 03,5516.60467955206
56_20240826 04,5500.556592601937
56_20240826 05,5488.86341472282
56_20240826 06,5473.304996791421
56_20240826 07,5483.144273804535
56_20240826 08,5535.013132805595
56_20240826 09,5619.689409053114
56_20240826 10,5725.739255778561
56_20240826 11,5791.741948296922
56_20240826 12,5843.351808036761
56_20240826 13,5868.095813250884
56_20240826 14,5940.521016502152
56_20240826 15,5907.202356364207
56_20240826 16,5852.132733967287
56_20240826 17,5779.31896368365
56_20240826 18,5641.284340382599
56_20240826 19,5582.720956145595
56_20240826 20,5536.594981673485
56_20240826 21,5525.510435828446
56_20240826 22,5510.085599991568
56_20240826 23,5498.332927232652
56_20240827 00,5503.6341104273215
56_20240827 01,5527.624654547988
56_20240827 02,5532.268102509516
56_20240827 03,5526.27354432911
56_20240827 04,5515.750931377395
56_20240827 05,5473.2615392999505
56_20240827 06,5473.090835726831
56_20240827 07,5476.679075407222
56_20240827 08,5530.513893806492
56_20240827 09,5582.112181457817
56_20240827 10,5630.332626265745
56_20240827 11,5630.626892947068
56_20240827 12,5674.489063405772
56_20240827 13,5729.123323181005
56_20240827 14,5746.446184440915
56_20240827 15,5779.757560497272
56_20240827 16,5791.2393108660235
56_20240827 17,5723.1294047493575
56_20240827 18,5669.008676505019
56_20240827 19,5490.488176417363
56_20240827 20,5483.75033108613
56_20240827 21,5478.960063630111
56_20240827 22,5456.115578038498
56_20240827 23,5465.9768811574
56_20240828 00,5473.163586585557
56_20240828 01,5485.044313303955
56_20240828 02,5476.735348309861
56_20240828 03,5473.185206243811
56_20240828 04,5457.192073209359
56_20240828 05,5409.9491764502145
56_20240828 06,5389.451095360324
56_20240828 07,5444.793740565691
56_20240828 08,5516.2787955218755
56_20240828 09,5613.435183703801
56_20240828 10,5737.863393237708
56_20240828 11,5808.826848035992
56_20240828 12,5876.648567210207
56_20240828 13,5907.600111668775
56_20240828 14,5946.116427579753
56_20240828 15,5926.695189920525
56_20240828 16,5874.344490225882
56_20240828 17,5788.553597252932
56_20240828 18,5704.813852052035
56_20240828 19,5596.835143403974
56_20240828 20,5521.776250593313
56_20240828 21,5519.585745475603
56_20240828 22,5497.846345736805
56_20240828 23,5478.877411767613
56_20240829 00,5461.670813120212
56_20240829 01,5467.761039192461
56_20240829 02,5474.076009438983
56_20240829 03,5463.162656390256
56_20240829 04,5450.614469614869
56_20240829 05,5394.1937432871255
56_20240829 06,5382.46171255736
56_20240829 07,5447.220500690765
56_20240829 08,5517.075339034989
56_20240829 09,5601.9304127599735
56_20240829 10,5679.3240668944145
56_20240829 11,5764.099804861307
56_20240829 12,5838.475625983524
56_20240829 13,5876.05900275444
56_20240829 14,5914.238671069854
56_20240829 15,5907.706004960828
56_20240829 16,5873.82921428985
56_20240829 17,5782.61360005029
56_20240829 18,5669.126143038515
56_20240829 19,5575.560867882011
56_20240829 20,5511.116997754127
56_20240829 21,5491.017890631087
56_20240829 22,5476.535090233026
56_20240829 23,5460.343984155415
56_20240830 00,5461.913666167262
56_20240830 01,5465.750121182195
56_20240830 02,5462.637354334245
56_20240830 03,5473.989788546911
56_20240830 04,5431.6200580751665
56_20240830 05,5355.101274362765
56_20240830 06,5363.695735573423
56_20240830 07,5443.100879849623
56_20240830 08,5490.624715954349
56_20240830 09,5592.424204638866
56_20240830 10,5668.711293714107
56_20240830 11,5773.4606518452565
56_20240830 12,5842.7141904527325
56_20240830 13,5895.379066479829
56_20240830 14,5892.716234902747
56_20240830 15,5871.309713431367
56_20240830 16,5817.157410697208
56_20240830 17,5742.51998619409
56_20240830 18,5664.6745525746865
56_20240830 19,5580.499380251384
56_20240830 20,5489.327005526995
56_20240830 21,5472.965437872142
56_20240830 22,5459.103039177453
56_20240830 23,5442.560884969877
56_20240831 00,5409.973162783775
56_20240831 01,5416.111873220794
56_20240831 02,5393.391557102351
56_20240831 03,5377.447402276872
56_20240831 04,5365.922914331213
56_20240831 05,5326.305752570504
56_20240831 06,5329.252546470301
56_20240831 07,5379.843498492359
56_20240831 08,5460.636469538154
56_20240831 09,5502.553318944023
56_20240831 10,5572.222266648019
56_20240831 11,5586.909835233063
56_20240831 12,5693.289064637922
56_20240831 13,5696.109601538677
56_20240831 14,5696.828497077676
56_20240831 15,5714.903940799257
56_20240831 16,5696.40660308439
56_20240831 17,5679.8705954219095
56_20240831 18,5641.8841391449905
56_20240831 19,5496.095296169176
56_20240831 20,5466.145959291706
56_20240831 21,5474.417487323801
56_20240831 22,5459.353256602509
56_20240831 23,5440.321375753874
57_20240825 00,20357.298550811334
57_20240825 01,20344.394307231465
57_20240825 02,20205.099361192963
57_20240825 03,20078.556235361186
57_20240825 04,19964.383933608224
57_20240825 05,19612.322972322312
57_20240825 06,19329.050242352703
57_20240825 07,18352.42733452691
57_20240825 08,16173.103241154891
57_20240825 09,16817.819141693675
57_20240825 10,17388.490768037496
57_20240825 11,17430.809741521633
57_20240825 12,17447.062975674893
57_20240825 13,17445.73607392482
57_20240825 14,17476.73345178637
57_20240825 15,17497.68922858219
57_20240825 16,17552.26833988726
57_20240825 17,17596.58776995386
57_20240825 18,17577.285188463815
57_20240825 19,17338.0892623794
57_20240825 20,17080.530800462016
57_20240825 21,17095.93662579785
57_20240825 22,19313.406271189437
57_20240825 23,20441.96053851114
57_20240826 00,20423.538856036517
57_20240826 01,20357.43021623764
57_20240826 02,20240.022044218345
57_20240826 03,20101.881719413184
57_20240826 04,19971.897124405852
57_20240826 05,19625.13311160546
57_20240826 06,19444.726349873814
57_20240826 07,18507.485701848724
57_20240826 08,16152.607051913921
57_20240826 09,16598.951795185803
57_20240826 10,17388.635221542136
57_20240826 11,17407.603890531653
57_20240826 12,17436.278020119502
57_20240826 13,17452.34659999351
57_20240826 14,17520.83245010314
57_20240826 15,17570.229104083683
57_20240826 16,17572.152728101697
57_20240826 17,17586.82394313704
57_20240826 18,17556.238981580205
57_20240826 19,17262.526721738283
57_20240826 20,17123.04931684076
57_20240826 21,17098.00602168082
57_20240826 22,19368.649612922913
57_20240826 23,20637.950399775014
57_20240827 00,20584.646346977104
57_20240827 01,20469.57390187986
57_20240827 02,20362.396839879177
57_20240827 03,20251.081353887057
57_20240827 04,20071.500879926767
57_20240827 05,19697.700827517972
57_20240827 06,19412.156399848274
57_20240827 07,18440.814511795375
57_20240827 08,16090.93109905249
57_20240827 09,16623.820170682193
57_20240827 10,17303.708142291558
57_20240827 11,17369.709930859848
57_20240827 12,17367.222912428908
57_20240827 13,17381.856160317373
57_20240827 14,17410.730032651572
57_20240827 15,17480.284064619766
57_20240827 16,17546.417591077945
57_20240827 17,17506.840914325803
57_20240827 18,17468.812833074386
57_20240827 19,17187.100574308097
57_20240827 20,16987.211079544388
57_20240827 21,16998.240602163205
57_20240827 22,19282.851131369287
57_20240827 23,20230.667146615535
57_20240828 00,20201.941286599602
57_20240828 01,20158.52360096761
57_20240828 02,19965.712310474384
57_20240828 03,19848.442035370314
57_20240828 04,19732.716209944258
57_20240828 05,19455.1937149453
57_20240828 06,19126.727698447
57_20240828 07,18458.73017304143
57_20240828 08,16551.915704069528
57_20240828 09,16836.5567528081
57_20240828 10,17353.08344945226
57_20240828 11,17461.317894715325
57_20240828 12,17455.88180594206
57_20240828 13,17450.7080403945
57_20240828 14,17437.55758474335
57_20240828 15,17500.081344433558
57_20240828 16,17551.554783667467
57_20240828 17,17574.032045561056
57_20240828 18,17471.240831877072
57_20240828 19,17250.118063522586
57_20240828 20,17056.212461602197
57_20240828 21,17066.619099109997
57_20240828 22,19319.069935566982
57_20240828 23,20246.608607536265
57_20240829 00,20154.75030232605
57_20240829 01,20143.16372644573
57_20240829 02,20015.13185319998
57_20240829 03,19875.633032659964
57_20240829 04,19724.612274157415
57_20240829 05,19444.113632134875
57_20240829 06,19040.41390461803
57_20240829 07,18274.522397372337
57_20240829 08,16186.863900723602
57_20240829 09,16783.399877602125
57_20240829 10,17343.324005271083
57_20240829 11,17415.04324792232
57_20240829 12,17451.399376444348
57_20240829 13,17454.393293154968
57_20240829 14,17482.23603924307
57_20240829 15,17521.542022682916
57_20240829 16,17559.879464498084
57_20240829 17,17537.403824950557
57_20240829 18,17460.01197497065
57_20240829 19,17201.230479230366
57_20240829 20,17031.402069258562
57_20240829 21,17036.30948452289
57_20240829 22,19337.8823935458
57_20240829 23,20220.701640247946
57_20240830 00,20146.09441907479
57_20240830 01,20146.75635421284
57_20240830 02,20003.728353997907
57_20240830 03,19860.035003542518
57_20240830 04,19729.53360654816
57_20240830 05,19457.699651122766
57_20240830 06,19144.287593302975
57_20240830 07,18403.921181606387
57_20240830 08,16160.38518164417
57_20240830 09,16673.423577567293
57_20240830 10,17324.46944880815
57_20240830 11,17402.67905285961
57_20240830 12,17395.750368274246
57_20240830 13,17385.83512783278
57_20240830 14,17383.850676261736
57_20240830 15,17437.064630049026
57_20240830 16,17499.27563810545
57_20240830 17,17541.870764872652
57_20240830 18,17505.645375972825
57_20240830 19,17220.34412197788
57_20240830 20,17039.074829462144
57_20240830 21,17041.275316348136
57_20240830 22,19426.198763584172
57_20240830 23,20183.709649755132
57_20240831 00,20165.64852363105
57_20240831 01,20137.3127311524
57_20240831 02,19976.956126264144
57_20240831 03,19855.92765485632
57_20240831 04,19720.59770533785
57_20240831 05,19411.63326508474
57_20240831 06,19050.160718978175
57_20240831 07,18302.08886073048
57_20240831 08,16211.247638206129
57_20240831 09,16593.121314149932
57_20240831 10,17239.533711699652
57_20240831 11,17314.431596162187
57_20240831 12,17357.56365953148
57_20240831 13,17356.10411865475
57_20240831 14,17372.25942846427
57_20240831 15,17415.17701396552
57_20240831 16,17450.77816495553
57_20240831 17,17442.683709123954
57_20240831 18,17419.70567417115
57_20240831 19,17184.581604316147
57_20240831 20,17023.170755552117
57_20240831 21,17037.69959914997
57_20240831 22,19291.6775454951
57_20240831 23,20258.921161368562
58_20240825 00,1083.8981471176126
58_20240825 01,921.903992763051
58_20240825 02,772.6055911892468
58_20240825 03,693.4624329573976
58_20240825 04,674.9660604622565
58_20240825 05,697.7477921745933
58_20240825 06,822.6649788079685
58_20240825 07,1370.3482662713243
58_20240825 08,1951.896780700361
58_20240825 09,2158.9331616955224
58_20240825 10,2456.239892173205
58_20240825 11,2593.2443785110036
58_20240825 12,2690.5636094823294
58_20240825 13,2749.169650553608
58_20240825 14,2781.7604867786645
58_20240825 15,2760.0450224091774
58_20240825 16,2720.632261479843
58_20240825 17,2689.3730295750593
58_20240825 18,2540.907443845449
58_20240825 19,2392.5759030694203
58_20240825 20,2140.961761192285
58_20240825 21,1764.8865256806293
58_20240825 22,1308.2821051420046
58_20240825 23,1174.4546800730222
58_20240826 00,1055.802088214567
58_20240826 01,890.394429767664
58_20240826 02,738.5459299999397
58_20240826 03,665.0303624820535
58_20240826 04,652.2153356394466
58_20240826 05,676.9103170870767
58_20240826 06,798.6949537104039
58_20240826 07,1283.1672869829447
58_20240826 08,1986.2983941966165
58_20240826 09,2240.4651060820547
58_20240826 10,2582.260022596024
58_20240826 11,2637.8366682266605
58_20240826 12,2714.3927886851925
58_20240826 13,2711.2843839436127
58_20240826 14,2707.226307760586
58_20240826 15,2650.8797707623926
58_20240826 16,2614.1834449426506
58_20240826 17,2577.640582006748
58_20240826 18,2422.7518481816273
58_20240826 19,2285.795930676567
58_20240826 20,1996.8299537519927
58_20240826 21,1661.4737309296625
58_20240826 22,1226.391040105565
58_20240826 23,1125.4299050048298
58_20240827 00,992.599863017797
58_20240827 01,863.6708027382911
58_20240827 02,734.2158838138245
58_20240827 03,663.3471008180954
58_20240827 04,648.7916233338109
58_20240827 05,673.161457123977
58_20240827 06,803.7671533823623
58_20240827 07,1264.1481592474408
58_20240827 08,1892.6349994891095
58_20240827 09,2206.5931800974513
58_20240827 10,2469.579385564425
58_20240827 11,2569.8802132809187
58_20240827 12,2714.2531442319705
58_20240827 13,2734.0374090712457
58_20240827 14,2726.5672065932013
58_20240827 15,2672.683898660919
58_20240827 16,2641.764394499258
58_20240827 17,2571.1764991627188
58_20240827 18,2418.2583283772346
58_20240827 19,2286.756145650389
58_20240827 20,1970.526216925029
58_20240827 21,1673.6324021676105
58_20240827 22,1228.9751868576454
58_20240827 23,1119.740003847443
58_20240828 00,1008.6414286233833
58_20240828 01,870.3942768795841
58_20240828 02,738.4219164266335
58_20240828 03,664.2515531446968
58_20240828 04,642.923907621191
58_20240828 05,669.1363710111716
58_20240828 06,779.6879284998422
58_20240828 07,1195.6235527280567
58_20240828 08,1845.33013115426
58_20240828 09,2266.5103588838483
58_20240828 10,2577.419143782946
58_20240828 11,2682.2528561644212
58_20240828 12,2722.320353989785
58_20240828 13,2740.161980832341
58_20240828 14,2725.1835021992774
58_20240828 15,2719.352273871351
58_20240828 16,2706.3721397538466
58_20240828 17,2628.041427489351
58_20240828 18,2421.0644612807328
58_20240828 19,2238.51554056728
58_20240828 20,1988.055471871066
58_20240828 21,1700.9310503637253
58_20240828 22,1262.5463432342685
58_20240828 23,1125.0308189050677
58_20240829 00,1029.160456789372
58_20240829 01,873.3290309879699
58_20240829 02,730.9622790765682
58_20240829 03,667.3104245307911
58_20240829 04,653.3355765447117
58_20240829 05,677.464223593574
58_20240829 06,798.7767018382399
58_20240829 07,1290.7659182862035
58_20240829 08,1967.4125536331687
58_20240829 09,2267.8204280517484
58_20240829 10,2570.9525732925113
58_20240829 11,2670.3452929163614
58_20240829 12,2724.2177586158496
58_20240829 13,2760.693554914017
58_20240829 14,2753.259984373683
58_20240829 15,2753.7850992948597
58_20240829 16,2754.763274072404
58_20240829 17,2684.3188339170483
58_20240829 18,2537.6691312073663
58_20240829 19,2321.920791245412
58_20240829 20,1985.9716832196311
58_20240829 21,1711.122715601313
58_20240829 22,1285.172860088558
58_20240829 23,1122.932699469594
58_20240830 00,1024.3715450449213
58_20240830 01,891.4262669945945
58_20240830 02,737.9184871253866
58_20240830 03,670.1820037625101
58_20240830 04,658.0420717801654
58_20240830 05,682.8789328087759
58_20240830 06,807.5397769628808
58_20240830 07,1227.27029644721
58_20240830 08,1848.555717126313
58_20240830 09,2202.357050424682
58_20240830 10,2574.6461017607244
58_20240830 11,2694.4605308312193
58_20240830 12,2753.448839253115
58_20240830 13,2765.325228005211
58_20240830 14,2726.707550850243
58_20240830 15,2737.069085447386
58_20240830 16,2691.706891604571
58_20240830 17,2637.2912023444337
58_20240830 18,2478.493686702665
58_20240830 19,2272.093967920914
58_20240830 20,2051.508096069404
58_20240830 21,1746.4292084865822
58_20240830 22,1272.6770290759314
58_20240830 23,1135.2587636838368
58_20240831 00,1052.7701681306557
58_20240831 01,936.5811707271181
58_20240831 02,772.0054355913674
58_20240831 03,703.3596095260214
58_20240831 04,688.9590684091727
58_20240831 05,715.7931378312016
58_20240831 06,796.3943006427237
58_20240831 07,1206.881873434545
58_20240831 08,1796.67526769622
58_20240831 09,2139.2275289222134
58_20240831 10,2471.434229110256
58_20240831 11,2517.13028689797
58_20240831 12,2594.178391951841
58_20240831 13,2633.6544810215587
58_20240831 14,2705.624121900005
58_20240831 15,2697.8182794525105
58_20240831 16,2659.6429082113527
58_20240831 17,2640.812712445982
58_20240831 18,2450.5830888496594
58_20240831 19,2322.4302625467853
58_20240831 20,2074.022449836174
58_20240831 21,1734.2478884491295
58_20240831 22,1288.6146178864394
58_20240831 23,1137.8712112251128
59_20240825 00,488.3651657640628
59_20240825 01,466.2898201425494
59_20240825 02,477.1641569225437
59_20240825 03,477.0441116631106
59_20240825 04,470.7294414837917
59_20240825 05,473.3535891713807
59_20240825 06,487.05105199580464
59_20240825 07,503.89570304691017
59_20240825 08,541.8700409381773
59_20240825 09,610.1868053895608
59_20240825 10,656.2403098753243
59_20240825 11,621.2315554614437
59_20240825 12,598.8106028722385
59_20240825 13,616.5500962735393
59_20240825 14,630.1470073521386
59_20240825 15,629.7951784104432
59_20240825 16,642.2499097484339
59_20240825 17,618.4266684383736
59_20240825 18,590.5053461623859
59_20240825 19,559.471331343405
59_20240825 20,530.0375864694813
59_20240825 21,530.1512188498527
59_20240825 22,524.7945586435463
59_20240825 23,506.9307850661585
59_20240826 00,473.735934206434
59_20240826 01,460.529695142942
59_20240826 02,471.6900629347016
59_20240826 03,471.47246218509883
59_20240826 04,479.03872086940726
59_20240826 05,479.35695913688795
59_20240826 06,572.997428364024
59_20240826 07,737.1773051591606
59_20240826 08,1192.878604521575
59_20240826 09,1431.7164537470053
59_20240826 10,1565.7818027296667
59_20240826 11,1644.6956293188803
59_20240826 12,1610.0508905361132
59_20240826 13,1627.222616807722
59_20240826 14,1605.6399024080815
59_20240826 15,1585.6292365552097
59_20240826 16,1575.0179071216057
59_20240826 17,1548.529868929262
59_20240826 18,1515.2512244298118
59_20240826 19,1505.5879800562564
59_20240826 20,1385.3529578740026
59_20240826 21,1119.714977964119
59_20240826 22,944.5332246771807
59_20240826 23,650.2332401589695
59_20240827 00,466.2102839288166
59_20240827 01,438.3942531368657
59_20240827 02,450.5573137115724
59_20240827 03,465.0895876638695
59_20240827 04,461.57572664542863
59_20240827 05,465.5530354707324
59_20240827 06,547.13487977868
59_20240827 07,650.486378333139
59_20240827 08,970.7708891758641
59_20240827 09,1260.764184178954
59_20240827 10,1548.92290379458
59_20240827 11,1586.5731159187694
59_20240827 12,1580.8930260628526
59_20240827 13,1592.3250264374963
59_20240827 14,1596.7518063754824
59_20240827 15,1572.7254055854169
59_20240827 16,1557.679537406289
59_20240827 17,1534.8314610559657
59_20240827 18,1528.3369842529432
59_20240827 19,1509.3398337428362
59_20240827 20,1338.8024748274574
59_20240827 21,1079.7229083321859
59_20240827 22,904.6923603100632
59_20240827 23,643.7593833863964
59_20240828 00,476.53465150964746
59_20240828 01,455.060074825607
59_20240828 02,463.5166768086897
59_20240828 03,461.6807086958106
59_20240828 04,465.4844645842945
59_20240828 05,467.128247927898
59_20240828 06,562.5337721815209
59_20240828 07,652.0407082829686
59_20240828 08,988.4846545222013
59_20240828 09,1250.858556041654
59_20240828 10,1573.3023835218428
59_20240828 11,1596.84467736343
59_20240828 12,1594.1389264085801
59_20240828 13,1653.6769778242808
59_20240828 14,1630.127039529806
59_20240828 15,1578.3394160764306
59_20240828 16,1603.4260522485633
59_20240828 17,1595.019152936503
59_20240828 18,1542.7059106691022
59_20240828 19,1537.8482585670465
59_20240828 20,1468.4135689531831
59_20240828 21,1249.5714466707245
59_20240828 22,925.7580732116903
59_20240828 23,632.0489774626373
59_20240829 00,461.3426124858115
59_20240829 01,445.51877890066226
59_20240829 02,468.46574235503806
59_20240829 03,466.74292307299856
59_20240829 04,474.124054637059
59_20240829 05,464.86922068102393
59_20240829 06,573.2496603324072
59_20240829 07,665.4698993844302
59_20240829 08,994.1012718331242
59_20240829 09,1251.6301687019693
59_20240829 10,1608.5208165619551
59_20240829 11,1683.1641794261827
59_20240829 12,1657.7172737188287
59_20240829 13,1661.880059086924
59_20240829 14,1649.0905165636693
59_20240829 15,1648.2412866188788
59_20240829 16,1616.1129317693756
59_20240829 17,1610.0631903243175
59_20240829 18,1577.3266736523926
59_20240829 19,1543.052782473526
59_20240829 20,1369.9048298706098
59_20240829 21,1061.599408228219
59_20240829 22,905.707416134812
59_20240829 23,633.8993095441485
59_20240830 00,464.3042238794536
59_20240830 01,444.41633972726714
59_20240830 02,461.17785139266044
59_20240830 03,457.2782606801736
59_20240830 04,460.00661822303834
59_20240830 05,461.8809754582697
59_20240830 06,555.7947355021282
59_20240830 07,668.9934772430147
59_20240830 08,969.3045662120064
59_20240830 09,1246.4448063688026
59_20240830 10,1592.4170099821895
59_20240830 11,1669.0743348647577
59_20240830 12,1655.3430056003326
59_20240830 13,1646.3319872355469
59_20240830 14,1603.4897918667148
59_20240830 15,1585.642653709388
59_20240830 16,1533.1222420117713
59_20240830 17,1509.7381111986424
59_20240830 18,1510.0990918897035
59_20240830 19,1507.9011409890863
59_20240830 20,1357.166127485736
59_20240830 21,1097.551247283311
59_20240830 22,965.0867475700062
59_20240830 23,668.8129370182818
59_20240831 00,476.2282471745212
59_20240831 01,457.11884711227316
59_20240831 02,464.12126987370607
59_20240831 03,460.34457442391556
59_20240831 04,461.99543931583736
59_20240831 05,458.4827115497195
59_20240831 06,549.8950217106815
59_20240831 07,678.8889350774817
59_20240831 08,984.9553363608538
59_20240831 09,1208.846348516322
59_20240831 10,1605.071418905542
59_20240831 11,1736.4064294370219
59_20240831 12,1786.8494450931607
59_20240831 13,1789.514301298695
59_20240831 14,1796.8377276833626
59_20240831 15,1806.0953123301092
59_20240831 16,1775.782913595109
59_20240831 17,1761.3119965287478
59_20240831 18,1757.302411887746
59_20240831 19,1719.3293776760647
59_20240831 20,1567.6105791145
59_20240831 21,1350.8135284312957
59_20240831 22,1056.5743399965836
59_20240831 23,732.6284139942743
60_20240825 00,3250.1147076070865
60_20240825 01,3150.2537936976314
60_20240825 02,3147.836022030976
60_20240825 03,3134.8882015205127
60_20240825 04,3139.3033823903716
60_20240825 05,3056.3298058227274
60_20240825 06,3067.4653677576243
60_20240825 07,3512.045842999737
60_20240825 08,3716.9558696406843
60_20240825 09,3734.4183753785533
60_20240825 10,3905.7853937729196
60_20240825 11,3982.1811818280175
60_20240825 12,3989.871119713025
60_20240825 13,4094.592663749272
60_20240825 14,4155.286469423994
60_20240825 15,4147.245633427738
60_20240825 16,4209.382881433494
60_20240825 17,4132.235663474645
60_20240825 18,3966.766222784853
60_20240825 19,3889.148055868536
60_20240825 20,3860.5605985785432
60_20240825 21,3651.5295446032624
60_20240825 22,3544.550193701959
60_20240825 23,3365.850206431842
60_20240826 00,3246.6146787168777
60_20240826 01,3197.7859877935907
60_20240826 02,3162.6835642106143
60_20240826 03,3128.7251380066064
60_20240826 04,3111.035476310426
60_20240826 05,3113.5401989136053
60_20240826 06,3147.5471669676863
60_20240826 07,3656.6232036656484
60_20240826 08,4228.425518810347
60_20240826 09,4951.8611249315045
60_20240826 10,5359.559092314147
60_20240826 11,5470.260471443493
60_20240826 12,5520.05779882137
60_20240826 13,5479.824253533241
60_20240826 14,5551.92310605531
60_20240826 15,5575.281850885184
60_20240826 16,5472.9209892522995
60_20240826 17,5262.257524731506
60_20240826 18,4857.500405638673
60_20240826 19,4575.9151505124755
60_20240826 20,4447.105761299289
60_20240826 21,4097.106549126771
60_20240826 22,3671.149990481837
60_20240826 23,3534.1876747257265
60_20240827 00,3335.796336222567
60_20240827 01,3238.3403110689333
60_20240827 02,3257.1813822737704
60_20240827 03,3199.098816324273
60_20240827 04,3154.3179756005666
60_20240827 05,3131.2900027323267
60_20240827 06,3175.1222780063117
60_20240827 07,3699.879388027149
60_20240827 08,4174.829533137562
60_20240827 09,4802.319772481412
60_20240827 10,5160.331752149223
60_20240827 11,5247.165555272026
60_20240827 12,5301.071593080105
60_20240827 13,5328.964445758935
60_20240827 14,5374.771185383515
60_20240827 15,5404.62486709167
60_20240827 16,5211.592802700116
60_20240827 17,5169.303459702125
60_20240827 18,4689.283944179975
60_20240827 19,4361.585604982071
60_20240827 20,4283.891150075115
60_20240827 21,3905.5334122756885
60_20240827 22,3573.3929033561376
60_20240827 23,3405.9271687315813
60_20240828 00,3203.445125550961
60_20240828 01,3160.24803007723
60_20240828 02,3140.8702027512663
60_20240828 03,3107.0420409837834
60_20240828 04,3077.880389769195
60_20240828 05,3029.5134228720317
60_20240828 06,3068.580656175058
60_20240828 07,3618.1051103532905
60_20240828 08,4195.471932095033
60_20240828 09,4807.800369502233
60_20240828 10,5272.972427911252
60_20240828 11,5382.946057567922
60_20240828 12,5432.07908446343
60_20240828 13,5471.501918031154
60_20240828 14,5567.106635021371
60_20240828 15,5573.746549724536
60_20240828 16,5469.177967040621
60_20240828 17,5247.458051153344
60_20240828 18,4776.13619293886
60_20240828 19,4409.7359967770935
60_20240828 20,4376.7934577044425
60_20240828 21,4039.7820218362376
60_20240828 22,3654.9123694312934
60_20240828 23,3541.6481419708916
60_20240829 00,3356.0407691929126
60_20240829 01,3141.775675048347
60_20240829 02,3141.764806020959
60_20240829 03,3124.271887584293
60_20240829 04,3083.2281811347657
60_20240829 05,3043.3898510382405
60_20240829 06,3076.799175372119
60_20240829 07,3603.085388366511
60_20240829 08,4190.520988053933
60_20240829 09,4842.792825391953
60_20240829 10,5218.529766226851
60_20240829 11,5365.251795515562
60_20240829 12,5481.781534297653
60_20240829 13,5539.96548584767
60_20240829 14,5562.128262106988
60_20240829 15,5576.696782042556
60_20240829 16,5400.400655511071
60_20240829 17,5160.64265715584
60_20240829 18,4752.153391814162
60_20240829 19,4335.122849351307
60_20240829 20,4312.903471545731
60_20240829 21,4035.8361932431144
60_20240829 22,3646.9507411351638
60_20240829 23,3489.276037164851
60_20240830 00,3284.0009356646724
60_20240830 01,3141.432742535043
60_20240830 02,3130.2483173727283
60_20240830 03,3118.9380705442663
60_20240830 04,3079.4018972324516
60_20240830 05,3029.6242483162205
60_20240830 06,3069.9090221825672
60_20240830 07,3688.7436153753856
60_20240830 08,4275.335245547393
60_20240830 09,4858.048569397585
60_20240830 10,5358.58317231068
60_20240830 11,5427.001515268999
60_20240830 12,5559.961558735139
60_20240830 13,5533.7393384208735
60_20240830 14,5529.01760881438
60_20240830 15,5577.103769907957
60_20240830 16,5400.724258828728
60_20240830 17,5036.368666246044
60_20240830 18,4559.484945240183
60_20240830 19,4263.365079200794
60_20240830 20,4106.617899699033
60_20240830 21,3833.6349172131963
60_20240830 22,3492.8894532002387
60_20240830 23,3238.7630288899763
60_20240831 00,3173.9518242178465
60_20240831 01,3135.811515361099
60_20240831 02,3098.3380147233993
60_20240831 03,3062.8023751955498
60_20240831 04,3043.614333242701
60_20240831 05,2994.749552976581
60_20240831 06,2989.9380933802504
60_20240831 07,3157.7901457959197
60_20240831 08,3612.4372069990095
60_20240831 09,3773.377897481687
60_20240831 10,3925.889156494478
60_20240831 11,4157.2673372023255
60_20240831 12,4220.7495227788
60_20240831 13,4303.107320146866
60_20240831 14,4412.759035076904
60_20240831 15,4430.332310913071
60_20240831 16,4383.1553981044135
60_20240831 17,4288.58058379935
60_20240831 18,4054.7024196741413
60_20240831 19,3875.67456255071
60_20240831 20,3833.3231701041736
60_20240831 21,3610.3844249134972
60_20240831 22,3258.2956615490066
60_20240831 23,3208.602020567012
61_20240825 00,1069.0283838654223
61_20240825 01,1043.9690666760334
61_20240825 02,1032.2248093588123
61_20240825 03,1007.2734677796713
61_20240825 04,1008.8645246068202
61_20240825 05,995.2146432196187
61_20240825 06,985.9789091813705
61_20240825 07,1186.41449017142
61_20240825 08,1805.179455705652
61_20240825 09,3255.292901118831
61_20240825 10,3452.0022123956123
61_20240825 11,3481.0279303711163
61_20240825 12,3505.5429803389757
61_20240825 13,3511.634967028435
61_20240825 14,3526.791203208295
61_20240825 15,3561.6710233076847
61_20240825 16,3616.949908983343
61_20240825 17,3642.2070173629327
61_20240825 18,3317.613472546084
61_20240825 19,1883.921978518019
61_20240825 20,1373.0225387640262
61_20240825 21,1082.8288098829844
61_20240825 22,1067.8999108053722
61_20240825 23,1091.9636722680657
61_20240826 00,1029.211742768363
61_20240826 01,1002.3930976580237
61_20240826 02,982.8230318330113
61_20240826 03,968.3504501068884
61_20240826 04,932.2248700514299
61_20240826 05,914.176281943775
61_20240826 06,952.2883742491418
61_20240826 07,1079.4598950762404
61_20240826 08,1724.6887797052418
61_20240826 09,3097.397715877589
61_20240826 10,3309.9832193737466
61_20240826 11,3316.6556568082933
61_20240826 12,3378.8645605401907
61_20240826 13,3351.3247665085146
61_20240826 14,3345.842524319506
61_20240826 15,3381.308778400951
61_20240826 16,3450.4855470367693
61_20240826 17,3443.2987894069374
61_20240826 18,2955.7092263592976
61_20240826 19,1713.3880333199993
61_20240826 20,1204.743155500892
61_20240826 21,1046.800972058997
61_20240826 22,1027.7794981340694
61_20240826 23,1024.0061524010928
61_20240827 00,949.649063813295
61_20240827 01,930.392768615965
61_20240827 02,909.9065641514508
61_20240827 03,902.0757810093623
61_20240827 04,890.8168963157314
61_20240827 05,867.7891679195552
61_20240827 06,859.4664300748866
61_20240827 07,1042.1434368538794
61_20240827 08,1724.4548280798176
61_20240827 09,3081.4518157587345
61_20240827 10,3249.9999511552537
61_20240827 11,3297.7514746546867
61_20240827 12,3269.4455469829004
61_20240827 13,3275.0479511219764
61_20240827 14,3248.451882175248
61_20240827 15,3250.570886066086
61_20240827 16,3273.7504559240215
61_20240827 17,3130.3173492579176
61_20240827 18,2474.878870508275
61_20240827 19,1322.6437838463924
61_20240827 20,1044.413056428775
61_20240827 21,946.1241048276293
61_20240827 22,942.8881881337679
61_20240827 23,949.1497134455218
61_20240828 00,944.6340355997299
61_20240828 01,893.9768793937333
61_20240828 02,894.6607146678562
61_20240828 03,891.6923872940445
61_20240828 04,872.7227027430256
61_20240828 05,863.068235860655
61_20240828 06,857.6147098252616
61_20240828 07,1008.8979564597088
61_20240828 08,1748.7040354512624
61_20240828 09,2849.4966629288465
61_20240828 10,3178.0373280365216
61_20240828 11,3248.615895033159
61_20240828 12,3229.0611831549268
61_20240828 13,3259.6799275727217
61_20240828 14,3209.3969207749233
61_20240828 15,3264.087584667712
61_20240828 16,3248.7934361957346
61_20240828 17,3156.592371580916
61_20240828 18,2486.889020593512
61_20240828 19,1452.617923472882
61_20240828 20,1111.380633766088
61_20240828 21,983.3779966899103
61_20240828 22,1001.7594439148694
61_20240828 23,1007.7862811409478
61_20240829 00,951.9813036185049
61_20240829 01,925.7635571367678
61_20240829 02,909.2840074346182
61_20240829 03,902.3382169519563
61_20240829 04,890.3711633313274
61_20240829 05,870.6648844268828
61_20240829 06,895.8095698211068
61_20240829 07,1121.0256449926896
61_20240829 08,1902.7120994230265
61_20240829 09,2990.26779665962
61_20240829 10,3198.5656981711663
61_20240829 11,3234.5759665222336
61_20240829 12,3256.4022177111738
61_20240829 13,3275.5439007774244
61_20240829 14,3258.4453640520605
61_20240829 15,3307.674171087962
61_20240829 16,3304.2023040234108
61_20240829 17,3254.812119143726
61_20240829 18,2698.576510312496
61_20240829 19,1551.8582017385002
61_20240829 20,1127.7586861849159
61_20240829 21,1002.1946563197184
61_20240829 22,997.1844228415927
61_20240829 23,1010.2439413715381
61_20240830 00,992.1054011706287
61_20240830 01,960.7322951816891
61_20240830 02,959.1072175384788
61_20240830 03,934.0481842746221
61_20240830 04,895.3326635561763
61_20240830 05,877.7372081518569
61_20240830 06,880.0990260209878
61_20240830 07,1105.4881142735176
61_20240830 08,1791.3465430969186
61_20240830 09,2947.081793013528
61_20240830 10,3210.0558981877557
61_20240830 11,3258.908645628246
61_20240830 12,3247.0897453361777
61_20240830 13,3250.486587424603
61_20240830 14,3243.6482118908143
61_20240830 15,3282.7920321803936
61_20240830 16,3288.5853599142197
61_20240830 17,3224.4213025454033
61_20240830 18,2871.7372789369147
61_20240830 19,1789.9290634649826
61_20240830 20,1240.8684112798237
61_20240830 21,1069.7905772898603
61_20240830 22,1047.3903684660618
61_20240830 23,1023.8550725550614
61_20240831 00,964.6045639336485
61_20240831 01,951.4954549369745
61_20240831 02,946.3802503526556
61_20240831 03,943.2332670969698
61_20240831 04,940.9647117896723
61_20240831 05,902.1830886522591
61_20240831 06,886.9354628670603
61_20240831 07,1113.2156858403994
61_20240831 08,1873.139558670525
61_20240831 09,3178.0763488082266
61_20240831 10,3351.1324842476924
61_20240831 11,3377.6423640845155
61_20240831 12,3405.594206323334
61_20240831 13,3433.4329758743743
61_20240831 14,3449.3777261577698
61_20240831 15,3488.6194829344095
61_20240831 16,3517.1255258128112
61_20240831 17,3526.8840891130626
61_20240831 18,3340.3815027828855
61_20240831 19,2073.2020792132416
61_20240831 20,1353.7512950926905
61_20240831 21,1142.2586137528472
61_20240831 22,1020.4480412113286
61_20240831 23,995.0837398390315
62_20240825 00,1542.656006112891
62_20240825 01,1547.089878064126
62_20240825 02,1527.9722121808136
62_20240825 03,1514.656323897535
62_20240825 04,1512.56187595018
62_20240825 05,1511.1899874783487
62_20240825 06,1508.3208644060933
62_20240825 07,1527.1336104613506
62_20240825 08,1595.980584521125
62_20240825 09,1665.798230587135
62_20240825 10,1714.8335101465063
62_20240825 11,1731.3643667264018
62_20240825 12,1744.9930423229607
62_20240825 13,1794.3735544963188
62_20240825 14,1802.3818086109093
62_20240825 15,1795.7734818212884
62_20240825 16,1797.270899582984
62_20240825 17,1790.0106044296049
62_20240825 18,1761.054921256872
62_20240825 19,1685.2069486582623
62_20240825 20,1653.5896642172352
62_20240825 21,1639.0483384747452
62_20240825 22,1590.1988056033933
62_20240825 23,1568.6145585858903
62_20240826 00,1576.5464182312198
62_20240826 01,1567.5145507117784
62_20240826 02,1549.755527313684
62_20240826 03,1539.3616728290945
62_20240826 04,1535.6469507530962
62_20240826 05,1545.6168534031112
62_20240826 06,1611.3239175172134
62_20240826 07,2001.2648168947746
62_20240826 08,2157.05969917773
62_20240826 09,2240.9191416056465
62_20240826 10,2282.9221225009937
62_20240826 11,2309.125896052528
62_20240826 12,2498.6519207604665
62_20240826 13,2348.3534775055
62_20240826 14,2378.5617408909234
62_20240826 15,2582.509964774624
62_20240826 16,2549.831537069064
62_20240826 17,2435.984436589591
62_20240826 18,2251.591499732617
62_20240826 19,1954.7529584999197
62_20240826 20,1868.0534057613786
62_20240826 21,1801.7706933860215
62_20240826 22,1776.7054302248735
62_20240826 23,1662.1921353260575
62_20240827 00,1639.781130980249
62_20240827 01,1620.9314756126066
62_20240827 02,1594.213326498466
62_20240827 03,1587.3619368519335
62_20240827 04,1576.9371794077492
62_20240827 05,1590.2776464680387
62_20240827 06,1652.4225145500734
62_20240827 07,2024.239868960168
62_20240827 08,2147.794070152666
62_20240827 09,2246.655402448556
62_20240827 10,2294.4764979828624
62_20240827 11,2251.8161830069644
62_20240827 12,2238.5472028697777
62_20240827 13,2274.8138576702545
62_20240827 14,2280.1906029704246
62_20240827 15,2239.435837310251
62_20240827 16,2233.5554214028234
62_20240827 17,2156.005229834689
62_20240827 18,2081.447480819219
62_20240827 19,1818.019448419163
62_20240827 20,1776.781579286166
62_20240827 21,1701.9378351622697
62_20240827 22,1665.8293473683955
62_20240827 23,1632.5212633724566
62_20240828 00,1594.9483327687874
62_20240828 01,1591.5880821469707
62_20240828 02,1567.752289655379
62_20240828 03,1561.3638375521596
62_20240828 04,1552.6957282379203
62_20240828 05,1565.4427966486714
62_20240828 06,1594.7220877410678
62_20240828 07,1971.0526870496965
62_20240828 08,2104.1053502099608
62_20240828 09,2185.828240839783
62_20240828 10,2244.3816420004214
62_20240828 11,2262.8666564658115
62_20240828 12,2236.7473536121797
62_20240828 13,2260.608789094407
62_20240828 14,2290.527341477392
62_20240828 15,2313.7710549403646
62_20240828 16,2276.762377462993
62_20240828 17,2165.055775629757
62_20240828 18,2077.6160684041847
62_20240828 19,1801.9898929656524
62_20240828 20,1747.3044059376266
62_20240828 21,1715.925705369595
62_20240828 22,1685.2523430346882
62_20240828 23,1633.758662120878
62_20240829 00,1573.1997006510674
62_20240829 01,1562.6981637955591
62_20240829 02,1559.1059607416928
62_20240829 03,1553.8090078428716
62_20240829 04,1540.1526692662947
62_20240829 05,1546.606136235459
62_20240829 06,1629.1926352640057
62_20240829 07,1984.8680589326325
62_20240829 08,2131.8023925532825
62_20240829 09,2277.6335922804597
62_20240829 10,2494.9806382768934
62_20240829 11,2508.4799808179196
62_20240829 12,2497.599660121823
62_20240829 13,2537.001203742993
62_20240829 14,2561.1604001292962
62_20240829 15,2561.351541666352
62_20240829 16,2521.128875441251
62_20240829 17,2389.5774105482324
62_20240829 18,2187.6791938122988
62_20240829 19,1819.3214668717405
62_20240829 20,1768.2022955269013
62_20240829 21,1726.3650884323756
62_20240829 22,1673.591300622394
62_20240829 23,1609.6713780700288
62_20240830 00,1572.4777544184362
62_20240830 01,1569.5537159048827
62_20240830 02,1562.2377167191921
62_20240830 03,1552.457541807159
62_20240830 04,1546.9065941740291
62_20240830 05,1550.0566053739187
62_20240830 06,1633.8387542354649
62_20240830 07,1941.9988547872945
62_20240830 08,2151.853108881947
62_20240830 09,2337.048522996094
62_20240830 10,2447.6632238724765
62_20240830 11,2448.6533563444527
62_20240830 12,2429.485857369603
62_20240830 13,2449.254658320499
62_20240830 14,2451.988585497602
62_20240830 15,2424.3342975103765
62_20240830 16,2387.170097694707
62_20240830 17,2256.922401257284
62_20240830 18,2050.067946996304
62_20240830 19,1782.368779863751
62_20240830 20,1688.2958015202387
62_20240830 21,1673.830418579374
62_20240830 22,1631.6507689340956
62_20240830 23,1595.6738972483315
62_20240831 00,1548.234386290211
62_20240831 01,1541.929858561553
62_20240831 02,1524.5501033909163
62_20240831 03,1516.7874543129415
62_20240831 04,1511.1065508429824
62_20240831 05,1505.0589472171137
62_20240831 06,1491.0266484427707
62_20240831 07,1534.8396377586319
62_20240831 08,1592.1972595020025
62_20240831 09,1698.822473749412
62_20240831 10,1769.612775280626
62_20240831 11,1785.1811879435495
62_20240831 12,1807.1588210189395
62_20240831 13,1804.6467934085595
62_20240831 14,1825.8807580494745
62_20240831 15,1754.7476528256425
62_20240831 16,1754.052548710069
62_20240831 17,1744.4150332879863
62_20240831 18,1686.491558952221
62_20240831 19,1638.5300599731986
62_20240831 20,1591.9432403177698
62_20240831 21,1573.8546581092528
62_20240831 22,1558.9436180312478
62_20240831 23,1547.8366155048607
63_20240825 00,667.3258924236567
63_20240825 01,633.1447331460543
63_20240825 02,588.383505412075
63_20240825 03,565.655264330751
63_20240825 04,587.5194575149536
63_20240825 05,565.7688374568677
63_20240825 06,609.0429489889448
63_20240825 07,647.1705647007387
63_20240825 08,681.0282832514233
63_20240825 09,769.6481686940531
63_20240825 10,831.9070182296894
63_20240825 11,831.4332609133874
63_20240825 12,828.5291768774291
63_20240825 13,784.1355675197208
63_20240825 14,763.2880818645783
63_20240825 15,707.7225035600181
63_20240825 16,689.1172494502812
63_20240825 17,650.2179194001075
63_20240825 18,633.6101055331123
63_20240825 19,607.435295750055
63_20240825 20,620.19984756568
63_20240825 21,601.4428933852698
63_20240825 22,599.45007748271
63_20240825 23,586.8834824841315
63_20240826 00,649.6051175816883
63_20240826 01,592.0774453727013
63_20240826 02,573.8699288629136
63_20240826 03,562.3219463932874
63_20240826 04,629.1233366849707
63_20240826 05,669.2988438145001
63_20240826 06,856.6978074882437
63_20240826 07,1309.2582436225584
63_20240826 08,1425.4076701844506
63_20240826 09,1630.0729558963562
63_20240826 10,1945.858076046809
63_20240826 11,1981.4743110233085
63_20240826 12,2037.8056177613976
63_20240826 13,2032.666593048093
63_20240826 14,2032.5058687860696
63_20240826 15,1976.2557607274273
63_20240826 16,1956.1061784595495
63_20240826 17,1924.3231679386354
63_20240826 18,1958.1481389660273
63_20240826 19,1866.4169629272874
63_20240826 20,1794.7164462686314
63_20240826 21,1721.0089041726394
63_20240826 22,1197.3972640233
63_20240826 23,862.9555616623243
63_20240827 00,643.4957536847238
63_20240827 01,589.0928960635231
63_20240827 02,565.6676772324566
63_20240827 03,554.8579612333003
63_20240827 04,607.6734335790352
63_20240827 05,643.416788999752
63_20240827 06,814.9679722644564
63_20240827 07,1262.681652288648
63_20240827 08,1389.391856236005
63_20240827 09,1548.5804441420084
63_20240827 10,1846.8729654552608
63_20240827 11,1855.4490900710082
63_20240827 12,1898.162375541926
63_20240827 13,1914.8854581610403
63_20240827 14,1933.5352941687192
63_20240827 15,1953.5629826564696
63_20240827 16,1951.0942103672783
63_20240827 17,1955.296557708629
63_20240827 18,1944.2746769047133
63_20240827 19,1892.7890576769646
63_20240827 20,1772.4515861289706
63_20240827 21,1661.2079415185017
63_20240827 22,1169.0966968145044
63_20240827 23,850.5457433986284
63_20240828 00,638.4798849155511
63_20240828 01,585.340125945437
63_20240828 02,558.0376938091352
63_20240828 03,546.5743663760621
63_20240828 04,602.1682187727633
63_20240828 05,646.5128560081454
63_20240828 06,813.7124468404851
63_20240828 07,1225.9141336882667
63_20240828 08,1368.1520825263674
63_20240828 09,1554.7271391438908
63_20240828 10,1865.643780425974
63_20240828 11,1918.0358852115637
63_20240828 12,2002.708722361188
63_20240828 13,2016.9600268905729
63_20240828 14,2038.094536889556
63_20240828 15,2006.0940824991922
63_20240828 16,1974.8232171577401
63_20240828 17,1937.5834865461966
63_20240828 18,1967.0519890782073
63_20240828 19,1908.4554855680014
63_20240828 20,1875.4655452109805
63_20240828 21,1714.998725954855
63_20240828 22,1175.0743548484672
63_20240828 23,857.4967481045937
63_20240829 00,639.1965478384384
63_20240829 01,574.7159855822432
63_20240829 02,552.4755854841603
63_20240829 03,542.5443192309849
63_20240829 04,598.2888907999702
63_20240829 05,637.0686788432091
63_20240829 06,807.1944618169161
63_20240829 07,1227.4220909745875
63_20240829 08,1363.6097871373659
63_20240829 09,1571.0750885156933
63_20240829 10,1897.2076684560436
63_20240829 11,1943.8199430550922
63_20240829 12,2025.929604981418
63_20240829 13,2019.2965008324934
63_20240829 14,2039.4118805786393
63_20240829 15,2007.4521055338369
63_20240829 16,1992.7585537160658
63_20240829 17,1956.1298693200372
63_20240829 18,1981.8743565986626
63_20240829 19,1897.7308024039921
63_20240829 20,1850.2353965993498
63_20240829 21,1709.3897607894744
63_20240829 22,1178.1838745141526
63_20240829 23,851.7347054263171
63_20240830 00,647.8584090180523
63_20240830 01,592.7913527308291
63_20240830 02,567.3508082438107
63_20240830 03,559.115637522934
63_20240830 04,607.1241326800181
63_20240830 05,643.4832099854391
63_20240830 06,812.5991346335945
63_20240830 07,1245.1897832161405
63_20240830 08,1417.110360821087
63_20240830 09,1628.0509679982697
63_20240830 10,1935.3391944408881
63_20240830 11,1947.7716738313861
63_20240830 12,2029.0561778892925
63_20240830 13,2026.6838036658123
63_20240830 14,2031.5733389827237
63_20240830 15,1992.0458981965862
63_20240830 16,1990.6684041587414
63_20240830 17,1955.949965827318
63_20240830 18,1978.0062997692667
63_20240830 19,1893.4537122604424
63_20240830 20,1812.2743012176406
63_20240830 21,1698.5691856561853
63_20240830 22,1191.7455296410653
63_20240830 23,859.721852137077
63_20240831 00,641.6551162652788
63_20240831 01,594.573632965919
63_20240831 02,557.5165500770286
63_20240831 03,554.0055934631342
63_20240831 04,608.8964292325501
63_20240831 05,659.854397725818
63_20240831 06,822.3478241673079
63_20240831 07,1212.2887566865566
63_20240831 08,1357.6974921318376
63_20240831 09,1545.7054913373818
63_20240831 10,1877.0862911025115
63_20240831 11,1949.722038624485
63_20240831 12,2001.3502289653984
63_20240831 13,2029.3552621536262
63_20240831 14,2059.7404639955284
63_20240831 15,2037.5804188128252
63_20240831 16,2025.6763331248312
63_20240831 17,1981.4145414870718
63_20240831 18,2003.4494601597153
63_20240831 19,1880.483112265832
63_20240831 20,1784.3016255506147
63_20240831 21,1710.3704526742067
63_20240831 22,1200.4060926017678
63_20240831 23,854.717197373755
64_20240825 00,10919.139429341198
64_20240825 01,10912.335379005362
64_20240825 02,10874.442203060971
64_20240825 03,10868.809465734392
64_20240825 04,10766.395236090011
64_20240825 05,10734.87732591853
64_20240825 06,10723.322536151014
64_20240825 07,10631.374018658646
64_20240825 08,10569.295152533383
64_20240825 09,10465.816578541006
64_20240825 10,10441.51095686005
64_20240825 11,10443.246466103483
64_20240825 12,10397.471127176386
64_20240825 13,10406.87016264589
64_20240825 14,10393.134349080632
64_20240825 15,10444.72020194928
64_20240825 16,10503.507196098311
64_20240825 17,10532.221611484812
64_20240825 18,10576.441924712508
64_20240825 19,10586.791119278056
64_20240825 20,10612.318924835658
64_20240825 21,10583.218657318437
64_20240825 22,10592.29832509709
64_20240825 23,10603.427191494171
64_20240826 00,10642.487021440122
64_20240826 01,10635.800680450142
64_20240826 02,10613.779413642396
64_20240826 03,10599.429742390283
64_20240826 04,10593.68608335856
64_20240826 05,10550.090034091532
64_20240826 06,10545.454098206023
64_20240826 07,10554.776304206594
64_20240826 08,10720.885315875454
64_20240826 09,11137.62217827883
64_20240826 10,11552.425285904952
64_20240826 11,11177.74587993697
64_20240826 12,11040.015102869369
64_20240826 13,11178.212489719734
64_20240826 14,11559.040337733466
64_20240826 15,12134.450282629668
64_20240826 16,11993.122289767945
64_20240826 17,11656.71327903117
64_20240826 18,11402.789900040116
64_20240826 19,11287.960446502384
64_20240826 20,11140.100549339273
64_20240826 21,11076.305239795642
64_20240826 22,11072.870477281951
64_20240826 23,11040.373488962367
64_20240827 00,10960.037839643104
64_20240827 01,10943.3884256349
64_20240827 02,10940.091389871794
64_20240827 03,10933.084521583425
64_20240827 04,10922.609816591685
64_20240827 05,10867.527169812882
64_20240827 06,10864.562319013501
64_20240827 07,10856.337305277591
64_20240827 08,11053.367604648924
64_20240827 09,11556.114066488946
64_20240827 10,11915.491108831202
64_20240827 11,11668.531640110858
64_20240827 12,11128.440140994406
64_20240827 13,11204.64092550865
64_20240827 14,11698.140384749506
64_20240827 15,11924.174083250873
64_20240827 16,11943.008397732225
64_20240827 17,11585.661811739235
64_20240827 18,11375.76587079007
64_20240827 19,11295.658907948377
64_20240827 20,11242.500271998197
64_20240827 21,11151.931514093225
64_20240827 22,11115.084163732923
64_20240827 23,11093.183197705108
64_20240828 00,11100.283711616994
64_20240828 01,11085.28561118471
64_20240828 02,11156.183071228465
64_20240828 03,11075.741059789108
64_20240828 04,11067.323292958627
64_20240828 05,11060.306965171188
64_20240828 06,11051.717256738026
64_20240828 07,11047.5943364523
64_20240828 08,11099.568557484385
64_20240828 09,11508.899347914388
64_20240828 10,11587.01762553769
64_20240828 11,11355.032678408967
64_20240828 12,11160.431172489418
64_20240828 13,11364.894534833802
64_20240828 14,11888.299171134922
64_20240828 15,12038.96430862237
64_20240828 16,12032.65618420296
64_20240828 17,11889.95356025709
64_20240828 18,11352.160419181402
64_20240828 19,11335.999934084823
64_20240828 20,11309.33555221766
64_20240828 21,11301.42625483211
64_20240828 22,11271.234131999703
64_20240828 23,11205.10625202137
64_20240829 00,11160.864293153201
64_20240829 01,11133.243962792973
64_20240829 02,11084.018569589962
64_20240829 03,11085.879113177902
64_20240829 04,11083.055469707455
64_20240829 05,11071.260886935568
64_20240829 06,11069.063368263993
64_20240829 07,11064.260993972079
64_20240829 08,11184.026722810462
64_20240829 09,11596.659583741093
64_20240829 10,11539.697023463303
64_20240829 11,11352.590989767968
64_20240829 12,11114.973194370901
64_20240829 13,11432.943929598292
64_20240829 14,11900.39759194211
64_20240829 15,11830.642315591194
64_20240829 16,11816.099864054922
64_20240829 17,11720.932321340555
64_20240829 18,11378.96895201562
64_20240829 19,11228.621370238354
64_20240829 20,11185.775328969814
64_20240829 21,11197.757655809699
64_20240829 22,11196.053242308084
64_20240829 23,11180.519156651531
64_20240830 00,11152.07892905088
64_20240830 01,11125.295677173901
64_20240830 02,11099.489100640296
64_20240830 03,11100.043432777804
64_20240830 04,11092.036912853206
64_20240830 05,11090.937880499652
64_20240830 06,11079.89820573311
64_20240830 07,11060.73421292193
64_20240830 08,11213.80335185557
64_20240830 09,11530.527366375401
64_20240830 10,11563.473913571359
64_20240830 11,11437.330861572005
64_20240830 12,11199.363940762078
64_20240830 13,11493.450022112691
64_20240830 14,11915.034828741636
64_20240830 15,12093.332357258292
64_20240830 16,12021.020616785805
64_20240830 17,11864.66551306249
64_20240830 18,11416.360718998965
64_20240830 19,11329.702106678364
64_20240830 20,11214.354922350081
64_20240830 21,11210.001174300183
64_20240830 22,11202.63787248202
64_20240830 23,11200.160642928604
64_20240831 00,11185.12489398961
64_20240831 01,11147.73337849152
64_20240831 02,11114.338452209215
64_20240831 03,11100.585671452896
64_20240831 04,11094.656588400863
64_20240831 05,11080.933670888622
64_20240831 06,11081.519686649144
64_20240831 07,11058.609339854282
64_20240831 08,11029.032403669189
64_20240831 09,11192.480335070344
64_20240831 10,11136.587369022087
64_20240831 11,10983.255827240657
64_20240831 12,10883.040587243915
64_20240831 13,10839.194489692622
64_20240831 14,10766.489820587085
64_20240831 15,10834.685705731823
64_20240831 16,10948.505737920532
64_20240831 17,10989.952399808517
64_20240831 18,11029.926446778982
64_20240831 19,11044.397654978067
64_20240831 20,11052.738634554615
64_20240831 21,11039.036872322318
64_20240831 22,11031.052050253358
64_20240831 23,10958.559782580143
65_20240825 00,35.82133588447567
65_20240825 01,29.099268031772183
65_20240825 02,23.98940319285228
65_20240825 03,21.580376382833457
65_20240825 04,20.876532965994244
65_20240825 05,19.45608044023055
65_20240825 06,19.717106462992668
65_20240825 07,26.300595632382702
65_20240825 08,36.18097689180987
65_20240825 09,52.64421353355422
65_20240825 10,57.209911467573036
65_20240825 11,53.98037272956968
65_20240825 12,48.58064649072155
65_20240825 13,43.24996399588276
65_20240825 14,37.77286786463105
65_20240825 15,35.74614235392024
65_20240825 16,36.94154885691454
65_20240825 17,41.98064890878602
65_20240825 18,46.33673875147042
65_20240825 19,52.696732464848125
65_20240825 20,58.43260544468315
65_20240825 21,60.37881218483745
65_20240825 22,56.542290328968996
65_20240825 23,45.85489439028059
65_20240826 00,34.13721507068363
65_20240826 01,27.068771155127557
65_20240826 02,23.032902022552783
65_20240826 03,21.624100811389297
65_20240826 04,21.12885692049099
65_20240826 05,21.337930789148643
65_20240826 06,29.61530991302213
65_20240826 07,58.16105010546913
65_20240826 08,49.09251192240339
65_20240826 09,38.48465161418842
65_20240826 10,35.42618025544623
65_20240826 11,31.897941813535844
65_20240826 12,30.213191567977965
65_20240826 13,30.387767364483757
65_20240826 14,28.7224825609848
65_20240826 15,27.97476128809558
65_20240826 16,28.617739289655233
65_20240826 17,33.45958455536187
65_20240826 18,39.674901932803905
65_20240826 19,48.85032721602778
65_20240826 20,57.52751052842256
65_20240826 21,59.82796754084454
65_20240826 22,56.95829496738598
65_20240826 23,46.977704303562795
65_20240827 00,34.13500313760984
65_20240827 01,27.25744016220429
65_20240827 02,23.215381163236593
65_20240827 03,21.59320651383053
65_20240827 04,20.928369009499363
65_20240827 05,20.541189900888988
65_20240827 06,26.13630632896006
65_20240827 07,54.8076562128449
65_20240827 08,46.59223305546622
65_20240827 09,36.83674205695077
65_20240827 10,33.844778038342525
65_20240827 11,31.196167877816393
65_20240827 12,30.16638843240314
65_20240827 13,29.47822310715219
65_20240827 14,27.466856356760832
65_20240827 15,27.099948749859585
65_20240827 16,28.818581906522336
65_20240827 17,33.01009593589839
65_20240827 18,38.94495816169566
65_20240827 19,49.01701308766617
65_20240827 20,57.81087655448282
65_20240827 21,59.567299328320416
65_20240827 22,59.00071831305588
65_20240827 23,48.81168746780642
65_20240828 00,35.4090783045031
65_20240828 01,27.49588124267379
65_20240828 02,23.16067278173296
65_20240828 03,21.567371972662578
65_20240828 04,20.843700775928397
65_20240828 05,20.56512689840511
65_20240828 06,28.039188521774264
65_20240828 07,55.15767959647083
65_20240828 08,48.4575627134775
65_20240828 09,37.301799489111716
65_20240828 10,32.642755221491555
65_20240828 11,30.532155276825108
65_20240828 12,29.365507940484925
65_20240828 13,28.615920884687096
65_20240828 14,27.619958958229105
65_20240828 15,27.057000628049455
65_20240828 16,29.06604378070695
65_20240828 17,32.773447498389096
65_20240828 18,38.90761924062622
65_20240828 19,48.788967433310816
65_20240828 20,57.31394069750839
65_20240828 21,59.48684513134333
65_20240828 22,57.13400358547217
65_20240828 23,48.24215628862794
65_20240829 00,35.93197428608084
65_20240829 01,27.62588214223583
65_20240829 02,23.211296579115725
65_20240829 03,21.460803837393946
65_20240829 04,21.004761545849703
65_20240829 05,20.775106744213865
65_20240829 06,28.509454846209643
65_20240829 07,53.464496623822455
65_20240829 08,48.54514079178345
65_20240829 09,37.60143897518912
65_20240829 10,34.34639176242138
65_20240829 11,30.447301230090147
65_20240829 12,29.91849301219339
65_20240829 13,29.308126090195323
65_20240829 14,27.77813813377267
65_20240829 15,27.311194170437417
65_20240829 16,28.439838525937958
65_20240829 17,33.225235642884435
65_20240829 18,38.850076478489754
65_20240829 19,47.42897819725238
65_20240829 20,56.120914136159875
65_20240829 21,59.086665606488644
65_20240829 22,57.495940564194484
65_20240829 23,48.360656506149226
65_20240830 00,35.23664191317653
65_20240830 01,27.898315334561673
65_20240830 02,23.383240780907446
65_20240830 03,21.450704071326328
65_20240830 04,20.928114084740365
65_20240830 05,20.47344901364287
65_20240830 06,27.129119012505765
65_20240830 07,55.62944836607769
65_20240830 08,49.27276699087872
65_20240830 09,39.81218471094555
65_20240830 10,34.66980590088906
65_20240830 11,31.628380420330164
65_20240830 12,30.012145962935175
65_20240830 13,29.365183826202966
65_20240830 14,27.959893432295807
65_20240830 15,27.095103658013873
65_20240830 16,28.861940261269627
65_20240830 17,32.69060627834368
65_20240830 18,39.49005410594252
65_20240830 19,43.079519466841504
65_20240830 20,49.34825607303018
65_20240830 21,52.27416162881721
65_20240830 22,50.9969668487586
65_20240830 23,46.79524996170022
65_20240831 00,36.13480309020622
65_20240831 01,29.2242702832455
65_20240831 02,24.853099075484362
65_20240831 03,22.52703964308135
65_20240831 04,21.391890522037976
65_20240831 05,20.294251249043228
65_20240831 06,20.683793668757403
65_20240831 07,29.787358451200326
65_20240831 08,43.62565014636715
65_20240831 09,54.90581253348156
65_20240831 10,54.5971782928746
65_20240831 11,49.697890330828244
65_20240831 12,43.543591548986186
65_20240831 13,40.29994728826672
65_20240831 14,36.94055133743386
65_20240831 15,34.08797634164864
65_20240831 16,34.12952200003124
65_20240831 17,35.11398103843623
65_20240831 18,38.11012843228614
65_20240831 19,41.73971384261019
65_20240831 20,46.20719568331554
65_20240831 21,47.69115293294525
65_20240831 22,47.780142860984434
65_20240831 23,45.029410569469924
66_20240825 00,1651.6715951441806
66_20240825 01,1639.0827418122835
66_20240825 02,1615.287137164042
66_20240825 03,1610.6294216407343
66_20240825 04,1590.6268888255227
66_20240825 05,1642.5507147752708
66_20240825 06,1687.5728766433535
66_20240825 07,1694.8955728435874
66_20240825 08,2052.0690420027454
66_20240825 09,2358.4068880333775
66_20240825 10,2403.9251903059785
66_20240825 11,2414.5317139476538
66_20240825 12,2404.761502064187
66_20240825 13,2398.9904026878103
66_20240825 14,2405.689517140572
66_20240825 15,2426.402794258776
66_20240825 16,2484.674241830561
66_20240825 17,2493.7222148469427
66_20240825 18,2108.1311398579137
66_20240825 19,1701.2429053907267
66_20240825 20,1700.5701389652663
66_20240825 21,1677.802502955154
66_20240825 22,1661.81178580998
66_20240825 23,1626.1164596898113
66_20240826 00,1626.0955293832535
66_20240826 01,1639.6856470896719
66_20240826 02,1655.271207544996
66_20240826 03,1657.9312501400361
66_20240826 04,1606.2786008319931
66_20240826 05,1649.6638217581994
66_20240826 06,2007.0031633927465
66_20240826 07,2567.179783850708
66_20240826 08,2912.121152900495
66_20240826 09,2982.8047026175573
66_20240826 10,2938.0713780509486
66_20240826 11,2971.9631067409887
66_20240826 12,2998.758605907259
66_20240826 13,3071.2461162307527
66_20240826 14,3052.116426052772
66_20240826 15,3126.1116451345156
66_20240826 16,3104.2297432663668
66_20240826 17,3100.78782416139
66_20240826 18,3075.0178506805087
66_20240826 19,2950.771737168223
66_20240826 20,2795.67655071709
66_20240826 21,2662.6035931072747
66_20240826 22,2137.8934029215607
66_20240826 23,1675.210348225573
66_20240827 00,1653.406839076254
66_20240827 01,1658.9716950083389
66_20240827 02,1669.6090903017039
66_20240827 03,1673.2784953894902
66_20240827 04,1637.7155376917508
66_20240827 05,1669.5690930250057
66_20240827 06,2061.625837498187
66_20240827 07,2572.3841676075053
66_20240827 08,2891.9580774994038
66_20240827 09,2990.659385668455
66_20240827 10,2930.5689863701427
66_20240827 11,2934.501871906752
66_20240827 12,2965.5439457669554
66_20240827 13,3076.6363894572837
66_20240827 14,3095.9849015362834
66_20240827 15,3084.974654680059
66_20240827 16,3079.6580806461093
66_20240827 17,3080.5286388682034
66_20240827 18,3023.258592269037
66_20240827 19,2879.2946266507543
66_20240827 20,2751.8246045202777
66_20240827 21,2605.467144368168
66_20240827 22,2096.7594883808306
66_20240827 23,1703.5383235152176
66_20240828 00,1631.7912102633636
66_20240828 01,1612.7460615540763
66_20240828 02,1608.089515537275
66_20240828 03,1604.3892056212542
66_20240828 04,1587.3805694780792
66_20240828 05,1630.1732845954766
66_20240828 06,1921.3694958443853
66_20240828 07,2515.298353461616
66_20240828 08,2862.350609458823
66_20240828 09,2917.814034797634
66_20240828 10,2904.471625156294
66_20240828 11,2939.450007712783
66_20240828 12,2979.47919288461
66_20240828 13,3002.4435805372887
66_20240828 14,3034.719850658209
66_20240828 15,3048.499450016787
66_20240828 16,3074.15162593702
66_20240828 17,3041.6329480039412
66_20240828 18,2866.8952956500952
66_20240828 19,2421.3073991224837
66_20240828 20,2338.9400450997573
66_20240828 21,2250.012881876481
66_20240828 22,1968.1364283035043
66_20240828 23,1751.119315433185
66_20240829 00,1700.4518077397481
66_20240829 01,1676.8593606675445
66_20240829 02,1676.524480505451
66_20240829 03,1652.8299784337423
66_20240829 04,1583.9918326964314
66_20240829 05,1653.604970459481
66_20240829 06,1926.81348122901
66_20240829 07,2506.089034900039
66_20240829 08,2874.4152525476734
66_20240829 09,2944.5556587585897
66_20240829 10,2915.248928356395
66_20240829 11,2942.2512318322815
66_20240829 12,2958.8152275747166
66_20240829 13,3043.3197381792834
66_20240829 14,3051.3231464103364
66_20240829 15,3007.6171986764757
66_20240829 16,3025.846392389162
66_20240829 17,3037.9792743919284
66_20240829 18,3002.367797951664
66_20240829 19,2807.7365036249134
66_20240829 20,2733.668439304103
66_20240829 21,2616.265160612137
66_20240829 22,2145.7151246131607
66_20240829 23,1687.8028882591477
66_20240830 00,1594.7576825050605
66_20240830 01,1564.5235561365112
66_20240830 02,1535.0114819521862
66_20240830 03,1548.8269336588696
66_20240830 04,1566.3234331399165
66_20240830 05,1566.766708430307
66_20240830 06,1843.6035074616843
66_20240830 07,2444.8730637865783
66_20240830 08,2794.3499915847333
66_20240830 09,2875.547732947367
66_20240830 10,2872.5190259022165
66_20240830 11,2866.5509502041023
66_20240830 12,2901.519276894075
66_20240830 13,2965.3056883266418
66_20240830 14,2942.3439330294314
66_20240830 15,2927.219649594218
66_20240830 16,2958.2395248488847
66_20240830 17,2921.2531817515046
66_20240830 18,2806.2119511212086
66_20240830 19,2623.146333365975
66_20240830 20,2504.223553331592
66_20240830 21,2359.4585266140257
66_20240830 22,1871.305249489268
66_20240830 23,1563.3749000119249
66_20240831 00,1513.2765763872108
66_20240831 01,1515.8941316203372
66_20240831 02,1503.6398604365806
66_20240831 03,1482.1417251086136
66_20240831 04,1478.7054293190583
66_20240831 05,1493.7364168269896
66_20240831 06,1535.3817241386969
66_20240831 07,1546.0530664145174
66_20240831 08,1715.5143511397505
66_20240831 09,2239.56644439613
66_20240831 10,2304.8989928761303
66_20240831 11,2318.3292937831147
66_20240831 12,2310.094559466819
66_20240831 13,2338.2841002580767
66_20240831 14,2354.9950960381857
66_20240831 15,2404.6201940762694
66_20240831 16,2433.668099044688
66_20240831 17,2344.039403968028
66_20240831 18,2058.2696114905207
66_20240831 19,1685.4406039621813
66_20240831 20,1682.6715997733681
66_20240831 21,1674.1948370118505
66_20240831 22,1662.4492505476994
66_20240831 23,1616.7099032972121
67_20240825 00,10675.092767791988
67_20240825 01,10673.884816017075
67_20240825 02,10669.348587810418
67_20240825 03,10643.09676614658
67_20240825 04,10639.669941938637
67_20240825 05,10626.549889819358
67_20240825 06,10627.058519110082
67_20240825 07,10623.379298681986
67_20240825 08,10666.840993001793
67_20240825 09,10670.135345886345
67_20240825 10,10712.21343196015
67_20240825 11,10736.490673259575
67_20240825 12,10743.17855375557
67_20240825 13,10748.721546571524
67_20240825 14,10757.997396289764
67_20240825 15,10755.327424755194
67_20240825 16,10757.382017854063
67_20240825 17,10754.911008273968
67_20240825 18,10748.911194865857
67_20240825 19,10743.424224153929
67_20240825 20,10742.647125262658
67_20240825 21,10700.318884854838
67_20240825 22,10686.276234618857
67_20240825 23,10718.363943017477
67_20240826 00,10716.696649309213
67_20240826 01,10678.707934886708
67_20240826 02,10670.97337290628
67_20240826 03,10681.634006214272
67_20240826 04,10681.599243668517
67_20240826 05,10696.551426205377
67_20240826 06,10689.886449792164
67_20240826 07,10724.806738249426
67_20240826 08,10799.991290677053
67_20240826 09,10866.979968988951
67_20240826 10,10919.696380009877
67_20240826 11,10921.813907980611
67_20240826 12,10912.330508794923
67_20240826 13,10946.500028308634
67_20240826 14,10938.719050523177
67_20240826 15,11024.754766778196
67_20240826 16,10612.503411293412
67_20240826 17,10995.055254864525
67_20240826 18,10749.840535354919
67_20240826 19,10732.372941173626
67_20240826 20,10725.397621901644
67_20240826 21,10729.3567431501
67_20240826 22,10701.36100587211
67_20240826 23,10704.660911125678
67_20240827 00,10670.096251036915
67_20240827 01,10675.77468635096
67_20240827 02,10671.431586006358
67_20240827 03,10651.952045207769
67_20240827 04,10651.810264842092
67_20240827 05,10675.805561616928
67_20240827 06,10690.568150238443
67_20240827 07,10731.169695520543
67_20240827 08,10798.202585807472
67_20240827 09,10850.260236619015
67_20240827 10,10888.286394327504
67_20240827 11,10893.816668287189
67_20240827 12,10902.97489692983
67_20240827 13,10921.241640482975
67_20240827 14,10937.039566972093
67_20240827 15,10913.877632412386
67_20240827 16,10903.719150020988
67_20240827 17,10855.028947233846
67_20240827 18,10743.687814324077
67_20240827 19,10716.759672328932
67_20240827 20,10716.256756897581
67_20240827 21,10697.304206549621
67_20240827 22,10672.08227875927
67_20240827 23,10575.770994274862
67_20240828 00,10600.549733166208
67_20240828 01,10598.65551562277
67_20240828 02,10625.209978714534
67_20240828 03,10621.473757961632
67_20240828 04,10616.313333897022
67_20240828 05,10661.305636121007
67_20240828 06,10678.663177074597
67_20240828 07,10726.639443784847
67_20240828 08,10790.509229408832
67_20240828 09,10854.717943173766
67_20240828 10,10894.50237482024
67_20240828 11,10910.624927930252
67_20240828 12,10924.776378202738
67_20240828 13,10940.689291115941
67_20240828 14,10956.799816405262
67_20240828 15,10940.873327988076
67_20240828 16,10902.74212448379
67_20240828 17,10898.332816484306
67_20240828 18,10799.594462884557
67_20240828 19,10754.273663473748
67_20240828 20,10748.056396741873
67_20240828 21,10734.678231280777
67_20240828 22,10687.592489686216
67_20240828 23,10670.602552573928
67_20240829 00,10668.208172905739
67_20240829 01,10658.121361836551
67_20240829 02,10634.944661022473
67_20240829 03,10622.585750674138
67_20240829 04,10626.973755537874
67_20240829 05,10659.38366813019
67_20240829 06,10677.997022883297
67_20240829 07,10722.559030711467
67_20240829 08,10791.823324822039
67_20240829 09,10853.649892937454
67_20240829 10,10896.479749353246
67_20240829 11,10931.86503999931
67_20240829 12,10935.852493453709
67_20240829 13,10948.925649058254
67_20240829 14,10936.303298012917
67_20240829 15,10922.27246716974
67_20240829 16,10923.654859887896
67_20240829 17,10890.678348661306
67_20240829 18,10806.41041568866
67_20240829 19,10762.249090750845
67_20240829 20,10734.810585831761
67_20240829 21,10710.972620844177
67_20240829 22,10695.486337786544
67_20240829 23,10664.74102037728
67_20240830 00,10668.996735024615
67_20240830 01,10659.266166849577
67_20240830 02,10629.743627528269
67_20240830 03,10631.639893425105
67_20240830 04,10631.863492589157
67_20240830 05,10664.32007306806
67_20240830 06,10707.468819855403
67_20240830 07,10741.997808588942
67_20240830 08,10787.623325744891
67_20240830 09,10845.68120711442
67_20240830 10,10909.640028626547
67_20240830 11,10926.754912365901
67_20240830 12,10942.403266909074
67_20240830 13,10954.28911777429
67_20240830 14,10969.566048849596
67_20240830 15,10955.974390927155
67_20240830 16,10953.221404824963
67_20240830 17,10908.890137619932
67_20240830 18,10809.648692772116
67_20240830 19,10743.048839003126
67_20240830 20,10713.39700061761
67_20240830 21,10697.262124750388
67_20240830 22,10690.175249506487
67_20240830 23,10662.259323772363
67_20240831 00,10674.797438677819
67_20240831 01,10617.021110326958
67_20240831 02,10645.886740750671
67_20240831 03,10632.559780422082
67_20240831 04,10621.421207117066
67_20240831 05,10622.31493728482
67_20240831 06,10626.644513753748
67_20240831 07,10624.264890560413
67_20240831 08,10628.148197325998
67_20240831 09,10652.823042377899
67_20240831 10,10684.31933545928
67_20240831 11,10693.955652328
67_20240831 12,10736.75632575288
67_20240831 13,10747.602234222517
67_20240831 14,10760.420864046193
67_20240831 15,10760.0733214165
67_20240831 16,10770.693770325486
67_20240831 17,10770.970712902948
67_20240831 18,10718.798662839767
67_20240831 19,10702.9312485378
67_20240831 20,10710.595410544589
67_20240831 21,10705.358515710095
67_20240831 22,10707.887677703467
67_20240831 23,10681.307425875058
68_20240825 00,2071.807194314536
68_20240825 01,2076.275573458022
68_20240825 02,2094.426914483068
68_20240825 03,2005.6974498988627
68_20240825 04,1954.4497823275885
68_20240825 05,1869.905505711642
68_20240825 06,1567.0877302754566
68_20240825 07,1488.9846491109056
68_20240825 08,1530.2732923403398
68_20240825 09,1649.7183235503226
68_20240825 10,1667.3322674578894
68_20240825 11,1657.018861086622
68_20240825 12,1661.0444925692357
68_20240825 13,1677.618562391042
68_20240825 14,1713.4772090703586
68_20240825 15,1694.18729448785
68_20240825 16,1679.3862697013951
68_20240825 17,1640.175178289122
68_20240825 18,1469.8005313499552
68_20240825 19,1390.1568622103719
68_20240825 20,1441.0549887594116
68_20240825 21,1529.5853833471972
68_20240825 22,2011.377910610527
68_20240825 23,2078.213093004318
68_20240826 00,2080.685786309483
68_20240826 01,2063.030689075442
68_20240826 02,2035.9198517290015
68_20240826 03,1952.6034704436083
68_20240826 04,1770.7377132861652
68_20240826 05,1726.1769891477181
68_20240826 06,1776.0627457872629
68_20240826 07,2236.221952349371
68_20240826 08,2757.263460569487
68_20240826 09,3155.1714563727182
68_20240826 10,3353.8369585796836
68_20240826 11,3464.614814005474
68_20240826 12,3480.0938673066626
68_20240826 13,3527.175752867113
68_20240826 14,3543.3285145138325
68_20240826 15,3497.4393566087733
68_20240826 16,3441.663131727148
68_20240826 17,3220.055786098426
68_20240826 18,2301.6812933550336
68_20240826 19,1770.1661530345648
68_20240826 20,1674.7592530515196
68_20240826 21,1887.844597937036
68_20240826 22,2196.8232956765114
68_20240826 23,2305.0822180403234
68_20240827 00,2250.0467492466864
68_20240827 01,2283.3313810134196
68_20240827 02,2217.1388677276864
68_20240827 03,2184.718468635735
68_20240827 04,2201.194601347356
68_20240827 05,2201.228869338383
68_20240827 06,2179.1789766789925
68_20240827 07,2245.109750884034
68_20240827 08,2762.742241145369
68_20240827 09,3134.809786726127
68_20240827 10,3245.1227499029133
68_20240827 11,3271.329855797051
68_20240827 12,3239.787928777003
68_20240827 13,3353.6945824965323
68_20240827 14,3564.5320373333634
68_20240827 15,3463.1217301708716
68_20240827 16,3284.3862451974237
68_20240827 17,3089.5920957708117
68_20240827 18,2244.220982133386
68_20240827 19,2108.20961602918
68_20240827 20,2013.846641881125
68_20240827 21,1890.3501859680312
68_20240827 22,2138.2652884825466
68_20240827 23,2184.1679084854204
68_20240828 00,2190.523841976107
68_20240828 01,2187.459188734604
68_20240828 02,2156.5255792939456
68_20240828 03,2096.668025053844
68_20240828 04,2079.264871403668
68_20240828 05,2137.9348796079753
68_20240828 06,2161.4668718090697
68_20240828 07,2151.593145687602
68_20240828 08,2675.764072387087
68_20240828 09,2994.3676237273694
68_20240828 10,3058.2452126808475
68_20240828 11,3092.444459282166
68_20240828 12,3388.3899041145187
68_20240828 13,3162.9563899028153
68_20240828 14,3194.716139373845
68_20240828 15,3460.8288921952876
68_20240828 16,3399.943591491907
68_20240828 17,3001.982802903767
68_20240828 18,2283.6766131751865
68_20240828 19,1815.2671574698995
68_20240828 20,1740.9621250780838
68_20240828 21,1892.5013470741837
68_20240828 22,2136.350616104361
68_20240828 23,2167.2880956394797
68_20240829 00,2188.051287473744
68_20240829 01,2174.883535118152
68_20240829 02,2127.2877607952405
68_20240829 03,1981.8959676441405
68_20240829 04,1992.6911047565345
68_20240829 05,1996.7276766393115
68_20240829 06,1993.5967345878717
68_20240829 07,2121.310945555003
68_20240829 08,2726.1212536915364
68_20240829 09,2938.333912390901
68_20240829 10,3039.780660125487
68_20240829 11,3213.383122415625
68_20240829 12,3408.6886436985806
68_20240829 13,3436.412848152264
68_20240829 14,3456.4236687907787
68_20240829 15,3468.3080333986372
68_20240829 16,3371.314416594883
68_20240829 17,2873.004897174085
68_20240829 18,2213.201900187277
68_20240829 19,1631.2948896531495
68_20240829 20,1520.8597181529099
68_20240829 21,1667.1905748383351
68_20240829 22,2126.2915584946677
68_20240829 23,2164.75398657887
68_20240830 00,2085.9239821355704
68_20240830 01,2051.410252610949
68_20240830 02,1920.177842372641
68_20240830 03,1836.5105979756195
68_20240830 04,1858.768461764204
68_20240830 05,1953.0080472215673
68_20240830 06,2001.150670476198
68_20240830 07,2086.2540804403934
68_20240830 08,2575.8964528249367
68_20240830 09,2827.56072402482
68_20240830 10,2945.434687895354
68_20240830 11,3213.1992695334693
68_20240830 12,3302.359368891885
68_20240830 13,3379.463208360111
68_20240830 14,3394.7501892239716
68_20240830 15,3363.283946407969
68_20240830 16,3317.7295217604224
68_20240830 17,3124.369030505136
68_20240830 18,2056.166734184961
68_20240830 19,1687.2891094586992
68_20240830 20,1577.86553179672
68_20240830 21,1623.7236296970034
68_20240830 22,1946.888425279898
68_20240830 23,2052.833989449926
68_20240831 00,2043.9234243640963
68_20240831 01,2037.935568020462
68_20240831 02,2015.927739927678
68_20240831 03,1967.282456063745
68_20240831 04,1958.375251380642
68_20240831 05,1833.8035419448292
68_20240831 06,1794.9332817483814
68_20240831 07,1619.1035185355117
68_20240831 08,1531.9618445110837
68_20240831 09,1656.5943921549797
68_20240831 10,1661.696998152323
68_20240831 11,1661.5615922887407
68_20240831 12,1680.555082770898
68_20240831 13,1688.3571464265367
68_20240831 14,1691.0808726141026
68_20240831 15,1688.3481293149803
68_20240831 16,1676.7207554544268
68_20240831 17,1632.0429182706598
68_20240831 18,1456.7265075311464
68_20240831 19,1414.6858648448756
68_20240831 20,1406.64097039331
68_20240831 21,1536.9871220497482
68_20240831 22,2013.6885261280968
68_20240831 23,2035.9915101350362
69_20240825 00,7731.27312085567
69_20240825 01,7635.96427985397
69_20240825 02,7631.5423976731345
69_20240825 03,7631.442971083621
69_20240825 04,7655.159105652599
69_20240825 05,7650.004057737569
69_20240825 06,7660.3860714893935
69_20240825 07,7673.590329679253
69_20240825 08,7666.22816342194
69_20240825 09,7777.699566281987
69_20240825 10,7956.394909217081
69_20240825 11,8201.360239460506
69_20240825 12,8441.852748799925
69_20240825 13,8409.711715034173
69_20240825 14,8398.269194048553
69_20240825 15,8410.839467557771
69_20240825 16,8383.846902209196
69_20240825 17,8465.54325958317
69_20240825 18,8208.685096666319
69_20240825 19,8122.87093588733
69_20240825 20,8057.692189344736
69_20240825 21,8030.310556953338
69_20240825 22,7925.69937949448
69_20240825 23,7732.922454253807
69_20240826 00,7755.70630244706
69_20240826 01,7754.27424868523
69_20240826 02,7672.657274735275
69_20240826 03,7648.614001735744
69_20240826 04,7686.54469776531
69_20240826 05,7983.897112376482
69_20240826 06,8647.336605219563
69_20240826 07,9581.780754797419
69_20240826 08,9978.794403831886
69_20240826 09,10119.617155589429
69_20240826 10,10094.203299866402
69_20240826 11,10111.493246010603
69_20240826 12,10113.393390254041
69_20240826 13,10133.296349656614
69_20240826 14,10080.704453843957
69_20240826 15,10085.984864603572
69_20240826 16,10077.371947822012
69_20240826 17,10060.345940060479
69_20240826 18,9595.66247296501
69_20240826 19,9083.271435698442
69_20240826 20,8671.027162513306
69_20240826 21,8445.167491953074
69_20240826 22,8276.050186585599
69_20240826 23,8028.97943115246
69_20240827 00,7989.098428660606
69_20240827 01,7811.391908050677
69_20240827 02,7757.072047484016
69_20240827 03,7673.103475314044
69_20240827 04,7670.137947210686
69_20240827 05,7878.276608843586
69_20240827 06,8569.437628686808
69_20240827 07,9586.908583909062
69_20240827 08,9920.280996386105
69_20240827 09,10026.96766391664
69_20240827 10,10021.226240011358
69_20240827 11,9999.109997407824
69_20240827 12,9991.220978183006
69_20240827 13,10061.622288231903
69_20240827 14,10044.473843347085
69_20240827 15,10006.825465210375
69_20240827 16,9989.100799414151
69_20240827 17,9943.092404896432
69_20240827 18,9236.55775917291
69_20240827 19,8722.593452605857
69_20240827 20,8445.390487492687
69_20240827 21,8149.076986789013
69_20240827 22,7644.866601377812
69_20240827 23,7508.960531887103
69_20240828 00,7443.899078268673
69_20240828 01,7289.191230829714
69_20240828 02,7263.19713021908
69_20240828 03,7255.731148692065
69_20240828 04,7240.120622556513
69_20240828 05,7548.185901658006
69_20240828 06,8185.6898856355165
69_20240828 07,9269.828322527284
69_20240828 08,9619.862297337804
69_20240828 09,9916.144675200707
69_20240828 10,9946.971906482162
69_20240828 11,10013.416655179204
69_20240828 12,10019.215986651034
69_20240828 13,10015.225085969936
69_20240828 14,10039.798034488493
69_20240828 15,10021.91179728505
69_20240828 16,9996.451616748709
69_20240828 17,10023.50596899161
69_20240828 18,9344.939562855981
69_20240828 19,8870.656487813036
69_20240828 20,8436.967982799333
69_20240828 21,8136.075369824939
69_20240828 22,7688.556279792552
69_20240828 23,7559.178837911844
69_20240829 00,7512.505420750205
69_20240829 01,7415.09841799159
69_20240829 02,7296.816533618833
69_20240829 03,7327.972094137527
69_20240829 04,7318.235697969276
69_20240829 05,7514.972248498936
69_20240829 06,8139.410720974611
69_20240829 07,9105.80112563118
69_20240829 08,9556.959965465847
69_20240829 09,9985.845622303703
69_20240829 10,9943.53019185923
69_20240829 11,9971.742563464948
69_20240829 12,10002.89086414538
69_20240829 13,10041.490002115004
69_20240829 14,10049.951518634422
69_20240829 15,10035.932473700888
69_20240829 16,10038.606067559464
69_20240829 17,9965.20070312535
69_20240829 18,9357.889263276695
69_20240829 19,8905.366670078787
69_20240829 20,8402.930523489838
69_20240829 21,8071.114567452974
69_20240829 22,7714.643479646709
69_20240829 23,7598.72254888868
69_20240830 00,7488.983400785619
69_20240830 01,7434.538879809351
69_20240830 02,7329.188655631955
69_20240830 03,7276.587809349579
69_20240830 04,7313.558484453224
69_20240830 05,7566.061713815325
69_20240830 06,8166.390430734454
69_20240830 07,9194.579220070373
69_20240830 08,9737.099984302673
69_20240830 09,9963.346610835835
69_20240830 10,9977.127484185346
69_20240830 11,10039.729195321845
69_20240830 12,9997.812019616806
69_20240830 13,9924.381398430996
69_20240830 14,9939.409648814912
69_20240830 15,9973.040833799118
69_20240830 16,9992.342650142273
69_20240830 17,9751.91160414596
69_20240830 18,8728.645321519185
69_20240830 19,8213.337685960281
69_20240830 20,7991.041377841716
69_20240830 21,7726.972557175943
69_20240830 22,7519.912144600272
69_20240830 23,7426.628348473
69_20240831 00,7347.535375874206
69_20240831 01,7314.830887973498
69_20240831 02,7259.035820745717
69_20240831 03,7256.308738896989
69_20240831 04,7252.496017470268
69_20240831 05,7243.441745685152
69_20240831 06,7308.256520739296
69_20240831 07,7289.0908705640695
69_20240831 08,7343.869823574143
69_20240831 09,7539.5351093486015
69_20240831 10,7450.31244351239
69_20240831 11,7551.633665079076
69_20240831 12,7567.175037642492
69_20240831 13,7658.153459642205
69_20240831 14,7917.430852245117
69_20240831 15,7963.727933458368
69_20240831 16,7953.813513620495
69_20240831 17,7946.402104342192
69_20240831 18,7859.12599868999
69_20240831 19,7675.973947652279
69_20240831 20,7622.479800689036
69_20240831 21,7571.471519110024
69_20240831 22,7506.003022611102
69_20240831 23,7497.194241533862
70_20240825 00,3130.3978572806527
70_20240825 01,2548.554410717428
70_20240825 02,2215.403220471334
70_20240825 03,1977.85105930708
70_20240825 04,1886.1586573411446
70_20240825 05,1805.5334886247315
70_20240825 06,1849.9071790239432
70_20240825 07,2131.903320372383
70_20240825 08,2785.6172721124685
70_20240825 09,3201.588071875588
70_20240825 10,3384.1364588591296
70_20240825 11,3580.483344966923
70_20240825 12,3683.07092574332
70_20240825 13,3716.0413035618894
70_20240825 14,3755.682163381814
70_20240825 15,3770.603765120348
70_20240825 16,3734.5199022304896
70_20240825 17,3764.868577153804
70_20240825 18,4012.7928681598723
70_20240825 19,4119.5752930617255
70_20240825 20,4302.24702035187
70_20240825 21,4218.140971145962
70_20240825 22,3967.5323099512398
70_20240825 23,3523.925736098584
70_20240826 00,2939.3946782778416
70_20240826 01,2400.195001851932
70_20240826 02,2077.0793392520686
70_20240826 03,1948.2099551111833
70_20240826 04,1869.694761055177
70_20240826 05,1793.1193633638582
70_20240826 06,1894.9697852523311
70_20240826 07,2405.922617669301
70_20240826 08,2885.536092531176
70_20240826 09,2982.2824621805216
70_20240826 10,3035.72680356576
70_20240826 11,3092.1540469621177
70_20240826 12,3153.4782890306114
70_20240826 13,3188.4805931674637
70_20240826 14,3334.8636508830286
70_20240826 15,3462.1165143496473
70_20240826 16,3548.437212366356
70_20240826 17,3751.673959980256
70_20240826 18,4147.682496250408
70_20240826 19,4268.0675697242
70_20240826 20,4461.473130605371
70_20240826 21,4394.104119971707
70_20240826 22,4239.056881965828
70_20240826 23,3742.3148931137175
70_20240827 00,3197.479492120522
70_20240827 01,2557.3236693459776
70_20240827 02,2181.7774397029716
70_20240827 03,1986.4354567777414
70_20240827 04,1917.0049937292881
70_20240827 05,1838.928589751259
70_20240827 06,1993.0429529970306
70_20240827 07,2523.6307973106914
70_20240827 08,2888.3588829190176
70_20240827 09,2968.7562735547085
70_20240827 10,3002.317960986231
70_20240827 11,3042.4751989965002
70_20240827 12,3112.0623077034193
70_20240827 13,3165.8221137782502
70_20240827 14,3165.069658800907
70_20240827 15,3211.1665268771862
70_20240827 16,3389.3294393045408
70_20240827 17,3645.4477506188414
70_20240827 18,3788.820491762591
70_20240827 19,4056.3676061665583
70_20240827 20,4204.532241235332
70_20240827 21,4219.764419493179
70_20240827 22,4082.562344179038
70_20240827 23,3533.3761699479423
70_20240828 00,2987.8177634939207
70_20240828 01,2344.1599487787726
70_20240828 02,2015.6177059399754
70_20240828 03,1867.3782732038849
70_20240828 04,1792.687526588501
70_20240828 05,1750.2623020859623
70_20240828 06,1859.9339139953508
70_20240828 07,2393.8963084361076
70_20240828 08,2683.5985636852292
70_20240828 09,2666.050287712204
70_20240828 10,2669.9007011743192
70_20240828 11,2665.1747415695454
70_20240828 12,2778.820061327981
70_20240828 13,3027.9739040253594
70_20240828 14,3112.2895939179944
70_20240828 15,3191.0559535013663
70_20240828 16,3321.8910235051785
70_20240828 17,3664.836303925797
70_20240828 18,3936.7894574745733
70_20240828 19,4072.2830429895303
70_20240828 20,4184.057330729793
70_20240828 21,4204.065260519131
70_20240828 22,4074.396954337838
70_20240828 23,3712.981948009911
70_20240829 00,2980.426644392436
70_20240829 01,2384.972594084143
70_20240829 02,2074.562191134283
70_20240829 03,1928.8297306848801
70_20240829 04,1835.9286788925838
70_20240829 05,1813.6596936728715
70_20240829 06,1977.096178535353
70_20240829 07,2409.46060699411
70_20240829 08,2854.016856489262
70_20240829 09,2877.373740370549
70_20240829 10,2906.31148273161
70_20240829 11,2946.882405402951
70_20240829 12,3131.4485294470287
70_20240829 13,3205.3073513073296
70_20240829 14,3334.779017419437
70_20240829 15,3418.378502558643
70_20240829 16,3404.5383326141605
70_20240829 17,3700.8820798409747
70_20240829 18,3959.3231259615704
70_20240829 19,4203.881199104482
70_20240829 20,4265.383619361579
70_20240829 21,4276.236826944385
70_20240829 22,4111.471088207036
70_20240829 23,3712.8685292370096
70_20240830 00,2951.113396218385
70_20240830 01,2359.9452670727355
70_20240830 02,2038.5539175182603
70_20240830 03,1903.1795618730678
70_20240830 04,1815.6760228405024
70_20240830 05,1776.6062557946304
70_20240830 06,1861.3545720989484
70_20240830 07,2412.3693196567137
70_20240830 08,2697.983018679409
70_20240830 09,2847.232696335729
70_20240830 10,2869.9575475584033
70_20240830 11,2959.3055674550537
70_20240830 12,3069.481171422994
70_20240830 13,3136.1108365203236
70_20240830 14,3269.4960099991868
70_20240830 15,3379.6581766082695
70_20240830 16,3483.5112674149914
70_20240830 17,3712.005333796381
70_20240830 18,3958.219249685619
70_20240830 19,4175.395133391561
70_20240830 20,4293.178427137396
70_20240830 21,4258.845119025604
70_20240830 22,4158.891652576462
70_20240830 23,3800.884553610683
70_20240831 00,2953.158496895743
70_20240831 01,2415.990678586049
70_20240831 02,2132.8994164118258
70_20240831 03,1937.2348848019055
70_20240831 04,1846.430739401804
70_20240831 05,1760.430203952853
70_20240831 06,1802.464533478529
70_20240831 07,2119.305200936248
70_20240831 08,2638.0457294106727
70_20240831 09,2976.726609240094
70_20240831 10,3265.722136772207
70_20240831 11,3570.26034939825
70_20240831 12,3735.947194387687
70_20240831 13,3644.045808499168
70_20240831 14,3654.2058560086043
70_20240831 15,3614.3983858677448
70_20240831 16,3637.371272467705
70_20240831 17,3734.3643858027235
70_20240831 18,3740.567748158446
70_20240831 19,3807.221444604643
70_20240831 20,3952.4543701627913
70_20240831 21,4047.162481901002
70_20240831 22,3981.9770336856973
70_20240831 23,3688.2622300739517
71_20240825 00,1273.5388347463695
71_20240825 01,1089.4010918602385
71_20240825 02,963.4669099035655
71_20240825 03,866.8181005205031
71_20240825 04,821.9226748884496
71_20240825 05,809.139034015066
71_20240825 06,841.0143037238931
71_20240825 07,944.7187745530482
71_20240825 08,1075.4365488418564
71_20240825 09,1228.2282971123502
71_20240825 10,1367.076154915739
71_20240825 11,1414.6499311390394
71_20240825 12,1488.9231076592987
71_20240825 13,1518.6083971991748
71_20240825 14,1527.7279678738487
71_20240825 15,1503.7974535603148
71_20240825 16,1571.3447119599584
71_20240825 17,1755.5611544647886
71_20240825 18,1883.7648421293497
71_20240825 19,1895.5705491156955
71_20240825 20,1911.7707052730398
71_20240825 21,1876.866188021345
71_20240825 22,1710.4391894229234
71_20240825 23,1475.3342927827252
71_20240826 00,1218.3990528762406
71_20240826 01,1060.0679723421488
71_20240826 02,943.9008683101224
71_20240826 03,861.7538437683917
71_20240826 04,816.3593854728131
71_20240826 05,813.7218742355808
71_20240826 06,863.1419604606051
71_20240826 07,1024.911530361078
71_20240826 08,1125.6511087930933
71_20240826 09,1108.9454652128743
71_20240826 10,1101.2540543083278
71_20240826 11,1269.7504718080113
71_20240826 12,1160.4089234223675
71_20240826 13,1280.646196714319
71_20240826 14,1248.9516099816456
71_20240826 15,1293.382628504567
71_20240826 16,1389.7927474299684
71_20240826 17,1497.9039976645959
71_20240826 18,1744.9169689263533
71_20240826 19,1837.8600087597397
71_20240826 20,1870.54620741804
71_20240826 21,1796.7921623857933
71_20240826 22,1655.1342128039048
71_20240826 23,1455.2626615095314
71_20240827 00,1227.1482009907322
71_20240827 01,1049.1283057012517
71_20240827 02,936.8049428508477
71_20240827 03,880.4680725101535
71_20240827 04,853.5999848549332
71_20240827 05,844.2913722186153
71_20240827 06,897.8054606377634
71_20240827 07,1052.180789445942
71_20240827 08,1133.2795350735528
71_20240827 09,1073.7115418267954
71_20240827 10,1085.3516312283841
71_20240827 11,1114.3796821290243
71_20240827 12,1122.9283041716749
71_20240827 13,1134.406881697219
71_20240827 14,1151.882771975054
71_20240827 15,1187.4974917643585
71_20240827 16,1328.0601021844955
71_20240827 17,1451.5940285207948
71_20240827 18,1677.5334324450118
71_20240827 19,1766.885203905062
71_20240827 20,1802.8606760234625
71_20240827 21,1740.1619571996193
71_20240827 22,1570.522904312211
71_20240827 23,1358.8849242988813
71_20240828 00,1124.6810234852192
71_20240828 01,959.916450136669
71_20240828 02,878.8585513350432
71_20240828 03,817.0276096768521
71_20240828 04,784.08915971938
71_20240828 05,781.2820104693079
71_20240828 06,807.119286040539
71_20240828 07,976.7385644495782
71_20240828 08,1059.6712998424653
71_20240828 09,1062.0254966037849
71_20240828 10,1068.6072903693682
71_20240828 11,1113.1784430821565
71_20240828 12,1140.0801031643214
71_20240828 13,1153.366770517203
71_20240828 14,1158.3015189823218
71_20240828 15,1255.726378014386
71_20240828 16,1395.856542923006
71_20240828 17,1518.0989997814954
71_20240828 18,1715.2253357966297
71_20240828 19,1787.4115564380866
71_20240828 20,1831.1986096312207
71_20240828 21,1761.9150552308965
71_20240828 22,1618.2321431379128
71_20240828 23,1401.3893877987641
71_20240829 00,1148.5123421162953
71_20240829 01,1002.729449176127
71_20240829 02,908.8203386054502
71_20240829 03,832.0943779694903
71_20240829 04,791.0106169876558
71_20240829 05,785.1184950623209
71_20240829 06,825.2699382218342
71_20240829 07,968.6485578680363
71_20240829 08,1052.7672560621518
71_20240829 09,1065.586659536971
71_20240829 10,1096.6902476777302
71_20240829 11,1132.3355403538417
71_20240829 12,1149.6838336905412
71_20240829 13,1161.2565529422675
71_20240829 14,1252.9590192751511
71_20240829 15,1328.277673716961
71_20240829 16,1415.282312750389
71_20240829 17,1494.3148678444086
71_20240829 18,1665.7099456442295
71_20240829 19,1776.3539103429675
71_20240829 20,1833.0181495793663
71_20240829 21,1722.6667432128675
71_20240829 22,1611.3667329912196
71_20240829 23,1403.462058670666
71_20240830 00,1162.7266037963905
71_20240830 01,1005.3379290766316
71_20240830 02,909.2391187965494
71_20240830 03,830.7679366275132
71_20240830 04,786.8653853566398
71_20240830 05,781.7524224692753
71_20240830 06,826.5006417947855
71_20240830 07,981.0688699878854
71_20240830 08,1060.64208729405
71_20240830 09,1069.4147618817688
71_20240830 10,1085.65747617416
71_20240830 11,1106.8240759980292
71_20240830 12,1139.9939997375918
71_20240830 13,1204.864138622151
71_20240830 14,1269.706979827355
71_20240830 15,1308.2980885733652
71_20240830 16,1421.4101324081487
71_20240830 17,1512.4124988560438
71_20240830 18,1674.893562212038
71_20240830 19,1759.3798262941432
71_20240830 20,1791.127928602576
71_20240830 21,1714.0982050226753
71_20240830 22,1596.3268633196915
71_20240830 23,1408.833788661364
71_20240831 00,1152.9716829371814
71_20240831 01,986.6498272756546
71_20240831 02,893.1147593414652
71_20240831 03,812.2190482649171
71_20240831 04,770.6885436161122
71_20240831 05,760.8051488755995
71_20240831 06,779.5100012722245
71_20240831 07,896.1473426752675
71_20240831 08,1054.8149652321508
71_20240831 09,1198.6899768181574
71_20240831 10,1297.388215561014
71_20240831 11,1362.1522804390904
71_20240831 12,1378.5323254775797
71_20240831 13,1382.5937688368126
71_20240831 14,1394.7811865586232
71_20240831 15,1424.9361653198596
71_20240831 16,1467.0268889541508
71_20240831 17,1517.4015304618126
71_20240831 18,1646.8251847913766
71_20240831 19,1676.9409276695615
71_20240831 20,1707.039321331497
71_20240831 21,1686.2657464320805
71_20240831 22,1589.6660578888298
71_20240831 23,1412.4011749718302
72_20240825 00,1353.37248915852
72_20240825 01,1306.868390649498
72_20240825 02,1301.0099754885896
72_20240825 03,1312.8430417632808
72_20240825 04,1324.5629474501989
72_20240825 05,1302.692520353102
72_20240825 06,1240.451079134938
72_20240825 07,1110.1845147565496
72_20240825 08,989.7961777435953
72_20240825 09,869.6415658932933
72_20240825 10,775.3328594213847
72_20240825 11,774.510129483548
72_20240825 12,766.7722680955878
72_20240825 13,795.0948197623354
72_20240825 14,873.9088552332207
72_20240825 15,907.2293299756975
72_20240825 16,987.1157080941447
72_20240825 17,1132.423423951068
72_20240825 18,1183.1967836473586
72_20240825 19,1217.1138855575546
72_20240825 20,1214.229648149207
72_20240825 21,1264.4024073883404
72_20240825 22,1338.1205982762551
72_20240825 23,1457.0398785788468
72_20240826 00,1587.135255369138
72_20240826 01,1649.784794648476
72_20240826 02,1629.115636504387
72_20240826 03,1531.991679336297
72_20240826 04,1304.1259324987927
72_20240826 05,1329.7852196185354
72_20240826 06,1470.0904640692006
72_20240826 07,1579.5104900469075
72_20240826 08,1800.180762938651
72_20240826 09,1938.1194214710908
72_20240826 10,1859.531368275455
72_20240826 11,1799.3493225502589
72_20240826 12,1778.6254991205033
72_20240826 13,1786.1581163811115
72_20240826 14,1731.8398177486881
72_20240826 15,1683.2953012841947
72_20240826 16,1608.0084595862731
72_20240826 17,1709.8371641203944
72_20240826 18,1599.1573039489117
72_20240826 19,1485.351959480854
72_20240826 20,1430.0683726889135
72_20240826 21,1493.266164547823
72_20240826 22,1544.495673051983
72_20240826 23,1578.4683683480998
72_20240827 00,1757.1640586262274
72_20240827 01,1857.7420419146497
72_20240827 02,1832.5957624100583
72_20240827 03,1692.607625228519
72_20240827 04,1495.011033092093
72_20240827 05,1532.8027115814432
72_20240827 06,1666.186624419902
72_20240827 07,1812.0902806703039
72_20240827 08,1792.2483422871337
72_20240827 09,1927.328979544906
72_20240827 10,1860.3518967394216
72_20240827 11,1793.2865759943807
72_20240827 12,1824.4450250545706
72_20240827 13,1843.4995850261373
72_20240827 14,1766.7093221051746
72_20240827 15,1682.7897461836621
72_20240827 16,1628.7338652053952
72_20240827 17,1731.3977844078265
72_20240827 18,1586.1319421921232
72_20240827 19,1475.846414728724
72_20240827 20,1407.4381087524896
72_20240827 21,1438.7190254902762
72_20240827 22,1547.8663596170213
72_20240827 23,1578.4080388953585
72_20240828 00,1735.531204271787
72_20240828 01,1804.130484057544
72_20240828 02,1802.3899661583832
72_20240828 03,1691.242481597546
72_20240828 04,1460.471416419528
72_20240828 05,1515.0236951374295
72_20240828 06,1591.9069871792235
72_20240828 07,1722.234148309969
72_20240828 08,1758.4823099201324
72_20240828 09,1911.9581463008196
72_20240828 10,1867.3679304426296
72_20240828 11,1775.948552732467
72_20240828 12,1790.843480417601
72_20240828 13,1826.4796971797323
72_20240828 14,1779.8583839437638
72_20240828 15,1662.779666392244
72_20240828 16,1616.6155751339465
72_20240828 17,1721.334086994499
72_20240828 18,1585.2832392395703
72_20240828 19,1442.7346740587775
72_20240828 20,1382.9285799018426
72_20240828 21,1415.8251123219316
72_20240828 22,1492.1052927775831
72_20240828 23,1560.0111557384585
72_20240829 00,1756.9678249632195
72_20240829 01,1845.4774700952362
72_20240829 02,1807.5963352059293
72_20240829 03,1697.9884573695244
72_20240829 04,1464.4098293583843
72_20240829 05,1501.266673680975
72_20240829 06,1627.163016622241
72_20240829 07,1668.676946181302
72_20240829 08,1687.6984652492622
72_20240829 09,1788.745325546063
72_20240829 10,1773.3789691441004
72_20240829 11,1719.842863529327
72_20240829 12,1756.050234130811
72_20240829 13,1774.1278599370216
72_20240829 14,1728.8643346512963
72_20240829 15,1616.1474936487934
72_20240829 16,1590.7873484445622
72_20240829 17,1698.3279360858025
72_20240829 18,1574.0370241143876
72_20240829 19,1429.5775690834093
72_20240829 20,1368.3317470625589
72_20240829 21,1388.5426183734592
72_20240829 22,1475.3070015915823
72_20240829 23,1577.2330713165286
72_20240830 00,1710.4479765065944
72_20240830 01,1822.513842956581
72_20240830 02,1816.2136624634782
72_20240830 03,1685.0808561581332
72_20240830 04,1449.3420212067567
72_20240830 05,1488.2283639236289
72_20240830 06,1627.061712891615
72_20240830 07,1709.4541296350885
72_20240830 08,1691.451214755633
72_20240830 09,1791.293706299382
72_20240830 10,1735.4226409047128
72_20240830 11,1674.5342033975232
72_20240830 12,1703.8946230374886
72_20240830 13,1637.7986740576616
72_20240830 14,1571.0442142074123
72_20240830 15,1472.3612711787673
72_20240830 16,1473.7821429314156
72_20240830 17,1537.7274539616074
72_20240830 18,1355.0790454805494
72_20240830 19,1259.6906262144353
72_20240830 20,1234.6842845317506
72_20240830 21,1261.4786276301577
72_20240830 22,1384.938064440916
72_20240830 23,1434.473397028568
72_20240831 00,1400.9497543842144
72_20240831 01,1376.2320280916379
72_20240831 02,1384.954218750714
72_20240831 03,1348.3204203275113
72_20240831 04,1350.0044234207985
72_20240831 05,1364.5942399354303
72_20240831 06,1378.249505533395
72_20240831 07,1176.4560702019758
72_20240831 08,969.1414028078968
72_20240831 09,885.9862825461447
72_20240831 10,835.2212873988608
72_20240831 11,822.6440495084504
72_20240831 12,822.3057183349716
72_20240831 13,908.3683694433679
72_20240831 14,951.0410147247528
72_20240831 15,959.1616831149582
72_20240831 16,995.112273718952
72_20240831 17,1079.544229921244
72_20240831 18,1132.138364632647
72_20240831 19,1140.0502980564506
72_20240831 20,1153.5204223088354
72_20240831 21,1165.2327312816333
72_20240831 22,1253.8040249721562
72_20240831 23,1349.3948302797264
73_20240825 00,685.2204065209327
73_20240825 01,669.8878636675397
73_20240825 02,657.5839248232454
73_20240825 03,622.5120621158457
73_20240825 04,580.7940643939789
73_20240825 05,570.8303422372007
73_20240825 06,609.703394998596
73_20240825 07,732.5218528409272
73_20240825 08,1358.0180498041545
73_20240825 09,2570.258249627227
73_20240825 10,4167.815897338529
73_20240825 11,4965.283057668332
73_20240825 12,5157.718228663182
73_20240825 13,5092.672938846576
73_20240825 14,5294.58662754004
73_20240825 15,5332.108128188715
73_20240825 16,5241.473464429928
73_20240825 17,5212.425001267341
73_20240825 18,5016.463628021713
73_20240825 19,4608.547244126725
73_20240825 20,4008.0131999949253
73_20240825 21,1438.5806645744751
73_20240825 22,769.1489090868744
73_20240825 23,702.2028419951841
73_20240826 00,707.4350369321044
73_20240826 01,698.4192344143353
73_20240826 02,681.5929548352358
73_20240826 03,634.7798456964042
73_20240826 04,585.5617511146208
73_20240826 05,574.3956257996525
73_20240826 06,617.8679232531456
73_20240826 07,702.1281916947453
73_20240826 08,1207.3420385662785
73_20240826 09,2501.75277125709
73_20240826 10,4141.577153651007
73_20240826 11,4719.677209063095
73_20240826 12,4693.602767229651
73_20240826 13,4756.879985002546
73_20240826 14,4771.767997869907
73_20240826 15,4798.985945270084
73_20240826 16,4653.007634272766
73_20240826 17,4569.58057331901
73_20240826 18,4484.729470963568
73_20240826 19,4343.865808795275
73_20240826 20,3836.434689009813
73_20240826 21,1528.1040127633132
73_20240826 22,822.068251725894
73_20240826 23,729.2506608667372
73_20240827 00,738.0532895015932
73_20240827 01,727.3786280445654
73_20240827 02,713.9882222194594
73_20240827 03,663.2412509568017
73_20240827 04,607.8004478639806
73_20240827 05,593.4298599121028
73_20240827 06,612.8417732438443
73_20240827 07,734.4521553207089
73_20240827 08,1289.7809454760059
73_20240827 09,2226.035757188224
73_20240827 10,3580.1509879430378
73_20240827 11,3989.1011347907015
73_20240827 12,4046.053034445954
73_20240827 13,4226.659874434109
73_20240827 14,4280.775660083627
73_20240827 15,4240.935620798336
73_20240827 16,4283.631076860162
73_20240827 17,4274.342137658754
73_20240827 18,4222.490974570379
73_20240827 19,4056.5819425844566
73_20240827 20,3652.93312375707
73_20240827 21,1403.9573879490758
73_20240827 22,829.1487690736906
73_20240827 23,775.411714546249
73_20240828 00,762.6686283302797
73_20240828 01,737.0755935362386
73_20240828 02,697.3815513563452
73_20240828 03,666.1602413922576
73_20240828 04,600.7790930376149
73_20240828 05,590.296696520693
73_20240828 06,603.4719042335419
73_20240828 07,750.0336127423973
73_20240828 08,1361.360241164068
73_20240828 09,2363.722694638148
73_20240828 10,3825.915185999972
73_20240828 11,4646.967487804355
73_20240828 12,4673.967980231217
73_20240828 13,4782.384995533712
73_20240828 14,4668.021983254265
73_20240828 15,4605.22711085672
73_20240828 16,4599.165207917916
73_20240828 17,4651.0361848077955
73_20240828 18,4493.0554841583835
73_20240828 19,4415.685160763481
73_20240828 20,3806.9770577718227
73_20240828 21,1445.2991439476723
73_20240828 22,794.2452950542367
73_20240828 23,741.8696939535271
73_20240829 00,726.6932183463372
73_20240829 01,744.0917895245409
73_20240829 02,721.6124892955937
73_20240829 03,668.796498950589
73_20240829 04,588.0182437689662
73_20240829 05,570.9332048173505
73_20240829 06,607.3464324239758
73_20240829 07,727.3629991048266
73_20240829 08,1285.2592412560496
73_20240829 09,2306.380261731297
73_20240829 10,3828.0524969545186
73_20240829 11,4626.433410372395
73_20240829 12,4671.830015664315
73_20240829 13,4721.728440638448
73_20240829 14,4643.829782640169
73_20240829 15,4800.5069586807585
73_20240829 16,4764.723640706341
73_20240829 17,4789.170739737012
73_20240829 18,4609.008025311359
73_20240829 19,4416.207583433255
73_20240829 20,3852.3866980530447
73_20240829 21,1473.3998394942098
73_20240829 22,832.8816742670614
73_20240829 23,783.8475651133309
73_20240830 00,768.3905431623344
73_20240830 01,754.3658683569396
73_20240830 02,726.908072739528
73_20240830 03,662.6566555373707
73_20240830 04,580.3187303359113
73_20240830 05,584.655386583283
73_20240830 06,626.402490936475
73_20240830 07,763.7603363011742
73_20240830 08,1352.718115965171
73_20240830 09,2408.2860152602993
73_20240830 10,3826.4784856880824
73_20240830 11,4640.753960616283
73_20240830 12,4666.530426772464
73_20240830 13,4664.651604581053
73_20240830 14,4678.524950863671
73_20240830 15,4658.7968071372625
73_20240830 16,4596.7862583131355
73_20240830 17,4597.935098777302
73_20240830 18,4540.591472773262
73_20240830 19,4147.226753906048
73_20240830 20,3755.765354895427
73_20240830 21,1402.3521484120552
73_20240830 22,800.721763663272
73_20240830 23,749.2435141036152
73_20240831 00,736.2173535871726
73_20240831 01,729.3640193967565
73_20240831 02,703.202562034969
73_20240831 03,652.8386952433336
73_20240831 04,575.2777884186198
73_20240831 05,567.9745438970392
73_20240831 06,605.0114777375034
73_20240831 07,743.2488149054893
73_20240831 08,1329.8955808554567
73_20240831 09,2257.9048240805364
73_20240831 10,3707.113433141413
73_20240831 11,4434.076511053624
73_20240831 12,4632.346317406906
73_20240831 13,4719.214096013648
73_20240831 14,4806.265456537147
73_20240831 15,4832.140992598874
73_20240831 16,4737.317639852961
73_20240831 17,4718.797743987188
73_20240831 18,4661.875305887441
73_20240831 19,4387.79287570276
73_20240831 20,3861.356101255582
73_20240831 21,1414.5304553936107
73_20240831 22,741.6041965116485
73_20240831 23,715.043289352413
74_20240825 00,880.2665891705157
74_20240825 01,835.8199320998931
74_20240825 02,805.078638330249
74_20240825 03,802.997194938012
74_20240825 04,822.1845331764375
74_20240825 05,871.058130842069
74_20240825 06,959.0496137760704
74_20240825 07,1057.587497324073
74_20240825 08,1384.8048458735802
74_20240825 09,2481.341626268779
74_20240825 10,4164.735960572423
74_20240825 11,5151.053206017212
74_20240825 12,5270.4707465349
74_20240825 13,5179.607405622684
74_20240825 14,5078.62058101847
74_20240825 15,5103.932734216424
74_20240825 16,5096.7974791550005
74_20240825 17,4897.045795877887
74_20240825 18,4615.338664681165
74_20240825 19,4378.199717214859
74_20240825 20,3500.4253144695667
74_20240825 21,1978.3946483082589
74_20240825 22,1096.6204156073163
74_20240825 23,932.6670998676441
74_20240826 00,1452.1116080796098
74_20240826 01,1525.463895765707
74_20240826 02,1519.745898973495
74_20240826 03,1500.809571685519
74_20240826 04,1422.1693331018469
74_20240826 05,1222.1187072725693
74_20240826 06,1136.3584757155495
74_20240826 07,1084.264079678103
74_20240826 08,1481.6388177631088
74_20240826 09,2478.9274132093196
74_20240826 10,2498.8079641045892
74_20240826 11,2508.421726277569
74_20240826 12,2668.7153442513354
74_20240826 13,2436.9046835355457
74_20240826 14,2327.6196888034806
74_20240826 15,2350.1647308416273
74_20240826 16,2137.935892836111
74_20240826 17,2235.6093066857006
74_20240826 18,2545.632932206395
74_20240826 19,2433.240315058122
74_20240826 20,2359.719376192093
74_20240826 21,1835.450792487241
74_20240826 22,1105.4986511825946
74_20240826 23,947.3354639584684
74_20240827 00,1488.9395803778357
74_20240827 01,1590.2773861574758
74_20240827 02,1565.085715455825
74_20240827 03,1564.0156162655962
74_20240827 04,1477.3720606097215
74_20240827 05,1240.6883906576163
74_20240827 06,1135.8956279471156
74_20240827 07,1108.2274458831134
74_20240827 08,1449.2311235177444
74_20240827 09,2853.3941031556124
74_20240827 10,4304.006766807722
74_20240827 11,5024.773061808037
74_20240827 12,5299.908428430581
74_20240827 13,4995.596939769911
74_20240827 14,4679.73609403934
74_20240827 15,4601.593790741124
74_20240827 16,4582.3297365859635
74_20240827 17,4559.447964769404
74_20240827 18,4699.458129971434
74_20240827 19,4421.4452947332375
74_20240827 20,3453.540042163153
74_20240827 21,1858.4893999297021
74_20240827 22,1164.8131467843668
74_20240827 23,897.7759254359339
74_20240828 00,1469.2384980872298
74_20240828 01,1564.553943740464
74_20240828 02,1548.4062960177957
74_20240828 03,1551.8308358112938
74_20240828 04,1474.6938226653585
74_20240828 05,1257.0687042192608
74_20240828 06,1134.3910680149745
74_20240828 07,1119.3358165502657
74_20240828 08,1411.9132708360778
74_20240828 09,2682.5124882402642
74_20240828 10,4293.469647183179
74_20240828 11,4962.166073536843
74_20240828 12,5126.849890870598
74_20240828 13,4873.788411315007
74_20240828 14,4626.796896609739
74_20240828 15,4653.411979794034
74_20240828 16,4597.354170804874
74_20240828 17,4585.047007869624
74_20240828 18,4695.918668982988
74_20240828 19,4338.771137265292
74_20240828 20,3389.1736342285612
74_20240828 21,1980.016773238281
74_20240828 22,1156.275314893423
74_20240828 23,895.1036742032293
74_20240829 00,1462.1990017932571
74_20240829 01,1577.8576411808745
74_20240829 02,1564.4767114303431
74_20240829 03,1561.2821113447008
74_20240829 04,1453.2730617565167
74_20240829 05,1235.4467550212903
74_20240829 06,1142.4373553960786
74_20240829 07,1111.6393248239388
74_20240829 08,1502.0610948118274
74_20240829 09,2780.3503410379262
74_20240829 10,4402.4482334815875
74_20240829 11,5088.029531787715
74_20240829 12,5194.775776512011
74_20240829 13,5010.381084777566
74_20240829 14,4770.657517547102
74_20240829 15,4718.122470031055
74_20240829 16,4687.778503861469
74_20240829 17,4697.316805369975
74_20240829 18,4867.635462368314
74_20240829 19,4449.66311573148
74_20240829 20,3447.5514265825077
74_20240829 21,2111.7598387436574
74_20240829 22,1220.526146486818
74_20240829 23,998.2232143123822
74_20240830 00,1531.5747349316289
74_20240830 01,1586.711372731055
74_20240830 02,1564.1107850339404
74_20240830 03,1562.316510721422
74_20240830 04,1473.4707684437217
74_20240830 05,1244.1473328602817
74_20240830 06,1134.4182710148018
74_20240830 07,1106.7103066998309
74_20240830 08,1447.860044708014
74_20240830 09,2727.7932265368913
74_20240830 10,4325.435885232817
74_20240830 11,4985.256172650988
74_20240830 12,5174.556349777721
74_20240830 13,4939.444580287498
74_20240830 14,4720.529365155834
74_20240830 15,4666.534953367022
74_20240830 16,4628.996862929517
74_20240830 17,4718.347069930146
74_20240830 18,4891.152968548297
74_20240830 19,4490.211567536845
74_20240830 20,3916.231087976892
74_20240830 21,2239.1756426035045
74_20240830 22,1172.3434078882788
74_20240830 23,893.4518227595942
74_20240831 00,1434.7748958574393
74_20240831 01,1549.87177771735
74_20240831 02,1521.3733505540172
74_20240831 03,1531.2891549963238
74_20240831 04,1465.388286038562
74_20240831 05,1239.2108341110072
74_20240831 06,1118.9082693333971
74_20240831 07,1096.0055613424734
74_20240831 08,1493.7652527604232
74_20240831 09,2681.1214820499067
74_20240831 10,4259.623658483145
74_20240831 11,4992.14230887267
74_20240831 12,5209.712443659351
74_20240831 13,4960.738800571857
74_20240831 14,4789.848637725229
74_20240831 15,4787.882239355775
74_20240831 16,4744.810813996592
74_20240831 17,4755.03233063029
74_20240831 18,4912.030952760142
74_20240831 19,4500.50173216081
74_20240831 20,3784.914330438137
74_20240831 21,2125.706420710763
74_20240831 22,1153.374752683742
74_20240831 23,861.8295401146833
75_20240825 00,2664.16182245391
75_20240825 01,2627.1211321213377
75_20240825 02,2607.112330992436
75_20240825 03,2613.4595498078625
75_20240825 04,2658.569576473472
75_20240825 05,2772.0095647803932
75_20240825 06,2885.9348716723453
75_20240825 07,3011.544534384843
75_20240825 08,3099.5905706727162
75_20240825 09,3143.982319964813
75_20240825 10,3178.1210852561217
75_20240825 11,3238.7714912233246
75_20240825 12,3218.9561215400445
75_20240825 13,3217.50995236616
75_20240825 14,3235.675900616252
75_20240825 15,3176.9158723628793
75_20240825 16,3123.6487688816765
75_20240825 17,3146.1703945838995
75_20240825 18,3061.3848288598633
75_20240825 19,2992.2262603496724
75_20240825 20,2850.078648301812
75_20240825 21,2812.5691819941294
75_20240825 22,2749.8932363099116
75_20240825 23,2703.566296200778
75_20240826 00,2696.8841277943084
75_20240826 01,2621.859972366839
75_20240826 02,2595.050983338317
75_20240826 03,2727.5792599365004
75_20240826 04,2826.2533088564232
75_20240826 05,2932.973112030022
75_20240826 06,3075.16566499578
75_20240826 07,3450.902568464326
75_20240826 08,3815.7790659046377
75_20240826 09,4026.7281515781715
75_20240826 10,4048.4945180936893
75_20240826 11,4031.700038320898
75_20240826 12,4015.91007823965
75_20240826 13,4021.1317911004307
75_20240826 14,4057.435219100907
75_20240826 15,4038.132143849353
75_20240826 16,3966.5475736183093
75_20240826 17,3711.900121050656
75_20240826 18,3552.674526898626
75_20240826 19,3322.279535728723
75_20240826 20,3060.7631798659977
75_20240826 21,2970.635717898099
75_20240826 22,2863.3038111992328
75_20240826 23,2774.6637388003965
75_20240827 00,2684.0980741391395
75_20240827 01,2631.5724697250143
75_20240827 02,2636.3513272687833
75_20240827 03,2714.6398765416557
75_20240827 04,2781.200677293883
75_20240827 05,2923.9789258470096
75_20240827 06,3052.3517738037585
75_20240827 07,3412.630805208105
75_20240827 08,3781.9160393536645
75_20240827 09,3967.3910320677905
75_20240827 10,4019.170501556309
75_20240827 11,4012.8303746337897
75_20240827 12,4002.7285934965375
75_20240827 13,4022.597383633867
75_20240827 14,4048.6859310864384
75_20240827 15,4029.9533560534055
75_20240827 16,3943.040863368966
75_20240827 17,3679.608458355478
75_20240827 18,3500.6565884300544
75_20240827 19,3375.1430878204433
75_20240827 20,3038.5711932225768
75_20240827 21,2970.964960256808
75_20240827 22,2841.2995868508706
75_20240827 23,2738.597018021827
75_20240828 00,2697.3504274342768
75_20240828 01,2618.4178532758124
75_20240828 02,2647.128936315218
75_20240828 03,2549.1727886825397
75_20240828 04,2588.0631692751376
75_20240828 05,2734.9324577583075
75_20240828 06,2932.399294125992
75_20240828 07,3349.8374081411093
75_20240828 08,3762.277014237444
75_20240828 09,3955.541097680269
75_20240828 10,4034.506240997698
75_20240828 11,4027.821587552118
75_20240828 12,4013.694001318853
75_20240828 13,4023.8399955329123
75_20240828 14,4032.8663974942556
75_20240828 15,4026.2299912481726
75_20240828 16,3949.2400080661364
75_20240828 17,3663.348799488689
75_20240828 18,3515.5715270306187
75_20240828 19,3368.8526439824545
75_20240828 20,3077.9213822905394
75_20240828 21,2981.7984368639204
75_20240828 22,2864.8745574099344
75_20240828 23,2802.331256700888
75_20240829 00,2690.427303392945
75_20240829 01,2650.842067425181
75_20240829 02,2591.176719271407
75_20240829 03,2726.5553222853523
75_20240829 04,2788.917377853871
75_20240829 05,2869.0861641831766
75_20240829 06,3047.2404182459586
75_20240829 07,3375.5848234926734
75_20240829 08,3833.198747503908
75_20240829 09,4015.8585451958816
75_20240829 10,4023.3248758866885
75_20240829 11,4006.292935735711
75_20240829 12,4006.4932685169206
75_20240829 13,4014.233704741383
75_20240829 14,4036.9598480450695
75_20240829 15,4027.0286993832324
75_20240829 16,3958.166773883464
75_20240829 17,3664.844115983453
75_20240829 18,3507.1910014141968
75_20240829 19,3340.942608398448
75_20240829 20,3051.3817416692755
75_20240829 21,2993.95183482407
75_20240829 22,2848.500322778865
75_20240829 23,2760.112869092267
75_20240830 00,2695.09712287683
75_20240830 01,2626.734739513607
75_20240830 02,2621.1505175581124
75_20240830 03,2698.5865745241904
75_20240830 04,2778.0508248557326
75_20240830 05,2887.921669574228
75_20240830 06,3062.700979867236
75_20240830 07,3364.560709917182
75_20240830 08,3739.0895681551774
75_20240830 09,3970.6430668531984
75_20240830 10,4009.2579104015053
75_20240830 11,4007.467693161758
75_20240830 12,3977.3932931696263
75_20240830 13,3991.9152959530443
75_20240830 14,4010.162109582413
75_20240830 15,4008.3366422100366
75_20240830 16,3946.5923917827567
75_20240830 17,3679.9661434943782
75_20240830 18,3481.0910570035803
75_20240830 19,3318.854481244097
75_20240830 20,3041.1924602956897
75_20240830 21,2942.190656314482
75_20240830 22,2855.147275018184
75_20240830 23,2761.4593907169465
75_20240831 00,2673.619696419824
75_20240831 01,2618.8069699612315
75_20240831 02,2495.4721236112327
75_20240831 03,2443.3295230259187
75_20240831 04,2443.6727169159867
75_20240831 05,2531.147633141325
75_20240831 06,2669.442694490784
75_20240831 07,2892.2185358991633
75_20240831 08,3185.2188219353925
75_20240831 09,3327.3800946246147
75_20240831 10,3366.4144586100037
75_20240831 11,3370.4320939282534
75_20240831 12,3314.37515496544
75_20240831 13,3342.414636278507
75_20240831 14,3362.3245561927024
75_20240831 15,3361.035388710573
75_20240831 16,3288.929917120342
75_20240831 17,3248.3222372084856
75_20240831 18,3100.8536873048342
75_20240831 19,2970.0632330913527
75_20240831 20,2824.6797110038706
75_20240831 21,2766.269357728211
75_20240831 22,2725.302468824986
75_20240831 23,2657.1983969831567
76_20240825 00,3213.8909947926
76_20240825 01,3173.9818192947873
76_20240825 02,3111.735284822104
76_20240825 03,3097.427769551782
76_20240825 04,3078.28801498499
76_20240825 05,3076.244596105631
76_20240825 06,3079.377724440119
76_20240825 07,3107.8990926394654
76_20240825 08,3282.2724495414786
76_20240825 09,3369.133009862077
76_20240825 10,3437.3007376813766
76_20240825 11,3467.945122202011
76_20240825 12,3474.000737047182
76_20240825 13,3486.599045977977
76_20240825 14,3502.4461301711744
76_20240825 15,3497.2353634204937
76_20240825 16,3534.4131153748435
76_20240825 17,3476.853052524807
76_20240825 18,3483.791239684718
76_20240825 19,3413.1309026923805
76_20240825 20,3317.403327770712
76_20240825 21,3269.143290743392
76_20240825 22,3252.1598440243865
76_20240825 23,3243.469687190365
76_20240826 00,3214.2395293308255
76_20240826 01,3191.492851119311
76_20240826 02,3172.9862439096264
76_20240826 03,3184.929960594098
76_20240826 04,3175.774209771656
76_20240826 05,3173.4627952867613
76_20240826 06,3173.8884499911
76_20240826 07,3233.1093147559727
76_20240826 08,3290.2399613913285
76_20240826 09,3353.623772850383
76_20240826 10,3375.1679664962016
76_20240826 11,3439.229633107441
76_20240826 12,3495.5616901474705
76_20240826 13,3491.2354222111103
76_20240826 14,3503.9101769842155
76_20240826 15,3505.3290682630877
76_20240826 16,3534.7009014877003
76_20240826 17,3486.876305516943
76_20240826 18,3439.4468792789703
76_20240826 19,3306.7355590690936
76_20240826 20,3291.1561035271416
76_20240826 21,3262.8688201265695
76_20240826 22,3218.10220788525
76_20240826 23,3199.617174788442
76_20240827 00,3206.184152141089
76_20240827 01,3197.7999378768563
76_20240827 02,3201.0156008607846
76_20240827 03,3199.540577436368
76_20240827 04,3199.7044589199722
76_20240827 05,3181.1524618457224
76_20240827 06,3189.9364722397213
76_20240827 07,3171.9714908852416
76_20240827 08,3210.9331694659713
76_20240827 09,3151.256155982065
76_20240827 10,3199.7178931061503
76_20240827 11,3122.2843613010573
76_20240827 12,3134.73114492081
76_20240827 13,3161.614323603051
76_20240827 14,3246.5803685008696
76_20240827 15,3316.8376727355935
76_20240827 16,3342.7462586720176
76_20240827 17,3404.1751771313034
76_20240827 18,3341.5451316842236
76_20240827 19,3279.969408086993
76_20240827 20,3212.7195591544905
76_20240827 21,3201.003990744301
76_20240827 22,3158.3834753540427
76_20240827 23,3101.6913293314583
76_20240828 00,3089.8228383585874
76_20240828 01,3074.4115334081152
76_20240828 02,3043.032297231413
76_20240828 03,3026.1208061309853
76_20240828 04,3000.0618752645246
76_20240828 05,2917.635241727191
76_20240828 06,2854.862706850544
76_20240828 07,3021.7057956245153
76_20240828 08,3090.5536453108552
76_20240828 09,3233.698133497366
76_20240828 10,3265.9672748508638
76_20240828 11,3285.59282857753
76_20240828 12,3359.8737066901394
76_20240828 13,3439.239047537905
76_20240828 14,3453.6344217284595
76_20240828 15,3476.2333401196247
76_20240828 16,3527.53921532682
76_20240828 17,3502.890875113646
76_20240828 18,3476.483182852085
76_20240828 19,3399.1098799447846
76_20240828 20,3348.371526055773
76_20240828 21,3317.669920576435
76_20240828 22,3265.18133526738
76_20240828 23,3204.3368513503815
76_20240829 00,3214.7869571140427
76_20240829 01,3115.7580830290153
76_20240829 02,3094.832166252563
76_20240829 03,3056.011801139006
76_20240829 04,3027.0625810506235
76_20240829 05,2995.9567366621113
76_20240829 06,2990.0256728875606
76_20240829 07,3041.143969615284
76_20240829 08,3132.173669224275
76_20240829 09,3246.2816437313286
76_20240829 10,3281.222872905202
76_20240829 11,3354.6434373900047
76_20240829 12,3418.8332622577846
76_20240829 13,3458.506493397421
76_20240829 14,3423.1608395825738
76_20240829 15,3499.6891250105637
76_20240829 16,3530.7741425329305
76_20240829 17,3528.3311017617098
76_20240829 18,3466.683377653114
76_20240829 19,3392.098588517083
76_20240829 20,3272.755719002681
76_20240829 21,3205.237201499312
76_20240829 22,3209.848539769403
76_20240829 23,3198.740323314233
76_20240830 00,3152.779587997285
76_20240830 01,3105.9029919504005
76_20240830 02,3062.565675224895
76_20240830 03,3022.1913508028256
76_20240830 04,3007.5120854836505
76_20240830 05,2994.343255976045
76_20240830 06,3009.0717777645577
76_20240830 07,3088.9844930525524
76_20240830 08,3238.1100058524353
76_20240830 09,3349.775458083014
76_20240830 10,3383.7059066057336
76_20240830 11,3381.7041884303676
76_20240830 12,3470.7903117342453
76_20240830 13,3476.65294671128
76_20240830 14,3475.418720531572
76_20240830 15,3505.930421798509
76_20240830 16,3554.201736897583
76_20240830 17,3501.5317421336595
76_20240830 18,3407.5865063736674
76_20240830 19,3307.9502034257584
76_20240830 20,3246.998549470559
76_20240830 21,3111.2971844541717
76_20240830 22,3114.7699400202364
76_20240830 23,3085.434998933824
76_20240831 00,3049.6758861871417
76_20240831 01,3048.0748860651056
76_20240831 02,3026.5657290739427
76_20240831 03,2990.097411214487
76_20240831 04,2858.7105782702256
76_20240831 05,2826.623226103344
76_20240831 06,2819.5661447840785
76_20240831 07,2952.627652800923
76_20240831 08,3040.3665698975256
76_20240831 09,3111.5522317088817
76_20240831 10,3222.370389501156
76_20240831 11,3300.776451645974
76_20240831 12,3328.69403371932
76_20240831 13,3387.216536454244
76_20240831 14,3434.017435131457
76_20240831 15,3471.62122819292
76_20240831 16,3475.0395159256086
76_20240831 17,3472.0575990371644
76_20240831 18,3402.205064107746
76_20240831 19,3282.784491688848
76_20240831 20,3200.674705441342
76_20240831 21,3134.5260379260467
76_20240831 22,3088.135333480762
76_20240831 23,3064.954208096336
77_20240825 00,1363.48005732629
77_20240825 01,1341.2933839238208
77_20240825 02,1320.3902103881783
77_20240825 03,1314.705875567673
77_20240825 04,1293.7275502431414
77_20240825 05,1291.4415456253614
77_20240825 06,1341.9988606279398
77_20240825 07,1681.33457441048
77_20240825 08,2014.5347142859869
77_20240825 09,1899.7746827916526
77_20240825 10,1925.256386523156
77_20240825 11,1916.011757616669
77_20240825 12,1907.2681990700607
77_20240825 13,1900.0922196720835
77_20240825 14,1941.0519101674772
77_20240825 15,2062.40255004857
77_20240825 16,2094.2255311323725
77_20240825 17,1851.6872790787206
77_20240825 18,1761.9868849828972
77_20240825 19,1545.619698951502
77_20240825 20,1505.075544554185
77_20240825 21,1497.964148908311
77_20240825 22,1330.7033291232872
77_20240825 23,1356.0794743362399
77_20240826 00,1338.2114577357956
77_20240826 01,1287.5900535487067
77_20240826 02,1277.5241552442208
77_20240826 03,1259.3979465828509
77_20240826 04,1272.967888582229
77_20240826 05,1280.1412920335513
77_20240826 06,1325.1738489663744
77_20240826 07,1552.611941324942
77_20240826 08,1900.0364425973485
77_20240826 09,1858.804636418671
77_20240826 10,1844.3109049375166
77_20240826 11,1819.862116528761
77_20240826 12,1781.1529334071513
77_20240826 13,1825.8798956837409
77_20240826 14,1846.9511663346166
77_20240826 15,1846.545191248039
77_20240826 16,1941.5993029802326
77_20240826 17,1817.7942826286237
77_20240826 18,1548.948914486714
77_20240826 19,1410.4265065066052
77_20240826 20,1383.4433935159636
77_20240826 21,1301.7043026699164
77_20240826 22,1083.7574591748162
77_20240826 23,934.2361119227619
77_20240827 00,1069.3060011962832
77_20240827 01,1333.42330363578
77_20240827 02,1300.9646277639708
77_20240827 03,1289.9861383446555
77_20240827 04,1242.2651706011143
77_20240827 05,1236.1531971761347
77_20240827 06,1319.4704237224994
77_20240827 07,1592.6237849019947
77_20240827 08,1836.762744602312
77_20240827 09,1845.0020190441885
77_20240827 10,1818.9013968958802
77_20240827 11,1801.0675269459512
77_20240827 12,1771.9576261275076
77_20240827 13,1791.6661896140859
77_20240827 14,1772.8429743965598
77_20240827 15,1837.944901364347
77_20240827 16,1792.0939036986495
77_20240827 17,1778.244391600262
77_20240827 18,1488.6801939715424
77_20240827 19,1586.8367121544775
77_20240827 20,1582.8602464968144
77_20240827 21,1500.263973163906
77_20240827 22,1228.079766861814
77_20240827 23,1197.6794491668402
77_20240828 00,1211.5798119388514
77_20240828 01,1275.3871661131916
77_20240828 02,1269.4545176316888
77_20240828 03,1226.8136379673133
77_20240828 04,1188.4263904905224
77_20240828 05,1142.0024576610667
77_20240828 06,1113.0179725413907
77_20240828 07,1191.645419723015
77_20240828 08,1444.3453809896796
77_20240828 09,1656.9052373402192
77_20240828 10,1759.3884060463683
77_20240828 11,1812.438970825457
77_20240828 12,1704.918772851678
77_20240828 13,1720.747882166769
77_20240828 14,1708.8593416689614
77_20240828 15,1812.4858608902387
77_20240828 16,1768.4781932437822
77_20240828 17,1653.4837840443251
77_20240828 18,1245.7175755356188
77_20240828 19,1433.8105037116557
77_20240828 20,1279.4238257841457
77_20240828 21,1263.4525211013563
77_20240828 22,1265.2655176912622
77_20240828 23,1141.7256795748783
77_20240829 00,1145.611344469799
77_20240829 01,1185.5841622896169
77_20240829 02,1184.4324376115133
77_20240829 03,1166.0572984863481
77_20240829 04,1075.661972616269
77_20240829 05,1024.0693615863759
77_20240829 06,1009.0843514584018
77_20240829 07,1156.3040378886915
77_20240829 08,1492.8661000926595
77_20240829 09,1671.8420182162533
77_20240829 10,1808.5817610819518
77_20240829 11,1790.9475305286446
77_20240829 12,1784.677085718069
77_20240829 13,1867.927215137084
77_20240829 14,1939.0696057479975
77_20240829 15,2001.3176280660468
77_20240829 16,1991.8440397517013
77_20240829 17,1792.9197694288919
77_20240829 18,1765.1959105628948
77_20240829 19,1714.3058151230548
77_20240829 20,1560.1300470047988
77_20240829 21,1531.8075656880144
77_20240829 22,1439.4264115968197
77_20240829 23,1311.6594847230042
77_20240830 00,1267.2130205495641
77_20240830 01,1275.4616421659375
77_20240830 02,1241.1536070496047
77_20240830 03,1240.4059661212214
77_20240830 04,1204.791027405434
77_20240830 05,1162.6519597792299
77_20240830 06,1176.5783946543593
77_20240830 07,1379.8686507159705
77_20240830 08,1705.7815368617016
77_20240830 09,1700.6052941390926
77_20240830 10,1847.016382491982
77_20240830 11,1833.8206984630178
77_20240830 12,1766.6145695625728
77_20240830 13,1796.9527506805941
77_20240830 14,1866.1953447750036
77_20240830 15,1927.395377860191
77_20240830 16,1965.7798737982848
77_20240830 17,1870.2181547132145
77_20240830 18,1850.8718037532944
77_20240830 19,1837.2790318837297
77_20240830 20,1630.9307485438885
77_20240830 21,1409.1886170280939
77_20240830 22,1280.4471378559508
77_20240830 23,1363.7605879781595
77_20240831 00,1291.9563826506305
77_20240831 01,1274.0239393343277
77_20240831 02,1252.8101108910232
77_20240831 03,1210.1121101599615
77_20240831 04,1189.8382375534898
77_20240831 05,1176.512396634837
77_20240831 06,1181.505000328979
77_20240831 07,1477.3987715037765
77_20240831 08,1764.041222876052
77_20240831 09,1735.1869004385837
77_20240831 10,1812.870328954707
77_20240831 11,1818.2171325462466
77_20240831 12,1781.0026505354099
77_20240831 13,1837.4893077118136
77_20240831 14,1883.4984297283781
77_20240831 15,1947.3650300199072
77_20240831 16,2006.526364382214
77_20240831 17,1955.3223347477963
77_20240831 18,1823.8573527782107
77_20240831 19,1824.441012601229
77_20240831 20,1774.4661191660787
77_20240831 21,1710.5911370637295
77_20240831 22,1460.241467955229
77_20240831 23,1381.8168761563295
78_20240825 00,1494.1963194097104
78_20240825 01,1289.4594905518773
78_20240825 02,1163.703948714201
78_20240825 03,1061.0236148428978
78_20240825 04,1013.2252989375331
78_20240825 05,1021.2742044957458
78_20240825 06,1071.5347232914044
78_20240825 07,1171.738029976773
78_20240825 08,1387.4862433196577
78_20240825 09,1661.8411429981024
78_20240825 10,1806.2942751824412
78_20240825 11,1896.8238438867181
78_20240825 12,1890.70494351662
78_20240825 13,1893.3175835413551
78_20240825 14,1915.2757413911374
78_20240825 15,1941.3865298668536
78_20240825 16,1934.3752340485112
78_20240825 17,1970.1581848221163
78_20240825 18,2065.6229355751784
78_20240825 19,2048.753113017069
78_20240825 20,2031.7433527274843
78_20240825 21,1986.6531140922398
78_20240825 22,1890.2441524994374
78_20240825 23,1717.1806860910601
78_20240826 00,1493.8520199816085
78_20240826 01,1272.570519027898
78_20240826 02,1151.8402025317946
78_20240826 03,1077.6919036147317
78_20240826 04,1028.5077230017505
78_20240826 05,1057.0437332888569
78_20240826 06,1218.974934506828
78_20240826 07,1361.470095605853
78_20240826 08,1534.3555656666092
78_20240826 09,1732.325481840869
78_20240826 10,1805.1026901031078
78_20240826 11,1836.3852546184003
78_20240826 12,1875.0664670839033
78_20240826 13,1869.507093896654
78_20240826 14,1881.7745338490713
78_20240826 15,1885.8376046523877
78_20240826 16,1881.503534524244
78_20240826 17,1928.9935780896353
78_20240826 18,2041.165960973973
78_20240826 19,2047.5970768444645
78_20240826 20,2037.0311158817044
78_20240826 21,2039.2856245386279
78_20240826 22,1952.1912236109356
78_20240826 23,1773.5339957620463
78_20240827 00,1501.6888043902877
78_20240827 01,1295.897578089809
78_20240827 02,1174.3727399924915
78_20240827 03,1096.6196499955872
78_20240827 04,1037.137368844994
78_20240827 05,1072.648822574307
78_20240827 06,1223.1965968505647
78_20240827 07,1357.2499722608095
78_20240827 08,1491.7767012622464
78_20240827 09,1617.3916673047863
78_20240827 10,1634.8249363427499
78_20240827 11,1682.0786861416343
78_20240827 12,1714.0741634111832
78_20240827 13,1759.0198593483915
78_20240827 14,1804.77605801553
78_20240827 15,1890.9206100174047
78_20240827 16,1909.7478525533468
78_20240827 17,1958.937181621724
78_20240827 18,2032.2838300952526
78_20240827 19,2077.319131609674
78_20240827 20,2030.3154851111394
78_20240827 21,2011.709529282376
78_20240827 22,1942.0216890672914
78_20240827 23,1749.0055343036745
78_20240828 00,1458.254150487101
78_20240828 01,1247.3288386672234
78_20240828 02,1143.2396250948873
78_20240828 03,1063.1154173587486
78_20240828 04,1018.1117860486071
78_20240828 05,1023.2549523171839
78_20240828 06,1102.4986677161842
78_20240828 07,1341.9764435810607
78_20240828 08,1487.0771702004795
78_20240828 09,1687.055500144135
78_20240828 10,1726.371223530467
78_20240828 11,1780.5902999703285
78_20240828 12,1828.2039752794715
78_20240828 13,1884.4706417587124
78_20240828 14,1883.236935211062
78_20240828 15,1924.6996380997086
78_20240828 16,1946.2384296403654
78_20240828 17,1990.5015892618662
78_20240828 18,2057.355510408803
78_20240828 19,2109.3879278212144
78_20240828 20,2094.411528711541
78_20240828 21,2099.138323852992
78_20240828 22,2019.0654799731558
78_20240828 23,1778.449456632512
78_20240829 00,1509.2805230426086
78_20240829 01,1259.5518090501614
78_20240829 02,1136.2568693513444
78_20240829 03,1058.6785624249333
78_20240829 04,1007.5875952041349
78_20240829 05,1031.2744313919695
78_20240829 06,1181.2831330940917
78_20240829 07,1329.6138850783227
78_20240829 08,1504.9719303776772
78_20240829 09,1697.1901738740742
78_20240829 10,1764.9112144496103
78_20240829 11,1821.354457224887
78_20240829 12,1857.5828821348375
78_20240829 13,1863.8121261916767
78_20240829 14,1913.128758256637
78_20240829 15,1938.4524532894332
78_20240829 16,1949.0838354481948
78_20240829 17,1975.6587562901605
78_20240829 18,2032.9624789514442
78_20240829 19,2067.1210994443163
78_20240829 20,2036.2519598932713
78_20240829 21,2007.5171760233047
78_20240829 22,1906.1209149026326
78_20240829 23,1745.0805731888222
78_20240830 00,1491.5899533294223
78_20240830 01,1236.7259918250454
78_20240830 02,1118.5176345163618
78_20240830 03,1054.1856723636865
78_20240830 04,1007.7545071014177
78_20240830 05,1028.286681350372
78_20240830 06,1174.12266878226
78_20240830 07,1325.0610525779416
78_20240830 08,1556.0108144595997
78_20240830 09,1757.7328977838765
78_20240830 10,1836.4621456482002
78_20240830 11,1824.5306852202698
78_20240830 12,1907.9463005348969
78_20240830 13,1914.2215549243151
78_20240830 14,1953.0803821880015
78_20240830 15,1997.5998269098081
78_20240830 16,2009.0585792887307
78_20240830 17,2013.5350940258472
78_20240830 18,2017.5143069651504
78_20240830 19,2024.5823019107106
78_20240830 20,1947.9156132713508
78_20240830 21,1936.2029492070837
78_20240830 22,1860.6055512554183
78_20240830 23,1685.5123740770807
78_20240831 00,1453.5646579986787
78_20240831 01,1267.207360529378
78_20240831 02,1145.3153008605004
78_20240831 03,1065.798566171262
78_20240831 04,918.3644007141957
78_20240831 05,929.1168704522208
78_20240831 06,1002.2156998619055
78_20240831 07,1238.2059836237413
78_20240831 08,1439.0645363845483
78_20240831 09,1726.239912450983
78_20240831 10,1848.1771256750085
78_20240831 11,1954.1534936155253
78_20240831 12,1980.2377438959652
78_20240831 13,1981.8799280279864
78_20240831 14,2015.1259805097739
78_20240831 15,2040.0010396923328
78_20240831 16,2021.3674660539882
78_20240831 17,2020.207048085214
78_20240831 18,2026.5428590820134
78_20240831 19,2002.9781406070388
78_20240831 20,1943.8543891570519
78_20240831 21,1893.8322164531285
78_20240831 22,1809.9692149850705
78_20240831 23,1661.695620359937
79_20240825 00,2132.4048556711296
79_20240825 01,2000.5013759026187
79_20240825 02,1929.940782573616
79_20240825 03,1936.6346266271353
79_20240825 04,1954.1376685483997
79_20240825 05,2060.7252977572207
79_20240825 06,2579.090267943911
79_20240825 07,3900.256890700158
79_20240825 08,6049.263026733001
79_20240825 09,8201.976676160908
79_20240825 10,10339.484717214287
79_20240825 11,11121.93987990297
79_20240825 12,11202.221672036652
79_20240825 13,11223.6963120986
79_20240825 14,11261.475603017701
79_20240825 15,11224.86604269901
79_20240825 16,11199.17588519364
79_20240825 17,10806.203115138684
79_20240825 18,10809.772533076304
79_20240825 19,10365.156203476768
79_20240825 20,8154.882405820598
79_20240825 21,4445.672801817056
79_20240825 22,2995.2917017966693
79_20240825 23,2382.893659671832
79_20240826 00,2059.4323027721366
79_20240826 01,1987.7603612326297
79_20240826 02,1922.1873764852312
79_20240826 03,1952.8155377937057
79_20240826 04,1954.7285059102783
79_20240826 05,2068.2174525851124
79_20240826 06,2622.8053976832844
79_20240826 07,3799.102745132157
79_20240826 08,5590.911845475904
79_20240826 09,8119.03007739449
79_20240826 10,10192.48783096981
79_20240826 11,10594.284741557403
79_20240826 12,10592.87214985223
79_20240826 13,10635.528799875909
79_20240826 14,10656.700720678375
79_20240826 15,10577.653012069379
79_20240826 16,10543.689258345306
79_20240826 17,10426.139180731843
79_20240826 18,10304.688831120518
79_20240826 19,10136.925371740526
79_20240826 20,5932.836315210417
79_20240826 21,4250.347029847751
79_20240826 22,2916.857189222083
79_20240826 23,2308.2660546960115
79_20240827 00,2046.2470291609086
79_20240827 01,2002.8174717366564
79_20240827 02,1957.07476659386
79_20240827 03,1973.4660467291474
79_20240827 04,1967.2911270517857
79_20240827 05,2106.34334740954
79_20240827 06,2709.0562649242656
79_20240827 07,3972.4554122524733
79_20240827 08,5645.57921342062
79_20240827 09,8111.20507111376
79_20240827 10,10516.489060014359
79_20240827 11,10961.64147987804
79_20240827 12,10850.462591973162
79_20240827 13,10885.583177067487
79_20240827 14,10707.235608583054
79_20240827 15,10637.542285552523
79_20240827 16,10667.000593072768
79_20240827 17,10511.607065315695
79_20240827 18,10367.033273602872
79_20240827 19,9865.073721931563
79_20240827 20,5976.146287918049
79_20240827 21,4134.645942480853
79_20240827 22,2881.7303200021215
79_20240827 23,2284.8408094016513
79_20240828 00,2020.724053003816
79_20240828 01,1913.9904229242118
79_20240828 02,1853.057794999711
79_20240828 03,1873.129799425012
79_20240828 04,1860.4504949153015
79_20240828 05,2031.2581351881504
79_20240828 06,2614.3472742486124
79_20240828 07,3765.9329323508928
79_20240828 08,5272.327277502098
79_20240828 09,7558.361095874152
79_20240828 10,9850.774300859914
79_20240828 11,10617.254883348327
79_20240828 12,10600.591573260415
79_20240828 13,10650.693337722954
79_20240828 14,10539.81433290691
79_20240828 15,10502.753721220493
79_20240828 16,10551.173968147166
79_20240828 17,10389.340646518525
79_20240828 18,10285.625673350365
79_20240828 19,9892.005833465235
79_20240828 20,6038.9039552200375
79_20240828 21,4200.037523340583
79_20240828 22,2940.4831552511787
79_20240828 23,2369.1148582343144
79_20240829 00,2100.7890200559104
79_20240829 01,1979.5912608695355
79_20240829 02,1903.9943479943286
79_20240829 03,1911.836782908291
79_20240829 04,1912.4836716185391
79_20240829 05,2040.752631957276
79_20240829 06,2608.672080742194
79_20240829 07,3776.2629086740108
79_20240829 08,5361.490197330599
79_20240829 09,7642.180280759012
79_20240829 10,10017.816843396293
79_20240829 11,10883.220599686421
79_20240829 12,10783.941758296147
79_20240829 13,10809.13204959971
79_20240829 14,10748.825532653762
79_20240829 15,10698.272502013711
79_20240829 16,10633.215517806462
79_20240829 17,10536.02032662565
79_20240829 18,10237.753340014759
79_20240829 19,10017.53140406549
79_20240829 20,6316.278955851858
79_20240829 21,4298.720012995502
79_20240829 22,2958.8044848032264
79_20240829 23,2350.501997602807
79_20240830 00,2108.1608851883066
79_20240830 01,2006.1173941577376
79_20240830 02,1906.078047168851
79_20240830 03,1921.0838849755603
79_20240830 04,1919.0877854111877
79_20240830 05,2042.4479985407388
79_20240830 06,2633.9947446718784
79_20240830 07,3895.172792126994
79_20240830 08,5947.3020954325875
79_20240830 09,7991.899394382672
79_20240830 10,10101.797846932295
79_20240830 11,10629.535887917767
79_20240830 12,10742.522280376648
79_20240830 13,10792.045053824131
79_20240830 14,10852.963845474485
79_20240830 15,10799.615197610432
79_20240830 16,10822.110623449134
79_20240830 17,10695.206715139819
79_20240830 18,10552.533214956366
79_20240830 19,10457.791285442367
79_20240830 20,8304.999154847834
79_20240830 21,4463.790637791805
79_20240830 22,2900.977250953178
79_20240830 23,2294.471160319868
79_20240831 00,2037.9825640662252
79_20240831 01,1908.950972776466
79_20240831 02,1887.9627181661922
79_20240831 03,1895.378365254731
79_20240831 04,1897.3092924707666
79_20240831 05,2024.7360974654362
79_20240831 06,2608.8062920973034
79_20240831 07,3766.3901083282835
79_20240831 08,5383.138130442821
79_20240831 09,7635.971767538841
79_20240831 10,9848.741310994455
79_20240831 11,10603.781458266774
79_20240831 12,10644.486406108248
79_20240831 13,10714.318094875685
79_20240831 14,10902.999526130137
79_20240831 15,10872.76562821984
79_20240831 16,10846.752471369531
79_20240831 17,10672.8909447343
79_20240831 18,10578.329257371819
79_20240831 19,10352.465736532917
79_20240831 20,8028.29685745379
79_20240831 21,4447.28228295623
79_20240831 22,2996.803609561961
79_20240831 23,2440.2268381144677
80_20240825 00,1974.5068135937126
80_20240825 01,1971.0517815865444
80_20240825 02,1976.7575971968292
80_20240825 03,1977.2733937448174
80_20240825 04,1970.4007301492375
80_20240825 05,1965.6073232674844
80_20240825 06,1950.4590680740248
80_20240825 07,1948.827481889085
80_20240825 08,1915.513696464739
80_20240825 09,1930.6792797537648
80_20240825 10,2117.186868949865
80_20240825 11,2075.0763357708997
80_20240825 12,2109.0711576910116
80_20240825 13,2157.1650071249314
80_20240825 14,2158.3915695563933
80_20240825 15,2306.321532068892
80_20240825 16,2319.081306170063
80_20240825 17,2090.1661898313196
80_20240825 18,2049.9379437968873
80_20240825 19,2080.560821412644
80_20240825 20,2036.1906184945003
80_20240825 21,2019.2873876414296
80_20240825 22,1997.2969739360813
80_20240825 23,1988.2001362121996
80_20240826 00,2017.2087645944475
80_20240826 01,2001.4943689968595
80_20240826 02,2005.700317322643
80_20240826 03,1996.8935547147078
80_20240826 04,1987.3511740598956
80_20240826 05,1990.8298013438996
80_20240826 06,2025.7517409943562
80_20240826 07,2362.418787111421
80_20240826 08,3136.4800830840213
80_20240826 09,3378.6578174892693
80_20240826 10,3450.16621955262
80_20240826 11,3415.9013868656784
80_20240826 12,3346.455818190694
80_20240826 13,3391.721028152902
80_20240826 14,3441.6760163517656
80_20240826 15,3488.492536544615
80_20240826 16,3519.4851107939735
80_20240826 17,3448.879830694795
80_20240826 18,2762.290549643435
80_20240826 19,2551.839848318089
80_20240826 20,2262.8220365995835
80_20240826 21,2098.6246572600703
80_20240826 22,2041.6264932960153
80_20240826 23,2015.374026186881
80_20240827 00,2069.2961006075466
80_20240827 01,2064.608169121584
80_20240827 02,2074.96743734652
80_20240827 03,2063.4887484042706
80_20240827 04,2056.698144814232
80_20240827 05,2050.903520842303
80_20240827 06,2090.7513475159767
80_20240827 07,2395.7994462234255
80_20240827 08,3160.999833191217
80_20240827 09,3451.6005374834426
80_20240827 10,3387.2621208648875
80_20240827 11,3395.0037265347883
80_20240827 12,3318.776818750944
80_20240827 13,3398.256182235014
80_20240827 14,3428.5864939486282
80_20240827 15,3472.9402504509976
80_20240827 16,3505.6357717427036
80_20240827 17,3450.4852823185424
80_20240827 18,2772.2462661290538
80_20240827 19,2549.9189719110473
80_20240827 20,2259.207910025826
80_20240827 21,2191.0941549731638
80_20240827 22,2106.4601039077165
80_20240827 23,2073.3210075590323
80_20240828 00,2069.6966589351205
80_20240828 01,2076.471904169837
80_20240828 02,2077.3893799602233
80_20240828 03,2058.4447430250048
80_20240828 04,2050.0640770798473
80_20240828 05,2071.933731260083
80_20240828 06,2153.9703835032637
80_20240828 07,2466.9502821163037
80_20240828 08,3182.834825651924
80_20240828 09,3428.266421771579
80_20240828 10,3409.1991325362783
80_20240828 11,3347.325403676776
80_20240828 12,3365.0044727069753
80_20240828 13,3371.6251753852075
80_20240828 14,3421.599686800494
80_20240828 15,3431.286289245598
80_20240828 16,3464.8811704472773
80_20240828 17,3414.857626195643
80_20240828 18,2723.3606952815776
80_20240828 19,2504.4250568708067
80_20240828 20,2156.8491413768043
80_20240828 21,2105.996708075876
80_20240828 22,2080.666124500382
80_20240828 23,2066.5526944774383
80_20240829 00,2014.814464310708
80_20240829 01,2008.9356592933914
80_20240829 02,2010.433485640874
80_20240829 03,2005.9397293560626
80_20240829 04,1998.928882781112
80_20240829 05,1983.0239469436328
80_20240829 06,2040.326626032061
80_20240829 07,2398.069692241639
80_20240829 08,3129.5537077009285
80_20240829 09,3353.6727756015125
80_20240829 10,3361.5615216296164
80_20240829 11,3331.1536238019553
80_20240829 12,3314.193453352327
80_20240829 13,3319.2670753449206
80_20240829 14,3384.7708772184596
80_20240829 15,3397.7683328433136
80_20240829 16,3408.7212516151435
80_20240829 17,3400.9492475180978
80_20240829 18,2741.1128574222594
80_20240829 19,2518.8304855957335
80_20240829 20,2137.350709772074
80_20240829 21,2085.113791857417
80_20240829 22,2023.9309924941495
80_20240829 23,2015.5074394757503
80_20240830 00,2002.0883796193277
80_20240830 01,2003.6600499694719
80_20240830 02,2003.1974520205845
80_20240830 03,1985.8104960476123
80_20240830 04,1967.1242917889028
80_20240830 05,1955.406214558108
80_20240830 06,1998.056227578271
80_20240830 07,2313.3053766072653
80_20240830 08,3106.559833693909
80_20240830 09,3251.1704029712473
80_20240830 10,3256.518753674266
80_20240830 11,3195.4383030133868
80_20240830 12,3208.062076339945
80_20240830 13,3256.4642556096533
80_20240830 14,3270.9954816055056
80_20240830 15,3280.2743981973304
80_20240830 16,3287.7077450256284
80_20240830 17,3190.0028246795173
80_20240830 18,2539.7358462065863
80_20240830 19,2361.4710541378827
80_20240830 20,2084.0287342491247
80_20240830 21,2054.0575497959917
80_20240830 22,2006.4119097340063
80_20240830 23,1992.9295932376353
80_20240831 00,1974.5981261259212
80_20240831 01,1972.195677179549
80_20240831 02,1977.197174496421
80_20240831 03,1968.9273688583526
80_20240831 04,1965.0395410587264
80_20240831 05,1958.9606807531325
80_20240831 06,1944.1555098093065
80_20240831 07,1951.9914113088212
80_20240831 08,1929.2672048697923
80_20240831 09,1932.7957871219342
80_20240831 10,1969.6188339270334
80_20240831 11,1963.9076591759008
80_20240831 12,2095.198047972812
80_20240831 13,2135.2400546867384
80_20240831 14,2144.1985539048724
80_20240831 15,2304.72701265039
80_20240831 16,2310.144991715477
80_20240831 17,2063.5195037073554
80_20240831 18,2022.5507262091323
80_20240831 19,2017.5423872886
80_20240831 20,2008.5123278709498
80_20240831 21,1996.3184029058448
80_20240831 22,1978.686580352584
80_20240831 23,1971.1778285432847
81_20240825 00,1167.5110851248974
81_20240825 01,1167.943155991422
81_20240825 02,1165.269440239424
81_20240825 03,1158.7866768890062
81_20240825 04,1154.4368661052777
81_20240825 05,1152.5229096732924
81_20240825 06,1151.0937061788318
81_20240825 07,1153.1676407942552
81_20240825 08,1152.641098846114
81_20240825 09,1161.5367112214847
81_20240825 10,1171.490147264267
81_20240825 11,1181.052449279205
81_20240825 12,1176.9680901572
81_20240825 13,1171.803973356747
81_20240825 14,1176.344667663388
81_20240825 15,1178.866963171256
81_20240825 16,1174.4087327838001
81_20240825 17,1156.1578918287728
81_20240825 18,1160.6599261611161
81_20240825 19,1156.736904647119
81_20240825 20,1152.1636145192124
81_20240825 21,1151.4405771218958
81_20240825 22,1151.3471371307558
81_20240825 23,1157.0869050569693
81_20240826 00,1165.276972387529
81_20240826 01,1157.0201300501747
81_20240826 02,1155.9912578118228
81_20240826 03,1153.7256100752024
81_20240826 04,1150.5203717234172
81_20240826 05,1147.8476550983564
81_20240826 06,1148.0666324459473
81_20240826 07,1154.7630342905632
81_20240826 08,1164.6421061914234
81_20240826 09,1170.792131290736
81_20240826 10,1000.4424156916959
81_20240826 11,940.5810908317302
81_20240826 12,949.528243699431
81_20240826 13,904.0099779081653
81_20240826 14,898.0887761990215
81_20240826 15,910.9207970806972
81_20240826 16,998.416648910988
81_20240826 17,1157.2613720435465
81_20240826 18,1202.2982284856462
81_20240826 19,1178.8074612783594
81_20240826 20,1164.0185854628216
81_20240826 21,1160.805832183476
81_20240826 22,1160.6286528241853
81_20240826 23,1161.7569705443661
81_20240827 00,1168.0532380335032
81_20240827 01,1159.2061743332988
81_20240827 02,1160.2041615962091
81_20240827 03,1154.5267579669064
81_20240827 04,1152.9871259694419
81_20240827 05,1150.8968715176525
81_20240827 06,1148.4761665330434
81_20240827 07,1151.4994199168802
81_20240827 08,1162.6469485822108
81_20240827 09,1192.8564848171768
81_20240827 10,1205.5984316400522
81_20240827 11,1213.029449398006
81_20240827 12,1201.520022970984
81_20240827 13,1028.1994052728037
81_20240827 14,967.3622972548258
81_20240827 15,968.1645999586337
81_20240827 16,1059.427830297258
81_20240827 17,1164.1934228891914
81_20240827 18,1176.7052034812627
81_20240827 19,1157.255591296908
81_20240827 20,1151.3842887332662
81_20240827 21,1147.5182477944518
81_20240827 22,1148.6519208696745
81_20240827 23,1152.5559648814533
81_20240828 00,1158.2293720125053
81_20240828 01,1154.8333404011582
81_20240828 02,1151.6459391760172
81_20240828 03,1150.0909149254653
81_20240828 04,1146.5027042102204
81_20240828 05,1144.7255131985794
81_20240828 06,1145.2200799147254
81_20240828 07,1146.4432326426236
81_20240828 08,1151.7290136387674
81_20240828 09,1164.2637444712561
81_20240828 10,1176.1183128802545
81_20240828 11,1140.021300235525
81_20240828 12,1072.5146511167268
81_20240828 13,907.5821820216806
81_20240828 14,967.927773246739
81_20240828 15,943.219616193513
81_20240828 16,1028.0375458152166
81_20240828 17,1179.043184394436
81_20240828 18,1192.1956758132185
81_20240828 19,1172.559746360926
81_20240828 20,1156.8699957381934
81_20240828 21,1155.8650175674395
81_20240828 22,1154.658028827721
81_20240828 23,1157.132889266581
81_20240829 00,1171.9774085789904
81_20240829 01,1164.7474758263234
81_20240829 02,1162.8967704192403
81_20240829 03,1158.734179844688
81_20240829 04,1156.361524735558
81_20240829 05,1154.157398423004
81_20240829 06,1154.5535803397254
81_20240829 07,1156.7007883350761
81_20240829 08,1177.2371915080312
81_20240829 09,1192.8357346154385
81_20240829 10,1196.6523948585777
81_20240829 11,1183.1123900402831
81_20240829 12,1184.8583046500619
81_20240829 13,1159.3436203581712
81_20240829 14,1139.0071182994936
81_20240829 15,1169.5604868526052
81_20240829 16,1156.1770283792562
81_20240829 17,1170.4299676337928
81_20240829 18,1188.6530977560283
81_20240829 19,1178.8250160311277
81_20240829 20,1160.3676602065898
81_20240829 21,1158.4195334519275
81_20240829 22,1158.8523539928005
81_20240829 23,1163.214312007276
81_20240830 00,1173.7537908212748
81_20240830 01,1169.3851932911057
81_20240830 02,1160.8779994853344
81_20240830 03,1156.96630215021
81_20240830 04,1155.0238590722213
81_20240830 05,1152.8221464503144
81_20240830 06,1149.9966216117268
81_20240830 07,1151.4203232443544
81_20240830 08,1165.223544926227
81_20240830 09,1177.3843927992648
81_20240830 10,1059.4696717339566
81_20240830 11,970.4777276660982
81_20240830 12,891.1538237218465
81_20240830 13,885.2104250342775
81_20240830 14,883.3474842590434
81_20240830 15,888.9347766794651
81_20240830 16,919.7392666867485
81_20240830 17,1131.7420034063782
81_20240830 18,1187.232305939468
81_20240830 19,1179.9974937322322
81_20240830 20,1164.284837425446
81_20240830 21,1160.5736517237851
81_20240830 22,1159.1362098942163
81_20240830 23,1158.0127005561108
81_20240831 00,1160.4259394908318
81_20240831 01,1157.8131399800584
81_20240831 02,1154.8384616158485
81_20240831 03,1151.554401427491
81_20240831 04,1150.4792615671704
81_20240831 05,1147.538978564447
81_20240831 06,1146.712535167423
81_20240831 07,1146.2547877520328
81_20240831 08,1146.5816070371443
81_20240831 09,1154.3467877692676
81_20240831 10,1156.0861674115245
81_20240831 11,1162.2744554768012
81_20240831 12,1165.496828314327
81_20240831 13,1165.2164529018678
81_20240831 14,1165.175632626779
81_20240831 15,1165.6205910615995
81_20240831 16,1162.901694902255
81_20240831 17,1148.8396222939164
81_20240831 18,1158.1159982533338
81_20240831 19,1149.1430402962387
81_20240831 20,1147.674642875023
81_20240831 21,1147.1938115063795
81_20240831 22,1147.7332307032207
81_20240831 23,1154.339159893304
82_20240825 00,522.8722174831837
82_20240825 01,510.9016194834255
82_20240825 02,507.9349814405054
82_20240825 03,499.8611713613047
82_20240825 04,497.6139045866918
82_20240825 05,504.4021337766313
82_20240825 06,533.2377137326234
82_20240825 07,623.7955215200491
82_20240825 08,793.8558656030315
82_20240825 09,1453.2725289481982
82_20240825 10,1964.4651977247845
82_20240825 11,2121.124727764958
82_20240825 12,2238.2931072832635
82_20240825 13,2211.4385264442117
82_20240825 14,2188.211847124525
82_20240825 15,2154.89706677053
82_20240825 16,2124.351790280394
82_20240825 17,2106.1726069047886
82_20240825 18,2079.809671430015
82_20240825 19,2026.882084002531
82_20240825 20,1924.5333122125617
82_20240825 21,1467.9000155074546
82_20240825 22,774.7294756038175
82_20240825 23,537.4800902883803
82_20240826 00,509.19461653231383
82_20240826 01,500.01121666250197
82_20240826 02,505.6563189496335
82_20240826 03,499.8610736296321
82_20240826 04,496.25555462241306
82_20240826 05,499.138707340201
82_20240826 06,510.14733793450245
82_20240826 07,565.4896511134136
82_20240826 08,763.7514528364479
82_20240826 09,1331.2789041383226
82_20240826 10,1808.0193812061561
82_20240826 11,1840.9731537439827
82_20240826 12,1894.76990084223
82_20240826 13,1904.552463577642
82_20240826 14,1884.8631328324366
82_20240826 15,1847.0513782065027
82_20240826 16,1854.657162280611
82_20240826 17,1858.7740590358133
82_20240826 18,1843.1764563650277
82_20240826 19,1809.2433608886251
82_20240826 20,1787.5220875731916
82_20240826 21,1562.1344259490108
82_20240826 22,857.2226908537068
82_20240826 23,559.3890492333633
82_20240827 00,511.63820842181116
82_20240827 01,507.2945667383502
82_20240827 02,509.38517924235094
82_20240827 03,500.69061612003867
82_20240827 04,492.7213151737126
82_20240827 05,492.6437331447268
82_20240827 06,512.3529190881954
82_20240827 07,580.1960334959631
82_20240827 08,766.9766231567853
82_20240827 09,1319.7839870958246
82_20240827 10,1883.6857035684295
82_20240827 11,1965.1963814505289
82_20240827 12,1967.1798832836107
82_20240827 13,1980.718745964527
82_20240827 14,1964.4672600876647
82_20240827 15,1897.084568637099
82_20240827 16,1904.7925037967766
82_20240827 17,1944.3166145083355
82_20240827 18,1946.0126473904377
82_20240827 19,1951.1115777738005
82_20240827 20,1886.9907088641153
82_20240827 21,1502.0687769515002
82_20240827 22,818.9591706228998
82_20240827 23,525.1152750756007
82_20240828 00,494.6300204838303
82_20240828 01,484.41935558678887
82_20240828 02,484.4597621339575
82_20240828 03,484.2924465353952
82_20240828 04,482.91309597138354
82_20240828 05,486.6182642221799
82_20240828 06,505.96616246184544
82_20240828 07,573.1056569938598
82_20240828 08,709.8993725931828
82_20240828 09,1187.8315736723994
82_20240828 10,1830.603635627788
82_20240828 11,1921.688210357551
82_20240828 12,1944.9691869292874
82_20240828 13,1902.7063462437839
82_20240828 14,1896.9886142442265
82_20240828 15,1869.8313503465388
82_20240828 16,1882.044959758869
82_20240828 17,1927.5028808048357
82_20240828 18,1935.1561386921658
82_20240828 19,1925.1045723126413
82_20240828 20,1885.7067477833834
82_20240828 21,1478.4368109618104
82_20240828 22,814.8528549116605
82_20240828 23,549.4716408107711
82_20240829 00,509.5076806520533
82_20240829 01,505.7808377738358
82_20240829 02,507.687910988516
82_20240829 03,499.592245774056
82_20240829 04,506.8160447985165
82_20240829 05,509.32611566752445
82_20240829 06,524.9210335018195
82_20240829 07,606.3950087335286
82_20240829 08,782.6532315482787
82_20240829 09,1313.1793804949202
82_20240829 10,1942.623407941896
82_20240829 11,1990.2114291968796
82_20240829 12,2028.368430104806
82_20240829 13,2028.7144031265775
82_20240829 14,2010.0015286922821
82_20240829 15,1978.7336819252018
82_20240829 16,1967.5929006789868
82_20240829 17,1997.9688551653169
82_20240829 18,1992.2364231728166
82_20240829 19,1970.832308918414
82_20240829 20,1932.6315769232383
82_20240829 21,1567.8915816173321
82_20240829 22,841.3601208965445
82_20240829 23,548.6456708121684
82_20240830 00,523.1386203756044
82_20240830 01,520.3393447017165
82_20240830 02,523.8134438002398
82_20240830 03,515.8678659357629
82_20240830 04,510.487780871744
82_20240830 05,511.26487666999265
82_20240830 06,519.9330002165345
82_20240830 07,573.734198259178
82_20240830 08,785.9299006663103
82_20240830 09,1414.3845868179887
82_20240830 10,1965.304786858086
82_20240830 11,2023.2810078265225
82_20240830 12,2056.1548789694007
82_20240830 13,2079.815887523085
82_20240830 14,2074.727979279687
82_20240830 15,2034.1105071558459
82_20240830 16,2050.2924032052047
82_20240830 17,2082.713048703564
82_20240830 18,2051.3151770515087
82_20240830 19,2020.4383406917245
82_20240830 20,1974.745238588958
82_20240830 21,1612.536460128088
82_20240830 22,868.838802915149
82_20240830 23,537.0924549905395
82_20240831 00,498.6802768720378
82_20240831 01,493.50428704822866
82_20240831 02,491.5548435529661
82_20240831 03,489.4389292377743
82_20240831 04,490.0219460557719
82_20240831 05,491.76166078520066
82_20240831 06,528.6234736107454
82_20240831 07,624.4823378704934
82_20240831 08,810.662149866615
82_20240831 09,1406.8223218721141
82_20240831 10,2029.6407664201392
82_20240831 11,2099.5146510665854
82_20240831 12,2152.1063626608593
82_20240831 13,2132.949183287608
82_20240831 14,2130.8952313224063
82_20240831 15,2113.720445895221
82_20240831 16,2073.4743578131684
82_20240831 17,2095.9990686895235
82_20240831 18,2066.7340210969833
82_20240831 19,2028.7788835970202
82_20240831 20,1944.2891851943364
82_20240831 21,1521.7311740418077
82_20240831 22,840.3686933675108
82_20240831 23,527.0078571898136
83_20240825 00,2626.0165363299684
83_20240825 01,2613.3384406926034
83_20240825 02,2595.6396459688585
83_20240825 03,2582.073409652633
83_20240825 04,2566.930659950611
83_20240825 05,2559.304675073109
83_20240825 06,2553.9965073731246
83_20240825 07,2554.154358238846
83_20240825 08,2655.1529604602474
83_20240825 09,2665.1554444836233
83_20240825 10,2622.097152864363
83_20240825 11,2610.2928991092567
83_20240825 12,2621.5613376593615
83_20240825 13,2627.76859883673
83_20240825 14,2631.9050673021325
83_20240825 15,2688.602296645203
83_20240825 16,2757.3433960353545
83_20240825 17,2751.6977929623167
83_20240825 18,2731.762434823566
83_20240825 19,2725.232327808451
83_20240825 20,2719.865187840772
83_20240825 21,2662.9068420602825
83_20240825 22,2611.523002278613
83_20240825 23,2617.9221625125974
83_20240826 00,2651.478046530561
83_20240826 01,2646.3777037821856
83_20240826 02,2631.629492006938
83_20240826 03,2624.531552117787
83_20240826 04,2619.3096968026402
83_20240826 05,2619.8227622861586
83_20240826 06,2631.9858741957305
83_20240826 07,2678.520532438967
83_20240826 08,2984.6628950266618
83_20240826 09,3238.555382329798
83_20240826 10,3175.6550124187775
83_20240826 11,3141.2530947014498
83_20240826 12,3186.604204118641
83_20240826 13,3162.9223543028447
83_20240826 14,3172.5063060973216
83_20240826 15,3210.923914702943
83_20240826 16,3211.0743660201188
83_20240826 17,3217.5950321306555
83_20240826 18,3158.376518970473
83_20240826 19,3028.9275606592664
83_20240826 20,2902.8036300667723
83_20240826 21,2782.485734211923
83_20240826 22,2671.3536751977445
83_20240826 23,2627.5421931979254
83_20240827 00,2656.5908369978183
83_20240827 01,2652.8625661895594
83_20240827 02,2645.227122812924
83_20240827 03,2640.85822342921
83_20240827 04,2632.7013748115614
83_20240827 05,2627.4516160295725
83_20240827 06,2622.563464961122
83_20240827 07,2664.111625253687
83_20240827 08,2967.177975773292
83_20240827 09,3263.0500683906557
83_20240827 10,3244.161541800747
83_20240827 11,3243.666485644533
83_20240827 12,3258.4861683963823
83_20240827 13,3243.3073131324586
83_20240827 14,3225.509436031012
83_20240827 15,3263.149121650896
83_20240827 16,3274.6175290462907
83_20240827 17,3265.789485696219
83_20240827 18,3159.3676405105243
83_20240827 19,3030.047456382716
83_20240827 20,2889.6101125911564
83_20240827 21,2753.2382856914674
83_20240827 22,2628.421986005407
83_20240827 23,2599.7163305966033
83_20240828 00,2609.5100071114757
83_20240828 01,2598.2519829202824
83_20240828 02,2583.609132664931
83_20240828 03,2579.627144614654
83_20240828 04,2564.412353299036
83_20240828 05,2563.4853841482272
83_20240828 06,2568.3653484591387
83_20240828 07,2601.4461311860296
83_20240828 08,2938.781823422367
83_20240828 09,3206.4526322709307
83_20240828 10,3173.5574513928686
83_20240828 11,3181.10143038923
83_20240828 12,3178.9071118565817
83_20240828 13,3116.7158212873182
83_20240828 14,3136.0506260098464
83_20240828 15,3220.0376076080306
83_20240828 16,3222.242853104374
83_20240828 17,3216.6451159523504
83_20240828 18,3134.551557032635
83_20240828 19,3020.662870891912
83_20240828 20,2815.7257459594193
83_20240828 21,2657.218035253286
83_20240828 22,2535.4968233340505
83_20240828 23,2490.587460754783
83_20240829 00,2496.8878176395992
83_20240829 01,2464.9991689838857
83_20240829 02,2447.2722545725346
83_20240829 03,2426.944487182613
83_20240829 04,2420.272734641755
83_20240829 05,2421.1874215871735
83_20240829 06,2416.648631382908
83_20240829 07,2453.909142705621
83_20240829 08,2904.008725149758
83_20240829 09,3145.0992104961388
83_20240829 10,3133.1564061369895
83_20240829 11,3124.3980417945027
83_20240829 12,3143.242050152377
83_20240829 13,3122.552892096239
83_20240829 14,3135.565957472559
83_20240829 15,3182.923321978963
83_20240829 16,3203.3089352004563
83_20240829 17,3196.487672770015
83_20240829 18,3114.1380033207433
83_20240829 19,3012.8452690737186
83_20240829 20,2795.1348576936325
83_20240829 21,2656.9260890509686
83_20240829 22,2542.872683478217
83_20240829 23,2485.1783998095216
83_20240830 00,2485.133938340569
83_20240830 01,2455.736869786831
83_20240830 02,2444.1138641029593
83_20240830 03,2435.108602409663
83_20240830 04,2452.5153064659544
83_20240830 05,2421.259534954057
83_20240830 06,2421.331590297749
83_20240830 07,2462.467465934392
83_20240830 08,2893.9653610962505
83_20240830 09,3099.795925304061
83_20240830 10,3086.250781540067
83_20240830 11,3078.4423608553266
83_20240830 12,3074.7209154259667
83_20240830 13,3067.2195156404996
83_20240830 14,3068.1704438744123
83_20240830 15,3081.7262766779995
83_20240830 16,3114.255921928557
83_20240830 17,3128.569295012778
83_20240830 18,3012.721829502181
83_20240830 19,2906.9824156132922
83_20240830 20,2722.8006949115097
83_20240830 21,2617.8231163464916
83_20240830 22,2489.723543369887
83_20240830 23,2423.3968629447218
83_20240831 00,2411.1524615602766
83_20240831 01,2400.7305719317746
83_20240831 02,2384.2672934362495
83_20240831 03,2386.7533336033166
83_20240831 04,2368.756776539536
83_20240831 05,2361.171540561335
83_20240831 06,2360.710505514925
83_20240831 07,2356.934838931256
83_20240831 08,2484.6381776850885
83_20240831 09,2510.6757371433537
83_20240831 10,2488.9561248513746
83_20240831 11,2470.8428571515105
83_20240831 12,2508.6040141526028
83_20240831 13,2506.4506184581423
83_20240831 14,2503.0224171384416
83_20240831 15,2582.2221983056293
83_20240831 16,2623.083222664175
83_20240831 17,2626.028640045442
83_20240831 18,2620.178250447656
83_20240831 19,2609.144776630479
83_20240831 20,2588.937562990613
83_20240831 21,2539.041330103539
83_20240831 22,2470.7920816495625
83_20240831 23,2447.125526303991
84_20240825 00,1296.1630022664417
84_20240825 01,1241.8351047026204
84_20240825 02,1235.9237442289996
84_20240825 03,1218.5966277428533
84_20240825 04,1247.6869263242038
84_20240825 05,1376.513155479052
84_20240825 06,1471.832171625154
84_20240825 07,1593.7626726344429
84_20240825 08,1693.9365182759525
84_20240825 09,1964.4609956472398
84_20240825 10,2141.2851801587385
84_20240825 11,2348.670516269429
84_20240825 12,2303.5706723553585
84_20240825 13,2372.3225000984758
84_20240825 14,2300.528819836866
84_20240825 15,2391.6913148509266
84_20240825 16,2345.4528470165124
84_20240825 17,2370.3563325600217
84_20240825 18,2189.0422514158377
84_20240825 19,2159.0478633984217
84_20240825 20,1930.2211693262439
84_20240825 21,1787.286021048505
84_20240825 22,1630.7561156056072
84_20240825 23,1461.8773483690934
84_20240826 00,1286.0544275643188
84_20240826 01,1255.270391642268
84_20240826 02,1252.6801093899292
84_20240826 03,1240.1497547199235
84_20240826 04,1243.9953369482737
84_20240826 05,1374.4852321054866
84_20240826 06,1443.4510827901277
84_20240826 07,1521.7543096685367
84_20240826 08,1678.8729349890789
84_20240826 09,1841.4815787885377
84_20240826 10,2119.871467061296
84_20240826 11,2287.0203103401946
84_20240826 12,2210.6378615742206
84_20240826 13,2290.6178346314455
84_20240826 14,2239.610987161319
84_20240826 15,2374.797278440892
84_20240826 16,2318.128763402396
84_20240826 17,2299.9024804993846
84_20240826 18,2174.544919363623
84_20240826 19,2053.433616223168
84_20240826 20,1829.3428937682215
84_20240826 21,1740.8244909485936
84_20240826 22,1574.9621878487928
84_20240826 23,1457.7112357031401
84_20240827 00,1373.824834914553
84_20240827 01,1318.6240621218033
84_20240827 02,1292.0944360037856
84_20240827 03,1278.4494401817878
84_20240827 04,1295.4672640242302
84_20240827 05,1392.9451620677332
84_20240827 06,1446.5535605480495
84_20240827 07,1487.3652602563411
84_20240827 08,1640.3544085859337
84_20240827 09,1792.1170828697857
84_20240827 10,1906.2467877585805
84_20240827 11,2068.883966317433
84_20240827 12,2003.7871600006015
84_20240827 13,2032.4291641843065
84_20240827 14,1993.899080143078
84_20240827 15,2131.096325517723
84_20240827 16,2254.7300616735806
84_20240827 17,2128.2015774600354
84_20240827 18,2039.008272718284
84_20240827 19,1926.183742188521
84_20240827 20,1741.2887483057075
84_20240827 21,1634.7926810904667
84_20240827 22,1485.444915511146
84_20240827 23,1371.1685989841476
84_20240828 00,1256.0491526470596
84_20240828 01,1255.330090689115
84_20240828 02,1283.4164206254811
84_20240828 03,1270.433781624973
84_20240828 04,1286.9361252235994
84_20240828 05,1389.2481769759702
84_20240828 06,1410.8606520802555
84_20240828 07,1454.5137930679202
84_20240828 08,1616.639698962074
84_20240828 09,1780.9202554831072
84_20240828 10,1925.1495830207755
84_20240828 11,2056.203214318117
84_20240828 12,2147.612484488524
84_20240828 13,2290.3050472093105
84_20240828 14,2226.508776017012
84_20240828 15,2328.1155442136096
84_20240828 16,2268.302625947327
84_20240828 17,2149.77068049882
84_20240828 18,2120.7294958967027
84_20240828 19,1977.6207183950773
84_20240828 20,1741.800211953466
84_20240828 21,1667.4847042951978
84_20240828 22,1518.5058144988768
84_20240828 23,1399.585417522592
84_20240829 00,1220.4400073895342
84_20240829 01,1140.5849480993982
84_20240829 02,1096.830283608952
84_20240829 03,1084.9012770398406
84_20240829 04,1093.6989904598076
84_20240829 05,1278.1532358360446
84_20240829 06,1384.5918885348306
84_20240829 07,1447.9602744845447
84_20240829 08,1579.954001621888
84_20240829 09,1758.6920210662688
84_20240829 10,1902.5909031785923
84_20240829 11,2056.653045586306
84_20240829 12,2192.47755850053
84_20240829 13,2277.0664670091933
84_20240829 14,2059.6913567237775
84_20240829 15,2164.953524034836
84_20240829 16,2116.4804071838707
84_20240829 17,2362.9703275774473
84_20240829 18,2007.1037741084713
84_20240829 19,1967.1683652199977
84_20240829 20,1787.3996204662474
84_20240829 21,1667.6598273183095
84_20240829 22,1529.4337749183205
84_20240829 23,1368.5146312379484
84_20240830 00,1234.7434495336902
84_20240830 01,1174.2290689713454
84_20240830 02,1160.7024664759424
84_20240830 03,1140.3865337100349
84_20240830 04,1151.9383226074417
84_20240830 05,1282.0558299388913
84_20240830 06,1404.8336796505923
84_20240830 07,1457.1352318867962
84_20240830 08,1595.421805245585
84_20240830 09,1798.9920341194666
84_20240830 10,1946.5156047449182
84_20240830 11,2089.2717383717954
84_20240830 12,2081.0418517810194
84_20240830 13,2289.725237498568
84_20240830 14,2086.430693475166
84_20240830 15,2199.7658090430214
84_20240830 16,2062.3349911677906
84_20240830 17,2171.4866186982445
84_20240830 18,2029.0182662585971
84_20240830 19,1960.1397201573902
84_20240830 20,1803.7503968907088
84_20240830 21,1635.4144164386921
84_20240830 22,1499.9204023520915
84_20240830 23,1361.823710277587
84_20240831 00,1169.7930105961873
84_20240831 01,1115.4481639927383
84_20240831 02,1106.53197424753
84_20240831 03,1092.611568953159
84_20240831 04,1118.891549709776
84_20240831 05,1255.4589945992575
84_20240831 06,1377.017118637957
84_20240831 07,1403.36592483393
84_20240831 08,1598.9378647677672
84_20240831 09,1767.0918944642376
84_20240831 10,1967.2097759134285
84_20240831 11,2330.02635956751
84_20240831 12,2268.5323647620035
84_20240831 13,2385.66994186776
84_20240831 14,2350.5888752832225
84_20240831 15,2250.548722265598
84_20240831 16,2138.71659266994
84_20240831 17,2176.952491985113
84_20240831 18,2086.9131872813277
84_20240831 19,2077.188224624333
84_20240831 20,1860.0292749525768
84_20240831 21,1715.3318143751949
84_20240831 22,1491.4703941759467
84_20240831 23,1363.1972814346468
85_20240825 00,22.783492562122927
85_20240825 01,18.21847916341646
85_20240825 02,15.40859712311265
85_20240825 03,14.35557841512325
85_20240825 04,14.61720792190728
85_20240825 05,13.79641094553584
85_20240825 06,11.96225506514065
85_20240825 07,18.42095241670189
85_20240825 08,27.61622570835155
85_20240825 09,36.74233406059905
85_20240825 10,36.60600784861536
85_20240825 11,34.437036036412294
85_20240825 12,32.26649786144862
85_20240825 13,29.14467394514574
85_20240825 14,28.291652406695462
85_20240825 15,29.193531665053023
85_20240825 16,29.872196436699987
85_20240825 17,33.21403409912174
85_20240825 18,36.150786209871455
85_20240825 19,41.23832318051471
85_20240825 20,47.32922587968074
85_20240825 21,45.59219595612011
85_20240825 22,38.026883395313604
85_20240825 23,30.316391668944693
85_20240826 00,21.30777148202561
85_20240826 01,17.14893758630912
85_20240826 02,15.678963847250383
85_20240826 03,14.389819510702642
85_20240826 04,14.781036522401438
85_20240826 05,14.947594237339924
85_20240826 06,18.10839226519076
85_20240826 07,31.51220391948282
85_20240826 08,32.96941745976997
85_20240826 09,31.12160881113524
85_20240826 10,24.389202346072704
85_20240826 11,24.737939472521422
85_20240826 12,21.99038512215006
85_20240826 13,20.23756557901811
85_20240826 14,18.148563982541205
85_20240826 15,17.616958106933318
85_20240826 16,20.56614671208843
85_20240826 17,29.101369404991015
85_20240826 18,34.871576710296395
85_20240826 19,41.33196922453071
85_20240826 20,47.912359165628935
85_20240826 21,45.90136114243135
85_20240826 22,37.974722432001485
85_20240826 23,29.665514523472645
85_20240827 00,21.42503956698734
85_20240827 01,16.741172714230846
85_20240827 02,15.060046092851358
85_20240827 03,14.038269478659968
85_20240827 04,14.006022945234259
85_20240827 05,14.182348968657763
85_20240827 06,16.137194449133013
85_20240827 07,30.00950863675199
85_20240827 08,31.542304417101292
85_20240827 09,27.645924166795083
85_20240827 10,23.358386296515395
85_20240827 11,21.913091126851853
85_20240827 12,20.15690896373361
85_20240827 13,18.679150664229596
85_20240827 14,17.866320618163083
85_20240827 15,17.698040077716662
85_20240827 16,19.584877939569047
85_20240827 17,26.794908289617783
85_20240827 18,33.83850867847491
85_20240827 19,39.67978307644269
85_20240827 20,47.812220245498565
85_20240827 21,45.3291573565023
85_20240827 22,38.02921373638536
85_20240827 23,30.229576164357976
85_20240828 00,21.453460132190322
85_20240828 01,17.163305696651754
85_20240828 02,15.611148089180364
85_20240828 03,14.941268504453925
85_20240828 04,14.356262949024687
85_20240828 05,14.197520160295214
85_20240828 06,15.884001015431744
85_20240828 07,29.446399351307168
85_20240828 08,31.59820370720606
85_20240828 09,29.310602720667198
85_20240828 10,22.381642801414078
85_20240828 11,22.304622466282733
85_20240828 12,20.61822460750215
85_20240828 13,19.480601775436778
85_20240828 14,18.401221331394563
85_20240828 15,17.85388885538177
85_20240828 16,19.3593489953375
85_20240828 17,26.545563889428443
85_20240828 18,34.228801851684715
85_20240828 19,39.944318260911515
85_20240828 20,47.805666868889325
85_20240828 21,45.62730906638418
85_20240828 22,38.066307495528775
85_20240828 23,29.95405860495306
85_20240829 00,21.87224164500357
85_20240829 01,17.08877951562627
85_20240829 02,15.154491250181469
85_20240829 03,14.620099854495265
85_20240829 04,14.924189211358552
85_20240829 05,14.68838327200307
85_20240829 06,16.09655539486575
85_20240829 07,31.07196799363389
85_20240829 08,32.01524429351114
85_20240829 09,30.872885006199162
85_20240829 10,27.712705424749466
85_20240829 11,23.012788813969543
85_20240829 12,21.251122620081816
85_20240829 13,19.680934154199413
85_20240829 14,18.10531532741863
85_20240829 15,18.076350772949553
85_20240829 16,21.241245280579236
85_20240829 17,26.78283996433526
85_20240829 18,33.3959058859454
85_20240829 19,39.88828497956187
85_20240829 20,46.72559509917744
85_20240829 21,45.118990826179534
85_20240829 22,37.449323705342366
85_20240829 23,28.70755739577364
85_20240830 00,21.48941245590818
85_20240830 01,17.905982554088347
85_20240830 02,15.577140265909387
85_20240830 03,14.54193553022354
85_20240830 04,14.375369105268348
85_20240830 05,14.21366370371771
85_20240830 06,15.721187239964161
85_20240830 07,30.53609956226027
85_20240830 08,32.68995016104382
85_20240830 09,30.888794912774422
85_20240830 10,26.89771146499823
85_20240830 11,23.782801142269182
85_20240830 12,20.73116827742753
85_20240830 13,19.59201854913088
85_20240830 14,18.38129896089867
85_20240830 15,18.3916252652931
85_20240830 16,20.164183937841187
85_20240830 17,27.42475737560548
85_20240830 18,31.790724167801457
85_20240830 19,37.25250143616522
85_20240830 20,43.21132295389455
85_20240830 21,40.92889270710211
85_20240830 22,37.777569206679075
85_20240830 23,30.260429954660996
85_20240831 00,23.08693081133471
85_20240831 01,18.293607213757316
85_20240831 02,15.720037674525605
85_20240831 03,14.45006039427067
85_20240831 04,14.280766178318755
85_20240831 05,13.610127365622835
85_20240831 06,13.456098668232991
85_20240831 07,20.227666933375495
85_20240831 08,31.166648091683307
85_20240831 09,36.88894870736793
85_20240831 10,36.335430669111176
85_20240831 11,33.98464873821547
85_20240831 12,30.560190320297593
85_20240831 13,28.368745612266714
85_20240831 14,26.42277481809655
85_20240831 15,26.1095823008227
85_20240831 16,29.74082726569236
85_20240831 17,29.92432508878744
85_20240831 18,30.88291788026259
85_20240831 19,35.93933918429898
85_20240831 20,39.98703459721909
85_20240831 21,38.682878932474495
85_20240831 22,36.54337218179593
85_20240831 23,30.402031858366335
86_20240825 00,677.8269905497953
86_20240825 01,643.2325163479953
86_20240825 02,630.8428480428872
86_20240825 03,618.8291287898284
86_20240825 04,617.6742738268908
86_20240825 05,612.3642396657608
86_20240825 06,652.7710942272532
86_20240825 07,775.7468156972016
86_20240825 08,1130.0635475446923
86_20240825 09,1122.2177699817798
86_20240825 10,1200.3939291044035
86_20240825 11,1272.1296063630684
86_20240825 12,1295.0968097321434
86_20240825 13,1351.8173814948977
86_20240825 14,1386.6024466772233
86_20240825 15,1394.644278154076
86_20240825 16,1436.1913796760691
86_20240825 17,1450.3936448721975
86_20240825 18,1425.1712446258252
86_20240825 19,1336.3897444795793
86_20240825 20,1155.6733174024284
86_20240825 21,1074.1645859825703
86_20240825 22,848.1328724727773
86_20240825 23,710.8289172836526
86_20240826 00,663.4122258586722
86_20240826 01,643.4582937024852
86_20240826 02,630.2637218313944
86_20240826 03,619.6798356608514
86_20240826 04,621.8088302859385
86_20240826 05,638.286357435551
86_20240826 06,712.9098381282075
86_20240826 07,1426.4420605356026
86_20240826 08,2257.1498418059937
86_20240826 09,2826.2335905748514
86_20240826 10,3104.431364974734
86_20240826 11,3139.1405899495567
86_20240826 12,3133.2347056308167
86_20240826 13,3137.8416455877586
86_20240826 14,3139.5543734960766
86_20240826 15,3018.9537220693805
86_20240826 16,2968.480734116513
86_20240826 17,2857.7372817728606
86_20240826 18,2544.660314220984
86_20240826 19,2094.8726494417147
86_20240826 20,1691.2105233189163
86_20240826 21,1378.5276082539744
86_20240826 22,1072.219320560586
86_20240826 23,825.0987458538707
86_20240827 00,728.1290640770566
86_20240827 01,686.2599941930507
86_20240827 02,662.9027096547081
86_20240827 03,643.7520223123845
86_20240827 04,643.1671289289588
86_20240827 05,652.786397352205
86_20240827 06,688.0418662882371
86_20240827 07,1337.2667418000422
86_20240827 08,2142.210440550144
86_20240827 09,2809.03927615876
86_20240827 10,3028.201997954287
86_20240827 11,3079.3093369740077
86_20240827 12,3090.7264202855968
86_20240827 13,3103.4879432857497
86_20240827 14,3083.5029227293808
86_20240827 15,2994.649640312011
86_20240827 16,2917.408356043467
86_20240827 17,2760.908171043325
86_20240827 18,2460.498686419215
86_20240827 19,2028.5198424733317
86_20240827 20,1595.1791694688727
86_20240827 21,1313.806167284526
86_20240827 22,996.4418136772938
86_20240827 23,799.4758267169123
86_20240828 00,710.4328874729415
86_20240828 01,677.6762618858108
86_20240828 02,650.206903188074
86_20240828 03,630.8205575364705
86_20240828 04,627.4459158163106
86_20240828 05,639.2717964573909
86_20240828 06,692.4758980549741
86_20240828 07,1269.8815310408957
86_20240828 08,2175.6168867762362
86_20240828 09,2803.8757476674105
86_20240828 10,3065.4397610299807
86_20240828 11,3103.694429374275
86_20240828 12,3100.950963393577
86_20240828 13,3114.4215000154622
86_20240828 14,3095.2047454118624
86_20240828 15,2983.5966903480075
86_20240828 16,2931.966471085114
86_20240828 17,2775.138176333643
86_20240828 18,2481.861846092239
86_20240828 19,2104.799514424745
86_20240828 20,1716.8520153167185
86_20240828 21,1368.0062167181295
86_20240828 22,1055.9911248639855
86_20240828 23,818.7830721344903
86_20240829 00,716.4572290056476
86_20240829 01,666.4640214870706
86_20240829 02,638.4515483466373
86_20240829 03,622.4831703765162
86_20240829 04,625.8606357131936
86_20240829 05,639.9577249091749
86_20240829 06,693.9794651808123
86_20240829 07,1229.2315332968287
86_20240829 08,2141.4543655812085
86_20240829 09,2740.279658962853
86_20240829 10,3031.1706623787104
86_20240829 11,3095.837745992153
86_20240829 12,3089.093176315141
86_20240829 13,3094.9206064357427
86_20240829 14,3105.8986463668007
86_20240829 15,3004.9010603682764
86_20240829 16,2921.2211901430665
86_20240829 17,2756.3767529747784
86_20240829 18,2329.7511039922
86_20240829 19,2021.96205638742
86_20240829 20,1603.5769261354385
86_20240829 21,1309.264847873737
86_20240829 22,1019.483340515704
86_20240829 23,808.5770909295015
86_20240830 00,711.4603723932189
86_20240830 01,674.6400786639034
86_20240830 02,637.851084059849
86_20240830 03,622.417493511781
86_20240830 04,624.5475304561744
86_20240830 05,632.2502117127586
86_20240830 06,679.3233888026189
86_20240830 07,1239.9191844847383
86_20240830 08,2108.992148724481
86_20240830 09,2665.6586281675636
86_20240830 10,2968.397995742439
86_20240830 11,3018.6810043395108
86_20240830 12,3001.6141005287036
86_20240830 13,2992.0312967942677
86_20240830 14,2987.116989626716
86_20240830 15,2889.6069711938862
86_20240830 16,2821.359412128426
86_20240830 17,2655.876248181783
86_20240830 18,2196.4054504920123
86_20240830 19,1928.056103786117
86_20240830 20,1558.6554780934205
86_20240830 21,1296.8388573963093
86_20240830 22,1029.4018876614803
86_20240830 23,804.9568749306602
86_20240831 00,701.1339321453546
86_20240831 01,655.8346243095781
86_20240831 02,627.7746886189168
86_20240831 03,609.0631200649767
86_20240831 04,605.8581560383664
86_20240831 05,606.4124190350656
86_20240831 06,642.1740899829927
86_20240831 07,787.1237274664268
86_20240831 08,1099.6337594368988
86_20240831 09,1216.7181402284955
86_20240831 10,1313.0971176690514
86_20240831 11,1366.6551414322648
86_20240831 12,1436.3532009686328
86_20240831 13,1452.8446701421776
86_20240831 14,1452.6111544113232
86_20240831 15,1447.2844539131775
86_20240831 16,1452.2316068276468
86_20240831 17,1465.3848986538178
86_20240831 18,1463.9973454273656
86_20240831 19,1350.2630976114801
86_20240831 20,1182.5996716812344
86_20240831 21,1083.3556021274012
86_20240831 22,869.1947437940255
86_20240831 23,721.7776674984564
87_20240825 00,1312.7131335862973
87_20240825 01,1354.466463229606
87_20240825 02,1395.4546470891464
87_20240825 03,1520.5627841466824
87_20240825 04,1571.2355541132797
87_20240825 05,1529.8798842126748
87_20240825 06,1470.2601934659815
87_20240825 07,1404.03029450433
87_20240825 08,1327.604231091797
87_20240825 09,1293.445681979108
87_20240825 10,1253.9256745723847
87_20240825 11,1200.6100086958959
87_20240825 12,1133.2072897326352
87_20240825 13,1085.1560788308218
87_20240825 14,1056.2386466811172
87_20240825 15,1053.0656464502629
87_20240825 16,1035.0190861170584
87_20240825 17,1033.3558446218935
87_20240825 18,1058.954471401226
87_20240825 19,1292.5421736489877
87_20240825 20,2043.1862819020091
87_20240825 21,2715.674448622829
87_20240825 22,2957.7580309464647
87_20240825 23,2961.5126040900973
87_20240826 00,3068.949324051795
87_20240826 01,3162.5063675920173
87_20240826 02,3163.487504562513
87_20240826 03,3082.616399771024
87_20240826 04,2674.876254818737
87_20240826 05,2266.471964208832
87_20240826 06,1903.8646951407754
87_20240826 07,1785.0535079369824
87_20240826 08,1697.636027623343
87_20240826 09,1598.5704924438608
87_20240826 10,1470.9924269996086
87_20240826 11,1337.7143437526931
87_20240826 12,1262.4968116236441
87_20240826 13,1226.5194068937244
87_20240826 14,1195.7168170009083
87_20240826 15,1144.1873832041026
87_20240826 16,1110.98733159778
87_20240826 17,1106.3423504449772
87_20240826 18,1148.366819407412
87_20240826 19,1435.8280703277903
87_20240826 20,2027.4370179354355
87_20240826 21,2808.8067892383724
87_20240826 22,2963.3325405224214
87_20240826 23,2980.1743750637984
87_20240827 00,3038.6511575067134
87_20240827 01,3148.6186243207676
87_20240827 02,3157.7440686509567
87_20240827 03,3046.242236540248
87_20240827 04,2640.0734658047622
87_20240827 05,2251.3342709436024
87_20240827 06,1893.9329896638349
87_20240827 07,1760.4579101079498
87_20240827 08,1691.9842118515137
87_20240827 09,1601.8384954967144
87_20240827 10,1454.629074719308
87_20240827 11,1337.3006811603254
87_20240827 12,1269.7858296587774
87_20240827 13,1221.912373916171
87_20240827 14,1182.3070345155327
87_20240827 15,1131.8319159050263
87_20240827 16,1098.1887889936502
87_20240827 17,1094.6324890474507
87_20240827 18,1132.6875659836196
87_20240827 19,1403.891405301818
87_20240827 20,2077.3205070290787
87_20240827 21,2799.362214572646
87_20240827 22,2888.7654145197994
87_20240827 23,2857.034513217025
87_20240828 00,2865.7647212983143
87_20240828 01,3009.890709719757
87_20240828 02,2982.2077485607992
87_20240828 03,2888.3417100123143
87_20240828 04,2549.4525486650095
87_20240828 05,2169.8579891666586
87_20240828 06,1877.8992028355744
87_20240828 07,1762.1681230739587
87_20240828 08,1684.8515069716843
87_20240828 09,1595.1304370027633
87_20240828 10,1458.865004529294
87_20240828 11,1354.6636117163202
87_20240828 12,1257.5487507071982
87_20240828 13,1197.9977481038538
87_20240828 14,1167.361029004238
87_20240828 15,1098.6697004919283
87_20240828 16,1078.944073696343
87_20240828 17,1072.6832828567735
87_20240828 18,1112.669252735378
87_20240828 19,1347.826624292058
87_20240828 20,1957.7761766659671
87_20240828 21,2477.168142264293
87_20240828 22,2655.7669164929976
87_20240828 23,2706.275968515259
87_20240829 00,2794.890246252151
87_20240829 01,2867.887132961715
87_20240829 02,2931.0285475923356
87_20240829 03,2885.123555322936
87_20240829 04,2458.8994892715764
87_20240829 05,2099.5423249536752
87_20240829 06,1810.2140223174085
87_20240829 07,1751.0927231191104
87_20240829 08,1697.4679717170168
87_20240829 09,1597.1088128303195
87_20240829 10,1452.128508152069
87_20240829 11,1324.3742110297753
87_20240829 12,1247.2315822927646
87_20240829 13,1186.3103179755017
87_20240829 14,1124.4328409706477
87_20240829 15,1070.4284779126074
87_20240829 16,1060.8791670702526
87_20240829 17,1054.2947642791164
87_20240829 18,1094.2263310928229
87_20240829 19,1326.6092220249275
87_20240829 20,1867.4406498695362
87_20240829 21,2166.588387136857
87_20240829 22,2261.2366087087976
87_20240829 23,2346.797924299969
87_20240830 00,2218.811738030933
87_20240830 01,2280.0730312574697
87_20240830 02,2267.630620544893
87_20240830 03,2274.480484207234
87_20240830 04,2121.9917569606177
87_20240830 05,1960.3952712000028
87_20240830 06,1706.4308705150374
87_20240830 07,1641.8809041942084
87_20240830 08,1551.3286808394146
87_20240830 09,1458.152917186504
87_20240830 10,1371.1371216738185
87_20240830 11,1269.8223402021044
87_20240830 12,1187.014067727504
87_20240830 13,1113.0725655862075
87_20240830 14,1075.620493623172
87_20240830 15,1043.7869086080036
87_20240830 16,1026.444273699613
87_20240830 17,1029.9767487135123
87_20240830 18,1051.107335608809
87_20240830 19,1174.426749772916
87_20240830 20,1351.7536242182027
87_20240830 21,1482.9535407851172
87_20240830 22,1537.5170268119323
87_20240830 23,1557.9046627395296
87_20240831 00,1485.5202878404325
87_20240831 01,1536.8203373284439
87_20240831 02,1554.122407030477
87_20240831 03,1561.906706904288
87_20240831 04,1546.421624014439
87_20240831 05,1493.2282857728123
87_20240831 06,1407.4387471899995
87_20240831 07,1343.2804648861602
87_20240831 08,1267.4022500547603
87_20240831 09,1232.6125014299519
87_20240831 10,1190.9244527735086
87_20240831 11,1104.5528956288395
87_20240831 12,1042.0836024064156
87_20240831 13,1014.9915489332984
87_20240831 14,1003.4961172622208
87_20240831 15,993.1390332444222
87_20240831 16,989.5894038742074
87_20240831 17,989.9347038812346
87_20240831 18,1013.8926502016504
87_20240831 19,1057.3891116008424
87_20240831 20,1125.2096253206441
87_20240831 21,1218.8316502150635
87_20240831 22,1270.0515477907977
87_20240831 23,1283.5116922300863
88_20240825 00,941.4009469303289
88_20240825 01,820.4819518325385
88_20240825 02,762.101654454781
88_20240825 03,749.2820604005417
88_20240825 04,679.3054405225033
88_20240825 05,674.2126027828749
88_20240825 06,691.4516004470014
88_20240825 07,945.6108004089737
88_20240825 08,1361.9897381705844
88_20240825 09,2842.7648481710594
88_20240825 10,5143.112565546754
88_20240825 11,5698.155932986247
88_20240825 12,5808.381092989572
88_20240825 13,5962.149321619212
88_20240825 14,6026.981425355945
88_20240825 15,6000.383392770879
88_20240825 16,6003.197099869307
88_20240825 17,5811.4326366256455
88_20240825 18,5555.955106530624
88_20240825 19,5223.770424577575
88_20240825 20,4748.507873010283
88_20240825 21,2209.255763542762
88_20240825 22,1256.4639061694884
88_20240825 23,1057.959412799866
88_20240826 00,878.9911590654553
88_20240826 01,792.7131128994157
88_20240826 02,771.8773120274736
88_20240826 03,763.3402384836054
88_20240826 04,739.4637481715101
88_20240826 05,720.9820891651352
88_20240826 06,722.8144244286729
88_20240826 07,918.815210762513
88_20240826 08,1328.5148236313332
88_20240826 09,2531.626148129778
88_20240826 10,4801.413277358406
88_20240826 11,5297.321079367786
88_20240826 12,5305.626179505001
88_20240826 13,5322.2121573435525
88_20240826 14,5247.14639867516
88_20240826 15,5115.969953136719
88_20240826 16,4992.517544684166
88_20240826 17,4968.987472382861
88_20240826 18,4920.0529313510015
88_20240826 19,4793.617576442128
88_20240826 20,4478.64136861702
88_20240826 21,2062.0644406855126
88_20240826 22,1209.8426507392455
88_20240826 23,1032.2947436494992
88_20240827 00,851.1092731957649
88_20240827 01,779.4893613532172
88_20240827 02,755.4816032901106
88_20240827 03,761.2184337613803
88_20240827 04,692.1838531059393
88_20240827 05,686.7029719972987
88_20240827 06,717.4751310932973
88_20240827 07,933.812288775263
88_20240827 08,1317.3400365253128
88_20240827 09,2553.1832429711512
88_20240827 10,4670.749894890179
88_20240827 11,5009.417628976595
88_20240827 12,5047.425649484264
88_20240827 13,5263.492760233947
88_20240827 14,5159.902036061951
88_20240827 15,5088.137587189114
88_20240827 16,4804.393708825593
88_20240827 17,4739.402716462489
88_20240827 18,4636.790513560993
88_20240827 19,4597.089009301584
88_20240827 20,4275.382956623696
88_20240827 21,2063.367651612284
88_20240827 22,1208.2352062867478
88_20240827 23,1009.4127536269127
88_20240828 00,857.9937486986887
88_20240828 01,776.8597091108156
88_20240828 02,753.5178413996525
88_20240828 03,756.0936095547937
88_20240828 04,701.3150690576092
88_20240828 05,676.4852880694934
88_20240828 06,705.0344404765016
88_20240828 07,937.9499246445239
88_20240828 08,1389.2154518441455
88_20240828 09,2747.6180753448452
88_20240828 10,4752.140293029601
88_20240828 11,5066.970623279332
88_20240828 12,5290.648675753192
88_20240828 13,5130.83181148075
88_20240828 14,5214.261741157891
88_20240828 15,5204.576620586167
88_20240828 16,5092.289546474587
88_20240828 17,4818.539636111005
88_20240828 18,4683.000523858817
88_20240828 19,4622.630894060213
88_20240828 20,4425.064128382532
88_20240828 21,2261.1360390581463
88_20240828 22,1278.4728171636684
88_20240828 23,1050.9743121999866
88_20240829 00,880.7225185035918
88_20240829 01,817.7813345711467
88_20240829 02,804.2478516370843
88_20240829 03,758.8505024466199
88_20240829 04,681.0140789209144
88_20240829 05,678.3217255833322
88_20240829 06,696.8162516210706
88_20240829 07,973.6221354140869
88_20240829 08,1376.0525952626688
88_20240829 09,2752.4258897591544
88_20240829 10,4741.061553665633
88_20240829 11,5300.380386489388
88_20240829 12,5431.875586804579
88_20240829 13,5338.499949692221
88_20240829 14,5245.951908642145
88_20240829 15,5269.001212931659
88_20240829 16,5126.917537712198
88_20240829 17,4739.888869798959
88_20240829 18,4663.578919566678
88_20240829 19,4639.28471576978
88_20240829 20,4325.644710488959
88_20240829 21,2190.5860991915256
88_20240829 22,1275.1649363264607
88_20240829 23,1052.201126349476
88_20240830 00,884.6824029688112
88_20240830 01,774.5503510612436
88_20240830 02,763.5561411839865
88_20240830 03,767.9851551674934
88_20240830 04,716.5127760006158
88_20240830 05,669.0130215896731
88_20240830 06,703.9132746724658
88_20240830 07,959.1169427472387
88_20240830 08,1387.8815626754258
88_20240830 09,2730.1989880580695
88_20240830 10,4646.207561782068
88_20240830 11,5219.228872094024
88_20240830 12,5343.909463403079
88_20240830 13,5355.859785787012
88_20240830 14,5247.213801965512
88_20240830 15,5193.646908202404
88_20240830 16,5087.676742244055
88_20240830 17,5089.851915233118
88_20240830 18,4952.724511869307
88_20240830 19,4750.741091707332
88_20240830 20,4426.799816398923
88_20240830 21,2253.0936363977253
88_20240830 22,1300.6363552341527
88_20240830 23,1085.1978365967516
88_20240831 00,941.2280231538161
88_20240831 01,818.2901549888993
88_20240831 02,778.4002344893081
88_20240831 03,773.2268902136116
88_20240831 04,719.0214033466309
88_20240831 05,725.5061656717666
88_20240831 06,777.1230580784539
88_20240831 07,1060.9945549453282
88_20240831 08,1624.138182706112
88_20240831 09,2773.594572123691
88_20240831 10,5013.556929570023
88_20240831 11,5505.143562077882
88_20240831 12,5626.521684357398
88_20240831 13,5894.354677304029
88_20240831 14,5914.405827788586
88_20240831 15,6080.821103539487
88_20240831 16,6072.916097685424
88_20240831 17,5851.598012115761
88_20240831 18,5530.849233105264
88_20240831 19,5152.723606117901
88_20240831 20,4493.309107228628
88_20240831 21,2288.741294677805
88_20240831 22,1293.276908586559
88_20240831 23,1082.5044913022903
89_20240825 00,8959.91664611163
89_20240825 01,8464.742500154844
89_20240825 02,7817.752111476398
89_20240825 03,7534.740999323535
89_20240825 04,7447.529645598378
89_20240825 05,7466.495674977232
89_20240825 06,7492.8582243473675
89_20240825 07,7721.81601436052
89_20240825 08,7968.332903979044
89_20240825 09,8274.708138385564
89_20240825 10,8521.98503679453
89_20240825 11,8492.659754453825
89_20240825 12,8475.06641835058
89_20240825 13,8486.620154855904
89_20240825 14,8565.553147057828
89_20240825 15,8560.270158619556
89_20240825 16,8573.6768238011
89_20240825 17,8627.574859228305
89_20240825 18,8688.262929804245
89_20240825 19,8761.806540486039
89_20240825 20,8809.076033917936
89_20240825 21,8779.052596292691
89_20240825 22,8786.234186390919
89_20240825 23,9293.801794158184
89_20240826 00,8813.257747590185
89_20240826 01,8384.685240132207
89_20240826 02,7758.681316948
89_20240826 03,7560.027521660746
89_20240826 04,7474.611745648124
89_20240826 05,7543.2472511570395
89_20240826 06,7573.096983408821
89_20240826 07,7720.846517650233
89_20240826 08,7956.509985610655
89_20240826 09,8253.50801381221
89_20240826 10,8475.527781750709
89_20240826 11,8469.629765432615
89_20240826 12,8453.316881382041
89_20240826 13,8463.37538609653
89_20240826 14,8483.462144441748
89_20240826 15,8490.761534831618
89_20240826 16,8498.332999712648
89_20240826 17,8550.036514215208
89_20240826 18,8605.555524019153
89_20240826 19,8638.391406360368
89_20240826 20,8688.714896750385
89_20240826 21,8668.655317124945
89_20240826 22,8661.506564966608
89_20240826 23,9036.434192552002
89_20240827 00,8819.614427365912
89_20240827 01,8182.090894960571
89_20240827 02,7623.438985971488
89_20240827 03,7630.455602443943
89_20240827 04,7587.591357053023
89_20240827 05,7628.1069559349235
89_20240827 06,7552.565971915925
89_20240827 07,7667.96529339705
89_20240827 08,7953.884708215412
89_20240827 09,8235.520568491705
89_20240827 10,8454.311241722038
89_20240827 11,8462.263010484057
89_20240827 12,8453.017646148372
89_20240827 13,8472.086598537815
89_20240827 14,8488.194326628123
89_20240827 15,8499.764421708289
89_20240827 16,8513.709549734478
89_20240827 17,8541.42014879737
89_20240827 18,8590.347883712453
89_20240827 19,8623.264017140396
89_20240827 20,8638.597749558257
89_20240827 21,8544.871738259022
89_20240827 22,8610.218380763294
89_20240827 23,9042.386193570463
89_20240828 00,8501.9410579022
89_20240828 01,8025.760688182669
89_20240828 02,7707.628715645242
89_20240828 03,7644.357371362535
89_20240828 04,7580.694017538897
89_20240828 05,7632.503255637482
89_20240828 06,7591.194784602437
89_20240828 07,7653.2095071964195
89_20240828 08,7764.455797860093
89_20240828 09,8189.654982533201
89_20240828 10,8458.931950568045
89_20240828 11,8453.435830348262
89_20240828 12,8420.236858905191
89_20240828 13,8439.181182059798
89_20240828 14,8453.868179214402
89_20240828 15,8468.175446213718
89_20240828 16,8471.693382566722
89_20240828 17,8540.428008160085
89_20240828 18,8571.480586508711
89_20240828 19,8595.598288930163
89_20240828 20,8591.939506872186
89_20240828 21,8560.069697390714
89_20240828 22,8628.62622145958
89_20240828 23,9106.050251602977
89_20240829 00,8477.006153526496
89_20240829 01,8104.268391647404
89_20240829 02,7737.797962268678
89_20240829 03,7590.6454919445505
89_20240829 04,7465.102158947704
89_20240829 05,7566.51402626921
89_20240829 06,7581.857591742623
89_20240829 07,7626.047205656039
89_20240829 08,7706.489224555116
89_20240829 09,8169.266255709968
89_20240829 10,8427.64218353237
89_20240829 11,8437.659274683676
89_20240829 12,8449.699486579917
89_20240829 13,8464.984370075972
89_20240829 14,8506.044149027339
89_20240829 15,8505.360377273097
89_20240829 16,8509.336019769009
89_20240829 17,8540.372310211951
89_20240829 18,8603.846954165236
89_20240829 19,8628.852921161275
89_20240829 20,8639.491155755819
89_20240829 21,8639.91610560602
89_20240829 22,8725.198702103578
89_20240829 23,9021.33038449808
89_20240830 00,8715.612141911546
89_20240830 01,8030.135955136281
89_20240830 02,7683.167856111066
89_20240830 03,7599.413979655732
89_20240830 04,7495.438307731603
89_20240830 05,7570.651770399538
89_20240830 06,7561.969474873497
89_20240830 07,7588.277357132911
89_20240830 08,7586.337073908135
89_20240830 09,8101.611743374996
89_20240830 10,8413.219130478787
89_20240830 11,8440.298751420383
89_20240830 12,8389.603609077618
89_20240830 13,8123.024407972024
89_20240830 14,8099.355777918116
89_20240830 15,8118.620771850345
89_20240830 16,8144.048994771435
89_20240830 17,8217.492215683367
89_20240830 18,8298.351923703758
89_20240830 19,8358.566000370303
89_20240830 20,8357.415072454134
89_20240830 21,8362.91981353132
89_20240830 22,8413.352389691127
89_20240830 23,8488.779808195017
89_20240831 00,8096.470141794668
89_20240831 01,7796.078394790862
89_20240831 02,7430.582543770208
89_20240831 03,7317.307949316875
89_20240831 04,7232.668449038836
89_20240831 05,7358.14503964609
89_20240831 06,7470.090208068598
89_20240831 07,7467.469152813339
89_20240831 08,7037.273712670218
89_20240831 09,7187.310837717379
89_20240831 10,7693.032809500217
89_20240831 11,7943.614000878699
89_20240831 12,8056.308357558939
89_20240831 13,8083.699704573937
89_20240831 14,8148.700154521289
89_20240831 15,8141.631621852934
89_20240831 16,8181.493397077424
89_20240831 17,8271.358451434378
89_20240831 18,8323.555323992165
89_20240831 19,8337.733108030898
89_20240831 20,8393.476233713935
89_20240831 21,8341.639521859077
89_20240831 22,8568.637141388324
89_20240831 23,8462.822578227186
90_20240825 00,1884.017422906318
90_20240825 01,1882.4060744239625
90_20240825 02,1873.8280254994802
90_20240825 03,1887.8057527859166
90_20240825 04,1891.4548187772782
90_20240825 05,1924.6894442771645
90_20240825 06,1997.1305870416927
90_20240825 07,2059.8441171913155
90_20240825 08,2115.7933070149898
90_20240825 09,2193.6325355016797
90_20240825 10,2188.774013063112
90_20240825 11,2184.42234410395
90_20240825 12,2174.3789787869264
90_20240825 13,2115.958326953023
90_20240825 14,2149.4008188841835
90_20240825 15,2162.9477857943407
90_20240825 16,2216.9565863934085
90_20240825 17,2194.319756980841
90_20240825 18,2144.2957388880354
90_20240825 19,2126.754754395362
90_20240825 20,2079.110108552576
90_20240825 21,1974.5043274527238
90_20240825 22,1915.4293203299092
90_20240825 23,1899.0524734252322
90_20240826 00,1905.1315619882998
90_20240826 01,1874.1740543303556
90_20240826 02,1862.1863620584522
90_20240826 03,1875.5152043251865
90_20240826 04,1880.816213759304
90_20240826 05,1978.1081943216823
90_20240826 06,2118.9980349097277
90_20240826 07,2661.519481280039
90_20240826 08,3073.35141066818
90_20240826 09,3218.7032987018965
90_20240826 10,3236.001637881837
90_20240826 11,3214.9649520692847
90_20240826 12,3137.97004305643
90_20240826 13,3157.9268199403095
90_20240826 14,3181.8332971381237
90_20240826 15,3177.349341661908
90_20240826 16,3104.9224011662945
90_20240826 17,2833.21835843307
90_20240826 18,2376.2168035117334
90_20240826 19,2121.354970301072
90_20240826 20,2118.0439304649035
90_20240826 21,2047.9135033592913
90_20240826 22,1929.085297190185
90_20240826 23,1890.2800963880911
90_20240827 00,1881.7758992344152
90_20240827 01,1870.9984448929324
90_20240827 02,1862.5373627052004
90_20240827 03,1869.4302432646905
90_20240827 04,1869.6795614171883
90_20240827 05,1970.484902869842
90_20240827 06,2130.860177717932
90_20240827 07,2625.3146570830686
90_20240827 08,3088.072765452555
90_20240827 09,3205.596554268641
90_20240827 10,3199.380583923945
90_20240827 11,3159.009430141195
90_20240827 12,3091.694023937791
90_20240827 13,3114.15128853198
90_20240827 14,3147.7585302074795
90_20240827 15,3143.7549938082566
90_20240827 16,3100.4611898288417
90_20240827 17,2832.603282577874
90_20240827 18,2402.9549538606902
90_20240827 19,2163.7741719010983
90_20240827 20,2107.800865334337
90_20240827 21,2016.2443679948676
90_20240827 22,1958.8621357033605
90_20240827 23,1912.062111136128
90_20240828 00,1887.6483460792986
90_20240828 01,1900.8699791952135
90_20240828 02,1890.8425130021556
90_20240828 03,1888.33994198609
90_20240828 04,1884.4519184308797
90_20240828 05,1961.1122363155819
90_20240828 06,2123.334730644233
90_20240828 07,2591.0772642851307
90_20240828 08,3077.2246458742325
90_20240828 09,3207.895744275272
90_20240828 10,3211.2286454617556
90_20240828 11,3174.0172700249022
90_20240828 12,3083.257069563156
90_20240828 13,3088.5507905407817
90_20240828 14,3120.894933985765
90_20240828 15,3122.1119144155255
90_20240828 16,3066.7933466529703
90_20240828 17,2805.0591278522706
90_20240828 18,2363.628745406547
90_20240828 19,2139.196859808638
90_20240828 20,2112.6922246751474
90_20240828 21,2093.902598854722
90_20240828 22,1966.6479833961894
90_20240828 23,1901.4317599563813
90_20240829 00,1874.2781362232058
90_20240829 01,1882.8678004759342
90_20240829 02,1880.7645696926402
90_20240829 03,1879.2132179209443
90_20240829 04,1880.157434980652
90_20240829 05,1991.8057154714008
90_20240829 06,2114.0292992435807
90_20240829 07,2568.6680311235805
90_20240829 08,3061.7917900062084
90_20240829 09,3183.0257972357513
90_20240829 10,3187.90934884421
90_20240829 11,3163.049349426872
90_20240829 12,3059.830466233312
90_20240829 13,3080.7958051061078
90_20240829 14,3091.1920355832954
90_20240829 15,3109.3396859041345
90_20240829 16,3067.853158294071
90_20240829 17,2812.436453479343
90_20240829 18,2411.6820425497026
90_20240829 19,2189.9571995254555
90_20240829 20,2129.602793933434
90_20240829 21,2047.8112184407887
90_20240829 22,1961.4050571504947
90_20240829 23,1911.4864226697948
90_20240830 00,1901.943999206926
90_20240830 01,1924.0607973875435
90_20240830 02,1897.4554078583142
90_20240830 03,1855.7486439064064
90_20240830 04,1859.8946186250355
90_20240830 05,1972.5808218449167
90_20240830 06,2100.2097001557063
90_20240830 07,2616.4509048678965
90_20240830 08,3032.3170397736485
90_20240830 09,3148.0129463384865
90_20240830 10,3138.1200980127214
90_20240830 11,3105.7423423926275
90_20240830 12,3050.8906706262987
90_20240830 13,3065.734131975314
90_20240830 14,3083.671742026533
90_20240830 15,3076.857446293794
90_20240830 16,3004.752702532533
90_20240830 17,2720.6688855329116
90_20240830 18,2335.329342617001
90_20240830 19,2144.314959961461
90_20240830 20,2112.5430552797748
90_20240830 21,2088.4999542427818
90_20240830 22,2007.2421958857644
90_20240830 23,1899.0034303936902
90_20240831 00,1864.1095897133644
90_20240831 01,1852.5976866653386
90_20240831 02,1836.2849489202686
90_20240831 03,1810.955161671844
90_20240831 04,1825.4928349455813
90_20240831 05,1886.8486674268297
90_20240831 06,1948.511760446337
90_20240831 07,2040.8641990524297
90_20240831 08,2183.447596068179
90_20240831 09,2302.1342722846243
90_20240831 10,2281.6208632873418
90_20240831 11,2259.810330567577
90_20240831 12,2281.2024707706905
90_20240831 13,2218.3870743407624
90_20240831 14,2189.17645537333
90_20240831 15,2180.1813579525287
90_20240831 16,2201.1505747502997
90_20240831 17,2197.424669402607
90_20240831 18,2173.481192358308
90_20240831 19,2113.9457555469776
90_20240831 20,2096.4355362502192
90_20240831 21,2026.4642733779006
90_20240831 22,1942.7780787637262
90_20240831 23,1886.3473505730567
91_20240825 00,1878.4900117931556
91_20240825 01,1662.6531273979836
91_20240825 02,1500.1631107395951
91_20240825 03,1360.4272870656541
91_20240825 04,1301.1630397617373
91_20240825 05,1282.4439750960883
91_20240825 06,1304.899852411745
91_20240825 07,1496.5585882869973
91_20240825 08,1716.2489245708018
91_20240825 09,1864.43158644311
91_20240825 10,1993.9717767927623
91_20240825 11,2069.86778383601
91_20240825 12,2143.179260124048
91_20240825 13,2177.956744409055
91_20240825 14,2223.138100191316
91_20240825 15,2198.733629196264
91_20240825 16,2198.2542609499224
91_20240825 17,2331.680813824668
91_20240825 18,2488.6142657830833
91_20240825 19,2627.13912224202
91_20240825 20,2678.6476446736706
91_20240825 21,2586.6627517772386
91_20240825 22,2431.351722810464
91_20240825 23,2169.295821815438
91_20240826 00,1811.601542350617
91_20240826 01,1603.0558564090916
91_20240826 02,1436.0842072481182
91_20240826 03,1319.3484186693408
91_20240826 04,1291.1399639163512
91_20240826 05,1282.0550046016483
91_20240826 06,1353.5257091233327
91_20240826 07,1592.5285057891638
91_20240826 08,1697.5244014088423
91_20240826 09,1667.0824294512518
91_20240826 10,1706.1908115765505
91_20240826 11,1727.4036739166745
91_20240826 12,1771.9836868360458
91_20240826 13,1788.794129802522
91_20240826 14,1816.652391584803
91_20240826 15,1795.126147554316
91_20240826 16,1924.5369707772234
91_20240826 17,2112.360311408424
91_20240826 18,2373.8287159319634
91_20240826 19,2498.0304957347994
91_20240826 20,2545.9718935906303
91_20240826 21,2424.638036685715
91_20240826 22,2214.378395195146
91_20240826 23,2025.1455054689734
91_20240827 00,1744.5543967745446
91_20240827 01,1533.7196349168485
91_20240827 02,1397.8024513297546
91_20240827 03,1296.9330740747587
91_20240827 04,1247.9374018182184
91_20240827 05,1263.7928369752096
91_20240827 06,1309.9068267774392
91_20240827 07,1532.7230568420275
91_20240827 08,1652.50901271032
91_20240827 09,1643.1897448219472
91_20240827 10,1665.1325554742057
91_20240827 11,1698.5533255672885
91_20240827 12,1765.1536221620277
91_20240827 13,1797.8188575866693
91_20240827 14,1823.695310381136
91_20240827 15,1834.3580029475197
91_20240827 16,1932.5281389326178
91_20240827 17,2107.071237290775
91_20240827 18,2364.475685251661
91_20240827 19,2655.714777912388
91_20240827 20,2631.137827802463
91_20240827 21,2567.4698458469766
91_20240827 22,2313.955524514011
91_20240827 23,2038.5499696808258
91_20240828 00,1786.419097547246
91_20240828 01,1579.6583174082687
91_20240828 02,1364.0624605180183
91_20240828 03,1257.9902117711508
91_20240828 04,1213.7427214717059
91_20240828 05,1221.7130155437626
91_20240828 06,1271.8527651602667
91_20240828 07,1485.011798356843
91_20240828 08,1596.650434490883
91_20240828 09,1649.3153966781965
91_20240828 10,1707.2647264430452
91_20240828 11,1785.41398053268
91_20240828 12,1844.7065434870287
91_20240828 13,1849.3479644831123
91_20240828 14,1843.179328102944
91_20240828 15,1868.7388634393526
91_20240828 16,1985.6817973855027
91_20240828 17,2153.9598727497937
91_20240828 18,2414.726741301722
91_20240828 19,2549.0085986477616
91_20240828 20,2562.659794455276
91_20240828 21,2510.286201882335
91_20240828 22,2326.1563181150073
91_20240828 23,2059.233878409202
91_20240829 00,1775.2805193900012
91_20240829 01,1542.5253873920533
91_20240829 02,1385.5411991559
91_20240829 03,1295.835998859884
91_20240829 04,1251.8180547731909
91_20240829 05,1251.7196041857264
91_20240829 06,1304.6503135663427
91_20240829 07,1532.7357524257031
91_20240829 08,1698.8830050089084
91_20240829 09,1689.389899706812
91_20240829 10,1733.1138511248837
91_20240829 11,1763.8448635518355
91_20240829 12,1837.7397582432204
91_20240829 13,1831.8017473115294
91_20240829 14,1844.3493067951567
91_20240829 15,1887.7309868974437
91_20240829 16,1994.2650993454122
91_20240829 17,2147.2449626466937
91_20240829 18,2426.1707907879363
91_20240829 19,2622.8947037191056
91_20240829 20,2683.4811445144715
91_20240829 21,2555.4832609904697
91_20240829 22,2430.197165600185
91_20240829 23,2096.200027865162
91_20240830 00,1798.8432654525895
91_20240830 01,1550.747785530724
91_20240830 02,1368.7792748338352
91_20240830 03,1294.797753045491
91_20240830 04,1224.9622678057578
91_20240830 05,1232.7944440027422
91_20240830 06,1291.5631035677054
91_20240830 07,1515.1562047535233
91_20240830 08,1587.6556061699953
91_20240830 09,1663.7704238958258
91_20240830 10,1670.266645946791
91_20240830 11,1733.6117196238024
91_20240830 12,1780.5976847661518
91_20240830 13,1779.786214376107
91_20240830 14,1779.487705957439
91_20240830 15,1819.9436165346365
91_20240830 16,1951.246635428948
91_20240830 17,2125.749145738428
91_20240830 18,2348.8350634026824
91_20240830 19,2486.2022944369946
91_20240830 20,2496.514691805638
91_20240830 21,2422.412255146067
91_20240830 22,2302.2695502456345
91_20240830 23,2056.9380080106475
91_20240831 00,1777.8475876657433
91_20240831 01,1544.286539447583
91_20240831 02,1340.366721763289
91_20240831 03,1266.8181254337678
91_20240831 04,1205.7376224589786
91_20240831 05,1188.579393332932
91_20240831 06,1236.9575542002394
91_20240831 07,1374.5067682242266
91_20240831 08,1564.2033579867702
91_20240831 09,1775.5631092196647
91_20240831 10,1908.8540728352632
91_20240831 11,1969.9885475875105
91_20240831 12,2006.8278710915165
91_20240831 13,2044.6109106711397
91_20240831 14,2049.790458258047
91_20240831 15,2060.69296766753
91_20240831 16,2068.509560087571
91_20240831 17,2137.6539665744485
91_20240831 18,2273.0364978225402
91_20240831 19,2318.489613831678
91_20240831 20,2376.1697264704158
91_20240831 21,2363.850267933456
91_20240831 22,2169.194589994988
91_20240831 23,2022.3783120635737
92_20240825 00,282.4396499660847
92_20240825 01,286.1817906529559
92_20240825 02,287.3094222022547
92_20240825 03,286.9476970184579
92_20240825 04,308.884860004901
92_20240825 05,509.0123533955791
92_20240825 06,532.2835176069573
92_20240825 07,739.9718165395308
92_20240825 08,797.9759282495169
92_20240825 09,819.7682964032616
92_20240825 10,813.7566814008867
92_20240825 11,811.0045680383914
92_20240825 12,848.7042449919669
92_20240825 13,810.4488619655453
92_20240825 14,834.3534205836831
92_20240825 15,796.2610806580848
92_20240825 16,664.9292976385514
92_20240825 17,524.6203008613782
92_20240825 18,312.23004824769765
92_20240825 19,283.5485833105745
92_20240825 20,289.7325839350592
92_20240825 21,289.072629786873
92_20240825 22,289.36357620609346
92_20240825 23,280.17875507164047
92_20240826 00,287.20731964586884
92_20240826 01,290.96427340046466
92_20240826 02,291.2871224889059
92_20240826 03,289.98268375974334
92_20240826 04,311.54981209439956
92_20240826 05,508.7588638358755
92_20240826 06,546.8553847015725
92_20240826 07,754.3677048664938
92_20240826 08,791.8499691535848
92_20240826 09,818.7512085830992
92_20240826 10,811.7505629217405
92_20240826 11,801.1317495261379
92_20240826 12,835.10119959096
92_20240826 13,809.7110325116541
92_20240826 14,814.8658610298321
92_20240826 15,789.9858462506547
92_20240826 16,637.4405828638887
92_20240826 17,511.9551089327248
92_20240826 18,317.783755933784
92_20240826 19,290.679401544176
92_20240826 20,300.3623748557574
92_20240826 21,296.749956799751
92_20240826 22,291.57462408328945
92_20240826 23,278.4444965072913
92_20240827 00,285.25872804214345
92_20240827 01,291.01527299666986
92_20240827 02,289.6440022360357
92_20240827 03,289.44306594267874
92_20240827 04,319.0381592237308
92_20240827 05,476.8637011991854
92_20240827 06,520.818329138103
92_20240827 07,734.6598614975728
92_20240827 08,767.8046042384171
92_20240827 09,787.715743649368
92_20240827 10,782.6501865643694
92_20240827 11,779.6773761733195
92_20240827 12,801.9967611919466
92_20240827 13,784.609279392354
92_20240827 14,778.4717608319871
92_20240827 15,765.718205925918
92_20240827 16,637.0436173999834
92_20240827 17,493.34799128018915
92_20240827 18,312.71553875107213
92_20240827 19,279.5650193353854
92_20240827 20,289.5427580879806
92_20240827 21,289.61138925242295
92_20240827 22,285.5295223559923
92_20240827 23,272.2698029950243
92_20240828 00,277.3733726937827
92_20240828 01,281.4647447395049
92_20240828 02,281.57822184515834
92_20240828 03,278.66599103076476
92_20240828 04,307.8059858744625
92_20240828 05,479.8573211959831
92_20240828 06,504.8425580904287
92_20240828 07,732.9678084142889
92_20240828 08,769.1988181992276
92_20240828 09,801.3733146281013
92_20240828 10,792.5683879966089
92_20240828 11,797.6718194698809
92_20240828 12,820.7012100008631
92_20240828 13,811.1762771536584
92_20240828 14,821.3413913890558
92_20240828 15,778.3142889864885
92_20240828 16,657.2545055543274
92_20240828 17,499.0955595060782
92_20240828 18,314.7847649933433
92_20240828 19,288.3234257534412
92_20240828 20,292.7219315622362
92_20240828 21,290.1755440697273
92_20240828 22,286.6447843392539
92_20240828 23,276.4122086983616
92_20240829 00,279.439080640293
92_20240829 01,283.2292789119758
92_20240829 02,279.8918786082013
92_20240829 03,279.37398746871116
92_20240829 04,308.3885521772511
92_20240829 05,471.40033735783624
92_20240829 06,507.54819050392393
92_20240829 07,733.2901061514891
92_20240829 08,766.0304336966323
92_20240829 09,798.346992147712
92_20240829 10,795.1359904740344
92_20240829 11,793.7805932554967
92_20240829 12,825.1811272925524
92_20240829 13,809.9004726728134
92_20240829 14,836.522738009401
92_20240829 15,796.6940900630676
92_20240829 16,649.7221190118826
92_20240829 17,510.0246394437116
92_20240829 18,312.00420236890716
92_20240829 19,285.58731689649824
92_20240829 20,290.2216042900367
92_20240829 21,289.65954890176295
92_20240829 22,286.8466958313011
92_20240829 23,273.7118144509208
92_20240830 00,279.27773352365307
92_20240830 01,282.19201719115296
92_20240830 02,279.8401578617485
92_20240830 03,277.6243358763485
92_20240830 04,304.7778852558116
92_20240830 05,477.29893170790774
92_20240830 06,507.27330166808133
92_20240830 07,728.4055938137794
92_20240830 08,758.0007969109221
92_20240830 09,788.5100301022965
92_20240830 10,783.7857322579687
92_20240830 11,787.0125665856524
92_20240830 12,822.8346674290516
92_20240830 13,800.2582686465637
92_20240830 14,832.8315357169204
92_20240830 15,789.8632504698896
92_20240830 16,623.5036229909754
92_20240830 17,490.70986276911674
92_20240830 18,317.0984265374292
92_20240830 19,285.63744629562217
92_20240830 20,293.4785703721699
92_20240830 21,293.6993092348794
92_20240830 22,291.90842081171917
92_20240830 23,277.2963809125293
92_20240831 00,278.30411288479365
92_20240831 01,280.2388217082315
92_20240831 02,281.53137974900153
92_20240831 03,284.07338742930733
92_20240831 04,312.4234040231078
92_20240831 05,477.7604382512561
92_20240831 06,507.8218508312477
92_20240831 07,724.5441653898582
92_20240831 08,758.2284984825574
92_20240831 09,781.5926515765293
92_20240831 10,791.127501639504
92_20240831 11,788.6567329812804
92_20240831 12,825.1952147616487
92_20240831 13,810.9868272553041
92_20240831 14,827.0057212941608
92_20240831 15,797.2920929978275
92_20240831 16,658.5437653858207
92_20240831 17,497.6020011893907
92_20240831 18,307.31588480831897
92_20240831 19,278.1940779100277
92_20240831 20,290.7135110137742
92_20240831 21,290.11019947897125
92_20240831 22,288.1705517088235
92_20240831 23,278.2075564154754
93_20240825 00,1603.3539176350296
93_20240825 01,1384.6078277280153
93_20240825 02,1238.0083874988552
93_20240825 03,1169.724134828969
93_20240825 04,1125.1974939771342
93_20240825 05,1104.2276911591498
93_20240825 06,1121.7699665903517
93_20240825 07,1264.513926803581
93_20240825 08,1442.4489067884379
93_20240825 09,1675.3346286196097
93_20240825 10,1859.1382957521614
93_20240825 11,1955.3680240026388
93_20240825 12,2004.0995013994354
93_20240825 13,2007.3305036071015
93_20240825 14,1987.5762846990842
93_20240825 15,2011.394104325538
93_20240825 16,2058.5848470680494
93_20240825 17,2191.960695222416
93_20240825 18,2350.8397115850676
93_20240825 19,2406.34223261074
93_20240825 20,2399.0774581014034
93_20240825 21,2227.733904858751
93_20240825 22,2008.4751070914535
93_20240825 23,1833.1554966954452
93_20240826 00,1610.1494271803256
93_20240826 01,1380.1681099239024
93_20240826 02,1218.2836048129243
93_20240826 03,1166.9595408083808
93_20240826 04,1123.1867955858136
93_20240826 05,1101.4042561017536
93_20240826 06,1195.9835915093818
93_20240826 07,1401.7900209492936
93_20240826 08,1509.2696524152577
93_20240826 09,1568.9402003626633
93_20240826 10,1595.8754500474986
93_20240826 11,1680.1644721055013
93_20240826 12,1740.6662077789433
93_20240826 13,1760.1141769752812
93_20240826 14,1697.5952692018543
93_20240826 15,1754.5545585931354
93_20240826 16,1852.1012672602963
93_20240826 17,2044.3509675265573
93_20240826 18,2324.737472633866
93_20240826 19,2431.5447331778787
93_20240826 20,2421.1142322599353
93_20240826 21,2318.0823526362733
93_20240826 22,2077.299263650283
93_20240826 23,1856.871995385051
93_20240827 00,1636.4514909422248
93_20240827 01,1417.4593645042296
93_20240827 02,1296.0193488241953
93_20240827 03,1230.6862791878439
93_20240827 04,1163.4338897452042
93_20240827 05,1164.356395282048
93_20240827 06,1230.4201716275231
93_20240827 07,1382.8626069398665
93_20240827 08,1458.6444950958874
93_20240827 09,1566.5760218197788
93_20240827 10,1467.3344790771216
93_20240827 11,1465.6367971450527
93_20240827 12,1469.3864010311754
93_20240827 13,1473.3743477273729
93_20240827 14,1487.7257470796244
93_20240827 15,1419.1822211708109
93_20240827 16,1688.0311223799358
93_20240827 17,1941.8122047403126
93_20240827 18,2153.8860413480797
93_20240827 19,2199.292384913248
93_20240827 20,2198.693249541114
93_20240827 21,2144.038144885527
93_20240827 22,1990.5448310096644
93_20240827 23,1772.0478749077809
93_20240828 00,1424.4182773014345
93_20240828 01,1268.8217124697976
93_20240828 02,1192.0935687706915
93_20240828 03,1122.142361526825
93_20240828 04,1069.7785308659186
93_20240828 05,1061.053520397376
93_20240828 06,1123.5310473879704
93_20240828 07,1304.8636191578446
93_20240828 08,1344.878447082881
93_20240828 09,1345.1805370148581
93_20240828 10,1363.3689097751978
93_20240828 11,1497.331536450826
93_20240828 12,1564.254967624121
93_20240828 13,1696.797123658679
93_20240828 14,1736.8822905360432
93_20240828 15,1801.167869441961
93_20240828 16,1954.9846987015908
93_20240828 17,2110.168753360579
93_20240828 18,2343.3806617681566
93_20240828 19,2392.500664565631
93_20240828 20,2344.2123165605067
93_20240828 21,2253.6755996736724
93_20240828 22,2034.4013998264854
93_20240828 23,1848.234259906842
93_20240829 00,1453.2071660529311
93_20240829 01,1256.8234654112964
93_20240829 02,1196.6973031298157
93_20240829 03,1143.9407765070039
93_20240829 04,1083.317408549101
93_20240829 05,1080.1280816219694
93_20240829 06,1115.476216748601
93_20240829 07,1300.175471735888
93_20240829 08,1347.8665363238629
93_20240829 09,1427.5017638232841
93_20240829 10,1487.314797289066
93_20240829 11,1687.537786254053
93_20240829 12,1616.994899997397
93_20240829 13,1744.0130115564498
93_20240829 14,1789.3341999643735
93_20240829 15,1806.0642218558685
93_20240829 16,1972.5655134840058
93_20240829 17,2092.918604951684
93_20240829 18,2312.7021496425127
93_20240829 19,2426.457984877451
93_20240829 20,2343.6041547139166
93_20240829 21,2237.226202132064
93_20240829 22,2029.7787108616294
93_20240829 23,1818.1357977640155
93_20240830 00,1430.2009011232371
93_20240830 01,1283.004794514017
93_20240830 02,1173.5957816281466
93_20240830 03,1126.5251156722368
93_20240830 04,1057.7769249613862
93_20240830 05,1051.3157799021656
93_20240830 06,1115.0182658879676
93_20240830 07,1330.998249552737
93_20240830 08,1381.1703042026893
93_20240830 09,1445.7690735779279
93_20240830 10,1535.0931782813257
93_20240830 11,1742.971644349716
93_20240830 12,1800.2078781377677
93_20240830 13,1736.6094667501516
93_20240830 14,1765.0927137767005
93_20240830 15,1819.2613656474534
93_20240830 16,1987.15593496585
93_20240830 17,2076.191295539162
93_20240830 18,2295.2137374185895
93_20240830 19,2261.758959439217
93_20240830 20,2247.0838222089897
93_20240830 21,2204.8311031192115
93_20240830 22,2071.65398966255
93_20240830 23,1891.203371306623
93_20240831 00,1507.0058848137248
93_20240831 01,1304.083237441886
93_20240831 02,1222.009207256594
93_20240831 03,1159.2188331556667
93_20240831 04,1113.0990913223045
93_20240831 05,1074.199537658761
93_20240831 06,1100.190809852114
93_20240831 07,1223.7541771502742
93_20240831 08,1380.7407982504778
93_20240831 09,1624.302093409204
93_20240831 10,1726.3189000130724
93_20240831 11,1772.7463411911094
93_20240831 12,1802.4172505203342
93_20240831 13,1924.7014593582603
93_20240831 14,1979.0280719855946
93_20240831 15,1975.6442492473059
93_20240831 16,2026.7827975684659
93_20240831 17,2066.848029969555
93_20240831 18,2228.8989347302763
93_20240831 19,2172.863842577308
93_20240831 20,2186.35814401349
93_20240831 21,2148.7734450110133
93_20240831 22,2010.9907614687952
93_20240831 23,1840.5992277642117
94_20240825 00,1625.332041760366
94_20240825 01,1621.6689756345595
94_20240825 02,1622.1451174562246
94_20240825 03,1619.2618266266427
94_20240825 04,1624.9436770425552
94_20240825 05,1613.7737985332487
94_20240825 06,1613.5056330715643
94_20240825 07,1628.1060768946668
94_20240825 08,1621.9571186574472
94_20240825 09,1582.4534763706506
94_20240825 10,1593.424973441704
94_20240825 11,1605.5295995636968
94_20240825 12,1605.031208891158
94_20240825 13,1650.563941065998
94_20240825 14,1657.1287275054938
94_20240825 15,1776.8521823710958
94_20240825 16,1774.7165786033556
94_20240825 17,1612.999464348416
94_20240825 18,1557.9664409278353
94_20240825 19,1550.6499731212607
94_20240825 20,1545.0159765653264
94_20240825 21,1539.8092993449745
94_20240825 22,1522.375634946788
94_20240825 23,1526.3953981849022
94_20240826 00,1548.766602653533
94_20240826 01,1556.666497036571
94_20240826 02,1576.8758006047924
94_20240826 03,1567.0963921526254
94_20240826 04,1579.7810379424045
94_20240826 05,1629.4728623427561
94_20240826 06,1747.4885892972698
94_20240826 07,1908.4159473846235
94_20240826 08,2123.7988289831655
94_20240826 09,2482.527371141144
94_20240826 10,2722.1928228529837
94_20240826 11,2810.275236759449
94_20240826 12,2846.4121038337094
94_20240826 13,2837.324586552586
94_20240826 14,2899.8083367282725
94_20240826 15,2891.6961641194202
94_20240826 16,2881.796670218222
94_20240826 17,2773.9526646944664
94_20240826 18,2667.650462853665
94_20240826 19,2549.3261956280026
94_20240826 20,2442.4630689949618
94_20240826 21,2356.410431387826
94_20240826 22,2183.2001565833452
94_20240826 23,2130.6548482679245
94_20240827 00,2069.9230448824123
94_20240827 01,2039.176270710274
94_20240827 02,1957.2985826542433
94_20240827 03,1856.4555892472358
94_20240827 04,1847.3371908313898
94_20240827 05,1952.076767821598
94_20240827 06,2094.0808135586576
94_20240827 07,2211.589225521762
94_20240827 08,2193.940672241065
94_20240827 09,2557.278039855284
94_20240827 10,2544.653071931294
94_20240827 11,2572.95746680849
94_20240827 12,2614.834078733592
94_20240827 13,2893.7564697331095
94_20240827 14,2926.0509586120374
94_20240827 15,2759.034759134678
94_20240827 16,2686.286532875559
94_20240827 17,2509.5511650871745
94_20240827 18,2390.3991523542063
94_20240827 19,2287.69872018313
94_20240827 20,2261.4176204792707
94_20240827 21,2314.157906832821
94_20240827 22,2274.931364612261
94_20240827 23,2144.0622713802395
94_20240828 00,2050.6610431346026
94_20240828 01,1989.7759267206277
94_20240828 02,1963.7417805250907
94_20240828 03,1941.713179734676
94_20240828 04,1984.5489022279937
94_20240828 05,2009.1091428032187
94_20240828 06,2159.7737907091855
94_20240828 07,2232.139611791138
94_20240828 08,2069.2871425300496
94_20240828 09,2240.1163331423013
94_20240828 10,2411.9097480440596
94_20240828 11,2668.918730365932
94_20240828 12,2701.1302682110672
94_20240828 13,2802.8544797253744
94_20240828 14,2908.688374647496
94_20240828 15,2894.316419088924
94_20240828 16,2864.2807071809502
94_20240828 17,2757.7896347475726
94_20240828 18,2645.8628318275964
94_20240828 19,2550.624705708693
94_20240828 20,2460.1975016875986
94_20240828 21,2391.1544626165746
94_20240828 22,2285.5695548199847
94_20240828 23,2172.076965945246
94_20240829 00,2090.9241590781185
94_20240829 01,2047.788734101957
94_20240829 02,1983.2419836346185
94_20240829 03,1962.29090218582
94_20240829 04,1953.1359063355226
94_20240829 05,2008.9538852982287
94_20240829 06,2161.2517548865517
94_20240829 07,2242.090192203884
94_20240829 08,2167.0337900273103
94_20240829 09,2433.677542263438
94_20240829 10,2777.408641588599
94_20240829 11,2868.544471235687
94_20240829 12,2856.634191099711
94_20240829 13,2941.2522571308546
94_20240829 14,3004.1214716399777
94_20240829 15,2996.797553479787
94_20240829 16,2964.134564742515
94_20240829 17,2849.066738963883
94_20240829 18,2716.1826928413784
94_20240829 19,2639.2578521630594
94_20240829 20,2539.10972724172
94_20240829 21,2408.837184348078
94_20240829 22,2279.503080121793
94_20240829 23,2208.422931058662
94_20240830 00,2123.353431540213
94_20240830 01,2105.7561997614193
94_20240830 02,2040.339909105713
94_20240830 03,2020.5272077614334
94_20240830 04,1998.9331821654168
94_20240830 05,2012.394599996381
94_20240830 06,2158.403076214583
94_20240830 07,2235.905775729874
94_20240830 08,2208.526820721581
94_20240830 09,2447.0548541639077
94_20240830 10,2791.8589312382646
94_20240830 11,2814.313684434694
94_20240830 12,2789.6612115757516
94_20240830 13,2764.663635435032
94_20240830 14,2771.067256420536
94_20240830 15,2766.6869523558416
94_20240830 16,2665.641127588705
94_20240830 17,2413.71682038849
94_20240830 18,2079.9489643063794
94_20240830 19,1916.4758956643773
94_20240830 20,1907.5198274617283
94_20240830 21,1891.5352309170057
94_20240830 22,1869.241249821553
94_20240830 23,1853.189396889572
94_20240831 00,1709.581382401972
94_20240831 01,1704.6332109153536
94_20240831 02,1706.4880433422966
94_20240831 03,1700.63285688762
94_20240831 04,1697.2075851747056
94_20240831 05,1677.4291301096214
94_20240831 06,1674.6910537457788
94_20240831 07,1678.945333274834
94_20240831 08,1652.4726565059616
94_20240831 09,1648.234898639584
94_20240831 10,1641.0222356603454
94_20240831 11,1642.2635581462503
94_20240831 12,1660.6506024030848
94_20240831 13,1665.5800802302965
94_20240831 14,1670.435755551262
94_20240831 15,1665.7114001470882
94_20240831 16,1625.7435676424057
94_20240831 17,1583.7486387837073
94_20240831 18,1574.608810870693
94_20240831 19,1568.1490707087012
94_20240831 20,1548.7645766270448
94_20240831 21,1596.0774400930775
94_20240831 22,1597.0381479873972
94_20240831 23,1590.0087669934414
95_20240825 00,2023.1136292234405
95_20240825 01,2059.649245312132
95_20240825 02,1696.8287002219115
95_20240825 03,1470.7765821177393
95_20240825 04,1099.9669753730852
95_20240825 05,915.418158514015
95_20240825 06,838.8709711163174
95_20240825 07,767.5467183339845
95_20240825 08,1072.457712165179
95_20240825 09,1840.9535321834544
95_20240825 10,3311.5306977325563
95_20240825 11,3750.1599581561068
95_20240825 12,4548.7255588027465
95_20240825 13,4864.021137487793
95_20240825 14,4850.526386290413
95_20240825 15,4920.3066180299875
95_20240825 16,4933.293341611681
95_20240825 17,4902.207859021111
95_20240825 18,4595.762898760611
95_20240825 19,4028.6115075019325
95_20240825 20,2406.041944818205
95_20240825 21,1480.3971853194423
95_20240825 22,1920.3253796549786
95_20240825 23,2062.746126641582
95_20240826 00,2158.242488844008
95_20240826 01,1972.3706559045931
95_20240826 02,1538.710658573792
95_20240826 03,1323.4181667376647
95_20240826 04,1069.8598238458076
95_20240826 05,872.9580670318375
95_20240826 06,805.839340978936
95_20240826 07,725.3610249019639
95_20240826 08,1009.5586566920981
95_20240826 09,1824.2301597141666
95_20240826 10,3291.2512243239435
95_20240826 11,3661.606375065576
95_20240826 12,4401.547210168394
95_20240826 13,4499.1654194469065
95_20240826 14,4469.43167889184
95_20240826 15,4376.046290036413
95_20240826 16,4456.959770734105
95_20240826 17,4373.339294707492
95_20240826 18,4091.849038239142
95_20240826 19,3265.853252599368
95_20240826 20,1948.3140181713793
95_20240826 21,1479.656086145567
95_20240826 22,2198.832938939654
95_20240826 23,2655.955548783555
95_20240827 00,2233.4695908101367
95_20240827 01,2022.1278949602593
95_20240827 02,1430.9988157298326
95_20240827 03,1301.509891185377
95_20240827 04,1052.4296917582221
95_20240827 05,874.1278689486506
95_20240827 06,752.085323298497
95_20240827 07,761.4771931065678
95_20240827 08,1023.0573200819663
95_20240827 09,1860.7055975921758
95_20240827 10,3191.7976251282826
95_20240827 11,3679.470086599422
95_20240827 12,4180.069162485588
95_20240827 13,4346.392435686976
95_20240827 14,4316.741988711243
95_20240827 15,4328.91342475794
95_20240827 16,4331.486417655047
95_20240827 17,4372.4709376164865
95_20240827 18,4212.275198610476
95_20240827 19,3324.9932922804182
95_20240827 20,1894.2710844867113
95_20240827 21,1387.8774764974867
95_20240827 22,2232.9235105871226
95_20240827 23,2678.6044166276215
95_20240828 00,2310.257381690362
95_20240828 01,2000.843718803873
95_20240828 02,1823.3043002804002
95_20240828 03,1601.414458239989
95_20240828 04,1050.0589572579204
95_20240828 05,799.863929401723
95_20240828 06,744.0029529739433
95_20240828 07,748.8971584437036
95_20240828 08,1036.280562542182
95_20240828 09,1860.816516697052
95_20240828 10,3217.2717431882465
95_20240828 11,3709.3869855074595
95_20240828 12,4225.344605534337
95_20240828 13,4380.550030941387
95_20240828 14,4394.16157876463
95_20240828 15,4328.914864002074
95_20240828 16,4387.0428419322625
95_20240828 17,4372.13465898072
95_20240828 18,4166.837069056562
95_20240828 19,3446.8890111117653
95_20240828 20,1965.9806013867587
95_20240828 21,1438.0337902462948
95_20240828 22,2267.581893324799
95_20240828 23,2670.3642707849986
95_20240829 00,2425.9653018573144
95_20240829 01,2018.2500277088307
95_20240829 02,1874.3986060980696
95_20240829 03,1631.4559773914398
95_20240829 04,1090.620828826954
95_20240829 05,863.3892137645437
95_20240829 06,739.3902571348585
95_20240829 07,740.8880170640966
95_20240829 08,1012.5133292290858
95_20240829 09,1840.1518411417883
95_20240829 10,3224.1080853472586
95_20240829 11,3738.664831566341
95_20240829 12,4254.0986198599
95_20240829 13,4413.301098494301
95_20240829 14,4390.67622862936
95_20240829 15,4336.395509065816
95_20240829 16,4401.207527187788
95_20240829 17,4358.766509565536
95_20240829 18,4201.0632184201595
95_20240829 19,3546.1910835079725
95_20240829 20,2142.5756661003506
95_20240829 21,1524.5935417430894
95_20240829 22,2279.2855139848566
95_20240829 23,2708.770128866115
95_20240830 00,2354.1124641596766
95_20240830 01,1964.0349017307494
95_20240830 02,1828.4712699659378
95_20240830 03,1632.6099403106439
95_20240830 04,1101.3049433598417
95_20240830 05,837.0689810570534
95_20240830 06,760.02652630954
95_20240830 07,737.8589503874184
95_20240830 08,1027.103775199037
95_20240830 09,1868.307427859571
95_20240830 10,3239.8602022214286
95_20240830 11,3712.040029144475
95_20240830 12,4277.616790835218
95_20240830 13,4394.3674888692385
95_20240830 14,4421.786965413654
95_20240830 15,4387.160958883397
95_20240830 16,4420.136272926158
95_20240830 17,4372.138913313039
95_20240830 18,4254.557970865722
95_20240830 19,3902.9711737494326
95_20240830 20,2345.773104025238
95_20240830 21,1498.750248226946
95_20240830 22,2317.9573881172564
95_20240830 23,2684.3938759720772
95_20240831 00,2381.819261822111
95_20240831 01,2038.6524179289077
95_20240831 02,1828.9450696243775
95_20240831 03,1584.8599192010768
95_20240831 04,1095.1018459744869
95_20240831 05,905.8062610954923
95_20240831 06,747.7936097270313
95_20240831 07,750.6555901777792
95_20240831 08,1008.164238065584
95_20240831 09,1842.4134738004032
95_20240831 10,3191.364749141322
95_20240831 11,3704.1991084694205
95_20240831 12,4215.655141407956
95_20240831 13,4438.219084952547
95_20240831 14,4456.804046365376
95_20240831 15,4444.538627896937
95_20240831 16,4524.95043620781
95_20240831 17,4461.831203797253
95_20240831 18,4378.32683339212
95_20240831 19,3938.1299433812674
95_20240831 20,2363.0852205865344
95_20240831 21,1407.2762561482787
95_20240831 22,2171.7731960073115
95_20240831 23,2688.358274725847
96_20240825 00,1278.5281972697276
96_20240825 01,1103.367054384459
96_20240825 02,947.6695259170176
96_20240825 03,885.2840644874482
96_20240825 04,827.2553283906811
96_20240825 05,791.0419389311153
96_20240825 06,794.6640931890618
96_20240825 07,801.7268021980065
96_20240825 08,910.9762342270124
96_20240825 09,971.051308890126
96_20240825 10,1046.0932134524705
96_20240825 11,1154.7164780839719
96_20240825 12,1205.274535421955
96_20240825 13,1198.520759926897
96_20240825 14,1214.8120232870172
96_20240825 15,1251.3963515311916
96_20240825 16,1339.2218382580652
96_20240825 17,1411.046987338117
96_20240825 18,1535.9479809689683
96_20240825 19,1688.300164036365
96_20240825 20,1758.8234835878447
96_20240825 21,1748.0736163904214
96_20240825 22,1614.2709007600542
96_20240825 23,1409.969236114854
96_20240826 00,1211.9096237181848
96_20240826 01,1057.8785377753366
96_20240826 02,890.4418703621449
96_20240826 03,848.930744249871
96_20240826 04,817.7168832983681
96_20240826 05,801.4176653476035
96_20240826 06,816.920003517853
96_20240826 07,872.8488548501555
96_20240826 08,868.7285890351234
96_20240826 09,836.7793488058417
96_20240826 10,811.1087130276417
96_20240826 11,774.1174420717501
96_20240826 12,769.4118139225023
96_20240826 13,796.2095261012632
96_20240826 14,786.6373668060697
96_20240826 15,831.894972285754
96_20240826 16,957.2194338454433
96_20240826 17,1054.511306340901
96_20240826 18,1238.3695013272245
96_20240826 19,1459.6731268450849
96_20240826 20,1616.4735604799844
96_20240826 21,1611.6887547728352
96_20240826 22,1503.8055566004805
96_20240826 23,1381.0193928513404
96_20240827 00,1170.9381992100652
96_20240827 01,1039.6305116615679
96_20240827 02,867.553372705996
96_20240827 03,842.4803510494246
96_20240827 04,807.875088221574
96_20240827 05,783.4923880235582
96_20240827 06,797.5862757291552
96_20240827 07,908.2364561176694
96_20240827 08,909.8420933452204
96_20240827 09,881.5125246534144
96_20240827 10,815.0684540908103
96_20240827 11,790.5390061064242
96_20240827 12,808.6194985814465
96_20240827 13,794.6030634769728
96_20240827 14,785.6399018233338
96_20240827 15,872.9087736322259
96_20240827 16,978.1648457906472
96_20240827 17,1106.305333560965
96_20240827 18,1259.179130818783
96_20240827 19,1436.2575624723772
96_20240827 20,1542.9401568129485
96_20240827 21,1560.7710550997735
96_20240827 22,1520.20766114478
96_20240827 23,1388.5155454336987
96_20240828 00,1202.3554003739782
96_20240828 01,1022.344550263033
96_20240828 02,873.4145540927473
96_20240828 03,825.1631360726608
96_20240828 04,793.4317180822119
96_20240828 05,775.710825723231
96_20240828 06,792.9806158433819
96_20240828 07,931.9404378267099
96_20240828 08,929.5499579035223
96_20240828 09,901.2286396258057
96_20240828 10,847.4750924906145
96_20240828 11,784.0174310935442
96_20240828 12,793.8440133117476
96_20240828 13,841.5640781097866
96_20240828 14,870.4082305708574
96_20240828 15,908.0057606067246
96_20240828 16,988.6079716102169
96_20240828 17,1082.9615936577725
96_20240828 18,1202.3547350775941
96_20240828 19,1484.9532776719338
96_20240828 20,1573.0136945497593
96_20240828 21,1594.158096424793
96_20240828 22,1490.3175706842705
96_20240828 23,1369.6038025400348
96_20240829 00,1189.470007113488
96_20240829 01,1019.602724474351
96_20240829 02,876.1161291184528
96_20240829 03,836.0128396579963
96_20240829 04,791.4780710712912
96_20240829 05,769.0396300798341
96_20240829 06,790.2520586465839
96_20240829 07,899.0829133043599
96_20240829 08,884.7423231402365
96_20240829 09,881.5821784141019
96_20240829 10,847.2884103199221
96_20240829 11,767.8017049194959
96_20240829 12,813.6485645439273
96_20240829 13,886.4995985883284
96_20240829 14,890.9503440189196
96_20240829 15,943.5375447085727
96_20240829 16,995.1538106160726
96_20240829 17,1087.0143972853089
96_20240829 18,1198.9131018510523
96_20240829 19,1419.5943177827653
96_20240829 20,1528.6096425024725
96_20240829 21,1531.9360760595664
96_20240829 22,1477.2156521543034
96_20240829 23,1357.4197656158208
96_20240830 00,1175.4327813025595
96_20240830 01,1015.8704331616806
96_20240830 02,864.7836558223507
96_20240830 03,804.7337155354628
96_20240830 04,784.5242476806889
96_20240830 05,762.3844369282938
96_20240830 06,800.5143088201032
96_20240830 07,895.0497924018086
96_20240830 08,870.0658766301594
96_20240830 09,830.5892170449027
96_20240830 10,749.989098190795
96_20240830 11,756.9830585505501
96_20240830 12,800.6010387399142
96_20240830 13,838.4540870148148
96_20240830 14,859.7139971863296
96_20240830 15,937.6303687279876
96_20240830 16,993.5907120970406
96_20240830 17,1080.7044936442849
96_20240830 18,1185.2082956446163
96_20240830 19,1379.4334161571546
96_20240830 20,1452.324228535398
96_20240830 21,1485.3464413894292
96_20240830 22,1469.5560545765907
96_20240830 23,1371.8604111433533
96_20240831 00,1209.4629444888874
96_20240831 01,1025.6227797544543
96_20240831 02,900.53219430944
96_20240831 03,829.8264012687114
96_20240831 04,785.6271624799608
96_20240831 05,751.8706563370397
96_20240831 06,760.7387562072622
96_20240831 07,788.7421293519233
96_20240831 08,839.5743962277711
96_20240831 09,919.0169459608417
96_20240831 10,959.8116533247667
96_20240831 11,993.9425630126404
96_20240831 12,1067.5392007846099
96_20240831 13,1057.183981676486
96_20240831 14,1080.0586153962263
96_20240831 15,1086.926224133493
96_20240831 16,1128.254563250983
96_20240831 17,1183.6775228353672
96_20240831 18,1210.6706802954536
96_20240831 19,1354.9356777847995
96_20240831 20,1408.2275027524975
96_20240831 21,1428.5856808882215
96_20240831 22,1412.8937610865273
96_20240831 23,1346.8980545224297
97_20240825 00,1224.117719038827
97_20240825 01,1208.4621725925779
97_20240825 02,1214.3420182440802
97_20240825 03,1197.7980333499918
97_20240825 04,1134.6019622290933
97_20240825 05,1193.7387447093408
97_20240825 06,1169.9888314063928
97_20240825 07,1259.6896515487642
97_20240825 08,1291.1678812446899
97_20240825 09,1404.7271032269057
97_20240825 10,1655.2563484347484
97_20240825 11,1693.8884310816156
97_20240825 12,1727.4956544900192
97_20240825 13,1748.3374853815953
97_20240825 14,1743.5946374268706
97_20240825 15,1777.1083202269945
97_20240825 16,1805.9191296902245
97_20240825 17,1764.7473591165603
97_20240825 18,1759.46559920903
97_20240825 19,1682.101294804276
97_20240825 20,1590.8892274348286
97_20240825 21,1575.7740594299269
97_20240825 22,1480.0550520229035
97_20240825 23,1392.857785262582
97_20240826 00,1332.1287205506242
97_20240826 01,1247.7158536470038
97_20240826 02,1265.233150216753
97_20240826 03,1199.3682118344332
97_20240826 04,1178.9381568706217
97_20240826 05,1159.0290492419147
97_20240826 06,1182.5789388087258
97_20240826 07,1255.2157256196008
97_20240826 08,1314.6173582292017
97_20240826 09,1442.071223425302
97_20240826 10,1699.8676101037506
97_20240826 11,1769.321898111366
97_20240826 12,1776.634665241175
97_20240826 13,1841.7786173657405
97_20240826 14,1828.3206224932107
97_20240826 15,1824.6850633379377
97_20240826 16,1842.3265078250804
97_20240826 17,1826.1657915804576
97_20240826 18,1804.2939900543406
97_20240826 19,1704.0835275111774
97_20240826 20,1589.0308186051136
97_20240826 21,1483.7944918507737
97_20240826 22,1386.7261882947473
97_20240826 23,1353.9681219666911
97_20240827 00,1318.2794339354518
97_20240827 01,1292.08732911062
97_20240827 02,1232.0319351552907
97_20240827 03,1187.452116165352
97_20240827 04,1158.018319384354
97_20240827 05,1193.7037016837726
97_20240827 06,1177.223712368465
97_20240827 07,1207.1037195405515
97_20240827 08,1321.9007676677677
97_20240827 09,1448.3892139549284
97_20240827 10,1675.4942104805264
97_20240827 11,1760.4788809714555
97_20240827 12,1774.2677238531924
97_20240827 13,1833.8745533398414
97_20240827 14,1825.6492944409174
97_20240827 15,1843.339535689521
97_20240827 16,1837.9476785980085
97_20240827 17,1804.4215282825835
97_20240827 18,1811.168735654797
97_20240827 19,1726.3320392555092
97_20240827 20,1626.7261877601488
97_20240827 21,1557.1167160616665
97_20240827 22,1465.3632623156207
97_20240827 23,1380.2735442472417
97_20240828 00,1274.3337186777821
97_20240828 01,1249.7220908687364
97_20240828 02,1180.1319952117801
97_20240828 03,1184.7752187752324
97_20240828 04,1155.9734605854558
97_20240828 05,1100.3277102941106
97_20240828 06,1174.745022673891
97_20240828 07,1181.1234183847812
97_20240828 08,1293.4757793219574
97_20240828 09,1483.8083216200876
97_20240828 10,1722.8476686980694
97_20240828 11,1765.0416729562485
97_20240828 12,1788.175143816811
97_20240828 13,1819.6537630853632
97_20240828 14,1822.9167883334644
97_20240828 15,1870.4332081164266
97_20240828 16,1881.049601397447
97_20240828 17,1853.2329549506217
97_20240828 18,1848.7206246509804
97_20240828 19,1741.3300358971715
97_20240828 20,1646.6095218766309
97_20240828 21,1585.8565103508945
97_20240828 22,1428.9180457017337
97_20240828 23,1373.118549199893
97_20240829 00,1268.7380175753228
97_20240829 01,1256.457730738864
97_20240829 02,1230.0753642282239
97_20240829 03,1214.6003639423805
97_20240829 04,1218.9776549097232
97_20240829 05,1205.8065933180271
97_20240829 06,1231.1447653789091
97_20240829 07,1213.6081066584468
97_20240829 08,1274.095988846467
97_20240829 09,1465.7130166183983
97_20240829 10,1691.9675940111956
97_20240829 11,1778.2249951245337
97_20240829 12,1801.0873674901063
97_20240829 13,1806.582095546313
97_20240829 14,1850.1779675207708
97_20240829 15,1846.3403183457774
97_20240829 16,1821.7602300836047
97_20240829 17,1795.0673668149943
97_20240829 18,1786.5933525511105
97_20240829 19,1746.3048141447027
97_20240829 20,1654.0902179308787
97_20240829 21,1606.7238199949002
97_20240829 22,1525.292420725395
97_20240829 23,1372.9371185437785
97_20240830 00,1261.2882940133024
97_20240830 01,1216.260942768748
97_20240830 02,1231.6143762080392
97_20240830 03,1175.553752828979
97_20240830 04,1153.2413422173165
97_20240830 05,1160.585853310428
97_20240830 06,1231.7948936378843
97_20240830 07,1187.300775245544
97_20240830 08,1287.6693946996913
97_20240830 09,1493.8006781610077
97_20240830 10,1640.495076579216
97_20240830 11,1701.1931025444962
97_20240830 12,1751.960074882557
97_20240830 13,1787.4238989275398
97_20240830 14,1818.0812018832305
97_20240830 15,1821.1720191294257
97_20240830 16,1826.2000467193357
97_20240830 17,1819.15449660087
97_20240830 18,1795.5790079436572
97_20240830 19,1675.8842054998026
97_20240830 20,1563.2860361040564
97_20240830 21,1495.4385839028873
97_20240830 22,1385.1008059576898
97_20240830 23,1339.0034709234735
97_20240831 00,1244.9503594454634
97_20240831 01,1212.9714815985556
97_20240831 02,1223.9721536971365
97_20240831 03,1192.7197294786029
97_20240831 04,1113.6855561315567
97_20240831 05,1193.9249421995814
97_20240831 06,1212.727157587216
97_20240831 07,1177.8665584528142
97_20240831 08,1235.7109184595436
97_20240831 09,1334.6915423156972
97_20240831 10,1385.955102149385
97_20240831 11,1470.0377893480625
97_20240831 12,1542.5691552357002
97_20240831 13,1578.6585129393966
97_20240831 14,1582.6258265715105
97_20240831 15,1565.290097904053
97_20240831 16,1567.2137138576102
97_20240831 17,1509.180849260897
97_20240831 18,1420.180689504507
97_20240831 19,1338.2813027330872
97_20240831 20,1332.6329708641908
97_20240831 21,1345.9875462073353
97_20240831 22,1268.1898822713522
97_20240831 23,1278.536084363583
98_20240825 00,1641.9015203980166
98_20240825 01,1581.406933184864
98_20240825 02,1542.3413704420627
98_20240825 03,1518.9573298603598
98_20240825 04,1497.839106960551
98_20240825 05,1485.5734325155427
98_20240825 06,1796.2888028589534
98_20240825 07,2199.5567513170035
98_20240825 08,2395.857882046969
98_20240825 09,2422.3002055449633
98_20240825 10,2493.649194726544
98_20240825 11,2318.896680024499
98_20240825 12,2234.384903260532
98_20240825 13,2723.9255082958116
98_20240825 14,3002.5941728909556
98_20240825 15,3148.1360123176705
98_20240825 16,3275.189123496732
98_20240825 17,3184.78269627652
98_20240825 18,2616.570885653852
98_20240825 19,2531.8312441714506
98_20240825 20,2500.5328269023685
98_20240825 21,2262.025799162385
98_20240825 22,1975.650659552778
98_20240825 23,1843.4762304466174
98_20240826 00,1670.3892037370401
98_20240826 01,1601.0955303392889
98_20240826 02,1559.812746903629
98_20240826 03,1539.1980294645077
98_20240826 04,1516.5844149918094
98_20240826 05,1508.723565998481
98_20240826 06,1863.3624106555617
98_20240826 07,2157.799819387116
98_20240826 08,2391.490760472283
98_20240826 09,2424.4124738319747
98_20240826 10,2447.3460969984335
98_20240826 11,2319.511023759598
98_20240826 12,2212.0577082598634
98_20240826 13,2548.7334267411693
98_20240826 14,2749.8756502149054
98_20240826 15,2833.104437965203
98_20240826 16,2888.4258492559456
98_20240826 17,2827.163037046067
98_20240826 18,2403.561023576723
98_20240826 19,2403.605901513958
98_20240826 20,2321.1782873422053
98_20240826 21,2039.0943520963083
98_20240826 22,1771.4928061058456
98_20240826 23,1749.6806742328777
98_20240827 00,1628.0517068296892
98_20240827 01,1557.7832662877859
98_20240827 02,1527.8132339303963
98_20240827 03,1520.1565746944239
98_20240827 04,1484.5853915988664
98_20240827 05,1488.381903229959
98_20240827 06,1769.6171133373
98_20240827 07,2106.7672625461646
98_20240827 08,2332.6010826121237
98_20240827 09,2383.3229283123005
98_20240827 10,2429.4561947004227
98_20240827 11,2266.094647577871
98_20240827 12,2226.6678798209136
98_20240827 13,2320.778353509802
98_20240827 14,2476.323705815995
98_20240827 15,2499.6327454787756
98_20240827 16,2541.8691343525775
98_20240827 17,2548.549414044411
98_20240827 18,2379.1294962117818
98_20240827 19,2214.441854987185
98_20240827 20,2070.593673862918
98_20240827 21,1893.0885278071182
98_20240827 22,1585.5433246848356
98_20240827 23,1523.243703291435
98_20240828 00,1396.746298967958
98_20240828 01,1343.7914562005376
98_20240828 02,1314.1750899750352
98_20240828 03,1289.6080488334514
98_20240828 04,1272.8164107678797
98_20240828 05,1302.9232774799248
98_20240828 06,1659.9730093529909
98_20240828 07,1790.6992596867726
98_20240828 08,2249.2388944326494
98_20240828 09,2333.92406636481
98_20240828 10,2343.2824838625756
98_20240828 11,2241.812304531809
98_20240828 12,2205.0072875563783
98_20240828 13,2482.1224544835827
98_20240828 14,2671.679795840697
98_20240828 15,2755.1542198507864
98_20240828 16,2819.5254305656567
98_20240828 17,2798.2485064723733
98_20240828 18,2417.913432300418
98_20240828 19,2300.8153205966837
98_20240828 20,2235.402625094019
98_20240828 21,2057.2617694612222
98_20240828 22,1808.0749710087857
98_20240828 23,1737.1676022205322
98_20240829 00,1461.610230746984
98_20240829 01,1395.977460589424
98_20240829 02,1317.0252078962922
98_20240829 03,1299.087308270287
98_20240829 04,1269.0058150509897
98_20240829 05,1294.2033241979752
98_20240829 06,1708.7867924919929
98_20240829 07,2144.518424160801
98_20240829 08,2388.1355433917893
98_20240829 09,2386.7795484810504
98_20240829 10,2395.929691744652
98_20240829 11,2277.6892284683227
98_20240829 12,2210.9951980810174
98_20240829 13,2494.512535176652
98_20240829 14,2588.2123349111057
98_20240829 15,2681.3969126863044
98_20240829 16,2733.8904227124413
98_20240829 17,2614.61606066231
98_20240829 18,2443.0411870513844
98_20240829 19,2396.770540523305
98_20240829 20,2349.2805412566368
98_20240829 21,2152.8403716554617
98_20240829 22,1824.6952604237442
98_20240829 23,1755.8075042957607
98_20240830 00,1632.895107455467
98_20240830 01,1562.2747988978126
98_20240830 02,1508.0842160946636
98_20240830 03,1409.9855427365142
98_20240830 04,1417.781907658466
98_20240830 05,1317.6205306562103
98_20240830 06,1674.8680746165778
98_20240830 07,2069.2419542244315
98_20240830 08,2398.11282845051
98_20240830 09,2396.390506407901
98_20240830 10,2402.178761403368
98_20240830 11,2266.371781611515
98_20240830 12,2214.985599329781
98_20240830 13,2601.611673643424
98_20240830 14,2841.1484777372502
98_20240830 15,2962.2448951423466
98_20240830 16,3068.38460613555
98_20240830 17,3027.010021891408
98_20240830 18,2502.2788722914934
98_20240830 19,2476.603436012184
98_20240830 20,2387.500013279623
98_20240830 21,2176.2195057765657
98_20240830 22,1988.373998715752
98_20240830 23,1803.7503846665204
98_20240831 00,1577.1203599894204
98_20240831 01,1399.017234687292
98_20240831 02,1368.8031951295102
98_20240831 03,1330.4387380753906
98_20240831 04,1313.6872607425782
98_20240831 05,1358.3972707692915
98_20240831 06,1721.688220468674
98_20240831 07,1877.1136878127236
98_20240831 08,2225.3628026286897
98_20240831 09,2384.835010203669
98_20240831 10,2434.2788123009914
98_20240831 11,2387.9271457349737
98_20240831 12,2337.0957986682774
98_20240831 13,2486.695336193523
98_20240831 14,2735.227952994043
98_20240831 15,2923.399452762507
98_20240831 16,2931.5190286472052
98_20240831 17,3001.770056008134
98_20240831 18,2588.201492003656
98_20240831 19,2563.517019076717
98_20240831 20,2511.6488899794435
98_20240831 21,2231.8735687790686
98_20240831 22,2092.8543529531817
98_20240831 23,1909.8562767394417
99_20240825 00,1193.6831674685577
99_20240825 01,1189.7880353670064
99_20240825 02,1176.6301536951878
99_20240825 03,1191.2408525721098
99_20240825 04,1049.6118347015854
99_20240825 05,923.4915983198564
99_20240825 06,864.6250228431763
99_20240825 07,872.0391728299165
99_20240825 08,975.888946248442
99_20240825 09,1117.3962417676848
99_20240825 10,1164.661850710658
99_20240825 11,1228.4810622351947
99_20240825 12,1143.8021480729653
99_20240825 13,1158.0303221104416
99_20240825 14,1169.0427647186457
99_20240825 15,1168.131050407793
99_20240825 16,1186.0237270507105
99_20240825 17,1173.149456254502
99_20240825 18,1107.2759556269373
99_20240825 19,1173.0264244426005
99_20240825 20,1211.1579730391707
99_20240825 21,1257.283372501045
99_20240825 22,1184.178321649205
99_20240825 23,1213.5155080288282
99_20240826 00,1163.930480342925
99_20240826 01,1154.7676357058194
99_20240826 02,1150.3665864824818
99_20240826 03,1149.535260257012
99_20240826 04,1018.1236198555791
99_20240826 05,912.4434477272663
99_20240826 06,851.4330581630483
99_20240826 07,865.3617785510046
99_20240826 08,974.6037479243129
99_20240826 09,1133.730357799459
99_20240826 10,1193.0555116404823
99_20240826 11,1254.3813123420985
99_20240826 12,1157.0091072872847
99_20240826 13,1204.0898855760538
99_20240826 14,1222.3472025804313
99_20240826 15,1219.5517628976197
99_20240826 16,1217.8827148670844
99_20240826 17,1225.3514021481155
99_20240826 18,1145.9611783285786
99_20240826 19,1177.3088690653985
99_20240826 20,1209.7191292078473
99_20240826 21,1288.94198790932
99_20240826 22,1186.213454657925
99_20240826 23,1214.7215251631667
99_20240827 00,1171.5992662163956
99_20240827 01,1163.5529471108027
99_20240827 02,1119.0226743424023
99_20240827 03,1126.4786634306422
99_20240827 04,1028.8669670308586
99_20240827 05,927.8324422438884
99_20240827 06,886.9825985491367
99_20240827 07,875.2452733274183
99_20240827 08,960.876699137247
99_20240827 09,1105.1791858816453
99_20240827 10,1166.9837827585482
99_20240827 11,1237.0071245870909
99_20240827 12,1157.300480124221
99_20240827 13,1200.6608709118432
99_20240827 14,1219.2982782335498
99_20240827 15,1187.8270103743566
99_20240827 16,1205.2436839669335
99_20240827 17,1198.8613967711508
99_20240827 18,1134.92700147028
99_20240827 19,1162.6965613260468
99_20240827 20,1158.3775818260697
99_20240827 21,1203.1914689098699
99_20240827 22,1132.3716566157182
99_20240827 23,1164.9850998935008
99_20240828 00,1156.756561946074
99_20240828 01,1160.488751097801
99_20240828 02,1146.9414786497605
99_20240828 03,1129.2710766774842
99_20240828 04,855.3417885159138
99_20240828 05,715.2155795773841
99_20240828 06,668.528568086261
99_20240828 07,661.2928342681821
99_20240828 08,922.0140632612334
99_20240828 09,1116.8093297325336
99_20240828 10,1187.561778878087
99_20240828 11,1255.1286058582755
99_20240828 12,1161.2725068697978
99_20240828 13,1208.4746997651878
99_20240828 14,1215.561879222805
99_20240828 15,1209.297819484709
99_20240828 16,1216.9880276676283
99_20240828 17,1227.6913581092163
99_20240828 18,1146.4119566068819
99_20240828 19,1202.437305482351
99_20240828 20,1223.79893854652
99_20240828 21,1266.0607065652514
99_20240828 22,1180.2184540160708
99_20240828 23,1208.6100636291615
99_20240829 00,1192.664541482029
99_20240829 01,1183.0967672810937
99_20240829 02,1171.283615310856
99_20240829 03,1182.7898448461406
99_20240829 04,1049.43493793301
99_20240829 05,933.8482204636626
99_20240829 06,888.6131943028421
99_20240829 07,886.6629249139899
99_20240829 08,986.873301762897
99_20240829 09,1134.5801326072851
99_20240829 10,1191.5268241705187
99_20240829 11,1269.347830647904
99_20240829 12,1176.3932077142879
99_20240829 13,1195.5919023901652
99_20240829 14,1209.3375836611349
99_20240829 15,1206.168369363536
99_20240829 16,1217.1716475425667
99_20240829 17,1225.0823388289984
99_20240829 18,1169.009430274286
99_20240829 19,1203.230262894737
99_20240829 20,1232.7250370411261
99_20240829 21,1288.9272042796897
99_20240829 22,1195.1123964473377
99_20240829 23,1216.8484394079092
99_20240830 00,1190.4258918569149
99_20240830 01,1184.504757464219
99_20240830 02,1169.6037821828681
99_20240830 03,1183.7172887533186
99_20240830 04,1041.402731168103
99_20240830 05,924.6920762314851
99_20240830 06,858.9371051255806
99_20240830 07,864.7773054107871
99_20240830 08,976.6486656531829
99_20240830 09,1125.6621298546693
99_20240830 10,1172.4224936917228
99_20240830 11,1232.1856894413493
99_20240830 12,1147.3179172698865
99_20240830 13,1183.4426799230048
99_20240830 14,1201.5396946137198
99_20240830 15,1202.661703470649
99_20240830 16,1204.9949488704178
99_20240830 17,1225.462439327392
99_20240830 18,1141.5838871522215
99_20240830 19,1181.7710384233142
99_20240830 20,1207.013753344239
99_20240830 21,1255.5178094734956
99_20240830 22,1182.198353131084
99_20240830 23,1201.9864487447403
99_20240831 00,1154.245663066591
99_20240831 01,1155.4664211910806
99_20240831 02,1132.6981851506787
99_20240831 03,1150.5212356778957
99_20240831 04,1020.8479191558104
99_20240831 05,926.9663611288445
99_20240831 06,890.3178045596678
99_20240831 07,875.6759719878559
99_20240831 08,963.9272759340092
99_20240831 09,1097.7630582160089
99_20240831 10,1150.5619270431798
99_20240831 11,1209.0273170328103
99_20240831 12,1143.0517133318438
99_20240831 13,1148.232613868889
99_20240831 14,1163.294171511663
99_20240831 15,1158.2432952471484
99_20240831 16,1165.9922431040072
99_20240831 17,1136.5068521020544
99_20240831 18,1084.3896853532183
99_20240831 19,1112.5251944323713
99_20240831 20,1107.4436066404892
99_20240831 21,1144.4207401990045
99_20240831 22,1092.6933391715124
99_20240831 23,1117.9051948999327
100_20240825 00,2879.3149839347443
100_20240825 01,2815.048722869747
100_20240825 02,2830.363381008155
100_20240825 03,2351.9926723030567
100_20240825 04,2377.1712946305643
100_20240825 05,2276.583661399869
100_20240825 06,2383.4694011468964
100_20240825 07,2390.6722479215914
100_20240825 08,1308.8630490084727
100_20240825 09,1245.0993120720793
100_20240825 10,1313.405997197988
100_20240825 11,1330.8631434332458
100_20240825 12,1428.6733312743072
100_20240825 13,1776.2588989921965
100_20240825 14,2017.0871453880989
100_20240825 15,2109.9896757270553
100_20240825 16,2231.3881384004126
100_20240825 17,2604.921495296189
100_20240825 18,2482.1756139587706
100_20240825 19,2596.142269813795
100_20240825 20,2229.063828179076
100_20240825 21,2125.7835167059548
100_20240825 22,2586.817502201982
100_20240825 23,2786.586803316094
100_20240826 00,2733.5976700051115
100_20240826 01,2435.6799662031644
100_20240826 02,2179.60499574236
100_20240826 03,2065.697252141078
100_20240826 04,2154.9917131110133
100_20240826 05,2154.9802665858633
100_20240826 06,2200.9789618157465
100_20240826 07,2111.3151967171357
100_20240826 08,1240.1810379959352
100_20240826 09,1166.5868605966473
100_20240826 10,1214.8996808559789
100_20240826 11,1280.7865877782347
100_20240826 12,1345.2878631042558
100_20240826 13,1543.014852101862
100_20240826 14,1920.810595904262
100_20240826 15,2045.1096046254431
100_20240826 16,2107.2520299683415
100_20240826 17,2222.9185921553117
100_20240826 18,2337.220382149241
100_20240826 19,2279.4692303353336
100_20240826 20,2039.3571918261148
100_20240826 21,1981.164607852805
100_20240826 22,2498.2693573888364
100_20240826 23,2784.992266002549
100_20240827 00,2628.6085420818563
100_20240827 01,2625.780219412806
100_20240827 02,2508.496169752084
100_20240827 03,2184.712878971693
100_20240827 04,2077.2979617239857
100_20240827 05,1981.3025278025416
100_20240827 06,2092.2949955647887
100_20240827 07,1873.296749984604
100_20240827 08,1202.4521207391194
100_20240827 09,1144.7999603318365
100_20240827 10,1177.2535579720384
100_20240827 11,1245.5687578770182
100_20240827 12,1258.7902703078798
100_20240827 13,1453.353218130318
100_20240827 14,1974.3043697731848
100_20240827 15,2199.8186179023623
100_20240827 16,2296.5562471439607
100_20240827 17,2231.956581027978
100_20240827 18,2186.450379625218
100_20240827 19,1818.9182592654722
100_20240827 20,1823.3224262223005
100_20240827 21,2116.7797960515704
100_20240827 22,2593.187053107762
100_20240827 23,2775.698649621261
100_20240828 00,2679.7288014576525
100_20240828 01,2687.648597733825
100_20240828 02,2586.173211158905
100_20240828 03,2301.18513044094
100_20240828 04,2090.476351886685
100_20240828 05,2019.9138844148952
100_20240828 06,2148.017776772208
100_20240828 07,1841.399745692359
100_20240828 08,1207.8895011368343
100_20240828 09,1147.8490726915104
100_20240828 10,1180.4634352025287
100_20240828 11,1251.5955624763214
100_20240828 12,1281.6166789965157
100_20240828 13,1361.8439228722493
100_20240828 14,1822.9612968678562
100_20240828 15,2026.906573150076
100_20240828 16,2185.889736040308
100_20240828 17,2320.5182062873137
100_20240828 18,2375.3700611909394
100_20240828 19,2274.6344694472823
100_20240828 20,1973.7089657704255
100_20240828 21,2057.4587673877922
100_20240828 22,2539.1871366539026
100_20240828 23,2782.2447478568306
100_20240829 00,2670.7115473331714
100_20240829 01,2675.9480012823547
100_20240829 02,2535.857293004191
100_20240829 03,2214.1659636504824
100_20240829 04,1754.27222890057
100_20240829 05,1765.6911002086342
100_20240829 06,2092.0627260580386
100_20240829 07,1856.4284556770388
100_20240829 08,1225.057587773652
100_20240829 09,1179.5522530570727
100_20240829 10,1223.401359975189
100_20240829 11,1269.6537271994794
100_20240829 12,1363.2858139526675
100_20240829 13,1778.486699928996
100_20240829 14,2071.6884353456962
100_20240829 15,2181.7571029960536
100_20240829 16,2292.993727712573
100_20240829 17,2553.67083038754
100_20240829 18,2732.637295281187
100_20240829 19,2568.3146785424183
100_20240829 20,2404.8493884484433
100_20240829 21,2420.666929396803
100_20240829 22,2613.396922502067
100_20240829 23,2803.8197294631664
100_20240830 00,2759.57722232169
100_20240830 01,2710.178743050548
100_20240830 02,2639.060810944975
100_20240830 03,2341.3669483503063
100_20240830 04,2151.11272362223
100_20240830 05,2056.1779288251855
100_20240830 06,2162.448851901899
100_20240830 07,2245.279425778175
100_20240830 08,1278.2558663406357
100_20240830 09,1207.322673792501
100_20240830 10,1267.467835799705
100_20240830 11,1317.4697418081378
100_20240830 12,1401.6234036333235
100_20240830 13,1524.0065617999364
100_20240830 14,1943.147040025946
100_20240830 15,2032.7297147959086
100_20240830 16,2111.0521021194063
100_20240830 17,2356.3675699249643
100_20240830 18,2580.2189493979595
100_20240830 19,2205.3704405829267
100_20240830 20,1995.7752692791382
100_20240830 21,2376.016426348855
100_20240830 22,2779.0938625999165
100_20240830 23,2945.3833809215757
100_20240831 00,2224.275284283414
100_20240831 01,2742.697048739257
100_20240831 02,2446.507828588363
100_20240831 03,2391.456152908794
100_20240831 04,2185.5219375699335
100_20240831 05,2119.1513348580825
100_20240831 06,2302.839123620668
100_20240831 07,2264.8834557357127
100_20240831 08,1371.2133495149974
100_20240831 09,1304.3214859492027
100_20240831 10,1315.1279416558884
100_20240831 11,1381.0566147540924
100_20240831 12,1439.6660268106034
100_20240831 13,1771.1671467421768
100_20240831 14,1998.442957128624
100_20240831 15,2178.736332921135
100_20240831 16,2504.593982927856
100_20240831 17,2722.0565403147357
100_20240831 18,2798.938290206301
100_20240831 19,2838.3038993956743
100_20240831 20,2774.872657774803
100_20240831 21,2686.2354118556686
100_20240831 22,2768.420943540201
100_20240831 23,2910.7769236510303
