num_date_time,answer
1_20240825 00,4102.9766259175785
1_20240825 01,3974.4866306411113
1_20240825 02,3780.73956542243
1_20240825 03,3546.216825710444
1_20240825 04,3375.6348314175066
1_20240825 05,3440.1406014538206
1_20240825 06,3504.950948605642
1_20240825 07,4051.12309493038
1_20240825 08,4345.742284792181
1_20240825 09,6176.994612561453
1_20240825 10,6270.992548093261
1_20240825 11,6417.673943457727
1_20240825 12,6719.690446135699
1_20240825 13,6872.791489456225
1_20240825 14,6803.074165864389
1_20240825 15,6808.955682357594
1_20240825 16,6827.753807833441
1_20240825 17,6959.5575042806095
1_20240825 18,6874.186167683416
1_20240825 19,6718.685629474821
1_20240825 20,5652.545567139277
1_20240825 21,4528.835344123449
1_20240825 22,4443.579978031568
1_20240825 23,4677.583799340277
1_20240826 00,4261.512666322228
1_20240826 01,3873.628199101694
1_20240826 02,3606.668359985069
1_20240826 03,3404.2075760554044
1_20240826 04,3299.74814442939
1_20240826 05,3423.762263749292
1_20240826 06,3483.5843639450663
1_20240826 07,4112.449000966244
1_20240826 08,4590.382316147307
1_20240826 09,5149.040405290496
1_20240826 10,5467.461139772369
1_20240826 11,5065.140550833565
1_20240826 12,5886.830139418119
1_20240826 13,6142.841012713328
1_20240826 14,6029.074520140045
1_20240826 15,6133.770309997608
1_20240826 16,6052.418396994068
1_20240826 17,6319.373760371585
1_20240826 18,6504.594097130212
1_20240826 19,5827.081621028501
1_20240826 20,4909.017641650169
1_20240826 21,4282.7432779605
1_20240826 22,4905.72874086674
1_20240826 23,5109.454298533063
1_20240827 00,5021.273411570208
1_20240827 01,4705.740239695288
1_20240827 02,4063.4377842239855
1_20240827 03,3777.3703711772514
1_20240827 04,3815.9562711247836
1_20240827 05,3655.596099347523
1_20240827 06,3801.3729899343157
1_20240827 07,4367.8946023972385
1_20240827 08,5093.631911658515
1_20240827 09,5366.679605770469
1_20240827 10,5127.654465509933
1_20240827 11,4687.106717219567
1_20240827 12,5193.196107854138
1_20240827 13,5374.806053287324
1_20240827 14,5429.191303503626
1_20240827 15,5278.019201323977
1_20240827 16,5403.323282779653
1_20240827 17,5612.939055306283
1_20240827 18,5810.711592237435
1_20240827 19,5678.325829949932
1_20240827 20,5099.96285210578
1_20240827 21,4213.295856546312
1_20240827 22,5380.43823589778
1_20240827 23,5572.447796232685
1_20240828 00,5321.1544544827475
1_20240828 01,4846.178412032611
1_20240828 02,4377.619154638749
1_20240828 03,4120.670817186425
1_20240828 04,3987.493361984899
1_20240828 05,4156.510788946515
1_20240828 06,4374.181176049367
1_20240828 07,4407.786352167838
1_20240828 08,4647.528046797078
1_20240828 09,5575.607349821837
1_20240828 10,5475.3260375883765
1_20240828 11,5150.135304466783
1_20240828 12,5730.111364596665
1_20240828 13,6230.5743239424355
1_20240828 14,6230.863996835424
1_20240828 15,6161.055881814664
1_20240828 16,6175.568159456662
1_20240828 17,6271.874467211401
1_20240828 18,6409.855801493832
1_20240828 19,5791.154881811972
1_20240828 20,4779.646671693719
1_20240828 21,4163.692857566089
1_20240828 22,5378.095033958705
1_20240828 23,5423.924469684289
1_20240829 00,5138.7928591609325
1_20240829 01,4528.707688491308
1_20240829 02,4291.332669298028
1_20240829 03,4041.3655388516
1_20240829 04,3905.357437144816
1_20240829 05,3856.1493663292667
1_20240829 06,3877.9974439754287
1_20240829 07,4191.453270517597
1_20240829 08,4986.1170513032885
1_20240829 09,5420.776077634686
1_20240829 10,5387.122393682364
1_20240829 11,5459.582465430789
1_20240829 12,5974.420094885557
1_20240829 13,6176.588599095804
1_20240829 14,6098.61325574126
1_20240829 15,6099.648708194999
1_20240829 16,6157.767725074578
1_20240829 17,6406.718056788106
1_20240829 18,6510.147113740122
1_20240829 19,6169.675368407412
1_20240829 20,5251.441241313312
1_20240829 21,4244.955267971235
1_20240829 22,4394.667227422094
1_20240829 23,4707.301983554984
1_20240830 00,4918.702431741678
1_20240830 01,4269.843348434683
1_20240830 02,4165.176397050058
1_20240830 03,4019.162973652132
1_20240830 04,3799.1255406303476
1_20240830 05,3792.245076580414
1_20240830 06,3821.4120136847937
1_20240830 07,4131.890649968818
1_20240830 08,4790.180660860296
1_20240830 09,5542.09397092419
1_20240830 10,5555.783586268182
1_20240830 11,5409.162117620153
1_20240830 12,5726.442828642041
1_20240830 13,6067.959230016108
1_20240830 14,6072.701780030871
1_20240830 15,5999.049024359954
1_20240830 16,6061.310115480013
1_20240830 17,6354.373161402646
1_20240830 18,6385.278927533349
1_20240830 19,6164.100844975748
1_20240830 20,5363.011555425775
1_20240830 21,4336.339393093733
1_20240830 22,5067.6286104552
1_20240830 23,5283.954810185338
1_20240831 00,5113.098929929831
1_20240831 01,4811.047111042528
1_20240831 02,4294.391638544346
1_20240831 03,4000.9793159691
1_20240831 04,4031.8537086170263
1_20240831 05,4058.4286336156683
1_20240831 06,4046.23172131978
1_20240831 07,4218.623369970113
1_20240831 08,4909.228357609767
1_20240831 09,5654.281153639133
1_20240831 10,5734.673461582293
1_20240831 11,5878.534898029735
1_20240831 12,6210.662048408255
1_20240831 13,6504.98775481122
1_20240831 14,6490.991782036046
1_20240831 15,6244.287556660339
1_20240831 16,6251.486138916163
1_20240831 17,6338.238465599151
1_20240831 18,6498.423467777426
1_20240831 19,6223.296927553933
1_20240831 20,5492.849574835847
1_20240831 21,4177.797730184013
1_20240831 22,4354.591799445534
1_20240831 23,4431.874104051785
2_20240825 00,1080.7372540075276
2_20240825 01,1068.6891444881044
2_20240825 02,1065.427465294555
2_20240825 03,1076.636623057891
2_20240825 04,1081.1585321581006
2_20240825 05,1155.1248980239266
2_20240825 06,1279.6756487457972
2_20240825 07,1358.7535530839784
2_20240825 08,1435.5346780711059
2_20240825 09,1566.8974524368632
2_20240825 10,1730.6758477685073
2_20240825 11,1750.7245588411947
2_20240825 12,1576.4381547969767
2_20240825 13,1562.5473385213
2_20240825 14,1598.7748800893548
2_20240825 15,1666.8551038184548
2_20240825 16,1736.8939769763372
2_20240825 17,1814.2424939041744
2_20240825 18,2283.4055905150644
2_20240825 19,1555.0868860906023
2_20240825 20,1904.8676535076856
2_20240825 21,2815.534474780899
2_20240825 22,1886.0088344035569
2_20240825 23,1955.2463834116659
2_20240826 00,1648.841837369902
2_20240826 01,1320.3232430002029
2_20240826 02,1257.5425335107398
2_20240826 03,1269.4949967086359
2_20240826 04,1258.3924198800032
2_20240826 05,1361.6253894042777
2_20240826 06,1551.107461680802
2_20240826 07,1785.935783328913
2_20240826 08,1876.3830717593987
2_20240826 09,1970.5490252199156
2_20240826 10,2167.160658255232
2_20240826 11,2173.4028059493858
2_20240826 12,1891.554896471877
2_20240826 13,1895.030389471678
2_20240826 14,1966.7643949978892
2_20240826 15,1970.464766854569
2_20240826 16,2033.6618529763318
2_20240826 17,2096.4434200910955
2_20240826 18,2627.703823672215
2_20240826 19,1859.772128003257
2_20240826 20,1931.5827789530229
2_20240826 21,2796.2934679545006
2_20240826 22,1860.0936774540367
2_20240826 23,1873.2260075664772
2_20240827 00,1685.5414298153287
2_20240827 01,1334.4175328496353
2_20240827 02,1287.5441511698973
2_20240827 03,1271.5555782313293
2_20240827 04,1259.827403603912
2_20240827 05,1362.5720241800107
2_20240827 06,1549.1064849823106
2_20240827 07,1757.1991422349547
2_20240827 08,1854.2432507558005
2_20240827 09,1970.0611564192177
2_20240827 10,2138.579014028896
2_20240827 11,2105.4387458358833
2_20240827 12,1908.8008865204752
2_20240827 13,1933.99331789183
2_20240827 14,1942.1684261083851
2_20240827 15,1949.7247588619266
2_20240827 16,2000.8189094934355
2_20240827 17,2062.6406061965477
2_20240827 18,2690.2482352157913
2_20240827 19,1842.32137465198
2_20240827 20,2059.913667258432
2_20240827 21,2860.093099445816
2_20240827 22,1699.9858014933857
2_20240827 23,2008.5462968950367
2_20240828 00,1474.94123355872
2_20240828 01,1239.1841263328565
2_20240828 02,1192.2848382056964
2_20240828 03,1220.7442831557987
2_20240828 04,1228.6326288889659
2_20240828 05,1302.1642468964276
2_20240828 06,1511.5478127939446
2_20240828 07,1734.575037166033
2_20240828 08,1820.3823703671815
2_20240828 09,1908.0595114864243
2_20240828 10,2166.865119958259
2_20240828 11,2151.775153259435
2_20240828 12,1879.2165249669665
2_20240828 13,1862.599803042444
2_20240828 14,1890.5479826052356
2_20240828 15,1934.097676988892
2_20240828 16,2043.021517369905
2_20240828 17,2088.5177266575643
2_20240828 18,2605.8406691880473
2_20240828 19,1816.7217848171904
2_20240828 20,1857.9108929678673
2_20240828 21,2797.747979149897
2_20240828 22,1754.8245127195976
2_20240828 23,1880.5256500622002
2_20240829 00,1590.5030459115314
2_20240829 01,1318.5526203433658
2_20240829 02,1217.1252589647365
2_20240829 03,1214.8704197065579
2_20240829 04,1208.5408795345543
2_20240829 05,1276.5521845324122
2_20240829 06,1428.901645230217
2_20240829 07,1637.4879349417743
2_20240829 08,1727.8092310386623
2_20240829 09,1861.3943827365538
2_20240829 10,1975.7862702162533
2_20240829 11,1939.7779247517935
2_20240829 12,1817.0076791313477
2_20240829 13,1828.3911369604448
2_20240829 14,1875.9434202160874
2_20240829 15,1923.592942546965
2_20240829 16,2000.5758657284155
2_20240829 17,2054.906483046297
2_20240829 18,2603.0829584174453
2_20240829 19,1810.761238311591
2_20240829 20,1906.7892167655978
2_20240829 21,2855.043556907989
2_20240829 22,1810.4807926798794
2_20240829 23,1881.6806662316221
2_20240830 00,1591.1112458299663
2_20240830 01,1218.0135376865892
2_20240830 02,1212.0107554502933
2_20240830 03,1210.6614741192818
2_20240830 04,1208.4236833799275
2_20240830 05,1263.0966337636269
2_20240830 06,1443.6745180279586
2_20240830 07,1687.576467514112
2_20240830 08,1799.7072472407995
2_20240830 09,1891.3035227145488
2_20240830 10,2061.9118483075654
2_20240830 11,1936.0164672502042
2_20240830 12,1811.4865757025395
2_20240830 13,1857.0977433719088
2_20240830 14,1911.5813552140387
2_20240830 15,1922.1207588175555
2_20240830 16,2036.9457283089835
2_20240830 17,1960.4668443975374
2_20240830 18,2308.7542687399664
2_20240830 19,1772.7354860776934
2_20240830 20,1860.1412560512397
2_20240830 21,2445.3076417842462
2_20240830 22,1518.9852140511184
2_20240830 23,1892.2474751068357
2_20240831 00,1436.5980217901706
2_20240831 01,1264.0192697088962
2_20240831 02,1207.1950810708245
2_20240831 03,1206.925080101104
2_20240831 04,1169.7805375934659
2_20240831 05,1188.064661111189
2_20240831 06,1170.371392664769
2_20240831 07,1155.9562391348175
2_20240831 08,1169.4392469869351
2_20240831 09,1211.0621965303787
2_20240831 10,1238.0097419687136
2_20240831 11,1282.3504449511909
2_20240831 12,1281.3869646887101
2_20240831 13,1278.0705320533903
2_20240831 14,1308.185272059214
2_20240831 15,1327.7922754190522
2_20240831 16,1321.6614104755668
2_20240831 17,1239.9519023709438
2_20240831 18,1251.3786819326808
2_20240831 19,1237.4554451034003
2_20240831 20,1207.7834001818605
2_20240831 21,1150.5637526416476
2_20240831 22,1100.9339811792515
2_20240831 23,1047.3724304209632
3_20240825 00,13768.815845048648
3_20240825 01,13736.291082936827
3_20240825 02,13388.314346401858
3_20240825 03,13341.690078823733
3_20240825 04,13454.342142703663
3_20240825 05,13577.760210365223
3_20240825 06,14824.825881721079
3_20240825 07,15153.089217560178
3_20240825 08,15793.779712125663
3_20240825 09,16772.673117272105
3_20240825 10,17123.901806439622
3_20240825 11,17383.18287674566
3_20240825 12,17411.131243725173
3_20240825 13,17492.693341915983
3_20240825 14,17532.19319595922
3_20240825 15,17510.964164836703
3_20240825 16,17427.599809481144
3_20240825 17,16987.218130215297
3_20240825 18,15985.2962819113
3_20240825 19,15509.634234003104
3_20240825 20,14925.517936112872
3_20240825 21,14271.641516760672
3_20240825 22,14136.130773836465
3_20240825 23,14047.469783695196
3_20240826 00,13893.877011821474
3_20240826 01,13622.06127223513
3_20240826 02,13576.940464425308
3_20240826 03,13506.010712413745
3_20240826 04,13911.331813071276
3_20240826 05,15010.387628663524
3_20240826 06,18040.612161252953
3_20240826 07,20932.74795258697
3_20240826 08,23627.398245306602
3_20240826 09,24244.01943922692
3_20240826 10,24488.31588918349
3_20240826 11,24693.364110353676
3_20240826 12,24683.239804655183
3_20240826 13,24634.66010737233
3_20240826 14,24652.04416601104
3_20240826 15,24673.058947255893
3_20240826 16,24247.637093263933
3_20240826 17,23431.97531254506
3_20240826 18,20738.857239841367
3_20240826 19,18611.019431802873
3_20240826 20,18172.622324708518
3_20240826 21,16838.421384991037
3_20240826 22,16134.558391660406
3_20240826 23,15505.522567955046
3_20240827 00,14860.595187119363
3_20240827 01,14668.666634011603
3_20240827 02,14584.525208929346
3_20240827 03,14394.769470466552
3_20240827 04,14736.04864379795
3_20240827 05,15682.03373147779
3_20240827 06,17799.97095571453
3_20240827 07,20527.309506844707
3_20240827 08,22775.84296637764
3_20240827 09,23713.062441402526
3_20240827 10,23596.338796763528
3_20240827 11,23745.966910917457
3_20240827 12,23723.871439746028
3_20240827 13,23688.239173949416
3_20240827 14,23999.305871851335
3_20240827 15,23993.27016645664
3_20240827 16,23592.960525059418
3_20240827 17,22974.578670225652
3_20240827 18,20292.20401061628
3_20240827 19,18928.295479632892
3_20240827 20,18017.21104765332
3_20240827 21,16308.45505984193
3_20240827 22,15234.288412219352
3_20240827 23,14734.553953068293
3_20240828 00,14135.49508384674
3_20240828 01,14126.976491009831
3_20240828 02,13912.222488093863
3_20240828 03,13631.683173406793
3_20240828 04,13932.901466574553
3_20240828 05,14612.842001654086
3_20240828 06,16828.998222711773
3_20240828 07,20185.764968052754
3_20240828 08,22883.086014408374
3_20240828 09,23900.094063450044
3_20240828 10,24201.999459718943
3_20240828 11,24218.549262142653
3_20240828 12,24334.856060937527
3_20240828 13,24387.649162355756
3_20240828 14,24521.645864150792
3_20240828 15,24375.53054667034
3_20240828 16,23964.144905913432
3_20240828 17,23218.846558044792
3_20240828 18,20551.822234198826
3_20240828 19,19132.29767209808
3_20240828 20,18058.866519559408
3_20240828 21,16601.227474715168
3_20240828 22,15958.775892910608
3_20240828 23,15421.770530679536
3_20240829 00,14583.947581771989
3_20240829 01,14325.18830850663
3_20240829 02,13897.657835808113
3_20240829 03,13865.121382967314
3_20240829 04,13936.866872988447
3_20240829 05,14673.065873793637
3_20240829 06,16871.505652494325
3_20240829 07,20034.768803214174
3_20240829 08,22719.625398113967
3_20240829 09,23505.130660789768
3_20240829 10,23889.400721701983
3_20240829 11,24077.148156962812
3_20240829 12,24222.090396008552
3_20240829 13,24254.93539629332
3_20240829 14,24259.69564763595
3_20240829 15,24064.3464493701
3_20240829 16,23678.8617707735
3_20240829 17,22939.719320727203
3_20240829 18,20285.497658452136
3_20240829 19,18263.028681925767
3_20240829 20,17565.604717759365
3_20240829 21,16083.10694886169
3_20240829 22,15830.462185745004
3_20240829 23,14981.639020757355
3_20240830 00,14499.529697236168
3_20240830 01,14193.464156442062
3_20240830 02,14361.25802232341
3_20240830 03,14024.297183952127
3_20240830 04,14166.10149195261
3_20240830 05,14544.572025040678
3_20240830 06,16951.69485055831
3_20240830 07,20212.65701627494
3_20240830 08,22669.915118102566
3_20240830 09,23535.4095140826
3_20240830 10,23840.881130107256
3_20240830 11,24015.18076193218
3_20240830 12,23983.946809400342
3_20240830 13,24027.790292492566
3_20240830 14,24105.926091750494
3_20240830 15,23990.979978053747
3_20240830 16,23638.00711707688
3_20240830 17,22900.34998711027
3_20240830 18,20109.94226876255
3_20240830 19,18738.88298602358
3_20240830 20,17816.871027665005
3_20240830 21,16262.208387916147
3_20240830 22,15433.332804529735
3_20240830 23,15046.741524084933
3_20240831 00,14005.97428138995
3_20240831 01,13590.954142321969
3_20240831 02,13337.23479421626
3_20240831 03,13255.15176140569
3_20240831 04,13634.968146102809
3_20240831 05,14149.318689608961
3_20240831 06,15968.168626426546
3_20240831 07,16938.233611533207
3_20240831 08,18106.90073260376
3_20240831 09,19018.51199069638
3_20240831 10,19283.4676085315
3_20240831 11,19429.748581910833
3_20240831 12,19444.18844416811
3_20240831 13,19171.38131077851
3_20240831 14,19148.36849184684
3_20240831 15,18586.60152838745
3_20240831 16,18273.419188684253
3_20240831 17,17613.07170664842
3_20240831 18,16210.154922355461
3_20240831 19,15562.963071357415
3_20240831 20,14908.239880916644
3_20240831 21,14144.412788604606
3_20240831 22,13854.238687801851
3_20240831 23,13644.575768895196
4_20240825 00,645.0138957511458
4_20240825 01,597.0076834674608
4_20240825 02,591.346445157822
4_20240825 03,597.858340799526
4_20240825 04,632.2402839743257
4_20240825 05,761.3582076597531
4_20240825 06,838.0993145568739
4_20240825 07,904.7123825236906
4_20240825 08,933.792113642517
4_20240825 09,1016.6033100983987
4_20240825 10,1111.031438044226
4_20240825 11,1143.4720053841147
4_20240825 12,1153.2375799366555
4_20240825 13,1188.8754524726937
4_20240825 14,1179.2171826363656
4_20240825 15,1149.0515809529147
4_20240825 16,1148.5646990298371
4_20240825 17,1138.5716527696052
4_20240825 18,1134.9453522074841
4_20240825 19,1112.6918236229467
4_20240825 20,1066.5158465007366
4_20240825 21,970.4401680630265
4_20240825 22,757.055677364337
4_20240825 23,661.5329739698165
4_20240826 00,618.8668904981
4_20240826 01,599.191877133008
4_20240826 02,583.8068788491807
4_20240826 03,586.1087527055022
4_20240826 04,610.8677935895012
4_20240826 05,721.6176717964698
4_20240826 06,795.3201542028512
4_20240826 07,887.4517769077493
4_20240826 08,942.3445626772253
4_20240826 09,1036.857244188011
4_20240826 10,1116.8942592557264
4_20240826 11,1102.0571306129546
4_20240826 12,1101.9760378203541
4_20240826 13,1101.6890154799219
4_20240826 14,1073.8861024581445
4_20240826 15,1063.237271479565
4_20240826 16,1032.1889396796023
4_20240826 17,1029.1415328470296
4_20240826 18,1008.9361994048621
4_20240826 19,923.1823825445717
4_20240826 20,912.2749632624102
4_20240826 21,872.1356429983864
4_20240826 22,731.3194939408479
4_20240826 23,618.1220470290339
4_20240827 00,595.1294527237175
4_20240827 01,580.5380445218528
4_20240827 02,574.8244976389658
4_20240827 03,578.0945440884828
4_20240827 04,603.3179532194247
4_20240827 05,714.7776325766408
4_20240827 06,789.389874513003
4_20240827 07,893.4102060101827
4_20240827 08,897.9734793031062
4_20240827 09,976.7844658596653
4_20240827 10,1017.3650911924751
4_20240827 11,1002.7577057306196
4_20240827 12,1028.6813881594667
4_20240827 13,1029.2413402846532
4_20240827 14,1075.790037741792
4_20240827 15,1045.8659176907004
4_20240827 16,1070.4457986120535
4_20240827 17,1065.019673575938
4_20240827 18,1044.6865218993516
4_20240827 19,999.9524705914462
4_20240827 20,950.948263303641
4_20240827 21,864.0425116763606
4_20240827 22,713.5279427575631
4_20240827 23,601.6517182047605
4_20240828 00,580.0190458134146
4_20240828 01,555.1618065672747
4_20240828 02,548.1840991816464
4_20240828 03,552.6798547620664
4_20240828 04,574.5190760177202
4_20240828 05,683.2623180674171
4_20240828 06,752.3707905033322
4_20240828 07,860.1957125136166
4_20240828 08,900.0486027804259
4_20240828 09,1001.4099323186983
4_20240828 10,1087.2694114360554
4_20240828 11,1094.771958032064
4_20240828 12,1136.9430408204876
4_20240828 13,1156.6910221358519
4_20240828 14,1163.9848078059608
4_20240828 15,1134.0878302972042
4_20240828 16,1132.905712931931
4_20240828 17,1137.9632053501
4_20240828 18,1123.8467880104058
4_20240828 19,1096.9272653575981
4_20240828 20,1066.5341575349378
4_20240828 21,965.6852457999728
4_20240828 22,716.2706152499435
4_20240828 23,625.5298810740252
4_20240829 00,586.9442182632685
4_20240829 01,564.0313596300608
4_20240829 02,560.9534237570988
4_20240829 03,576.4401710436989
4_20240829 04,602.0916359594643
4_20240829 05,697.2148440412759
4_20240829 06,763.3280803933155
4_20240829 07,849.7329289068705
4_20240829 08,896.3636869742804
4_20240829 09,987.44931110496
4_20240829 10,1069.660367925352
4_20240829 11,1087.429651119676
4_20240829 12,1110.36296276561
4_20240829 13,1140.7391780267253
4_20240829 14,1147.6581501000373
4_20240829 15,1125.488125111018
4_20240829 16,1116.5201028282718
4_20240829 17,1136.5872519550678
4_20240829 18,1133.8625520147832
4_20240829 19,1085.888946066549
4_20240829 20,1058.0893487532335
4_20240829 21,930.0914988964314
4_20240829 22,732.9986929496677
4_20240829 23,615.362123128951
4_20240830 00,591.6437330146522
4_20240830 01,557.9298658685827
4_20240830 02,554.2840934555411
4_20240830 03,556.0629115988281
4_20240830 04,585.4012751781705
4_20240830 05,688.9444826771078
4_20240830 06,736.1118403574704
4_20240830 07,838.1091794929778
4_20240830 08,915.7946786997752
4_20240830 09,1009.7595476664013
4_20240830 10,1077.3051397794975
4_20240830 11,1126.371091648875
4_20240830 12,1154.9239471975372
4_20240830 13,1169.9958880635752
4_20240830 14,1156.9327789394501
4_20240830 15,1153.8051909033782
4_20240830 16,1157.7022039422448
4_20240830 17,1148.3395252678192
4_20240830 18,1137.9713260865856
4_20240830 19,1117.3292404392564
4_20240830 20,1066.3932188617225
4_20240830 21,960.0299223377197
4_20240830 22,725.7048813446688
4_20240830 23,645.3431672838259
4_20240831 00,603.4267553349885
4_20240831 01,564.4411220820842
4_20240831 02,557.1162729505962
4_20240831 03,559.822260622178
4_20240831 04,577.7937174249041
4_20240831 05,682.6679349057207
4_20240831 06,735.2764284994518
4_20240831 07,826.2287558213434
4_20240831 08,847.2491052194778
4_20240831 09,955.714379390114
4_20240831 10,1050.4216173829368
4_20240831 11,1094.2592169820628
4_20240831 12,1130.1903749308965
4_20240831 13,1149.2522035620336
4_20240831 14,1146.6052993469393
4_20240831 15,1127.6693786830433
4_20240831 16,1125.137637464628
4_20240831 17,1143.1058002840782
4_20240831 18,1127.4852106816234
4_20240831 19,1089.6079899383894
4_20240831 20,1039.998619360342
4_20240831 21,947.5289778363081
4_20240831 22,747.5286801763808
4_20240831 23,655.0128417160244
5_20240825 00,4073.8497664092183
5_20240825 01,4004.6163414961566
5_20240825 02,3944.8044856151964
5_20240825 03,3853.0180173947497
5_20240825 04,3800.898137485404
5_20240825 05,3786.285869346592
5_20240825 06,3775.3916550801937
5_20240825 07,3811.5547962782894
5_20240825 08,3866.6131248542097
5_20240825 09,4078.1206104427147
5_20240825 10,4165.308969951604
5_20240825 11,4333.34345479799
5_20240825 12,4578.719056222962
5_20240825 13,4664.027432383995
5_20240825 14,4654.786856265613
5_20240825 15,4681.677402759392
5_20240825 16,4624.93284964626
5_20240825 17,4644.4649667782505
5_20240825 18,4539.033088465398
5_20240825 19,4352.004271402181
5_20240825 20,4285.638704649107
5_20240825 21,4231.848321165868
5_20240825 22,4169.914832468629
5_20240825 23,4058.1754805425653
5_20240826 00,4019.484197460595
5_20240826 01,3875.7864921332334
5_20240826 02,3808.3404477201416
5_20240826 03,3755.042440791226
5_20240826 04,3769.6825674995475
5_20240826 05,3778.3897489461024
5_20240826 06,3758.744203899009
5_20240826 07,4066.3760315249096
5_20240826 08,4608.609884760008
5_20240826 09,5360.349158972968
5_20240826 10,6193.924879083758
5_20240826 11,6429.229400261755
5_20240826 12,6528.766111387336
5_20240826 13,6670.658379410362
5_20240826 14,6688.280434733328
5_20240826 15,6682.96500504102
5_20240826 16,6553.949734664331
5_20240826 17,6017.500444220956
5_20240826 18,5498.573707451509
5_20240826 19,5077.461926564629
5_20240826 20,4881.932743197969
5_20240826 21,4685.914387366606
5_20240826 22,4363.842401455291
5_20240826 23,4162.448560505738
5_20240827 00,4042.668347641497
5_20240827 01,3913.6817971094715
5_20240827 02,3830.6988755460693
5_20240827 03,3739.2129977728146
5_20240827 04,3732.18167724842
5_20240827 05,3717.524383626911
5_20240827 06,3716.4545665679543
5_20240827 07,3905.3320649154734
5_20240827 08,4363.977413586545
5_20240827 09,5142.283068092394
5_20240827 10,5680.559325772783
5_20240827 11,5848.444986025741
5_20240827 12,5927.28988954251
5_20240827 13,6032.641089391087
5_20240827 14,6287.934094360886
5_20240827 15,6419.048479504754
5_20240827 16,6328.2714826647925
5_20240827 17,5922.551613745278
5_20240827 18,5479.686168910046
5_20240827 19,4988.643087678171
5_20240827 20,4756.898155318089
5_20240827 21,4495.271049816419
5_20240827 22,4202.892653437182
5_20240827 23,4007.85076798018
5_20240828 00,3938.9760194398496
5_20240828 01,3841.606645600979
5_20240828 02,3771.405588221503
5_20240828 03,3621.152969358597
5_20240828 04,3586.2513094259857
5_20240828 05,3552.98483340846
5_20240828 06,3510.553757815772
5_20240828 07,3780.5107629433232
5_20240828 08,4398.472485776013
5_20240828 09,5290.398916090625
5_20240828 10,5985.983262072723
5_20240828 11,6273.403631264946
5_20240828 12,6499.482021725904
5_20240828 13,6717.633824327333
5_20240828 14,6833.775511544138
5_20240828 15,6774.414242768867
5_20240828 16,6617.230361191952
5_20240828 17,6135.725873860949
5_20240828 18,5617.951638712095
5_20240828 19,5135.204866098
5_20240828 20,4910.914764562635
5_20240828 21,4687.112195313324
5_20240828 22,4361.809774177309
5_20240828 23,4149.815563132931
5_20240829 00,4010.8571337864505
5_20240829 01,3881.0270739609123
5_20240829 02,3778.1649188840465
5_20240829 03,3700.015606390177
5_20240829 04,3656.3184924819034
5_20240829 05,3561.853553955767
5_20240829 06,3571.7374844672404
5_20240829 07,3762.646407084323
5_20240829 08,4357.0196211371685
5_20240829 09,5207.238695731246
5_20240829 10,5831.014953530441
5_20240829 11,6219.077444502511
5_20240829 12,6380.490817942667
5_20240829 13,6576.8330025870655
5_20240829 14,6600.701259217847
5_20240829 15,6620.644462781653
5_20240829 16,6500.6366044092265
5_20240829 17,6002.909923276647
5_20240829 18,5516.651135858269
5_20240829 19,5076.126929636827
5_20240829 20,4829.175967516568
5_20240829 21,4540.974163900795
5_20240829 22,4259.108867168396
5_20240829 23,4048.243579036407
5_20240830 00,3963.562014107671
5_20240830 01,3838.0944356199198
5_20240830 02,3731.215382376754
5_20240830 03,3658.111245443956
5_20240830 04,3600.0019497876046
5_20240830 05,3525.0425506234797
5_20240830 06,3554.6559528150333
5_20240830 07,3815.224882723586
5_20240830 08,4339.764607992666
5_20240830 09,5131.30838983268
5_20240830 10,5914.993675213294
5_20240830 11,6218.662938947097
5_20240830 12,6310.070162609092
5_20240830 13,6478.164075351056
5_20240830 14,6579.666572505755
5_20240830 15,6520.510703184338
5_20240830 16,6324.628509124723
5_20240830 17,5705.266012715249
5_20240830 18,5339.075316576458
5_20240830 19,4899.011731914947
5_20240830 20,4669.032614694917
5_20240830 21,4444.977918602117
5_20240830 22,4147.234294667485
5_20240830 23,3995.0194624288665
5_20240831 00,3880.413630099431
5_20240831 01,3722.6465534317244
5_20240831 02,3671.6045168565342
5_20240831 03,3544.077893655068
5_20240831 04,3522.0256420206733
5_20240831 05,3481.428435140845
5_20240831 06,3447.032257295584
5_20240831 07,3441.834973640918
5_20240831 08,3650.8517734206926
5_20240831 09,3953.018783289242
5_20240831 10,4266.338481845942
5_20240831 11,4367.158288646518
5_20240831 12,4506.916712795285
5_20240831 13,4569.638014348824
5_20240831 14,4559.605988503654
5_20240831 15,4612.393909092138
5_20240831 16,4580.475209270497
5_20240831 17,4594.698330966792
5_20240831 18,4492.396233289081
5_20240831 19,4371.500945033838
5_20240831 20,4266.778782155679
5_20240831 21,4154.345007576008
5_20240831 22,4077.615609118914
5_20240831 23,3928.000069323543
6_20240825 00,1678.822463218727
6_20240825 01,1541.304786672426
6_20240825 02,1561.6113650040113
6_20240825 03,1532.5954578693747
6_20240825 04,1577.4979380307177
6_20240825 05,1628.096144983272
6_20240825 06,1872.750071924092
6_20240825 07,2223.928731301507
6_20240825 08,2746.467214524091
6_20240825 09,3054.2776364475303
6_20240825 10,3081.301109132296
6_20240825 11,2943.568025825373
6_20240825 12,3036.560143129854
6_20240825 13,2982.4064722476533
6_20240825 14,3012.101379705014
6_20240825 15,3047.6285876252628
6_20240825 16,3164.3443105689257
6_20240825 17,3080.447189638437
6_20240825 18,2999.5207125162483
6_20240825 19,2743.1910931895136
6_20240825 20,2637.241738569882
6_20240825 21,2212.827842057345
6_20240825 22,1812.5185139698854
6_20240825 23,1623.8909685666358
6_20240826 00,1774.121503110841
6_20240826 01,1696.9191904915663
6_20240826 02,1758.3960243094516
6_20240826 03,2116.24213428556
6_20240826 04,2960.465890298327
6_20240826 05,3214.5731549498532
6_20240826 06,3562.391419317355
6_20240826 07,3848.0922285502375
6_20240826 08,4782.839396803095
6_20240826 09,5002.920860609005
6_20240826 10,5307.812610517305
6_20240826 11,5416.653046385476
6_20240826 12,5391.977526369355
6_20240826 13,5616.790859839602
6_20240826 14,5526.717654751377
6_20240826 15,5516.903000923068
6_20240826 16,5473.668188744218
6_20240826 17,5182.732390941087
6_20240826 18,4672.514065878922
6_20240826 19,3828.295691262236
6_20240826 20,3500.3920807335417
6_20240826 21,3046.756996974544
6_20240826 22,2453.5311446415417
6_20240826 23,2028.196270530647
6_20240827 00,1967.4155771152714
6_20240827 01,1902.6026170401653
6_20240827 02,2125.838735602226
6_20240827 03,1918.1809603078905
6_20240827 04,2949.9525845235066
6_20240827 05,3247.9158317851084
6_20240827 06,3541.6999442730807
6_20240827 07,3665.1730557998435
6_20240827 08,4530.633885471863
6_20240827 09,4832.287982223408
6_20240827 10,4980.826465425247
6_20240827 11,4900.1063599945155
6_20240827 12,4839.105664377752
6_20240827 13,4947.360910925116
6_20240827 14,5026.396907268677
6_20240827 15,4956.907304721339
6_20240827 16,5000.934201045592
6_20240827 17,4807.478441647596
6_20240827 18,4450.004497396345
6_20240827 19,3771.9606336764673
6_20240827 20,3368.03119302586
6_20240827 21,2870.7935236256653
6_20240827 22,2374.2905607405214
6_20240827 23,1943.9079258150214
6_20240828 00,1849.8269029289768
6_20240828 01,1740.598110036562
6_20240828 02,1703.3758078509863
6_20240828 03,1583.3989183106266
6_20240828 04,2930.3739158443655
6_20240828 05,3090.295052877017
6_20240828 06,3271.4206033088058
6_20240828 07,3440.913630536168
6_20240828 08,4533.773097201798
6_20240828 09,4919.368443398553
6_20240828 10,5193.497111564053
6_20240828 11,5166.66873821988
6_20240828 12,5177.414902904307
6_20240828 13,5482.480188048209
6_20240828 14,5573.591473298113
6_20240828 15,5485.179251055034
6_20240828 16,5304.562291246555
6_20240828 17,5191.07072333032
6_20240828 18,4670.026874590921
6_20240828 19,3850.1707941281343
6_20240828 20,3406.2347315308575
6_20240828 21,2921.5287172440358
6_20240828 22,2335.6272694753375
6_20240828 23,1970.8109521016959
6_20240829 00,1731.0615220625473
6_20240829 01,1579.4443037784213
6_20240829 02,1665.87564584755
6_20240829 03,1576.7590683334597
6_20240829 04,2958.0389111286704
6_20240829 05,3065.2321802367933
6_20240829 06,3250.6130372964344
6_20240829 07,3428.980272978347
6_20240829 08,4439.190002570851
6_20240829 09,4793.459485595772
6_20240829 10,5097.041594395065
6_20240829 11,5101.818528842236
6_20240829 12,5291.526638538126
6_20240829 13,5492.183968742114
6_20240829 14,5513.1333728870395
6_20240829 15,5495.733451042122
6_20240829 16,5406.536838857072
6_20240829 17,5193.863886063858
6_20240829 18,4663.228432782264
6_20240829 19,3800.060001084698
6_20240829 20,3341.4822122221717
6_20240829 21,2898.78053092475
6_20240829 22,2385.9005570877034
6_20240829 23,1961.56687624902
6_20240830 00,1671.4803650236602
6_20240830 01,1557.5078257280318
6_20240830 02,1607.170119079305
6_20240830 03,1517.954115992708
6_20240830 04,2818.4844488653785
6_20240830 05,3073.6889507297938
6_20240830 06,3337.3554879056105
6_20240830 07,3499.298696162602
6_20240830 08,4520.899735667864
6_20240830 09,4861.87540872946
6_20240830 10,5224.355351638298
6_20240830 11,5150.083910914098
6_20240830 12,5097.334538930487
6_20240830 13,5471.744369229493
6_20240830 14,5459.885174958532
6_20240830 15,5321.001086042233
6_20240830 16,5204.779800788965
6_20240830 17,4966.168898843596
6_20240830 18,4430.889002001675
6_20240830 19,3644.940952670687
6_20240830 20,3199.929083609592
6_20240830 21,2648.416975335397
6_20240830 22,2085.4597994120986
6_20240830 23,1592.2514753197613
6_20240831 00,1552.9659651402662
6_20240831 01,1422.9751282071666
6_20240831 02,1442.4523280966964
6_20240831 03,1428.8310071303822
6_20240831 04,1467.786746408218
6_20240831 05,1473.1166326177647
6_20240831 06,1853.4622132500554
6_20240831 07,2050.5601779460694
6_20240831 08,2687.1360771092905
6_20240831 09,2947.309889079978
6_20240831 10,2919.281906262547
6_20240831 11,2843.195353784229
6_20240831 12,2986.5809158376132
6_20240831 13,2925.2201930613674
6_20240831 14,2953.557602866136
6_20240831 15,2944.621847411786
6_20240831 16,2990.716188503719
6_20240831 17,2923.8956524452205
6_20240831 18,2892.3417819050032
6_20240831 19,2621.4439435777485
6_20240831 20,2536.5255788652275
6_20240831 21,2285.55580552314
6_20240831 22,1844.8476420833397
6_20240831 23,1524.9899446888112
7_20240825 00,4931.445989367991
7_20240825 01,4914.417820037481
7_20240825 02,4910.856873125669
7_20240825 03,5007.700454977061
7_20240825 04,4923.325946487292
7_20240825 05,4920.214280150005
7_20240825 06,4853.865833443582
7_20240825 07,4801.124940466828
7_20240825 08,4725.203329443062
7_20240825 09,4774.253301435111
7_20240825 10,4772.869432741747
7_20240825 11,4805.448863775457
7_20240825 12,4803.966004061098
7_20240825 13,4808.863789075084
7_20240825 14,4809.787090676352
7_20240825 15,4807.332576150028
7_20240825 16,4857.883982200052
7_20240825 17,4911.8757627794785
7_20240825 18,4861.441141044274
7_20240825 19,4696.3746210875515
7_20240825 20,4666.941217695304
7_20240825 21,4558.362025370581
7_20240825 22,4805.999198283647
7_20240825 23,4727.724462059012
7_20240826 00,5167.880915024812
7_20240826 01,5358.992701898178
7_20240826 02,5336.196958633567
7_20240826 03,5347.088711525885
7_20240826 04,5378.736362976856
7_20240826 05,5360.5728847447
7_20240826 06,5323.276580506212
7_20240826 07,5315.125382891388
7_20240826 08,5148.265000253691
7_20240826 09,5224.3101584937285
7_20240826 10,5273.6984457429435
7_20240826 11,5350.097874904661
7_20240826 12,5326.581637011939
7_20240826 13,5331.5239830567525
7_20240826 14,5308.570995401585
7_20240826 15,5286.542016468335
7_20240826 16,5267.069871080783
7_20240826 17,5297.13124523724
7_20240826 18,5248.526638221519
7_20240826 19,5017.7766818497075
7_20240826 20,4921.725164031539
7_20240826 21,4913.304008272686
7_20240826 22,4940.480739738117
7_20240826 23,4983.009028292005
7_20240827 00,5341.899133467851
7_20240827 01,5478.503280107022
7_20240827 02,5458.467384746096
7_20240827 03,5501.377798569289
7_20240827 04,5585.921127365073
7_20240827 05,5553.422396506592
7_20240827 06,5504.746564070949
7_20240827 07,5484.945917992521
7_20240827 08,5278.325868431446
7_20240827 09,5290.547086298227
7_20240827 10,5218.66229922725
7_20240827 11,5278.408777221366
7_20240827 12,5236.314451218777
7_20240827 13,5154.1750462408345
7_20240827 14,5160.136745372774
7_20240827 15,5145.779693140395
7_20240827 16,5201.054652098727
7_20240827 17,5239.392501407125
7_20240827 18,5229.583085048493
7_20240827 19,5097.378828749
7_20240827 20,5019.634084326133
7_20240827 21,4957.93349753195
7_20240827 22,4971.943817490961
7_20240827 23,4941.513450136692
7_20240828 00,5183.06737137218
7_20240828 01,5430.157158428104
7_20240828 02,5354.929206379189
7_20240828 03,5419.284761687116
7_20240828 04,5428.070094463246
7_20240828 05,5384.078229451383
7_20240828 06,5257.676182130823
7_20240828 07,5297.154031674694
7_20240828 08,5183.638507770584
7_20240828 09,5152.211684863946
7_20240828 10,5242.788601765756
7_20240828 11,5294.817107698681
7_20240828 12,5266.00624644303
7_20240828 13,5246.76456094821
7_20240828 14,5248.18105003374
7_20240828 15,5287.65785804989
7_20240828 16,5251.055985500919
7_20240828 17,5271.104068771847
7_20240828 18,5285.149958361089
7_20240828 19,5204.612249934633
7_20240828 20,5167.795058177503
7_20240828 21,5105.4050292213815
7_20240828 22,4999.4281926967415
7_20240828 23,4999.753502222023
7_20240829 00,5214.350164778006
7_20240829 01,5396.215352411292
7_20240829 02,5358.027104752047
7_20240829 03,5404.596177171703
7_20240829 04,5411.249785351074
7_20240829 05,5403.471681211051
7_20240829 06,5352.300922840866
7_20240829 07,5316.870431917998
7_20240829 08,5169.466834720431
7_20240829 09,5196.394171936308
7_20240829 10,5229.774096541629
7_20240829 11,5308.94365488364
7_20240829 12,5257.491932902471
7_20240829 13,5252.581638982083
7_20240829 14,5266.628719327342
7_20240829 15,5234.888132338658
7_20240829 16,5198.355330153363
7_20240829 17,5247.141160458149
7_20240829 18,5271.382034248301
7_20240829 19,5120.3439190725585
7_20240829 20,5057.500826547566
7_20240829 21,4975.25283996801
7_20240829 22,4979.435136709961
7_20240829 23,4917.987077317311
7_20240830 00,5184.658643239336
7_20240830 01,5366.954031155463
7_20240830 02,5322.802810252502
7_20240830 03,5338.966719148395
7_20240830 04,5358.626278448023
7_20240830 05,5350.939907472898
7_20240830 06,5321.178581235535
7_20240830 07,5301.423210518753
7_20240830 08,5120.204094157562
7_20240830 09,5191.755327689691
7_20240830 10,5219.866080554216
7_20240830 11,5270.061400323697
7_20240830 12,5185.599555831114
7_20240830 13,5216.835173793571
7_20240830 14,5173.649302821475
7_20240830 15,5238.6500834794315
7_20240830 16,5223.028688689575
7_20240830 17,5252.173517811336
7_20240830 18,5245.503295124424
7_20240830 19,5029.827623944635
7_20240830 20,5036.812800304042
7_20240830 21,4929.974286725379
7_20240830 22,4919.136948900448
7_20240830 23,4857.50828598925
7_20240831 00,5106.74635071752
7_20240831 01,5275.468076877253
7_20240831 02,5279.066146546079
7_20240831 03,5283.452637853146
7_20240831 04,5312.700798094755
7_20240831 05,5270.684892502373
7_20240831 06,5234.386660922616
7_20240831 07,5194.478093577834
7_20240831 08,5024.568656537411
7_20240831 09,5044.837317745994
7_20240831 10,5088.382536620757
7_20240831 11,5155.59151456019
7_20240831 12,5150.209063074415
7_20240831 13,5167.365976001548
7_20240831 14,5186.476408017698
7_20240831 15,5191.43140098291
7_20240831 16,5199.390899808867
7_20240831 17,5232.365238851884
7_20240831 18,5222.964721201313
7_20240831 19,5024.5121212024105
7_20240831 20,4928.366881928732
7_20240831 21,4888.865240546999
7_20240831 22,4889.687302798037
7_20240831 23,4720.731472712025
8_20240825 00,684.8405159259644
8_20240825 01,609.4748474456975
8_20240825 02,569.7430071191876
8_20240825 03,550.793002228933
8_20240825 04,542.3231828667817
8_20240825 05,520.2109924959906
8_20240825 06,513.3508516384318
8_20240825 07,513.4491444198297
8_20240825 08,524.6225290289294
8_20240825 09,586.1677001223784
8_20240825 10,594.0076737271519
8_20240825 11,655.5294074703955
8_20240825 12,696.3160062605084
8_20240825 13,735.5243429800382
8_20240825 14,732.19601849334
8_20240825 15,750.0133526885802
8_20240825 16,760.9079922499224
8_20240825 17,774.5314170058929
8_20240825 18,745.3275895885752
8_20240825 19,756.8081915030858
8_20240825 20,770.6664522201993
8_20240825 21,762.5996791243632
8_20240825 22,711.2227366506048
8_20240825 23,737.6032480913065
8_20240826 00,684.7487928474462
8_20240826 01,618.2380174499588
8_20240826 02,594.7564656242055
8_20240826 03,579.8182739913414
8_20240826 04,545.6147091112028
8_20240826 05,536.9589320974094
8_20240826 06,522.479747719795
8_20240826 07,614.4173006310325
8_20240826 08,785.1770417114224
8_20240826 09,1107.3025709898807
8_20240826 10,1352.4823539788686
8_20240826 11,1438.376198536915
8_20240826 12,1466.8785547096554
8_20240826 13,1494.1254414862442
8_20240826 14,1515.4321906382092
8_20240826 15,1462.7933003204153
8_20240826 16,1289.3613949488881
8_20240826 17,1128.5860145520892
8_20240826 18,963.3123577310055
8_20240826 19,827.8863970790989
8_20240826 20,787.3006813120297
8_20240826 21,744.1700518660346
8_20240826 22,733.1728477636548
8_20240826 23,728.3470127841198
8_20240827 00,728.5321957917038
8_20240827 01,724.1654086659507
8_20240827 02,690.9170455152732
8_20240827 03,656.0862017123076
8_20240827 04,572.9922294364715
8_20240827 05,540.1119755440325
8_20240827 06,535.1354989794738
8_20240827 07,614.9484557029734
8_20240827 08,769.5546497021652
8_20240827 09,1066.4806873948876
8_20240827 10,1212.4674095963046
8_20240827 11,1311.5729519996728
8_20240827 12,1331.9709587006676
8_20240827 13,1355.7478037027126
8_20240827 14,1339.3959952704668
8_20240827 15,1293.8281470948996
8_20240827 16,1189.9140052127154
8_20240827 17,1116.3007225127237
8_20240827 18,950.0156693207979
8_20240827 19,814.5760223973159
8_20240827 20,767.9487658339098
8_20240827 21,717.2434008571047
8_20240827 22,699.9049959347797
8_20240827 23,699.1520202988888
8_20240828 00,696.4644369341663
8_20240828 01,693.9976678731293
8_20240828 02,658.539841559339
8_20240828 03,632.4679795478951
8_20240828 04,557.7782816753668
8_20240828 05,526.290803588117
8_20240828 06,519.814357267268
8_20240828 07,606.434659024224
8_20240828 08,740.2507196231609
8_20240828 09,1039.260845777506
8_20240828 10,1280.756843147482
8_20240828 11,1349.2869437824565
8_20240828 12,1419.3498449715544
8_20240828 13,1463.154626381477
8_20240828 14,1482.6936817501862
8_20240828 15,1441.7219887305641
8_20240828 16,1280.6648194617478
8_20240828 17,1118.6777234651872
8_20240828 18,954.9157161479309
8_20240828 19,815.2119628348685
8_20240828 20,787.4230617630466
8_20240828 21,730.2079212232736
8_20240828 22,712.7040065743622
8_20240828 23,700.3850315457632
8_20240829 00,698.1226061757338
8_20240829 01,693.0519681893227
8_20240829 02,665.9674811119517
8_20240829 03,634.7984377591638
8_20240829 04,567.4399850954862
8_20240829 05,530.1098762205115
8_20240829 06,517.7480200838058
8_20240829 07,590.9760906240662
8_20240829 08,739.4902139997199
8_20240829 09,1028.5289792575732
8_20240829 10,1262.995644465859
8_20240829 11,1362.4644592668851
8_20240829 12,1403.137179267542
8_20240829 13,1429.6398881546788
8_20240829 14,1436.659116276765
8_20240829 15,1343.4736959759466
8_20240829 16,1213.2975825916465
8_20240829 17,1076.308548275847
8_20240829 18,900.6316435643079
8_20240829 19,800.7087596877055
8_20240829 20,766.7250360086892
8_20240829 21,715.962791754983
8_20240829 22,705.2750181960907
8_20240829 23,697.1654249955764
8_20240830 00,692.1490978732216
8_20240830 01,680.0714936033428
8_20240830 02,650.2967702844857
8_20240830 03,626.1603938483972
8_20240830 04,551.3497586967167
8_20240830 05,520.0034298073277
8_20240830 06,514.2795145339587
8_20240830 07,587.8746572404356
8_20240830 08,739.8000193742937
8_20240830 09,1034.1096903130185
8_20240830 10,1207.0165548028206
8_20240830 11,1279.837562588311
8_20240830 12,1353.0795346153614
8_20240830 13,1388.60070812799
8_20240830 14,1394.151390558306
8_20240830 15,1336.2995950131858
8_20240830 16,1184.9985938537707
8_20240830 17,1037.4935190459548
8_20240830 18,890.4365368078018
8_20240830 19,787.8829163054081
8_20240830 20,753.4172283059253
8_20240830 21,711.7092107357458
8_20240830 22,682.2323470339621
8_20240830 23,700.2070791864575
8_20240831 00,683.6069023482637
8_20240831 01,652.733918203502
8_20240831 02,620.9408312627068
8_20240831 03,578.1230456758683
8_20240831 04,526.3697504001269
8_20240831 05,505.02931421727317
8_20240831 06,498.50582480353813
8_20240831 07,500.2294559031666
8_20240831 08,511.2741977560472
8_20240831 09,621.6416508500274
8_20240831 10,645.3988695896912
8_20240831 11,712.3798335693918
8_20240831 12,732.1926908904318
8_20240831 13,743.7209128007611
8_20240831 14,734.7852044933677
8_20240831 15,729.3248542598897
8_20240831 16,744.2465898512146
8_20240831 17,752.4402399133453
8_20240831 18,704.9466725337983
8_20240831 19,697.5225193053141
8_20240831 20,742.470462400705
8_20240831 21,721.8882103372484
8_20240831 22,645.8577487140935
8_20240831 23,691.6785880222462
9_20240825 00,2140.507687515453
9_20240825 01,1948.0532212293313
9_20240825 02,1879.8332444913403
9_20240825 03,1802.0563359518947
9_20240825 04,1878.2440543768644
9_20240825 05,2011.2555507201782
9_20240825 06,2196.909525394758
9_20240825 07,2771.6008707825713
9_20240825 08,3214.685250627873
9_20240825 09,3852.2394891050485
9_20240825 10,4245.094233932068
9_20240825 11,4393.283954876652
9_20240825 12,4281.692215307883
9_20240825 13,4431.623469046284
9_20240825 14,4551.082596722485
9_20240825 15,4462.711428490801
9_20240825 16,4341.737593394348
9_20240825 17,3972.146471511396
9_20240825 18,3467.0686290737804
9_20240825 19,3039.2842809573367
9_20240825 20,2820.3221866922167
9_20240825 21,2663.539105869915
9_20240825 22,2474.068216816944
9_20240825 23,2286.2329358970355
9_20240826 00,2025.6548902217874
9_20240826 01,1836.7237663367346
9_20240826 02,1741.0134002837058
9_20240826 03,1705.7340033069063
9_20240826 04,1760.3164246046308
9_20240826 05,1946.6864264456901
9_20240826 06,2068.0229247605216
9_20240826 07,2565.9742353846505
9_20240826 08,3046.0160901898316
9_20240826 09,3581.879872399686
9_20240826 10,3939.606570520552
9_20240826 11,4041.6223110283854
9_20240826 12,4097.704910087364
9_20240826 13,4261.735018580821
9_20240826 14,4459.632179357579
9_20240826 15,4394.961460228209
9_20240826 16,4048.0114853766136
9_20240826 17,3721.327407199864
9_20240826 18,3139.806283146452
9_20240826 19,2864.406049812962
9_20240826 20,2719.059731259188
9_20240826 21,2549.3050253597594
9_20240826 22,2419.297113700226
9_20240826 23,2164.288175742725
9_20240827 00,1962.8525279386745
9_20240827 01,1772.185308213568
9_20240827 02,1720.8431879760494
9_20240827 03,1698.4364332955386
9_20240827 04,1735.5898648404063
9_20240827 05,1825.7732197574855
9_20240827 06,1944.1567558227991
9_20240827 07,2483.912936402471
9_20240827 08,2851.8757260698103
9_20240827 09,3479.6528266270157
9_20240827 10,3655.7324925076814
9_20240827 11,3708.717731552746
9_20240827 12,3650.6830290228972
9_20240827 13,3733.756177387352
9_20240827 14,3776.067032221732
9_20240827 15,3875.8889616618835
9_20240827 16,3756.9005568565035
9_20240827 17,3357.551172596931
9_20240827 18,2952.8842715842716
9_20240827 19,2756.2937498962096
9_20240827 20,2600.10300099395
9_20240827 21,2353.242993125451
9_20240827 22,2193.651274669047
9_20240827 23,2033.7099730019895
9_20240828 00,1885.0562216809803
9_20240828 01,1707.2311472264316
9_20240828 02,1649.153651982108
9_20240828 03,1635.7816633303385
9_20240828 04,1671.571357275977
9_20240828 05,1804.3953784299529
9_20240828 06,1960.4420743028074
9_20240828 07,2305.1667791862583
9_20240828 08,2644.5138329122824
9_20240828 09,3313.5316028321267
9_20240828 10,3711.514198920932
9_20240828 11,3822.294767664121
9_20240828 12,3746.9078535471285
9_20240828 13,3911.5979642408647
9_20240828 14,4157.523601769319
9_20240828 15,4007.2016824804195
9_20240828 16,3811.7592378471754
9_20240828 17,3465.7666559377317
9_20240828 18,3008.830228892425
9_20240828 19,2605.976579179368
9_20240828 20,2408.8898485667905
9_20240828 21,2343.260224168254
9_20240828 22,2100.0951855352837
9_20240828 23,1924.4765696547745
9_20240829 00,1805.324015616999
9_20240829 01,1677.7217668747703
9_20240829 02,1608.9158837994546
9_20240829 03,1598.5998177848383
9_20240829 04,1651.2471436388705
9_20240829 05,1716.1923200653282
9_20240829 06,1884.1587271063154
9_20240829 07,2218.6717376985853
9_20240829 08,2729.0994497155884
9_20240829 09,3429.9823568678603
9_20240829 10,3813.0904755265155
9_20240829 11,4029.3834334834382
9_20240829 12,4048.989657815715
9_20240829 13,4218.747023474571
9_20240829 14,4250.175826138901
9_20240829 15,4351.284638428604
9_20240829 16,4039.0487164137603
9_20240829 17,3603.107037270557
9_20240829 18,3130.441256109159
9_20240829 19,2891.0747472552794
9_20240829 20,2730.3217653352976
9_20240829 21,2510.025840084413
9_20240829 22,2249.83933585973
9_20240829 23,2010.531578721765
9_20240830 00,1847.4886991251801
9_20240830 01,1721.7848932168672
9_20240830 02,1621.9789732398244
9_20240830 03,1599.4036316952854
9_20240830 04,1702.6876946820767
9_20240830 05,1907.905937687246
9_20240830 06,1944.1565355837413
9_20240830 07,2261.222320295675
9_20240830 08,2914.561737861224
9_20240830 09,3601.202706902885
9_20240830 10,3989.691617947464
9_20240830 11,4242.817412428299
9_20240830 12,4185.668813934845
9_20240830 13,4288.676850732103
9_20240830 14,4432.067222616362
9_20240830 15,4439.921683297514
9_20240830 16,4260.39107568996
9_20240830 17,3990.537060423233
9_20240830 18,3433.8687788988796
9_20240830 19,3070.7165580272217
9_20240830 20,2933.352319858811
9_20240830 21,2710.0056740096434
9_20240830 22,2441.9189583817083
9_20240830 23,2202.539293015199
9_20240831 00,1975.9499851814503
9_20240831 01,1858.8992272722019
9_20240831 02,1751.9691659683608
9_20240831 03,1699.4004538032948
9_20240831 04,1796.0396587212058
9_20240831 05,1986.905154774633
9_20240831 06,2060.7629563004157
9_20240831 07,2387.8326707969454
9_20240831 08,2804.5893903982374
9_20240831 09,3465.243224085749
9_20240831 10,3868.29684508644
9_20240831 11,4129.417372929912
9_20240831 12,4135.559304916109
9_20240831 13,4278.622257990314
9_20240831 14,4423.560857854995
9_20240831 15,4460.3747713959365
9_20240831 16,4377.243599987695
9_20240831 17,4127.439569768139
9_20240831 18,3596.9368961848704
9_20240831 19,3056.232129123662
9_20240831 20,2785.299595654128
9_20240831 21,2668.0173827284225
9_20240831 22,2481.0348270673458
9_20240831 23,2211.2091413982344
10_20240825 00,5823.056035480206
10_20240825 01,5471.680274984699
10_20240825 02,4981.828965104891
10_20240825 03,4684.2743878910915
10_20240825 04,4675.219701657083
10_20240825 05,4671.990838972357
10_20240825 06,5003.603920775961
10_20240825 07,5661.537656894176
10_20240825 08,6568.60612602468
10_20240825 09,6969.847519593374
10_20240825 10,7380.478589724691
10_20240825 11,7078.25465969325
10_20240825 12,7040.682136904836
10_20240825 13,7345.666799975068
10_20240825 14,7376.71877439933
10_20240825 15,7443.504579384397
10_20240825 16,7646.88306083371
10_20240825 17,7412.276248858027
10_20240825 18,6936.216647848058
10_20240825 19,7119.674092236284
10_20240825 20,6858.567366911011
10_20240825 21,6394.548804655476
10_20240825 22,6339.490448311347
10_20240825 23,6133.4873044746655
10_20240826 00,5430.6667096915935
10_20240826 01,4890.883223313792
10_20240826 02,4748.177821840121
10_20240826 03,4501.7282513066875
10_20240826 04,4459.936212932109
10_20240826 05,4414.383426816789
10_20240826 06,4601.91108252676
10_20240826 07,5161.934597520874
10_20240826 08,6135.818251557232
10_20240826 09,6538.669028809349
10_20240826 10,6760.351403316257
10_20240826 11,6633.986126298598
10_20240826 12,6660.095933133247
10_20240826 13,6762.768193974485
10_20240826 14,6870.669284310286
10_20240826 15,6681.6861318808205
10_20240826 16,6798.437573009903
10_20240826 17,6768.194637033675
10_20240826 18,6307.421777937487
10_20240826 19,6209.962746296307
10_20240826 20,5960.068232163289
10_20240826 21,5715.065393030296
10_20240826 22,5444.104833415249
10_20240826 23,5505.7639713593635
10_20240827 00,4916.846672383683
10_20240827 01,4617.064928780719
10_20240827 02,4339.21336855687
10_20240827 03,4110.937313539693
10_20240827 04,4154.74071794219
10_20240827 05,4149.835949316234
10_20240827 06,4363.599300017919
10_20240827 07,4791.99579826887
10_20240827 08,5754.43299783882
10_20240827 09,6275.693128632001
10_20240827 10,6458.335858534689
10_20240827 11,6420.137112780223
10_20240827 12,6391.264568553473
10_20240827 13,6472.920282687051
10_20240827 14,6441.352130117433
10_20240827 15,6492.50316581645
10_20240827 16,6621.0562622808775
10_20240827 17,6498.782389136599
10_20240827 18,6135.325796919475
10_20240827 19,5921.725910485947
10_20240827 20,5684.9714778158805
10_20240827 21,5225.440753635477
10_20240827 22,5045.459545016585
10_20240827 23,5048.161982848145
10_20240828 00,4540.383947526241
10_20240828 01,4334.954645088305
10_20240828 02,4149.796505460941
10_20240828 03,4057.711104917947
10_20240828 04,4121.573572730636
10_20240828 05,4125.776177662164
10_20240828 06,4243.213277248204
10_20240828 07,4630.404047877906
10_20240828 08,5485.131947481643
10_20240828 09,6201.373832232586
10_20240828 10,6505.538754881865
10_20240828 11,6455.1503825726995
10_20240828 12,6570.790145611149
10_20240828 13,6777.626098929994
10_20240828 14,6764.212573043596
10_20240828 15,6868.279767927727
10_20240828 16,6790.495044241231
10_20240828 17,6650.143770892701
10_20240828 18,6150.086230071779
10_20240828 19,6075.712029495109
10_20240828 20,5758.093573745546
10_20240828 21,5476.927036656847
10_20240828 22,5100.757961868386
10_20240828 23,5109.455369570345
10_20240829 00,4695.549933927619
10_20240829 01,4420.131038875348
10_20240829 02,4257.207503069371
10_20240829 03,4164.655358095882
10_20240829 04,4152.920353682157
10_20240829 05,4146.211048158859
10_20240829 06,4263.0337062199105
10_20240829 07,4542.406179426387
10_20240829 08,5434.80856961746
10_20240829 09,6221.44720934949
10_20240829 10,6539.449958228139
10_20240829 11,6604.890911248331
10_20240829 12,6675.460001622625
10_20240829 13,6862.698949639601
10_20240829 14,6870.685269594114
10_20240829 15,6907.127842274992
10_20240829 16,6793.752565232729
10_20240829 17,6711.68333694942
10_20240829 18,6355.678000894624
10_20240829 19,6455.391918231009
10_20240829 20,6372.046652508521
10_20240829 21,5804.762957001201
10_20240829 22,5597.19304351296
10_20240829 23,5480.00955118693
10_20240830 00,4906.312798969779
10_20240830 01,4602.151261077694
10_20240830 02,4437.703133821963
10_20240830 03,4325.091583680202
10_20240830 04,4338.534737422011
10_20240830 05,4306.244983460108
10_20240830 06,4406.433005378859
10_20240830 07,4790.29361612607
10_20240830 08,5786.6972014694975
10_20240830 09,6428.719115656399
10_20240830 10,6776.6441949567
10_20240830 11,6644.065779104958
10_20240830 12,6682.009692696438
10_20240830 13,6877.215567418012
10_20240830 14,7023.519793952631
10_20240830 15,7238.830429774968
10_20240830 16,7221.199025350939
10_20240830 17,7113.683422366516
10_20240830 18,6705.579980426374
10_20240830 19,6857.017045043503
10_20240830 20,6612.514848945939
10_20240830 21,6362.167288280966
10_20240830 22,5971.744917758249
10_20240830 23,5936.291154736404
10_20240831 00,5221.956987911777
10_20240831 01,4778.154474369146
10_20240831 02,4554.121390920931
10_20240831 03,4400.198920612247
10_20240831 04,4381.401198335437
10_20240831 05,4370.272361297526
10_20240831 06,4489.191236389552
10_20240831 07,5151.960639012054
10_20240831 08,5874.152279251448
10_20240831 09,6417.080684404917
10_20240831 10,6724.804819808534
10_20240831 11,6716.464630832962
10_20240831 12,6805.527102722506
10_20240831 13,7106.770724927757
10_20240831 14,7170.429352737736
10_20240831 15,7358.668008268453
10_20240831 16,7501.378774969553
10_20240831 17,7446.557068239992
10_20240831 18,7151.926045994665
10_20240831 19,7088.47932529072
10_20240831 20,7025.232932609965
10_20240831 21,6758.920654373418
10_20240831 22,6489.217937053207
10_20240831 23,6204.866513862507
11_20240825 00,1440.8665196812617
11_20240825 01,1181.1515478512338
11_20240825 02,1029.604740035542
11_20240825 03,919.8669196023911
11_20240825 04,851.7946312795427
11_20240825 05,815.4457851672094
11_20240825 06,844.0865481151718
11_20240825 07,948.7718973706017
11_20240825 08,1130.5217371929034
11_20240825 09,1326.9854849141775
11_20240825 10,1480.2886326942803
11_20240825 11,1554.2513857997433
11_20240825 12,1689.9048722120979
11_20240825 13,1737.1818714451606
11_20240825 14,1773.6356125019697
11_20240825 15,1775.9005069155078
11_20240825 16,1795.2269775574123
11_20240825 17,1840.3685914097086
11_20240825 18,1996.5452786673927
11_20240825 19,2032.2644545466087
11_20240825 20,2057.579666452029
11_20240825 21,2067.4587707014525
11_20240825 22,1957.8771799505253
11_20240825 23,1768.3627155332451
11_20240826 00,1409.4719609705792
11_20240826 01,1101.6889965044638
11_20240826 02,958.5924895673461
11_20240826 03,893.9991966078428
11_20240826 04,823.257651947112
11_20240826 05,793.248399294676
11_20240826 06,874.2731048126416
11_20240826 07,1111.4304083695724
11_20240826 08,1202.3719272551941
11_20240826 09,1225.7715449429347
11_20240826 10,1231.807919138028
11_20240826 11,1260.2493630728322
11_20240826 12,1458.647864668265
11_20240826 13,1512.8679995117209
11_20240826 14,1527.5691185317633
11_20240826 15,1486.3414983813107
11_20240826 16,1506.9446362750327
11_20240826 17,1626.4245368738614
11_20240826 18,1852.1200135235158
11_20240826 19,1964.4504996807373
11_20240826 20,1981.9304696577942
11_20240826 21,1986.7118521429352
11_20240826 22,1932.2735563614262
11_20240826 23,1766.8883466290881
11_20240827 00,1427.1157161598258
11_20240827 01,1128.207249859835
11_20240827 02,982.2064906874741
11_20240827 03,919.968492439915
11_20240827 04,848.5428537722332
11_20240827 05,811.8589083811665
11_20240827 06,871.0129548709907
11_20240827 07,1111.1026089574445
11_20240827 08,1177.715677656266
11_20240827 09,1105.5185353175175
11_20240827 10,1084.504582127061
11_20240827 11,1115.8374378014696
11_20240827 12,1191.1940699608908
11_20240827 13,1266.5322637077616
11_20240827 14,1282.4190345766638
11_20240827 15,1311.819445614212
11_20240827 16,1327.1800987535698
11_20240827 17,1454.3801457201616
11_20240827 18,1627.541656172321
11_20240827 19,1644.2719297536644
11_20240827 20,1648.0561949036612
11_20240827 21,1632.436725718676
11_20240827 22,1551.0854604852516
11_20240827 23,1423.614242328561
11_20240828 00,1169.9794147452117
11_20240828 01,946.0350796708467
11_20240828 02,806.0111516692265
11_20240828 03,762.0710087543691
11_20240828 04,722.2854909045307
11_20240828 05,699.8941050256293
11_20240828 06,761.2436343362233
11_20240828 07,1017.08048428264
11_20240828 08,1113.95538450852
11_20240828 09,1087.3252474953697
11_20240828 10,1083.5714171456618
11_20240828 11,1091.3731051995794
11_20240828 12,1171.7020450286482
11_20240828 13,1244.2246951772618
11_20240828 14,1247.3987624621307
11_20240828 15,1262.6911875623
11_20240828 16,1300.7285701220599
11_20240828 17,1406.3358521225798
11_20240828 18,1593.1918909825117
11_20240828 19,1620.0773237580088
11_20240828 20,1633.7779195152752
11_20240828 21,1647.5748747627126
11_20240828 22,1579.6976187997402
11_20240828 23,1409.7053308093036
11_20240829 00,1180.4313114380311
11_20240829 01,1002.9469905776723
11_20240829 02,864.9483843545595
11_20240829 03,765.3807033496602
11_20240829 04,724.5202067418903
11_20240829 05,705.7078723157371
11_20240829 06,756.9914253963132
11_20240829 07,992.1197163333865
11_20240829 08,1081.8074113210237
11_20240829 09,1060.513572679256
11_20240829 10,1068.6918059935033
11_20240829 11,1113.1076475092327
11_20240829 12,1187.8113659281455
11_20240829 13,1284.2279468391544
11_20240829 14,1264.588287847941
11_20240829 15,1356.8864762439955
11_20240829 16,1360.0658962189618
11_20240829 17,1398.3091445816467
11_20240829 18,1562.111161533921
11_20240829 19,1548.3457787094949
11_20240829 20,1586.0484565952993
11_20240829 21,1583.484157254903
11_20240829 22,1500.3733137674099
11_20240829 23,1389.4426510138196
11_20240830 00,1158.1768465300709
11_20240830 01,972.7783907344178
11_20240830 02,836.0982543856878
11_20240830 03,755.9804861110204
11_20240830 04,715.3807212110214
11_20240830 05,695.9359327117111
11_20240830 06,742.9768777510806
11_20240830 07,1001.6452046209193
11_20240830 08,1080.695717441954
11_20240830 09,1053.3611261771814
11_20240830 10,1058.3865713897108
11_20240830 11,1083.015440255243
11_20240830 12,1222.6359863873322
11_20240830 13,1309.3545236473392
11_20240830 14,1357.7410131870874
11_20240830 15,1413.8496275418374
11_20240830 16,1389.2064962071258
11_20240830 17,1484.2246373114085
11_20240830 18,1594.2193706718172
11_20240830 19,1648.3601545458191
11_20240830 20,1566.0133411208685
11_20240830 21,1591.8998210268232
11_20240830 22,1507.0065582487582
11_20240830 23,1377.1783124480703
11_20240831 00,1168.293542518355
11_20240831 01,964.6454623216496
11_20240831 02,790.8378464259476
11_20240831 03,748.3729003037845
11_20240831 04,710.237234591152
11_20240831 05,684.8962532399356
11_20240831 06,715.4560863377542
11_20240831 07,839.8279648212949
11_20240831 08,1040.6530294176587
11_20240831 09,1141.4981599331304
11_20240831 10,1203.8761173992866
11_20240831 11,1210.4871215079406
11_20240831 12,1343.97513126773
11_20240831 13,1396.6157340139057
11_20240831 14,1326.4503542836485
11_20240831 15,1326.6652052727095
11_20240831 16,1342.3332745792873
11_20240831 17,1446.0518467653592
11_20240831 18,1540.5268715744241
11_20240831 19,1485.6060701088563
11_20240831 20,1532.6229873283296
11_20240831 21,1550.4676135023458
11_20240831 22,1487.8044536643708
11_20240831 23,1366.5435954523396
12_20240825 00,4856.3156350414065
12_20240825 01,4749.174780791751
12_20240825 02,4659.067898647667
12_20240825 03,4641.783936151541
12_20240825 04,4602.316128916643
12_20240825 05,4619.987040593234
12_20240825 06,4629.396024399768
12_20240825 07,4739.803270350219
12_20240825 08,4765.944168788878
12_20240825 09,4832.001184719734
12_20240825 10,4977.695345467544
12_20240825 11,5025.542997518707
12_20240825 12,5140.759360637591
12_20240825 13,5324.582704500029
12_20240825 14,5502.50036037716
12_20240825 15,5629.370771173003
12_20240825 16,5845.7834774274625
12_20240825 17,5886.610879111432
12_20240825 18,5785.186681995243
12_20240825 19,5745.9258902173515
12_20240825 20,5659.72114008428
12_20240825 21,5617.556227445715
12_20240825 22,5457.161999909621
12_20240825 23,5028.098187174097
12_20240826 00,4883.229155073204
12_20240826 01,4770.75165202571
12_20240826 02,4660.901847627925
12_20240826 03,4645.931099117003
12_20240826 04,4617.010089013494
12_20240826 05,4687.189861408783
12_20240826 06,4756.641899454333
12_20240826 07,5277.440710947653
12_20240826 08,6316.762674849237
12_20240826 09,7852.0165660292905
12_20240826 10,8272.189009727892
12_20240826 11,8418.006126635519
12_20240826 12,8260.891083303068
12_20240826 13,8590.156216852245
12_20240826 14,8799.423164965752
12_20240826 15,8713.10690567315
12_20240826 16,8619.756862277969
12_20240826 17,8291.60401006183
12_20240826 18,7428.404426237751
12_20240826 19,6820.584086604797
12_20240826 20,6472.761628933507
12_20240826 21,6322.632480536386
12_20240826 22,5693.474050641687
12_20240826 23,5190.798240518147
12_20240827 00,4982.956547499371
12_20240827 01,4859.431752227736
12_20240827 02,4706.734683776792
12_20240827 03,4650.696962469619
12_20240827 04,4629.086769723754
12_20240827 05,4668.47869386588
12_20240827 06,4798.813454056554
12_20240827 07,5309.5662076459785
12_20240827 08,6259.873668649483
12_20240827 09,7578.867309261467
12_20240827 10,7948.926759689925
12_20240827 11,8135.692805135587
12_20240827 12,7885.593630393761
12_20240827 13,8296.71644771925
12_20240827 14,8533.82305774625
12_20240827 15,8533.59955612428
12_20240827 16,8307.460755629236
12_20240827 17,7963.401953751661
12_20240827 18,7249.075096063198
12_20240827 19,6628.46635662776
12_20240827 20,6346.644380093693
12_20240827 21,6144.661090372665
12_20240827 22,5614.612637468865
12_20240827 23,5092.286402684935
12_20240828 00,4881.439963308542
12_20240828 01,4728.364314664705
12_20240828 02,4588.165226942207
12_20240828 03,4533.350117958493
12_20240828 04,4511.916472256338
12_20240828 05,4560.909632625811
12_20240828 06,4666.23450190203
12_20240828 07,5223.095155846209
12_20240828 08,6092.782905325537
12_20240828 09,7413.658028664537
12_20240828 10,7835.769301918205
12_20240828 11,8131.236399868244
12_20240828 12,8007.315985973852
12_20240828 13,8287.5461933586
12_20240828 14,8454.023675214132
12_20240828 15,8582.603945760857
12_20240828 16,8532.54152252867
12_20240828 17,8207.09124897746
12_20240828 18,7352.834885137621
12_20240828 19,6872.947569994849
12_20240828 20,6368.304407690968
12_20240828 21,6206.814397752931
12_20240828 22,5633.633802741055
12_20240828 23,5112.740672600663
12_20240829 00,4892.137231429471
12_20240829 01,4741.210748562049
12_20240829 02,4627.017897937867
12_20240829 03,4551.038125691917
12_20240829 04,4529.988756637109
12_20240829 05,4578.266495582639
12_20240829 06,4649.944888536487
12_20240829 07,5207.713147940318
12_20240829 08,6044.163126801779
12_20240829 09,7278.323851694668
12_20240829 10,7940.503178155438
12_20240829 11,8111.037411306981
12_20240829 12,8067.64467125552
12_20240829 13,8377.667121165818
12_20240829 14,8572.249761280917
12_20240829 15,8635.891921667459
12_20240829 16,8511.406360610581
12_20240829 17,7953.1018911909505
12_20240829 18,7156.617384766434
12_20240829 19,6643.182942317849
12_20240829 20,6278.991391349704
12_20240829 21,6067.522509652264
12_20240829 22,5523.451414821373
12_20240829 23,5031.881763323209
12_20240830 00,4857.17119860963
12_20240830 01,4698.81267375307
12_20240830 02,4564.249371319821
12_20240830 03,4516.844233465654
12_20240830 04,4487.776175340128
12_20240830 05,4541.44076072575
12_20240830 06,4619.871609153195
12_20240830 07,5208.988955169603
12_20240830 08,5965.154244117329
12_20240830 09,7157.688665165102
12_20240830 10,7805.521381506664
12_20240830 11,8105.154268575185
12_20240830 12,7960.646399466976
12_20240830 13,8373.796415069426
12_20240830 14,8595.93647666583
12_20240830 15,8638.333914130384
12_20240830 16,8408.558460200235
12_20240830 17,8161.7443862955915
12_20240830 18,7181.227991262535
12_20240830 19,6578.031853962086
12_20240830 20,6124.277826178557
12_20240830 21,5946.077852298903
12_20240830 22,5436.105512131332
12_20240830 23,4903.7192852151875
12_20240831 00,4660.097501294913
12_20240831 01,4535.010221808137
12_20240831 02,4458.853604011223
12_20240831 03,4446.943436523114
12_20240831 04,4415.980243895032
12_20240831 05,4428.210907965542
12_20240831 06,4448.156180449483
12_20240831 07,4550.395417807211
12_20240831 08,4701.163713680089
12_20240831 09,4850.221147016023
12_20240831 10,5011.468367585085
12_20240831 11,5072.076151969687
12_20240831 12,5306.2493581641
12_20240831 13,5377.9907171158275
12_20240831 14,5438.656837802982
12_20240831 15,5641.9297087217
12_20240831 16,5765.723727730224
12_20240831 17,5765.46294671684
12_20240831 18,5717.203729822504
12_20240831 19,5520.733234570245
12_20240831 20,5387.465424961422
12_20240831 21,5372.600080531523
12_20240831 22,5162.863421050595
12_20240831 23,4792.845508664587
13_20240825 00,2121.0370837044975
13_20240825 01,2062.412562706648
13_20240825 02,2034.600333690071
13_20240825 03,2032.4828830181161
13_20240825 04,1979.0291970230985
13_20240825 05,1920.5413397131356
13_20240825 06,1919.4512007203343
13_20240825 07,1886.4568394785554
13_20240825 08,1821.5697472700208
13_20240825 09,1800.522097648819
13_20240825 10,1814.750163603721
13_20240825 11,1764.909174590625
13_20240825 12,1750.399163257247
13_20240825 13,1797.8002290053316
13_20240825 14,1776.371599129861
13_20240825 15,1816.9677105133542
13_20240825 16,1878.8478807556971
13_20240825 17,1959.2356214700872
13_20240825 18,2027.013473581394
13_20240825 19,2040.9548766764128
13_20240825 20,2042.1155610129113
13_20240825 21,2031.698131698719
13_20240825 22,2017.664927744678
13_20240825 23,2013.083435168311
13_20240826 00,2391.5490093528924
13_20240826 01,2510.8424490441994
13_20240826 02,2469.061051716636
13_20240826 03,2467.736028396732
13_20240826 04,2165.0790449252827
13_20240826 05,2019.6915579362098
13_20240826 06,2072.2826206496093
13_20240826 07,2126.161773935796
13_20240826 08,2315.4245817635265
13_20240826 09,2862.1987529859275
13_20240826 10,3215.11681122524
13_20240826 11,3108.326406538123
13_20240826 12,2856.875707179778
13_20240826 13,3125.9219965088187
13_20240826 14,2687.4230302397127
13_20240826 15,2964.686443093362
13_20240826 16,2711.776185807843
13_20240826 17,2763.1383715416764
13_20240826 18,2543.0799797285613
13_20240826 19,2473.9465440650583
13_20240826 20,2313.20730902774
13_20240826 21,2246.1492318448386
13_20240826 22,2117.476995926318
13_20240826 23,2341.277263134816
13_20240827 00,2478.372607263726
13_20240827 01,2492.4652017174485
13_20240827 02,2473.845177831711
13_20240827 03,2473.1054478126534
13_20240827 04,2136.807488198965
13_20240827 05,2031.3474864299335
13_20240827 06,2041.7779883093576
13_20240827 07,2082.830507500292
13_20240827 08,2226.7776539615115
13_20240827 09,2770.5083145915296
13_20240827 10,3136.231810727334
13_20240827 11,3058.6841561008623
13_20240827 12,2894.9016161749887
13_20240827 13,3093.553494416289
13_20240827 14,2671.636117661184
13_20240827 15,2910.1228545429894
13_20240827 16,2608.7310025211477
13_20240827 17,2647.397441572448
13_20240827 18,2495.873681248462
13_20240827 19,2342.784932687592
13_20240827 20,2270.668324828024
13_20240827 21,2159.71066246978
13_20240827 22,2041.1486634422427
13_20240827 23,2259.8029728460388
13_20240828 00,2420.6794542863445
13_20240828 01,2434.079441633352
13_20240828 02,2414.0914238778614
13_20240828 03,2406.018850928537
13_20240828 04,2059.18992462258
13_20240828 05,1950.5972958459115
13_20240828 06,1961.8787306132276
13_20240828 07,2003.5325729506612
13_20240828 08,2219.240945542586
13_20240828 09,2669.5653029102723
13_20240828 10,3024.4745764044283
13_20240828 11,2962.4055246459147
13_20240828 12,2848.8568599970204
13_20240828 13,2985.027581094983
13_20240828 14,2507.9113167090136
13_20240828 15,2807.749193565865
13_20240828 16,2531.7000032995115
13_20240828 17,2600.5155291967358
13_20240828 18,2437.400186222855
13_20240828 19,2320.9878186689994
13_20240828 20,2236.2090443746406
13_20240828 21,2151.974525275784
13_20240828 22,2035.9374818425704
13_20240828 23,2265.1990778374384
13_20240829 00,2405.557089599679
13_20240829 01,2396.242984054865
13_20240829 02,2378.4615691003128
13_20240829 03,2368.7348799950037
13_20240829 04,2047.8092496376803
13_20240829 05,1946.4116231645821
13_20240829 06,1944.342302612405
13_20240829 07,1985.2588490071912
13_20240829 08,2108.5529558205335
13_20240829 09,2615.8510165628472
13_20240829 10,2980.851533423216
13_20240829 11,2914.2707295759556
13_20240829 12,2768.3382537087637
13_20240829 13,2950.7144501156654
13_20240829 14,2426.3964573167004
13_20240829 15,2719.7844237467634
13_20240829 16,2458.8302387511276
13_20240829 17,2543.7831340201083
13_20240829 18,2392.0163513935113
13_20240829 19,2273.459959655134
13_20240829 20,2218.1567811500527
13_20240829 21,2118.7307293886734
13_20240829 22,2029.0512050298184
13_20240829 23,2236.1110977165913
13_20240830 00,2374.7648624374324
13_20240830 01,2390.8020137409544
13_20240830 02,2378.7507726143044
13_20240830 03,2372.0864481227927
13_20240830 04,2041.4759237233066
13_20240830 05,1905.583855411332
13_20240830 06,1905.3649827600968
13_20240830 07,1933.070829296602
13_20240830 08,2108.6737653756013
13_20240830 09,2537.1795127669357
13_20240830 10,2927.856943560465
13_20240830 11,2855.8462781599783
13_20240830 12,2612.1832577451273
13_20240830 13,2813.0157220165347
13_20240830 14,2269.5035574388603
13_20240830 15,2553.611479046115
13_20240830 16,2241.833594773874
13_20240830 17,2379.114240607005
13_20240830 18,2227.4029864354134
13_20240830 19,2147.4381008495243
13_20240830 20,2043.4248127335095
13_20240830 21,2002.6077333833077
13_20240830 22,1930.8040028278588
13_20240830 23,2193.9242996322673
13_20240831 00,2293.6994984547027
13_20240831 01,2286.760579268568
13_20240831 02,2274.894731225635
13_20240831 03,2272.149229538946
13_20240831 04,1959.7014837513525
13_20240831 05,1814.992176024805
13_20240831 06,1798.8120001936254
13_20240831 07,1777.6732041104458
13_20240831 08,1732.2251481360695
13_20240831 09,1730.0260617730373
13_20240831 10,1722.5200392089796
13_20240831 11,1599.9646552744591
13_20240831 12,1684.9434684061894
13_20240831 13,1653.0860625191344
13_20240831 14,1263.549586502878
13_20240831 15,1452.7379010150169
13_20240831 16,1360.1671368978016
13_20240831 17,1571.2389718165743
13_20240831 18,1894.555021057711
13_20240831 19,1905.2134331048599
13_20240831 20,1913.7383229959655
13_20240831 21,1909.0247712348087
13_20240831 22,1904.8882652617963
13_20240831 23,2116.495745052957
14_20240825 00,3252.0131180507733
14_20240825 01,3141.3374319150807
14_20240825 02,3109.3896982513143
14_20240825 03,3073.7873409645736
14_20240825 04,3020.8731222379415
14_20240825 05,2975.0078181178615
14_20240825 06,2949.740442957189
14_20240825 07,2967.3656073114407
14_20240825 08,3208.801146045683
14_20240825 09,3351.1716747671744
14_20240825 10,3413.0105793580515
14_20240825 11,3499.6600855765964
14_20240825 12,3540.6613691464718
14_20240825 13,3634.08306241494
14_20240825 14,3680.693419978583
14_20240825 15,3818.1826521532876
14_20240825 16,3872.2060598944836
14_20240825 17,3974.8108686665637
14_20240825 18,3863.3999937266462
14_20240825 19,3823.6382855532684
14_20240825 20,3806.769414800581
14_20240825 21,3673.2903343531298
14_20240825 22,3548.0406045464233
14_20240825 23,3421.7308848017774
14_20240826 00,3279.7587526003454
14_20240826 01,3207.076960450896
14_20240826 02,3112.952895539212
14_20240826 03,3095.4175075367743
14_20240826 04,3040.2290292185576
14_20240826 05,3091.642325779843
14_20240826 06,3279.866194490258
14_20240826 07,3400.738210524846
14_20240826 08,3953.2529883162524
14_20240826 09,6426.274369327242
14_20240826 10,6941.959739245932
14_20240826 11,6948.85169227579
14_20240826 12,6641.455965802628
14_20240826 13,7006.335764829393
14_20240826 14,7183.251998870195
14_20240826 15,7186.040850388163
14_20240826 16,7167.466479418815
14_20240826 17,6506.292512943406
14_20240826 18,5115.946337831144
14_20240826 19,4670.040603290288
14_20240826 20,4402.560174867032
14_20240826 21,4100.326235511884
14_20240826 22,3618.4694953748312
14_20240826 23,3471.1695606066473
14_20240827 00,3274.745112456564
14_20240827 01,3190.340188159087
14_20240827 02,3137.609462482371
14_20240827 03,3065.1022022457
14_20240827 04,3040.2603158003412
14_20240827 05,3074.049451251196
14_20240827 06,3238.5171026373664
14_20240827 07,3367.155659143882
14_20240827 08,3920.2355528808375
14_20240827 09,6255.522696014172
14_20240827 10,6667.06844531655
14_20240827 11,6786.968546207436
14_20240827 12,6396.23210739726
14_20240827 13,6813.210471303892
14_20240827 14,6878.305590853512
14_20240827 15,6958.228768526373
14_20240827 16,6871.7992839746485
14_20240827 17,6221.270484587365
14_20240827 18,4993.9246578336915
14_20240827 19,4491.875368879306
14_20240827 20,4263.527966265534
14_20240827 21,3977.286723941832
14_20240827 22,3546.037714524553
14_20240827 23,3387.8534519729
14_20240828 00,3188.421814002332
14_20240828 01,3120.6795039562376
14_20240828 02,3032.110464885843
14_20240828 03,3003.0166725025633
14_20240828 04,2975.7195356084203
14_20240828 05,3019.964368399394
14_20240828 06,3184.1520208705656
14_20240828 07,3260.487201704206
14_20240828 08,3880.3468149790992
14_20240828 09,6091.638696060626
14_20240828 10,6638.608154807509
14_20240828 11,6817.126872007704
14_20240828 12,6633.336406787205
14_20240828 13,7020.300519841809
14_20240828 14,7106.94006955698
14_20240828 15,7134.605457988906
14_20240828 16,7120.234196769143
14_20240828 17,6484.073492537042
14_20240828 18,5105.2140495779595
14_20240828 19,4645.029289319798
14_20240828 20,4366.478874163531
14_20240828 21,4030.822892999563
14_20240828 22,3604.36793469162
14_20240828 23,3458.7925351243966
14_20240829 00,3235.8934689905545
14_20240829 01,3145.0913351929876
14_20240829 02,3064.616483780844
14_20240829 03,3035.4151838017674
14_20240829 04,3008.3257139177636
14_20240829 05,3058.3646507951007
14_20240829 06,3194.164821047378
14_20240829 07,3271.0520671002682
14_20240829 08,3705.06221837426
14_20240829 09,5947.704149236074
14_20240829 10,6418.902521028326
14_20240829 11,6522.877706911763
14_20240829 12,6392.521530275426
14_20240829 13,6692.521467833652
14_20240829 14,6801.438997721252
14_20240829 15,6931.275229200598
14_20240829 16,6845.397504797689
14_20240829 17,6265.366049827602
14_20240829 18,4911.407591270242
14_20240829 19,4439.90787517802
14_20240829 20,4233.326402868853
14_20240829 21,3888.272986955693
14_20240829 22,3461.4106353717193
14_20240829 23,3336.3090752261814
14_20240830 00,3154.132799113687
14_20240830 01,3060.9016266873678
14_20240830 02,3012.4026809841407
14_20240830 03,2953.8366167848335
14_20240830 04,2933.5245103918896
14_20240830 05,2996.094617910935
14_20240830 06,3133.184158590515
14_20240830 07,3199.888956160915
14_20240830 08,3768.311208137162
14_20240830 09,5983.288201283227
14_20240830 10,6323.89546112788
14_20240830 11,6530.56033192091
14_20240830 12,6299.2390768766145
14_20240830 13,6603.433646428174
14_20240830 14,6734.09975808803
14_20240830 15,6781.576936766201
14_20240830 16,6764.100077306748
14_20240830 17,6204.182817008308
14_20240830 18,4846.055337596348
14_20240830 19,4420.111184896222
14_20240830 20,4062.2962581089423
14_20240830 21,3757.594043697157
14_20240830 22,3361.8197722129553
14_20240830 23,3217.125529538488
14_20240831 00,3090.9226465184474
14_20240831 01,2994.0551577367846
14_20240831 02,2953.609519321548
14_20240831 03,2945.2596432311675
14_20240831 04,2924.7175017578215
14_20240831 05,2900.908204584735
14_20240831 06,2870.9363650962787
14_20240831 07,2896.0182930768724
14_20240831 08,3055.809102455164
14_20240831 09,3283.3934340475234
14_20240831 10,3396.760013142013
14_20240831 11,3414.9443661847213
14_20240831 12,3471.4202752729116
14_20240831 13,3518.9622292076965
14_20240831 14,3686.47995061013
14_20240831 15,3900.6455882808596
14_20240831 16,3961.927009373231
14_20240831 17,3913.4382410077546
14_20240831 18,3712.4227949384913
14_20240831 19,3650.8379097267725
14_20240831 20,3608.379258003684
14_20240831 21,3456.968102185965
14_20240831 22,3293.3964162040825
14_20240831 23,3209.117862535074
15_20240825 00,2834.8118191744634
15_20240825 01,2827.8978200845304
15_20240825 02,2834.5240262505363
15_20240825 03,2833.0472729657586
15_20240825 04,2832.8782232059493
15_20240825 05,2830.8103451733214
15_20240825 06,2815.204455519779
15_20240825 07,2811.74867361028
15_20240825 08,2676.6474250371166
15_20240825 09,2514.3047782381373
15_20240825 10,2386.7769000570106
15_20240825 11,2440.3616185839724
15_20240825 12,2441.913109093485
15_20240825 13,2358.2633696383537
15_20240825 14,2391.587315230424
15_20240825 15,2659.1781085921593
15_20240825 16,2750.5489169447765
15_20240825 17,2841.6176112949183
15_20240825 18,2885.421530995138
15_20240825 19,2951.6296286954944
15_20240825 20,2915.8034113346503
15_20240825 21,2891.0189023878547
15_20240825 22,2885.015114993853
15_20240825 23,2859.2206903430697
15_20240826 00,2911.20697856491
15_20240826 01,2904.7262310777014
15_20240826 02,2895.0890394260205
15_20240826 03,2895.696630518038
15_20240826 04,2914.950971818153
15_20240826 05,2993.779865854707
15_20240826 06,3146.021642619997
15_20240826 07,3450.2831989382453
15_20240826 08,3555.0094869478
15_20240826 09,3966.2926805816232
15_20240826 10,4154.873929617816
15_20240826 11,4196.6131422430235
15_20240826 12,4149.261616634345
15_20240826 13,4284.606367121679
15_20240826 14,4528.805668340301
15_20240826 15,4611.192229383194
15_20240826 16,4612.178216146884
15_20240826 17,4592.205336899238
15_20240826 18,3797.7991478513773
15_20240826 19,3661.964671740983
15_20240826 20,3519.531840291666
15_20240826 21,3358.514135518315
15_20240826 22,3211.381334121176
15_20240826 23,3159.6776131746346
15_20240827 00,3096.550836633942
15_20240827 01,3055.4321269735838
15_20240827 02,3063.270208059682
15_20240827 03,3045.7611917869463
15_20240827 04,3067.0395773574255
15_20240827 05,3103.031984835906
15_20240827 06,3255.53050229114
15_20240827 07,3419.5650541991554
15_20240827 08,3596.6161011091745
15_20240827 09,3974.8339009044294
15_20240827 10,4130.89262437948
15_20240827 11,3906.061100643405
15_20240827 12,3862.350071190248
15_20240827 13,4211.251716292538
15_20240827 14,4479.628166479399
15_20240827 15,4514.378902912974
15_20240827 16,4559.197584685339
15_20240827 17,4550.192844006183
15_20240827 18,3855.64846745772
15_20240827 19,3668.7145553166465
15_20240827 20,3518.4789335477826
15_20240827 21,3291.2625978946935
15_20240827 22,3164.6876532013434
15_20240827 23,3082.093988747526
15_20240828 00,3036.6686035539446
15_20240828 01,2999.194959086577
15_20240828 02,2983.902151776794
15_20240828 03,2973.450200418445
15_20240828 04,2984.5409452031217
15_20240828 05,3053.353283791079
15_20240828 06,3191.98064253499
15_20240828 07,3302.118617988366
15_20240828 08,3558.930001088459
15_20240828 09,4226.598355502863
15_20240828 10,4175.432846900412
15_20240828 11,4063.277817636224
15_20240828 12,3935.3162239243793
15_20240828 13,4048.021585656752
15_20240828 14,4206.962201053658
15_20240828 15,4373.8042295579835
15_20240828 16,4468.173083728978
15_20240828 17,4242.028739106201
15_20240828 18,3756.74434125652
15_20240828 19,3472.7775013459886
15_20240828 20,3374.741944278888
15_20240828 21,3262.727143261163
15_20240828 22,3147.629505202969
15_20240828 23,3103.8770539500174
15_20240829 00,3021.3616720089303
15_20240829 01,2997.497553995964
15_20240829 02,2969.190816398064
15_20240829 03,2935.4292110383203
15_20240829 04,2940.0808182969313
15_20240829 05,2979.753195462928
15_20240829 06,3125.100655387316
15_20240829 07,3210.1976856698357
15_20240829 08,3405.9099510687756
15_20240829 09,3730.656238223638
15_20240829 10,3811.4364372148007
15_20240829 11,3652.858736605046
15_20240829 12,3784.844722741357
15_20240829 13,3892.2168014025947
15_20240829 14,3910.482557057628
15_20240829 15,3970.4359242308788
15_20240829 16,3947.8480726456987
15_20240829 17,3965.6138874320945
15_20240829 18,3622.449203665513
15_20240829 19,3464.0199764907393
15_20240829 20,3286.0249648629924
15_20240829 21,3147.989219818738
15_20240829 22,3022.4844272335504
15_20240829 23,2981.2290741214833
15_20240830 00,2906.6718784214527
15_20240830 01,2872.4109995580443
15_20240830 02,2851.812454704931
15_20240830 03,2842.7922821595394
15_20240830 04,2846.2997096513236
15_20240830 05,2936.8915386376857
15_20240830 06,3026.215593318766
15_20240830 07,3160.1335997972255
15_20240830 08,3319.1829028260017
15_20240830 09,3680.009738680439
15_20240830 10,3600.9046468795686
15_20240830 11,3438.6216990378093
15_20240830 12,3477.652639437528
15_20240830 13,3570.28863886975
15_20240830 14,3745.7324941595534
15_20240830 15,3728.6401256455724
15_20240830 16,3724.8006080675636
15_20240830 17,3671.851972424993
15_20240830 18,3196.274403609827
15_20240830 19,3078.622152454943
15_20240830 20,3025.0429629754644
15_20240830 21,2918.3435055460395
15_20240830 22,2853.227817013758
15_20240830 23,2818.285324734718
15_20240831 00,2741.0464376091877
15_20240831 01,2724.9368780404793
15_20240831 02,2719.5729669579187
15_20240831 03,2719.518597533796
15_20240831 04,2711.9395933120722
15_20240831 05,2718.069020943515
15_20240831 06,2697.985986948112
15_20240831 07,2618.3382050870287
15_20240831 08,2532.7510700535613
15_20240831 09,2385.6466903649853
15_20240831 10,2247.401011640504
15_20240831 11,2180.660032859128
15_20240831 12,2151.338792346871
15_20240831 13,2107.922976149624
15_20240831 14,2360.102855629306
15_20240831 15,2463.70606211527
15_20240831 16,2643.475108945144
15_20240831 17,2664.4742165060684
15_20240831 18,2753.6862857617734
15_20240831 19,2825.7512852518603
15_20240831 20,2825.8016989219145
15_20240831 21,2804.609106033631
15_20240831 22,2790.468553639121
15_20240831 23,2767.061770315052
16_20240825 00,758.9094910427846
16_20240825 01,758.2048313429679
16_20240825 02,758.1223479790126
16_20240825 03,757.5403817296326
16_20240825 04,758.770754273985
16_20240825 05,752.8779695606494
16_20240825 06,747.2754977414646
16_20240825 07,744.3675477901943
16_20240825 08,759.0831761791469
16_20240825 09,781.4764473484103
16_20240825 10,794.6501511783252
16_20240825 11,798.7638639280483
16_20240825 12,798.7910988703593
16_20240825 13,801.3227435113865
16_20240825 14,806.317142520844
16_20240825 15,809.1801021163376
16_20240825 16,803.8839335274544
16_20240825 17,789.7404636515014
16_20240825 18,784.5835101725552
16_20240825 19,774.5528222875566
16_20240825 20,770.7743403211136
16_20240825 21,766.8126907445304
16_20240825 22,765.4584483434197
16_20240825 23,758.945908935634
16_20240826 00,760.7366690539661
16_20240826 01,757.6339107801705
16_20240826 02,759.1009797745894
16_20240826 03,758.5494530096357
16_20240826 04,809.2674692265425
16_20240826 05,1001.8689299953569
16_20240826 06,1248.2679828329901
16_20240826 07,1402.588357377197
16_20240826 08,1594.7484766871748
16_20240826 09,1692.254557167472
16_20240826 10,1675.1172678112382
16_20240826 11,1665.3994493815428
16_20240826 12,1680.3538362142747
16_20240826 13,1681.6963152184198
16_20240826 14,1652.8415485774626
16_20240826 15,1650.604602403008
16_20240826 16,1619.1202683156303
16_20240826 17,1544.6237750649896
16_20240826 18,1173.8604667441791
16_20240826 19,950.6953595017559
16_20240826 20,863.2108722186729
16_20240826 21,804.7218718537994
16_20240826 22,781.4346563937986
16_20240826 23,758.9465909369345
16_20240827 00,756.1671552070368
16_20240827 01,756.5745688857783
16_20240827 02,758.1062814098293
16_20240827 03,756.0102817863844
16_20240827 04,763.1927923774813
16_20240827 05,946.5488467520734
16_20240827 06,1195.04215588423
16_20240827 07,1328.7526986425382
16_20240827 08,1503.5408837191198
16_20240827 09,1602.5545255754942
16_20240827 10,1569.9675967319672
16_20240827 11,1554.9269225135681
16_20240827 12,1590.895190539698
16_20240827 13,1613.2272448857366
16_20240827 14,1553.2411026488185
16_20240827 15,1543.3496213192936
16_20240827 16,1511.065392319913
16_20240827 17,1452.502774640511
16_20240827 18,1145.967740520493
16_20240827 19,936.2999323957766
16_20240827 20,851.8725694794331
16_20240827 21,789.765354181651
16_20240827 22,770.925750854706
16_20240827 23,754.4267154811702
16_20240828 00,744.1521343259095
16_20240828 01,745.8543916901601
16_20240828 02,747.6704309475979
16_20240828 03,746.7509207292994
16_20240828 04,750.6976839027234
16_20240828 05,871.683177775348
16_20240828 06,1112.3560584915301
16_20240828 07,1255.9458339885116
16_20240828 08,1442.5081130642573
16_20240828 09,1553.3751831998377
16_20240828 10,1533.4869913446496
16_20240828 11,1583.5558946741971
16_20240828 12,1637.9103336923465
16_20240828 13,1641.9875918001296
16_20240828 14,1603.6253127093719
16_20240828 15,1576.8073977591853
16_20240828 16,1561.1630044450199
16_20240828 17,1475.7410624021486
16_20240828 18,1138.2327494734684
16_20240828 19,925.9353004207167
16_20240828 20,848.4461736850961
16_20240828 21,796.6379424845306
16_20240828 22,773.7947758110475
16_20240828 23,754.4868512307401
16_20240829 00,747.1652984709724
16_20240829 01,744.3213708211701
16_20240829 02,742.4531802039335
16_20240829 03,743.9194338872644
16_20240829 04,747.555377279039
16_20240829 05,852.2453665278522
16_20240829 06,1093.155580286546
16_20240829 07,1230.3287616514262
16_20240829 08,1416.9502614665853
16_20240829 09,1515.7684884585224
16_20240829 10,1507.6099054824954
16_20240829 11,1571.0194734347629
16_20240829 12,1607.5095453276979
16_20240829 13,1613.2173282108079
16_20240829 14,1589.9756519202633
16_20240829 15,1551.454059242747
16_20240829 16,1533.542407595659
16_20240829 17,1449.6269223167417
16_20240829 18,1114.9064207150527
16_20240829 19,936.5651508044818
16_20240829 20,843.5908711665426
16_20240829 21,783.9964383625127
16_20240829 22,766.003890465867
16_20240829 23,748.9835927195918
16_20240830 00,746.3472556142406
16_20240830 01,744.7355528508701
16_20240830 02,741.9323929050906
16_20240830 03,742.0922414460649
16_20240830 04,748.7354492472231
16_20240830 05,846.7551677875981
16_20240830 06,1100.8288701310444
16_20240830 07,1248.4205794626678
16_20240830 08,1424.9444599490776
16_20240830 09,1513.7235647299306
16_20240830 10,1499.1867871895915
16_20240830 11,1543.0307561153625
16_20240830 12,1585.1748918028504
16_20240830 13,1586.8860423345488
16_20240830 14,1551.404164602589
16_20240830 15,1540.516555447461
16_20240830 16,1522.9947256624496
16_20240830 17,1432.8393533182457
16_20240830 18,1114.0842625885716
16_20240830 19,913.6693650676007
16_20240830 20,832.768390627805
16_20240830 21,778.9785356592566
16_20240830 22,761.4681598480277
16_20240830 23,745.5374949611225
16_20240831 00,737.9147752654104
16_20240831 01,739.8194379667443
16_20240831 02,739.2776163321645
16_20240831 03,739.010693162131
16_20240831 04,739.8101288938745
16_20240831 05,736.081596842283
16_20240831 06,734.1305938582325
16_20240831 07,734.1300445829573
16_20240831 08,741.8870041431559
16_20240831 09,767.7404249447416
16_20240831 10,797.553558085235
16_20240831 11,806.7185889711136
16_20240831 12,811.6714385711732
16_20240831 13,815.0074056934203
16_20240831 14,817.052626863561
16_20240831 15,817.4084406419511
16_20240831 16,813.6129766272231
16_20240831 17,785.5876753867174
16_20240831 18,775.9375290366258
16_20240831 19,764.0951920520874
16_20240831 20,754.7023073079382
16_20240831 21,747.605994275243
16_20240831 22,744.314035932991
16_20240831 23,743.442153100636
17_20240825 00,2076.983474781132
17_20240825 01,2048.7714855868353
17_20240825 02,1997.3378819044615
17_20240825 03,1978.0293703610882
17_20240825 04,1995.1463069173055
17_20240825 05,2051.066726121584
17_20240825 06,2146.583473157154
17_20240825 07,2285.625077475397
17_20240825 08,2381.0263411812875
17_20240825 09,2420.7586259419368
17_20240825 10,2510.0080612864485
17_20240825 11,2566.702774398357
17_20240825 12,2504.0337611140367
17_20240825 13,2520.8321029965787
17_20240825 14,2513.377438874239
17_20240825 15,2498.19570495899
17_20240825 16,2465.0096998138815
17_20240825 17,2413.6820572880033
17_20240825 18,2328.786265475498
17_20240825 19,2261.093791795478
17_20240825 20,2213.7093904011413
17_20240825 21,2185.165778883928
17_20240825 22,2164.298917146925
17_20240825 23,2108.064556240524
17_20240826 00,2082.371434249724
17_20240826 01,2039.4215818321172
17_20240826 02,2015.4868400476776
17_20240826 03,2014.1377990513852
17_20240826 04,2049.339768580078
17_20240826 05,2189.273536917709
17_20240826 06,2576.507844208655
17_20240826 07,3007.752588599541
17_20240826 08,3417.390079684951
17_20240826 09,3725.5240597821085
17_20240826 10,3746.3054229562767
17_20240826 11,3772.359542866739
17_20240826 12,3781.2485068630053
17_20240826 13,3767.446995660415
17_20240826 14,3782.0419680130635
17_20240826 15,3754.1279610191773
17_20240826 16,3704.4213460581905
17_20240826 17,3401.1612623291144
17_20240826 18,2827.9709672366853
17_20240826 19,2586.443604874675
17_20240826 20,2463.358854977407
17_20240826 21,2309.2273866322994
17_20240826 22,2211.5296831233604
17_20240826 23,2126.976127241889
17_20240827 00,2066.0112409634403
17_20240827 01,2047.8321166349585
17_20240827 02,2021.5492834907132
17_20240827 03,2015.3014232583155
17_20240827 04,2052.6220583602653
17_20240827 05,2197.7468154755015
17_20240827 06,2571.9486486790297
17_20240827 07,2950.7413930680227
17_20240827 08,3357.8904983949824
17_20240827 09,3547.0220975482425
17_20240827 10,3569.219917124373
17_20240827 11,3547.599264547903
17_20240827 12,3553.6652414543632
17_20240827 13,3551.706020224294
17_20240827 14,3590.5417322488693
17_20240827 15,3566.4438153052893
17_20240827 16,3493.909741910701
17_20240827 17,3310.9504764686594
17_20240827 18,2732.9962111658365
17_20240827 19,2508.9439679510806
17_20240827 20,2397.520967302131
17_20240827 21,2264.543560017636
17_20240827 22,2190.7489752446263
17_20240827 23,2041.1913232046802
17_20240828 00,1980.1247219985887
17_20240828 01,1937.8923094940012
17_20240828 02,1897.869727422099
17_20240828 03,1892.2870906971693
17_20240828 04,1939.1776682652396
17_20240828 05,2053.306559037737
17_20240828 06,2394.838747504986
17_20240828 07,2848.1521510108564
17_20240828 08,3313.2461093043594
17_20240828 09,3517.658623791889
17_20240828 10,3584.9632058107104
17_20240828 11,3613.1832269327015
17_20240828 12,3668.673003420783
17_20240828 13,3704.053493362907
17_20240828 14,3713.591660402028
17_20240828 15,3662.6895825126057
17_20240828 16,3637.835914230359
17_20240828 17,3347.900296025492
17_20240828 18,2792.438028329829
17_20240828 19,2520.5552650402415
17_20240828 20,2377.79907237948
17_20240828 21,2281.240448351906
17_20240828 22,2199.9183750626817
17_20240828 23,2103.1723087673017
17_20240829 00,2025.9657096138067
17_20240829 01,1936.0905201357552
17_20240829 02,1924.485517157097
17_20240829 03,1913.00355519078
17_20240829 04,1931.7879112678356
17_20240829 05,2010.757281070995
17_20240829 06,2363.9262288984664
17_20240829 07,2861.6899500396466
17_20240829 08,3287.978391013181
17_20240829 09,3504.0212266117906
17_20240829 10,3533.71574647504
17_20240829 11,3602.3174060619563
17_20240829 12,3657.260312021349
17_20240829 13,3673.8749153428816
17_20240829 14,3678.0087413905117
17_20240829 15,3642.072623178717
17_20240829 16,3611.2030392273173
17_20240829 17,3366.4895360190385
17_20240829 18,2777.3905455036115
17_20240829 19,2490.558196923775
17_20240829 20,2352.2422108558126
17_20240829 21,2245.248726156775
17_20240829 22,2163.1130877455744
17_20240829 23,2074.576102217862
17_20240830 00,1952.6909780146175
17_20240830 01,1919.5674512652977
17_20240830 02,1879.1684281733064
17_20240830 03,1872.1816481689896
17_20240830 04,1908.7359709770901
17_20240830 05,2005.7262157804448
17_20240830 06,2358.815607196845
17_20240830 07,2910.785005996563
17_20240830 08,3298.693539106628
17_20240830 09,3599.1720551029407
17_20240830 10,3641.0379037026305
17_20240830 11,3661.569547134036
17_20240830 12,3648.715841558528
17_20240830 13,3639.7546642066345
17_20240830 14,3666.903415840924
17_20240830 15,3600.356068209806
17_20240830 16,3573.2697342672063
17_20240830 17,3289.442581524656
17_20240830 18,2736.5408965192037
17_20240830 19,2425.7737223742406
17_20240830 20,2303.526113360647
17_20240830 21,2126.8522840480064
17_20240830 22,2084.556859935904
17_20240830 23,1991.6236250603768
17_20240831 00,1917.7152558409703
17_20240831 01,1896.0464841254202
17_20240831 02,1866.5491712277676
17_20240831 03,1852.5600620624712
17_20240831 04,1879.133808193265
17_20240831 05,1924.8732521176482
17_20240831 06,2071.991523810124
17_20240831 07,2291.8586439032206
17_20240831 08,2464.0595845605058
17_20240831 09,2552.8692494946163
17_20240831 10,2648.9103313549717
17_20240831 11,2706.5947121897466
17_20240831 12,2662.8589522851803
17_20240831 13,2608.612096029749
17_20240831 14,2460.544816464617
17_20240831 15,2442.889600382511
17_20240831 16,2426.2884885969506
17_20240831 17,2367.651072124891
17_20240831 18,2216.1234955130967
17_20240831 19,2159.489957467451
17_20240831 20,2092.3869351577787
17_20240831 21,2045.2251969764186
17_20240831 22,1955.7994959555717
17_20240831 23,1943.2621338671295
18_20240825 00,568.8875320813233
18_20240825 01,552.6868744158128
18_20240825 02,537.2483391675644
18_20240825 03,537.7152587276771
18_20240825 04,538.4309678757802
18_20240825 05,655.1734294332916
18_20240825 06,895.9544309983306
18_20240825 07,1127.6900086817761
18_20240825 08,1387.6952926967238
18_20240825 09,1602.692671990823
18_20240825 10,1691.4538342197798
18_20240825 11,1694.2375776509618
18_20240825 12,1753.5313998482748
18_20240825 13,1699.6774568356705
18_20240825 14,1668.389424757242
18_20240825 15,1597.1627457979553
18_20240825 16,1411.5126335636924
18_20240825 17,1231.6285475777445
18_20240825 18,968.0209335534117
18_20240825 19,894.9275913677619
18_20240825 20,830.7838049366364
18_20240825 21,710.7911915061469
18_20240825 22,631.8835937265626
18_20240825 23,552.7781421533621
18_20240826 00,543.6949817154014
18_20240826 01,540.5624294122034
18_20240826 02,535.3087552542127
18_20240826 03,537.9139172296566
18_20240826 04,544.2542512748953
18_20240826 05,617.303113529307
18_20240826 06,755.9028312828153
18_20240826 07,981.0254203947054
18_20240826 08,1316.1529142051677
18_20240826 09,1639.4417118774445
18_20240826 10,2051.974428619326
18_20240826 11,2110.368338527831
18_20240826 12,2116.6374892783006
18_20240826 13,2096.1176889334683
18_20240826 14,2068.1796108032913
18_20240826 15,2032.800036061595
18_20240826 16,1977.4959453030642
18_20240826 17,1984.3345467078434
18_20240826 18,1990.9010146625249
18_20240826 19,1964.4459465709983
18_20240826 20,1905.0860762580787
18_20240826 21,1652.9346617623705
18_20240826 22,864.0693898298339
18_20240826 23,596.5895719678497
18_20240827 00,555.6492523037009
18_20240827 01,545.3005532292158
18_20240827 02,537.5564393004286
18_20240827 03,543.7009790815874
18_20240827 04,553.1296574698627
18_20240827 05,631.1393347442742
18_20240827 06,759.9660854860915
18_20240827 07,997.511608005513
18_20240827 08,1308.524597774564
18_20240827 09,1657.5091523216824
18_20240827 10,2059.5947145273813
18_20240827 11,2144.365177169438
18_20240827 12,2149.840865874443
18_20240827 13,2153.4716840662436
18_20240827 14,2160.5275578718847
18_20240827 15,2121.95085169903
18_20240827 16,2064.687510575472
18_20240827 17,2030.487230402769
18_20240827 18,2016.29309462477
18_20240827 19,1984.8517580420291
18_20240827 20,1924.351878981298
18_20240827 21,1648.6438198812098
18_20240827 22,922.6332235580101
18_20240827 23,613.0718865848435
18_20240828 00,565.9767964404238
18_20240828 01,550.5423678935966
18_20240828 02,545.0696158723408
18_20240828 03,538.885864814094
18_20240828 04,550.4983030739909
18_20240828 05,618.3844483077606
18_20240828 06,700.8386313068327
18_20240828 07,908.0650022321855
18_20240828 08,1287.3522882217121
18_20240828 09,1781.2271351005368
18_20240828 10,2223.150613526728
18_20240828 11,2295.1784686630212
18_20240828 12,2291.828396217528
18_20240828 13,2239.7951631996066
18_20240828 14,2181.168775634592
18_20240828 15,2150.3847876352274
18_20240828 16,2084.953849954184
18_20240828 17,2107.3104335088483
18_20240828 18,2140.802119028411
18_20240828 19,2189.180303377605
18_20240828 20,2085.0089246511516
18_20240828 21,1825.8757903231535
18_20240828 22,921.4057322329168
18_20240828 23,613.9384463750798
18_20240829 00,570.2886069823086
18_20240829 01,556.5192462674405
18_20240829 02,550.8821541229837
18_20240829 03,548.2549408642818
18_20240829 04,556.6016153964979
18_20240829 05,623.092160850684
18_20240829 06,704.9654291271556
18_20240829 07,942.3273056190495
18_20240829 08,1257.4505095551249
18_20240829 09,1611.810112905238
18_20240829 10,2057.787573856048
18_20240829 11,2149.606386513828
18_20240829 12,2161.6774672372017
18_20240829 13,2169.5536979997505
18_20240829 14,2149.92565057223
18_20240829 15,2077.2985955566473
18_20240829 16,2028.1348856288714
18_20240829 17,2017.005189306841
18_20240829 18,2008.7078553331403
18_20240829 19,2001.4508665834442
18_20240829 20,1907.7215843541408
18_20240829 21,1648.539967810796
18_20240829 22,921.7948600551363
18_20240829 23,614.6589496456188
18_20240830 00,568.295412583672
18_20240830 01,551.6066991128451
18_20240830 02,541.2347001070597
18_20240830 03,535.3899644649227
18_20240830 04,547.9201252787111
18_20240830 05,612.027864791407
18_20240830 06,728.8332117854744
18_20240830 07,983.617349634457
18_20240830 08,1338.078044178367
18_20240830 09,1677.8092121717168
18_20240830 10,2067.6398054704478
18_20240830 11,2142.3390500119976
18_20240830 12,2145.869251491201
18_20240830 13,2154.16230045968
18_20240830 14,2139.401746947222
18_20240830 15,2116.2686572792886
18_20240830 16,2103.8955360046366
18_20240830 17,2106.733316438787
18_20240830 18,2153.69593362141
18_20240830 19,2215.7869786043393
18_20240830 20,2119.0019563638025
18_20240830 21,1836.4013161719536
18_20240830 22,1017.7249615693661
18_20240830 23,618.5435363443734
18_20240831 00,563.4682447464838
18_20240831 01,549.6440916987694
18_20240831 02,543.0731184838714
18_20240831 03,537.5798674872246
18_20240831 04,545.9573277772465
18_20240831 05,615.901688385465
18_20240831 06,717.4907916970456
18_20240831 07,959.7852009762968
18_20240831 08,1334.9780020841918
18_20240831 09,1738.5144319830774
18_20240831 10,2188.983402969165
18_20240831 11,2245.8667356675896
18_20240831 12,2272.7822918022557
18_20240831 13,2273.702918296589
18_20240831 14,2255.373316149281
18_20240831 15,2232.75544707299
18_20240831 16,2179.0359301768513
18_20240831 17,2108.2450612308194
18_20240831 18,2057.9283393888236
18_20240831 19,2016.7241088702483
18_20240831 20,1940.864849832417
18_20240831 21,1680.334026421351
18_20240831 22,931.2197566498171
18_20240831 23,627.2285607310873
19_20240825 00,500.316401526754
19_20240825 01,435.4520377939225
19_20240825 02,419.97993076721843
19_20240825 03,416.0900451623405
19_20240825 04,418.96470472242396
19_20240825 05,441.8999658219917
19_20240825 06,583.4367888476331
19_20240825 07,669.1293978113041
19_20240825 08,1044.715215045866
19_20240825 09,1809.3198723920011
19_20240825 10,2673.039723735545
19_20240825 11,2866.6620582084424
19_20240825 12,2864.4442160028048
19_20240825 13,2879.422039892749
19_20240825 14,2917.3188343006323
19_20240825 15,2915.1043189695733
19_20240825 16,2899.1261191693034
19_20240825 17,2897.4943767328045
19_20240825 18,2889.2014331070723
19_20240825 19,2816.4754430843686
19_20240825 20,2301.5369841499305
19_20240825 21,985.7667776102375
19_20240825 22,730.9155411530016
19_20240825 23,585.6191919893092
19_20240826 00,476.5041441211155
19_20240826 01,422.1194104639203
19_20240826 02,416.3523216232103
19_20240826 03,412.4211131444018
19_20240826 04,414.17811511714456
19_20240826 05,429.4967361648356
19_20240826 06,559.3925903376748
19_20240826 07,644.0246281236498
19_20240826 08,1005.2235571174853
19_20240826 09,1728.8991518742653
19_20240826 10,2628.364369848734
19_20240826 11,2889.87268857575
19_20240826 12,2882.650717629599
19_20240826 13,2874.3628767755454
19_20240826 14,2868.3671415762833
19_20240826 15,2840.758872611519
19_20240826 16,2829.688318546138
19_20240826 17,2821.098845095071
19_20240826 18,2811.885780863121
19_20240826 19,2502.41158277575
19_20240826 20,1600.2022830349376
19_20240826 21,887.4653722483873
19_20240826 22,695.0157282790723
19_20240826 23,581.8384483086604
19_20240827 00,476.6059913369892
19_20240827 01,424.6398545166736
19_20240827 02,412.64862610733667
19_20240827 03,410.84308740507095
19_20240827 04,410.3039195549187
19_20240827 05,436.3615217624896
19_20240827 06,580.9495233031444
19_20240827 07,658.2447450156202
19_20240827 08,1025.689019065138
19_20240827 09,1770.3289689340645
19_20240827 10,2686.7377801812204
19_20240827 11,2900.218725014329
19_20240827 12,2881.461160908497
19_20240827 13,2861.54774321932
19_20240827 14,2866.976170220599
19_20240827 15,2831.517490605815
19_20240827 16,2809.873137127637
19_20240827 17,2817.1529876480504
19_20240827 18,2828.132351771176
19_20240827 19,2745.0789890820083
19_20240827 20,1768.3753771954605
19_20240827 21,874.6966410997697
19_20240827 22,706.6724865309491
19_20240827 23,623.0359829103967
19_20240828 00,503.1165685525848
19_20240828 01,446.931658572139
19_20240828 02,418.6889142393085
19_20240828 03,424.66334329962706
19_20240828 04,423.8107645480151
19_20240828 05,440.9067688660467
19_20240828 06,580.2236970423533
19_20240828 07,647.5845994975792
19_20240828 08,1004.3089193344371
19_20240828 09,1835.6032038894073
19_20240828 10,2673.980472289999
19_20240828 11,2918.40305190817
19_20240828 12,2881.5320390014112
19_20240828 13,2906.575469605402
19_20240828 14,2953.285392981643
19_20240828 15,2916.496641034151
19_20240828 16,2865.941579652471
19_20240828 17,2815.864133547703
19_20240828 18,2830.8680753690187
19_20240828 19,2736.14073300919
19_20240828 20,1704.1441605837356
19_20240828 21,890.9197858888731
19_20240828 22,731.5738680118482
19_20240828 23,600.8186880372152
19_20240829 00,495.121843357428
19_20240829 01,443.729844811977
19_20240829 02,417.8990160932676
19_20240829 03,416.4768389711153
19_20240829 04,418.1632069124275
19_20240829 05,457.00831631315737
19_20240829 06,589.5260792520976
19_20240829 07,661.5831799235507
19_20240829 08,1012.8975079713193
19_20240829 09,1762.1575038185197
19_20240829 10,2655.616298574901
19_20240829 11,2898.7533782313776
19_20240829 12,2869.402506429368
19_20240829 13,2866.6476966370387
19_20240829 14,2875.021914359225
19_20240829 15,2814.4317237324617
19_20240829 16,2806.7053640229387
19_20240829 17,2794.482057036717
19_20240829 18,2820.7413153241614
19_20240829 19,2723.097776066753
19_20240829 20,1770.9006326702465
19_20240829 21,948.3740067635687
19_20240829 22,738.3604183961745
19_20240829 23,609.0200994774377
19_20240830 00,517.2589106160051
19_20240830 01,457.4697735744952
19_20240830 02,431.06411803889176
19_20240830 03,414.77077220453873
19_20240830 04,414.8477623122001
19_20240830 05,447.76996800930385
19_20240830 06,586.2418462153314
19_20240830 07,646.8341822559082
19_20240830 08,972.3306526230389
19_20240830 09,1771.1839802827546
19_20240830 10,2599.793883212308
19_20240830 11,2856.1826252154256
19_20240830 12,2840.8959205011056
19_20240830 13,2852.023740253324
19_20240830 14,2845.0967198645767
19_20240830 15,2797.261006120792
19_20240830 16,2786.6361915543366
19_20240830 17,2775.2579405749575
19_20240830 18,2782.0301982421906
19_20240830 19,2672.157281062706
19_20240830 20,2195.1332324565738
19_20240830 21,941.9276410296393
19_20240830 22,739.1559509847813
19_20240830 23,604.5454317694201
19_20240831 00,501.7672724716623
19_20240831 01,438.4620170577257
19_20240831 02,415.6289974222385
19_20240831 03,410.3294180182784
19_20240831 04,414.21587420903086
19_20240831 05,438.44759044886047
19_20240831 06,557.9575773982012
19_20240831 07,630.4467912672219
19_20240831 08,982.9666912740479
19_20240831 09,1709.8360640318792
19_20240831 10,2606.6268914627262
19_20240831 11,2850.5545828406757
19_20240831 12,2855.348702064948
19_20240831 13,2883.218640678503
19_20240831 14,2896.106088301988
19_20240831 15,2887.6913025361137
19_20240831 16,2896.348695068406
19_20240831 17,2884.3381613043657
19_20240831 18,2854.426690236957
19_20240831 19,2630.800487856526
19_20240831 20,2170.2296724199914
19_20240831 21,953.6549848485571
19_20240831 22,725.9419608697605
19_20240831 23,605.3903670875102
20_20240825 00,1821.1514167429862
20_20240825 01,1821.2025291193497
20_20240825 02,1804.3526359413577
20_20240825 03,1822.0308909709702
20_20240825 04,1804.3851032780397
20_20240825 05,1802.2135617983095
20_20240825 06,1803.6051183442273
20_20240825 07,1786.5730186847318
20_20240825 08,1791.6663705006329
20_20240825 09,1813.6250735263607
20_20240825 10,1826.0085887013865
20_20240825 11,1840.4931231129403
20_20240825 12,1831.2806027902598
20_20240825 13,1841.5182550415807
20_20240825 14,1833.2692129329864
20_20240825 15,1844.3960093742849
20_20240825 16,1839.3740929916214
20_20240825 17,1854.9840489593898
20_20240825 18,1833.8226208632132
20_20240825 19,1826.3746529607706
20_20240825 20,1814.8908875813995
20_20240825 21,1824.9597106775009
20_20240825 22,1802.8716541230208
20_20240825 23,1803.4456721155432
20_20240826 00,1818.945438422299
20_20240826 01,1821.3785539652636
20_20240826 02,1808.1679733568333
20_20240826 03,1809.218205290427
20_20240826 04,1805.0285805342505
20_20240826 05,1812.2057466755857
20_20240826 06,1988.475213702508
20_20240826 07,2135.2945011132388
20_20240826 08,2208.238844669292
20_20240826 09,2322.159786333454
20_20240826 10,2351.250190092411
20_20240826 11,2347.1425358055344
20_20240826 12,2325.0355773241363
20_20240826 13,2323.3494507409096
20_20240826 14,2374.959388626681
20_20240826 15,2307.4201164552633
20_20240826 16,2276.0118723289697
20_20240826 17,2219.701590800309
20_20240826 18,2019.81308310013
20_20240826 19,1918.769970483601
20_20240826 20,1885.1364473698754
20_20240826 21,1870.6376599832051
20_20240826 22,1862.2766449745718
20_20240826 23,1838.3345597451662
20_20240827 00,1826.1153320467824
20_20240827 01,1825.0739885874625
20_20240827 02,1812.162905959789
20_20240827 03,1812.3732866904816
20_20240827 04,1812.5473806487134
20_20240827 05,1811.332662475209
20_20240827 06,1989.9539452087315
20_20240827 07,2140.1902957998027
20_20240827 08,2198.4916715507616
20_20240827 09,2298.5601747767632
20_20240827 10,2321.114511281896
20_20240827 11,2321.981071326337
20_20240827 12,2303.2621569177027
20_20240827 13,2308.5148041279235
20_20240827 14,2320.8414656674204
20_20240827 15,2272.5959959175843
20_20240827 16,2234.1525366144033
20_20240827 17,2190.3764492484083
20_20240827 18,1999.153983611806
20_20240827 19,1918.0461095348073
20_20240827 20,1877.297042754482
20_20240827 21,1864.2952479337014
20_20240827 22,1855.9882391296853
20_20240827 23,1831.108500907851
20_20240828 00,1824.8824425445957
20_20240828 01,1823.289303617012
20_20240828 02,1800.610186312132
20_20240828 03,1802.1465015402532
20_20240828 04,1803.5310037555519
20_20240828 05,1803.3411844196144
20_20240828 06,1971.3002487104031
20_20240828 07,2106.49538361782
20_20240828 08,2165.029148190451
20_20240828 09,2258.5189514842623
20_20240828 10,2295.480204691983
20_20240828 11,2289.1949239313954
20_20240828 12,2282.06363461807
20_20240828 13,2290.4896568702934
20_20240828 14,2317.5368074903754
20_20240828 15,2256.4713343076446
20_20240828 16,2249.561972965799
20_20240828 17,2201.882862274811
20_20240828 18,2014.3370854529617
20_20240828 19,1917.524691375492
20_20240828 20,1880.0452623085694
20_20240828 21,1870.026169827636
20_20240828 22,1839.0312119661953
20_20240828 23,1832.957035473421
20_20240829 00,1846.539240205272
20_20240829 01,1825.0729269949895
20_20240829 02,1808.853077930969
20_20240829 03,1809.787807340441
20_20240829 04,1807.629495547091
20_20240829 05,1807.261926845513
20_20240829 06,1976.503936962007
20_20240829 07,2122.675451110056
20_20240829 08,2184.546287220337
20_20240829 09,2294.805037361629
20_20240829 10,2318.267722202616
20_20240829 11,2307.3584818569443
20_20240829 12,2291.890806821737
20_20240829 13,2297.000047657104
20_20240829 14,2318.273584365078
20_20240829 15,2249.0208570174996
20_20240829 16,2213.693392938053
20_20240829 17,2194.2811036375033
20_20240829 18,1997.5762415692175
20_20240829 19,1932.030315603827
20_20240829 20,1881.3998308171595
20_20240829 21,1863.927015536252
20_20240829 22,1851.6718676913586
20_20240829 23,1847.7882233542546
20_20240830 00,1842.1384648906806
20_20240830 01,1827.063477030274
20_20240830 02,1807.4530172880936
20_20240830 03,1804.9559965268863
20_20240830 04,1803.0238281590173
20_20240830 05,1808.495928342187
20_20240830 06,1969.1829651553094
20_20240830 07,2101.7780572076613
20_20240830 08,2157.9951325065217
20_20240830 09,2272.262576792742
20_20240830 10,2306.4808561694963
20_20240830 11,2302.783040094737
20_20240830 12,2285.726821029608
20_20240830 13,2287.7022790335623
20_20240830 14,2309.5436789235455
20_20240830 15,2259.4206196576406
20_20240830 16,2247.940737789542
20_20240830 17,2203.082085896197
20_20240830 18,2001.3217657552227
20_20240830 19,1910.7694353018746
20_20240830 20,1875.87536627608
20_20240830 21,1857.3260289426064
20_20240830 22,1846.7050804304595
20_20240830 23,1846.415899198992
20_20240831 00,1818.7624479569395
20_20240831 01,1820.3205927852764
20_20240831 02,1802.1921892151545
20_20240831 03,1821.598566136537
20_20240831 04,1803.4685465760758
20_20240831 05,1807.8373465866994
20_20240831 06,1814.9139946174496
20_20240831 07,1789.7341970466632
20_20240831 08,1789.2149881157106
20_20240831 09,1801.485330712329
20_20240831 10,1797.0989770801298
20_20240831 11,1834.719634807792
20_20240831 12,1852.4645486286686
20_20240831 13,1847.261105479031
20_20240831 14,1846.415402354031
20_20240831 15,1845.2486889629035
20_20240831 16,1848.611399513239
20_20240831 17,1857.1616899584578
20_20240831 18,1826.1304832690932
20_20240831 19,1818.4691112749438
20_20240831 20,1806.8814707266383
20_20240831 21,1824.5862481984486
20_20240831 22,1807.538489118238
20_20240831 23,1805.720699927497
21_20240825 00,2656.688651431726
21_20240825 01,2633.561079651306
21_20240825 02,2616.1888857788
21_20240825 03,2625.096353273854
21_20240825 04,2649.1531680211347
21_20240825 05,2707.751812253955
21_20240825 06,2774.753785880879
21_20240825 07,2866.128024928113
21_20240825 08,2945.8157669861444
21_20240825 09,2970.199032205698
21_20240825 10,3015.802354323766
21_20240825 11,3010.130542628396
21_20240825 12,2945.0742725600426
21_20240825 13,2924.182215769772
21_20240825 14,2885.791802269164
21_20240825 15,2938.164706321879
21_20240825 16,2927.1930581585475
21_20240825 17,2917.8035377694996
21_20240825 18,2912.980951863422
21_20240825 19,2830.8320853575574
21_20240825 20,2802.637811899739
21_20240825 21,2720.972348366193
21_20240825 22,2682.9344397325062
21_20240825 23,2686.8141421982245
21_20240826 00,2685.2056809704045
21_20240826 01,2684.462734645162
21_20240826 02,2678.6090721974224
21_20240826 03,2686.094213045987
21_20240826 04,2706.224200056745
21_20240826 05,2904.138008912971
21_20240826 06,3094.3197377285023
21_20240826 07,3370.807962477007
21_20240826 08,3753.0052949954443
21_20240826 09,3833.6359768862385
21_20240826 10,3856.521558544975
21_20240826 11,3855.0062848766347
21_20240826 12,3838.0327523974074
21_20240826 13,3802.8072069488626
21_20240826 14,3819.712186503266
21_20240826 15,3834.2058657076022
21_20240826 16,3808.562450642264
21_20240826 17,3592.634492063218
21_20240826 18,3202.2695716233457
21_20240826 19,3047.206137809718
21_20240826 20,2930.627501758545
21_20240826 21,2822.864058059391
21_20240826 22,2755.1574127756844
21_20240826 23,2713.5969334633032
21_20240827 00,2683.8413036870998
21_20240827 01,2683.106864240558
21_20240827 02,2681.9481333434724
21_20240827 03,2683.3285204915146
21_20240827 04,2697.736453206664
21_20240827 05,2870.0910719227086
21_20240827 06,3059.818164112986
21_20240827 07,3346.35513105705
21_20240827 08,3689.439808632509
21_20240827 09,3789.8850682533616
21_20240827 10,3785.8013002853936
21_20240827 11,3785.7985537033624
21_20240827 12,3779.2173507623565
21_20240827 13,3742.5214935579256
21_20240827 14,3744.491182237305
21_20240827 15,3732.220730041199
21_20240827 16,3732.049055075007
21_20240827 17,3505.0484135319557
21_20240827 18,3116.8426823280706
21_20240827 19,2903.3488362264707
21_20240827 20,2741.553231284093
21_20240827 21,2643.473677768692
21_20240827 22,2632.872399858892
21_20240827 23,2539.506787141675
21_20240828 00,2493.8397984118137
21_20240828 01,2490.5529496952004
21_20240828 02,2487.631685046763
21_20240828 03,2494.595156177774
21_20240828 04,2525.137791332011
21_20240828 05,2680.2230022605145
21_20240828 06,2925.8229498998808
21_20240828 07,3229.361858253319
21_20240828 08,3578.9015622978372
21_20240828 09,3702.894409039938
21_20240828 10,3718.3333237290108
21_20240828 11,3732.2645857233206
21_20240828 12,3714.6250026214507
21_20240828 13,3701.918760290672
21_20240828 14,3716.8861212220513
21_20240828 15,3744.5399494233316
21_20240828 16,3709.4438294733145
21_20240828 17,3496.191776973027
21_20240828 18,3125.2033508258583
21_20240828 19,2896.277297038002
21_20240828 20,2827.9452549815023
21_20240828 21,2702.0045138121177
21_20240828 22,2638.3987345408896
21_20240828 23,2603.6642286422266
21_20240829 00,2555.676775584422
21_20240829 01,2545.6322304523683
21_20240829 02,2535.6849907266387
21_20240829 03,2517.0535190000433
21_20240829 04,2581.6675868002403
21_20240829 05,2727.692099843848
21_20240829 06,2942.4807619513717
21_20240829 07,3216.0941185320135
21_20240829 08,3603.324678526501
21_20240829 09,3697.1423514157855
21_20240829 10,3714.02375651731
21_20240829 11,3689.5932784358656
21_20240829 12,3685.069812421008
21_20240829 13,3632.491170363457
21_20240829 14,3663.70144221752
21_20240829 15,3685.9436572175564
21_20240829 16,3649.0133865306725
21_20240829 17,3427.2052910270786
21_20240829 18,3082.446266459786
21_20240829 19,2904.4151613989343
21_20240829 20,2785.5679372089407
21_20240829 21,2699.5475979698394
21_20240829 22,2629.078914575696
21_20240829 23,2596.4391056252935
21_20240830 00,2566.112102367143
21_20240830 01,2557.395140864478
21_20240830 02,2551.3610614131576
21_20240830 03,2547.0728052800705
21_20240830 04,2560.6257955664923
21_20240830 05,2718.986837619522
21_20240830 06,2961.976418831885
21_20240830 07,3245.484398858547
21_20240830 08,3596.9591088937786
21_20240830 09,3689.025671832207
21_20240830 10,3700.6715815376833
21_20240830 11,3724.0258918760424
21_20240830 12,3691.8058367096137
21_20240830 13,3647.4745008010327
21_20240830 14,3667.500504229243
21_20240830 15,3692.7973653626095
21_20240830 16,3679.0083261355467
21_20240830 17,3450.6684119622173
21_20240830 18,3102.336663574825
21_20240830 19,2925.152488881192
21_20240830 20,2814.7034444007745
21_20240830 21,2727.432070073
21_20240830 22,2662.56272450889
21_20240830 23,2618.310559775879
21_20240831 00,2549.855152817364
21_20240831 01,2506.6282482722145
21_20240831 02,2497.399205257553
21_20240831 03,2493.19271378501
21_20240831 04,2506.764949100587
21_20240831 05,2553.852826921678
21_20240831 06,2698.7160452081025
21_20240831 07,2987.9831880728575
21_20240831 08,3149.4764532072877
21_20240831 09,3194.714691916218
21_20240831 10,3225.5444586472745
21_20240831 11,3217.850542154176
21_20240831 12,3077.6038896203854
21_20240831 13,2888.3429625448885
21_20240831 14,2765.730621868802
21_20240831 15,2838.3938918375807
21_20240831 16,2847.013428970301
21_20240831 17,2806.1905141095203
21_20240831 18,2755.5827169573718
21_20240831 19,2648.3887314318044
21_20240831 20,2620.6319854395133
21_20240831 21,2546.3283767403364
21_20240831 22,2467.344275740117
21_20240831 23,2442.7545012804176
22_20240825 00,1761.8515870798171
22_20240825 01,1738.3758047932704
22_20240825 02,1719.6806722396914
22_20240825 03,1711.347312373493
22_20240825 04,1672.613323518131
22_20240825 05,1642.9810031045197
22_20240825 06,1645.2381454070824
22_20240825 07,1674.0373437085163
22_20240825 08,1685.3037026931356
22_20240825 09,1689.497852642994
22_20240825 10,1768.7713944554298
22_20240825 11,1819.8618658027424
22_20240825 12,1853.2867947407367
22_20240825 13,1910.2463554032543
22_20240825 14,2023.5771601676765
22_20240825 15,2077.854781543121
22_20240825 16,2110.240900683384
22_20240825 17,2079.9844210610227
22_20240825 18,2091.9985203455817
22_20240825 19,2068.0293792441335
22_20240825 20,2051.436142297569
22_20240825 21,2027.8157107809516
22_20240825 22,1947.8396472570269
22_20240825 23,1844.0585028540986
22_20240826 00,1826.6356537240836
22_20240826 01,1761.0779345692645
22_20240826 02,1735.0563684726053
22_20240826 03,1707.4205506162684
22_20240826 04,1693.2417789140657
22_20240826 05,1644.4563493578357
22_20240826 06,1672.120810223828
22_20240826 07,1794.6085948404684
22_20240826 08,2239.0604846545375
22_20240826 09,3004.7338396874584
22_20240826 10,3334.262779445472
22_20240826 11,3413.289201544734
22_20240826 12,3325.918707972145
22_20240826 13,3536.311102236548
22_20240826 14,3638.669794327536
22_20240826 15,3636.423660262152
22_20240826 16,3579.631055690951
22_20240826 17,3302.027632317694
22_20240826 18,2697.1259783244955
22_20240826 19,2448.9195844105207
22_20240826 20,2390.276837888644
22_20240826 21,2241.281173363655
22_20240826 22,2080.7386703361726
22_20240826 23,1941.2269529894165
22_20240827 00,1867.471196496433
22_20240827 01,1796.2917821665183
22_20240827 02,1771.6635621007604
22_20240827 03,1753.6951252197969
22_20240827 04,1745.8029015524394
22_20240827 05,1678.9701822856528
22_20240827 06,1712.7511297771644
22_20240827 07,1843.5824440584495
22_20240827 08,2211.6350050251176
22_20240827 09,2844.9591970904
22_20240827 10,3106.797772828144
22_20240827 11,3182.062961123874
22_20240827 12,3163.8270309193617
22_20240827 13,3431.163599515385
22_20240827 14,3480.575527835307
22_20240827 15,3324.2494553541082
22_20240827 16,3342.3703370281346
22_20240827 17,3121.5494929293363
22_20240827 18,2654.9139763730354
22_20240827 19,2422.9409157268283
22_20240827 20,2336.5775236842155
22_20240827 21,2194.9710342099224
22_20240827 22,2057.7132942625294
22_20240827 23,1884.703027630817
22_20240828 00,1798.1271298411564
22_20240828 01,1744.506128512591
22_20240828 02,1706.1454433875292
22_20240828 03,1697.073544123646
22_20240828 04,1692.5131968147402
22_20240828 05,1644.3134386312254
22_20240828 06,1686.647652087665
22_20240828 07,1775.6279468751982
22_20240828 08,2210.492813498076
22_20240828 09,2786.978926215207
22_20240828 10,2991.366628788023
22_20240828 11,3070.1351347349373
22_20240828 12,2988.5088934765486
22_20240828 13,3260.627521738971
22_20240828 14,3390.8910518755147
22_20240828 15,3419.767707910944
22_20240828 16,3337.2172925709583
22_20240828 17,3053.759940208965
22_20240828 18,2601.350697650776
22_20240828 19,2403.3780136653513
22_20240828 20,2306.155263384995
22_20240828 21,2201.011860218164
22_20240828 22,2062.7548693020212
22_20240828 23,1932.1594138960522
22_20240829 00,1878.8496022014806
22_20240829 01,1792.0723232733503
22_20240829 02,1785.875319055057
22_20240829 03,1742.7910201077207
22_20240829 04,1725.1891704904124
22_20240829 05,1664.386052774391
22_20240829 06,1694.4854554930857
22_20240829 07,1808.9253253005973
22_20240829 08,2192.669729411284
22_20240829 09,2804.8718023089286
22_20240829 10,3045.7084572632693
22_20240829 11,3121.974711572595
22_20240829 12,3069.7848163737053
22_20240829 13,3276.0564427666627
22_20240829 14,3388.9174326079356
22_20240829 15,3315.024863221609
22_20240829 16,3344.096951223775
22_20240829 17,3079.5188536577853
22_20240829 18,2619.2626237598247
22_20240829 19,2400.8406268413864
22_20240829 20,2286.112948231977
22_20240829 21,2171.115377397444
22_20240829 22,2029.7407718763716
22_20240829 23,1907.7798333126311
22_20240830 00,1864.501109358352
22_20240830 01,1799.507154999731
22_20240830 02,1771.2372594225399
22_20240830 03,1735.0570316164433
22_20240830 04,1728.633284136511
22_20240830 05,1682.2482273922787
22_20240830 06,1707.349935077575
22_20240830 07,1798.0565159826879
22_20240830 08,2153.29808548925
22_20240830 09,2720.4487148923768
22_20240830 10,3031.119172962598
22_20240830 11,3076.398409676109
22_20240830 12,2985.720864727663
22_20240830 13,3174.4198689420136
22_20240830 14,3294.3458126314144
22_20240830 15,3280.9371967072916
22_20240830 16,3224.048501159245
22_20240830 17,3036.1383313250076
22_20240830 18,2577.1657648310083
22_20240830 19,2333.824283704005
22_20240830 20,2195.502476817347
22_20240830 21,2082.6344507426866
22_20240830 22,1974.7973355525862
22_20240830 23,1865.295692919407
22_20240831 00,1745.1568847482076
22_20240831 01,1699.2520978822708
22_20240831 02,1686.8333402331114
22_20240831 03,1692.441095279319
22_20240831 04,1633.7396548901138
22_20240831 05,1583.4354556827018
22_20240831 06,1574.1525283598733
22_20240831 07,1613.3105861482231
22_20240831 08,1657.5220592652936
22_20240831 09,1654.9293966016096
22_20240831 10,1783.3058603987058
22_20240831 11,1843.114731301282
22_20240831 12,1845.431208394475
22_20240831 13,1945.6731048931904
22_20240831 14,2051.2379853413377
22_20240831 15,2066.854539946015
22_20240831 16,2088.882763144161
22_20240831 17,2016.635057771396
22_20240831 18,1992.585441315524
22_20240831 19,1943.0984017310575
22_20240831 20,1936.1320897820215
22_20240831 21,1880.8883471939896
22_20240831 22,1801.3562373140794
22_20240831 23,1729.2120710393933
23_20240825 00,1571.3284285837744
23_20240825 01,1556.04586099457
23_20240825 02,1517.4116039258315
23_20240825 03,1513.7472968023949
23_20240825 04,1517.5620619924211
23_20240825 05,1510.0342933026523
23_20240825 06,1482.3785036873119
23_20240825 07,1441.6737656134617
23_20240825 08,1381.3961040693603
23_20240825 09,1255.4795674208833
23_20240825 10,1201.2188180362673
23_20240825 11,1230.7615794825983
23_20240825 12,1154.6402018700624
23_20240825 13,1180.18170580283
23_20240825 14,1190.4402720966223
23_20240825 15,1288.2751955353274
23_20240825 16,1354.6921301174207
23_20240825 17,1463.086916639689
23_20240825 18,1564.2703342090872
23_20240825 19,1596.4009948566106
23_20240825 20,1595.3185472650816
23_20240825 21,1584.0798786074968
23_20240825 22,1572.445440894197
23_20240825 23,1551.575878737313
23_20240826 00,1688.6686121393666
23_20240826 01,1702.029605039927
23_20240826 02,1690.0190423470735
23_20240826 03,1690.0867588810152
23_20240826 04,1681.9206744437429
23_20240826 05,1683.8888111708116
23_20240826 06,1716.3178734886378
23_20240826 07,1813.600223558637
23_20240826 08,2000.5930910619322
23_20240826 09,2346.250746308834
23_20240826 10,2488.0462273300514
23_20240826 11,2350.3619791914034
23_20240826 12,3124.116518309993
23_20240826 13,3576.7696066882227
23_20240826 14,3774.0484650090966
23_20240826 15,3390.525395715238
23_20240826 16,3223.6374625673425
23_20240826 17,2878.355501918245
23_20240826 18,2250.8843594236428
23_20240826 19,2041.431564147582
23_20240826 20,1953.9641045713215
23_20240826 21,1795.122828658648
23_20240826 22,1656.0642250309525
23_20240826 23,1615.5178100230817
23_20240827 00,1717.7929663209225
23_20240827 01,1735.3322516113572
23_20240827 02,1725.5175831648091
23_20240827 03,1718.7618970283265
23_20240827 04,1719.5763294304002
23_20240827 05,1718.4937443751364
23_20240827 06,1752.8539553543737
23_20240827 07,1853.0785151513078
23_20240827 08,2101.6113181432206
23_20240827 09,2641.3648829703525
23_20240827 10,3522.3536841584964
23_20240827 11,3522.6618052176264
23_20240827 12,3886.927469686999
23_20240827 13,4087.5853480094192
23_20240827 14,3907.6900172481837
23_20240827 15,3591.829095302239
23_20240827 16,3676.6136996821956
23_20240827 17,2535.4335535719592
23_20240827 18,2152.953731532337
23_20240827 19,1907.518571063329
23_20240827 20,1815.8100091144563
23_20240827 21,1744.919997386665
23_20240827 22,1648.8654294083406
23_20240827 23,1634.806856033139
23_20240828 00,1744.819423295224
23_20240828 01,1738.9852061823835
23_20240828 02,1735.9399690842579
23_20240828 03,1731.3004152878445
23_20240828 04,1731.5304175515284
23_20240828 05,1732.3232200716147
23_20240828 06,1758.6627887527723
23_20240828 07,1867.5209508169148
23_20240828 08,2000.6194592291843
23_20240828 09,2706.1719562825465
23_20240828 10,3717.493538710174
23_20240828 11,3613.24619822982
23_20240828 12,3963.1261077885833
23_20240828 13,3733.9518279942486
23_20240828 14,3576.7927900536997
23_20240828 15,3378.4347022127736
23_20240828 16,3018.7119874710006
23_20240828 17,2814.779007984936
23_20240828 18,2406.3320758283216
23_20240828 19,2207.5957575611383
23_20240828 20,2035.9104376891444
23_20240828 21,1823.189859484082
23_20240828 22,1648.9200173526278
23_20240828 23,1628.8156502149238
23_20240829 00,1735.538968176008
23_20240829 01,1736.1081955033155
23_20240829 02,1730.2359013238238
23_20240829 03,1733.60118213855
23_20240829 04,1734.1762003281906
23_20240829 05,1731.0899241845768
23_20240829 06,1754.8915069218601
23_20240829 07,1830.9154314624595
23_20240829 08,1960.2048816392812
23_20240829 09,2496.9584041852972
23_20240829 10,3176.18268632575
23_20240829 11,2896.9508995835104
23_20240829 12,3436.991511671049
23_20240829 13,3400.1208781936707
23_20240829 14,3375.209353564188
23_20240829 15,3157.0674073300306
23_20240829 16,3041.7608450407606
23_20240829 17,2485.6842641393905
23_20240829 18,2202.939436869702
23_20240829 19,2143.0571900544737
23_20240829 20,1991.8148081914828
23_20240829 21,1820.7217198292265
23_20240829 22,1664.8770091947763
23_20240829 23,1628.4955681129343
23_20240830 00,1677.6160387209102
23_20240830 01,1689.181799338724
23_20240830 02,1687.126431717434
23_20240830 03,1681.1096254908753
23_20240830 04,1682.4335682132446
23_20240830 05,1685.309942041855
23_20240830 06,1698.154930506983
23_20240830 07,1793.438009868175
23_20240830 08,1897.2040653695153
23_20240830 09,1944.701533453116
23_20240830 10,1819.6772759093953
23_20240830 11,1846.1044842033857
23_20240830 12,2142.5238731907234
23_20240830 13,1949.2748824130445
23_20240830 14,1880.6112312276614
23_20240830 15,1820.1747988959046
23_20240830 16,1937.8070738428366
23_20240830 17,1875.3660447134312
23_20240830 18,1782.5234408107935
23_20240830 19,1677.2599037706063
23_20240830 20,1687.8235371751057
23_20240830 21,1646.5504478164748
23_20240830 22,1600.54868298942
23_20240830 23,1587.0648563791724
23_20240831 00,1573.146272108285
23_20240831 01,1550.4944409781954
23_20240831 02,1533.4408622156107
23_20240831 03,1516.3762488501197
23_20240831 04,1508.2825370122068
23_20240831 05,1501.9995724391651
23_20240831 06,1474.078497001768
23_20240831 07,1438.632508280904
23_20240831 08,1356.6983348696879
23_20240831 09,1200.7880777099936
23_20240831 10,1144.7108994010096
23_20240831 11,1107.8927393583576
23_20240831 12,1053.11186715768
23_20240831 13,1045.4448451017097
23_20240831 14,1086.770742411552
23_20240831 15,1239.1047449514385
23_20240831 16,1358.2421831758138
23_20240831 17,1496.3042717491608
23_20240831 18,1554.2626298728112
23_20240831 19,1609.4385355920863
23_20240831 20,1600.2791417882763
23_20240831 21,1588.560529647522
23_20240831 22,1578.8112916485777
23_20240831 23,1562.2117525728659
24_20240825 00,1203.8024479107125
24_20240825 01,1173.8408083841246
24_20240825 02,1149.3292157479475
24_20240825 03,1136.409983680096
24_20240825 04,1130.2266369604947
24_20240825 05,1101.6920043667358
24_20240825 06,1049.1354144293505
24_20240825 07,987.8419252307483
24_20240825 08,943.3205826250312
24_20240825 09,825.1821380336065
24_20240825 10,808.5087213842202
24_20240825 11,823.9299934396709
24_20240825 12,805.037123902125
24_20240825 13,827.5111855606335
24_20240825 14,965.1373316404917
24_20240825 15,1042.6203070042327
24_20240825 16,1159.6200815498669
24_20240825 17,1293.001492248277
24_20240825 18,1372.4683908663187
24_20240825 19,1368.0533339978983
24_20240825 20,1379.109052995582
24_20240825 21,1368.597086317641
24_20240825 22,1334.1071136034109
24_20240825 23,1265.223961760767
24_20240826 00,1235.914432670022
24_20240826 01,1198.0836888685917
24_20240826 02,1168.5906450853297
24_20240826 03,1142.9469603297107
24_20240826 04,1132.521852077082
24_20240826 05,1111.8518929281586
24_20240826 06,1103.6631996054296
24_20240826 07,1083.5272125172291
24_20240826 08,1214.1264488874335
24_20240826 09,1596.0278616002854
24_20240826 10,1801.1979515599742
24_20240826 11,2026.9635036842203
24_20240826 12,1952.4189146588437
24_20240826 13,2040.7475452074696
24_20240826 14,2115.7598641739455
24_20240826 15,2217.304010834459
24_20240826 16,2286.6248012996994
24_20240826 17,2232.9679266412754
24_20240826 18,1936.9461963098008
24_20240826 19,1740.7487710072287
24_20240826 20,1666.5537725594645
24_20240826 21,1573.0256775287755
24_20240826 22,1411.7250504465806
24_20240826 23,1332.319495919181
24_20240827 00,1250.3990132917788
24_20240827 01,1202.7246504614855
24_20240827 02,1188.9355068190307
24_20240827 03,1145.3848694865458
24_20240827 04,1142.745725515861
24_20240827 05,1116.6265402258778
24_20240827 06,1097.8773378151923
24_20240827 07,1086.7469130602371
24_20240827 08,1231.1163781294326
24_20240827 09,1609.9741046263275
24_20240827 10,1796.4247677143135
24_20240827 11,1909.389856717841
24_20240827 12,1831.486573249521
24_20240827 13,2010.9825995564481
24_20240827 14,2058.906191071632
24_20240827 15,2137.0953134535357
24_20240827 16,2138.6753307685053
24_20240827 17,2091.0773474592456
24_20240827 18,1892.4922249831332
24_20240827 19,1717.168021945553
24_20240827 20,1633.2447612880674
24_20240827 21,1516.0745946581565
24_20240827 22,1393.0981166672473
24_20240827 23,1308.74302108962
24_20240828 00,1232.7038963843813
24_20240828 01,1186.5082760379892
24_20240828 02,1156.998339301917
24_20240828 03,1124.6012086131545
24_20240828 04,1117.4360381888418
24_20240828 05,1089.4029456429337
24_20240828 06,1075.5515285318993
24_20240828 07,1054.7668138989188
24_20240828 08,1179.1094266996822
24_20240828 09,1536.9912144465463
24_20240828 10,1737.3572193402488
24_20240828 11,1862.8335342078317
24_20240828 12,1767.585627713112
24_20240828 13,1884.9886754898146
24_20240828 14,1910.333097729365
24_20240828 15,2028.2798561764298
24_20240828 16,2128.909185309055
24_20240828 17,2107.2121663483567
24_20240828 18,1885.445797660418
24_20240828 19,1717.5607902652607
24_20240828 20,1642.81383423167
24_20240828 21,1527.1517272630797
24_20240828 22,1383.57825804923
24_20240828 23,1306.8093629190055
24_20240829 00,1229.3228310400214
24_20240829 01,1189.8493152987394
24_20240829 02,1165.3564329941892
24_20240829 03,1130.3073697400175
24_20240829 04,1117.6855330114258
24_20240829 05,1098.5535793100637
24_20240829 06,1082.6770777203658
24_20240829 07,1063.3472716182496
24_20240829 08,1173.8703922357809
24_20240829 09,1504.110938556816
24_20240829 10,1650.7955286134445
24_20240829 11,1763.9905085382557
24_20240829 12,1736.8769198067998
24_20240829 13,1879.2469766132485
24_20240829 14,2018.297463434967
24_20240829 15,2068.662220009494
24_20240829 16,2068.0712034817107
24_20240829 17,2074.9765792781736
24_20240829 18,1789.0626809419166
24_20240829 19,1635.9908976592026
24_20240829 20,1588.6544077537565
24_20240829 21,1504.6166823948124
24_20240829 22,1385.5179692848774
24_20240829 23,1316.4074729582812
24_20240830 00,1209.1094395234177
24_20240830 01,1173.4153681146415
24_20240830 02,1158.6055985553226
24_20240830 03,1120.2796533343585
24_20240830 04,1119.3379737023643
24_20240830 05,1084.8268000089438
24_20240830 06,1061.649136226984
24_20240830 07,1045.7347569526055
24_20240830 08,1135.1231821369124
24_20240830 09,1477.6786682355128
24_20240830 10,1645.9117501780197
24_20240830 11,1756.9756149757854
24_20240830 12,1719.0764208910493
24_20240830 13,1860.7813691861138
24_20240830 14,1962.3663677978561
24_20240830 15,2041.5164468141227
24_20240830 16,2124.6254781058747
24_20240830 17,2041.210184278398
24_20240830 18,1779.8387827105375
24_20240830 19,1592.1924983005965
24_20240830 20,1499.6116076778046
24_20240830 21,1444.000186848172
24_20240830 22,1321.848287568088
24_20240830 23,1254.8585397023687
24_20240831 00,1170.1224229134473
24_20240831 01,1133.2545595252057
24_20240831 02,1104.1332579195264
24_20240831 03,1090.9274506581269
24_20240831 04,1078.103820333762
24_20240831 05,1049.3603730164873
24_20240831 06,1007.2315447489591
24_20240831 07,943.0401636726699
24_20240831 08,871.1674300398859
24_20240831 09,813.2658577061819
24_20240831 10,793.3570789405646
24_20240831 11,806.5976590807858
24_20240831 12,811.2619358976235
24_20240831 13,816.6543665523853
24_20240831 14,912.0053712465234
24_20240831 15,1006.28650975246
24_20240831 16,1138.1951028846324
24_20240831 17,1262.8577020329744
24_20240831 18,1279.303403456376
24_20240831 19,1276.2544066152618
24_20240831 20,1293.2779303889893
24_20240831 21,1256.9517132505125
24_20240831 22,1234.9252419375446
24_20240831 23,1199.4989547791563
25_20240825 00,1304.4780668435662
25_20240825 01,1154.2958502320325
25_20240825 02,1050.8271399784387
25_20240825 03,911.2366107975679
25_20240825 04,881.3158245073737
25_20240825 05,887.1579650865383
25_20240825 06,970.9628012003989
25_20240825 07,1138.562742843448
25_20240825 08,1271.788857106132
25_20240825 09,1445.9756966544069
25_20240825 10,1563.1943324174408
25_20240825 11,1639.89101572166
25_20240825 12,1703.7872023071131
25_20240825 13,1777.6954568483095
25_20240825 14,1725.0989936125716
25_20240825 15,1712.6667629986732
25_20240825 16,1783.3725733064712
25_20240825 17,1896.8110358224533
25_20240825 18,1992.0499830325957
25_20240825 19,2146.732019882907
25_20240825 20,2047.2431870183607
25_20240825 21,2008.0168228016746
25_20240825 22,1746.7685305405967
25_20240825 23,1541.9651546063901
25_20240826 00,1291.0695264122708
25_20240826 01,1159.4988096100544
25_20240826 02,1015.0774806515544
25_20240826 03,915.2886368797394
25_20240826 04,873.5513424648788
25_20240826 05,862.9172166567747
25_20240826 06,963.1363250360939
25_20240826 07,1137.4169689632647
25_20240826 08,1243.024805130653
25_20240826 09,1195.5456663354148
25_20240826 10,1165.42661651452
25_20240826 11,1209.907941179207
25_20240826 12,1394.6381868375008
25_20240826 13,1423.267057349281
25_20240826 14,1411.561269205248
25_20240826 15,1686.217181543349
25_20240826 16,1775.0403167161005
25_20240826 17,2002.113443985355
25_20240826 18,2286.3515218746616
25_20240826 19,2412.6668526802423
25_20240826 20,2271.7607318372966
25_20240826 21,2030.0837331281546
25_20240826 22,1787.0436717854432
25_20240826 23,1508.8138591970485
25_20240827 00,1272.1563998276692
25_20240827 01,1159.449990192307
25_20240827 02,990.9414183574593
25_20240827 03,952.4204549113907
25_20240827 04,916.9701682538418
25_20240827 05,901.8010791463204
25_20240827 06,998.5386079210615
25_20240827 07,1219.7582191540212
25_20240827 08,1285.7188515790701
25_20240827 09,1176.4589128388147
25_20240827 10,1158.2394548062614
25_20240827 11,1074.7821274828534
25_20240827 12,1194.0993098381284
25_20240827 13,1236.4543861165473
25_20240827 14,1167.5155159066917
25_20240827 15,1150.1734906801103
25_20240827 16,1242.1706494481805
25_20240827 17,1412.9595361285042
25_20240827 18,1593.0283626190267
25_20240827 19,1718.1310498709672
25_20240827 20,1711.6426943172942
25_20240827 21,1646.8102538460992
25_20240827 22,1525.8759245092247
25_20240827 23,1299.1188000530028
25_20240828 00,1108.6544930604587
25_20240828 01,1012.7149861249665
25_20240828 02,900.331993019515
25_20240828 03,827.6760349482674
25_20240828 04,799.7315750506691
25_20240828 05,809.5980988122327
25_20240828 06,874.7557204332295
25_20240828 07,1094.0098782885516
25_20240828 08,1086.1211259408649
25_20240828 09,1049.734149874775
25_20240828 10,1009.3127248002222
25_20240828 11,1044.2389133581655
25_20240828 12,1090.4492498969266
25_20240828 13,1216.9377110915736
25_20240828 14,1268.6993729360543
25_20240828 15,1313.978912669036
25_20240828 16,1305.7963353492798
25_20240828 17,1477.0076911819647
25_20240828 18,1690.0332810051182
25_20240828 19,1806.3332117988175
25_20240828 20,1739.9528139890585
25_20240828 21,1706.0721806667784
25_20240828 22,1552.67599996521
25_20240828 23,1315.379456443049
25_20240829 00,1130.5816468146954
25_20240829 01,1018.9681970526848
25_20240829 02,919.4202921073108
25_20240829 03,854.3345284476682
25_20240829 04,805.2145570849874
25_20240829 05,830.9219994048339
25_20240829 06,921.7528404197865
25_20240829 07,1116.320810969552
25_20240829 08,1200.4415185721018
25_20240829 09,1138.3137462521138
25_20240829 10,1123.7289376453903
25_20240829 11,1146.0871186476656
25_20240829 12,1227.0128219103415
25_20240829 13,1360.1321148802754
25_20240829 14,1352.110095655441
25_20240829 15,1480.4184836832694
25_20240829 16,1504.3131100360183
25_20240829 17,1589.751988131102
25_20240829 18,1828.3360243229981
25_20240829 19,1944.803439532955
25_20240829 20,1898.9512441560455
25_20240829 21,1899.9090572856421
25_20240829 22,1700.5617781388707
25_20240829 23,1400.2098983843928
25_20240830 00,1189.7102439660803
25_20240830 01,1042.8403244101319
25_20240830 02,913.6775300596805
25_20240830 03,831.7187759776768
25_20240830 04,803.035044008182
25_20240830 05,807.970284520258
25_20240830 06,907.8459754653575
25_20240830 07,1120.8037906718578
25_20240830 08,1185.024902289811
25_20240830 09,1120.9848567554257
25_20240830 10,1103.5724284220169
25_20240830 11,1074.4050650645825
25_20240830 12,1282.9263455904868
25_20240830 13,1318.0180683758244
25_20240830 14,1389.274234028526
25_20240830 15,1358.2830169847484
25_20240830 16,1413.8852501699162
25_20240830 17,1585.6340941171575
25_20240830 18,1762.7602788467998
25_20240830 19,1733.99800325667
25_20240830 20,1673.7337161880082
25_20240830 21,1637.3391968696003
25_20240830 22,1473.1150499968353
25_20240830 23,1289.5638479582922
25_20240831 00,1125.209032543999
25_20240831 01,994.6612397438049
25_20240831 02,892.7690886801176
25_20240831 03,802.9502529341232
25_20240831 04,778.6000008967219
25_20240831 05,776.7298188262412
25_20240831 06,824.6597659360918
25_20240831 07,941.4836839137492
25_20240831 08,1008.0077408027058
25_20240831 09,1126.6088739658012
25_20240831 10,1252.672866964862
25_20240831 11,1291.9273196519916
25_20240831 12,1256.85447927653
25_20240831 13,1270.0658994122432
25_20240831 14,1277.6178580447493
25_20240831 15,1230.944978284552
25_20240831 16,1267.5785722897517
25_20240831 17,1360.3837517453974
25_20240831 18,1482.3644185675366
25_20240831 19,1632.7187804808075
25_20240831 20,1620.1694650291524
25_20240831 21,1557.8388270584853
25_20240831 22,1420.9058951213992
25_20240831 23,1234.0706318227774
26_20240825 00,765.1336643648035
26_20240825 01,741.9904028575858
26_20240825 02,766.9262944033075
26_20240825 03,766.1621594402272
26_20240825 04,744.8140228545246
26_20240825 05,729.993517099153
26_20240825 06,824.1160828556652
26_20240825 07,1183.2477241203505
26_20240825 08,2051.7856064483076
26_20240825 09,3196.8303922483556
26_20240825 10,3884.052933733468
26_20240825 11,3983.219472375667
26_20240825 12,4026.5576612003915
26_20240825 13,4082.960963344842
26_20240825 14,4137.234505614675
26_20240825 15,4168.730440813388
26_20240825 16,3885.9734768225217
26_20240825 17,3464.142033558941
26_20240825 18,2311.1713854962845
26_20240825 19,1645.4574773876275
26_20240825 20,1406.4138870908941
26_20240825 21,1154.2863262621586
26_20240825 22,951.6331735876955
26_20240825 23,812.2796295933704
26_20240826 00,753.2023365557125
26_20240826 01,730.0441900462276
26_20240826 02,756.629724283007
26_20240826 03,749.2214633900999
26_20240826 04,730.2630373743937
26_20240826 05,723.8902658611687
26_20240826 06,811.4344441063023
26_20240826 07,1162.1614909499049
26_20240826 08,1955.7772679637565
26_20240826 09,2805.8127592521355
26_20240826 10,3278.683915415787
26_20240826 11,3312.0797441131554
26_20240826 12,3220.7714655842187
26_20240826 13,3258.6975644461936
26_20240826 14,3352.869588571839
26_20240826 15,3258.422284119465
26_20240826 16,3139.490603194976
26_20240826 17,2809.4872209044916
26_20240826 18,1819.0321009282688
26_20240826 19,1302.5704561956065
26_20240826 20,1211.2828507632655
26_20240826 21,1077.412950686955
26_20240826 22,895.2587768740494
26_20240826 23,754.2318339926526
26_20240827 00,730.3553435842781
26_20240827 01,724.4680772248004
26_20240827 02,742.7866982256719
26_20240827 03,740.7832820032307
26_20240827 04,729.2748031643816
26_20240827 05,720.7448403524982
26_20240827 06,791.3324498403563
26_20240827 07,1122.138676026927
26_20240827 08,1809.6685050449937
26_20240827 09,2656.946104113524
26_20240827 10,3138.5103813742853
26_20240827 11,3230.892581733001
26_20240827 12,3098.091533143245
26_20240827 13,3299.6750787256406
26_20240827 14,3363.7427723853752
26_20240827 15,3321.230198455994
26_20240827 16,3101.7923203135083
26_20240827 17,2794.1443322186574
26_20240827 18,1829.141816278422
26_20240827 19,1309.5066616223853
26_20240827 20,1234.5217924987714
26_20240827 21,1074.153444101034
26_20240827 22,890.0823224390358
26_20240827 23,755.8807431735829
26_20240828 00,717.3494774778716
26_20240828 01,703.99105257555
26_20240828 02,724.7954688004547
26_20240828 03,732.858919175181
26_20240828 04,712.888852178946
26_20240828 05,708.7222902270998
26_20240828 06,792.2197613852777
26_20240828 07,1119.8916861398234
26_20240828 08,1958.010405022708
26_20240828 09,2841.3476704762343
26_20240828 10,3333.516608389469
26_20240828 11,3363.309750843139
26_20240828 12,3307.947695242515
26_20240828 13,3447.4243406666697
26_20240828 14,3517.6413888794386
26_20240828 15,3489.4168772581365
26_20240828 16,3270.1861950183115
26_20240828 17,2955.567747132476
26_20240828 18,1982.6668748406855
26_20240828 19,1428.225329746043
26_20240828 20,1291.3762651245274
26_20240828 21,1087.9417106139017
26_20240828 22,899.3822614762727
26_20240828 23,751.9910441745806
26_20240829 00,722.3351968947281
26_20240829 01,714.907064041142
26_20240829 02,739.6608151439925
26_20240829 03,741.8941827716422
26_20240829 04,721.6024609253091
26_20240829 05,716.6967986316369
26_20240829 06,826.3525609305304
26_20240829 07,1233.2203477309688
26_20240829 08,2055.904200325787
26_20240829 09,3009.5495493541366
26_20240829 10,3510.49251282693
26_20240829 11,3723.4086216324813
26_20240829 12,3525.571324409836
26_20240829 13,3634.6509481408407
26_20240829 14,3809.168334525326
26_20240829 15,3783.421570577613
26_20240829 16,3630.501364967495
26_20240829 17,3298.843461330847
26_20240829 18,2215.848840232922
26_20240829 19,1502.0640174625469
26_20240829 20,1269.6649474666308
26_20240829 21,1080.0533117588197
26_20240829 22,898.7626453744074
26_20240829 23,761.463031117523
26_20240830 00,727.2457801989541
26_20240830 01,714.4596405896309
26_20240830 02,741.9922983906741
26_20240830 03,743.2143304282166
26_20240830 04,719.3540953363541
26_20240830 05,715.8032415424498
26_20240830 06,799.5770045839636
26_20240830 07,1189.2574221656027
26_20240830 08,2085.606360320754
26_20240830 09,3287.934327259618
26_20240830 10,3818.712212593735
26_20240830 11,3963.9511033099416
26_20240830 12,3927.9295397301225
26_20240830 13,4120.459610347683
26_20240830 14,4138.383898668388
26_20240830 15,4072.9002115609155
26_20240830 16,3886.5048490765894
26_20240830 17,3551.3690211199037
26_20240830 18,2376.7818070350977
26_20240830 19,1638.4352084083052
26_20240830 20,1378.9647244766074
26_20240830 21,1124.4749787334604
26_20240830 22,911.6995671801259
26_20240830 23,780.2171326108107
26_20240831 00,746.7862666725018
26_20240831 01,737.9627997653204
26_20240831 02,758.7455253592173
26_20240831 03,756.7347742283519
26_20240831 04,743.9033301527031
26_20240831 05,742.7476248114813
26_20240831 06,847.6748753200841
26_20240831 07,1190.4594112727348
26_20240831 08,2205.9394347758384
26_20240831 09,3220.5119298668355
26_20240831 10,3949.704848841591
26_20240831 11,4241.716178626282
26_20240831 12,4238.896379740458
26_20240831 13,4387.180238915003
26_20240831 14,4405.531661583056
26_20240831 15,4414.209140678797
26_20240831 16,4297.210481290596
26_20240831 17,3768.6421248295255
26_20240831 18,2405.582871858568
26_20240831 19,1725.256851569548
26_20240831 20,1445.854957471628
26_20240831 21,1207.8022358370154
26_20240831 22,956.503811189498
26_20240831 23,800.1158595332248
27_20240825 00,595.6058520999727
27_20240825 01,428.4356596502014
27_20240825 02,427.21156986386427
27_20240825 03,430.04574772408546
27_20240825 04,432.738103107548
27_20240825 05,441.66629398012367
27_20240825 06,468.89834528801
27_20240825 07,509.15198996055267
27_20240825 08,515.6157413314493
27_20240825 09,547.5340012718165
27_20240825 10,634.9409565567712
27_20240825 11,629.008548576166
27_20240825 12,616.0097569560241
27_20240825 13,606.5736009935947
27_20240825 14,636.1258684395871
27_20240825 15,655.5390910994851
27_20240825 16,613.7335506090515
27_20240825 17,618.3525038448186
27_20240825 18,618.6171257520136
27_20240825 19,621.9004186565492
27_20240825 20,602.6548888956347
27_20240825 21,610.0105126712463
27_20240825 22,584.3264479312734
27_20240825 23,539.0059592123474
27_20240826 00,538.2197074518251
27_20240826 01,435.9989598195941
27_20240826 02,438.6889110071037
27_20240826 03,451.93833081056096
27_20240826 04,454.5735795009721
27_20240826 05,458.70511285471076
27_20240826 06,572.7219158524817
27_20240826 07,1166.0961068935367
27_20240826 08,1549.3630832687513
27_20240826 09,1880.8208217102447
27_20240826 10,2234.9980117098603
27_20240826 11,2287.4379470048607
27_20240826 12,2273.4151065696824
27_20240826 13,2272.804475968529
27_20240826 14,2302.3972569348734
27_20240826 15,2290.441415423797
27_20240826 16,2255.100902162415
27_20240826 17,2278.60089052684
27_20240826 18,2244.7142834718484
27_20240826 19,2138.9289633214416
27_20240826 20,2006.9200397300367
27_20240826 21,1636.4300310148867
27_20240826 22,1012.4814739883413
27_20240826 23,784.9645938029986
27_20240827 00,553.3118510879322
27_20240827 01,435.4458803793185
27_20240827 02,435.9201238502893
27_20240827 03,440.41769156702844
27_20240827 04,441.15323764426057
27_20240827 05,442.4214658669774
27_20240827 06,558.8619478059421
27_20240827 07,1038.864378432249
27_20240827 08,1420.586212827347
27_20240827 09,1847.5384218294855
27_20240827 10,2210.8565216044462
27_20240827 11,2228.694889099397
27_20240827 12,2270.493761372704
27_20240827 13,2257.168029429712
27_20240827 14,2281.4835867164184
27_20240827 15,2270.8080107820065
27_20240827 16,2227.5921076541317
27_20240827 17,2201.7917004212723
27_20240827 18,2149.343241114864
27_20240827 19,2100.2687419294884
27_20240827 20,1885.2120417503336
27_20240827 21,1456.8009376698915
27_20240827 22,926.2988714852437
27_20240827 23,772.3039138784513
27_20240828 00,549.3233789700155
27_20240828 01,437.0593968848276
27_20240828 02,437.50448312134495
27_20240828 03,437.30527876208055
27_20240828 04,438.3359396329877
27_20240828 05,437.1782470778021
27_20240828 06,541.5248515932042
27_20240828 07,951.34873816687
27_20240828 08,1374.702197126378
27_20240828 09,1825.9210606466581
27_20240828 10,2223.440497343416
27_20240828 11,2254.4442765526883
27_20240828 12,2244.092901613197
27_20240828 13,2266.3370832639994
27_20240828 14,2270.696256519088
27_20240828 15,2283.680513642569
27_20240828 16,2231.425583941287
27_20240828 17,2205.2050471505663
27_20240828 18,2179.541352421523
27_20240828 19,2105.1413909310586
27_20240828 20,1945.6771128766102
27_20240828 21,1560.1681611766412
27_20240828 22,915.3040222832724
27_20240828 23,770.6127493688116
27_20240829 00,543.901485426586
27_20240829 01,429.25800202101414
27_20240829 02,431.2891716607792
27_20240829 03,435.60430536765284
27_20240829 04,434.09733319531813
27_20240829 05,432.2181682810373
27_20240829 06,550.6119908806531
27_20240829 07,970.1176511914916
27_20240829 08,1349.3606848519453
27_20240829 09,1793.0044164767055
27_20240829 10,2170.12527718754
27_20240829 11,2196.1967307005293
27_20240829 12,2208.072921463262
27_20240829 13,2216.5878805880875
27_20240829 14,2235.929640094174
27_20240829 15,2237.469277413547
27_20240829 16,2190.5194832918714
27_20240829 17,2174.179621336208
27_20240829 18,2171.444406587326
27_20240829 19,2124.2231336190976
27_20240829 20,1931.6021942358882
27_20240829 21,1525.7294967903192
27_20240829 22,934.8926798189842
27_20240829 23,764.6776081538937
27_20240830 00,543.7714968458729
27_20240830 01,430.59037829518263
27_20240830 02,433.89339163552563
27_20240830 03,435.0023640189198
27_20240830 04,434.3439896354556
27_20240830 05,440.3776857873405
27_20240830 06,551.870577980839
27_20240830 07,962.3178697623011
27_20240830 08,1361.7629630354477
27_20240830 09,1824.835651380303
27_20240830 10,2173.580043876836
27_20240830 11,2200.9019944102606
27_20240830 12,2224.565468619515
27_20240830 13,2211.749610024707
27_20240830 14,2255.71351410832
27_20240830 15,2264.2283080233383
27_20240830 16,2221.6612046148657
27_20240830 17,2175.8449720690637
27_20240830 18,2163.3200432033627
27_20240830 19,2131.21859288724
27_20240830 20,1982.4197334754529
27_20240830 21,1501.6440380516324
27_20240830 22,919.8962496735459
27_20240830 23,772.1594715177498
27_20240831 00,542.7320733287079
27_20240831 01,427.5619701836083
27_20240831 02,430.5802418143287
27_20240831 03,434.0402904837299
27_20240831 04,433.85009795868297
27_20240831 05,435.626716206728
27_20240831 06,540.2982015308163
27_20240831 07,925.5969548483905
27_20240831 08,1294.8980468934533
27_20240831 09,1785.7328807286342
27_20240831 10,2180.3363466712117
27_20240831 11,2204.729487635977
27_20240831 12,2240.1134000892953
27_20240831 13,2251.4976199735383
27_20240831 14,2275.5675569755062
27_20240831 15,2267.5824603645624
27_20240831 16,2226.722101546253
27_20240831 17,2192.9189008246867
27_20240831 18,2185.1576614873616
27_20240831 19,2139.3822164722233
27_20240831 20,1963.836979721495
27_20240831 21,1615.4493807099327
27_20240831 22,982.9879716669486
27_20240831 23,795.137691581927
28_20240825 00,719.1019307402973
28_20240825 01,641.7429356820818
28_20240825 02,557.7980902367408
28_20240825 03,532.4074489848707
28_20240825 04,535.8011963820213
28_20240825 05,584.1284987407217
28_20240825 06,748.6915918639622
28_20240825 07,842.202609173484
28_20240825 08,896.0484868956047
28_20240825 09,966.1622590825823
28_20240825 10,1032.2136086293528
28_20240825 11,1003.5906330109567
28_20240825 12,1017.0705460681586
28_20240825 13,1016.0877958081
28_20240825 14,1038.3159129564822
28_20240825 15,1049.9016077004324
28_20240825 16,1064.3920946622557
28_20240825 17,1073.1391178789963
28_20240825 18,1072.5564091074846
28_20240825 19,1062.3810032678339
28_20240825 20,1042.8766075337628
28_20240825 21,963.5875626146485
28_20240825 22,874.5374091841618
28_20240825 23,791.428502177856
28_20240826 00,686.4161673450722
28_20240826 01,601.7094862913209
28_20240826 02,539.6952837170807
28_20240826 03,506.52522421769606
28_20240826 04,506.94533826181424
28_20240826 05,557.7115144216385
28_20240826 06,694.773777296743
28_20240826 07,781.2460427042242
28_20240826 08,852.5541132724697
28_20240826 09,960.7707568735063
28_20240826 10,1027.1657851825598
28_20240826 11,1015.9854503331853
28_20240826 12,1026.191822505181
28_20240826 13,1017.7625565812848
28_20240826 14,1027.3844002869807
28_20240826 15,1043.6778350411762
28_20240826 16,1066.4444322524562
28_20240826 17,1076.171429294111
28_20240826 18,1071.3420006252152
28_20240826 19,1052.1939979907243
28_20240826 20,1001.2302402165237
28_20240826 21,896.5770178525148
28_20240826 22,805.8801353272
28_20240826 23,732.5580241074477
28_20240827 00,643.1028621320378
28_20240827 01,565.0548979598656
28_20240827 02,507.9351818143641
28_20240827 03,492.8255299993095
28_20240827 04,495.01758635406907
28_20240827 05,553.8875747816896
28_20240827 06,699.1826129768324
28_20240827 07,749.1901252629364
28_20240827 08,822.3627290070738
28_20240827 09,884.2068813926196
28_20240827 10,940.6059755783948
28_20240827 11,950.1289349495869
28_20240827 12,940.8626365099735
28_20240827 13,941.1067388284205
28_20240827 14,949.1381640363506
28_20240827 15,971.6370803222243
28_20240827 16,963.6697702752729
28_20240827 17,991.8631136058949
28_20240827 18,1017.4897467539837
28_20240827 19,995.3588957660864
28_20240827 20,937.3609981855113
28_20240827 21,831.1956848171792
28_20240827 22,751.4374788740439
28_20240827 23,688.2765064845869
28_20240828 00,599.2291517717365
28_20240828 01,517.1568944240469
28_20240828 02,470.5052787817178
28_20240828 03,459.4860044879875
28_20240828 04,462.98316541250136
28_20240828 05,504.20262542121833
28_20240828 06,650.0544958337717
28_20240828 07,715.0805236161592
28_20240828 08,788.1129091640705
28_20240828 09,890.4344575027042
28_20240828 10,938.3272407397408
28_20240828 11,940.7213054194763
28_20240828 12,942.0703459028493
28_20240828 13,954.0897078962025
28_20240828 14,969.4339843967223
28_20240828 15,1005.2147492650818
28_20240828 16,1018.2465648323423
28_20240828 17,1010.9046418211566
28_20240828 18,1000.687445138306
28_20240828 19,984.7811992499626
28_20240828 20,969.033727346714
28_20240828 21,858.5869788071927
28_20240828 22,778.7478740078332
28_20240828 23,718.2442192188698
28_20240829 00,613.7754418555901
28_20240829 01,479.9269750028135
28_20240829 02,441.0180295301714
28_20240829 03,427.67913283902993
28_20240829 04,430.4803117352885
28_20240829 05,465.3951416075506
28_20240829 06,602.9772643588825
28_20240829 07,684.1305514752344
28_20240829 08,748.9069722424763
28_20240829 09,868.2088911524904
28_20240829 10,927.4893010070241
28_20240829 11,965.0181366888468
28_20240829 12,960.3913043829286
28_20240829 13,938.8770494857977
28_20240829 14,934.5581665841255
28_20240829 15,941.968345599023
28_20240829 16,933.1922817199547
28_20240829 17,958.4549715838507
28_20240829 18,964.3685658339962
28_20240829 19,1007.8947850452513
28_20240829 20,998.2128447759234
28_20240829 21,923.7265117603267
28_20240829 22,829.4778700497781
28_20240829 23,770.4156201814586
28_20240830 00,667.7800582267992
28_20240830 01,568.2887386227308
28_20240830 02,511.99829167823714
28_20240830 03,496.9876660502122
28_20240830 04,500.5135758872681
28_20240830 05,532.7050907551177
28_20240830 06,660.5960159573534
28_20240830 07,748.7278703302494
28_20240830 08,812.0115653415324
28_20240830 09,876.105644323748
28_20240830 10,913.313806044096
28_20240830 11,920.0605920931678
28_20240830 12,917.0892064417255
28_20240830 13,939.8589990522435
28_20240830 14,965.2919773982031
28_20240830 15,996.3750405403994
28_20240830 16,998.2110834175439
28_20240830 17,994.1699489594439
28_20240830 18,1009.7883280774411
28_20240830 19,967.1219906194675
28_20240830 20,950.8935319640043
28_20240830 21,853.2461592259456
28_20240830 22,783.97394760718
28_20240830 23,715.3576413720131
28_20240831 00,620.7977960103867
28_20240831 01,532.7824800548889
28_20240831 02,480.519865028301
28_20240831 03,463.9223186081333
28_20240831 04,466.6658185377868
28_20240831 05,505.5113804775423
28_20240831 06,637.6463364069712
28_20240831 07,698.2734004739323
28_20240831 08,777.4543171176038
28_20240831 09,835.5713253552381
28_20240831 10,919.297378321294
28_20240831 11,914.1009846211756
28_20240831 12,903.3386637879445
28_20240831 13,925.544068767184
28_20240831 14,915.682864921509
28_20240831 15,908.8759753413833
28_20240831 16,896.7760546005227
28_20240831 17,908.8952237775193
28_20240831 18,906.1297754692506
28_20240831 19,884.016496265812
28_20240831 20,878.1625754605601
28_20240831 21,810.8189257211247
28_20240831 22,740.5693474073568
28_20240831 23,697.548953284331
29_20240825 00,514.8234734255351
29_20240825 01,500.6101857384436
29_20240825 02,479.67675600308274
29_20240825 03,486.87921281796775
29_20240825 04,487.2356146810759
29_20240825 05,486.4471625326384
29_20240825 06,497.64122698720496
29_20240825 07,516.3584757470271
29_20240825 08,560.2466178250062
29_20240825 09,565.0540872260945
29_20240825 10,575.4230896304927
29_20240825 11,585.7420244133
29_20240825 12,598.4574241074349
29_20240825 13,618.7039295569163
29_20240825 14,580.3132380484128
29_20240825 15,590.2697325257648
29_20240825 16,583.333776669409
29_20240825 17,554.0112941946932
29_20240825 18,546.011153785171
29_20240825 19,554.833935596929
29_20240825 20,556.4023031818097
29_20240825 21,559.2934263236997
29_20240825 22,545.5414955978035
29_20240825 23,511.11806985733347
29_20240826 00,529.2277643604635
29_20240826 01,514.8035739239826
29_20240826 02,495.7907622488502
29_20240826 03,507.69300809709705
29_20240826 04,511.62785275521253
29_20240826 05,500.6223158723229
29_20240826 06,543.3471400270669
29_20240826 07,668.7341716550566
29_20240826 08,851.8827295357175
29_20240826 09,1135.8079518244676
29_20240826 10,1565.6237699533235
29_20240826 11,1584.186147033174
29_20240826 12,1596.5463391419967
29_20240826 13,1583.819449188857
29_20240826 14,1573.1031677172518
29_20240826 15,1582.519194054418
29_20240826 16,1564.7939170474067
29_20240826 17,1516.260988741269
29_20240826 18,1469.7111532369297
29_20240826 19,1443.2025141077474
29_20240826 20,1381.8923275720501
29_20240826 21,1287.228593794153
29_20240826 22,965.5165391614586
29_20240826 23,674.688963957783
29_20240827 00,528.5858095272595
29_20240827 01,515.4651333769373
29_20240827 02,496.04162995566344
29_20240827 03,508.5680661974104
29_20240827 04,512.1509153129281
29_20240827 05,504.12429345401495
29_20240827 06,544.2334676239968
29_20240827 07,674.9265360961194
29_20240827 08,857.0067287150667
29_20240827 09,1093.6415707010376
29_20240827 10,1541.7362199998115
29_20240827 11,1551.1455381250962
29_20240827 12,1562.6459284024677
29_20240827 13,1548.6975789510852
29_20240827 14,1533.0140692304653
29_20240827 15,1534.9995047851976
29_20240827 16,1525.2671658840918
29_20240827 17,1496.4403476596617
29_20240827 18,1455.698047356877
29_20240827 19,1436.6537995062467
29_20240827 20,1382.568218578027
29_20240827 21,1267.0162199932488
29_20240827 22,960.0379892162252
29_20240827 23,668.7531843231943
29_20240828 00,523.6684726249639
29_20240828 01,508.47633572076614
29_20240828 02,489.57836103530167
29_20240828 03,500.63863746635525
29_20240828 04,503.5159504542381
29_20240828 05,498.14087229807853
29_20240828 06,538.8519682042654
29_20240828 07,661.0081661176165
29_20240828 08,840.8585579427953
29_20240828 09,1101.859199399053
29_20240828 10,1528.3958325783458
29_20240828 11,1556.99429785892
29_20240828 12,1575.569500591122
29_20240828 13,1580.3412425608926
29_20240828 14,1559.2459633547403
29_20240828 15,1567.543051736785
29_20240828 16,1558.8161182435856
29_20240828 17,1513.567073605768
29_20240828 18,1469.590105502597
29_20240828 19,1450.0343054312877
29_20240828 20,1381.96009640155
29_20240828 21,1274.60865340259
29_20240828 22,962.6710319913493
29_20240828 23,661.2099074791012
29_20240829 00,523.1762690234063
29_20240829 01,506.78526983161464
29_20240829 02,495.1494726456823
29_20240829 03,499.9105113670523
29_20240829 04,506.03279444341723
29_20240829 05,497.6061979649728
29_20240829 06,541.5643729231067
29_20240829 07,674.5075484600655
29_20240829 08,841.144186415461
29_20240829 09,1110.4595317160456
29_20240829 10,1532.636508884003
29_20240829 11,1567.627514003973
29_20240829 12,1591.7980013055044
29_20240829 13,1588.3923676166069
29_20240829 14,1564.449306181951
29_20240829 15,1574.964915600351
29_20240829 16,1563.402884458621
29_20240829 17,1520.0840372953242
29_20240829 18,1485.293151721823
29_20240829 19,1463.9339258599189
29_20240829 20,1376.836150058993
29_20240829 21,1279.1131887948413
29_20240829 22,955.1171179008562
29_20240829 23,665.4730565928992
29_20240830 00,522.0846142570304
29_20240830 01,504.4892720368026
29_20240830 02,490.12273632670804
29_20240830 03,499.4783872554547
29_20240830 04,503.37504860256695
29_20240830 05,497.22519913602446
29_20240830 06,539.5689475954691
29_20240830 07,669.3391438899058
29_20240830 08,846.7267846507764
29_20240830 09,1124.2266101887772
29_20240830 10,1562.1049695750714
29_20240830 11,1581.2854496513182
29_20240830 12,1608.739387694521
29_20240830 13,1591.3473670845488
29_20240830 14,1564.2626082967563
29_20240830 15,1577.0368207738356
29_20240830 16,1566.1978226117578
29_20240830 17,1529.2699644996767
29_20240830 18,1476.984921061955
29_20240830 19,1447.5813616755988
29_20240830 20,1398.356123043959
29_20240830 21,1263.0479122794131
29_20240830 22,955.3688833475194
29_20240830 23,668.3601578746529
29_20240831 00,523.1521599219418
29_20240831 01,508.34960488258923
29_20240831 02,492.17495217248677
29_20240831 03,501.09042277469
29_20240831 04,504.83022960497345
29_20240831 05,499.15104593455715
29_20240831 06,554.7189095775367
29_20240831 07,680.5835125348349
29_20240831 08,851.8495843711516
29_20240831 09,1115.1871914003118
29_20240831 10,1562.62659800609
29_20240831 11,1594.1184899778332
29_20240831 12,1603.425690232934
29_20240831 13,1628.7880626848194
29_20240831 14,1616.367532691651
29_20240831 15,1632.880165801014
29_20240831 16,1613.878276413769
29_20240831 17,1582.8770707889598
29_20240831 18,1528.7795435965925
29_20240831 19,1490.5811683870738
29_20240831 20,1411.681128974874
29_20240831 21,1299.222648248148
29_20240831 22,943.7969622491404
29_20240831 23,652.0990956568346
30_20240825 00,9838.92470684553
30_20240825 01,9806.339847401054
30_20240825 02,9819.860096405682
30_20240825 03,9818.87329344628
30_20240825 04,9840.373558118743
30_20240825 05,9849.9202077636
30_20240825 06,9842.902003925265
30_20240825 07,9834.371841705015
30_20240825 08,9832.049295706875
30_20240825 09,9915.396032276087
30_20240825 10,9984.794705295735
30_20240825 11,10032.733694206378
30_20240825 12,10068.28491687674
30_20240825 13,10000.225924754945
30_20240825 14,10042.430411426278
30_20240825 15,10028.113798345366
30_20240825 16,10031.930835840034
30_20240825 17,9977.905288042253
30_20240825 18,9986.311258132777
30_20240825 19,9944.180262502203
30_20240825 20,10004.60399460896
30_20240825 21,9914.52662881673
30_20240825 22,9894.488465234286
30_20240825 23,9841.240110828821
30_20240826 00,9875.716211890012
30_20240826 01,9842.65060449592
30_20240826 02,9843.633892695354
30_20240826 03,9846.050554567293
30_20240826 04,9863.023578418475
30_20240826 05,9870.401468000771
30_20240826 06,9865.00589885134
30_20240826 07,9869.532504592542
30_20240826 08,9883.723683348493
30_20240826 09,9920.65869383375
30_20240826 10,9937.48644547036
30_20240826 11,9939.872852878838
30_20240826 12,9989.406494518702
30_20240826 13,9995.592073372049
30_20240826 14,10057.564234016518
30_20240826 15,10031.879912256605
30_20240826 16,10027.256385872017
30_20240826 17,9972.605534152794
30_20240826 18,9952.629918654107
30_20240826 19,9966.46151800557
30_20240826 20,9958.27418008544
30_20240826 21,9925.633978781052
30_20240826 22,9900.250326751984
30_20240826 23,9856.974406697718
30_20240827 00,9895.704247772603
30_20240827 01,9864.526757262644
30_20240827 02,9873.312680642737
30_20240827 03,9887.080977133779
30_20240827 04,9887.847254254484
30_20240827 05,9873.544446420949
30_20240827 06,9848.304011240472
30_20240827 07,9861.195664698083
30_20240827 08,9888.66318628968
30_20240827 09,9923.607564704662
30_20240827 10,9925.33626452808
30_20240827 11,9931.612016873982
30_20240827 12,9936.952246874687
30_20240827 13,9937.210330186723
30_20240827 14,9974.379540830785
30_20240827 15,10008.840426697878
30_20240827 16,10010.346178560241
30_20240827 17,10003.85827539933
30_20240827 18,9977.72620134395
30_20240827 19,9981.810833639982
30_20240827 20,9971.404705273142
30_20240827 21,9935.774972453408
30_20240827 22,9925.039217897634
30_20240827 23,9876.50293127601
30_20240828 00,9912.8591604118
30_20240828 01,9871.715288539299
30_20240828 02,9860.855032393254
30_20240828 03,9865.323927211688
30_20240828 04,9872.927961945405
30_20240828 05,9852.124417061743
30_20240828 06,9842.32755631589
30_20240828 07,9843.863010527377
30_20240828 08,9881.503289846165
30_20240828 09,9927.386769094443
30_20240828 10,9952.228077131627
30_20240828 11,9981.026732651751
30_20240828 12,9983.843516695106
30_20240828 13,10010.352708350087
30_20240828 14,10060.405486726333
30_20240828 15,10061.380075204874
30_20240828 16,10120.112114906045
30_20240828 17,9985.36895282445
30_20240828 18,10004.026999292018
30_20240828 19,9980.605112644793
30_20240828 20,10042.909567666295
30_20240828 21,9976.47568441273
30_20240828 22,9948.8355220997
30_20240828 23,9885.205463370536
30_20240829 00,9965.071847404428
30_20240829 01,9882.523190425009
30_20240829 02,9878.718934473867
30_20240829 03,9875.100338776752
30_20240829 04,9892.474371224
30_20240829 05,9853.594130536743
30_20240829 06,9857.601900554004
30_20240829 07,9857.652500969383
30_20240829 08,9881.243289301172
30_20240829 09,9904.25549242949
30_20240829 10,9931.58595832259
30_20240829 11,9938.469983539151
30_20240829 12,9941.112710451476
30_20240829 13,9953.388627021202
30_20240829 14,10008.974159999085
30_20240829 15,9997.942327580566
30_20240829 16,10053.880732181584
30_20240829 17,10053.347901673196
30_20240829 18,9975.9158968246
30_20240829 19,9993.167297574026
30_20240829 20,10059.59495054885
30_20240829 21,9951.625711974857
30_20240829 22,9879.510887053159
30_20240829 23,9847.202050742502
30_20240830 00,9888.90471514022
30_20240830 01,9851.9969744893
30_20240830 02,9850.831738413073
30_20240830 03,9835.7890725404
30_20240830 04,9842.684956674526
30_20240830 05,9837.949289509914
30_20240830 06,9854.66051628353
30_20240830 07,9861.191096715713
30_20240830 08,9865.211304922104
30_20240830 09,9962.680548046086
30_20240830 10,9966.02960940313
30_20240830 11,9963.284209808999
30_20240830 12,9995.354768282952
30_20240830 13,9942.349068992458
30_20240830 14,9979.586895825323
30_20240830 15,10015.834617204098
30_20240830 16,10074.020077300858
30_20240830 17,9986.14305944064
30_20240830 18,9979.590736789587
30_20240830 19,9947.59506295349
30_20240830 20,10007.396680998756
30_20240830 21,9922.941292356218
30_20240830 22,9923.03739639682
30_20240830 23,9857.066459603178
30_20240831 00,9871.533735564182
30_20240831 01,9837.805131815045
30_20240831 02,9839.214764374461
30_20240831 03,9810.203124066265
30_20240831 04,9829.74626649382
30_20240831 05,9834.626947523284
30_20240831 06,9825.642870073876
30_20240831 07,9807.220139498095
30_20240831 08,9831.049989732132
30_20240831 09,9879.508194570233
30_20240831 10,9913.756668231543
30_20240831 11,9948.765667996664
30_20240831 12,9953.590569173288
30_20240831 13,9951.544158576144
30_20240831 14,10008.339023401697
30_20240831 15,10038.746656607862
30_20240831 16,10013.06318368432
30_20240831 17,10001.000524175888
30_20240831 18,9962.024052046832
30_20240831 19,9947.727332231249
30_20240831 20,9853.400004046347
30_20240831 21,9896.789100285356
30_20240831 22,9878.468029193133
30_20240831 23,9813.781111864786
31_20240825 00,844.4397664999876
31_20240825 01,723.0424654898338
31_20240825 02,654.4208209383348
31_20240825 03,601.6197356115551
31_20240825 04,566.506607483797
31_20240825 05,560.620584372237
31_20240825 06,593.7584530619064
31_20240825 07,657.5113631952128
31_20240825 08,839.3795103509923
31_20240825 09,961.4784207327175
31_20240825 10,1022.7833696593509
31_20240825 11,1098.847243592686
31_20240825 12,1095.858551123507
31_20240825 13,1089.2457865243216
31_20240825 14,1090.9110190226415
31_20240825 15,1105.3552296071216
31_20240825 16,1077.871117132498
31_20240825 17,1092.4683223693792
31_20240825 18,1165.706172469815
31_20240825 19,1240.8943859022547
31_20240825 20,1165.3039642292304
31_20240825 21,1149.2594480820817
31_20240825 22,1124.609021497568
31_20240825 23,975.1861628588349
31_20240826 00,829.3586121597931
31_20240826 01,706.1247769715019
31_20240826 02,652.4635712858247
31_20240826 03,608.6710652993763
31_20240826 04,582.9887875528552
31_20240826 05,575.8825096414865
31_20240826 06,618.6814561164686
31_20240826 07,724.044356762418
31_20240826 08,881.440588467563
31_20240826 09,927.5183335534906
31_20240826 10,927.7994279136252
31_20240826 11,969.7137997964415
31_20240826 12,987.01082048352
31_20240826 13,979.121602034468
31_20240826 14,993.0478712474032
31_20240826 15,1009.0960412726952
31_20240826 16,992.3075084118825
31_20240826 17,1043.8760039744075
31_20240826 18,1117.3368436082521
31_20240826 19,1132.814181319041
31_20240826 20,1126.2321487128274
31_20240826 21,1101.771530878973
31_20240826 22,1083.4121464009636
31_20240826 23,945.1716318901792
31_20240827 00,797.0192684069051
31_20240827 01,707.5524010775362
31_20240827 02,635.050683406936
31_20240827 03,594.3293194324559
31_20240827 04,575.243311890307
31_20240827 05,571.1560206900665
31_20240827 06,609.3776673024997
31_20240827 07,681.4571560096565
31_20240827 08,813.067475212158
31_20240827 09,793.658776119544
31_20240827 10,792.3664028549337
31_20240827 11,786.2387592256717
31_20240827 12,783.6656194839006
31_20240827 13,758.604984899776
31_20240827 14,803.3433990958881
31_20240827 15,849.9553423632191
31_20240827 16,861.8060947674693
31_20240827 17,941.8046738179592
31_20240827 18,969.4892136485832
31_20240827 19,1056.3078764267714
31_20240827 20,1017.5765521612936
31_20240827 21,998.7689639202439
31_20240827 22,980.4121817948351
31_20240827 23,848.8572161877817
31_20240828 00,738.2104355119778
31_20240828 01,662.5042404509932
31_20240828 02,605.3872697505101
31_20240828 03,566.4650438944263
31_20240828 04,542.2436438124123
31_20240828 05,532.524817796909
31_20240828 06,571.0348097285498
31_20240828 07,661.2041382652562
31_20240828 08,760.4407195750341
31_20240828 09,781.9067260666448
31_20240828 10,785.1952758155758
31_20240828 11,833.1033621000952
31_20240828 12,862.1879482023244
31_20240828 13,896.236853836559
31_20240828 14,893.4148494090813
31_20240828 15,939.7001386568975
31_20240828 16,948.3442710127587
31_20240828 17,1003.3151745338621
31_20240828 18,1055.4701930382653
31_20240828 19,1133.806400386517
31_20240828 20,1094.819908853229
31_20240828 21,1075.6340392585255
31_20240828 22,1023.5253031402559
31_20240828 23,891.7756868977422
31_20240829 00,764.9976262251225
31_20240829 01,672.6142514536784
31_20240829 02,622.3733034968959
31_20240829 03,582.5910983342328
31_20240829 04,552.3514135268407
31_20240829 05,542.0915473588832
31_20240829 06,583.5554784265681
31_20240829 07,661.629985067017
31_20240829 08,749.2099261861272
31_20240829 09,775.068824820693
31_20240829 10,805.0899011040236
31_20240829 11,867.1918603868071
31_20240829 12,900.2188040890582
31_20240829 13,900.6055377395229
31_20240829 14,896.8480768351208
31_20240829 15,927.6965224082866
31_20240829 16,928.081174759494
31_20240829 17,978.3935886595372
31_20240829 18,1025.276552897109
31_20240829 19,1111.8093056180744
31_20240829 20,1037.1508274694759
31_20240829 21,1006.1268087518981
31_20240829 22,998.7755882432643
31_20240829 23,845.9684398811283
31_20240830 00,743.9781927976944
31_20240830 01,662.4396422123618
31_20240830 02,602.5676800878255
31_20240830 03,565.278858040632
31_20240830 04,542.493241211108
31_20240830 05,534.2812907913019
31_20240830 06,577.333530983994
31_20240830 07,658.634261785885
31_20240830 08,785.8690086865784
31_20240830 09,832.4848302890393
31_20240830 10,860.4272679124956
31_20240830 11,902.506942943227
31_20240830 12,901.864640664514
31_20240830 13,894.8652754455975
31_20240830 14,894.7022727246231
31_20240830 15,950.0566163420918
31_20240830 16,936.59985897299
31_20240830 17,964.1844766787144
31_20240830 18,976.4744351293589
31_20240830 19,1017.03615328816
31_20240830 20,983.927340772836
31_20240830 21,926.5153797810881
31_20240830 22,945.2653388433478
31_20240830 23,830.0053291108221
31_20240831 00,729.549816573505
31_20240831 01,663.2234002209618
31_20240831 02,603.5804546346312
31_20240831 03,565.2757016519838
31_20240831 04,529.7992061639113
31_20240831 05,520.405247903901
31_20240831 06,543.8261092272428
31_20240831 07,615.3609678535522
31_20240831 08,722.8117060364186
31_20240831 09,737.662084818166
31_20240831 10,793.660286512093
31_20240831 11,871.1991249824401
31_20240831 12,867.5612581995683
31_20240831 13,931.3788513624926
31_20240831 14,928.1321184946805
31_20240831 15,949.6765095047394
31_20240831 16,930.7963148935827
31_20240831 17,944.6825893983669
31_20240831 18,939.3626858837301
31_20240831 19,980.891707796429
31_20240831 20,927.9379596774096
31_20240831 21,915.7210448149368
31_20240831 22,897.8896207417854
31_20240831 23,792.1563313443901
32_20240825 00,672.1263918635887
32_20240825 01,522.7685903595983
32_20240825 02,515.7182530145735
32_20240825 03,507.0626536353155
32_20240825 04,510.50548841759763
32_20240825 05,548.7654694601179
32_20240825 06,567.3083173947609
32_20240825 07,763.7074463388632
32_20240825 08,1003.9491510474868
32_20240825 09,1967.6483368932213
32_20240825 10,2436.5845784167145
32_20240825 11,2651.5992080422193
32_20240825 12,2657.44557653525
32_20240825 13,2717.474455341221
32_20240825 14,2772.0562600041485
32_20240825 15,2767.978480613834
32_20240825 16,2759.340110514072
32_20240825 17,2653.227465769952
32_20240825 18,2534.141037021085
32_20240825 19,2407.999855471172
32_20240825 20,2308.435189999862
32_20240825 21,2079.799498768535
32_20240825 22,1280.0911964086495
32_20240825 23,952.4493149435538
32_20240826 00,630.3019621700815
32_20240826 01,488.8630031464231
32_20240826 02,484.84628467152174
32_20240826 03,479.69804207279753
32_20240826 04,479.86441033434255
32_20240826 05,487.1070672899068
32_20240826 06,484.6337264189036
32_20240826 07,510.2303460985323
32_20240826 08,513.4669355170213
32_20240826 09,519.003888025507
32_20240826 10,546.0772372790307
32_20240826 11,573.85275714599
32_20240826 12,533.1211919013986
32_20240826 13,559.6412837847488
32_20240826 14,576.3768532738065
32_20240826 15,560.8966193694945
32_20240826 16,531.4523512060313
32_20240826 17,550.2691688536261
32_20240826 18,535.2415123569274
32_20240826 19,535.7283480961497
32_20240826 20,536.5421980478036
32_20240826 21,562.7857356325434
32_20240826 22,534.4164422675965
32_20240826 23,538.051904372661
32_20240827 00,606.4808882730446
32_20240827 01,487.137747478988
32_20240827 02,487.0888971533747
32_20240827 03,481.7774520630338
32_20240827 04,484.72090233287435
32_20240827 05,535.1433413866316
32_20240827 06,557.640407558169
32_20240827 07,756.0131684450099
32_20240827 08,982.2401723162543
32_20240827 09,1792.1446070691184
32_20240827 10,2341.028310945807
32_20240827 11,2493.053126811429
32_20240827 12,2510.160557899556
32_20240827 13,2577.6569292187714
32_20240827 14,2533.848882052818
32_20240827 15,2529.339988668412
32_20240827 16,2484.2490260620925
32_20240827 17,2449.493875312506
32_20240827 18,2341.3292804692505
32_20240827 19,2246.461274686628
32_20240827 20,2124.859689576615
32_20240827 21,1946.5970822919044
32_20240827 22,1203.931256475824
32_20240827 23,873.5028532808885
32_20240828 00,606.0699939979494
32_20240828 01,471.41047822158305
32_20240828 02,471.1872315391647
32_20240828 03,466.9479510099695
32_20240828 04,475.30493634024833
32_20240828 05,522.1923268552465
32_20240828 06,545.2011957608079
32_20240828 07,735.6371423697531
32_20240828 08,929.9032736235403
32_20240828 09,1764.5073809653395
32_20240828 10,2305.566624640723
32_20240828 11,2513.4814659210924
32_20240828 12,2465.6229657507283
32_20240828 13,2483.954908750482
32_20240828 14,2474.947744984183
32_20240828 15,2485.302610274709
32_20240828 16,2457.560798788309
32_20240828 17,2433.5884994385265
32_20240828 18,2340.9943728572525
32_20240828 19,2254.3005430019684
32_20240828 20,2098.617794139828
32_20240828 21,1950.6898051610372
32_20240828 22,1212.1466373753747
32_20240828 23,902.8752630721083
32_20240829 00,633.8192741831397
32_20240829 01,496.76221223763594
32_20240829 02,496.28534948679123
32_20240829 03,487.7194241540353
32_20240829 04,493.53300758488814
32_20240829 05,528.9714803564161
32_20240829 06,560.1362937286115
32_20240829 07,737.6938221603278
32_20240829 08,952.0955542481423
32_20240829 09,1792.2875912251116
32_20240829 10,2270.575962709119
32_20240829 11,2398.6474919229036
32_20240829 12,2480.726063202098
32_20240829 13,2459.0764937396216
32_20240829 14,2467.063719036534
32_20240829 15,2497.4021814839516
32_20240829 16,2442.2497456183846
32_20240829 17,2419.776571602302
32_20240829 18,2348.817026230883
32_20240829 19,2230.631933267102
32_20240829 20,2108.3336792559558
32_20240829 21,1979.2214614564461
32_20240829 22,1182.8735089299134
32_20240829 23,897.7419929152902
32_20240830 00,645.9502605066893
32_20240830 01,501.2482687801507
32_20240830 02,496.14148795617507
32_20240830 03,497.5924755032977
32_20240830 04,499.05714561775676
32_20240830 05,538.8578729732012
32_20240830 06,565.5061996765872
32_20240830 07,763.4498955729956
32_20240830 08,1001.4760599300364
32_20240830 09,1800.4049106421653
32_20240830 10,2276.755801254318
32_20240830 11,2403.4811403661897
32_20240830 12,2457.2897775749443
32_20240830 13,2511.930639068035
32_20240830 14,2514.8631759787713
32_20240830 15,2526.167965431001
32_20240830 16,2509.364400695226
32_20240830 17,2490.863535288805
32_20240830 18,2382.8428903754184
32_20240830 19,2270.297861417634
32_20240830 20,2135.7564538112265
32_20240830 21,2000.3366602992967
32_20240830 22,1231.5638260281899
32_20240830 23,924.5455391556663
32_20240831 00,644.2545597976681
32_20240831 01,495.84369627133805
32_20240831 02,489.03523695910224
32_20240831 03,485.15091799053806
32_20240831 04,482.0267625866673
32_20240831 05,524.3960687363953
32_20240831 06,548.828192128112
32_20240831 07,747.4108539196653
32_20240831 08,966.4157766773295
32_20240831 09,1827.413116840969
32_20240831 10,2314.7209737115872
32_20240831 11,2491.8446868634305
32_20240831 12,2484.608647033355
32_20240831 13,2560.5613300064347
32_20240831 14,2608.936922241918
32_20240831 15,2613.1643819380806
32_20240831 16,2595.0807440580006
32_20240831 17,2535.191073013737
32_20240831 18,2467.0209253080384
32_20240831 19,2370.4282159423246
32_20240831 20,2194.6141076140534
32_20240831 21,1974.1797306394105
32_20240831 22,1193.6957292218117
32_20240831 23,909.2658433859096
33_20240825 00,1327.607361097635
33_20240825 01,1341.4855579491746
33_20240825 02,1333.6617732734917
33_20240825 03,1295.9687782711085
33_20240825 04,1316.8771987914126
33_20240825 05,736.7788120231035
33_20240825 06,681.6381846943827
33_20240825 07,1508.1881247931874
33_20240825 08,2013.229223658288
33_20240825 09,2542.690332195366
33_20240825 10,2802.8051346069096
33_20240825 11,2839.500936470499
33_20240825 12,2854.6965013840536
33_20240825 13,2833.9024362287937
33_20240825 14,2822.1030185309824
33_20240825 15,2784.88219582832
33_20240825 16,2768.1213731732223
33_20240825 17,2735.942685011957
33_20240825 18,1704.2767530566307
33_20240825 19,1392.785953838798
33_20240825 20,1318.579861736183
33_20240825 21,832.571061303733
33_20240825 22,526.2930821685363
33_20240825 23,1072.508120763856
33_20240826 00,1436.3129975419577
33_20240826 01,1424.034815563442
33_20240826 02,1363.1918522722774
33_20240826 03,1325.258573233841
33_20240826 04,1360.2880762002744
33_20240826 05,749.2772226832932
33_20240826 06,703.6851645909409
33_20240826 07,1736.0622123897078
33_20240826 08,2633.1924227217005
33_20240826 09,2809.3471137732877
33_20240826 10,2842.2709336910066
33_20240826 11,2901.894235275332
33_20240826 12,2875.755317080281
33_20240826 13,2911.809199943743
33_20240826 14,2917.513681212693
33_20240826 15,2909.702439174505
33_20240826 16,2874.9682832847357
33_20240826 17,2842.404349999381
33_20240826 18,1804.4054426414882
33_20240826 19,1409.139767766561
33_20240826 20,1396.2027231616066
33_20240826 21,819.1397290592902
33_20240826 22,521.2565243197992
33_20240826 23,1109.8785435672378
33_20240827 00,1735.321321302778
33_20240827 01,1715.0348245573937
33_20240827 02,1681.9001178358506
33_20240827 03,1568.979277061434
33_20240827 04,1452.2090845104883
33_20240827 05,735.3271032098776
33_20240827 06,696.3150114552723
33_20240827 07,1577.5910051001476
33_20240827 08,2385.547080206698
33_20240827 09,2688.8421735711768
33_20240827 10,2695.437879882027
33_20240827 11,2750.4791700952496
33_20240827 12,2761.047556507645
33_20240827 13,2754.8183133115517
33_20240827 14,2780.372677169948
33_20240827 15,2752.620722787036
33_20240827 16,2781.839415517081
33_20240827 17,2742.514649451615
33_20240827 18,1941.076667679667
33_20240827 19,1389.2858805146273
33_20240827 20,1323.8893263693788
33_20240827 21,801.684071459839
33_20240827 22,521.0876439116837
33_20240827 23,1075.6324761391181
33_20240828 00,1745.688604908817
33_20240828 01,1719.1410196874265
33_20240828 02,1697.3547120274593
33_20240828 03,1569.0345061809044
33_20240828 04,1497.048220116809
33_20240828 05,729.3744591706566
33_20240828 06,671.7344847743808
33_20240828 07,1688.9461851902813
33_20240828 08,2567.553884931731
33_20240828 09,2700.4294889727903
33_20240828 10,2764.2928712577714
33_20240828 11,2808.953166819995
33_20240828 12,2785.6398237561098
33_20240828 13,2821.5280418968387
33_20240828 14,2822.9177245864016
33_20240828 15,2856.660644111168
33_20240828 16,2865.4444461621947
33_20240828 17,2875.4189994127164
33_20240828 18,2575.232816540624
33_20240828 19,2497.7291628872035
33_20240828 20,2376.857117085263
33_20240828 21,995.2679123569842
33_20240828 22,529.7561833704261
33_20240828 23,1120.9499922901925
33_20240829 00,1874.9725264908964
33_20240829 01,1798.4541000271176
33_20240829 02,1786.398643143759
33_20240829 03,1739.5405400509435
33_20240829 04,1573.5232761125849
33_20240829 05,745.9410865408272
33_20240829 06,664.4775699881217
33_20240829 07,1584.4668520232099
33_20240829 08,2423.4157440027093
33_20240829 09,2679.823689193211
33_20240829 10,2773.7854959129845
33_20240829 11,2830.110974743852
33_20240829 12,2829.201858976776
33_20240829 13,2823.293884135548
33_20240829 14,2857.0397838187214
33_20240829 15,2815.555533060039
33_20240829 16,2797.437369951375
33_20240829 17,2781.9827855529065
33_20240829 18,1899.5331348042057
33_20240829 19,1461.8783886566052
33_20240829 20,1362.805439353759
33_20240829 21,827.0413235117196
33_20240829 22,527.0951256706153
33_20240829 23,1111.7973955974587
33_20240830 00,1863.0335820102741
33_20240830 01,1825.1263133735868
33_20240830 02,1700.400255339609
33_20240830 03,1653.2022984548246
33_20240830 04,1423.7344307231776
33_20240830 05,728.4348773204862
33_20240830 06,667.8857718428856
33_20240830 07,1635.0100010182102
33_20240830 08,2455.335338807888
33_20240830 09,2677.320680815177
33_20240830 10,2755.386165060065
33_20240830 11,2819.541068980654
33_20240830 12,2792.9918338994516
33_20240830 13,2811.170360461466
33_20240830 14,2823.512679457066
33_20240830 15,2758.0996138307673
33_20240830 16,2759.101285084688
33_20240830 17,2708.0084610177028
33_20240830 18,1727.8823792503529
33_20240830 19,1398.5742179044003
33_20240830 20,1357.591030853217
33_20240830 21,793.895181798821
33_20240830 22,520.2747762881842
33_20240830 23,1057.6161678204912
33_20240831 00,1386.2493656777444
33_20240831 01,1380.0368607152527
33_20240831 02,1367.6961901044488
33_20240831 03,1314.7558606624011
33_20240831 04,1333.5932149891144
33_20240831 05,699.4086593854046
33_20240831 06,646.6416445196644
33_20240831 07,1307.6673731358837
33_20240831 08,1842.269712502933
33_20240831 09,2362.091409732475
33_20240831 10,2606.202350612768
33_20240831 11,2646.6811963175
33_20240831 12,2746.3844981408256
33_20240831 13,2721.82452614504
33_20240831 14,2733.437432182237
33_20240831 15,2716.473151694721
33_20240831 16,2708.6204905619084
33_20240831 17,2715.1728978907922
33_20240831 18,2377.792249292953
33_20240831 19,2263.117327251098
33_20240831 20,2243.266685935039
33_20240831 21,973.5912022151738
33_20240831 22,513.6505285740609
33_20240831 23,1034.0216442574404
34_20240825 00,5317.854920241536
34_20240825 01,4801.817142421988
34_20240825 02,4617.786953034053
34_20240825 03,4420.528448479336
34_20240825 04,4363.0051052145045
34_20240825 05,4892.621449553102
34_20240825 06,5540.036571028358
34_20240825 07,6406.642344667982
34_20240825 08,7446.670587516317
34_20240825 09,9490.048179444002
34_20240825 10,13865.340281600413
34_20240825 11,15349.247927401135
34_20240825 12,15787.311076023547
34_20240825 13,15939.07492893795
34_20240825 14,16087.126725443879
34_20240825 15,15961.259247345217
34_20240825 16,16001.457601099166
34_20240825 17,16126.467835487998
34_20240825 18,15976.515447499893
34_20240825 19,15736.141715869824
34_20240825 20,14258.78170952671
34_20240825 21,10370.104846903942
34_20240825 22,7859.86769959175
34_20240825 23,6250.212538060136
34_20240826 00,5321.78095320076
34_20240826 01,4747.502036178147
34_20240826 02,4378.3003412497
34_20240826 03,4142.66038711823
34_20240826 04,4241.289710715448
34_20240826 05,4703.048810598155
34_20240826 06,5557.067750039433
34_20240826 07,7227.437716804185
34_20240826 08,8576.29120150036
34_20240826 09,10774.280891134498
34_20240826 10,15122.870158359836
34_20240826 11,15959.515357917178
34_20240826 12,16224.193041887058
34_20240826 13,16280.6113819741
34_20240826 14,16065.048865333545
34_20240826 15,16098.107410242415
34_20240826 16,16060.27811403185
34_20240826 17,16117.139723822635
34_20240826 18,16096.036417518026
34_20240826 19,14853.975218321022
34_20240826 20,13371.36532362502
34_20240826 21,10192.653342665511
34_20240826 22,7943.475146106123
34_20240826 23,6332.144297739344
34_20240827 00,5127.2927358358575
34_20240827 01,4474.019363155379
34_20240827 02,4213.8853468989355
34_20240827 03,4125.511983161986
34_20240827 04,4204.097423963689
34_20240827 05,4672.642786292913
34_20240827 06,5435.8683097258945
34_20240827 07,6836.300796751835
34_20240827 08,8008.111989813116
34_20240827 09,9867.39114384436
34_20240827 10,13892.645022987597
34_20240827 11,15006.715275266619
34_20240827 12,15212.472142236022
34_20240827 13,15291.98954101558
34_20240827 14,15273.6034230031
34_20240827 15,15272.941635743933
34_20240827 16,15349.17541096636
34_20240827 17,15748.572931901432
34_20240827 18,15352.34386546174
34_20240827 19,14819.625711787605
34_20240827 20,13033.687413498566
34_20240827 21,9590.05744269932
34_20240827 22,7760.54258168438
34_20240827 23,6275.88010250191
34_20240828 00,5158.644942107314
34_20240828 01,4543.397765358609
34_20240828 02,4390.322971239964
34_20240828 03,4161.819081122772
34_20240828 04,4141.367396942938
34_20240828 05,4597.699798614654
34_20240828 06,5310.578692696065
34_20240828 07,6788.661232726104
34_20240828 08,8142.471820587132
34_20240828 09,10394.61047587376
34_20240828 10,14426.585340745301
34_20240828 11,15766.198121171528
34_20240828 12,15876.062653748457
34_20240828 13,16117.34590860883
34_20240828 14,16139.596354914744
34_20240828 15,16146.197650430147
34_20240828 16,16082.315799257227
34_20240828 17,16183.677795999705
34_20240828 18,16132.224342577645
34_20240828 19,15573.66703518079
34_20240828 20,13831.438015356385
34_20240828 21,10322.223542650489
34_20240828 22,7933.99300262802
34_20240828 23,6335.8389776680615
34_20240829 00,5195.385169522458
34_20240829 01,4573.469292341398
34_20240829 02,4370.438543503023
34_20240829 03,4208.760599393168
34_20240829 04,4154.180871669176
34_20240829 05,4604.380571499427
34_20240829 06,5270.495775809232
34_20240829 07,6644.147914355994
34_20240829 08,7893.459840745683
34_20240829 09,9884.07217700483
34_20240829 10,14390.966777981675
34_20240829 11,15682.414672788502
34_20240829 12,15921.479855106834
34_20240829 13,16164.339137593037
34_20240829 14,16210.39290892819
34_20240829 15,16257.210888037003
34_20240829 16,16180.549263528184
34_20240829 17,16139.025335370376
34_20240829 18,15997.159256353461
34_20240829 19,15595.499361622089
34_20240829 20,13908.995150752355
34_20240829 21,10267.537274892233
34_20240829 22,7758.988391943003
34_20240829 23,6213.892112102315
34_20240830 00,5193.506188436673
34_20240830 01,4676.130407890412
34_20240830 02,4350.180122815258
34_20240830 03,4229.327200441687
34_20240830 04,4149.764725737198
34_20240830 05,4577.631466832369
34_20240830 06,5313.47640263182
34_20240830 07,6627.14729962913
34_20240830 08,7889.4377457556175
34_20240830 09,10210.822308657685
34_20240830 10,14756.163204559809
34_20240830 11,15758.664004539205
34_20240830 12,15853.342380869311
34_20240830 13,15969.91600473861
34_20240830 14,16107.63064946345
34_20240830 15,16041.497608587977
34_20240830 16,16044.905582803902
34_20240830 17,16001.608384929586
34_20240830 18,15885.31387284736
34_20240830 19,15647.682807769605
34_20240830 20,14067.075417821321
34_20240830 21,10609.364734335284
34_20240830 22,7882.077437378795
34_20240830 23,6221.050062963171
34_20240831 00,5208.842031607031
34_20240831 01,4585.928745018013
34_20240831 02,4352.46357671863
34_20240831 03,4186.129284879587
34_20240831 04,4201.06136772229
34_20240831 05,4620.187687670624
34_20240831 06,5217.944672370581
34_20240831 07,6023.078200364649
34_20240831 08,7221.854540809974
34_20240831 09,8948.398569523635
34_20240831 10,13636.984123995744
34_20240831 11,14708.677032593167
34_20240831 12,15506.58299850285
34_20240831 13,15784.645285950712
34_20240831 14,15849.729150433983
34_20240831 15,15834.57849669745
34_20240831 16,15803.559079173614
34_20240831 17,15838.24975414014
34_20240831 18,15781.67763747612
34_20240831 19,15068.502708750788
34_20240831 20,14132.44437897017
34_20240831 21,11019.032130140844
34_20240831 22,7924.933341650517
34_20240831 23,6348.840661511814
35_20240825 00,9454.85483654926
35_20240825 01,9423.768294947407
35_20240825 02,9388.435239134267
35_20240825 03,9375.557439146207
35_20240825 04,9400.326713639613
35_20240825 05,9417.827819097982
35_20240825 06,9388.852108250416
35_20240825 07,9412.184096981182
35_20240825 08,9446.3236055455
35_20240825 09,9514.967396141763
35_20240825 10,9520.2622182926
35_20240825 11,9553.410120240826
35_20240825 12,9591.113774882999
35_20240825 13,9574.030927782627
35_20240825 14,9587.171140631646
35_20240825 15,9635.817002868269
35_20240825 16,9607.209581320407
35_20240825 17,9590.38604900434
35_20240825 18,9568.908854137877
35_20240825 19,9532.815716373685
35_20240825 20,9526.202892763535
35_20240825 21,9520.57773886079
35_20240825 22,9505.408132939288
35_20240825 23,9493.732924742108
35_20240826 00,9467.52965964379
35_20240826 01,9429.878187556456
35_20240826 02,9434.653766199506
35_20240826 03,9411.245603521133
35_20240826 04,9428.469238018315
35_20240826 05,9432.049531869994
35_20240826 06,9387.313005409367
35_20240826 07,9436.739459281249
35_20240826 08,9479.02007150282
35_20240826 09,9544.81948878994
35_20240826 10,9562.307265726276
35_20240826 11,9586.023935234942
35_20240826 12,9574.76923217174
35_20240826 13,9562.560684371725
35_20240826 14,9580.14717038433
35_20240826 15,9649.67652834484
35_20240826 16,9596.580115832308
35_20240826 17,9573.106587162894
35_20240826 18,9570.116066406339
35_20240826 19,9513.096066584567
35_20240826 20,9544.798022929232
35_20240826 21,9560.563114719505
35_20240826 22,9542.653441383787
35_20240826 23,9469.96814876822
35_20240827 00,9478.088774365558
35_20240827 01,9457.70920472102
35_20240827 02,9462.22419157938
35_20240827 03,9337.174374932685
35_20240827 04,9336.012555613774
35_20240827 05,9300.79957913528
35_20240827 06,9274.69969691399
35_20240827 07,9404.555497730129
35_20240827 08,9397.329569934693
35_20240827 09,9442.067083252623
35_20240827 10,9446.38450237636
35_20240827 11,9440.49469671251
35_20240827 12,9474.34366796679
35_20240827 13,9456.886831128275
35_20240827 14,9523.467087031484
35_20240827 15,9553.125350671173
35_20240827 16,9571.087194004518
35_20240827 17,9581.56663561288
35_20240827 18,9567.869147232494
35_20240827 19,9495.809706750902
35_20240827 20,9475.870513718008
35_20240827 21,9448.282022371113
35_20240827 22,9401.568867147507
35_20240827 23,9363.001765578761
35_20240828 00,9357.904127696365
35_20240828 01,9353.159205847469
35_20240828 02,9341.984695240102
35_20240828 03,9338.975977297461
35_20240828 04,9240.900984182801
35_20240828 05,9242.711370124798
35_20240828 06,9167.823080629463
35_20240828 07,9247.816353330792
35_20240828 08,9403.535719491727
35_20240828 09,9486.447848540065
35_20240828 10,9567.007533312295
35_20240828 11,9595.088236503741
35_20240828 12,9595.38844957844
35_20240828 13,9584.59186216626
35_20240828 14,9631.62804267321
35_20240828 15,9648.828173731461
35_20240828 16,9589.859876029017
35_20240828 17,9614.483950062873
35_20240828 18,9586.175302742806
35_20240828 19,9566.284993784127
35_20240828 20,9577.316202934024
35_20240828 21,9565.177125617594
35_20240828 22,9490.176518737591
35_20240828 23,9439.170000321237
35_20240829 00,9428.839321901345
35_20240829 01,9412.787022956356
35_20240829 02,9377.6176209322
35_20240829 03,9366.611295790797
35_20240829 04,9371.702580762485
35_20240829 05,9335.78340939977
35_20240829 06,9288.096533662809
35_20240829 07,9355.137491274318
35_20240829 08,9409.423745318534
35_20240829 09,9488.96162970574
35_20240829 10,9544.091806960652
35_20240829 11,9572.080114867707
35_20240829 12,9584.35555148641
35_20240829 13,9596.167183220809
35_20240829 14,9617.991654066122
35_20240829 15,9666.95920083766
35_20240829 16,9633.261077840158
35_20240829 17,9625.62734726391
35_20240829 18,9589.28683151331
35_20240829 19,9577.383697618574
35_20240829 20,9559.957695525638
35_20240829 21,9516.503844372724
35_20240829 22,9480.756070909647
35_20240829 23,9439.132475849145
35_20240830 00,9440.43729231184
35_20240830 01,9433.91249273499
35_20240830 02,9403.890532036912
35_20240830 03,9352.55289515576
35_20240830 04,9363.221674349787
35_20240830 05,9353.079352780172
35_20240830 06,9320.5999976745
35_20240830 07,9363.372558551537
35_20240830 08,9446.577495085692
35_20240830 09,9518.985763895747
35_20240830 10,9583.385241529271
35_20240830 11,9571.167718700945
35_20240830 12,9579.315979555133
35_20240830 13,9569.332019825111
35_20240830 14,9606.137291795989
35_20240830 15,9652.24770778595
35_20240830 16,9577.306014432506
35_20240830 17,9597.260678921393
35_20240830 18,9566.102823251957
35_20240830 19,9549.312033166261
35_20240830 20,9556.027135195796
35_20240830 21,9508.427835898967
35_20240830 22,9496.27014114142
35_20240830 23,9460.75840769463
35_20240831 00,9425.494511302952
35_20240831 01,9381.039594576674
35_20240831 02,9332.117463916346
35_20240831 03,9319.730849079095
35_20240831 04,9340.561556737708
35_20240831 05,9332.254250777605
35_20240831 06,9305.065761660575
35_20240831 07,9311.713310747873
35_20240831 08,9338.613182056732
35_20240831 09,9431.703586760315
35_20240831 10,9486.427704563113
35_20240831 11,9521.361340145755
35_20240831 12,9539.340651016077
35_20240831 13,9549.620536813107
35_20240831 14,9544.58551359132
35_20240831 15,9565.27821728967
35_20240831 16,9562.603357575577
35_20240831 17,9580.354847900626
35_20240831 18,9544.708421179204
35_20240831 19,9525.07559062606
35_20240831 20,9521.265359559284
35_20240831 21,9491.5712857276
35_20240831 22,9469.30785378034
35_20240831 23,9428.851427651869
36_20240825 00,13827.438419051778
36_20240825 01,13806.305945063506
36_20240825 02,13784.199660964437
36_20240825 03,13778.972458770959
36_20240825 04,13803.061578764107
36_20240825 05,13893.42154561101
36_20240825 06,13827.743975239027
36_20240825 07,13901.977766945743
36_20240825 08,13917.397675879793
36_20240825 09,13927.612175352799
36_20240825 10,14130.246489604597
36_20240825 11,14114.417725285637
36_20240825 12,14150.050582221018
36_20240825 13,14181.412703329719
36_20240825 14,14228.428351804663
36_20240825 15,14193.78723060641
36_20240825 16,14204.68656963807
36_20240825 17,14157.673040860922
36_20240825 18,14115.799126837563
36_20240825 19,14047.682397561162
36_20240825 20,13932.042564086
36_20240825 21,13947.253048375096
36_20240825 22,13844.311797658936
36_20240825 23,13760.346399345517
36_20240826 00,13762.362512558355
36_20240826 01,13793.546712814208
36_20240826 02,13786.826181828383
36_20240826 03,13781.927746108655
36_20240826 04,13836.587588986393
36_20240826 05,13925.873854112273
36_20240826 06,13834.58041843685
36_20240826 07,13883.997716531387
36_20240826 08,13920.843195500745
36_20240826 09,13916.479691779357
36_20240826 10,14133.896307164317
36_20240826 11,14214.420398998596
36_20240826 12,14195.016890350826
36_20240826 13,14208.988688638176
36_20240826 14,14354.734451903627
36_20240826 15,14345.34711950755
36_20240826 16,14350.3862768148
36_20240826 17,14204.944542882824
36_20240826 18,14049.634193586407
36_20240826 19,13969.321698594122
36_20240826 20,13892.939690906249
36_20240826 21,13914.860088238385
36_20240826 22,13851.460684148
36_20240826 23,13787.569306413276
36_20240827 00,13790.441241253948
36_20240827 01,13793.928367770637
36_20240827 02,13790.641815740859
36_20240827 03,13754.908085329631
36_20240827 04,13792.079632399758
36_20240827 05,13849.015339728961
36_20240827 06,13868.522262756564
36_20240827 07,13933.10470284255
36_20240827 08,13933.895925324405
36_20240827 09,13923.836777497525
36_20240827 10,14016.764767400837
36_20240827 11,13944.85803798976
36_20240827 12,13861.698245561052
36_20240827 13,13911.266455397115
36_20240827 14,13964.190573804954
36_20240827 15,13982.771878047242
36_20240827 16,14015.17655293196
36_20240827 17,13963.259599838484
36_20240827 18,13996.08682060453
36_20240827 19,13811.872064413612
36_20240827 20,13753.33211259057
36_20240827 21,13737.245638792274
36_20240827 22,13713.29202606717
36_20240827 23,13655.161262931899
36_20240828 00,13596.035972251271
36_20240828 01,13578.401895325045
36_20240828 02,13554.501906566671
36_20240828 03,13542.117913212402
36_20240828 04,13566.90440626406
36_20240828 05,13573.783466066523
36_20240828 06,13628.80975482388
36_20240828 07,13704.588456210817
36_20240828 08,13818.79524280164
36_20240828 09,13817.668311786048
36_20240828 10,13933.995390057142
36_20240828 11,14028.920757224669
36_20240828 12,14101.701491056338
36_20240828 13,14105.998984750242
36_20240828 14,14209.471141075614
36_20240828 15,14183.932754462345
36_20240828 16,14164.70565164942
36_20240828 17,14107.60945827831
36_20240828 18,14057.410489615071
36_20240828 19,13855.658121309018
36_20240828 20,13821.741843218315
36_20240828 21,13869.321345364595
36_20240828 22,13803.224966748196
36_20240828 23,13717.062095139827
36_20240829 00,13630.35329425177
36_20240829 01,13643.358606524283
36_20240829 02,13642.368264786894
36_20240829 03,13593.123690098939
36_20240829 04,13636.807597086105
36_20240829 05,13592.73729023468
36_20240829 06,13610.933313180814
36_20240829 07,13696.718348888551
36_20240829 08,13824.517695196222
36_20240829 09,13894.23252883065
36_20240829 10,13892.61995902652
36_20240829 11,13945.132571499737
36_20240829 12,14060.11222775425
36_20240829 13,14058.075867039517
36_20240829 14,14139.687502386776
36_20240829 15,14144.821288342491
36_20240829 16,14131.71581543771
36_20240829 17,14083.105110367791
36_20240829 18,14021.384346976232
36_20240829 19,13883.6519723449
36_20240829 20,13869.356809492376
36_20240829 21,13823.200572492104
36_20240829 22,13726.218346795684
36_20240829 23,13598.243174191011
36_20240830 00,13542.27907608914
36_20240830 01,13510.670603493512
36_20240830 02,13512.580649301304
36_20240830 03,13500.25621173362
36_20240830 04,13519.35204341896
36_20240830 05,13580.734696429032
36_20240830 06,13569.655524540929
36_20240830 07,13704.764856455386
36_20240830 08,13777.501342088577
36_20240830 09,13891.854585920391
36_20240830 10,13883.939183857583
36_20240830 11,13984.698341893622
36_20240830 12,14051.332786920571
36_20240830 13,14094.767598992385
36_20240830 14,14070.610035349797
36_20240830 15,14081.861733231664
36_20240830 16,14056.466971363507
36_20240830 17,14001.146138360742
36_20240830 18,14021.27303492597
36_20240830 19,13899.876731250093
36_20240830 20,13898.47387868321
36_20240830 21,13909.434289794639
36_20240830 22,13732.637902763083
36_20240830 23,13643.603354682673
36_20240831 00,13543.435010644238
36_20240831 01,13534.112411113108
36_20240831 02,13526.488846159436
36_20240831 03,13498.896547106378
36_20240831 04,13538.28738849038
36_20240831 05,13591.263669063323
36_20240831 06,13551.69257281892
36_20240831 07,13597.246693043435
36_20240831 08,13659.839273761729
36_20240831 09,13739.392841536644
36_20240831 10,13774.93475851449
36_20240831 11,13791.530728567872
36_20240831 12,13886.905057538886
36_20240831 13,13880.616983661745
36_20240831 14,13897.518531291626
36_20240831 15,13959.014150938892
36_20240831 16,13932.792497779192
36_20240831 17,13913.930091213602
36_20240831 18,13946.92310488384
36_20240831 19,13853.59241718575
36_20240831 20,13765.675395912564
36_20240831 21,13694.699888451976
36_20240831 22,13684.86197759643
36_20240831 23,13554.61951659176
37_20240825 00,1585.3143132117716
37_20240825 01,1578.985648617293
37_20240825 02,1565.8728593971227
37_20240825 03,1535.113864997728
37_20240825 04,1535.00017735133
37_20240825 05,1540.5354388366559
37_20240825 06,1611.8272949085147
37_20240825 07,1637.9433261636088
37_20240825 08,1720.9153383529965
37_20240825 09,1815.5892485114011
37_20240825 10,1857.252605157324
37_20240825 11,1880.430296892856
37_20240825 12,1933.4329704970958
37_20240825 13,1935.1448844286688
37_20240825 14,1948.3039510128767
37_20240825 15,1944.50233979727
37_20240825 16,1887.4269813548985
37_20240825 17,1872.6173556356032
37_20240825 18,1810.5780343249153
37_20240825 19,1806.287459883862
37_20240825 20,1795.5506150115734
37_20240825 21,1697.3290055383359
37_20240825 22,1641.317817616339
37_20240825 23,1611.4487407963688
37_20240826 00,1594.6147497187537
37_20240826 01,1579.035661959856
37_20240826 02,1577.1915256286097
37_20240826 03,1589.6614895603288
37_20240826 04,1666.8545887756711
37_20240826 05,2174.3436327645013
37_20240826 06,3324.623754882544
37_20240826 07,3718.0472771985023
37_20240826 08,4163.109964470759
37_20240826 09,4188.737009763964
37_20240826 10,4248.087956598144
37_20240826 11,4364.6265126481785
37_20240826 12,4290.827654287775
37_20240826 13,4358.082596660169
37_20240826 14,4316.454877745289
37_20240826 15,4304.316601557526
37_20240826 16,4279.24630777631
37_20240826 17,4189.903206711606
37_20240826 18,3657.8418392452095
37_20240826 19,3018.1361728796537
37_20240826 20,2436.5613640663532
37_20240826 21,2082.4933502578897
37_20240826 22,1848.783384145761
37_20240826 23,1768.6710291465388
37_20240827 00,1633.519961638144
37_20240827 01,1592.7417247362341
37_20240827 02,1602.7234428310053
37_20240827 03,1571.411081035811
37_20240827 04,1572.4312960849752
37_20240827 05,1972.9761700870467
37_20240827 06,3168.0762945520482
37_20240827 07,3530.049161402903
37_20240827 08,3855.4430304901616
37_20240827 09,3910.522096585965
37_20240827 10,3908.354262592651
37_20240827 11,3975.6063138068207
37_20240827 12,3925.8911069065744
37_20240827 13,3960.3674458187784
37_20240827 14,4017.338381655545
37_20240827 15,4027.7990201993407
37_20240827 16,4050.9966644728293
37_20240827 17,3941.4519738981567
37_20240827 18,3503.526743132364
37_20240827 19,3011.472556740167
37_20240827 20,2315.2730352854383
37_20240827 21,2032.0182688860327
37_20240827 22,1815.7178036727537
37_20240827 23,1637.3251076745983
37_20240828 00,1546.2135698317943
37_20240828 01,1511.5153344424236
37_20240828 02,1508.7225251065938
37_20240828 03,1503.2313527341196
37_20240828 04,1522.885684703657
37_20240828 05,1956.3708768659544
37_20240828 06,3056.8415985558822
37_20240828 07,3345.6136981840414
37_20240828 08,3812.9804228403937
37_20240828 09,3963.9512659396423
37_20240828 10,4109.562366123329
37_20240828 11,4206.686547187097
37_20240828 12,4187.534494528001
37_20240828 13,4246.954681404038
37_20240828 14,4181.867598993403
37_20240828 15,4162.567792294735
37_20240828 16,4166.798031252638
37_20240828 17,4036.6837509057805
37_20240828 18,3621.4079837426525
37_20240828 19,3024.9904856485073
37_20240828 20,2322.921914823951
37_20240828 21,2015.6143845408085
37_20240828 22,1818.0539362709019
37_20240828 23,1671.467285046026
37_20240829 00,1567.667962848568
37_20240829 01,1519.8710886218091
37_20240829 02,1520.942054452569
37_20240829 03,1499.4777717730967
37_20240829 04,1486.0568332113808
37_20240829 05,1919.17551199879
37_20240829 06,2996.454028728333
37_20240829 07,3283.1700931188925
37_20240829 08,3662.5838966471238
37_20240829 09,3767.2111194571144
37_20240829 10,3915.551819323531
37_20240829 11,4062.0980905420524
37_20240829 12,4005.4038380275824
37_20240829 13,4068.4481311799077
37_20240829 14,4031.2434902225705
37_20240829 15,3965.1040485777567
37_20240829 16,4006.0511222358546
37_20240829 17,3921.069690722009
37_20240829 18,3402.5005994303788
37_20240829 19,2928.2538046106583
37_20240829 20,2284.2769911190617
37_20240829 21,1929.233628787841
37_20240829 22,1778.5260188733434
37_20240829 23,1619.5232406204204
37_20240830 00,1551.2683644272051
37_20240830 01,1520.6158282347799
37_20240830 02,1511.3978521298209
37_20240830 03,1494.5837302441273
37_20240830 04,1498.6849233471175
37_20240830 05,1957.8894155621351
37_20240830 06,3018.88499774521
37_20240830 07,3276.650367994047
37_20240830 08,3710.7940321880483
37_20240830 09,3843.9886827986793
37_20240830 10,4027.913770802069
37_20240830 11,4061.742293672747
37_20240830 12,3974.504421739135
37_20240830 13,4047.13611301131
37_20240830 14,3994.090040095204
37_20240830 15,3962.4921847095998
37_20240830 16,3918.4474500309007
37_20240830 17,3824.9828840372993
37_20240830 18,3325.848184109173
37_20240830 19,2844.117791674175
37_20240830 20,2173.9069904598555
37_20240830 21,1848.5415022351535
37_20240830 22,1642.6205816927181
37_20240830 23,1581.0875674497624
37_20240831 00,1525.5172953490728
37_20240831 01,1495.7897945234913
37_20240831 02,1463.7363971392738
37_20240831 03,1454.569050849334
37_20240831 04,1453.5860684594727
37_20240831 05,1445.1196708707585
37_20240831 06,1515.0332839217708
37_20240831 07,1581.1129913294008
37_20240831 08,1632.868918695899
37_20240831 09,1784.2958508558193
37_20240831 10,1868.9754754175165
37_20240831 11,1880.3404843490507
37_20240831 12,1951.8490362664058
37_20240831 13,1959.7516743941273
37_20240831 14,1951.3153341349416
37_20240831 15,1951.9077302136238
37_20240831 16,1917.8061346283027
37_20240831 17,1855.171970267921
37_20240831 18,1824.8322606751628
37_20240831 19,1758.0104689469508
37_20240831 20,1704.0919237413577
37_20240831 21,1646.6789112448168
37_20240831 22,1588.7930346454664
37_20240831 23,1554.6851193166842
38_20240825 00,940.5116307094429
38_20240825 01,935.2052512546895
38_20240825 02,925.276856597952
38_20240825 03,922.9696125710718
38_20240825 04,918.4103449151273
38_20240825 05,918.473154759421
38_20240825 06,949.096839329368
38_20240825 07,976.0497444956496
38_20240825 08,1056.2692409529502
38_20240825 09,1103.9110323841371
38_20240825 10,1167.8783231844855
38_20240825 11,1177.890905246019
38_20240825 12,1191.818991081147
38_20240825 13,1214.095755657448
38_20240825 14,1226.1016246389345
38_20240825 15,1201.316788837049
38_20240825 16,1186.0039131692145
38_20240825 17,1104.4928713757893
38_20240825 18,1043.6443924281996
38_20240825 19,1034.648440627741
38_20240825 20,1003.3277742192788
38_20240825 21,980.0547482858101
38_20240825 22,967.2427761745981
38_20240825 23,949.7004662341599
38_20240826 00,943.4052245861864
38_20240826 01,937.3855175718043
38_20240826 02,935.0812338399589
38_20240826 03,932.2179567444375
38_20240826 04,932.1544985654784
38_20240826 05,1109.348385094412
38_20240826 06,1353.3389499143632
38_20240826 07,1445.1409589496348
38_20240826 08,1596.64367546027
38_20240826 09,1740.018992199211
38_20240826 10,1758.582789313335
38_20240826 11,1764.3430148445345
38_20240826 12,1744.0919586982861
38_20240826 13,1763.2788187180772
38_20240826 14,1768.9881164985823
38_20240826 15,1766.0486624075584
38_20240826 16,1771.7845042265917
38_20240826 17,1719.5029857760014
38_20240826 18,1453.908991827926
38_20240826 19,1237.4211525218097
38_20240826 20,1172.5389165945294
38_20240826 21,1131.2748014415213
38_20240826 22,1052.2869426997304
38_20240826 23,992.2627597708605
38_20240827 00,952.303881309215
38_20240827 01,947.0631699525784
38_20240827 02,940.4537485278867
38_20240827 03,937.2586163867006
38_20240827 04,928.0937712822132
38_20240827 05,1054.0327479806954
38_20240827 06,1339.3981084361653
38_20240827 07,1486.3374647535838
38_20240827 08,1591.4634457295856
38_20240827 09,1725.868370447562
38_20240827 10,1738.253559631892
38_20240827 11,1743.2217186186215
38_20240827 12,1715.390246144385
38_20240827 13,1749.0669554563763
38_20240827 14,1753.476840189039
38_20240827 15,1752.914643694123
38_20240827 16,1750.457872502098
38_20240827 17,1699.3636763032496
38_20240827 18,1416.3183742967979
38_20240827 19,1218.2842826436186
38_20240827 20,1137.1500105859202
38_20240827 21,1087.6589764882178
38_20240827 22,1015.6557915153609
38_20240827 23,973.0694346838002
38_20240828 00,925.3937993096716
38_20240828 01,920.6839767490831
38_20240828 02,914.3291820846479
38_20240828 03,915.312114162481
38_20240828 04,905.9996798893134
38_20240828 05,1008.9075509433848
38_20240828 06,1269.7423267118234
38_20240828 07,1405.5743730916129
38_20240828 08,1544.109620738795
38_20240828 09,1709.27368591777
38_20240828 10,1727.472341698584
38_20240828 11,1741.967257944023
38_20240828 12,1717.4435934149824
38_20240828 13,1739.420884416104
38_20240828 14,1761.7292873151132
38_20240828 15,1738.5219068939562
38_20240828 16,1732.9054278086758
38_20240828 17,1689.3433620519336
38_20240828 18,1432.3036230717655
38_20240828 19,1216.3964463271782
38_20240828 20,1146.765043308074
38_20240828 21,1091.9802698459043
38_20240828 22,1028.0080263277569
38_20240828 23,975.8964985166361
38_20240829 00,932.1538626608772
38_20240829 01,914.904621899013
38_20240829 02,910.9544816222963
38_20240829 03,906.6522705087712
38_20240829 04,905.6357002424883
38_20240829 05,992.6163499595486
38_20240829 06,1254.4226380067687
38_20240829 07,1376.6709916655898
38_20240829 08,1510.9592588155783
38_20240829 09,1671.891669008597
38_20240829 10,1687.9011472422862
38_20240829 11,1718.4394476479713
38_20240829 12,1690.5116593270338
38_20240829 13,1712.601088856019
38_20240829 14,1727.415135839358
38_20240829 15,1719.2903873048804
38_20240829 16,1709.580713798402
38_20240829 17,1661.5624302970393
38_20240829 18,1393.4574918865053
38_20240829 19,1194.5455407851696
38_20240829 20,1128.5440157296212
38_20240829 21,1069.7354818178044
38_20240829 22,1000.5673992679417
38_20240829 23,953.4826207825374
38_20240830 00,918.7454939669142
38_20240830 01,909.3620957556952
38_20240830 02,906.4735015958743
38_20240830 03,903.4069376168791
38_20240830 04,892.9712816947756
38_20240830 05,979.2603904024368
38_20240830 06,1250.7306603660484
38_20240830 07,1381.0003162586427
38_20240830 08,1491.874988639389
38_20240830 09,1679.1577953506778
38_20240830 10,1696.5053425256258
38_20240830 11,1708.1751114150302
38_20240830 12,1686.2976142692553
38_20240830 13,1709.7946555083374
38_20240830 14,1709.2720782494384
38_20240830 15,1707.8355513948936
38_20240830 16,1699.6387948119236
38_20240830 17,1650.4830776133426
38_20240830 18,1379.3762144725315
38_20240830 19,1175.2792179539485
38_20240830 20,1115.1902235889138
38_20240830 21,1062.1474738666022
38_20240830 22,990.6443676835178
38_20240830 23,946.404154755552
38_20240831 00,906.4727373461907
38_20240831 01,897.3375162755638
38_20240831 02,896.2748550223954
38_20240831 03,889.2231735038407
38_20240831 04,888.5698131730921
38_20240831 05,887.130830711028
38_20240831 06,918.2594996773947
38_20240831 07,946.5473044986002
38_20240831 08,1061.88568340676
38_20240831 09,1097.4182645103522
38_20240831 10,1127.1488688550962
38_20240831 11,1133.0325428251042
38_20240831 12,1192.9700594599262
38_20240831 13,1190.983828804967
38_20240831 14,1207.610007599326
38_20240831 15,1200.8295069843052
38_20240831 16,1193.4672805452365
38_20240831 17,1146.1655690510615
38_20240831 18,1074.5423638213817
38_20240831 19,1008.7555557141516
38_20240831 20,975.8444463768969
38_20240831 21,959.7335752401578
38_20240831 22,943.6356276129366
38_20240831 23,916.2875054041446
39_20240825 00,1770.653417767424
39_20240825 01,1718.11299187733
39_20240825 02,1715.956792978609
39_20240825 03,1746.9149586890621
39_20240825 04,1791.431713886769
39_20240825 05,1851.990374473889
39_20240825 06,1976.9809256316146
39_20240825 07,2072.414486744873
39_20240825 08,2159.153041395003
39_20240825 09,2173.346372175542
39_20240825 10,2190.124523125687
39_20240825 11,2205.9101620393067
39_20240825 12,2211.5768120172966
39_20240825 13,2238.9902261040406
39_20240825 14,2247.700595381782
39_20240825 15,2219.154504148416
39_20240825 16,2231.8516769010125
39_20240825 17,2220.261994151414
39_20240825 18,2192.902537029459
39_20240825 19,2150.689878680824
39_20240825 20,1998.178252424726
39_20240825 21,1929.1989061982017
39_20240825 22,1892.8924986699408
39_20240825 23,1839.470924404693
39_20240826 00,1804.0793835512382
39_20240826 01,1751.6842284401916
39_20240826 02,1739.805684854726
39_20240826 03,1753.8560387366929
39_20240826 04,1788.7796720366214
39_20240826 05,1946.044674602786
39_20240826 06,2444.2150412844894
39_20240826 07,2883.4629404884345
39_20240826 08,3112.870505783697
39_20240826 09,3209.3068570469213
39_20240826 10,3245.8476788720363
39_20240826 11,3259.171840813401
39_20240826 12,3256.291896274739
39_20240826 13,3289.8874506783886
39_20240826 14,3292.1383667213995
39_20240826 15,3298.5933620371407
39_20240826 16,3266.504112769765
39_20240826 17,3010.913150498721
39_20240826 18,2622.129376797655
39_20240826 19,2432.5643726123344
39_20240826 20,2176.3212413757365
39_20240826 21,2077.7295181209583
39_20240826 22,1949.9413946776917
39_20240826 23,1874.5163942194463
39_20240827 00,1805.9840324490776
39_20240827 01,1720.2016245735213
39_20240827 02,1705.6044667348026
39_20240827 03,1706.3324164031303
39_20240827 04,1699.8596432125287
39_20240827 05,1842.3013371558636
39_20240827 06,2353.387794236619
39_20240827 07,2749.3322922747793
39_20240827 08,3008.3136024110117
39_20240827 09,3106.791260341618
39_20240827 10,3075.207600781062
39_20240827 11,3062.3275179868915
39_20240827 12,3058.14242315461
39_20240827 13,3146.1252254012466
39_20240827 14,3161.47911406247
39_20240827 15,3162.379452453396
39_20240827 16,3145.917298414673
39_20240827 17,2912.937955765159
39_20240827 18,2544.2721519608713
39_20240827 19,2337.565049192438
39_20240827 20,2084.2645432962718
39_20240827 21,2001.6196252653704
39_20240827 22,1898.0902269560786
39_20240827 23,1803.5582325103237
39_20240828 00,1726.3410579052525
39_20240828 01,1642.950557264506
39_20240828 02,1640.2588863913766
39_20240828 03,1621.3970238055967
39_20240828 04,1639.0908934672739
39_20240828 05,1761.4593455274362
39_20240828 06,2221.246213950776
39_20240828 07,2686.0576569996974
39_20240828 08,2974.2715155619894
39_20240828 09,3103.2463686771794
39_20240828 10,3130.672836334944
39_20240828 11,3155.7459384766607
39_20240828 12,3165.8676993954905
39_20240828 13,3213.0775865202054
39_20240828 14,3206.7826243532195
39_20240828 15,3197.2009105838715
39_20240828 16,3172.5109976161566
39_20240828 17,2933.62572106088
39_20240828 18,2566.1652923507
39_20240828 19,2357.478731498835
39_20240828 20,2103.760230252733
39_20240828 21,2002.280798783076
39_20240828 22,1905.6196400244826
39_20240828 23,1805.8511892507681
39_20240829 00,1743.284330158307
39_20240829 01,1687.6809474562947
39_20240829 02,1671.2492714677123
39_20240829 03,1646.120206612655
39_20240829 04,1652.6423922770941
39_20240829 05,1743.6371715447062
39_20240829 06,2242.480995629848
39_20240829 07,2655.3567073690556
39_20240829 08,2927.820279487747
39_20240829 09,3017.90745342191
39_20240829 10,3054.4141071386566
39_20240829 11,3097.54049866085
39_20240829 12,3103.838198032553
39_20240829 13,3156.855079637169
39_20240829 14,3159.7995189018584
39_20240829 15,3127.9882619665486
39_20240829 16,3090.927231890515
39_20240829 17,2848.1093140561125
39_20240829 18,2524.336859266295
39_20240829 19,2312.3609401451786
39_20240829 20,2060.9255658793336
39_20240829 21,1983.1826697179335
39_20240829 22,1895.6511660965386
39_20240829 23,1809.070922794252
39_20240830 00,1748.0094736011956
39_20240830 01,1666.2474882016602
39_20240830 02,1630.2536895358035
39_20240830 03,1613.0656198262238
39_20240830 04,1606.0846006107317
39_20240830 05,1752.8257197938344
39_20240830 06,2193.040799560669
39_20240830 07,2620.4242698790454
39_20240830 08,2908.587500640897
39_20240830 09,3034.5596750292516
39_20240830 10,3050.731623485553
39_20240830 11,3082.0876670200814
39_20240830 12,3083.4381577114514
39_20240830 13,3113.0762732317444
39_20240830 14,3118.804332041074
39_20240830 15,3115.7719678318936
39_20240830 16,3089.7966986943875
39_20240830 17,2823.9869433437084
39_20240830 18,2512.2521286309684
39_20240830 19,2293.19591290257
39_20240830 20,2027.5905862642824
39_20240830 21,1956.2980493928492
39_20240830 22,1881.010016301779
39_20240830 23,1773.3684139693719
39_20240831 00,1660.4994646422372
39_20240831 01,1578.1239230719439
39_20240831 02,1530.5958658456498
39_20240831 03,1508.6933100428396
39_20240831 04,1529.4771220943394
39_20240831 05,1579.3281761169296
39_20240831 06,1772.9470777979323
39_20240831 07,1904.864825820559
39_20240831 08,2071.5642140463056
39_20240831 09,2115.1433233866933
39_20240831 10,2177.4737231602135
39_20240831 11,2198.5905103085715
39_20240831 12,2185.3462298375844
39_20240831 13,2224.0378600501376
39_20240831 14,2231.558988800442
39_20240831 15,2184.3153118948276
39_20240831 16,2178.3621570794458
39_20240831 17,2179.323114983852
39_20240831 18,2180.0839372643804
39_20240831 19,2077.3127017985594
39_20240831 20,1939.1611753603074
39_20240831 21,1828.665769104014
39_20240831 22,1760.4400782654402
39_20240831 23,1724.015380546154
40_20240825 00,522.1210228011596
40_20240825 01,489.1406319355698
40_20240825 02,489.8379613262306
40_20240825 03,499.17389713209013
40_20240825 04,503.76876816890046
40_20240825 05,510.8443632774099
40_20240825 06,516.955022691169
40_20240825 07,548.807140777258
40_20240825 08,596.4750800905716
40_20240825 09,678.2386812662988
40_20240825 10,701.3527525762023
40_20240825 11,699.8823855538437
40_20240825 12,715.9884853684703
40_20240825 13,698.1878052513209
40_20240825 14,690.7086858098876
40_20240825 15,694.5656949434965
40_20240825 16,690.4674888448706
40_20240825 17,725.5484288911316
40_20240825 18,757.0778256316648
40_20240825 19,732.570488250138
40_20240825 20,761.9748981059711
40_20240825 21,663.5470476989718
40_20240825 22,606.6119010944751
40_20240825 23,537.0098415584303
40_20240826 00,531.1976489506858
40_20240826 01,495.65661886521707
40_20240826 02,489.69551914191214
40_20240826 03,494.8995855386386
40_20240826 04,492.6165451664482
40_20240826 05,508.4677583302059
40_20240826 06,565.900440022304
40_20240826 07,665.4758700743481
40_20240826 08,814.3641256696742
40_20240826 09,1212.68324085803
40_20240826 10,1890.38525204352
40_20240826 11,1903.7521655048872
40_20240826 12,1914.3461918204239
40_20240826 13,1883.2701618408037
40_20240826 14,1873.6468734925688
40_20240826 15,1838.9248557520818
40_20240826 16,1819.116715300061
40_20240826 17,1762.7288516201393
40_20240826 18,1732.310064050366
40_20240826 19,1654.3163892461628
40_20240826 20,1629.615539429171
40_20240826 21,1373.1247848659336
40_20240826 22,974.5311775489179
40_20240826 23,662.1040128777879
40_20240827 00,530.6294657483705
40_20240827 01,502.44322487282864
40_20240827 02,491.7739185854527
40_20240827 03,494.351808190365
40_20240827 04,491.88497151015173
40_20240827 05,513.1871409781138
40_20240827 06,565.6647922184534
40_20240827 07,663.1888302473819
40_20240827 08,805.8302781007123
40_20240827 09,1194.4361797169795
40_20240827 10,1773.0619849272268
40_20240827 11,1746.1721745538243
40_20240827 12,1811.4252962763394
40_20240827 13,1813.5430447129575
40_20240827 14,1819.4355551951535
40_20240827 15,1793.994273851853
40_20240827 16,1779.1243858652717
40_20240827 17,1701.9112762190348
40_20240827 18,1680.1440530187124
40_20240827 19,1628.2641067267045
40_20240827 20,1587.128044771604
40_20240827 21,1336.5454295583245
40_20240827 22,962.3413478821659
40_20240827 23,652.2055631921801
40_20240828 00,529.8469118948108
40_20240828 01,494.6150180471697
40_20240828 02,491.1149718394898
40_20240828 03,497.5736895610669
40_20240828 04,483.75875429044487
40_20240828 05,496.7128432294606
40_20240828 06,546.1618273738158
40_20240828 07,653.0950964989785
40_20240828 08,793.3556370008137
40_20240828 09,1154.2234103975088
40_20240828 10,1780.0383830415176
40_20240828 11,1863.2559239311795
40_20240828 12,1878.1243042147569
40_20240828 13,1865.1331618872127
40_20240828 14,1842.7450830624261
40_20240828 15,1819.565475257939
40_20240828 16,1788.7610304198745
40_20240828 17,1726.2442413834783
40_20240828 18,1680.8051788867124
40_20240828 19,1617.1908976495401
40_20240828 20,1594.776371274686
40_20240828 21,1315.6430516707874
40_20240828 22,993.0806029080777
40_20240828 23,666.1352440830551
40_20240829 00,532.6102944440263
40_20240829 01,502.2298036702207
40_20240829 02,500.24876838099146
40_20240829 03,506.5553270340557
40_20240829 04,484.3766282235024
40_20240829 05,501.52849905522334
40_20240829 06,555.6796436094053
40_20240829 07,656.4492772624303
40_20240829 08,795.0400958384255
40_20240829 09,1164.1818535905222
40_20240829 10,1797.9175351702665
40_20240829 11,1822.0066650536528
40_20240829 12,1851.2507673916728
40_20240829 13,1848.5962186936856
40_20240829 14,1817.8507424528393
40_20240829 15,1797.5204804038026
40_20240829 16,1778.8855212929122
40_20240829 17,1727.1257661247473
40_20240829 18,1707.5680472670501
40_20240829 19,1637.9656635405613
40_20240829 20,1593.2101909377875
40_20240829 21,1262.7645607897207
40_20240829 22,979.5677782033976
40_20240829 23,662.6783815129112
40_20240830 00,537.0348769595618
40_20240830 01,509.03320463708224
40_20240830 02,506.2030915332475
40_20240830 03,506.77141198044376
40_20240830 04,491.13371750094893
40_20240830 05,507.61042988438805
40_20240830 06,561.4493749908979
40_20240830 07,660.624992869057
40_20240830 08,807.2399326185572
40_20240830 09,1132.3998668096065
40_20240830 10,1807.9348870469275
40_20240830 11,1832.9304657024968
40_20240830 12,1854.3014419048427
40_20240830 13,1834.8301224318736
40_20240830 14,1826.3440935264034
40_20240830 15,1801.0776413350723
40_20240830 16,1788.6282896246735
40_20240830 17,1734.4086667832464
40_20240830 18,1695.9506538335888
40_20240830 19,1629.1724647890978
40_20240830 20,1548.4100573346582
40_20240830 21,1303.3489334600167
40_20240830 22,961.159505805138
40_20240830 23,658.846926768957
40_20240831 00,533.9815028169945
40_20240831 01,501.1519109090051
40_20240831 02,499.5444370228713
40_20240831 03,506.27092027567016
40_20240831 04,494.9248422860758
40_20240831 05,503.1608045893975
40_20240831 06,558.5154461385259
40_20240831 07,663.2290432050429
40_20240831 08,801.3820838323869
40_20240831 09,1151.8109935918799
40_20240831 10,1788.80436108461
40_20240831 11,1866.72315595887
40_20240831 12,1896.7466381701279
40_20240831 13,1899.749697108658
40_20240831 14,1921.4330114280947
40_20240831 15,1902.7326243695916
40_20240831 16,1869.94824992528
40_20240831 17,1802.8473839361486
40_20240831 18,1762.5562891759673
40_20240831 19,1659.5659192098115
40_20240831 20,1571.3189852186151
40_20240831 21,1346.4763527503546
40_20240831 22,974.6683147448288
40_20240831 23,660.0138844155977
41_20240825 00,2680.245528557608
41_20240825 01,2690.1366237028437
41_20240825 02,2694.0526436831233
41_20240825 03,2685.2900229394604
41_20240825 04,2682.908812169112
41_20240825 05,2683.015663522075
41_20240825 06,2682.161650382398
41_20240825 07,2687.33233621086
41_20240825 08,2692.3469824826943
41_20240825 09,2704.1174172254787
41_20240825 10,2717.1606661833453
41_20240825 11,2720.6443161837024
41_20240825 12,2718.274219795
41_20240825 13,2727.656355139233
41_20240825 14,2728.4385245391245
41_20240825 15,2730.205381913671
41_20240825 16,2733.503321568035
41_20240825 17,2727.74239373169
41_20240825 18,2716.426295685578
41_20240825 19,2707.367088049521
41_20240825 20,2703.962784569241
41_20240825 21,2699.285215907107
41_20240825 22,2695.054411802814
41_20240825 23,2678.539517662052
41_20240826 00,2667.6177507359826
41_20240826 01,2678.7110894236425
41_20240826 02,2678.2239676024933
41_20240826 03,2676.3868942756153
41_20240826 04,2683.218770569256
41_20240826 05,2682.9936228154947
41_20240826 06,2683.008527851539
41_20240826 07,2683.04806483432
41_20240826 08,2696.916625169696
41_20240826 09,2719.4705471984435
41_20240826 10,2716.0711459088798
41_20240826 11,2727.6964052564676
41_20240826 12,2737.8360439440976
41_20240826 13,2736.128423088164
41_20240826 14,2736.869484833264
41_20240826 15,2726.656269080438
41_20240826 16,2729.0785651521483
41_20240826 17,2736.4311639319367
41_20240826 18,2729.625162571548
41_20240826 19,2715.4829680145967
41_20240826 20,2716.8754149710503
41_20240826 21,2715.9168540247765
41_20240826 22,2704.498371460213
41_20240826 23,2689.051555037491
41_20240827 00,2685.4339227477526
41_20240827 01,2695.184796729421
41_20240827 02,2701.121038491253
41_20240827 03,2702.6302048708926
41_20240827 04,2703.370030356232
41_20240827 05,2695.985257853535
41_20240827 06,2690.833509845701
41_20240827 07,2696.2095298796266
41_20240827 08,2706.20634865287
41_20240827 09,2714.256748052966
41_20240827 10,2715.116506956305
41_20240827 11,2721.234028118837
41_20240827 12,2723.987196229357
41_20240827 13,2726.2104666399964
41_20240827 14,2725.2942542655437
41_20240827 15,2726.7066643229737
41_20240827 16,2728.5217034648595
41_20240827 17,2736.314821638053
41_20240827 18,2726.880524463637
41_20240827 19,2722.8139008167127
41_20240827 20,2717.375542584975
41_20240827 21,2716.278252361466
41_20240827 22,2702.597576162526
41_20240827 23,2688.4048631923547
41_20240828 00,2690.127190102132
41_20240828 01,2698.766852832388
41_20240828 02,2714.528522546649
41_20240828 03,2714.309790127336
41_20240828 04,2723.448770316608
41_20240828 05,2725.4811601501606
41_20240828 06,2730.370101027389
41_20240828 07,2720.2806420068255
41_20240828 08,2712.3603880207243
41_20240828 09,2715.6559021047674
41_20240828 10,2721.15524489458
41_20240828 11,2732.6967827279736
41_20240828 12,2725.590704316787
41_20240828 13,2738.7549665479582
41_20240828 14,2740.19726794314
41_20240828 15,2739.8668982019494
41_20240828 16,2737.0629223559326
41_20240828 17,2743.3868640979617
41_20240828 18,2726.843488068492
41_20240828 19,2722.8993185600075
41_20240828 20,2717.1324172301647
41_20240828 21,2713.7702154233684
41_20240828 22,2707.9166577144683
41_20240828 23,2684.0266254405924
41_20240829 00,2689.955528534676
41_20240829 01,2699.4648943345187
41_20240829 02,2708.022546599098
41_20240829 03,2719.285222533487
41_20240829 04,2710.01716826189
41_20240829 05,2717.6259804053816
41_20240829 06,2715.9299712914153
41_20240829 07,2721.271384225248
41_20240829 08,2718.0215883733817
41_20240829 09,2720.480179060021
41_20240829 10,2729.714429781936
41_20240829 11,2735.4728394711524
41_20240829 12,2738.6930900580865
41_20240829 13,2740.743923765457
41_20240829 14,2764.6701556321123
41_20240829 15,2768.3214072796127
41_20240829 16,2764.6372542267663
41_20240829 17,2735.7129735854164
41_20240829 18,2729.0985041508493
41_20240829 19,2728.7247909116622
41_20240829 20,2726.037719215629
41_20240829 21,2718.9304071070374
41_20240829 22,2708.404803957371
41_20240829 23,2698.1155400910284
41_20240830 00,2694.6821027806986
41_20240830 01,2702.2691360906365
41_20240830 02,2721.096245962288
41_20240830 03,2725.3382893426606
41_20240830 04,2713.4065635724382
41_20240830 05,2706.991629025616
41_20240830 06,2716.6120223825233
41_20240830 07,2718.6146940666554
41_20240830 08,2714.59528280188
41_20240830 09,2720.0380786934284
41_20240830 10,2729.8928544235378
41_20240830 11,2733.400113799693
41_20240830 12,2734.52204548633
41_20240830 13,2737.1448194990126
41_20240830 14,2745.2388033392326
41_20240830 15,2766.879456744777
41_20240830 16,2745.4984871057304
41_20240830 17,2773.043454735678
41_20240830 18,2745.166678831446
41_20240830 19,2737.2269351232826
41_20240830 20,2731.3477830559696
41_20240830 21,2723.8537082404328
41_20240830 22,2718.6690042042464
41_20240830 23,2707.93250667411
41_20240831 00,2710.4493912376747
41_20240831 01,2680.8257643840034
41_20240831 02,2634.2427026194764
41_20240831 03,2626.75035602451
41_20240831 04,2692.801126193705
41_20240831 05,2718.624382008426
41_20240831 06,2721.608039549586
41_20240831 07,2710.0770666074613
41_20240831 08,2715.928786930558
41_20240831 09,2723.611379489737
41_20240831 10,2733.002731958909
41_20240831 11,2743.100613900335
41_20240831 12,2746.0677230325327
41_20240831 13,2748.2543228738878
41_20240831 14,2748.364033776836
41_20240831 15,2750.662003518164
41_20240831 16,2757.0495795068337
41_20240831 17,2754.7933941587926
41_20240831 18,2750.4922877086515
41_20240831 19,2736.179305542812
41_20240831 20,2732.186267579722
41_20240831 21,2722.112034127565
41_20240831 22,2717.6065652014177
41_20240831 23,2699.205713951479
42_20240825 00,3661.2223073571367
42_20240825 01,3636.1654298178632
42_20240825 02,3631.5819884447196
42_20240825 03,3615.5027652798562
42_20240825 04,3657.9483957132156
42_20240825 05,3716.9651523575913
42_20240825 06,3959.6108851049307
42_20240825 07,4089.164204353113
42_20240825 08,4239.530320739186
42_20240825 09,4382.559580354908
42_20240825 10,4424.893448722754
42_20240825 11,4445.822334158009
42_20240825 12,4447.857216493228
42_20240825 13,4441.530616454589
42_20240825 14,4473.612669249793
42_20240825 15,4496.061858781002
42_20240825 16,4483.409881296138
42_20240825 17,4426.338733134649
42_20240825 18,4342.75319846516
42_20240825 19,4218.597291808777
42_20240825 20,4177.27032960588
42_20240825 21,4108.5048931780475
42_20240825 22,3901.5211102381195
42_20240825 23,3652.118399410322
42_20240826 00,3648.661639001846
42_20240826 01,3553.091293368373
42_20240826 02,3540.163171407752
42_20240826 03,3544.54631586974
42_20240826 04,3674.3275630155786
42_20240826 05,3786.004050433363
42_20240826 06,4167.988179906387
42_20240826 07,4803.374895305807
42_20240826 08,5337.7242936805305
42_20240826 09,5708.886043900525
42_20240826 10,5786.685556352171
42_20240826 11,5754.510203068126
42_20240826 12,5691.896332325917
42_20240826 13,5687.665446657701
42_20240826 14,5772.961369698947
42_20240826 15,5707.678467449249
42_20240826 16,5601.553833613506
42_20240826 17,5386.873488092086
42_20240826 18,4768.689710356891
42_20240826 19,4476.82912744386
42_20240826 20,4360.628343605559
42_20240826 21,4198.034436012913
42_20240826 22,3959.1279739531856
42_20240826 23,3666.6425915161435
42_20240827 00,3620.7415405904094
42_20240827 01,3568.1729812442763
42_20240827 02,3545.784990192101
42_20240827 03,3513.412324372902
42_20240827 04,3640.1275978821195
42_20240827 05,3753.204145119028
42_20240827 06,4128.318637096458
42_20240827 07,4814.885715236168
42_20240827 08,5273.813907103214
42_20240827 09,5645.315060007659
42_20240827 10,5715.261483976131
42_20240827 11,5701.423065017035
42_20240827 12,5563.867959109661
42_20240827 13,5572.257982513995
42_20240827 14,5645.170510482157
42_20240827 15,5550.361654239949
42_20240827 16,5462.522823569584
42_20240827 17,5254.726844158851
42_20240827 18,4579.102977328583
42_20240827 19,4250.852468415674
42_20240827 20,4049.6699313727004
42_20240827 21,3965.6798230492964
42_20240827 22,3743.9379781471016
42_20240827 23,3560.2907228306212
42_20240828 00,3520.6960899506553
42_20240828 01,3475.9869250372476
42_20240828 02,3464.2045111652887
42_20240828 03,3466.689881209858
42_20240828 04,3588.8683476228985
42_20240828 05,3667.963892597519
42_20240828 06,4008.454558664007
42_20240828 07,4663.186495038224
42_20240828 08,5149.718137404755
42_20240828 09,5445.083071610322
42_20240828 10,5558.610137540605
42_20240828 11,5530.187574500631
42_20240828 12,5424.3751204274395
42_20240828 13,5476.067260997402
42_20240828 14,5453.419624492711
42_20240828 15,5532.591082991292
42_20240828 16,5436.483264032738
42_20240828 17,5233.792683152466
42_20240828 18,4617.820732971917
42_20240828 19,4234.931465710035
42_20240828 20,4109.922169336793
42_20240828 21,3982.734446294348
42_20240828 22,3775.6023192544963
42_20240828 23,3526.4974037610355
42_20240829 00,3473.7214510452072
42_20240829 01,3448.976046982046
42_20240829 02,3427.4604376481443
42_20240829 03,3432.53456579131
42_20240829 04,3552.3744883249346
42_20240829 05,3641.901769700205
42_20240829 06,3999.255071828592
42_20240829 07,4631.691530504826
42_20240829 08,5116.258302335244
42_20240829 09,5460.917377516676
42_20240829 10,5567.7323592885605
42_20240829 11,5551.361241574209
42_20240829 12,5480.023354609344
42_20240829 13,5466.169164970336
42_20240829 14,5598.617610714992
42_20240829 15,5549.793290633392
42_20240829 16,5443.418853816697
42_20240829 17,5248.363737238234
42_20240829 18,4605.06875176736
42_20240829 19,4299.201449728595
42_20240829 20,4135.250256201082
42_20240829 21,4029.7138319799715
42_20240829 22,3779.891204985711
42_20240829 23,3520.6924514006505
42_20240830 00,3503.1415562430498
42_20240830 01,3452.1707201363606
42_20240830 02,3442.3297906096095
42_20240830 03,3427.911443939962
42_20240830 04,3540.70564240614
42_20240830 05,3678.425511200283
42_20240830 06,3998.086641669397
42_20240830 07,4675.739796806437
42_20240830 08,5171.687422169259
42_20240830 09,5524.828889890913
42_20240830 10,5611.37704785725
42_20240830 11,5586.634229317412
42_20240830 12,5450.836088366669
42_20240830 13,5431.172489083268
42_20240830 14,5541.567670907749
42_20240830 15,5521.981976251709
42_20240830 16,5446.728901879924
42_20240830 17,5218.151425349321
42_20240830 18,4610.520947700778
42_20240830 19,4385.781095206448
42_20240830 20,4192.811595399929
42_20240830 21,4029.2254442574977
42_20240830 22,3750.688651805911
42_20240830 23,3490.663399515566
42_20240831 00,3428.895099119147
42_20240831 01,3399.590907967755
42_20240831 02,3401.2989722097855
42_20240831 03,3395.720188536887
42_20240831 04,3473.894971485181
42_20240831 05,3537.0165833414285
42_20240831 06,3720.4197823382483
42_20240831 07,3802.4489137985192
42_20240831 08,3916.083449407398
42_20240831 09,4066.8536488969694
42_20240831 10,4165.330223486504
42_20240831 11,4214.013615342972
42_20240831 12,4212.061861300234
42_20240831 13,4230.388854467942
42_20240831 14,4306.607677232733
42_20240831 15,4350.518577418883
42_20240831 16,4334.068150261275
42_20240831 17,4225.234446272481
42_20240831 18,4148.022499101353
42_20240831 19,4001.5521278252672
42_20240831 20,3934.2383072399616
42_20240831 21,3847.072922143253
42_20240831 22,3660.1317626412447
42_20240831 23,3440.575155382957
43_20240825 00,13726.19349824775
43_20240825 01,13682.411405891937
43_20240825 02,13681.525793492769
43_20240825 03,13605.908366329197
43_20240825 04,13573.922927449114
43_20240825 05,13523.045404781107
43_20240825 06,13479.081386541708
43_20240825 07,13475.033584882758
43_20240825 08,13490.024292702452
43_20240825 09,13524.919583547642
43_20240825 10,13519.47342907169
43_20240825 11,13505.186535897428
43_20240825 12,13488.770789703136
43_20240825 13,13490.777763348971
43_20240825 14,13502.534017980812
43_20240825 15,13484.567240103988
43_20240825 16,13491.456012328425
43_20240825 17,13479.295816190597
43_20240825 18,13465.776139701868
43_20240825 19,13458.915971862958
43_20240825 20,13473.650292218554
43_20240825 21,13479.006016670708
43_20240825 22,13734.29148544259
43_20240825 23,13925.178877626206
43_20240826 00,14014.727659997054
43_20240826 01,13890.891006424981
43_20240826 02,13606.5638923747
43_20240826 03,13558.638222537487
43_20240826 04,13503.942679150507
43_20240826 05,13481.53422336877
43_20240826 06,13546.433851010886
43_20240826 07,13551.969585005705
43_20240826 08,13727.565881942544
43_20240826 09,13856.98633480329
43_20240826 10,13925.36629402753
43_20240826 11,13985.595743662443
43_20240826 12,14002.836282700038
43_20240826 13,14071.768894295508
43_20240826 14,14079.490083975536
43_20240826 15,14116.780593293286
43_20240826 16,14245.75842090724
43_20240826 17,14258.409617476256
43_20240826 18,14202.702016416868
43_20240826 19,14039.01797197236
43_20240826 20,13924.159629885751
43_20240826 21,13857.45365255037
43_20240826 22,14217.578974749664
43_20240826 23,14695.181300006985
43_20240827 00,14620.841132348634
43_20240827 01,14645.204118174976
43_20240827 02,14445.684002476279
43_20240827 03,14236.460010355277
43_20240827 04,14028.119655210387
43_20240827 05,13875.640988619129
43_20240827 06,13753.139211932837
43_20240827 07,13797.936348362688
43_20240827 08,13896.711919152422
43_20240827 09,13982.521236333021
43_20240827 10,14037.892425163966
43_20240827 11,14087.056121491158
43_20240827 12,14163.194451891577
43_20240827 13,14154.608817553231
43_20240827 14,14130.365274113698
43_20240827 15,14112.385988594477
43_20240827 16,14360.35346869424
43_20240827 17,14304.615707544182
43_20240827 18,14152.065723633437
43_20240827 19,14097.421145438399
43_20240827 20,13977.47328851449
43_20240827 21,13950.847939510866
43_20240827 22,14311.914463527966
43_20240827 23,14645.269820199801
43_20240828 00,14659.544408598656
43_20240828 01,14593.738403475181
43_20240828 02,14333.28593483058
43_20240828 03,14206.555080529775
43_20240828 04,14040.400718233332
43_20240828 05,13871.186197338959
43_20240828 06,13763.155476279615
43_20240828 07,13859.19020660059
43_20240828 08,13919.681548728313
43_20240828 09,13949.106269463167
43_20240828 10,13995.22587362239
43_20240828 11,14035.888099877346
43_20240828 12,14010.60017230909
43_20240828 13,14009.536368983801
43_20240828 14,14099.98281678484
43_20240828 15,14124.41408032121
43_20240828 16,14349.494457065219
43_20240828 17,14338.15529279832
43_20240828 18,14193.476529464931
43_20240828 19,14066.293073435463
43_20240828 20,13951.680276549481
43_20240828 21,13925.505200395037
43_20240828 22,14391.61758312635
43_20240828 23,14701.838557832098
43_20240829 00,14665.534618972657
43_20240829 01,14712.548169813257
43_20240829 02,14467.781335858932
43_20240829 03,14211.802982265184
43_20240829 04,13951.164750994369
43_20240829 05,13810.816032206314
43_20240829 06,13790.508543714384
43_20240829 07,13802.976185422263
43_20240829 08,13926.8529736114
43_20240829 09,14159.80713655738
43_20240829 10,14284.542776214425
43_20240829 11,14457.433862718088
43_20240829 12,14496.927231493719
43_20240829 13,14481.20303037905
43_20240829 14,14441.255809299919
43_20240829 15,14399.378584035496
43_20240829 16,14521.029651012666
43_20240829 17,14467.577059772419
43_20240829 18,14319.157970694318
43_20240829 19,14062.11112967046
43_20240829 20,13984.85457104145
43_20240829 21,13873.874166953678
43_20240829 22,14353.370934382001
43_20240829 23,14678.358168261195
43_20240830 00,14694.42774303114
43_20240830 01,14477.213104671235
43_20240830 02,14142.84617451867
43_20240830 03,14151.201738255255
43_20240830 04,13841.598165759215
43_20240830 05,13748.835409845924
43_20240830 06,13739.542433942192
43_20240830 07,13756.060176361692
43_20240830 08,13796.654491672069
43_20240830 09,13938.161671228705
43_20240830 10,13983.69013137491
43_20240830 11,14030.344960247206
43_20240830 12,14033.046246971142
43_20240830 13,14032.385637405563
43_20240830 14,14033.411769180177
43_20240830 15,14042.173379400869
43_20240830 16,14259.901056780904
43_20240830 17,14268.922846428393
43_20240830 18,14116.579160716177
43_20240830 19,14053.68495467551
43_20240830 20,13968.957542011216
43_20240830 21,13898.794533825254
43_20240830 22,14370.446207883157
43_20240830 23,14622.75400613089
43_20240831 00,14615.503662595624
43_20240831 01,14514.90045998443
43_20240831 02,14270.32074651909
43_20240831 03,14121.364293533807
43_20240831 04,13794.657020110459
43_20240831 05,13652.016760610168
43_20240831 06,13665.558308123207
43_20240831 07,13694.06917782602
43_20240831 08,13738.395010448949
43_20240831 09,13715.883754741328
43_20240831 10,13703.283768798487
43_20240831 11,13713.789348097147
43_20240831 12,13706.516189521506
43_20240831 13,13703.77567979644
43_20240831 14,13672.369077300968
43_20240831 15,13612.562021853326
43_20240831 16,13614.669372506589
43_20240831 17,13611.457436331355
43_20240831 18,13611.996264639321
43_20240831 19,13606.304975031338
43_20240831 20,13617.498228552067
43_20240831 21,13625.813005040834
43_20240831 22,13627.262029693726
43_20240831 23,13746.233682085764
44_20240825 00,1635.976007063825
44_20240825 01,1608.7872686895257
44_20240825 02,1610.0589927428996
44_20240825 03,1610.2614360705495
44_20240825 04,1625.5444850846698
44_20240825 05,1661.8457520918396
44_20240825 06,1690.2589415458401
44_20240825 07,1706.0250432642317
44_20240825 08,1754.0557592368264
44_20240825 09,1805.1517168018056
44_20240825 10,1860.170524731875
44_20240825 11,1922.443313693047
44_20240825 12,1926.4705269932265
44_20240825 13,1915.1205595116714
44_20240825 14,1914.9231597989976
44_20240825 15,1944.0025717476497
44_20240825 16,1914.9332456975644
44_20240825 17,1778.4610315913467
44_20240825 18,1727.8401212552735
44_20240825 19,1730.1380944742978
44_20240825 20,1710.9805191563
44_20240825 21,1690.375611527903
44_20240825 22,1649.013560963901
44_20240825 23,1637.4855621019965
44_20240826 00,1702.7724792351737
44_20240826 01,1704.9714530131964
44_20240826 02,1691.7382745698883
44_20240826 03,1669.1060452788874
44_20240826 04,1600.0176164844738
44_20240826 05,1652.7207267592048
44_20240826 06,2087.5380052596356
44_20240826 07,2313.693033318913
44_20240826 08,2603.378879119027
44_20240826 09,2731.022680052595
44_20240826 10,2731.6177588427972
44_20240826 11,2668.405434026058
44_20240826 12,2682.0983866138986
44_20240826 13,2609.7401387555456
44_20240826 14,2628.307767750773
44_20240826 15,2652.036993583757
44_20240826 16,2651.38092250266
44_20240826 17,2436.924611791467
44_20240826 18,1876.839692947242
44_20240826 19,1786.7407949334606
44_20240826 20,1682.7394790119508
44_20240826 21,1652.2952976031097
44_20240826 22,1626.4642614790287
44_20240826 23,1620.2866698895714
44_20240827 00,1682.5756747740024
44_20240827 01,1688.4038752768392
44_20240827 02,1682.239110813799
44_20240827 03,1648.2955747731064
44_20240827 04,1571.601362177204
44_20240827 05,1668.590818588515
44_20240827 06,2113.6806904470805
44_20240827 07,2404.348446057488
44_20240827 08,2616.817865071849
44_20240827 09,2733.8408665170427
44_20240827 10,2727.372058025575
44_20240827 11,2674.210686437247
44_20240827 12,2691.92076862864
44_20240827 13,2633.207798237385
44_20240827 14,2646.1723480748565
44_20240827 15,2664.3567301395556
44_20240827 16,2647.3633025232084
44_20240827 17,2436.5867203291173
44_20240827 18,1860.913694256706
44_20240827 19,1748.3063364890197
44_20240827 20,1660.0860615276308
44_20240827 21,1639.1635172205486
44_20240827 22,1610.663699046458
44_20240827 23,1599.689242373655
44_20240828 00,1650.0200713590202
44_20240828 01,1648.337430857156
44_20240828 02,1633.2719026143982
44_20240828 03,1608.7045957893624
44_20240828 04,1536.412247746076
44_20240828 05,1613.3615990801052
44_20240828 06,2094.943828975442
44_20240828 07,2321.6368038355104
44_20240828 08,2583.026626743065
44_20240828 09,2674.0885975051683
44_20240828 10,2673.0112605893505
44_20240828 11,2639.6096600653545
44_20240828 12,2653.523605405849
44_20240828 13,2617.5726661654053
44_20240828 14,2628.4430098576704
44_20240828 15,2653.395375546678
44_20240828 16,2643.747687672656
44_20240828 17,2444.156172081619
44_20240828 18,1886.2768199489947
44_20240828 19,1755.4896131778605
44_20240828 20,1688.1483414275363
44_20240828 21,1661.2580459588607
44_20240828 22,1636.5552411963145
44_20240828 23,1594.632403257141
44_20240829 00,1654.6889891497285
44_20240829 01,1646.117548447516
44_20240829 02,1643.798930342407
44_20240829 03,1626.309838166721
44_20240829 04,1552.830906990964
44_20240829 05,1634.7623251741345
44_20240829 06,2079.1460234673586
44_20240829 07,2301.7324712633595
44_20240829 08,2492.4982964763412
44_20240829 09,2629.756219900325
44_20240829 10,2666.6938038677727
44_20240829 11,2604.3400706457132
44_20240829 12,2610.4142484058975
44_20240829 13,2457.090137917251
44_20240829 14,2544.0917437033677
44_20240829 15,2578.529300288851
44_20240829 16,2580.447585410219
44_20240829 17,2416.6561046905354
44_20240829 18,1861.2535791380374
44_20240829 19,1790.788164024243
44_20240829 20,1698.5950402104218
44_20240829 21,1658.8642531194862
44_20240829 22,1627.117410725727
44_20240829 23,1611.0738261537736
44_20240830 00,1649.5894510255296
44_20240830 01,1653.364966979724
44_20240830 02,1650.1685394827875
44_20240830 03,1619.688932311024
44_20240830 04,1542.3951244699801
44_20240830 05,1623.4692989281777
44_20240830 06,2052.167968023884
44_20240830 07,2303.5877701635427
44_20240830 08,2525.895373288133
44_20240830 09,2653.07741853952
44_20240830 10,2650.2596803108368
44_20240830 11,2597.952553206076
44_20240830 12,2591.09113641536
44_20240830 13,2543.3114906185137
44_20240830 14,2552.4172035958445
44_20240830 15,2565.095653974576
44_20240830 16,2547.828693814434
44_20240830 17,2381.982589651984
44_20240830 18,1855.2687481263297
44_20240830 19,1778.3624855667565
44_20240830 20,1681.0632740061683
44_20240830 21,1625.1286696207578
44_20240830 22,1611.973528002794
44_20240830 23,1601.6050924877661
44_20240831 00,1543.9634180909102
44_20240831 01,1531.4899476218584
44_20240831 02,1535.4818041128142
44_20240831 03,1527.8359294202476
44_20240831 04,1535.9035790397907
44_20240831 05,1576.272654811424
44_20240831 06,1569.520217323634
44_20240831 07,1611.1662100326648
44_20240831 08,1678.640562072861
44_20240831 09,1773.9022441764196
44_20240831 10,1836.003236183066
44_20240831 11,1886.0936909930783
44_20240831 12,1879.77389377823
44_20240831 13,1859.5702095429383
44_20240831 14,1844.7199865364564
44_20240831 15,1870.4162285333186
44_20240831 16,1854.7987950837096
44_20240831 17,1762.789294448419
44_20240831 18,1684.1060025752167
44_20240831 19,1656.2527086737255
44_20240831 20,1637.6612218589862
44_20240831 21,1625.8220156418658
44_20240831 22,1575.4273022756279
44_20240831 23,1570.3958248181762
45_20240825 00,2038.727714406291
45_20240825 01,1700.0821551647234
45_20240825 02,1735.9608170267584
45_20240825 03,1684.1378233168116
45_20240825 04,1471.671870881586
45_20240825 05,1478.9289995805138
45_20240825 06,1619.733712434029
45_20240825 07,2003.8982864809316
45_20240825 08,2662.479884281731
45_20240825 09,4640.951114172583
45_20240825 10,8718.187999295806
45_20240825 11,9564.130605227247
45_20240825 12,9674.273805408275
45_20240825 13,9488.12787802144
45_20240825 14,9481.466119265118
45_20240825 15,9583.420304481402
45_20240825 16,9296.359633087075
45_20240825 17,9169.009741068112
45_20240825 18,8998.861033804404
45_20240825 19,8446.840080955739
45_20240825 20,6690.0075595171875
45_20240825 21,3892.46383394015
45_20240825 22,2763.6806739509066
45_20240825 23,2271.433150538769
45_20240826 00,1957.2650178333233
45_20240826 01,1645.7902862390092
45_20240826 02,1654.665301310683
45_20240826 03,1626.638422576571
45_20240826 04,1464.8535647433112
45_20240826 05,1453.6945284517026
45_20240826 06,1635.8449652332677
45_20240826 07,2064.94047856541
45_20240826 08,2628.9959262937705
45_20240826 09,4316.684519871382
45_20240826 10,8388.019404137493
45_20240826 11,8733.0827386403
45_20240826 12,8777.226103026458
45_20240826 13,8668.879809509815
45_20240826 14,8604.237172314937
45_20240826 15,8682.04841503304
45_20240826 16,8648.771250656522
45_20240826 17,8409.502049503488
45_20240826 18,8282.84322103333
45_20240826 19,7662.899307098283
45_20240826 20,5705.8464736343685
45_20240826 21,3582.6743450967524
45_20240826 22,2614.761998739487
45_20240826 23,2193.1213638116074
45_20240827 00,1878.0946356134543
45_20240827 01,1593.144280263586
45_20240827 02,1683.1802102760134
45_20240827 03,1674.1573523657785
45_20240827 04,1492.478638198771
45_20240827 05,1477.7708602672492
45_20240827 06,1673.7714403938496
45_20240827 07,2068.721640712588
45_20240827 08,2656.81048989041
45_20240827 09,4482.7541653800545
45_20240827 10,8382.897849062741
45_20240827 11,9143.620853814642
45_20240827 12,9279.50978540465
45_20240827 13,9052.975742193536
45_20240827 14,8643.821560388096
45_20240827 15,8755.394994022887
45_20240827 16,8943.703159122375
45_20240827 17,8385.267412303894
45_20240827 18,8070.53885260457
45_20240827 19,7681.614837077941
45_20240827 20,5791.5844892332425
45_20240827 21,3578.406450834097
45_20240827 22,2694.0370476519943
45_20240827 23,2187.6823646151674
45_20240828 00,1869.3251824306376
45_20240828 01,1576.9995483769608
45_20240828 02,1615.4608193892868
45_20240828 03,1590.494130689978
45_20240828 04,1450.8111690844908
45_20240828 05,1462.1997314889913
45_20240828 06,1671.3286603644522
45_20240828 07,2054.668838909539
45_20240828 08,2729.774199857553
45_20240828 09,4321.805101381472
45_20240828 10,7837.282357447179
45_20240828 11,8761.06678751508
45_20240828 12,8825.830058016676
45_20240828 13,8682.41317569845
45_20240828 14,8498.847904912029
45_20240828 15,8419.698883787218
45_20240828 16,8785.385217032108
45_20240828 17,8767.266433176563
45_20240828 18,8312.635069656255
45_20240828 19,7800.684555328196
45_20240828 20,5809.186369035266
45_20240828 21,3649.1442871855024
45_20240828 22,2784.2669865826765
45_20240828 23,2228.629379702422
45_20240829 00,1990.514048467119
45_20240829 01,1625.1016814155919
45_20240829 02,1742.8078284077967
45_20240829 03,1679.1973137846771
45_20240829 04,1498.4121630076963
45_20240829 05,1476.7284459552436
45_20240829 06,1670.8284070139332
45_20240829 07,2029.8784679789403
45_20240829 08,2692.5884216479553
45_20240829 09,4512.711371268597
45_20240829 10,8272.681483816865
45_20240829 11,9015.525974230788
45_20240829 12,9158.319571814616
45_20240829 13,9012.871243565609
45_20240829 14,8891.482204629028
45_20240829 15,9013.141285630201
45_20240829 16,8972.817890096696
45_20240829 17,8833.123090804329
45_20240829 18,8722.037518571822
45_20240829 19,8182.682450543953
45_20240829 20,6120.667608155802
45_20240829 21,3825.001973037687
45_20240829 22,2839.9380764598827
45_20240829 23,2340.829441081147
45_20240830 00,2005.812809772892
45_20240830 01,1680.3206215553282
45_20240830 02,1756.598125066648
45_20240830 03,1679.6216018139203
45_20240830 04,1504.5749044421034
45_20240830 05,1492.0092693147321
45_20240830 06,1673.5637138462325
45_20240830 07,2065.408022313375
45_20240830 08,2709.4203975234122
45_20240830 09,4554.116488273852
45_20240830 10,8326.690804571843
45_20240830 11,9027.005146809925
45_20240830 12,9078.720696847355
45_20240830 13,9062.11814404064
45_20240830 14,8886.569390432436
45_20240830 15,9163.59331898369
45_20240830 16,9060.328320682975
45_20240830 17,9009.548850300518
45_20240830 18,8751.656587726891
45_20240830 19,8399.963647487646
45_20240830 20,6616.689669261046
45_20240830 21,3871.4145067162162
45_20240830 22,2889.904487421717
45_20240830 23,2295.6145817762745
45_20240831 00,2016.2876379872323
45_20240831 01,1648.3187045690036
45_20240831 02,1673.376978459377
45_20240831 03,1633.02880229821
45_20240831 04,1489.3965774624128
45_20240831 05,1458.2858644547912
45_20240831 06,1589.0063072992343
45_20240831 07,2020.8577682659943
45_20240831 08,2628.528359910657
45_20240831 09,4381.204172663027
45_20240831 10,8126.316304914353
45_20240831 11,9269.243891779042
45_20240831 12,9273.883754369039
45_20240831 13,9133.998583630393
45_20240831 14,9040.35095818472
45_20240831 15,9078.016181522104
45_20240831 16,9136.022163923715
45_20240831 17,9052.023145689345
45_20240831 18,8737.769412449199
45_20240831 19,8459.803761830264
45_20240831 20,6656.226931776189
45_20240831 21,3814.4793279731302
45_20240831 22,2883.6533136150847
45_20240831 23,2366.1933575687412
46_20240825 00,873.3699206407013
46_20240825 01,856.8827082614935
46_20240825 02,853.2047078568569
46_20240825 03,837.7639557347436
46_20240825 04,821.2758753823394
46_20240825 05,811.2302845810498
46_20240825 06,791.9392436351138
46_20240825 07,754.6411384914177
46_20240825 08,683.0100195664477
46_20240825 09,635.6706720692256
46_20240825 10,619.9454635032562
46_20240825 11,620.5714032910914
46_20240825 12,596.3793951700159
46_20240825 13,677.5045023092496
46_20240825 14,715.8359391723006
46_20240825 15,781.501585199979
46_20240825 16,828.5711766397402
46_20240825 17,862.9788366302632
46_20240825 18,888.6514437521921
46_20240825 19,949.455812897395
46_20240825 20,975.2243613186828
46_20240825 21,968.2030659181914
46_20240825 22,939.2139388758641
46_20240825 23,923.5837202690675
46_20240826 00,908.8342201684802
46_20240826 01,884.5098657050355
46_20240826 02,867.9968223650073
46_20240826 03,855.5123997986183
46_20240826 04,842.939548400186
46_20240826 05,835.2990473689799
46_20240826 06,838.134998305803
46_20240826 07,857.814623185321
46_20240826 08,979.8295369433445
46_20240826 09,1364.7733789518172
46_20240826 10,1599.9830126052711
46_20240826 11,1597.8213190523472
46_20240826 12,1372.3878003919895
46_20240826 13,1592.2343401716885
46_20240826 14,1639.4619474660428
46_20240826 15,1669.953455115939
46_20240826 16,1633.0966535034822
46_20240826 17,1562.5465480438672
46_20240826 18,1348.497992470774
46_20240826 19,1238.9658239719652
46_20240826 20,1176.0373022142387
46_20240826 21,1117.580922687969
46_20240826 22,1050.5573120593272
46_20240826 23,998.5583735389691
46_20240827 00,942.7819123668348
46_20240827 01,903.8016233924436
46_20240827 02,866.1352410543087
46_20240827 03,856.9841865923111
46_20240827 04,846.8509521723493
46_20240827 05,838.2822444392963
46_20240827 06,847.838873130843
46_20240827 07,883.9647504560091
46_20240827 08,1035.5775882390171
46_20240827 09,1396.5916018627445
46_20240827 10,1575.2913279589889
46_20240827 11,1583.269776438216
46_20240827 12,1380.2147698163567
46_20240827 13,1572.0629259317282
46_20240827 14,1588.7103547440788
46_20240827 15,1579.5440272643523
46_20240827 16,1580.6521843249222
46_20240827 17,1517.5503668769302
46_20240827 18,1316.2266309416657
46_20240827 19,1226.1319881006975
46_20240827 20,1168.1377675235512
46_20240827 21,1100.5078778432458
46_20240827 22,1036.1644179649015
46_20240827 23,997.5060321258993
46_20240828 00,949.1201745381412
46_20240828 01,911.9468655111516
46_20240828 02,872.3957016224012
46_20240828 03,853.8763323648577
46_20240828 04,841.918171400685
46_20240828 05,832.1455316916025
46_20240828 06,834.6486364292066
46_20240828 07,863.2212952947302
46_20240828 08,966.9915846349463
46_20240828 09,1281.9722091725546
46_20240828 10,1449.8364977724457
46_20240828 11,1491.1755444754533
46_20240828 12,1339.6193010975087
46_20240828 13,1573.3188984594476
46_20240828 14,1608.0918222833238
46_20240828 15,1619.2983911703263
46_20240828 16,1614.274064133629
46_20240828 17,1554.3776799644252
46_20240828 18,1307.3585085210866
46_20240828 19,1216.7712099513867
46_20240828 20,1142.9366050866981
46_20240828 21,1093.2439963735103
46_20240828 22,1030.8795547058971
46_20240828 23,990.6657485108157
46_20240829 00,953.4692139146332
46_20240829 01,916.8891869637189
46_20240829 02,874.6043378406526
46_20240829 03,852.6757193183377
46_20240829 04,840.2165072917746
46_20240829 05,828.5173456712757
46_20240829 06,822.5156361866434
46_20240829 07,844.1335164475703
46_20240829 08,917.8542885086179
46_20240829 09,1250.175114590851
46_20240829 10,1358.0440706399013
46_20240829 11,1455.6508537223795
46_20240829 12,1225.867686070725
46_20240829 13,1456.3405372273598
46_20240829 14,1537.0098247101341
46_20240829 15,1594.4763243944108
46_20240829 16,1586.0252364476828
46_20240829 17,1467.2706399242343
46_20240829 18,1223.0375583503737
46_20240829 19,1134.2361974799137
46_20240829 20,1095.7523716219741
46_20240829 21,1036.3408978740938
46_20240829 22,980.1557747905719
46_20240829 23,946.5535138521914
46_20240830 00,903.7896796549973
46_20240830 01,881.2088261541621
46_20240830 02,845.353400695612
46_20240830 03,836.3901616487617
46_20240830 04,825.7129119406895
46_20240830 05,818.7346773645919
46_20240830 06,811.0922281307089
46_20240830 07,832.8629456669148
46_20240830 08,931.3600770785588
46_20240830 09,1222.6099858435496
46_20240830 10,1328.8452790902895
46_20240830 11,1349.3070882495426
46_20240830 12,1175.2854642316543
46_20240830 13,1350.0680199516912
46_20240830 14,1419.0692691138124
46_20240830 15,1450.3600267624665
46_20240830 16,1436.4920473137277
46_20240830 17,1361.8225214727586
46_20240830 18,1133.8134739603602
46_20240830 19,1057.516206804984
46_20240830 20,1016.3411240353271
46_20240830 21,985.8308632036596
46_20240830 22,934.2234812766468
46_20240830 23,907.2145662136243
46_20240831 00,845.2704982652361
46_20240831 01,830.6543699610672
46_20240831 02,820.5202336808416
46_20240831 03,811.7824504429936
46_20240831 04,797.9047407526307
46_20240831 05,791.0972581207722
46_20240831 06,772.6061684152513
46_20240831 07,730.1887622044843
46_20240831 08,671.739316924122
46_20240831 09,613.4198361383453
46_20240831 10,579.2033571797518
46_20240831 11,586.9248290553367
46_20240831 12,586.7123030651246
46_20240831 13,662.773591717493
46_20240831 14,707.5249277289781
46_20240831 15,753.5877228978733
46_20240831 16,805.044527443471
46_20240831 17,861.5798989235503
46_20240831 18,847.0182331262408
46_20240831 19,892.4541889189113
46_20240831 20,897.2770610622332
46_20240831 21,900.3745388997042
46_20240831 22,877.3031268039581
46_20240831 23,868.843379110421
47_20240825 00,515.6537162999306
47_20240825 01,471.2372035273393
47_20240825 02,460.1260823292083
47_20240825 03,448.2498384201996
47_20240825 04,442.8970548341761
47_20240825 05,465.1354072293865
47_20240825 06,530.5179375399578
47_20240825 07,603.5278969463221
47_20240825 08,801.3033812154799
47_20240825 09,849.3256457064725
47_20240825 10,865.8328229236535
47_20240825 11,876.1418164473282
47_20240825 12,889.5573695570849
47_20240825 13,911.1161344381314
47_20240825 14,905.3053228212351
47_20240825 15,888.0318136161209
47_20240825 16,869.9737501508304
47_20240825 17,831.7180493606622
47_20240825 18,792.7567979745022
47_20240825 19,651.9925997469234
47_20240825 20,589.2567672825785
47_20240825 21,547.483996883263
47_20240825 22,516.745823277396
47_20240825 23,488.2798822548838
47_20240826 00,510.74725018593745
47_20240826 01,452.42381602587034
47_20240826 02,437.9556769190325
47_20240826 03,436.77529332050665
47_20240826 04,450.3164461049254
47_20240826 05,511.750733736581
47_20240826 06,807.7871494103429
47_20240826 07,1273.4416982372904
47_20240826 08,1545.1616730715011
47_20240826 09,1719.954597105233
47_20240826 10,1837.5552502602388
47_20240826 11,1845.6039913176255
47_20240826 12,1835.723830087255
47_20240826 13,1836.5498554962187
47_20240826 14,1806.5032565716463
47_20240826 15,1717.9898253576805
47_20240826 16,1617.1783893357833
47_20240826 17,1529.5131354103955
47_20240826 18,1385.0841238915382
47_20240826 19,1237.3080859752608
47_20240826 20,853.51327747885
47_20240826 21,677.7162818826257
47_20240826 22,600.9653544534522
47_20240826 23,556.8481722844541
47_20240827 00,539.8782598014536
47_20240827 01,518.5557207833436
47_20240827 02,490.0300209296382
47_20240827 03,464.7879883501794
47_20240827 04,486.74132665275687
47_20240827 05,528.2960503242505
47_20240827 06,810.2145292482115
47_20240827 07,1253.869783230386
47_20240827 08,1512.425760971656
47_20240827 09,1693.4991437365688
47_20240827 10,1789.2300494947601
47_20240827 11,1796.4601388264045
47_20240827 12,1794.9571618270313
47_20240827 13,1793.156097591539
47_20240827 14,1746.1234286384554
47_20240827 15,1667.0727396708417
47_20240827 16,1578.2420651010777
47_20240827 17,1501.756958786957
47_20240827 18,1347.423832165945
47_20240827 19,1189.918346854437
47_20240827 20,862.079807555758
47_20240827 21,696.1615077949497
47_20240827 22,602.7485406026976
47_20240827 23,534.0972387207021
47_20240828 00,527.5872126200052
47_20240828 01,479.99962790333024
47_20240828 02,461.71507153190424
47_20240828 03,460.6710135322684
47_20240828 04,477.45303886452496
47_20240828 05,508.094060527874
47_20240828 06,766.7893366361375
47_20240828 07,1212.593495563595
47_20240828 08,1489.4204348150447
47_20240828 09,1678.4259255594952
47_20240828 10,1800.9341486693302
47_20240828 11,1804.5218812313528
47_20240828 12,1802.0521121668783
47_20240828 13,1810.1068541641773
47_20240828 14,1747.7110985177235
47_20240828 15,1687.8782216540944
47_20240828 16,1586.1341161720907
47_20240828 17,1513.248854165307
47_20240828 18,1350.9952452296106
47_20240828 19,1211.8688448117439
47_20240828 20,869.9050751576739
47_20240828 21,709.934717075643
47_20240828 22,597.1595398489721
47_20240828 23,540.6871641689497
47_20240829 00,534.5381381064622
47_20240829 01,483.73473219199667
47_20240829 02,467.0569419796289
47_20240829 03,461.8001560468647
47_20240829 04,475.4158466598079
47_20240829 05,507.95162568355636
47_20240829 06,754.526824293579
47_20240829 07,1163.9222186797056
47_20240829 08,1441.4215403755431
47_20240829 09,1605.6897294879168
47_20240829 10,1708.584120537206
47_20240829 11,1744.6420768313533
47_20240829 12,1760.011593555094
47_20240829 13,1765.297664380675
47_20240829 14,1718.4416715039902
47_20240829 15,1639.3241057167995
47_20240829 16,1555.7375771106163
47_20240829 17,1487.544379807535
47_20240829 18,1333.0695894352293
47_20240829 19,1177.84138997392
47_20240829 20,843.3346977097422
47_20240829 21,670.731709202428
47_20240829 22,591.0641862134291
47_20240829 23,533.0513387932563
47_20240830 00,536.2105209188057
47_20240830 01,479.57322843504676
47_20240830 02,461.0706349139382
47_20240830 03,464.7481257877229
47_20240830 04,484.581809235331
47_20240830 05,509.48238794191025
47_20240830 06,753.2516247855342
47_20240830 07,1212.0128053309343
47_20240830 08,1463.3766524561747
47_20240830 09,1666.3251608871478
47_20240830 10,1787.112600217565
47_20240830 11,1794.9532370794943
47_20240830 12,1795.3655592759394
47_20240830 13,1812.899781038527
47_20240830 14,1757.2059641564372
47_20240830 15,1652.7091911882126
47_20240830 16,1552.625729544162
47_20240830 17,1472.4223385400617
47_20240830 18,1313.4463409666064
47_20240830 19,1161.1652372405579
47_20240830 20,818.5267293724505
47_20240830 21,653.089590494731
47_20240830 22,575.8941083809534
47_20240830 23,530.2872669847995
47_20240831 00,521.469998423697
47_20240831 01,474.0660045995311
47_20240831 02,455.3495070778128
47_20240831 03,453.84028834287756
47_20240831 04,447.23180508556675
47_20240831 05,463.1905038600934
47_20240831 06,608.3662719249315
47_20240831 07,856.3590836059827
47_20240831 08,1010.1028152424001
47_20240831 09,1100.1168243939737
47_20240831 10,1134.994128002871
47_20240831 11,1177.115220116808
47_20240831 12,1197.5669108489951
47_20240831 13,1197.0064642375687
47_20240831 14,1116.3033685898693
47_20240831 15,1055.4691570396776
47_20240831 16,1020.390304976461
47_20240831 17,910.8315228636926
47_20240831 18,830.1380673978808
47_20240831 19,778.7700192319373
47_20240831 20,707.9264840425245
47_20240831 21,623.4546287278489
47_20240831 22,520.1625932149839
47_20240831 23,494.33175726378767
48_20240825 00,4288.739685439601
48_20240825 01,4258.083446819308
48_20240825 02,4246.954310934554
48_20240825 03,4196.61964593526
48_20240825 04,4168.355603359831
48_20240825 05,4097.591472124006
48_20240825 06,4102.1435203116125
48_20240825 07,3918.2556459627594
48_20240825 08,3619.015974313527
48_20240825 09,3755.5334334958256
48_20240825 10,3820.982158762906
48_20240825 11,3857.922798873293
48_20240825 12,3898.497684746406
48_20240825 13,3834.2366205107246
48_20240825 14,3790.578210350438
48_20240825 15,3697.5065272816028
48_20240825 16,3701.396479000968
48_20240825 17,3716.9940545893196
48_20240825 18,3746.6298900173824
48_20240825 19,3652.5699217984425
48_20240825 20,3647.8176303216514
48_20240825 21,3561.706454573021
48_20240825 22,4176.175911053786
48_20240825 23,4313.111734313942
48_20240826 00,4298.433004302716
48_20240826 01,4247.29477622436
48_20240826 02,4197.538526886565
48_20240826 03,4155.8405887423705
48_20240826 04,4169.142342715975
48_20240826 05,4081.7001659771004
48_20240826 06,4171.526338679791
48_20240826 07,4203.301172170995
48_20240826 08,4297.247179680507
48_20240826 09,4534.066284067929
48_20240826 10,4613.701649916615
48_20240826 11,4661.486834042382
48_20240826 12,4669.911250250721
48_20240826 13,4647.837346252061
48_20240826 14,4586.618843232599
48_20240826 15,4579.0212315628
48_20240826 16,4608.0581386948425
48_20240826 17,4496.6346633782505
48_20240826 18,4185.374486695121
48_20240826 19,4010.62776645949
48_20240826 20,3891.397337198123
48_20240826 21,3818.462885768363
48_20240826 22,4157.21764003172
48_20240826 23,4352.904364417354
48_20240827 00,4319.22512086219
48_20240827 01,4248.903495900642
48_20240827 02,4257.96920091666
48_20240827 03,4259.157063392735
48_20240827 04,4175.756008683948
48_20240827 05,4162.042049723845
48_20240827 06,4282.055292163766
48_20240827 07,4169.176409531013
48_20240827 08,4193.962678850485
48_20240827 09,4358.905659707986
48_20240827 10,4440.062547246473
48_20240827 11,4437.872852155779
48_20240827 12,4446.859414490892
48_20240827 13,4355.495353847562
48_20240827 14,4270.881810850184
48_20240827 15,4244.159431519438
48_20240827 16,4305.290961297003
48_20240827 17,4246.57039055114
48_20240827 18,4050.7733349025657
48_20240827 19,3927.0397116916647
48_20240827 20,3848.2898018790406
48_20240827 21,3802.65647667154
48_20240827 22,4112.172821264578
48_20240827 23,4264.391531804149
48_20240828 00,4180.052816398161
48_20240828 01,4112.752418393942
48_20240828 02,4116.031059407625
48_20240828 03,4095.8405834164714
48_20240828 04,4087.3467278244725
48_20240828 05,4015.401417543795
48_20240828 06,4142.131756891645
48_20240828 07,4055.3187527207574
48_20240828 08,4118.556917656615
48_20240828 09,4305.513199126921
48_20240828 10,4409.771393535397
48_20240828 11,4428.9716589162
48_20240828 12,4451.788440959452
48_20240828 13,4534.911653365438
48_20240828 14,4507.017222167941
48_20240828 15,4557.559399500569
48_20240828 16,4565.495154004376
48_20240828 17,4434.97644345661
48_20240828 18,4115.768428923792
48_20240828 19,3945.9914241041215
48_20240828 20,3813.992314933594
48_20240828 21,3683.3531307693997
48_20240828 22,4023.786849688073
48_20240828 23,4177.451490781745
48_20240829 00,4144.279213309539
48_20240829 01,4112.444067751116
48_20240829 02,4096.7700366825
48_20240829 03,4085.642967066018
48_20240829 04,4039.046392229665
48_20240829 05,3952.6000614950217
48_20240829 06,4065.448164618961
48_20240829 07,3993.4604329453196
48_20240829 08,4081.121851461495
48_20240829 09,4202.727441555187
48_20240829 10,4293.435283444071
48_20240829 11,4318.929130360993
48_20240829 12,4467.4852527064395
48_20240829 13,4403.079375703131
48_20240829 14,4422.655394773165
48_20240829 15,4405.190342290758
48_20240829 16,4430.867374012181
48_20240829 17,4316.44353685394
48_20240829 18,4026.9670287622994
48_20240829 19,3890.0249754290844
48_20240829 20,3803.933723517403
48_20240829 21,3625.689384921605
48_20240829 22,4031.713217567638
48_20240829 23,4212.40432504817
48_20240830 00,4142.122286438578
48_20240830 01,4055.053144886685
48_20240830 02,4045.379447821464
48_20240830 03,4008.6359555945555
48_20240830 04,3970.3599246965664
48_20240830 05,3909.4038763135645
48_20240830 06,4039.109952117713
48_20240830 07,3989.0990333786362
48_20240830 08,4069.941258451233
48_20240830 09,4329.004472482212
48_20240830 10,4451.111815465004
48_20240830 11,4443.558371711997
48_20240830 12,4495.5859375142445
48_20240830 13,4472.764145277539
48_20240830 14,4464.16074135981
48_20240830 15,4463.867067519212
48_20240830 16,4474.3472929515365
48_20240830 17,4329.817415794183
48_20240830 18,3991.1006992619073
48_20240830 19,3851.583935280778
48_20240830 20,3763.0497703601345
48_20240830 21,3629.8157782492167
48_20240830 22,4011.971712169485
48_20240830 23,4187.457466703728
48_20240831 00,4107.558449553835
48_20240831 01,4087.1770339585737
48_20240831 02,4066.904864083551
48_20240831 03,4033.037417986149
48_20240831 04,4025.8138056654857
48_20240831 05,3889.4583602550383
48_20240831 06,3861.777778076602
48_20240831 07,3751.7931440434204
48_20240831 08,3618.165072890979
48_20240831 09,3795.955534214264
48_20240831 10,3820.9816244890585
48_20240831 11,3860.4081580116326
48_20240831 12,3875.4309938559336
48_20240831 13,3771.8210979796368
48_20240831 14,3768.7314615137466
48_20240831 15,3668.4967605308616
48_20240831 16,3588.499169080231
48_20240831 17,3696.854615797915
48_20240831 18,3629.1154628868703
48_20240831 19,3502.0999416537693
48_20240831 20,3443.2713763435913
48_20240831 21,3390.8298106079064
48_20240831 22,3943.538350911268
48_20240831 23,4124.642501394203
49_20240825 00,594.6208674048353
49_20240825 01,592.2011854150779
49_20240825 02,584.9118979603459
49_20240825 03,583.6566790280391
49_20240825 04,585.9014232621564
49_20240825 05,580.5991265701149
49_20240825 06,584.4661725518731
49_20240825 07,593.1922736184592
49_20240825 08,567.653540298596
49_20240825 09,573.4487968225371
49_20240825 10,635.7890593166226
49_20240825 11,664.2568866067311
49_20240825 12,669.7856604378027
49_20240825 13,669.7370772613824
49_20240825 14,691.1584246455612
49_20240825 15,674.3825070270082
49_20240825 16,716.304520074774
49_20240825 17,703.1180267046045
49_20240825 18,695.3255018142646
49_20240825 19,678.451765594471
49_20240825 20,695.4598675478439
49_20240825 21,693.3963404712542
49_20240825 22,977.0797009336426
49_20240825 23,1258.0491632057629
49_20240826 00,1341.7264429965503
49_20240826 01,1327.8475422688598
49_20240826 02,1296.1103002713173
49_20240826 03,1168.2877208818252
49_20240826 04,1130.8966799614604
49_20240826 05,1138.9311710560198
49_20240826 06,1528.4231232137163
49_20240826 07,1613.203992736542
49_20240826 08,1630.9443148098017
49_20240826 09,1548.872163028217
49_20240826 10,1534.6439095115184
49_20240826 11,1586.1221537521892
49_20240826 12,1699.6060912974508
49_20240826 13,1699.7549982124115
49_20240826 14,1748.12745280439
49_20240826 15,1815.469174931715
49_20240826 16,1825.2270381715202
49_20240826 17,1783.5694659629294
49_20240826 18,1612.4848125742074
49_20240826 19,1048.8771897748036
49_20240826 20,837.3832973764682
49_20240826 21,777.3029978386116
49_20240826 22,1087.6355317210025
49_20240826 23,1317.4104526141589
49_20240827 00,1349.951803305515
49_20240827 01,1311.708346042587
49_20240827 02,1313.4827140107177
49_20240827 03,1288.3962645882664
49_20240827 04,1192.3201337627393
49_20240827 05,1125.3952256357106
49_20240827 06,1522.0178010395848
49_20240827 07,1568.3145330673194
49_20240827 08,1574.919140835921
49_20240827 09,1567.8770183318993
49_20240827 10,1485.7340432643332
49_20240827 11,1493.7815546795932
49_20240827 12,1476.9261808894985
49_20240827 13,1575.7554296108037
49_20240827 14,1646.4281909888177
49_20240827 15,1726.1323262945023
49_20240827 16,1728.6627111635034
49_20240827 17,1733.7496752943155
49_20240827 18,1580.0650983089
49_20240827 19,1028.5107319406688
49_20240827 20,830.1929031078879
49_20240827 21,775.0658890818386
49_20240827 22,1070.8336968646406
49_20240827 23,1375.0875640769277
49_20240828 00,1406.6727075376782
49_20240828 01,1393.2822874409906
49_20240828 02,1401.2540752159211
49_20240828 03,1381.118087229786
49_20240828 04,1236.0354837489356
49_20240828 05,1101.2125717757426
49_20240828 06,1400.7171843061337
49_20240828 07,1450.2357981571868
49_20240828 08,1558.3727124977072
49_20240828 09,1557.7487881695752
49_20240828 10,1559.4721943141674
49_20240828 11,1512.953500634041
49_20240828 12,1478.1452502522072
49_20240828 13,1543.5813126247813
49_20240828 14,1667.830507354271
49_20240828 15,1714.3035580204034
49_20240828 16,1810.7449466448431
49_20240828 17,1794.4774140124314
49_20240828 18,1631.9348070413753
49_20240828 19,1036.902415138529
49_20240828 20,819.8027876329209
49_20240828 21,759.0946644906835
49_20240828 22,955.8084302049617
49_20240828 23,980.2658878438054
49_20240829 00,1022.230950949398
49_20240829 01,1011.5140292574506
49_20240829 02,1010.7504559961236
49_20240829 03,1009.3208892389702
49_20240829 04,1007.4005875585202
49_20240829 05,984.0066479099692
49_20240829 06,1119.4547154907261
49_20240829 07,1064.6250094116936
49_20240829 08,1095.9790278077044
49_20240829 09,1079.6104323072832
49_20240829 10,1156.7287360192163
49_20240829 11,1154.4572021314598
49_20240829 12,1134.4599138301287
49_20240829 13,1165.0917968216936
49_20240829 14,1239.9705561179906
49_20240829 15,1325.6251353514122
49_20240829 16,1360.1271772193713
49_20240829 17,1351.1144376844607
49_20240829 18,1075.0182983227708
49_20240829 19,979.8642103181779
49_20240829 20,815.4673153061092
49_20240829 21,745.3722907792016
49_20240829 22,1040.5423733037799
49_20240829 23,1436.7567829483255
49_20240830 00,1399.6605987572993
49_20240830 01,1358.214959954291
49_20240830 02,1360.5754561072972
49_20240830 03,1354.1549059952374
49_20240830 04,1330.8253038301566
49_20240830 05,1228.2081451863419
49_20240830 06,1486.5566664735989
49_20240830 07,1563.486095260678
49_20240830 08,1599.049177238833
49_20240830 09,1516.8244485356606
49_20240830 10,1492.7349747803519
49_20240830 11,1503.3677577451072
49_20240830 12,1506.9701509144497
49_20240830 13,1563.82251599844
49_20240830 14,1606.697872336991
49_20240830 15,1681.7012972536986
49_20240830 16,1733.1590041237669
49_20240830 17,1702.7843021521087
49_20240830 18,1497.7206367636682
49_20240830 19,986.6125286468667
49_20240830 20,777.0754797863306
49_20240830 21,718.7192505118626
49_20240830 22,701.8722937883408
49_20240830 23,699.9405923824651
49_20240831 00,580.1062641939129
49_20240831 01,577.3030295292768
49_20240831 02,575.7121484188772
49_20240831 03,574.1212507583772
49_20240831 04,571.1099945418141
49_20240831 05,566.0843753321153
49_20240831 06,568.2798328221618
49_20240831 07,572.5884143347112
49_20240831 08,547.8217266951649
49_20240831 09,562.2011066909965
49_20240831 10,630.8053924098548
49_20240831 11,604.3238242820022
49_20240831 12,585.3621243925886
49_20240831 13,599.983753124614
49_20240831 14,600.0198379674664
49_20240831 15,616.6532264777541
49_20240831 16,640.2423565412832
49_20240831 17,652.7734434737075
49_20240831 18,637.3864291005185
49_20240831 19,619.8264841209316
49_20240831 20,621.5855475832078
49_20240831 21,609.7252100389414
49_20240831 22,627.2206921652532
49_20240831 23,630.7964526213881
50_20240825 00,1561.3914904397584
50_20240825 01,1554.9575063697446
50_20240825 02,1544.2335117589264
50_20240825 03,1542.5385534232719
50_20240825 04,1546.7778984780755
50_20240825 05,1561.2264391072708
50_20240825 06,1584.2684997240724
50_20240825 07,1462.1576501905524
50_20240825 08,1227.047347012297
50_20240825 09,1153.604926687852
50_20240825 10,1095.658731689074
50_20240825 11,1051.9923214087962
50_20240825 12,1048.6064354740074
50_20240825 13,1073.0334450238079
50_20240825 14,1099.215757672892
50_20240825 15,1220.1311207739657
50_20240825 16,1347.030143240514
50_20240825 17,1471.0804831237365
50_20240825 18,1549.3395120521882
50_20240825 19,1609.5386321250503
50_20240825 20,1744.6292633145022
50_20240825 21,1733.0562629161473
50_20240825 22,1650.216957040231
50_20240825 23,1664.2711370492343
50_20240826 00,1681.8880642165723
50_20240826 01,1664.4389008690123
50_20240826 02,1657.693427325862
50_20240826 03,1630.5556376844709
50_20240826 04,1628.7994239634572
50_20240826 05,1777.6722183608874
50_20240826 06,2154.2446856189827
50_20240826 07,2290.7138087763137
50_20240826 08,2465.82095407779
50_20240826 09,2530.1727416923586
50_20240826 10,2500.8100098110854
50_20240826 11,2458.9066457601784
50_20240826 12,2420.972999930834
50_20240826 13,2379.1792964203014
50_20240826 14,2430.425463362314
50_20240826 15,2498.9875953431224
50_20240826 16,2536.1100370099107
50_20240826 17,2522.895942001406
50_20240826 18,2249.389463806423
50_20240826 19,1970.4408549659067
50_20240826 20,1747.7081894547318
50_20240826 21,1653.648866942926
50_20240826 22,1685.9726613605699
50_20240826 23,1742.7539765537997
50_20240827 00,1717.3981621961839
50_20240827 01,1719.3166959194446
50_20240827 02,1710.4984297241313
50_20240827 03,1703.9305013019994
50_20240827 04,1693.5081133310646
50_20240827 05,1807.2957762098495
50_20240827 06,2122.208238732156
50_20240827 07,2253.305913426486
50_20240827 08,2480.677081681224
50_20240827 09,2525.0621674214844
50_20240827 10,2510.3198227530797
50_20240827 11,2461.156309238723
50_20240827 12,2434.240756873877
50_20240827 13,2442.6840507600823
50_20240827 14,2487.1898965361156
50_20240827 15,2479.6085999654433
50_20240827 16,2525.5652310127016
50_20240827 17,2526.5010692885885
50_20240827 18,2265.8262197721842
50_20240827 19,1944.464907578741
50_20240827 20,1733.7379370887747
50_20240827 21,1629.1878755072717
50_20240827 22,1633.6108971206186
50_20240827 23,1680.8326973534054
50_20240828 00,1693.709136984748
50_20240828 01,1696.4069474136072
50_20240828 02,1699.4309354601714
50_20240828 03,1685.3971373705253
50_20240828 04,1677.2854317930273
50_20240828 05,1784.3188533085404
50_20240828 06,2128.4396451100765
50_20240828 07,2316.694994119736
50_20240828 08,2454.091204638734
50_20240828 09,2474.159262215854
50_20240828 10,2456.8361111305585
50_20240828 11,2445.1561688921615
50_20240828 12,2421.442594052868
50_20240828 13,2392.7853870407134
50_20240828 14,2456.2115960639785
50_20240828 15,2454.38493209056
50_20240828 16,2479.224768412483
50_20240828 17,2514.4150048041283
50_20240828 18,2229.2089664809555
50_20240828 19,1864.9776874141394
50_20240828 20,1676.178400013027
50_20240828 21,1567.4699208350178
50_20240828 22,1665.7143048095782
50_20240828 23,1716.3858410040532
50_20240829 00,1717.36778740998
50_20240829 01,1701.7238893248682
50_20240829 02,1695.625185593894
50_20240829 03,1681.729117432048
50_20240829 04,1674.3726614085272
50_20240829 05,1776.2868100764126
50_20240829 06,2105.0039357887636
50_20240829 07,2237.881131473446
50_20240829 08,2376.5288590435066
50_20240829 09,2368.6349300543507
50_20240829 10,2384.2768696866715
50_20240829 11,2358.2118623228575
50_20240829 12,2302.2151875392274
50_20240829 13,2324.979666163207
50_20240829 14,2391.922577514596
50_20240829 15,2349.458003607276
50_20240829 16,2415.2969798022846
50_20240829 17,2439.733993994271
50_20240829 18,2111.614774201271
50_20240829 19,1841.3226875254072
50_20240829 20,1662.61535520277
50_20240829 21,1590.6891812175709
50_20240829 22,1617.7712008057513
50_20240829 23,1710.569411484142
50_20240830 00,1691.6317139670382
50_20240830 01,1690.4449177864599
50_20240830 02,1677.2543277357445
50_20240830 03,1669.4970611507565
50_20240830 04,1659.7448737917166
50_20240830 05,1731.96326333947
50_20240830 06,2021.2749561161374
50_20240830 07,2169.7051269404237
50_20240830 08,2288.9872545099515
50_20240830 09,2299.4209647644925
50_20240830 10,2307.054901929798
50_20240830 11,2253.613270804582
50_20240830 12,2216.345729095611
50_20240830 13,2220.266569623436
50_20240830 14,2253.8220456011627
50_20240830 15,2333.026715636592
50_20240830 16,2357.1396674327943
50_20240830 17,2375.0216989868795
50_20240830 18,2069.993940249281
50_20240830 19,1689.7656457531034
50_20240830 20,1559.5475477045425
50_20240830 21,1473.2389967561148
50_20240830 22,1526.5029126601698
50_20240830 23,1573.621578253962
50_20240831 00,1569.4334102982552
50_20240831 01,1561.9821656157799
50_20240831 02,1547.5092959229178
50_20240831 03,1537.4632296498407
50_20240831 04,1531.355971891774
50_20240831 05,1543.4886562241359
50_20240831 06,1541.4738067996443
50_20240831 07,1377.3838822579676
50_20240831 08,1163.1783983131984
50_20240831 09,1111.2560862866017
50_20240831 10,1123.9933778827076
50_20240831 11,1011.6968135086744
50_20240831 12,1009.5547914862644
50_20240831 13,1067.3183367401011
50_20240831 14,1141.7854071794522
50_20240831 15,1198.603489964918
50_20240831 16,1348.7880330904925
50_20240831 17,1445.6849537713401
50_20240831 18,1423.6853136642173
50_20240831 19,1445.1278948584581
50_20240831 20,1432.8745071063852
50_20240831 21,1395.8965583580582
50_20240831 22,1449.3144608964926
50_20240831 23,1531.6107399917796
51_20240825 00,3275.343770814926
51_20240825 01,3265.0366286513827
51_20240825 02,3263.8326947874475
51_20240825 03,3261.4862296516985
51_20240825 04,3268.3044860272803
51_20240825 05,3271.611579447429
51_20240825 06,3247.202497601021
51_20240825 07,3263.250092175499
51_20240825 08,3274.9094019573713
51_20240825 09,3300.3402895906747
51_20240825 10,3308.517625594348
51_20240825 11,3299.253586333539
51_20240825 12,3296.323177359095
51_20240825 13,3294.4948976051487
51_20240825 14,3298.9500983428384
51_20240825 15,3299.9246028026887
51_20240825 16,3292.625039262297
51_20240825 17,3289.507061003175
51_20240825 18,3282.7737131782123
51_20240825 19,3280.7744537668987
51_20240825 20,3271.3603656823316
51_20240825 21,3265.153011173972
51_20240825 22,3263.65389677202
51_20240825 23,3243.9064195882024
51_20240826 00,3256.9600588403696
51_20240826 01,3252.279486195604
51_20240826 02,3252.9148649515473
51_20240826 03,3261.0317095783694
51_20240826 04,3262.935708582366
51_20240826 05,3249.4600081107023
51_20240826 06,3263.6298008259955
51_20240826 07,3285.0158470264796
51_20240826 08,3357.8056684937765
51_20240826 09,3439.527400216224
51_20240826 10,3457.8575164703625
51_20240826 11,3489.635497701215
51_20240826 12,3482.621738332474
51_20240826 13,3481.125856689574
51_20240826 14,3484.111368674213
51_20240826 15,3483.126300895385
51_20240826 16,3485.137356592434
51_20240826 17,3483.353126955204
51_20240826 18,3449.252765449265
51_20240826 19,3389.8295587579714
51_20240826 20,3352.701614567345
51_20240826 21,3316.4806624084435
51_20240826 22,3293.039012073241
51_20240826 23,3269.627028466119
51_20240827 00,3267.456946944856
51_20240827 01,3269.4709440103848
51_20240827 02,3271.948266459747
51_20240827 03,3276.6077397270046
51_20240827 04,3285.3028628294724
51_20240827 05,3257.5305101220365
51_20240827 06,3284.042489786226
51_20240827 07,3308.086456524926
51_20240827 08,3376.9897730459793
51_20240827 09,3436.663412894687
51_20240827 10,3456.726546252309
51_20240827 11,3440.1024382473165
51_20240827 12,3444.137447943184
51_20240827 13,3441.09808687159
51_20240827 14,3459.079943761841
51_20240827 15,3483.409588213504
51_20240827 16,3489.5815768815824
51_20240827 17,3494.4276600651015
51_20240827 18,3459.2326375242965
51_20240827 19,3394.344821260614
51_20240827 20,3340.9676182729863
51_20240827 21,3314.4782922342597
51_20240827 22,3302.250819575315
51_20240827 23,3276.572057675058
51_20240828 00,3265.4479244253475
51_20240828 01,3265.784669020341
51_20240828 02,3272.576309166534
51_20240828 03,3282.5000742121706
51_20240828 04,3295.0511634008462
51_20240828 05,3280.559392167972
51_20240828 06,3306.2444281739663
51_20240828 07,3320.584660432386
51_20240828 08,3351.4735610148864
51_20240828 09,3448.9038086917044
51_20240828 10,3476.811108572333
51_20240828 11,3493.1002996807483
51_20240828 12,3496.3768496134453
51_20240828 13,3489.5713103198254
51_20240828 14,3493.6100123976175
51_20240828 15,3492.2607698627407
51_20240828 16,3492.0800470580493
51_20240828 17,3485.8440785021203
51_20240828 18,3450.7564390074435
51_20240828 19,3388.8952022485355
51_20240828 20,3365.6774951819198
51_20240828 21,3334.188935061651
51_20240828 22,3312.2176238765514
51_20240828 23,3267.0160008930243
51_20240829 00,3265.8862645013605
51_20240829 01,3250.3533304577595
51_20240829 02,3248.1646655893746
51_20240829 03,3256.394005839622
51_20240829 04,3268.910603571213
51_20240829 05,3242.133575696997
51_20240829 06,3272.9347530114583
51_20240829 07,3286.5770486246456
51_20240829 08,3328.196377329355
51_20240829 09,3426.1738144591673
51_20240829 10,3463.035617954985
51_20240829 11,3474.7207069732353
51_20240829 12,3463.682578549137
51_20240829 13,3468.383306549476
51_20240829 14,3467.199324989876
51_20240829 15,3472.342879987228
51_20240829 16,3461.976323299719
51_20240829 17,3458.542422808049
51_20240829 18,3440.6492261820827
51_20240829 19,3381.277158296338
51_20240829 20,3353.9072858718455
51_20240829 21,3325.931991556747
51_20240829 22,3294.5020291280493
51_20240829 23,3282.2456567010304
51_20240830 00,3270.945244384832
51_20240830 01,3260.2149051949464
51_20240830 02,3262.8395083032124
51_20240830 03,3270.62560898552
51_20240830 04,3275.321907579005
51_20240830 05,3240.816657792312
51_20240830 06,3267.266111572676
51_20240830 07,3288.396535091828
51_20240830 08,3344.8367899591167
51_20240830 09,3451.874995605147
51_20240830 10,3454.280389252858
51_20240830 11,3462.1291480430395
51_20240830 12,3461.13576814251
51_20240830 13,3462.142816611677
51_20240830 14,3466.5022965070093
51_20240830 15,3483.7706062694524
51_20240830 16,3476.568319834661
51_20240830 17,3465.5384650036613
51_20240830 18,3444.06183437657
51_20240830 19,3373.341603832562
51_20240830 20,3337.2299971953153
51_20240830 21,3296.3067444109865
51_20240830 22,3293.02072706307
51_20240830 23,3274.448566741523
51_20240831 00,3250.413945985715
51_20240831 01,3249.496416711726
51_20240831 02,3261.261125154695
51_20240831 03,3256.5798571490036
51_20240831 04,3278.179613931814
51_20240831 05,3266.700403659498
51_20240831 06,3247.9665180023517
51_20240831 07,3254.0303000892686
51_20240831 08,3252.1074727459927
51_20240831 09,3269.650120184724
51_20240831 10,3273.7874875119705
51_20240831 11,3288.75967599518
51_20240831 12,3291.1176646576323
51_20240831 13,3303.6652666402806
51_20240831 14,3309.648689759703
51_20240831 15,3303.8709172697436
51_20240831 16,3317.1437225868303
51_20240831 17,3300.5791115203583
51_20240831 18,3291.08170226326
51_20240831 19,3259.835566766229
51_20240831 20,3258.6127067026227
51_20240831 21,3257.3378530412733
51_20240831 22,3243.174610139306
51_20240831 23,3233.5423348150775
52_20240825 00,5153.149090263948
52_20240825 01,5159.119053302504
52_20240825 02,5136.672274441241
52_20240825 03,5135.7339556710585
52_20240825 04,5110.3029918134625
52_20240825 05,5040.009198337915
52_20240825 06,5046.994968904972
52_20240825 07,5021.942823943193
52_20240825 08,5034.864682874163
52_20240825 09,5048.7431367376175
52_20240825 10,5050.966936773592
52_20240825 11,5051.701159466931
52_20240825 12,5118.755682876603
52_20240825 13,5124.220191046967
52_20240825 14,5127.763086116153
52_20240825 15,5126.668663299029
52_20240825 16,5108.57701834159
52_20240825 17,5100.302828811849
52_20240825 18,5050.549718066063
52_20240825 19,5050.387517978334
52_20240825 20,5062.149360159894
52_20240825 21,5034.6185777314695
52_20240825 22,5023.480333143927
52_20240825 23,5027.998516292742
52_20240826 00,5081.467943943609
52_20240826 01,5055.590416650844
52_20240826 02,5051.608781734168
52_20240826 03,5051.227986678645
52_20240826 04,5047.436228878649
52_20240826 05,5039.663761829391
52_20240826 06,5085.2052957255455
52_20240826 07,5106.6587958313885
52_20240826 08,5217.752868512582
52_20240826 09,5347.037739788017
52_20240826 10,5346.7310744601045
52_20240826 11,5354.356861600278
52_20240826 12,5362.739867054049
52_20240826 13,5359.174250000652
52_20240826 14,5361.02203733544
52_20240826 15,5348.842044076147
52_20240826 16,5293.136630429275
52_20240826 17,5271.34421771731
52_20240826 18,5172.508132716821
52_20240826 19,5104.540865404507
52_20240826 20,5079.2864483539925
52_20240826 21,5055.401664435413
52_20240826 22,5152.1687859810445
52_20240826 23,5207.146463840156
52_20240827 00,5152.343379843507
52_20240827 01,5124.897159287243
52_20240827 02,5119.250603211505
52_20240827 03,5117.181566367633
52_20240827 04,5069.7278528390225
52_20240827 05,5071.204169391454
52_20240827 06,5099.863596186462
52_20240827 07,5110.693330850412
52_20240827 08,5134.594464032938
52_20240827 09,5240.8466462443475
52_20240827 10,5207.559866165791
52_20240827 11,5208.00937431922
52_20240827 12,5210.7188558521275
52_20240827 13,5214.2078909476
52_20240827 14,5233.980086149035
52_20240827 15,5287.15922851609
52_20240827 16,5294.556167443852
52_20240827 17,5260.736755494732
52_20240827 18,5116.75431507219
52_20240827 19,5054.593847178365
52_20240827 20,5025.462103627013
52_20240827 21,4998.8690902781445
52_20240827 22,5033.054237655875
52_20240827 23,5115.270868883665
52_20240828 00,5023.243520222319
52_20240828 01,5001.239727038152
52_20240828 02,5009.309750764643
52_20240828 03,5006.021841638252
52_20240828 04,4989.507937160075
52_20240828 05,4989.089552777022
52_20240828 06,5014.615267164395
52_20240828 07,5023.659242850819
52_20240828 08,5102.180158631123
52_20240828 09,5221.249653904773
52_20240828 10,5206.675405496802
52_20240828 11,5222.23278299263
52_20240828 12,5249.512709210669
52_20240828 13,5246.723822812007
52_20240828 14,5252.634577367848
52_20240828 15,5257.775068083251
52_20240828 16,5260.831688685592
52_20240828 17,5227.238128002368
52_20240828 18,5101.788566239871
52_20240828 19,5047.085559958214
52_20240828 20,5028.469662110286
52_20240828 21,5017.3679587208
52_20240828 22,5094.245811851147
52_20240828 23,5129.896537808429
52_20240829 00,5068.527685453727
52_20240829 01,5034.986019123912
52_20240829 02,5040.10754202407
52_20240829 03,5045.433679326512
52_20240829 04,5031.573325195021
52_20240829 05,5027.558346810679
52_20240829 06,5043.248218714748
52_20240829 07,5049.5434735115905
52_20240829 08,5100.444660631074
52_20240829 09,5203.880344949772
52_20240829 10,5212.123434545499
52_20240829 11,5237.925718676463
52_20240829 12,5228.657996854272
52_20240829 13,5225.567492485099
52_20240829 14,5235.483839223391
52_20240829 15,5245.6205633051395
52_20240829 16,5231.534342059842
52_20240829 17,5218.074024756486
52_20240829 18,5121.732269458618
52_20240829 19,5069.785943509789
52_20240829 20,5049.894354332231
52_20240829 21,5018.328114035691
52_20240829 22,5051.697685539772
52_20240829 23,5104.884933914862
52_20240830 00,5015.2476201647005
52_20240830 01,4973.506721315
52_20240830 02,4977.3595100144175
52_20240830 03,4988.879114416264
52_20240830 04,4966.555588859628
52_20240830 05,4969.995969780748
52_20240830 06,5011.747381302563
52_20240830 07,5024.315230555535
52_20240830 08,5085.428875481667
52_20240830 09,5212.899766048448
52_20240830 10,5200.204871954371
52_20240830 11,5199.919768677935
52_20240830 12,5200.216035041878
52_20240830 13,5216.480894958658
52_20240830 14,5236.83507094668
52_20240830 15,5242.343662602321
52_20240830 16,5237.143985256753
52_20240830 17,5207.994294657437
52_20240830 18,5099.805508924222
52_20240830 19,5032.899606817629
52_20240830 20,5033.077095642325
52_20240830 21,5005.2630390962
52_20240830 22,5032.82657147307
52_20240830 23,5099.988760492783
52_20240831 00,5031.031934435523
52_20240831 01,5031.552850877384
52_20240831 02,5070.48516155757
52_20240831 03,5032.626557793336
52_20240831 04,5021.555591376462
52_20240831 05,4999.963756722301
52_20240831 06,4998.930558458134
52_20240831 07,4968.560319471788
52_20240831 08,4964.279120312887
52_20240831 09,4959.816212066733
52_20240831 10,4954.193403213892
52_20240831 11,4974.567823251824
52_20240831 12,5000.134359576432
52_20240831 13,4987.985112731874
52_20240831 14,4978.005231670182
52_20240831 15,4997.915579842132
52_20240831 16,4997.1688811801305
52_20240831 17,4975.445236628928
52_20240831 18,4984.818467922254
52_20240831 19,4965.9937053680915
52_20240831 20,4959.030407647937
52_20240831 21,4957.561962004504
52_20240831 22,4962.46893598064
52_20240831 23,4963.822093771361
53_20240825 00,1455.7149488032833
53_20240825 01,1452.078030215236
53_20240825 02,1458.8524251782717
53_20240825 03,1454.0171906197404
53_20240825 04,1451.9196006500506
53_20240825 05,1440.98325872281
53_20240825 06,1433.8644727510425
53_20240825 07,1415.4631394439352
53_20240825 08,1415.2427343121435
53_20240825 09,1418.5034595546044
53_20240825 10,1384.4266785283007
53_20240825 11,1391.591175160136
53_20240825 12,1398.7326262326367
53_20240825 13,1394.256156812744
53_20240825 14,1399.7020168726783
53_20240825 15,1400.8477390478956
53_20240825 16,1399.986499622682
53_20240825 17,1400.2680079863744
53_20240825 18,1419.917375360647
53_20240825 19,1414.7980322836654
53_20240825 20,1406.7392336056541
53_20240825 21,1390.7845630019851
53_20240825 22,1368.4061094441454
53_20240825 23,1343.355124025404
53_20240826 00,1392.0598744549802
53_20240826 01,1399.3354341391912
53_20240826 02,1402.5305981440124
53_20240826 03,1402.6757204620453
53_20240826 04,1411.0406586342153
53_20240826 05,1455.018727042237
53_20240826 06,1575.7042998542483
53_20240826 07,1685.7990428973576
53_20240826 08,1818.1741171358863
53_20240826 09,1944.1041532775205
53_20240826 10,2067.012353535505
53_20240826 11,2118.786982689973
53_20240826 12,2118.581847051797
53_20240826 13,2125.361530178614
53_20240826 14,2193.0510804389223
53_20240826 15,2225.2436703605877
53_20240826 16,2199.723705475436
53_20240826 17,2130.1267686051306
53_20240826 18,1937.7417792362803
53_20240826 19,1773.8651044587039
53_20240826 20,1722.092994909485
53_20240826 21,1684.5279980126402
53_20240826 22,1629.2162522700155
53_20240826 23,1590.3400029000347
53_20240827 00,1586.6751758484338
53_20240827 01,1578.2429999852993
53_20240827 02,1585.2562501780244
53_20240827 03,1580.6523963090876
53_20240827 04,1578.2962784320969
53_20240827 05,1626.5900425469072
53_20240827 06,1680.365842171622
53_20240827 07,1757.900109776891
53_20240827 08,1957.8500268511777
53_20240827 09,2074.313337998633
53_20240827 10,2105.5187063402573
53_20240827 11,2171.909336608498
53_20240827 12,2125.394080737306
53_20240827 13,2125.8426745343604
53_20240827 14,2184.3806448377186
53_20240827 15,2233.2868572556317
53_20240827 16,2195.70032557231
53_20240827 17,2137.463403492079
53_20240827 18,1994.7284042280035
53_20240827 19,1816.3011590739088
53_20240827 20,1745.1476081574292
53_20240827 21,1708.4310396395313
53_20240827 22,1655.2709702490558
53_20240827 23,1614.3539235384715
53_20240828 00,1598.0413149495166
53_20240828 01,1592.1160376292955
53_20240828 02,1596.432457334652
53_20240828 03,1595.047293357213
53_20240828 04,1589.3723325363324
53_20240828 05,1621.3129202953305
53_20240828 06,1671.0472107705934
53_20240828 07,1767.6795004789913
53_20240828 08,1972.589969916347
53_20240828 09,2089.452598682156
53_20240828 10,2157.190548427845
53_20240828 11,2185.2206038074028
53_20240828 12,2186.1515805324816
53_20240828 13,2196.0258697557338
53_20240828 14,2243.9636862924663
53_20240828 15,2262.5647308032367
53_20240828 16,2262.789308812923
53_20240828 17,2194.7533908774967
53_20240828 18,2024.8952406581805
53_20240828 19,1815.4628872499713
53_20240828 20,1763.7047525636126
53_20240828 21,1716.738992984346
53_20240828 22,1657.7188106108508
53_20240828 23,1621.200003049569
53_20240829 00,1615.8340939184031
53_20240829 01,1601.3759320705715
53_20240829 02,1597.5078915655758
53_20240829 03,1598.4463344107887
53_20240829 04,1583.8308434957205
53_20240829 05,1625.058169496515
53_20240829 06,1671.8144807499675
53_20240829 07,1754.7241212189278
53_20240829 08,1912.0440473004087
53_20240829 09,2061.7796432628147
53_20240829 10,2114.1468704719946
53_20240829 11,2157.51203737087
53_20240829 12,2192.8592670613325
53_20240829 13,2206.996352613195
53_20240829 14,2200.1190963387335
53_20240829 15,2195.700651810629
53_20240829 16,2222.138246414137
53_20240829 17,2134.2659902730093
53_20240829 18,2017.8211882076312
53_20240829 19,1813.1043204774546
53_20240829 20,1735.4643523498294
53_20240829 21,1712.4280012707568
53_20240829 22,1646.1581698504174
53_20240829 23,1621.6887250111643
53_20240830 00,1581.5672109315315
53_20240830 01,1582.5047896755154
53_20240830 02,1575.1366679631692
53_20240830 03,1576.8611165453992
53_20240830 04,1559.627834587464
53_20240830 05,1588.0053170253573
53_20240830 06,1645.9844154549646
53_20240830 07,1701.716966419779
53_20240830 08,1879.4165658819393
53_20240830 09,2035.8373799268597
53_20240830 10,2066.8980739586113
53_20240830 11,2092.8740914565033
53_20240830 12,2127.8510008799094
53_20240830 13,2131.919923622805
53_20240830 14,2149.8245454508606
53_20240830 15,2160.5075382119408
53_20240830 16,2092.00749923417
53_20240830 17,2005.7828149021198
53_20240830 18,1853.9818090355761
53_20240830 19,1737.0561444800044
53_20240830 20,1666.1969849235566
53_20240830 21,1639.1079245268083
53_20240830 22,1602.7414658346509
53_20240830 23,1567.5565368755965
53_20240831 00,1528.45294785091
53_20240831 01,1530.4119575403242
53_20240831 02,1528.1776022320494
53_20240831 03,1520.6272222305174
53_20240831 04,1512.3886710874658
53_20240831 05,1503.1208838145753
53_20240831 06,1499.401879842443
53_20240831 07,1494.874242561911
53_20240831 08,1463.9043687976582
53_20240831 09,1423.9882393823168
53_20240831 10,1413.3191142397363
53_20240831 11,1404.9351460377818
53_20240831 12,1448.4150036925591
53_20240831 13,1445.8269102223119
53_20240831 14,1464.3543263712913
53_20240831 15,1476.8672083802749
53_20240831 16,1450.240382584002
53_20240831 17,1460.7035475346943
53_20240831 18,1482.1200041829743
53_20240831 19,1458.7593651331713
53_20240831 20,1454.6819540620434
53_20240831 21,1444.8213803020267
53_20240831 22,1422.309783038475
53_20240831 23,1396.2042167917402
54_20240825 00,3376.2135438588084
54_20240825 01,3221.9230791616465
54_20240825 02,2637.291193732775
54_20240825 03,2413.338421017515
54_20240825 04,2310.1818046149856
54_20240825 05,1726.638110717675
54_20240825 06,1021.494352293033
54_20240825 07,1129.8225206673033
54_20240825 08,1441.1736457890006
54_20240825 09,2086.4327020315873
54_20240825 10,3923.641701503012
54_20240825 11,4439.497764275926
54_20240825 12,4514.434675837623
54_20240825 13,4544.313382742829
54_20240825 14,4533.449197192816
54_20240825 15,4427.481483921786
54_20240825 16,4414.102627290626
54_20240825 17,4286.37566507224
54_20240825 18,4113.728179241318
54_20240825 19,3917.5085704817175
54_20240825 20,3352.869716112677
54_20240825 21,1660.4477267753862
54_20240825 22,2456.33887606588
54_20240825 23,3466.4751686744357
54_20240826 00,3319.749244987557
54_20240826 01,3137.3629901235226
54_20240826 02,2607.133491180195
54_20240826 03,2315.0059142324462
54_20240826 04,2280.653504667791
54_20240826 05,1792.9910762178479
54_20240826 06,1043.682471993095
54_20240826 07,1115.6786829905354
54_20240826 08,1447.9402339435549
54_20240826 09,2018.7665009583088
54_20240826 10,3664.3120781456214
54_20240826 11,4260.687489706546
54_20240826 12,4298.296788150941
54_20240826 13,4242.4487328118585
54_20240826 14,4261.418703935257
54_20240826 15,4285.766182662741
54_20240826 16,4186.671554431154
54_20240826 17,3967.5600260864685
54_20240826 18,3800.439936153309
54_20240826 19,3456.118323979711
54_20240826 20,2612.472145939918
54_20240826 21,1511.6986384546212
54_20240826 22,2304.6460249334177
54_20240826 23,3122.5628156110324
54_20240827 00,2448.2369060820865
54_20240827 01,2325.7112161568502
54_20240827 02,2021.0469554595306
54_20240827 03,1843.5038132037496
54_20240827 04,1684.747685285151
54_20240827 05,1439.3592482153229
54_20240827 06,923.6375748295729
54_20240827 07,1023.8747669850992
54_20240827 08,1433.0482409202755
54_20240827 09,2062.2507793635236
54_20240827 10,3590.5250849811605
54_20240827 11,4215.865744110435
54_20240827 12,4284.247204950847
54_20240827 13,4293.130471711434
54_20240827 14,4256.202338848301
54_20240827 15,4247.722733506286
54_20240827 16,4260.523507111451
54_20240827 17,4107.303627344936
54_20240827 18,3970.912656720256
54_20240827 19,3632.099550711199
54_20240827 20,2636.7336944847493
54_20240827 21,1486.1703202986328
54_20240827 22,2398.2126005244345
54_20240827 23,3450.3826933467694
54_20240828 00,3216.0558238369404
54_20240828 01,3004.4770545253095
54_20240828 02,2499.346498278526
54_20240828 03,2105.482053363722
54_20240828 04,1825.820978326857
54_20240828 05,1378.9883237187744
54_20240828 06,967.5716593703552
54_20240828 07,1037.8074437651144
54_20240828 08,1395.3184714852603
54_20240828 09,2045.4302249621578
54_20240828 10,3637.0268177845714
54_20240828 11,4211.657730420924
54_20240828 12,4344.45771017411
54_20240828 13,4446.497167068171
54_20240828 14,4404.129028884789
54_20240828 15,4336.992346248564
54_20240828 16,4294.135736666086
54_20240828 17,4143.00883671918
54_20240828 18,3934.5017586338017
54_20240828 19,3606.9940341301062
54_20240828 20,2650.90798807586
54_20240828 21,1487.461410527506
54_20240828 22,2279.770608364823
54_20240828 23,3390.8581247908915
54_20240829 00,3278.6036463427863
54_20240829 01,3071.3506849563482
54_20240829 02,2508.467347512933
54_20240829 03,2099.4811237828835
54_20240829 04,1719.3011089726276
54_20240829 05,1343.3680938388402
54_20240829 06,1063.3564579174167
54_20240829 07,1123.3565644955847
54_20240829 08,1393.860630034549
54_20240829 09,2033.5439001915922
54_20240829 10,3655.5860217046793
54_20240829 11,4226.027736506708
54_20240829 12,4335.325119773007
54_20240829 13,4374.261635511937
54_20240829 14,4381.196894461388
54_20240829 15,4357.971120105556
54_20240829 16,4298.704764818989
54_20240829 17,4142.825238936817
54_20240829 18,3923.88253845355
54_20240829 19,3698.1211809569604
54_20240829 20,2859.3271015034607
54_20240829 21,1524.7066601879526
54_20240829 22,2327.566965882673
54_20240829 23,3409.515854248541
54_20240830 00,3275.6659701040426
54_20240830 01,3120.0554264417683
54_20240830 02,2681.421314749984
54_20240830 03,2202.517378923608
54_20240830 04,2050.6893527751995
54_20240830 05,1545.2845755098415
54_20240830 06,967.7673030192036
54_20240830 07,1028.5842505235748
54_20240830 08,1413.0334036970892
54_20240830 09,2085.22420851531
54_20240830 10,3648.617598537314
54_20240830 11,4224.712490089137
54_20240830 12,4326.74632357599
54_20240830 13,4353.755966122165
54_20240830 14,4336.897530805216
54_20240830 15,4327.991538719505
54_20240830 16,4264.301004164976
54_20240830 17,4150.693600806751
54_20240830 18,3958.330431042166
54_20240830 19,3729.153039697898
54_20240830 20,3204.65832092209
54_20240830 21,1559.9632633120832
54_20240830 22,2333.6965510050804
54_20240830 23,3451.196016725956
54_20240831 00,3289.539324531571
54_20240831 01,3120.083681595714
54_20240831 02,2434.1941250439854
54_20240831 03,2033.259588372089
54_20240831 04,1801.2810253441596
54_20240831 05,1335.555566543619
54_20240831 06,910.303959515868
54_20240831 07,1052.691091251906
54_20240831 08,1381.8249829208064
54_20240831 09,2051.3796011692257
54_20240831 10,3692.803969066808
54_20240831 11,4331.984561657676
54_20240831 12,4363.505515519304
54_20240831 13,4376.067129851377
54_20240831 14,4377.476469339033
54_20240831 15,4338.490650939333
54_20240831 16,4292.70745504982
54_20240831 17,4173.2810151856675
54_20240831 18,3994.768143882324
54_20240831 19,3824.7458207336385
54_20240831 20,3284.6079040351524
54_20240831 21,1567.3188100939406
54_20240831 22,2422.083629457799
54_20240831 23,3483.7930754998115
55_20240825 00,9139.910837469
55_20240825 01,8985.252985164669
55_20240825 02,8851.331055380633
55_20240825 03,8815.107908160053
55_20240825 04,8698.684033947593
55_20240825 05,8606.936692150864
55_20240825 06,8593.964311438413
55_20240825 07,8714.165989404237
55_20240825 08,8814.657631790467
55_20240825 09,8895.006081395299
55_20240825 10,8968.850863385927
55_20240825 11,9127.344887970417
55_20240825 12,9302.168871851958
55_20240825 13,9423.119726041816
55_20240825 14,9609.290150435416
55_20240825 15,9714.297130033394
55_20240825 16,9827.59956988907
55_20240825 17,9921.628101241222
55_20240825 18,9798.41599996221
55_20240825 19,9633.826645517845
55_20240825 20,9525.341020538921
55_20240825 21,9396.58457139394
55_20240825 22,9197.334405434278
55_20240825 23,9194.553389811408
55_20240826 00,9280.975523812192
55_20240826 01,9207.188601716594
55_20240826 02,9002.89292943615
55_20240826 03,8932.12658649704
55_20240826 04,8748.493375245216
55_20240826 05,8735.829690294642
55_20240826 06,8732.277792673265
55_20240826 07,8926.549304934953
55_20240826 08,9347.893889285526
55_20240826 09,10208.05861610241
55_20240826 10,10356.005325552433
55_20240826 11,10494.88613689405
55_20240826 12,10815.90311694461
55_20240826 13,10808.132717692526
55_20240826 14,10845.791388253165
55_20240826 15,10774.99861070012
55_20240826 16,10953.70860452384
55_20240826 17,11278.69851753231
55_20240826 18,10664.635213853398
55_20240826 19,10454.034547949861
55_20240826 20,10157.575364716675
55_20240826 21,9866.218302287663
55_20240826 22,9689.148161849917
55_20240826 23,9540.026643857564
55_20240827 00,9434.765832170266
55_20240827 01,9339.706804824582
55_20240827 02,9140.602192816517
55_20240827 03,9041.26439865036
55_20240827 04,8830.236973402722
55_20240827 05,8801.77956583284
55_20240827 06,8776.458920394583
55_20240827 07,8958.013935326251
55_20240827 08,9281.563902431299
55_20240827 09,10067.248922119405
55_20240827 10,10388.001620909643
55_20240827 11,10428.50030321276
55_20240827 12,10363.856534422084
55_20240827 13,10184.703591390884
55_20240827 14,10318.926916556815
55_20240827 15,9977.535963405735
55_20240827 16,10033.902290343587
55_20240827 17,9883.847271060182
55_20240827 18,9620.045172238664
55_20240827 19,9555.52215656922
55_20240827 20,9542.2573702494
55_20240827 21,9412.748857673498
55_20240827 22,9166.10059464777
55_20240827 23,8991.429757487977
55_20240828 00,8992.841501821353
55_20240828 01,8753.239901951421
55_20240828 02,8658.211354960229
55_20240828 03,8599.935903097574
55_20240828 04,8490.673861052388
55_20240828 05,8461.095786664368
55_20240828 06,8485.050800585635
55_20240828 07,8678.216265772486
55_20240828 08,8905.170785306747
55_20240828 09,9789.231226035536
55_20240828 10,9901.94301748247
55_20240828 11,10158.553372019913
55_20240828 12,10305.605308600754
55_20240828 13,10277.690477921822
55_20240828 14,10293.820834751306
55_20240828 15,10050.203377083148
55_20240828 16,10215.281851824662
55_20240828 17,10260.480559646257
55_20240828 18,10084.85258640058
55_20240828 19,9992.116066800785
55_20240828 20,9840.592204621827
55_20240828 21,9503.754888210726
55_20240828 22,9531.656926344023
55_20240828 23,9293.528272460171
55_20240829 00,9247.561407846344
55_20240829 01,9198.472567927965
55_20240829 02,9067.768979653334
55_20240829 03,8936.355518739942
55_20240829 04,8709.259817825394
55_20240829 05,8689.382910113447
55_20240829 06,8822.161537045668
55_20240829 07,8974.69098566372
55_20240829 08,9361.689371081593
55_20240829 09,10068.574551554726
55_20240829 10,10393.283311388974
55_20240829 11,10400.488662460302
55_20240829 12,10589.773964205506
55_20240829 13,10539.897579716082
55_20240829 14,10437.331886388867
55_20240829 15,10329.095518064163
55_20240829 16,10592.097205639535
55_20240829 17,10649.653767855165
55_20240829 18,10276.484859980606
55_20240829 19,10016.203683502545
55_20240829 20,9747.421821855976
55_20240829 21,9593.724686666656
55_20240829 22,9428.222083559933
55_20240829 23,9248.621875178138
55_20240830 00,9189.376372365066
55_20240830 01,9151.869079064363
55_20240830 02,8942.209556473039
55_20240830 03,8919.787565744115
55_20240830 04,8749.353425553625
55_20240830 05,8623.708220065922
55_20240830 06,8589.275649391955
55_20240830 07,8652.944582096618
55_20240830 08,8842.993309987161
55_20240830 09,9738.807395892345
55_20240830 10,9849.668535926798
55_20240830 11,9912.082898901957
55_20240830 12,10476.897504099248
55_20240830 13,10467.339462995971
55_20240830 14,10461.064275217474
55_20240830 15,10527.855911297276
55_20240830 16,10606.53680544773
55_20240830 17,10966.797212673671
55_20240830 18,10269.924639678811
55_20240830 19,9823.67653787864
55_20240830 20,9497.300654226005
55_20240830 21,9281.8060153658
55_20240830 22,8894.979515244868
55_20240830 23,8841.303671203144
55_20240831 00,8737.881322125868
55_20240831 01,8690.363457587948
55_20240831 02,8474.574944267348
55_20240831 03,8466.290840472468
55_20240831 04,8269.935082208332
55_20240831 05,8089.865761582492
55_20240831 06,8067.490349429653
55_20240831 07,8227.982774998807
55_20240831 08,8538.77715888126
55_20240831 09,8511.545639181535
55_20240831 10,8599.199805944208
55_20240831 11,8687.919568890622
55_20240831 12,9044.693588208427
55_20240831 13,8868.375819038094
55_20240831 14,9161.868394060286
55_20240831 15,9220.21880974235
55_20240831 16,9414.333492725991
55_20240831 17,9415.937362155739
55_20240831 18,9080.689224810296
55_20240831 19,9027.649766296257
55_20240831 20,8758.01315555326
55_20240831 21,8618.194076697986
55_20240831 22,8579.917823705655
55_20240831 23,8598.94924918451
56_20240825 00,5462.791645097898
56_20240825 01,5463.565754354468
56_20240825 02,5462.666003809906
56_20240825 03,5456.819846807023
56_20240825 04,5470.69417899652
56_20240825 05,5417.933427001202
56_20240825 06,5439.3681016055325
56_20240825 07,5478.453147609826
56_20240825 08,5497.454342571498
56_20240825 09,5579.894786175316
56_20240825 10,5686.754488199081
56_20240825 11,5701.522765828613
56_20240825 12,5704.469263360952
56_20240825 13,5736.682455742191
56_20240825 14,5737.11874417897
56_20240825 15,5722.643631567633
56_20240825 16,5709.6297695287685
56_20240825 17,5674.198082794208
56_20240825 18,5630.940663588447
56_20240825 19,5570.938803381091
56_20240825 20,5514.769855230359
56_20240825 21,5507.807292746245
56_20240825 22,5493.2974803786365
56_20240825 23,5472.229076336007
56_20240826 00,5488.110142776574
56_20240826 01,5475.934118384322
56_20240826 02,5484.212207787166
56_20240826 03,5501.273399949423
56_20240826 04,5505.515451851181
56_20240826 05,5458.02748240351
56_20240826 06,5465.396682121816
56_20240826 07,5500.2748418154615
56_20240826 08,5538.789689276063
56_20240826 09,5660.9087428155635
56_20240826 10,5722.361590426899
56_20240826 11,5794.551174314071
56_20240826 12,5811.7639428833945
56_20240826 13,5865.933015900046
56_20240826 14,5913.535252058716
56_20240826 15,5892.228148787983
56_20240826 16,5788.419683862865
56_20240826 17,5762.1614896723495
56_20240826 18,5632.211390890128
56_20240826 19,5607.896789038337
56_20240826 20,5537.422481701369
56_20240826 21,5523.001261651847
56_20240826 22,5517.92249665105
56_20240826 23,5484.063523470219
56_20240827 00,5441.929027153164
56_20240827 01,5514.336116278047
56_20240827 02,5521.0994921910415
56_20240827 03,5530.001367595867
56_20240827 04,5537.08920953906
56_20240827 05,5426.051029920133
56_20240827 06,5484.3394611419835
56_20240827 07,5515.757725753676
56_20240827 08,5559.419780969909
56_20240827 09,5675.376586146195
56_20240827 10,5673.136343427045
56_20240827 11,5675.406190055375
56_20240827 12,5719.240069081123
56_20240827 13,5800.685332367138
56_20240827 14,5814.114327314872
56_20240827 15,5823.0663694687955
56_20240827 16,5801.611668657772
56_20240827 17,5738.821597832017
56_20240827 18,5678.760880826203
56_20240827 19,5539.553947519216
56_20240827 20,5477.631436885627
56_20240827 21,5445.486711037873
56_20240827 22,5442.572092586495
56_20240827 23,5427.8100433803265
56_20240828 00,5402.320208966255
56_20240828 01,5437.859081231261
56_20240828 02,5453.427260271888
56_20240828 03,5446.3868675778185
56_20240828 04,5456.264408506309
56_20240828 05,5371.620791763972
56_20240828 06,5394.435331197556
56_20240828 07,5471.657189563061
56_20240828 08,5524.76012728118
56_20240828 09,5651.19952065251
56_20240828 10,5730.996607079376
56_20240828 11,5781.170802390326
56_20240828 12,5841.8600338236465
56_20240828 13,5906.349817129887
56_20240828 14,5913.524468266869
56_20240828 15,5890.191710208588
56_20240828 16,5822.944939770535
56_20240828 17,5771.632287561393
56_20240828 18,5680.473870026786
56_20240828 19,5562.181770229394
56_20240828 20,5494.821288378207
56_20240828 21,5509.349810270066
56_20240828 22,5495.121539518725
56_20240828 23,5467.886658688897
56_20240829 00,5409.831367109311
56_20240829 01,5440.458293520884
56_20240829 02,5447.587187837615
56_20240829 03,5448.182918352157
56_20240829 04,5431.475949588714
56_20240829 05,5367.569109850527
56_20240829 06,5376.488153340268
56_20240829 07,5440.678420141687
56_20240829 08,5527.177460298506
56_20240829 09,5611.305766853902
56_20240829 10,5677.973808897763
56_20240829 11,5721.369247738006
56_20240829 12,5802.201387346034
56_20240829 13,5818.057740222273
56_20240829 14,5849.809944983535
56_20240829 15,5831.161149061276
56_20240829 16,5851.607620671081
56_20240829 17,5793.355922822633
56_20240829 18,5681.774140028974
56_20240829 19,5587.808058419264
56_20240829 20,5532.710197591359
56_20240829 21,5495.528542539054
56_20240829 22,5462.884352501807
56_20240829 23,5410.658739424098
56_20240830 00,5413.357179650552
56_20240830 01,5416.809601798859
56_20240830 02,5436.068899495465
56_20240830 03,5437.504626331382
56_20240830 04,5419.220653717928
56_20240830 05,5350.139303237313
56_20240830 06,5361.822007526912
56_20240830 07,5441.171991374709
56_20240830 08,5505.602808371537
56_20240830 09,5631.41557498622
56_20240830 10,5664.462865662123
56_20240830 11,5776.186994050405
56_20240830 12,5818.817786073032
56_20240830 13,5837.343409477424
56_20240830 14,5894.860722105329
56_20240830 15,5864.461571762002
56_20240830 16,5824.333046418626
56_20240830 17,5770.843249598991
56_20240830 18,5679.953942792761
56_20240830 19,5594.6734105627565
56_20240830 20,5528.138911849254
56_20240830 21,5479.422215700127
56_20240830 22,5443.942527335308
56_20240830 23,5436.358444731679
56_20240831 00,5410.051539535747
56_20240831 01,5414.486077446926
56_20240831 02,5384.569886986733
56_20240831 03,5372.4429188158265
56_20240831 04,5377.543968358641
56_20240831 05,5336.678661808343
56_20240831 06,5368.771970970922
56_20240831 07,5382.841437458423
56_20240831 08,5434.7610091535125
56_20240831 09,5533.326481177496
56_20240831 10,5589.737532290561
56_20240831 11,5610.377962789546
56_20240831 12,5678.194382238118
56_20240831 13,5677.139387789122
56_20240831 14,5699.723697262428
56_20240831 15,5692.4628459080905
56_20240831 16,5699.7944521692925
56_20240831 17,5680.012559247229
56_20240831 18,5649.3198968468605
56_20240831 19,5546.016862634626
56_20240831 20,5474.937321957395
56_20240831 21,5445.919387322708
56_20240831 22,5426.8743377375495
56_20240831 23,5412.817220741403
57_20240825 00,20435.612624096317
57_20240825 01,20233.753365804485
57_20240825 02,20149.370301307434
57_20240825 03,20059.36391413583
57_20240825 04,19805.369824145873
57_20240825 05,19522.003465513502
57_20240825 06,19346.94490359437
57_20240825 07,18107.95161462616
57_20240825 08,16188.068805419716
57_20240825 09,16541.24129807951
57_20240825 10,17129.98827436445
57_20240825 11,17198.408723040186
57_20240825 12,17209.468234921434
57_20240825 13,17255.94762276335
57_20240825 14,17301.212039775408
57_20240825 15,17334.519427326064
57_20240825 16,17378.368969221825
57_20240825 17,17347.107387900774
57_20240825 18,17328.141703101977
57_20240825 19,17170.518848806194
57_20240825 20,16812.251284709135
57_20240825 21,16758.99338990033
57_20240825 22,19085.335693324254
57_20240825 23,20371.38207684431
57_20240826 00,20415.64202320377
57_20240826 01,20130.814882288465
57_20240826 02,20047.16745501163
57_20240826 03,19982.54527164923
57_20240826 04,19865.301394703394
57_20240826 05,19572.888088958174
57_20240826 06,19412.901597652162
57_20240826 07,18094.271783432516
57_20240826 08,16381.999248532178
57_20240826 09,16571.68442866543
57_20240826 10,17124.03272274301
57_20240826 11,17206.021788193575
57_20240826 12,17296.830050561075
57_20240826 13,17290.237315342594
57_20240826 14,17323.783371140948
57_20240826 15,17369.77558941373
57_20240826 16,17380.930021306915
57_20240826 17,17334.806385901757
57_20240826 18,17295.847391380434
57_20240826 19,17081.281727621732
57_20240826 20,16700.41780435368
57_20240826 21,16747.319855989797
57_20240826 22,19043.12796211269
57_20240826 23,20241.495167835026
57_20240827 00,20358.14025174851
57_20240827 01,20143.60587318217
57_20240827 02,19946.01030095134
57_20240827 03,19951.64213997106
57_20240827 04,19807.0445039015
57_20240827 05,19446.985965977387
57_20240827 06,19312.57689243384
57_20240827 07,17978.593742129633
57_20240827 08,15847.187508824893
57_20240827 09,16445.184043916346
57_20240827 10,16939.622049636295
57_20240827 11,17041.453011922087
57_20240827 12,17038.558648794115
57_20240827 13,17043.767091109745
57_20240827 14,17130.07767267576
57_20240827 15,17185.01969898698
57_20240827 16,17219.05893620494
57_20240827 17,17196.696172290413
57_20240827 18,17091.09648048785
57_20240827 19,16685.300214196963
57_20240827 20,16515.20744839102
57_20240827 21,16627.35004096831
57_20240827 22,18896.558220760635
57_20240827 23,19998.474254314042
57_20240828 00,20058.604787214343
57_20240828 01,19772.633429779937
57_20240828 02,19696.087993772417
57_20240828 03,19632.239297656324
57_20240828 04,19513.198493875167
57_20240828 05,19188.801646472766
57_20240828 06,19051.06705271689
57_20240828 07,18021.864851374896
57_20240828 08,16349.6978580137
57_20240828 09,16488.484433059595
57_20240828 10,16863.44744620123
57_20240828 11,17100.082861623563
57_20240828 12,17120.695821649737
57_20240828 13,17180.42223297068
57_20240828 14,17128.114094112476
57_20240828 15,17231.962918750964
57_20240828 16,17238.09892731593
57_20240828 17,17242.621405125894
57_20240828 18,17142.959415919315
57_20240828 19,16853.982467196132
57_20240828 20,16542.408833424863
57_20240828 21,16615.414351076688
57_20240828 22,18897.544987750407
57_20240828 23,20033.00166908005
57_20240829 00,20168.548105672282
57_20240829 01,19808.79180035824
57_20240829 02,19723.30605889854
57_20240829 03,19650.31812070617
57_20240829 04,19483.098362352048
57_20240829 05,19192.67885209413
57_20240829 06,18979.370160979317
57_20240829 07,17965.931536780867
57_20240829 08,16257.649396773559
57_20240829 09,16458.188992880067
57_20240829 10,17046.34778546273
57_20240829 11,17186.216281468878
57_20240829 12,17197.875855660117
57_20240829 13,17185.13592255312
57_20240829 14,17196.998546925246
57_20240829 15,17196.44118043749
57_20240829 16,17183.142286941464
57_20240829 17,17109.035030582567
57_20240829 18,17032.953131481037
57_20240829 19,16775.697620670646
57_20240829 20,16588.836576028756
57_20240829 21,16659.636978090482
57_20240829 22,18839.303702953643
57_20240829 23,20086.43870462329
57_20240830 00,20110.464695580507
57_20240830 01,19778.52598733684
57_20240830 02,19690.969195541158
57_20240830 03,19629.435717166914
57_20240830 04,19457.19592696304
57_20240830 05,19164.7363143554
57_20240830 06,19000.35839150747
57_20240830 07,17914.227369382454
57_20240830 08,16214.336154409208
57_20240830 09,16413.329402001844
57_20240830 10,16967.89799003254
57_20240830 11,17125.3919235661
57_20240830 12,17129.95450689208
57_20240830 13,17126.62318380597
57_20240830 14,17129.845642716507
57_20240830 15,17097.917696044715
57_20240830 16,17086.20063621323
57_20240830 17,17069.994842177482
57_20240830 18,17107.385802084813
57_20240830 19,16873.381076674646
57_20240830 20,16589.823224667638
57_20240830 21,16650.79456573783
57_20240830 22,18777.122245233335
57_20240830 23,20006.862946179237
57_20240831 00,19952.381559905076
57_20240831 01,19699.47914418155
57_20240831 02,19636.71692740814
57_20240831 03,19557.20295438914
57_20240831 04,19402.05909250157
57_20240831 05,19081.38627028202
57_20240831 06,18885.77546344603
57_20240831 07,17892.14506826187
57_20240831 08,16262.212382343423
57_20240831 09,16363.362509565211
57_20240831 10,16880.76909928822
57_20240831 11,16948.588346283817
57_20240831 12,17051.983658609886
57_20240831 13,17028.58509925666
57_20240831 14,17056.440288289836
57_20240831 15,17118.396020725362
57_20240831 16,17161.06060998535
57_20240831 17,17082.37724427915
57_20240831 18,17046.35871954387
57_20240831 19,16796.173619942754
57_20240831 20,16466.15829002366
57_20240831 21,16547.840850500237
57_20240831 22,18792.340860472104
57_20240831 23,19900.75276761371
58_20240825 00,1055.7651246618027
58_20240825 01,926.0822794465969
58_20240825 02,812.4551949372358
58_20240825 03,708.8792343686085
58_20240825 04,680.0843234077533
58_20240825 05,689.7266122312492
58_20240825 06,815.9120057841785
58_20240825 07,1306.2110001906078
58_20240825 08,1814.8465418533892
58_20240825 09,2115.414894619402
58_20240825 10,2407.2229352608065
58_20240825 11,2553.9624811463564
58_20240825 12,2663.846271516522
58_20240825 13,2737.946954214464
58_20240825 14,2763.7296655974656
58_20240825 15,2744.0318449694582
58_20240825 16,2685.702244373115
58_20240825 17,2665.1820046684857
58_20240825 18,2589.845338611976
58_20240825 19,2419.2694408705484
58_20240825 20,2204.3837688100616
58_20240825 21,1799.7275951120264
58_20240825 22,1346.6748679496027
58_20240825 23,1167.955882795849
58_20240826 00,1024.9567001364803
58_20240826 01,877.7186237692716
58_20240826 02,762.7414607856635
58_20240826 03,686.974968335335
58_20240826 04,663.371416424177
58_20240826 05,677.3943711112449
58_20240826 06,793.9338747434624
58_20240826 07,1241.48540762959
58_20240826 08,1844.5214377127686
58_20240826 09,2181.8817484872015
58_20240826 10,2492.71379204023
58_20240826 11,2552.4559874895076
58_20240826 12,2649.2111203485774
58_20240826 13,2697.1337314617203
58_20240826 14,2681.0738065886494
58_20240826 15,2644.3750704027134
58_20240826 16,2594.2352513131145
58_20240826 17,2580.8570050442468
58_20240826 18,2418.500277934835
58_20240826 19,2236.653366265921
58_20240826 20,2042.89743953281
58_20240826 21,1663.5431010909208
58_20240826 22,1218.4605947624962
58_20240826 23,1098.3472822131364
58_20240827 00,971.3607029266807
58_20240827 01,848.105287016021
58_20240827 02,744.2124443230354
58_20240827 03,684.312447684032
58_20240827 04,661.758186054734
58_20240827 05,672.416970481623
58_20240827 06,774.0030541822525
58_20240827 07,1234.1068303872955
58_20240827 08,1747.5149994270525
58_20240827 09,2080.590527094929
58_20240827 10,2363.4231258590466
58_20240827 11,2448.9252474600803
58_20240827 12,2586.396097260351
58_20240827 13,2632.500770592397
58_20240827 14,2651.6345379148315
58_20240827 15,2603.4790877331375
58_20240827 16,2527.796676571983
58_20240827 17,2505.234832596397
58_20240827 18,2417.079181089787
58_20240827 19,2256.2925283409627
58_20240827 20,2028.771399987073
58_20240827 21,1629.680488617379
58_20240827 22,1199.809916846169
58_20240827 23,1077.7144854211024
58_20240828 00,974.6823617389064
58_20240828 01,865.9535786792362
58_20240828 02,756.0962522389974
58_20240828 03,682.8576888125251
58_20240828 04,657.8654887222473
58_20240828 05,664.344940526868
58_20240828 06,759.431604775888
58_20240828 07,1145.2847068558779
58_20240828 08,1718.975063282008
58_20240828 09,2068.563794596872
58_20240828 10,2422.5963245388407
58_20240828 11,2541.9121197062314
58_20240828 12,2638.356157832298
58_20240828 13,2671.185545589117
58_20240828 14,2646.314489737621
58_20240828 15,2674.998777816628
58_20240828 16,2627.2231609985847
58_20240828 17,2567.009748760296
58_20240828 18,2406.73405082155
58_20240828 19,2166.95214580881
58_20240828 20,1994.4566434886344
58_20240828 21,1670.1125833666247
58_20240828 22,1241.1367882687566
58_20240828 23,1083.9345482660447
58_20240829 00,984.4868879912348
58_20240829 01,853.2269200833404
58_20240829 02,744.8611514291812
58_20240829 03,684.8342663504296
58_20240829 04,658.6281920725576
58_20240829 05,669.5363328074571
58_20240829 06,769.7514550905456
58_20240829 07,1180.5028064388302
58_20240829 08,1776.1536506629477
58_20240829 09,2099.9878140041114
58_20240829 10,2383.8775893357597
58_20240829 11,2516.408207390074
58_20240829 12,2600.485250744473
58_20240829 13,2678.235989732027
58_20240829 14,2663.3321686422873
58_20240829 15,2605.9178203618994
58_20240829 16,2591.686792398212
58_20240829 17,2541.4108800709673
58_20240829 18,2416.855142460362
58_20240829 19,2228.5419938977875
58_20240829 20,2006.2898439454207
58_20240829 21,1656.726162335474
58_20240829 22,1233.5989174910342
58_20240829 23,1066.3035655924155
58_20240830 00,974.2277483859552
58_20240830 01,852.3594442657968
58_20240830 02,736.4032626220942
58_20240830 03,680.0910482636668
58_20240830 04,659.1878805512254
58_20240830 05,668.4599186802394
58_20240830 06,769.0930370594924
58_20240830 07,1159.9759629248588
58_20240830 08,1736.2476814141091
58_20240830 09,2078.798283029384
58_20240830 10,2415.3074732669525
58_20240830 11,2553.2012861230687
58_20240830 12,2638.049667785027
58_20240830 13,2666.7185173001644
58_20240830 14,2650.112317496326
58_20240830 15,2638.6359086147995
58_20240830 16,2573.399837399076
58_20240830 17,2537.903584951525
58_20240830 18,2422.143455615162
58_20240830 19,2214.1023992303594
58_20240830 20,2067.585072117691
58_20240830 21,1713.8796527435716
58_20240830 22,1240.547216433487
58_20240830 23,1102.7637829920757
58_20240831 00,992.0634977085657
58_20240831 01,866.9426071007888
58_20240831 02,751.6913424959678
58_20240831 03,692.6213221652183
58_20240831 04,675.8042625502744
58_20240831 05,674.5635689549714
58_20240831 06,760.3635710933713
58_20240831 07,1093.5918089364068
58_20240831 08,1588.7126136080283
58_20240831 09,1965.8175615207501
58_20240831 10,2302.3288090550745
58_20240831 11,2399.162795224406
58_20240831 12,2502.235523445196
58_20240831 13,2601.535546203686
58_20240831 14,2635.970334578409
58_20240831 15,2637.3780901515447
58_20240831 16,2597.243004421776
58_20240831 17,2622.1479420617816
58_20240831 18,2423.389703640594
58_20240831 19,2251.2689467398554
58_20240831 20,2073.3699904483215
58_20240831 21,1700.5552907810074
58_20240831 22,1251.9344238618814
58_20240831 23,1101.3596337282384
59_20240825 00,458.03360438997777
59_20240825 01,432.69376759228925
59_20240825 02,443.2162569749081
59_20240825 03,442.57461339616566
59_20240825 04,444.17402327180696
59_20240825 05,429.45024897433336
59_20240825 06,489.43870207368536
59_20240825 07,512.3409868264149
59_20240825 08,545.7796238894919
59_20240825 09,538.0448978369895
59_20240825 10,634.2510050329636
59_20240825 11,616.3972389279372
59_20240825 12,575.0610625766985
59_20240825 13,575.2459564063773
59_20240825 14,594.2991522400046
59_20240825 15,595.7606095284641
59_20240825 16,596.1017709924989
59_20240825 17,572.1414463395678
59_20240825 18,562.0702912352021
59_20240825 19,554.1498747325497
59_20240825 20,545.8272196188259
59_20240825 21,533.6807432035091
59_20240825 22,537.8375487898683
59_20240825 23,512.1782385254667
59_20240826 00,450.07613469184906
59_20240826 01,430.20297558293055
59_20240826 02,433.48437092825566
59_20240826 03,432.7167688848664
59_20240826 04,436.14568585599244
59_20240826 05,431.89488087429186
59_20240826 06,565.4021408339144
59_20240826 07,719.1716314513185
59_20240826 08,1080.0051379766292
59_20240826 09,1325.8584807102359
59_20240826 10,1632.847215462542
59_20240826 11,1684.065450616858
59_20240826 12,1665.5684644531489
59_20240826 13,1655.1450649335798
59_20240826 14,1657.8890843055428
59_20240826 15,1651.3559585359772
59_20240826 16,1616.155079361586
59_20240826 17,1602.4449540353899
59_20240826 18,1593.1737339226047
59_20240826 19,1571.3902192911119
59_20240826 20,1452.50576394175
59_20240826 21,1222.295107150052
59_20240826 22,986.8101489684111
59_20240826 23,686.855331871491
59_20240827 00,451.8049334963934
59_20240827 01,427.1743095683491
59_20240827 02,439.1241213898475
59_20240827 03,433.82854179564185
59_20240827 04,433.9449282211941
59_20240827 05,424.5825840483205
59_20240827 06,548.3789217880646
59_20240827 07,675.0295714199028
59_20240827 08,960.7490946826679
59_20240827 09,1223.0794977107194
59_20240827 10,1528.0662211917916
59_20240827 11,1565.356316097942
59_20240827 12,1564.6435750666276
59_20240827 13,1576.1581115653262
59_20240827 14,1556.6435998828354
59_20240827 15,1549.3307271435037
59_20240827 16,1514.4631579277566
59_20240827 17,1530.481102982159
59_20240827 18,1499.3013549353086
59_20240827 19,1479.2366544381516
59_20240827 20,1389.2109062217846
59_20240827 21,1146.1286492633662
59_20240827 22,956.2621119499295
59_20240827 23,656.3085642204951
59_20240828 00,441.05694878392154
59_20240828 01,421.4564250489577
59_20240828 02,430.993401025379
59_20240828 03,428.56408970225044
59_20240828 04,431.076668251794
59_20240828 05,423.3078515471693
59_20240828 06,534.0326117229247
59_20240828 07,667.2834752982301
59_20240828 08,929.5469051845578
59_20240828 09,1181.2412606503378
59_20240828 10,1499.097946952274
59_20240828 11,1592.5998240543117
59_20240828 12,1593.9353622533836
59_20240828 13,1604.7850254402451
59_20240828 14,1617.9773535654692
59_20240828 15,1590.9848156584726
59_20240828 16,1573.862702956465
59_20240828 17,1560.758686561213
59_20240828 18,1528.2063580249726
59_20240828 19,1505.2330739877275
59_20240828 20,1424.09763638427
59_20240828 21,1186.2690855354124
59_20240828 22,945.686514912411
59_20240828 23,669.05339048099
59_20240829 00,476.9268515591557
59_20240829 01,436.5511757158315
59_20240829 02,445.77251923295285
59_20240829 03,434.330775361904
59_20240829 04,435.69295653547806
59_20240829 05,426.2204874006566
59_20240829 06,534.3772364563443
59_20240829 07,673.5318367075752
59_20240829 08,935.662390521735
59_20240829 09,1172.9437687235686
59_20240829 10,1486.36091314011
59_20240829 11,1604.624973894027
59_20240829 12,1600.789110999517
59_20240829 13,1600.9513832324376
59_20240829 14,1603.106042032247
59_20240829 15,1601.0881094719025
59_20240829 16,1575.219626512908
59_20240829 17,1551.444058871281
59_20240829 18,1548.5730348998436
59_20240829 19,1512.6539486955758
59_20240829 20,1413.9874224155699
59_20240829 21,1126.8613084761332
59_20240829 22,937.60926177525
59_20240829 23,648.4577746903417
59_20240830 00,456.04741325065635
59_20240830 01,433.631429993816
59_20240830 02,435.684677321431
59_20240830 03,433.5970254591374
59_20240830 04,429.78862695182534
59_20240830 05,422.53223151432655
59_20240830 06,530.8553173424775
59_20240830 07,688.7620227166706
59_20240830 08,931.069605198737
59_20240830 09,1180.3344382365335
59_20240830 10,1487.1221103791859
59_20240830 11,1600.2646196303363
59_20240830 12,1605.6602520187898
59_20240830 13,1588.5127313334947
59_20240830 14,1588.2946542814977
59_20240830 15,1584.164669207235
59_20240830 16,1555.7584572808128
59_20240830 17,1531.5322095919146
59_20240830 18,1515.2460469022574
59_20240830 19,1466.7154349783216
59_20240830 20,1378.75649947896
59_20240830 21,1165.3755786500642
59_20240830 22,963.2705286842993
59_20240830 23,664.2007584432849
59_20240831 00,437.8388156187395
59_20240831 01,418.2553374496023
59_20240831 02,429.45056459548414
59_20240831 03,426.17227602250307
59_20240831 04,421.0780229726124
59_20240831 05,416.58439486963687
59_20240831 06,533.8511526463715
59_20240831 07,675.1273578848994
59_20240831 08,909.5884796396497
59_20240831 09,1163.6955765052614
59_20240831 10,1530.1068363642999
59_20240831 11,1643.4824055257295
59_20240831 12,1699.3618403022613
59_20240831 13,1725.396364125074
59_20240831 14,1742.0967796998639
59_20240831 15,1749.8725392880942
59_20240831 16,1732.3466343771806
59_20240831 17,1711.0552519514786
59_20240831 18,1703.356889131716
59_20240831 19,1676.0385007743153
59_20240831 20,1527.2291164364747
59_20240831 21,1248.289518539771
59_20240831 22,999.1252213705868
59_20240831 23,684.770667926548
60_20240825 00,3294.863034634352
60_20240825 01,3165.3052350739435
60_20240825 02,3105.0503965777334
60_20240825 03,3084.685407026808
60_20240825 04,3071.7248811632608
60_20240825 05,3017.80382611558
60_20240825 06,2972.939776573431
60_20240825 07,3228.850296075599
60_20240825 08,3583.638708552621
60_20240825 09,3724.2757090787836
60_20240825 10,3819.319310327981
60_20240825 11,3970.8972950440098
60_20240825 12,3997.411597386992
60_20240825 13,4074.1043142155186
60_20240825 14,4139.715393325574
60_20240825 15,4125.077902999135
60_20240825 16,4182.680688414727
60_20240825 17,4097.638078780908
60_20240825 18,3988.9534895270804
60_20240825 19,3865.4101016892214
60_20240825 20,3829.3976833629067
60_20240825 21,3683.4333641361454
60_20240825 22,3532.4349233269513
60_20240825 23,3383.814727361178
60_20240826 00,3279.784515011127
60_20240826 01,3172.470109306838
60_20240826 02,3163.162604256585
60_20240826 03,3104.122496791338
60_20240826 04,3074.487248305894
60_20240826 05,3049.615629194551
60_20240826 06,3075.2313446805715
60_20240826 07,3399.5096882899343
60_20240826 08,4118.269100736208
60_20240826 09,4798.404039808154
60_20240826 10,5252.643563045029
60_20240826 11,5412.424568730066
60_20240826 12,5476.687043573368
60_20240826 13,5443.071602843179
60_20240826 14,5490.502564938282
60_20240826 15,5516.170237592373
60_20240826 16,5381.799645610203
60_20240826 17,5198.733180752444
60_20240826 18,4701.7115698133
60_20240826 19,4457.99366810168
60_20240826 20,4353.88356038261
60_20240826 21,4137.0049268583825
60_20240826 22,3694.974656392079
60_20240826 23,3482.726710750874
60_20240827 00,3320.235714929081
60_20240827 01,3203.6359019689085
60_20240827 02,3164.7542946048266
60_20240827 03,3112.753766380223
60_20240827 04,3102.5273195015943
60_20240827 05,3049.0217752713197
60_20240827 06,3044.0832392738366
60_20240827 07,3385.9801515693684
60_20240827 08,4001.875030464472
60_20240827 09,4573.558068323522
60_20240827 10,4956.598516310509
60_20240827 11,5033.562026010608
60_20240827 12,5051.581974395653
60_20240827 13,5078.108268872674
60_20240827 14,5169.0753803004545
60_20240827 15,5259.7853539892385
60_20240827 16,5140.79820965094
60_20240827 17,4923.643728432455
60_20240827 18,4570.9086038885025
60_20240827 19,4239.869929802993
60_20240827 20,4195.864742135785
60_20240827 21,3910.825633612608
60_20240827 22,3610.8032225489455
60_20240827 23,3403.994832937128
60_20240828 00,3229.901515736789
60_20240828 01,3112.64656588033
60_20240828 02,3095.5035057066916
60_20240828 03,3015.734731837458
60_20240828 04,3009.6401192969442
60_20240828 05,2961.752007364359
60_20240828 06,2970.1925397637606
60_20240828 07,3247.1443110893397
60_20240828 08,3960.162990162417
60_20240828 09,4497.944681549432
60_20240828 10,5074.005612691399
60_20240828 11,5233.938038279146
60_20240828 12,5298.201161791858
60_20240828 13,5355.40281701059
60_20240828 14,5388.702110384334
60_20240828 15,5425.650729546591
60_20240828 16,5280.793267474555
60_20240828 17,4980.445097370463
60_20240828 18,4622.755859773118
60_20240828 19,4271.159153337647
60_20240828 20,4225.572116726965
60_20240828 21,3973.279493199831
60_20240828 22,3628.5431985318787
60_20240828 23,3431.5285800664456
60_20240829 00,3269.1196649527947
60_20240829 01,3098.604622850421
60_20240829 02,3075.8460879463755
60_20240829 03,3041.3665814654664
60_20240829 04,2993.2764625708014
60_20240829 05,2952.881834100126
60_20240829 06,2950.636728618566
60_20240829 07,3207.3722146598802
60_20240829 08,3941.245640859218
60_20240829 09,4490.1062442451785
60_20240829 10,4980.864674607106
60_20240829 11,5201.91914702348
60_20240829 12,5247.9752841858935
60_20240829 13,5320.749857942043
60_20240829 14,5342.595489102233
60_20240829 15,5330.080169736489
60_20240829 16,5221.968221680188
60_20240829 17,4859.87829370779
60_20240829 18,4529.22578242039
60_20240829 19,4225.605663071739
60_20240829 20,4146.547646123929
60_20240829 21,3927.8165304197128
60_20240829 22,3569.96410073923
60_20240829 23,3349.408883237874
60_20240830 00,3275.7439748406673
60_20240830 01,3109.4707758840427
60_20240830 02,3042.548068419921
60_20240830 03,2986.0765691980123
60_20240830 04,3005.6252098087143
60_20240830 05,2947.9692621567765
60_20240830 06,2938.0746945030182
60_20240830 07,3220.370991806659
60_20240830 08,3976.6087806106184
60_20240830 09,4601.218330721176
60_20240830 10,5132.746732329148
60_20240830 11,5242.2800560104915
60_20240830 12,5285.340910984089
60_20240830 13,5329.984617734448
60_20240830 14,5309.28954252728
60_20240830 15,5316.4551422121085
60_20240830 16,5202.4657303267795
60_20240830 17,4783.053073169156
60_20240830 18,4448.94120905188
60_20240830 19,4162.335748902232
60_20240830 20,4035.0723654446238
60_20240830 21,3735.459392883926
60_20240830 22,3474.801235694428
60_20240830 23,3256.380460198816
60_20240831 00,3145.7410338629957
60_20240831 01,3073.0041633629453
60_20240831 02,2988.662451549243
60_20240831 03,2964.978546346497
60_20240831 04,2941.826084722992
60_20240831 05,2894.1819963704743
60_20240831 06,2852.9516050283
60_20240831 07,3075.4795375037
60_20240831 08,3311.4806028911094
60_20240831 09,3605.199330617932
60_20240831 10,3724.8435088955184
60_20240831 11,3936.085290781854
60_20240831 12,4013.8019516017534
60_20240831 13,4062.482740293164
60_20240831 14,4128.937530695033
60_20240831 15,4145.231067260366
60_20240831 16,4092.2382910396545
60_20240831 17,4091.6850098168898
60_20240831 18,3945.1018790688995
60_20240831 19,3675.475631924991
60_20240831 20,3629.52615922096
60_20240831 21,3535.6941080676775
60_20240831 22,3279.361409536314
60_20240831 23,3205.6887807722396
61_20240825 00,1092.8596867296883
61_20240825 01,1074.4565768787409
61_20240825 02,1070.7244748410926
61_20240825 03,1037.3633275541742
61_20240825 04,1027.0362985474999
61_20240825 05,1020.2067126121059
61_20240825 06,1031.3445962098658
61_20240825 07,1180.035872194724
61_20240825 08,1810.8576363263278
61_20240825 09,3319.139923820986
61_20240825 10,3504.50907460573
61_20240825 11,3616.1905201183818
61_20240825 12,3641.3257849001257
61_20240825 13,3576.2164521779373
61_20240825 14,3663.6746778573633
61_20240825 15,3686.216281183012
61_20240825 16,3652.057044145792
61_20240825 17,3610.2395676686524
61_20240825 18,3243.8563139017488
61_20240825 19,2335.679846672638
61_20240825 20,1462.3390253037933
61_20240825 21,1132.5797378420164
61_20240825 22,1020.6794869507374
61_20240825 23,1062.2311768760035
61_20240826 00,1090.8578546476178
61_20240826 01,1080.808003390854
61_20240826 02,1071.4503374546819
61_20240826 03,1056.152092796758
61_20240826 04,1020.2247342759749
61_20240826 05,992.2005668691883
61_20240826 06,1019.2763838860512
61_20240826 07,1185.9010924567217
61_20240826 08,1592.3782561141074
61_20240826 09,2950.9325968700605
61_20240826 10,3252.6047503336995
61_20240826 11,3252.550953388821
61_20240826 12,3270.8839125916647
61_20240826 13,3242.402272217345
61_20240826 14,3261.5838836028806
61_20240826 15,3302.1535560259504
61_20240826 16,3260.430839651088
61_20240826 17,3155.05269193623
61_20240826 18,2812.354851915186
61_20240826 19,1925.8921405399824
61_20240826 20,1307.8094939852301
61_20240826 21,1077.6589291093317
61_20240826 22,1041.2996831898504
61_20240826 23,1041.82385837972
61_20240827 00,1024.7322785068288
61_20240827 01,1000.8498448376031
61_20240827 02,1000.2799891105985
61_20240827 03,988.7430987231688
61_20240827 04,971.2931104798456
61_20240827 05,961.7775003562646
61_20240827 06,964.763633279204
61_20240827 07,1132.709394883258
61_20240827 08,1614.2901495950189
61_20240827 09,2923.5737660485297
61_20240827 10,3131.940695974682
61_20240827 11,3192.29676776002
61_20240827 12,3182.9686573750214
61_20240827 13,3188.7065612283377
61_20240827 14,3166.7567589939554
61_20240827 15,3193.886754413004
61_20240827 16,3119.848301282109
61_20240827 17,2786.2732307270117
61_20240827 18,2238.252455531536
61_20240827 19,1623.4047892644126
61_20240827 20,1163.488068585527
61_20240827 21,1029.1499166731003
61_20240827 22,1004.0651062574794
61_20240827 23,1016.4966325195929
61_20240828 00,1004.1801521117334
61_20240828 01,974.358662222709
61_20240828 02,967.953893906513
61_20240828 03,947.4249592959403
61_20240828 04,924.7241212366221
61_20240828 05,921.8231579709825
61_20240828 06,940.7629695620634
61_20240828 07,1073.4350107857545
61_20240828 08,1522.4080786588365
61_20240828 09,2668.0313597236436
61_20240828 10,3091.3766761064535
61_20240828 11,3175.224219981815
61_20240828 12,3180.4652791267654
61_20240828 13,3193.7546682627667
61_20240828 14,3158.966648815624
61_20240828 15,3203.689882335105
61_20240828 16,3056.396375268374
61_20240828 17,2914.6406444659137
61_20240828 18,2549.5991670687877
61_20240828 19,1739.7554068632348
61_20240828 20,1176.9442375948079
61_20240828 21,1008.3131500365542
61_20240828 22,982.0510697859136
61_20240828 23,999.7150131187676
61_20240829 00,1003.2566399463935
61_20240829 01,990.5564649315679
61_20240829 02,967.6860136633145
61_20240829 03,949.7396842945719
61_20240829 04,930.6791823409224
61_20240829 05,934.1457823381863
61_20240829 06,942.8702378015846
61_20240829 07,1132.085222024656
61_20240829 08,1596.4552852415727
61_20240829 09,2872.9728735278422
61_20240829 10,3136.509964824472
61_20240829 11,3190.015639166063
61_20240829 12,3196.7994079702044
61_20240829 13,3195.8808733601277
61_20240829 14,3195.4135848969768
61_20240829 15,3211.725899695967
61_20240829 16,3181.356320179738
61_20240829 17,3088.7971606489964
61_20240829 18,2620.795479645534
61_20240829 19,1897.1217885726805
61_20240829 20,1192.090174118215
61_20240829 21,1086.9856930047654
61_20240829 22,1010.883139785435
61_20240829 23,1014.2857301764648
61_20240830 00,1016.5834513276664
61_20240830 01,977.038406122686
61_20240830 02,978.4272511003728
61_20240830 03,963.2117220316443
61_20240830 04,935.93631700592
61_20240830 05,934.5299246345483
61_20240830 06,951.4651009833217
61_20240830 07,1129.9398558395792
61_20240830 08,1515.3575529992474
61_20240830 09,2717.13447711841
61_20240830 10,3145.8460767671027
61_20240830 11,3208.352703874734
61_20240830 12,3242.177712598377
61_20240830 13,3207.0305210116444
61_20240830 14,3198.863181437161
61_20240830 15,3223.0609946052077
61_20240830 16,3198.0968505558694
61_20240830 17,3140.161795175558
61_20240830 18,2774.917213501899
61_20240830 19,2018.2936397407316
61_20240830 20,1348.8239013544332
61_20240830 21,1121.2810852605855
61_20240830 22,1053.0662684509157
61_20240830 23,1060.9658650764277
61_20240831 00,1004.2859214911987
61_20240831 01,1003.084548973042
61_20240831 02,999.8948431901666
61_20240831 03,958.8476858573299
61_20240831 04,953.3753049169063
61_20240831 05,922.5000957801398
61_20240831 06,927.9714981971727
61_20240831 07,1105.2251058506006
61_20240831 08,1647.277315195128
61_20240831 09,2967.9632684482876
61_20240831 10,3330.5451780348417
61_20240831 11,3431.6152153444164
61_20240831 12,3470.8261661626498
61_20240831 13,3474.551585514259
61_20240831 14,3509.4531805818606
61_20240831 15,3521.580172840101
61_20240831 16,3530.005010383995
61_20240831 17,3450.5101433233494
61_20240831 18,3065.3702507919616
61_20240831 19,2229.5417674459345
61_20240831 20,1561.3369724017884
61_20240831 21,1237.2193826548191
61_20240831 22,1105.495898252959
61_20240831 23,1070.7791084820997
62_20240825 00,1564.9105488023688
62_20240825 01,1556.2775371787402
62_20240825 02,1537.7903571455386
62_20240825 03,1520.2954566252442
62_20240825 04,1514.936927926954
62_20240825 05,1527.2016473753413
62_20240825 06,1513.1904345869825
62_20240825 07,1525.8854646459208
62_20240825 08,1585.2287899775743
62_20240825 09,1639.9783401223413
62_20240825 10,1692.5063621195686
62_20240825 11,1705.0804948815476
62_20240825 12,1705.2630869930586
62_20240825 13,1731.3964835791048
62_20240825 14,1760.3213799158593
62_20240825 15,1763.4878945127002
62_20240825 16,1789.1630184757971
62_20240825 17,1778.9514415358867
62_20240825 18,1742.635347354162
62_20240825 19,1672.5126842870618
62_20240825 20,1650.6563524012204
62_20240825 21,1646.3584430456579
62_20240825 22,1596.6197137323327
62_20240825 23,1569.0561852976195
62_20240826 00,1574.4102377607487
62_20240826 01,1571.1587644886774
62_20240826 02,1551.3755609288355
62_20240826 03,1542.3518105755713
62_20240826 04,1529.2229809056303
62_20240826 05,1532.6180391015425
62_20240826 06,1612.6168801135896
62_20240826 07,1963.1927389971847
62_20240826 08,2182.1967646699495
62_20240826 09,2297.8001996889147
62_20240826 10,2360.792243861705
62_20240826 11,2399.737430602383
62_20240826 12,2472.0827061109158
62_20240826 13,2427.762741088141
62_20240826 14,2451.4023822059958
62_20240826 15,2581.835504302291
62_20240826 16,2552.998641133662
62_20240826 17,2456.1856084521014
62_20240826 18,2239.9647276940323
62_20240826 19,1939.8705657578066
62_20240826 20,1850.7847876602345
62_20240826 21,1801.8201934551798
62_20240826 22,1734.7734123717705
62_20240826 23,1678.6595955380376
62_20240827 00,1614.4819846163866
62_20240827 01,1593.618207045538
62_20240827 02,1573.2080235664253
62_20240827 03,1568.1661128065957
62_20240827 04,1558.67637836929
62_20240827 05,1565.8854295802446
62_20240827 06,1658.3054046995342
62_20240827 07,1979.0192230102994
62_20240827 08,2120.066987447118
62_20240827 09,2248.654042531174
62_20240827 10,2357.020821276787
62_20240827 11,2315.787645262537
62_20240827 12,2307.9009086440187
62_20240827 13,2314.5255330909113
62_20240827 14,2340.6497501566287
62_20240827 15,2306.1242326173133
62_20240827 16,2294.250922630391
62_20240827 17,2232.7761213885724
62_20240827 18,2041.733707906452
62_20240827 19,1812.9527569827753
62_20240827 20,1745.7576704796581
62_20240827 21,1669.92049510887
62_20240827 22,1608.3593179519467
62_20240827 23,1565.7688869197855
62_20240828 00,1528.6568474187704
62_20240828 01,1520.8128124555883
62_20240828 02,1497.6990243622645
62_20240828 03,1502.0750179416482
62_20240828 04,1499.7159280833685
62_20240828 05,1500.5248406388757
62_20240828 06,1562.8859332764835
62_20240828 07,1883.7967881555596
62_20240828 08,2066.78979245508
62_20240828 09,2186.0815765410807
62_20240828 10,2266.8849138700157
62_20240828 11,2350.4052957871822
62_20240828 12,2295.3246033007445
62_20240828 13,2297.687116781808
62_20240828 14,2360.8165847732544
62_20240828 15,2385.8466632323098
62_20240828 16,2347.342376593991
62_20240828 17,2249.524214485903
62_20240828 18,2079.776285799155
62_20240828 19,1801.5975420587315
62_20240828 20,1712.9020276272845
62_20240828 21,1652.9210346833765
62_20240828 22,1615.1055578266694
62_20240828 23,1557.4704247260163
62_20240829 00,1519.8464281091628
62_20240829 01,1516.7033796098717
62_20240829 02,1506.5507386868794
62_20240829 03,1505.4310221280653
62_20240829 04,1489.7371671084106
62_20240829 05,1505.5819303541075
62_20240829 06,1553.7912940072588
62_20240829 07,1902.3550363634558
62_20240829 08,2070.017805449116
62_20240829 09,2236.317234672806
62_20240829 10,2347.9842610466094
62_20240829 11,2370.0748239438344
62_20240829 12,2362.4136657299123
62_20240829 13,2398.8433408379615
62_20240829 14,2444.496148039119
62_20240829 15,2435.3461476020957
62_20240829 16,2405.9908692707136
62_20240829 17,2322.0628448148054
62_20240829 18,2146.912552484094
62_20240829 19,1827.396428896831
62_20240829 20,1739.7525575337552
62_20240829 21,1692.0752450622783
62_20240829 22,1619.024927086421
62_20240829 23,1578.6963649446739
62_20240830 00,1527.3368936947936
62_20240830 01,1523.2298220717785
62_20240830 02,1508.2190505154138
62_20240830 03,1508.626615860383
62_20240830 04,1509.2794112211413
62_20240830 05,1508.5968184757369
62_20240830 06,1563.0908637599164
62_20240830 07,1873.7527010616288
62_20240830 08,2072.0019169681564
62_20240830 09,2211.1876467230427
62_20240830 10,2359.8622462160333
62_20240830 11,2356.884778668895
62_20240830 12,2333.0541371192994
62_20240830 13,2328.701554601531
62_20240830 14,2356.8834633037286
62_20240830 15,2313.70936788957
62_20240830 16,2310.7374138151863
62_20240830 17,2219.66490562206
62_20240830 18,2039.4591510192727
62_20240830 19,1751.5752010554002
62_20240830 20,1654.9613854980612
62_20240830 21,1609.729872290707
62_20240830 22,1575.3439598342318
62_20240830 23,1544.3693953572042
62_20240831 00,1507.3567010558052
62_20240831 01,1498.386315605845
62_20240831 02,1486.8319533485326
62_20240831 03,1479.5393085260255
62_20240831 04,1459.3699271733226
62_20240831 05,1456.6481250761422
62_20240831 06,1451.3160019223592
62_20240831 07,1464.275840176786
62_20240831 08,1531.6866247576659
62_20240831 09,1604.1028673768558
62_20240831 10,1672.0818641794926
62_20240831 11,1698.9230024130875
62_20240831 12,1698.3717476967022
62_20240831 13,1666.4745123348375
62_20240831 14,1728.267486190977
62_20240831 15,1710.4680958184017
62_20240831 16,1698.057763794974
62_20240831 17,1695.0370281526286
62_20240831 18,1617.6771586381808
62_20240831 19,1580.8629338709547
62_20240831 20,1556.7037396218043
62_20240831 21,1543.4777989924569
62_20240831 22,1496.1504708298735
62_20240831 23,1476.5744953035644
63_20240825 00,647.7670213940096
63_20240825 01,619.8255633454745
63_20240825 02,589.7364516250202
63_20240825 03,566.8043116794043
63_20240825 04,577.2748668807811
63_20240825 05,553.4998731546954
63_20240825 06,591.8722144607448
63_20240825 07,661.2547115922175
63_20240825 08,667.5475347914592
63_20240825 09,756.3331331860595
63_20240825 10,833.3555004304285
63_20240825 11,819.8354624899401
63_20240825 12,847.0214599726067
63_20240825 13,780.8252080874886
63_20240825 14,777.0839135009628
63_20240825 15,694.931910494425
63_20240825 16,702.2360190421863
63_20240825 17,650.5042138362511
63_20240825 18,648.1043337224366
63_20240825 19,616.0166702293761
63_20240825 20,612.4716299160542
63_20240825 21,612.9776444976234
63_20240825 22,582.1345402600534
63_20240825 23,558.1953197005605
63_20240826 00,648.1692565495634
63_20240826 01,589.505768756907
63_20240826 02,564.6491906946422
63_20240826 03,542.7338718610625
63_20240826 04,603.0796316588791
63_20240826 05,645.5145282368065
63_20240826 06,814.1638325860129
63_20240826 07,1166.708204223169
63_20240826 08,1352.3097513845628
63_20240826 09,1601.5893540566344
63_20240826 10,1872.1046706160332
63_20240826 11,1888.8428888467743
63_20240826 12,1934.0049167809457
63_20240826 13,1950.112933986066
63_20240826 14,1951.2066716293134
63_20240826 15,1915.8420734067295
63_20240826 16,1898.5913574142783
63_20240826 17,1870.2351511041907
63_20240826 18,1891.8542251331664
63_20240826 19,1853.1667474918397
63_20240826 20,1790.2845919549527
63_20240826 21,1624.8843399446705
63_20240826 22,1175.6016877899947
63_20240826 23,836.2337917653647
63_20240827 00,643.8931246891053
63_20240827 01,595.5933093270098
63_20240827 02,563.8658618079216
63_20240827 03,556.1561425032194
63_20240827 04,603.7960192448604
63_20240827 05,633.1015390965763
63_20240827 06,790.7333635845374
63_20240827 07,1152.7888558282398
63_20240827 08,1319.812704467586
63_20240827 09,1552.422995088636
63_20240827 10,1821.6704905740073
63_20240827 11,1815.4142783560565
63_20240827 12,1857.0228279685753
63_20240827 13,1866.301467583671
63_20240827 14,1879.2553617518645
63_20240827 15,1884.7555979429803
63_20240827 16,1871.0258637121608
63_20240827 17,1866.824353675236
63_20240827 18,1878.730531343999
63_20240827 19,1830.699479030628
63_20240827 20,1741.1120779541814
63_20240827 21,1542.0770444290429
63_20240827 22,1159.0332360255247
63_20240827 23,818.7562929835051
63_20240828 00,627.0268882191465
63_20240828 01,565.8471488292143
63_20240828 02,536.5111847811738
63_20240828 03,522.6131954772221
63_20240828 04,580.1469274820128
63_20240828 05,622.2969881823436
63_20240828 06,779.2799217365866
63_20240828 07,1094.6383633471232
63_20240828 08,1283.7011155322293
63_20240828 09,1523.55998865549
63_20240828 10,1843.4832205098219
63_20240828 11,1857.8713212378289
63_20240828 12,1905.997389698635
63_20240828 13,1906.8313826249494
63_20240828 14,1924.360646917145
63_20240828 15,1912.1246903030233
63_20240828 16,1906.9384161091411
63_20240828 17,1863.2231807699345
63_20240828 18,1882.2715053541046
63_20240828 19,1821.9208332486612
63_20240828 20,1789.3868438240333
63_20240828 21,1605.4087056007843
63_20240828 22,1177.897302411508
63_20240828 23,829.2592816515959
63_20240829 00,622.8667110350005
63_20240829 01,565.0900681857657
63_20240829 02,529.5140289435514
63_20240829 03,520.8793241720618
63_20240829 04,575.8575036274193
63_20240829 05,615.9227433342026
63_20240829 06,771.842027957325
63_20240829 07,1105.4196958189555
63_20240829 08,1268.4440345803887
63_20240829 09,1499.3213383296675
63_20240829 10,1824.4245116605207
63_20240829 11,1858.1262246576143
63_20240829 12,1900.5002170653893
63_20240829 13,1910.4178850224325
63_20240829 14,1933.2983092426118
63_20240829 15,1905.5972861261912
63_20240829 16,1908.899682494807
63_20240829 17,1874.5736577306502
63_20240829 18,1910.310263243312
63_20240829 19,1838.6173857106537
63_20240829 20,1782.5875670819
63_20240829 21,1568.5600186779172
63_20240829 22,1152.8208258879222
63_20240829 23,825.6746394087243
63_20240830 00,626.5619529270982
63_20240830 01,567.7479369503021
63_20240830 02,537.2227765244394
63_20240830 03,520.4951038252756
63_20240830 04,573.1511708587534
63_20240830 05,616.0930454525808
63_20240830 06,776.4679595539261
63_20240830 07,1100.714794692133
63_20240830 08,1274.498172235828
63_20240830 09,1554.5187529881996
63_20240830 10,1856.3960825161582
63_20240830 11,1865.397168727696
63_20240830 12,1924.2115934551803
63_20240830 13,1920.5954674997633
63_20240830 14,1928.1849405283006
63_20240830 15,1909.469678211887
63_20240830 16,1898.1283763980023
63_20240830 17,1859.6131404718242
63_20240830 18,1884.1076552695458
63_20240830 19,1835.2469046996769
63_20240830 20,1749.6226653888066
63_20240830 21,1522.2798365831081
63_20240830 22,1182.3052936441443
63_20240830 23,837.0186012082208
63_20240831 00,625.4758236024654
63_20240831 01,565.0992899449661
63_20240831 02,526.6602109393748
63_20240831 03,519.0120564468414
63_20240831 04,574.2390846046184
63_20240831 05,626.9202081454275
63_20240831 06,773.9665639464235
63_20240831 07,1045.7359750024898
63_20240831 08,1237.9352791009446
63_20240831 09,1484.165409539125
63_20240831 10,1855.732498340064
63_20240831 11,1897.093940851398
63_20240831 12,1958.526919194455
63_20240831 13,1972.1219192213437
63_20240831 14,2003.68907191485
63_20240831 15,1979.485752186853
63_20240831 16,1976.1301048146581
63_20240831 17,1923.3239631903455
63_20240831 18,1938.9210341367464
63_20240831 19,1863.5533876019363
63_20240831 20,1773.5021041123227
63_20240831 21,1541.0574397776609
63_20240831 22,1177.5052039043508
63_20240831 23,818.9468984456091
64_20240825 00,10836.808596792122
64_20240825 01,10842.626917129677
64_20240825 02,10814.657622415529
64_20240825 03,10803.56118434581
64_20240825 04,10797.813334848282
64_20240825 05,10744.119294103537
64_20240825 06,10704.77020391123
64_20240825 07,10674.022795094887
64_20240825 08,10628.847693077718
64_20240825 09,10654.347529445324
64_20240825 10,10644.939836280042
64_20240825 11,10630.277689709896
64_20240825 12,10602.407882698499
64_20240825 13,10593.331508014278
64_20240825 14,10620.313703235312
64_20240825 15,10637.317639105026
64_20240825 16,10657.559889775035
64_20240825 17,10662.151249296807
64_20240825 18,10671.128698613222
64_20240825 19,10669.45601565714
64_20240825 20,10654.255817078229
64_20240825 21,10640.354590925279
64_20240825 22,10637.56967346827
64_20240825 23,10633.047863189287
64_20240826 00,10628.51682869765
64_20240826 01,10633.6423169789
64_20240826 02,10619.624457187032
64_20240826 03,10624.999129671185
64_20240826 04,10611.447311018876
64_20240826 05,10614.015020124702
64_20240826 06,10616.906874746888
64_20240826 07,10608.389777722368
64_20240826 08,10595.039095366965
64_20240826 09,11002.005488542593
64_20240826 10,11380.135640894976
64_20240826 11,11330.48758511392
64_20240826 12,10842.079841678102
64_20240826 13,10930.597058000898
64_20240826 14,11160.148791257589
64_20240826 15,11604.820373682938
64_20240826 16,11644.870961349752
64_20240826 17,11521.454390158739
64_20240826 18,11264.798628811937
64_20240826 19,11284.50867318494
64_20240826 20,11087.02299698122
64_20240826 21,11053.170692430485
64_20240826 22,11032.688879848642
64_20240826 23,10922.002430238834
64_20240827 00,10865.768223327224
64_20240827 01,10855.433852557755
64_20240827 02,10843.770390365138
64_20240827 03,10851.894231770686
64_20240827 04,10847.22892700417
64_20240827 05,10845.748816342873
64_20240827 06,10816.48331453875
64_20240827 07,10811.688458642304
64_20240827 08,10807.654701768732
64_20240827 09,11397.821908318827
64_20240827 10,11630.237042781962
64_20240827 11,11513.964095228506
64_20240827 12,11139.52775008907
64_20240827 13,10904.735507473997
64_20240827 14,11396.556952073148
64_20240827 15,11572.988916330658
64_20240827 16,11553.17965622435
64_20240827 17,11571.975350952858
64_20240827 18,11293.292321956305
64_20240827 19,11189.685639525425
64_20240827 20,11168.179473182605
64_20240827 21,11093.547901980077
64_20240827 22,11055.037490076127
64_20240827 23,11041.773673181808
64_20240828 00,11037.64599659326
64_20240828 01,11038.2984287878
64_20240828 02,10981.382277344084
64_20240828 03,10977.679627012647
64_20240828 04,10916.303038550057
64_20240828 05,10881.478751000042
64_20240828 06,10881.478751000042
64_20240828 07,10890.121189316636
64_20240828 08,10805.191770442396
64_20240828 09,11377.042663625343
64_20240828 10,11679.042801525482
64_20240828 11,11553.265516481046
64_20240828 12,11143.191185951078
64_20240828 13,10993.497253452415
64_20240828 14,11567.155683411522
64_20240828 15,11730.652819031271
64_20240828 16,11742.157457703146
64_20240828 17,11736.22105183323
64_20240828 18,11336.587324970595
64_20240828 19,11170.204579367073
64_20240828 20,11146.12572490667
64_20240828 21,11197.747047477926
64_20240828 22,11130.044077385683
64_20240828 23,11020.785950192487
64_20240829 00,11043.960589980526
64_20240829 01,11023.464989595293
64_20240829 02,11013.549826958748
64_20240829 03,10966.140139720444
64_20240829 04,10943.672077887277
64_20240829 05,10922.805300069856
64_20240829 06,10919.167828455746
64_20240829 07,10911.956369217014
64_20240829 08,10899.840385440053
64_20240829 09,11451.55851211381
64_20240829 10,11653.3415805443
64_20240829 11,11559.801926336026
64_20240829 12,11115.598188704871
64_20240829 13,11104.381445297482
64_20240829 14,11635.943264239957
64_20240829 15,11599.512468031671
64_20240829 16,11582.939774339742
64_20240829 17,11595.380243404721
64_20240829 18,11267.652297238206
64_20240829 19,11171.077171567775
64_20240829 20,11125.148763654754
64_20240829 21,11096.412650893393
64_20240829 22,11062.893462561005
64_20240829 23,11053.709068079568
64_20240830 00,11003.586592088548
64_20240830 01,10982.756279602976
64_20240830 02,10922.826476395605
64_20240830 03,10925.21373451354
64_20240830 04,10894.156891543611
64_20240830 05,10867.248417400326
64_20240830 06,10866.097538494076
64_20240830 07,10802.22136011388
64_20240830 08,10783.524312168236
64_20240830 09,11333.189684537589
64_20240830 10,11550.332207739437
64_20240830 11,11522.941854177483
64_20240830 12,11282.360292672776
64_20240830 13,11182.683178965533
64_20240830 14,11428.770359541166
64_20240830 15,11624.640000174219
64_20240830 16,11637.505225421799
64_20240830 17,11571.784004810394
64_20240830 18,11455.690893803265
64_20240830 19,11297.341976590014
64_20240830 20,11162.79341171129
64_20240830 21,11138.465606339745
64_20240830 22,11074.98743450461
64_20240830 23,11063.942103843501
64_20240831 00,10930.781319665752
64_20240831 01,10930.490950481806
64_20240831 02,10904.547417337752
64_20240831 03,10900.852880389744
64_20240831 04,10899.724209150805
64_20240831 05,10883.58190626611
64_20240831 06,10866.58888875652
64_20240831 07,10826.93742831799
64_20240831 08,10786.392367064942
64_20240831 09,10997.94873927719
64_20240831 10,11088.578590152149
64_20240831 11,11011.82298761468
64_20240831 12,10896.064922476893
64_20240831 13,10755.632623260319
64_20240831 14,10684.176338036552
64_20240831 15,10755.102411797083
64_20240831 16,10778.44930564913
64_20240831 17,10827.471514427896
64_20240831 18,10840.48379872059
64_20240831 19,10846.479818485637
64_20240831 20,10842.309527849313
64_20240831 21,10827.643268815089
64_20240831 22,10797.265822969832
64_20240831 23,10797.265822969832
65_20240825 00,36.055785421862126
65_20240825 01,29.151446176775558
65_20240825 02,24.264017545854237
65_20240825 03,22.276803486751007
65_20240825 04,20.94709472026345
65_20240825 05,19.23722878866932
65_20240825 06,19.774451994284412
65_20240825 07,25.451557972101554
65_20240825 08,34.585734602029724
65_20240825 09,51.15220572357231
65_20240825 10,54.72788146720082
65_20240825 11,53.760526671059026
65_20240825 12,51.06964837610946
65_20240825 13,45.058758980813394
65_20240825 14,40.53025996776322
65_20240825 15,37.026959296609284
65_20240825 16,36.72624037649581
65_20240825 17,42.02671179554375
65_20240825 18,45.880716208385046
65_20240825 19,51.063319809969116
65_20240825 20,60.104096265368014
65_20240825 21,61.23106800853664
65_20240825 22,57.97899263765232
65_20240825 23,45.45885999906379
65_20240826 00,34.47009472026243
65_20240826 01,27.251427518722366
65_20240826 02,23.096086083015273
65_20240826 03,22.010820180767787
65_20240826 04,20.718635883978827
65_20240826 05,20.5029035831608
65_20240826 06,28.62615394591604
65_20240826 07,57.92034083870218
65_20240826 08,51.0813509977157
65_20240826 09,41.26992834347657
65_20240826 10,37.07369425050966
65_20240826 11,33.0150467225707
65_20240826 12,30.657107087757495
65_20240826 13,31.642915018911594
65_20240826 14,29.66560830561497
65_20240826 15,28.533212325597027
65_20240826 16,28.746313718852353
65_20240826 17,33.30410658909129
65_20240826 18,38.36617077839002
65_20240826 19,46.15172991255365
65_20240826 20,55.897124367911076
65_20240826 21,59.716853367228126
65_20240826 22,58.58000520146503
65_20240826 23,47.95586160370299
65_20240827 00,34.47167484538623
65_20240827 01,27.041079966131228
65_20240827 02,23.07182636027435
65_20240827 03,21.203735816834584
65_20240827 04,20.545442772494482
65_20240827 05,19.550011109924192
65_20240827 06,26.611001917884675
65_20240827 07,52.47494081144936
65_20240827 08,49.37476389960966
65_20240827 09,37.16579652144002
65_20240827 10,34.32812993711936
65_20240827 11,31.57554689115163
65_20240827 12,29.76199350131373
65_20240827 13,30.571193044183417
65_20240827 14,26.81164928321465
65_20240827 15,26.967421075014403
65_20240827 16,27.589893871142237
65_20240827 17,32.951946736411614
65_20240827 18,37.448952188070116
65_20240827 19,46.525836353946005
65_20240827 20,58.11329428102441
65_20240827 21,59.82661033963179
65_20240827 22,58.54904862212211
65_20240827 23,50.38494275458847
65_20240828 00,36.02842143457147
65_20240828 01,27.654897802419747
65_20240828 02,23.245641211191
65_20240828 03,22.127580805471545
65_20240828 04,20.619309008562578
65_20240828 05,19.90811495793006
65_20240828 06,27.39726823000714
65_20240828 07,54.7710264172655
65_20240828 08,51.54045906435072
65_20240828 09,37.897907090041556
65_20240828 10,33.06695070459544
65_20240828 11,30.30087293375415
65_20240828 12,29.390387529913504
65_20240828 13,28.468246669905223
65_20240828 14,26.85734399228403
65_20240828 15,26.929581080975595
65_20240828 16,28.31075996929008
65_20240828 17,32.36631858362243
65_20240828 18,38.016345203610186
65_20240828 19,47.1554429902561
65_20240828 20,54.61357967840365
65_20240828 21,59.9165066446602
65_20240828 22,57.30293279030542
65_20240828 23,46.84541041931688
65_20240829 00,36.11492769025121
65_20240829 01,27.825131703708088
65_20240829 02,23.37792075491815
65_20240829 03,21.11959587561365
65_20240829 04,20.823943240560236
65_20240829 05,19.52386852588775
65_20240829 06,26.223632626563813
65_20240829 07,52.90774041751149
65_20240829 08,48.8427462513813
65_20240829 09,40.23075625281513
65_20240829 10,35.90150681694297
65_20240829 11,32.78217131416576
65_20240829 12,30.918792151418224
65_20240829 13,30.169192105968335
65_20240829 14,28.331880443797147
65_20240829 15,28.174576689676158
65_20240829 16,28.070086608238952
65_20240829 17,33.006503921712564
65_20240829 18,38.47958277754059
65_20240829 19,44.39193475212188
65_20240829 20,53.07701099594183
65_20240829 21,58.580055482740185
65_20240829 22,57.730794355892506
65_20240829 23,48.19456951319204
65_20240830 00,35.04654031795888
65_20240830 01,27.577100575435203
65_20240830 02,23.396840920129574
65_20240830 03,21.111638024120644
65_20240830 04,20.809335262945424
65_20240830 05,19.50960027790334
65_20240830 06,26.205711617939013
65_20240830 07,53.31064225113953
65_20240830 08,50.432057875786924
65_20240830 09,40.223752369281584
65_20240830 10,34.72581753211533
65_20240830 11,31.736167366181242
65_20240830 12,30.505230895096492
65_20240830 13,30.244550219093565
65_20240830 14,28.880401063573856
65_20240830 15,27.906237889440845
65_20240830 16,29.244571430098187
65_20240830 17,31.63146528768974
65_20240830 18,37.831121578658156
65_20240830 19,42.877118067144046
65_20240830 20,49.61127168727286
65_20240830 21,51.89580843939339
65_20240830 22,51.42952252622584
65_20240830 23,45.376901185975115
65_20240831 00,37.12067692311559
65_20240831 01,29.283591787380175
65_20240831 02,24.616955537168188
65_20240831 03,22.61646868423547
65_20240831 04,21.407933414644347
65_20240831 05,19.630634402437636
65_20240831 06,20.255867715906067
65_20240831 07,29.278958178665363
65_20240831 08,42.253436889102325
65_20240831 09,52.81454747295693
65_20240831 10,54.169937548810374
65_20240831 11,50.920512250778245
65_20240831 12,43.45248155943153
65_20240831 13,41.073365179885315
65_20240831 14,37.80414542808055
65_20240831 15,33.95728470220527
65_20240831 16,34.3022892581456
65_20240831 17,34.832327548127196
65_20240831 18,37.86987371155321
65_20240831 19,41.09077118575915
65_20240831 20,46.315082596159364
65_20240831 21,48.91271494318552
65_20240831 22,49.90164342220112
65_20240831 23,43.77770156438894
66_20240825 00,1664.4814022752207
66_20240825 01,1614.5862174324327
66_20240825 02,1597.0057756100364
66_20240825 03,1588.5879275878317
66_20240825 04,1553.6546686462063
66_20240825 05,1565.4733877296392
66_20240825 06,1624.6342074276884
66_20240825 07,1657.1533462840862
66_20240825 08,1780.3154100224879
66_20240825 09,2331.095479471429
66_20240825 10,2395.121577039683
66_20240825 11,2348.487632915053
66_20240825 12,2353.6694563853243
66_20240825 13,2354.513316133598
66_20240825 14,2345.461185362743
66_20240825 15,2368.8264897746967
66_20240825 16,2450.032653162709
66_20240825 17,2465.847531521699
66_20240825 18,2102.1794035863586
66_20240825 19,1743.1952695005323
66_20240825 20,1774.2780891862599
66_20240825 21,1759.76629132026
66_20240825 22,1677.3874587285754
66_20240825 23,1643.905226877665
66_20240826 00,1625.86525413682
66_20240826 01,1635.5811263055864
66_20240826 02,1620.6108912434474
66_20240826 03,1616.4932177293215
66_20240826 04,1598.1676679221468
66_20240826 05,1631.5647509934001
66_20240826 06,1836.9880511592687
66_20240826 07,2530.684192175053
66_20240826 08,2875.654369927123
66_20240826 09,2970.72442341078
66_20240826 10,2923.254247041147
66_20240826 11,2946.6419464919354
66_20240826 12,2950.972887552334
66_20240826 13,3044.3390927883747
66_20240826 14,3020.292482869787
66_20240826 15,3044.5408185379883
66_20240826 16,3066.330168721208
66_20240826 17,3069.5070361783937
66_20240826 18,3031.673288868363
66_20240826 19,2876.648300736763
66_20240826 20,2721.293998210594
66_20240826 21,2656.4942256033755
66_20240826 22,2122.116300438925
66_20240826 23,1700.7767949449078
66_20240827 00,1655.4111263544314
66_20240827 01,1722.6981811158826
66_20240827 02,1704.0727096552262
66_20240827 03,1724.5185565828774
66_20240827 04,1620.3422868217185
66_20240827 05,1718.4244909522245
66_20240827 06,1919.1699175310623
66_20240827 07,2504.075173988085
66_20240827 08,2831.018205917658
66_20240827 09,2930.2454839705083
66_20240827 10,2895.397408595167
66_20240827 11,2889.130628485006
66_20240827 12,2887.0380494128867
66_20240827 13,2985.8089398686243
66_20240827 14,2958.7896250402814
66_20240827 15,2951.929866237617
66_20240827 16,2954.760920847957
66_20240827 17,2990.580614752501
66_20240827 18,2974.075657110043
66_20240827 19,2786.4248442004055
66_20240827 20,2688.8045020581676
66_20240827 21,2584.831606532278
66_20240827 22,2121.4906101437246
66_20240827 23,1684.9534755604404
66_20240828 00,1583.9615047160587
66_20240828 01,1558.231302972507
66_20240828 02,1567.261972310014
66_20240828 03,1550.3498342156822
66_20240828 04,1503.2730516225988
66_20240828 05,1540.5207126532114
66_20240828 06,1719.4605102570106
66_20240828 07,2385.7118823079945
66_20240828 08,2760.788136331221
66_20240828 09,2863.3943549402165
66_20240828 10,2846.40020663455
66_20240828 11,2874.7345507739064
66_20240828 12,2876.627786784164
66_20240828 13,2954.2999970904657
66_20240828 14,2960.5099912789747
66_20240828 15,2970.1566719145817
66_20240828 16,2977.799596452678
66_20240828 17,2994.669434116457
66_20240828 18,2935.1768718623525
66_20240828 19,2489.3845071827504
66_20240828 20,2135.4686750282654
66_20240828 21,2044.2677633013743
66_20240828 22,1897.3487593560374
66_20240828 23,1684.4128199709792
66_20240829 00,1635.7730296609984
66_20240829 01,1633.840073977824
66_20240829 02,1640.2940541212806
66_20240829 03,1598.1672601598993
66_20240829 04,1529.4626768836442
66_20240829 05,1576.5254000859752
66_20240829 06,1801.3727561546125
66_20240829 07,2436.144895372629
66_20240829 08,2793.8944775156638
66_20240829 09,2899.0729434395075
66_20240829 10,2858.446948200171
66_20240829 11,2867.378135830597
66_20240829 12,2876.3110809289365
66_20240829 13,2964.622947889854
66_20240829 14,2977.2609432497757
66_20240829 15,2919.6430194383975
66_20240829 16,2938.5892486769035
66_20240829 17,2965.5714000277812
66_20240829 18,2958.879139666201
66_20240829 19,2770.9876790185385
66_20240829 20,2638.943038320168
66_20240829 21,2535.1201490792578
66_20240829 22,2065.1099790982303
66_20240829 23,1711.1454344082472
66_20240830 00,1629.71605309193
66_20240830 01,1600.5595308490558
66_20240830 02,1547.1749012390633
66_20240830 03,1562.889669165715
66_20240830 04,1566.621091228479
66_20240830 05,1532.046991242611
66_20240830 06,1706.4126151440817
66_20240830 07,2386.225223775359
66_20240830 08,2710.342390119769
66_20240830 09,2827.978244638759
66_20240830 10,2802.5561808653583
66_20240830 11,2817.8382436167867
66_20240830 12,2815.067839396086
66_20240830 13,2920.0309375550514
66_20240830 14,2905.6620685602065
66_20240830 15,2887.3606214629467
66_20240830 16,2902.0584081448033
66_20240830 17,2934.0777880726837
66_20240830 18,2859.657644264276
66_20240830 19,2602.552146733322
66_20240830 20,2481.634212019272
66_20240830 21,2385.6429562424137
66_20240830 22,1929.7687054015728
66_20240830 23,1582.9928350418672
66_20240831 00,1545.0337650028066
66_20240831 01,1540.672847626281
66_20240831 02,1528.6772511610486
66_20240831 03,1506.4050178458056
66_20240831 04,1478.1614530525958
66_20240831 05,1471.7983898126959
66_20240831 06,1495.270037058071
66_20240831 07,1505.9938414013932
66_20240831 08,1588.6886551098505
66_20240831 09,2117.9086922645474
66_20240831 10,2166.7266186118186
66_20240831 11,2266.6273023135777
66_20240831 12,2260.7274014012582
66_20240831 13,2277.0359041043353
66_20240831 14,2312.696425415802
66_20240831 15,2334.586874607519
66_20240831 16,2344.793400466684
66_20240831 17,2388.4543625017714
66_20240831 18,2034.4163914537498
66_20240831 19,1679.315182260419
66_20240831 20,1678.299073727087
66_20240831 21,1644.5774821529394
66_20240831 22,1629.241549001772
66_20240831 23,1604.643785617774
67_20240825 00,10789.674689576006
67_20240825 01,10823.21668001691
67_20240825 02,10781.994710738392
67_20240825 03,10789.31584659942
67_20240825 04,10780.906852752463
67_20240825 05,10710.726555235819
67_20240825 06,10706.498355118749
67_20240825 07,10775.350805347221
67_20240825 08,10778.531469409721
67_20240825 09,10780.656225269096
67_20240825 10,10837.30493123381
67_20240825 11,10843.774728779135
67_20240825 12,10867.158602835641
67_20240825 13,10874.666009093387
67_20240825 14,10922.824379192203
67_20240825 15,10893.321693645328
67_20240825 16,10895.611531585884
67_20240825 17,10871.975437483696
67_20240825 18,10868.465573758847
67_20240825 19,10869.117721184833
67_20240825 20,10865.321344331853
67_20240825 21,10834.686000364158
67_20240825 22,10833.417689817283
67_20240825 23,10841.843487648975
67_20240826 00,10803.803410725122
67_20240826 01,10796.16916785017
67_20240826 02,10795.85901043228
67_20240826 03,10781.365066890114
67_20240826 04,10775.342196961497
67_20240826 05,10783.52924199585
67_20240826 06,11015.944569019422
67_20240826 07,11138.203606317178
67_20240826 08,11169.958116395439
67_20240826 09,11288.299811222252
67_20240826 10,11461.225654202583
67_20240826 11,11404.078924542053
67_20240826 12,11410.069569795169
67_20240826 13,11427.073636759133
67_20240826 14,11479.813424652062
67_20240826 15,11443.127530569327
67_20240826 16,11436.581037136739
67_20240826 17,11403.705635897804
67_20240826 18,11209.487562349257
67_20240826 19,11073.145509999658
67_20240826 20,10957.689340332046
67_20240826 21,10933.557106865444
67_20240826 22,10876.58472925955
67_20240826 23,10861.738384402513
67_20240827 00,10811.685745716371
67_20240827 01,10816.631940965974
67_20240827 02,10820.655490544772
67_20240827 03,10806.941656112642
67_20240827 04,10776.18762358456
67_20240827 05,10816.182906602075
67_20240827 06,11011.376869816968
67_20240827 07,11170.73666279707
67_20240827 08,11168.069226234818
67_20240827 09,11261.778791875326
67_20240827 10,11357.908429548697
67_20240827 11,11352.0348389704
67_20240827 12,11337.207546035705
67_20240827 13,11358.835864361025
67_20240827 14,11435.220322285024
67_20240827 15,11371.218826937746
67_20240827 16,11482.156695304338
67_20240827 17,11474.675401258904
67_20240827 18,11191.875208420644
67_20240827 19,11040.412173262328
67_20240827 20,10939.180054477667
67_20240827 21,10915.047663248544
67_20240827 22,10842.246772936742
67_20240827 23,10838.752707476417
67_20240828 00,10779.25180098601
67_20240828 01,10792.84521803255
67_20240828 02,10810.767754771787
67_20240828 03,10782.727147322068
67_20240828 04,10757.886354830547
67_20240828 05,10753.767494390682
67_20240828 06,10954.229634610385
67_20240828 07,11106.532702575576
67_20240828 08,11158.601698100618
67_20240828 09,11299.740440659585
67_20240828 10,11350.16888597947
67_20240828 11,11346.203769426513
67_20240828 12,11344.183605260207
67_20240828 13,11369.991314996681
67_20240828 14,11400.57593526068
67_20240828 15,11383.707563792264
67_20240828 16,11476.664023923042
67_20240828 17,11473.720973162823
67_20240828 18,11219.71143393557
67_20240828 19,11026.59863245198
67_20240828 20,10897.927836103172
67_20240828 21,10872.81980821817
67_20240828 22,10820.69601076928
67_20240828 23,10815.444223949784
67_20240829 00,10787.340201203879
67_20240829 01,10815.286517358292
67_20240829 02,10791.902468980079
67_20240829 03,10789.592317014572
67_20240829 04,10795.176060144315
67_20240829 05,10806.985421902911
67_20240829 06,11013.352372171797
67_20240829 07,11169.094474302072
67_20240829 08,11215.377133423914
67_20240829 09,11306.786546066476
67_20240829 10,11350.39297613416
67_20240829 11,11407.169575138263
67_20240829 12,11370.333801442164
67_20240829 13,11445.329085045854
67_20240829 14,11444.606853813484
67_20240829 15,11389.917958040205
67_20240829 16,11464.821446000456
67_20240829 17,11477.306538626066
67_20240829 18,11227.568898472391
67_20240829 19,11033.179880796433
67_20240829 20,10964.72363242697
67_20240829 21,10904.288053951681
67_20240829 22,10873.438058525051
67_20240829 23,10836.507898653825
67_20240830 00,10715.2002532192
67_20240830 01,10775.085046979948
67_20240830 02,10773.21662660302
67_20240830 03,10776.312570793916
67_20240830 04,10776.005970167156
67_20240830 05,10750.37366360613
67_20240830 06,10905.8789407532
67_20240830 07,11042.607282602914
67_20240830 08,11088.50887644872
67_20240830 09,11178.927192670284
67_20240830 10,11294.653073645622
67_20240830 11,11301.610138631444
67_20240830 12,11292.13265521999
67_20240830 13,11381.800959035383
67_20240830 14,11383.526544972883
67_20240830 15,11356.965445883237
67_20240830 16,11488.778161039387
67_20240830 17,11487.723582817664
67_20240830 18,11148.19676968854
67_20240830 19,10961.805139499116
67_20240830 20,10857.24221340728
67_20240830 21,10833.338584668212
67_20240830 22,10798.981891551428
67_20240830 23,10795.307358793465
67_20240831 00,10758.155428829254
67_20240831 01,10776.962087615182
67_20240831 02,10743.100525595459
67_20240831 03,10704.866737667748
67_20240831 04,10689.211220089623
67_20240831 05,10613.111101996714
67_20240831 06,10604.659455415382
67_20240831 07,10645.229854934565
67_20240831 08,10687.37091349811
67_20240831 09,10764.547257606726
67_20240831 10,10771.745332784067
67_20240831 11,10779.750271551518
67_20240831 12,10882.962582641925
67_20240831 13,10835.202469630785
67_20240831 14,10885.593416170748
67_20240831 15,10866.056795076998
67_20240831 16,10880.721383352593
67_20240831 17,10869.900032341011
67_20240831 18,10812.400992565823
67_20240831 19,10763.215676353719
67_20240831 20,10749.979983784855
67_20240831 21,10758.9496452491
67_20240831 22,10736.279841167508
67_20240831 23,10763.206031931997
68_20240825 00,2053.3979792225227
68_20240825 01,2048.413952922211
68_20240825 02,1983.5870399069017
68_20240825 03,1892.3669123764998
68_20240825 04,1758.6558801103902
68_20240825 05,1599.829495145326
68_20240825 06,1576.5498915303565
68_20240825 07,1471.0391205187386
68_20240825 08,1473.1030838639037
68_20240825 09,1566.3314276171968
68_20240825 10,1620.1180704182138
68_20240825 11,1621.3631348744852
68_20240825 12,1651.5810787206449
68_20240825 13,1661.513817632384
68_20240825 14,1674.8068525697863
68_20240825 15,1689.7758734390693
68_20240825 16,1681.7829159588744
68_20240825 17,1648.8761630830413
68_20240825 18,1538.9491722730781
68_20240825 19,1450.1336508061863
68_20240825 20,1484.0935852839016
68_20240825 21,1486.200390103464
68_20240825 22,1777.9480405045697
68_20240825 23,1838.5344610378281
68_20240826 00,1848.8854570921214
68_20240826 01,1805.0838202003727
68_20240826 02,1780.8195919221869
68_20240826 03,1685.6081935450497
68_20240826 04,1629.4481937091803
68_20240826 05,1595.3541780107762
68_20240826 06,1654.9065343183997
68_20240826 07,1970.9798724109642
68_20240826 08,2599.3381365530904
68_20240826 09,3029.582405015506
68_20240826 10,3216.580072801111
68_20240826 11,3359.083314783773
68_20240826 12,3329.295422721821
68_20240826 13,3469.9570005288015
68_20240826 14,3475.1845906229587
68_20240826 15,3480.2783695597586
68_20240826 16,3469.8281925648143
68_20240826 17,3261.343087145562
68_20240826 18,2323.9459276226685
68_20240826 19,1903.2928586837395
68_20240826 20,1778.5446317153103
68_20240826 21,1674.9547576862706
68_20240826 22,2079.894899807862
68_20240826 23,2268.699868054755
68_20240827 00,2242.8673663326135
68_20240827 01,2208.038652676405
68_20240827 02,2178.348820026912
68_20240827 03,2145.9798168714624
68_20240827 04,2134.7034090149773
68_20240827 05,2155.149357296121
68_20240827 06,2186.5268098555293
68_20240827 07,2064.678690628645
68_20240827 08,2599.1400420547343
68_20240827 09,2987.1921836021347
68_20240827 10,3152.326193198082
68_20240827 11,3229.3029419546338
68_20240827 12,3194.017020379193
68_20240827 13,3355.168622359327
68_20240827 14,3416.739203154193
68_20240827 15,3376.323236302421
68_20240827 16,3316.850886715296
68_20240827 17,3095.102124213557
68_20240827 18,2318.514675074806
68_20240827 19,1968.2787598855136
68_20240827 20,1819.7072910484053
68_20240827 21,1723.4251649133341
68_20240827 22,1924.1945069787935
68_20240827 23,2142.2741459810595
68_20240828 00,2121.265326030917
68_20240828 01,2105.1123617646895
68_20240828 02,2063.288501222616
68_20240828 03,1968.8317485746545
68_20240828 04,1944.9324047709956
68_20240828 05,1940.3668069746468
68_20240828 06,2070.4364702662215
68_20240828 07,2031.8039711897873
68_20240828 08,2428.0052716703563
68_20240828 09,2910.716106650782
68_20240828 10,3083.999968393096
68_20240828 11,3203.995405662351
68_20240828 12,3244.8015650941998
68_20240828 13,3311.3558785076284
68_20240828 14,3340.199246999432
68_20240828 15,3373.2035620199613
68_20240828 16,3352.18543333235
68_20240828 17,3086.450293619985
68_20240828 18,2255.5224583530535
68_20240828 19,1849.419571716955
68_20240828 20,1730.4185690272388
68_20240828 21,1640.9636857321343
68_20240828 22,2011.0758734139197
68_20240828 23,2201.705049108053
68_20240829 00,2155.1768151153265
68_20240829 01,2140.4334053677994
68_20240829 02,2059.3696163196996
68_20240829 03,1912.4369398459053
68_20240829 04,1838.3685962127706
68_20240829 05,1868.082158669787
68_20240829 06,1937.3308381380548
68_20240829 07,1941.7981553743841
68_20240829 08,2406.687648445435
68_20240829 09,2847.443441547857
68_20240829 10,3052.3198617895664
68_20240829 11,3225.714394405596
68_20240829 12,3241.583878604867
68_20240829 13,3354.595855729867
68_20240829 14,3349.300597339261
68_20240829 15,3332.3585006085596
68_20240829 16,3310.1421041540216
68_20240829 17,2997.264123102837
68_20240829 18,2178.2799923919365
68_20240829 19,1738.6026683465113
68_20240829 20,1569.1334386867966
68_20240829 21,1521.717075279225
68_20240829 22,2008.5742075965786
68_20240829 23,2086.2094271627475
68_20240830 00,2052.1769643010157
68_20240830 01,2004.475977734342
68_20240830 02,1856.8042725233245
68_20240830 03,1675.8769969756063
68_20240830 04,1657.965174538957
68_20240830 05,1658.4757082532499
68_20240830 06,1852.1428629631503
68_20240830 07,1887.475223548543
68_20240830 08,2408.2673703364126
68_20240830 09,2812.358590195567
68_20240830 10,3101.0370506630707
68_20240830 11,3197.595521551332
68_20240830 12,3200.757506121049
68_20240830 13,3309.7907281935686
68_20240830 14,3313.5473725332113
68_20240830 15,3309.2075243772892
68_20240830 16,3284.690607248651
68_20240830 17,3111.9764842766826
68_20240830 18,2183.570714424288
68_20240830 19,1773.0329683349105
68_20240830 20,1646.6749785118486
68_20240830 21,1500.4047861613449
68_20240830 22,1792.1805284413745
68_20240830 23,2028.005111185476
68_20240831 00,1977.6888896111038
68_20240831 01,1970.1749043580041
68_20240831 02,1817.166935611379
68_20240831 03,1718.5377884241038
68_20240831 04,1718.6996004974537
68_20240831 05,1645.2037425879964
68_20240831 06,1641.425815402003
68_20240831 07,1594.549327311256
68_20240831 08,1452.33207570597
68_20240831 09,1504.7115496316524
68_20240831 10,1567.9604340093056
68_20240831 11,1560.1842083301888
68_20240831 12,1560.1359578319048
68_20240831 13,1592.1385614079638
68_20240831 14,1595.9459956969495
68_20240831 15,1627.9223101715022
68_20240831 16,1641.5904807365694
68_20240831 17,1592.5064413024757
68_20240831 18,1485.1563850080324
68_20240831 19,1437.3653534401392
68_20240831 20,1433.9200756975688
68_20240831 21,1417.011205501586
68_20240831 22,1799.0532816958403
68_20240831 23,1900.403718413419
69_20240825 00,7550.209999055079
69_20240825 01,7509.841595227232
69_20240825 02,7481.846592894264
69_20240825 03,7463.879098528038
69_20240825 04,7445.953546162927
69_20240825 05,7424.956213289153
69_20240825 06,7412.267249018083
69_20240825 07,7404.2161847240295
69_20240825 08,7320.940714433955
69_20240825 09,7478.374106409741
69_20240825 10,7553.784040005452
69_20240825 11,7590.961715825545
69_20240825 12,7788.142671941941
69_20240825 13,7731.764430375164
69_20240825 14,7784.718551027234
69_20240825 15,7803.709945567794
69_20240825 16,7962.421658170506
69_20240825 17,8075.178368866926
69_20240825 18,7974.043309779146
69_20240825 19,7855.975225326863
69_20240825 20,7790.378978339747
69_20240825 21,7772.040491021474
69_20240825 22,7659.898659006147
69_20240825 23,7562.651527239552
69_20240826 00,7611.403121363524
69_20240826 01,7607.6080673592505
69_20240826 02,7568.909916968962
69_20240826 03,7525.299087872958
69_20240826 04,7506.024217976383
69_20240826 05,7607.861351181905
69_20240826 06,8449.14668679782
69_20240826 07,9339.785743850092
69_20240826 08,9710.361802739204
69_20240826 09,10105.323884886664
69_20240826 10,10132.24250235855
69_20240826 11,10112.184358440732
69_20240826 12,10130.456299350477
69_20240826 13,10133.751786954188
69_20240826 14,10105.394029854124
69_20240826 15,10090.85630122478
69_20240826 16,10159.932692668477
69_20240826 17,10066.527276178122
69_20240826 18,9721.392359027865
69_20240826 19,9247.978477989493
69_20240826 20,8783.949936584962
69_20240826 21,8366.591170860716
69_20240826 22,7987.926985399021
69_20240826 23,7789.461654647506
69_20240827 00,7740.385387854776
69_20240827 01,7614.590777371231
69_20240827 02,7582.789289841085
69_20240827 03,7539.351413841814
69_20240827 04,7474.453031754527
69_20240827 05,7506.793830519281
69_20240827 06,8351.795809576577
69_20240827 07,9285.016171285466
69_20240827 08,9622.78641733736
69_20240827 09,9892.389238956803
69_20240827 10,9881.461449772862
69_20240827 11,9906.920634427279
69_20240827 12,9856.236530564187
69_20240827 13,9976.781318119309
69_20240827 14,9952.276211777378
69_20240827 15,9952.871482394086
69_20240827 16,9824.115649511668
69_20240827 17,9889.616395835797
69_20240827 18,9389.473060864197
69_20240827 19,8920.522259757085
69_20240827 20,8573.316092798888
69_20240827 21,8183.317554586231
69_20240827 22,7646.561302807027
69_20240827 23,7371.762537267306
69_20240828 00,7309.679479722796
69_20240828 01,7191.081877634582
69_20240828 02,7136.000371274604
69_20240828 03,7123.420030173757
69_20240828 04,7083.115782743105
69_20240828 05,7094.5866265986515
69_20240828 06,7850.154026494751
69_20240828 07,8650.608444035735
69_20240828 08,9071.22358962414
69_20240828 09,9693.512146192961
69_20240828 10,9855.75512923106
69_20240828 11,9994.186203950927
69_20240828 12,9925.871115964293
69_20240828 13,10025.456670016
69_20240828 14,9930.690230532655
69_20240828 15,9987.916403940984
69_20240828 16,9995.339018506964
69_20240828 17,10041.487882592563
69_20240828 18,9567.96318512766
69_20240828 19,9025.87859305628
69_20240828 20,8489.400719354064
69_20240828 21,8029.444040479865
69_20240828 22,7571.318410123378
69_20240828 23,7422.243457825329
69_20240829 00,7317.061734507584
69_20240829 01,7226.050411829187
69_20240829 02,7137.9637419429855
69_20240829 03,6999.283893079385
69_20240829 04,6923.749041580282
69_20240829 05,6926.694147294365
69_20240829 06,7688.673983116819
69_20240829 07,8520.936533444696
69_20240829 08,8995.419468257729
69_20240829 09,9681.283409435451
69_20240829 10,9739.436370975254
69_20240829 11,9804.18416084236
69_20240829 12,9812.49257309614
69_20240829 13,9863.844510167435
69_20240829 14,9908.119944966717
69_20240829 15,9867.364365765388
69_20240829 16,9934.465898825048
69_20240829 17,9937.37663472698
69_20240829 18,9375.292190865857
69_20240829 19,8917.621997158743
69_20240829 20,8387.524950735084
69_20240829 21,7922.396102560465
69_20240829 22,7530.030034004252
69_20240829 23,7299.572057844
69_20240830 00,7200.657646317076
69_20240830 01,7131.23118164882
69_20240830 02,7063.131798234477
69_20240830 03,6963.5602498873905
69_20240830 04,6889.850039282393
69_20240830 05,6911.423434942891
69_20240830 06,7664.292420582215
69_20240830 07,8568.811125040134
69_20240830 08,9223.307030332257
69_20240830 09,9780.57904351845
69_20240830 10,9791.091080054279
69_20240830 11,9873.974712073406
69_20240830 12,9816.896380122715
69_20240830 13,9801.437459105913
69_20240830 14,9815.52060631403
69_20240830 15,9817.575185832842
69_20240830 16,9875.148645317027
69_20240830 17,9829.74039296402
69_20240830 18,9092.187918379846
69_20240830 19,8496.802916305853
69_20240830 20,7958.92205082884
69_20240830 21,7662.125925496208
69_20240830 22,7295.966453124044
69_20240830 23,7138.294912335665
69_20240831 00,7060.586921862643
69_20240831 01,7011.225256129643
69_20240831 02,6966.6193464918
69_20240831 03,6905.395855573357
69_20240831 04,6902.668752783644
69_20240831 05,6903.732212658856
69_20240831 06,6930.42787422612
69_20240831 07,6993.425984476655
69_20240831 08,7030.133114992268
69_20240831 09,7212.550539629889
69_20240831 10,7128.714698427325
69_20240831 11,7168.468129234208
69_20240831 12,7206.497638842815
69_20240831 13,7308.950381349671
69_20240831 14,7401.035134375448
69_20240831 15,7482.91300937196
69_20240831 16,7544.294020257723
69_20240831 17,7569.105022757443
69_20240831 18,7497.6576145165545
69_20240831 19,7412.163479557387
69_20240831 20,7411.432324839014
69_20240831 21,7411.201409013457
69_20240831 22,7281.400975800231
69_20240831 23,7255.836021449952
70_20240825 00,3081.368336258629
70_20240825 01,2466.9498728543663
70_20240825 02,2172.8408387066647
70_20240825 03,1912.5439558871853
70_20240825 04,1797.2978752784247
70_20240825 05,1737.3978009082027
70_20240825 06,1765.675798076929
70_20240825 07,2026.138502115477
70_20240825 08,2559.377752545409
70_20240825 09,3017.854821652997
70_20240825 10,3322.0009324508487
70_20240825 11,3484.7233870757345
70_20240825 12,3554.631927104977
70_20240825 13,3571.516496218692
70_20240825 14,3590.964800719081
70_20240825 15,3602.981098047365
70_20240825 16,3616.1154992265965
70_20240825 17,3693.0654807176243
70_20240825 18,3856.937001934984
70_20240825 19,3955.0138691898856
70_20240825 20,4194.788887377393
70_20240825 21,4152.987261704621
70_20240825 22,3897.6228940376623
70_20240825 23,3505.2849493537224
70_20240826 00,2882.3707316702285
70_20240826 01,2339.969176884296
70_20240826 02,2040.6035239187627
70_20240826 03,1856.442165385136
70_20240826 04,1762.8097957363982
70_20240826 05,1695.181339900691
70_20240826 06,1823.512060766861
70_20240826 07,2309.6135587917506
70_20240826 08,2781.5358721835755
70_20240826 09,2883.1395221758416
70_20240826 10,2962.1541583392545
70_20240826 11,2971.539503267517
70_20240826 12,3041.365117336021
70_20240826 13,3059.2974895272478
70_20240826 14,3147.631035914739
70_20240826 15,3267.313988728708
70_20240826 16,3326.7233550565124
70_20240826 17,3515.948604070578
70_20240826 18,3885.304686963007
70_20240826 19,4102.0524046537
70_20240826 20,4229.76139670827
70_20240826 21,4198.31178245744
70_20240826 22,4043.9721523404023
70_20240826 23,3654.2446469344663
70_20240827 00,2990.430796039128
70_20240827 01,2356.315986272487
70_20240827 02,2038.963414242145
70_20240827 03,1860.9702627982504
70_20240827 04,1781.7950214032112
70_20240827 05,1712.479468599045
70_20240827 06,1799.0805213602357
70_20240827 07,2292.4695100504887
70_20240827 08,2727.0453634777077
70_20240827 09,2844.1709442007505
70_20240827 10,2776.9162469940325
70_20240827 11,2793.168249517389
70_20240827 12,2856.760065215351
70_20240827 13,2904.0681926538336
70_20240827 14,2871.789057622978
70_20240827 15,2905.1690838389436
70_20240827 16,3022.364145191368
70_20240827 17,3139.007512869747
70_20240827 18,3322.476931963656
70_20240827 19,3590.65590917303
70_20240827 20,3752.375538913985
70_20240827 21,3809.364665536431
70_20240827 22,3643.4731990956293
70_20240827 23,3293.1397367138534
70_20240828 00,2635.175249989702
70_20240828 01,2149.6785060533134
70_20240828 02,1847.6041057333057
70_20240828 03,1690.22454168335
70_20240828 04,1605.7679657071412
70_20240828 05,1559.7220550581715
70_20240828 06,1682.7611447235356
70_20240828 07,2156.3617419237257
70_20240828 08,2516.6237312016647
70_20240828 09,2518.6975766932583
70_20240828 10,2525.0475130151854
70_20240828 11,2438.0220408967944
70_20240828 12,2528.442434630547
70_20240828 13,2663.612092829141
70_20240828 14,2782.853569734534
70_20240828 15,2823.622957690751
70_20240828 16,2841.688239520706
70_20240828 17,3054.299849746303
70_20240828 18,3321.0641788203575
70_20240828 19,3492.8212164963243
70_20240828 20,3541.376104176973
70_20240828 21,3570.2836203005368
70_20240828 22,3476.8446120530443
70_20240828 23,3159.9047327836074
70_20240829 00,2592.9214063982736
70_20240829 01,2120.3543104008354
70_20240829 02,1874.2243317902626
70_20240829 03,1692.0077358168787
70_20240829 04,1635.105724893985
70_20240829 05,1581.3853870330518
70_20240829 06,1686.9492718993529
70_20240829 07,2135.3539454762545
70_20240829 08,2446.230912147794
70_20240829 09,2482.3260990856515
70_20240829 10,2491.9677672231396
70_20240829 11,2471.284915737183
70_20240829 12,2575.045340594553
70_20240829 13,2629.4579766629454
70_20240829 14,2659.312798346855
70_20240829 15,2748.0616199884553
70_20240829 16,2834.522238965128
70_20240829 17,3020.859219020501
70_20240829 18,3351.0188221417516
70_20240829 19,3493.8588761112196
70_20240829 20,3533.8793492162804
70_20240829 21,3519.294576014142
70_20240829 22,3414.7658648964753
70_20240829 23,3102.4546706568453
70_20240830 00,2507.523464830906
70_20240830 01,2084.634456265038
70_20240830 02,1851.9672023573612
70_20240830 03,1660.728549927413
70_20240830 04,1602.7199881859956
70_20240830 05,1549.0388458359737
70_20240830 06,1681.205289879956
70_20240830 07,2138.288128715232
70_20240830 08,2381.147658394102
70_20240830 09,2413.8525765808176
70_20240830 10,2415.4719800461344
70_20240830 11,2430.276779245062
70_20240830 12,2500.6429579319647
70_20240830 13,2581.471756801161
70_20240830 14,2640.894916858984
70_20240830 15,2773.543705678522
70_20240830 16,2927.8385821127376
70_20240830 17,3024.7460560428026
70_20240830 18,3333.8729266002397
70_20240830 19,3460.158482246052
70_20240830 20,3583.848550994391
70_20240830 21,3533.933050838648
70_20240830 22,3420.613807354054
70_20240830 23,3077.8890913699743
70_20240831 00,2595.4684075557425
70_20240831 01,2187.92006913587
70_20240831 02,1932.9921316879465
70_20240831 03,1711.8250193374995
70_20240831 04,1609.6128513055808
70_20240831 05,1534.7610097947054
70_20240831 06,1598.7549846876623
70_20240831 07,1924.3651605949574
70_20240831 08,2276.4683850207766
70_20240831 09,2520.7993226238323
70_20240831 10,2757.397646123727
70_20240831 11,2899.03968262762
70_20240831 12,2962.594073463699
70_20240831 13,2920.2780335338716
70_20240831 14,2953.82469246007
70_20240831 15,2859.5391043654577
70_20240831 16,2990.9489667551693
70_20240831 17,3001.940308699728
70_20240831 18,3075.3395230381166
70_20240831 19,3135.311000670238
70_20240831 20,3244.4795169689296
70_20240831 21,3354.431639989697
70_20240831 22,3260.1832848540976
70_20240831 23,3006.2444434952868
71_20240825 00,1295.7796808266435
71_20240825 01,1068.8919944423985
71_20240825 02,948.8761016681284
71_20240825 03,872.8331188683942
71_20240825 04,812.7670558048122
71_20240825 05,803.1586744296364
71_20240825 06,821.2636558133528
71_20240825 07,911.2430198000809
71_20240825 08,1065.4005553413524
71_20240825 09,1180.8048699850078
71_20240825 10,1347.8440681619668
71_20240825 11,1400.8352323682893
71_20240825 12,1458.8407329604313
71_20240825 13,1525.4383621573445
71_20240825 14,1527.6607508364614
71_20240825 15,1531.478378474183
71_20240825 16,1525.5122021082168
71_20240825 17,1675.553786012229
71_20240825 18,1846.456250081289
71_20240825 19,1918.2231104331158
71_20240825 20,1921.78594428298
71_20240825 21,1874.2653905360144
71_20240825 22,1703.5155506328908
71_20240825 23,1452.3753308312896
71_20240826 00,1214.7766085428536
71_20240826 01,1035.1593372148277
71_20240826 02,924.9240824526207
71_20240826 03,853.0604839539246
71_20240826 04,796.3756507911992
71_20240826 05,791.4815947285634
71_20240826 06,825.2783834099038
71_20240826 07,995.897420754069
71_20240826 08,1129.4455354866056
71_20240826 09,1107.1079028640465
71_20240826 10,1135.3053420802507
71_20240826 11,1246.304755614493
71_20240826 12,1191.3257531883337
71_20240826 13,1301.7654949360196
71_20240826 14,1226.1100508773018
71_20240826 15,1285.4242425806
71_20240826 16,1364.732906857953
71_20240826 17,1513.1114373359023
71_20240826 18,1712.3698069639106
71_20240826 19,1867.175002557493
71_20240826 20,1866.1594157943873
71_20240826 21,1855.587116739881
71_20240826 22,1693.5715732273798
71_20240826 23,1469.12781113018
71_20240827 00,1138.0167706812417
71_20240827 01,975.2710037367277
71_20240827 02,889.1949675680019
71_20240827 03,837.190322581465
71_20240827 04,801.2938954171411
71_20240827 05,789.0234556358122
71_20240827 06,827.0696904418555
71_20240827 07,972.5936807339276
71_20240827 08,1058.5827431955686
71_20240827 09,999.6772460344775
71_20240827 10,990.9834655850423
71_20240827 11,1011.7724773948833
71_20240827 12,1025.2364909091334
71_20240827 13,1062.5831678449792
71_20240827 14,1070.3755268408213
71_20240827 15,1077.4045347799474
71_20240827 16,1147.948653875546
71_20240827 17,1269.1008968302942
71_20240827 18,1450.0622480143347
71_20240827 19,1588.6688057956553
71_20240827 20,1620.27084388528
71_20240827 21,1588.3825682149713
71_20240827 22,1440.6914669107455
71_20240827 23,1234.7543652393856
71_20240828 00,1019.0750996749236
71_20240828 01,884.9676289701006
71_20240828 02,800.5650416419696
71_20240828 03,754.7205714341568
71_20240828 04,724.6612359552814
71_20240828 05,720.6304500455938
71_20240828 06,753.3515163119474
71_20240828 07,909.5976301257313
71_20240828 08,1009.4801042552774
71_20240828 09,970.6728003619583
71_20240828 10,972.1465830416889
71_20240828 11,1027.7379784773266
71_20240828 12,1057.416816886151
71_20240828 13,1065.36146044953
71_20240828 14,1061.7519661611404
71_20240828 15,1068.8357749100533
71_20240828 16,1170.5368774036197
71_20240828 17,1275.5102449363515
71_20240828 18,1395.2976010755638
71_20240828 19,1565.5372727421477
71_20240828 20,1593.7757478421781
71_20240828 21,1558.7505571689317
71_20240828 22,1438.0029750819754
71_20240828 23,1201.7041085018996
71_20240829 00,1032.321486913193
71_20240829 01,893.2493143803256
71_20240829 02,814.0769555462883
71_20240829 03,762.9375025242362
71_20240829 04,731.2557958938324
71_20240829 05,724.5505933021894
71_20240829 06,753.9254706858793
71_20240829 07,881.1921635876171
71_20240829 08,979.2603161623217
71_20240829 09,948.54179755417
71_20240829 10,976.7314472537107
71_20240829 11,1015.4307753772663
71_20240829 12,1047.9093124554386
71_20240829 13,1068.9309812193171
71_20240829 14,1084.8198001142846
71_20240829 15,1141.1840758849257
71_20240829 16,1176.0882153831649
71_20240829 17,1254.9805552180396
71_20240829 18,1413.7288570056296
71_20240829 19,1537.890706827252
71_20240829 20,1597.9880344461262
71_20240829 21,1539.8703795480842
71_20240829 22,1421.8261305525157
71_20240829 23,1213.6707023149884
71_20240830 00,1024.5761366260872
71_20240830 01,887.7735114482525
71_20240830 02,805.3317064096857
71_20240830 03,754.9891805597654
71_20240830 04,719.2161675970667
71_20240830 05,713.5576170489419
71_20240830 06,753.6697089365628
71_20240830 07,884.8126321584224
71_20240830 08,988.8800976739788
71_20240830 09,936.9741726371116
71_20240830 10,946.3625661042282
71_20240830 11,994.4112374611113
71_20240830 12,1024.0481401464945
71_20240830 13,1057.701019156155
71_20240830 14,1069.9679055046486
71_20240830 15,1094.0378350247752
71_20240830 16,1173.9509181731562
71_20240830 17,1251.9049700391543
71_20240830 18,1384.2428334908905
71_20240830 19,1536.06070234775
71_20240830 20,1521.1496296778412
71_20240830 21,1503.5246914204881
71_20240830 22,1386.8302108580506
71_20240830 23,1208.6316340495796
71_20240831 00,1051.4710128928118
71_20240831 01,879.1529172978715
71_20240831 02,790.8098683952703
71_20240831 03,747.1849949229628
71_20240831 04,699.6295826646044
71_20240831 05,686.619504572686
71_20240831 06,706.8760268459181
71_20240831 07,792.148949815527
71_20240831 08,938.2205169062074
71_20240831 09,1014.3645056525015
71_20240831 10,1107.56743550503
71_20240831 11,1137.6583672633162
71_20240831 12,1177.4632220457102
71_20240831 13,1158.0032307875122
71_20240831 14,1157.1526029417041
71_20240831 15,1161.847264591503
71_20240831 16,1194.1593446097972
71_20240831 17,1266.8071118933938
71_20240831 18,1373.3215980861746
71_20240831 19,1429.3251308344081
71_20240831 20,1471.1088204281496
71_20240831 21,1462.8108442084495
71_20240831 22,1362.3734699505394
71_20240831 23,1180.9163108500516
72_20240825 00,1318.9262094862347
72_20240825 01,1254.2502598301746
72_20240825 02,1245.7383268147491
72_20240825 03,1254.4973676925456
72_20240825 04,1225.9511045569643
72_20240825 05,1215.3535333614695
72_20240825 06,1210.3435760737439
72_20240825 07,1159.4534874860556
72_20240825 08,1002.1301395434659
72_20240825 09,930.9752230542609
72_20240825 10,854.1992756162178
72_20240825 11,837.3099971987001
72_20240825 12,847.5510749421406
72_20240825 13,850.5224502196003
72_20240825 14,913.7325356939108
72_20240825 15,887.001679995399
72_20240825 16,1007.5343490717131
72_20240825 17,1114.2183939850065
72_20240825 18,1129.7880441720904
72_20240825 19,1189.864870208178
72_20240825 20,1184.620120437653
72_20240825 21,1175.3404281622122
72_20240825 22,1275.3518184717411
72_20240825 23,1408.4578900401916
72_20240826 00,1632.6322237086229
72_20240826 01,1736.281034287978
72_20240826 02,1724.4477126912739
72_20240826 03,1579.262240275396
72_20240826 04,1296.4318799057635
72_20240826 05,1293.2348698016267
72_20240826 06,1420.924560667705
72_20240826 07,1588.8003786891938
72_20240826 08,1725.2731619562483
72_20240826 09,1847.941544027806
72_20240826 10,1817.1841787200342
72_20240826 11,1723.9170853605438
72_20240826 12,1719.4137391076931
72_20240826 13,1786.7604606158593
72_20240826 14,1631.916839499559
72_20240826 15,1582.995003928087
72_20240826 16,1486.9381099224056
72_20240826 17,1656.5099162941256
72_20240826 18,1588.4790756016853
72_20240826 19,1516.2747604289568
72_20240826 20,1401.1461837927582
72_20240826 21,1428.9737785971204
72_20240826 22,1523.5972071948572
72_20240826 23,1572.0560421592932
72_20240827 00,1740.8479927906615
72_20240827 01,1899.6620054996272
72_20240827 02,1882.4139223001036
72_20240827 03,1721.1201727934388
72_20240827 04,1451.2310539943223
72_20240827 05,1466.271425024893
72_20240827 06,1574.2894529811083
72_20240827 07,1761.5593699992282
72_20240827 08,1744.691341330236
72_20240827 09,1880.6791319321276
72_20240827 10,1865.9401949228911
72_20240827 11,1782.7772323998515
72_20240827 12,1758.1399493358576
72_20240827 13,1873.9385980263437
72_20240827 14,1731.4829150032529
72_20240827 15,1572.3657594854662
72_20240827 16,1432.325714663228
72_20240827 17,1653.9761266413075
72_20240827 18,1579.1154945456924
72_20240827 19,1497.2712555985163
72_20240827 20,1369.7863260259223
72_20240827 21,1390.9555739587604
72_20240827 22,1512.7795480914324
72_20240827 23,1554.6168472880906
72_20240828 00,1710.155260807414
72_20240828 01,1864.4429583235742
72_20240828 02,1858.2475583922533
72_20240828 03,1703.4769170604052
72_20240828 04,1453.24207119903
72_20240828 05,1439.8671851020895
72_20240828 06,1494.0585720711797
72_20240828 07,1671.2060183144154
72_20240828 08,1705.5691310734362
72_20240828 09,1878.0580437395392
72_20240828 10,1885.464098253462
72_20240828 11,1765.2376950459852
72_20240828 12,1738.4680312576977
72_20240828 13,1820.914216842808
72_20240828 14,1737.957707480864
72_20240828 15,1541.0657594953516
72_20240828 16,1456.81631823941
72_20240828 17,1652.5757545947545
72_20240828 18,1591.746025466223
72_20240828 19,1474.242102624096
72_20240828 20,1369.326137050772
72_20240828 21,1386.835922802995
72_20240828 22,1455.9406305845603
72_20240828 23,1542.8927482445283
72_20240829 00,1704.4668911514273
72_20240829 01,1840.6029977031076
72_20240829 02,1829.6324603268251
72_20240829 03,1693.9745054159328
72_20240829 04,1436.0731852481808
72_20240829 05,1442.0933775772214
72_20240829 06,1540.0354397061378
72_20240829 07,1700.3576274690415
72_20240829 08,1685.5718054849904
72_20240829 09,1791.8207264346004
72_20240829 10,1786.2740165557564
72_20240829 11,1665.2258847152204
72_20240829 12,1738.8252045953375
72_20240829 13,1848.005113562553
72_20240829 14,1590.8063916302397
72_20240829 15,1543.349512075119
72_20240829 16,1401.1855263966681
72_20240829 17,1599.1745286086289
72_20240829 18,1537.8551953168217
72_20240829 19,1469.3626894207346
72_20240829 20,1389.7954346706558
72_20240829 21,1367.4883656429613
72_20240829 22,1470.591820871762
72_20240829 23,1544.0549196669645
72_20240830 00,1694.39525890684
72_20240830 01,1832.9870544115827
72_20240830 02,1835.2498051930884
72_20240830 03,1685.3349062792233
72_20240830 04,1454.9696572062478
72_20240830 05,1429.0189184922706
72_20240830 06,1546.9782633540588
72_20240830 07,1661.1122329936063
72_20240830 08,1614.793282369577
72_20240830 09,1754.1624472689832
72_20240830 10,1698.6583685140376
72_20240830 11,1621.4266302000833
72_20240830 12,1666.5195441110955
72_20240830 13,1695.0767179319992
72_20240830 14,1536.0786253938313
72_20240830 15,1434.7687462224164
72_20240830 16,1367.3154205016306
72_20240830 17,1562.8231813445168
72_20240830 18,1415.2238637524115
72_20240830 19,1309.75223899009
72_20240830 20,1284.9420634614248
72_20240830 21,1248.3319446106855
72_20240830 22,1389.4650173018208
72_20240830 23,1463.0872187939763
72_20240831 00,1417.9854954204488
72_20240831 01,1392.2301255894058
72_20240831 02,1394.4001447007547
72_20240831 03,1384.319648732307
72_20240831 04,1368.415197992346
72_20240831 05,1365.1559013266547
72_20240831 06,1347.9903907587423
72_20240831 07,1170.683041526498
72_20240831 08,979.7795212727913
72_20240831 09,920.0844284868633
72_20240831 10,856.1257696753363
72_20240831 11,825.4010752515611
72_20240831 12,824.3188636678124
72_20240831 13,866.3530034306822
72_20240831 14,937.4220785028923
72_20240831 15,926.0558285092656
72_20240831 16,992.2504944567736
72_20240831 17,1059.340961460298
72_20240831 18,1100.1651126653453
72_20240831 19,1143.7276871314396
72_20240831 20,1135.4134649578416
72_20240831 21,1115.1479055872655
72_20240831 22,1191.4966042442866
72_20240831 23,1262.9151418220513
73_20240825 00,682.7961671678792
73_20240825 01,672.13740515103
73_20240825 02,659.9744581022549
73_20240825 03,637.8468577201593
73_20240825 04,600.6321842326063
73_20240825 05,586.363866493226
73_20240825 06,603.9063874911928
73_20240825 07,711.4911284042593
73_20240825 08,1262.8739521798761
73_20240825 09,2235.7591300223594
73_20240825 10,4031.7521106359345
73_20240825 11,4881.513175766937
73_20240825 12,5005.377834852999
73_20240825 13,4972.985911015407
73_20240825 14,5033.898804661964
73_20240825 15,5043.734464202579
73_20240825 16,5037.305033384622
73_20240825 17,5051.2075173348885
73_20240825 18,4932.895077635498
73_20240825 19,4728.654563880267
73_20240825 20,4029.0661008191028
73_20240825 21,1492.7744538985444
73_20240825 22,781.9017124130155
73_20240825 23,715.7779818528954
73_20240826 00,692.7187599857575
73_20240826 01,679.7683693350266
73_20240826 02,667.7639391145573
73_20240826 03,645.3466432017051
73_20240826 04,599.4908319604907
73_20240826 05,592.6968563833949
73_20240826 06,618.9420922477856
73_20240826 07,714.3061048501434
73_20240826 08,1179.8846137964083
73_20240826 09,2045.016687676583
73_20240826 10,4030.943511581081
73_20240826 11,4715.663239151425
73_20240826 12,4708.167502467814
73_20240826 13,4736.434855672738
73_20240826 14,4737.465703726835
73_20240826 15,4737.535535152583
73_20240826 16,4643.933406745133
73_20240826 17,4596.156335391975
73_20240826 18,4480.692908870753
73_20240826 19,4273.107183280765
73_20240826 20,3754.4081439628235
73_20240826 21,1469.9887144411987
73_20240826 22,792.0533361856585
73_20240826 23,727.6996784339451
73_20240827 00,733.9844402784286
73_20240827 01,722.5189559992394
73_20240827 02,694.4031239241323
73_20240827 03,657.2013848770424
73_20240827 04,596.3081019010311
73_20240827 05,591.6920283065788
73_20240827 06,614.2288755960981
73_20240827 07,715.3521623262
73_20240827 08,1164.7644949325822
73_20240827 09,2046.030145524085
73_20240827 10,3548.9848278423115
73_20240827 11,4118.041355087065
73_20240827 12,4154.035695263876
73_20240827 13,4278.397415511667
73_20240827 14,4279.471062850445
73_20240827 15,4250.44033351235
73_20240827 16,4250.274758037132
73_20240827 17,4322.270663501234
73_20240827 18,4199.71390023735
73_20240827 19,4042.751365889603
73_20240827 20,3542.0079498691975
73_20240827 21,1405.7925899036625
73_20240827 22,783.7207423817399
73_20240827 23,731.2712847885114
73_20240828 00,709.4421648914006
73_20240828 01,676.7903799385501
73_20240828 02,655.8904324589824
73_20240828 03,647.8017859648932
73_20240828 04,601.4924575893954
73_20240828 05,588.1450270288988
73_20240828 06,608.1640894183296
73_20240828 07,702.7516248156693
73_20240828 08,1185.6518242104858
73_20240828 09,2095.7052385590887
73_20240828 10,3723.5094729756665
73_20240828 11,4457.270693425688
73_20240828 12,4569.143604301757
73_20240828 13,4632.903496170491
73_20240828 14,4566.058841285928
73_20240828 15,4458.325861647829
73_20240828 16,4434.4005489672245
73_20240828 17,4489.063877444037
73_20240828 18,4346.74765984983
73_20240828 19,4162.036360949149
73_20240828 20,3741.0221581615424
73_20240828 21,1466.4682704000402
73_20240828 22,794.2469185185789
73_20240828 23,726.2034922388035
73_20240829 00,699.1772071674432
73_20240829 01,691.3035595173901
73_20240829 02,681.8836600073308
73_20240829 03,649.7371312762685
73_20240829 04,592.9162087684322
73_20240829 05,579.5558735555323
73_20240829 06,602.32006674939
73_20240829 07,705.04271998215
73_20240829 08,1150.534237316078
73_20240829 09,2072.2965411941404
73_20240829 10,3656.5217355887953
73_20240829 11,4360.00049953127
73_20240829 12,4544.864640675234
73_20240829 13,4594.3634483743035
73_20240829 14,4589.546257269265
73_20240829 15,4553.180014319548
73_20240829 16,4496.685562313129
73_20240829 17,4495.219701556034
73_20240829 18,4377.881192953922
73_20240829 19,4253.746649814077
73_20240829 20,3694.1266440956547
73_20240829 21,1490.972571887557
73_20240829 22,786.1542126701345
73_20240829 23,726.8828810464752
73_20240830 00,703.5934839476283
73_20240830 01,693.8273959699479
73_20240830 02,677.1944502397131
73_20240830 03,645.8431827937106
73_20240830 04,588.4928943900929
73_20240830 05,581.2583872302853
73_20240830 06,599.0437320892327
73_20240830 07,716.9503137196855
73_20240830 08,1165.5739628376996
73_20240830 09,2164.3578772364244
73_20240830 10,3630.794297608092
73_20240830 11,4326.872265542221
73_20240830 12,4508.03031642285
73_20240830 13,4511.720054551661
73_20240830 14,4510.441420500821
73_20240830 15,4563.246047630892
73_20240830 16,4364.74222876668
73_20240830 17,4382.470246519631
73_20240830 18,4315.268541332405
73_20240830 19,4018.114778365155
73_20240830 20,3599.6294548468077
73_20240830 21,1421.0703389363066
73_20240830 22,770.0702321746512
73_20240830 23,703.3810077559084
73_20240831 00,688.5759382070439
73_20240831 01,680.468118273215
73_20240831 02,658.3774840130911
73_20240831 03,636.1080045234912
73_20240831 04,590.4111450326625
73_20240831 05,580.6429286766718
73_20240831 06,589.3330196277416
73_20240831 07,715.9626254721235
73_20240831 08,1130.7727286735114
73_20240831 09,2094.9928162840806
73_20240831 10,3514.007993013462
73_20240831 11,4296.670579425175
73_20240831 12,4494.570920395183
73_20240831 13,4510.025642036634
73_20240831 14,4592.425313870997
73_20240831 15,4624.663264588564
73_20240831 16,4577.265603056167
73_20240831 17,4578.179148521643
73_20240831 18,4518.152604802526
73_20240831 19,4314.6659582516695
73_20240831 20,3696.7433362111556
73_20240831 21,1448.7435282997405
73_20240831 22,750.2993690306271
73_20240831 23,690.7586744437288
74_20240825 00,888.951680222857
74_20240825 01,855.0305420964239
74_20240825 02,830.5562025404586
74_20240825 03,827.4512179061849
74_20240825 04,828.6992688824786
74_20240825 05,860.6735908549771
74_20240825 06,939.1400330515706
74_20240825 07,1040.8978682298866
74_20240825 08,1364.8484420533619
74_20240825 09,2393.4753255947726
74_20240825 10,4031.043446290004
74_20240825 11,4902.144664951387
74_20240825 12,4979.322760361507
74_20240825 13,5031.267730730096
74_20240825 14,4982.954102378487
74_20240825 15,4952.075797988469
74_20240825 16,4888.185434043885
74_20240825 17,4873.759698541398
74_20240825 18,4626.022067796614
74_20240825 19,4311.2788663967185
74_20240825 20,3550.038303413153
74_20240825 21,2015.7077101630239
74_20240825 22,1107.9507150345878
74_20240825 23,880.4978109759114
74_20240826 00,1457.7278640514373
74_20240826 01,1547.5243966248368
74_20240826 02,1516.8445835123791
74_20240826 03,1509.533812119094
74_20240826 04,1467.3831156697393
74_20240826 05,1239.997361921456
74_20240826 06,1144.9904255589709
74_20240826 07,1088.3604399531068
74_20240826 08,1408.1093087272898
74_20240826 09,2170.692859701771
74_20240826 10,2580.524273302115
74_20240826 11,2277.9779902004875
74_20240826 12,2700.1243059238955
74_20240826 13,2419.8126651817256
74_20240826 14,2127.9470231184487
74_20240826 15,2076.7931354376638
74_20240826 16,2037.5281016430429
74_20240826 17,2160.2235021027
74_20240826 18,2544.2069028429432
74_20240826 19,2485.704799943693
74_20240826 20,2281.1479380975316
74_20240826 21,1810.7030927991739
74_20240826 22,1116.2177323371293
74_20240826 23,863.3853366995546
74_20240827 00,1497.745277328041
74_20240827 01,1627.1070549850556
74_20240827 02,1540.207768248451
74_20240827 03,1538.242044233641
74_20240827 04,1478.705270423145
74_20240827 05,1234.6486718400088
74_20240827 06,1125.5459631269641
74_20240827 07,1091.3418867573291
74_20240827 08,1466.8958193210865
74_20240827 09,2707.3758037476214
74_20240827 10,4227.718415801899
74_20240827 11,4727.122723703309
74_20240827 12,4997.529211033463
74_20240827 13,4768.798647626938
74_20240827 14,4558.319213535317
74_20240827 15,4478.163605969314
74_20240827 16,4394.966893831639
74_20240827 17,4447.799541895867
74_20240827 18,4509.754861433723
74_20240827 19,4210.669629115836
74_20240827 20,3392.8155288892012
74_20240827 21,1927.5879158961156
74_20240827 22,1154.1206794438974
74_20240827 23,877.2045559242347
74_20240828 00,1425.4966341816585
74_20240828 01,1554.0558315936967
74_20240828 02,1522.1560264097416
74_20240828 03,1517.5449939764053
74_20240828 04,1454.818955925282
74_20240828 05,1220.9630164737473
74_20240828 06,1128.167576533157
74_20240828 07,1078.1522630559696
74_20240828 08,1421.333886843261
74_20240828 09,2612.338701560151
74_20240828 10,4150.800976662125
74_20240828 11,4679.804702263113
74_20240828 12,4840.144929318007
74_20240828 13,4601.722410290605
74_20240828 14,4415.089040948817
74_20240828 15,4382.443980363235
74_20240828 16,4317.0109849606915
74_20240828 17,4418.826791867996
74_20240828 18,4522.552555452479
74_20240828 19,4185.36565398515
74_20240828 20,3380.832910515633
74_20240828 21,2010.6533767027813
74_20240828 22,1171.3745363486346
74_20240828 23,905.3032325203347
74_20240829 00,1420.4414850568614
74_20240829 01,1543.7229047856113
74_20240829 02,1519.6887158547024
74_20240829 03,1521.529776305464
74_20240829 04,1453.2831440349692
74_20240829 05,1218.039946290783
74_20240829 06,1143.8524411070698
74_20240829 07,1113.1596797184982
74_20240829 08,1454.9899402638214
74_20240829 09,2671.034281720541
74_20240829 10,4111.498044379851
74_20240829 11,4774.415224923555
74_20240829 12,4867.023315515833
74_20240829 13,4770.766668570342
74_20240829 14,4595.784410941579
74_20240829 15,4516.267493729252
74_20240829 16,4401.374820688443
74_20240829 17,4537.494810526592
74_20240829 18,4659.873722585919
74_20240829 19,4299.651975859224
74_20240829 20,3408.3910830218697
74_20240829 21,2075.673409586925
74_20240829 22,1170.1140719657647
74_20240829 23,938.0709570942126
74_20240830 00,1468.6118280231478
74_20240830 01,1566.7231853287403
74_20240830 02,1527.4941457146147
74_20240830 03,1530.7822670046578
74_20240830 04,1471.1904492654112
74_20240830 05,1220.751364865868
74_20240830 06,1125.0464267677905
74_20240830 07,1079.1882125240545
74_20240830 08,1424.3283228111331
74_20240830 09,2661.61123845947
74_20240830 10,4093.729988830934
74_20240830 11,4646.004471137896
74_20240830 12,4848.985252260663
74_20240830 13,4695.27813574403
74_20240830 14,4565.9846457699205
74_20240830 15,4465.756617138475
74_20240830 16,4443.376848020204
74_20240830 17,4546.832701116176
74_20240830 18,4630.501887284732
74_20240830 19,4297.064505377513
74_20240830 20,3773.6294658636903
74_20240830 21,2215.00145773473
74_20240830 22,1165.9674353222854
74_20240830 23,880.5675228532041
74_20240831 00,1405.3198874576988
74_20240831 01,1526.6618351018801
74_20240831 02,1493.8986346747993
74_20240831 03,1492.8869094048023
74_20240831 04,1436.370710559615
74_20240831 05,1202.9378585569516
74_20240831 06,1114.56996689682
74_20240831 07,1084.0294022863982
74_20240831 08,1493.7194878911976
74_20240831 09,2647.848278662411
74_20240831 10,4107.833741314709
74_20240831 11,4705.064822649673
74_20240831 12,4919.531019894455
74_20240831 13,4851.579336647373
74_20240831 14,4810.685846684347
74_20240831 15,4662.484969978061
74_20240831 16,4607.192366733014
74_20240831 17,4674.741305902637
74_20240831 18,4834.855603783621
74_20240831 19,4381.877525809105
74_20240831 20,3777.0206196781696
74_20240831 21,2202.3759360107338
74_20240831 22,1159.7725185540612
74_20240831 23,877.0633850644692
75_20240825 00,2636.919539512703
75_20240825 01,2588.6335548232446
75_20240825 02,2606.4902191224055
75_20240825 03,2572.4045484249964
75_20240825 04,2597.3017710805434
75_20240825 05,2650.772854561961
75_20240825 06,2796.6124023593693
75_20240825 07,2957.8160606132446
75_20240825 08,3040.270558303312
75_20240825 09,3134.4496419722427
75_20240825 10,3166.4850857147276
75_20240825 11,3245.6211717810747
75_20240825 12,3160.496577325106
75_20240825 13,3138.3606316798378
75_20240825 14,3221.848052864784
75_20240825 15,3154.146556442528
75_20240825 16,3061.745443474744
75_20240825 17,3092.4979959589105
75_20240825 18,3035.8382859983517
75_20240825 19,2966.676021102773
75_20240825 20,2799.490731382096
75_20240825 21,2759.6535874807314
75_20240825 22,2693.6296612067476
75_20240825 23,2627.9121428038293
75_20240826 00,2623.3243064533417
75_20240826 01,2574.82243962538
75_20240826 02,2545.5539015525674
75_20240826 03,2587.7789998197504
75_20240826 04,2698.4502973464396
75_20240826 05,2806.8485436605915
75_20240826 06,2935.2876927031903
75_20240826 07,3362.9548840356047
75_20240826 08,3672.654949824674
75_20240826 09,3840.465363033528
75_20240826 10,3855.365919956802
75_20240826 11,3872.3605330255787
75_20240826 12,3846.5659584455034
75_20240826 13,3850.410420230754
75_20240826 14,3884.5486875558727
75_20240826 15,3866.2917909252783
75_20240826 16,3849.5711668965537
75_20240826 17,3702.544880055418
75_20240826 18,3512.574997677727
75_20240826 19,3344.4633618373173
75_20240826 20,2981.1229646420106
75_20240826 21,2874.7204079065086
75_20240826 22,2769.571732381248
75_20240826 23,2717.759478872513
75_20240827 00,2603.455053988154
75_20240827 01,2543.372069412716
75_20240827 02,2529.778977106547
75_20240827 03,2570.0373421165623
75_20240827 04,2654.142885640007
75_20240827 05,2754.212018749259
75_20240827 06,2873.2707585401836
75_20240827 07,3211.940846861553
75_20240827 08,3629.12396447221
75_20240827 09,3795.4367338403854
75_20240827 10,3841.5194578309815
75_20240827 11,3853.5245386374054
75_20240827 12,3845.7287044575733
75_20240827 13,3838.741409376452
75_20240827 14,3880.5577377040972
75_20240827 15,3850.2788224454753
75_20240827 16,3809.250627650273
75_20240827 17,3626.3591656505423
75_20240827 18,3408.071177186159
75_20240827 19,3310.32633220383
75_20240827 20,2970.255644118749
75_20240827 21,2852.7874533319114
75_20240827 22,2732.0668142970612
75_20240827 23,2662.6778993925573
75_20240828 00,2612.2056971815373
75_20240828 01,2529.1907586591014
75_20240828 02,2503.3405581770035
75_20240828 03,2462.9765074364905
75_20240828 04,2528.2277686907323
75_20240828 05,2582.4917924667143
75_20240828 06,2739.531369249712
75_20240828 07,3118.0999512729086
75_20240828 08,3569.0192721572007
75_20240828 09,3783.205906091702
75_20240828 10,3863.6909668153203
75_20240828 11,3840.3948330083026
75_20240828 12,3837.421462422717
75_20240828 13,3835.0573345059165
75_20240828 14,3862.5972689234495
75_20240828 15,3860.0329375545543
75_20240828 16,3818.240597318899
75_20240828 17,3620.091169715816
75_20240828 18,3387.8750645134323
75_20240828 19,3299.941282133992
75_20240828 20,2984.4022974233676
75_20240828 21,2872.997425885176
75_20240828 22,2742.3464676313833
75_20240828 23,2681.5286734879473
75_20240829 00,2557.8738284709366
75_20240829 01,2518.506079162994
75_20240829 02,2493.8980589210396
75_20240829 03,2505.5953071428385
75_20240829 04,2589.691725047479
75_20240829 05,2683.1336278071476
75_20240829 06,2850.2185263954516
75_20240829 07,3135.679248375608
75_20240829 08,3536.5995993078363
75_20240829 09,3575.6836370413594
75_20240829 10,3619.8593348726367
75_20240829 11,3603.0399624335805
75_20240829 12,3643.057099858398
75_20240829 13,3589.9540256234814
75_20240829 14,3626.779175161752
75_20240829 15,3674.343019209604
75_20240829 16,3628.4905185301277
75_20240829 17,3526.2260578182527
75_20240829 18,3322.4536012432804
75_20240829 19,3232.8773998654497
75_20240829 20,2925.4505777777563
75_20240829 21,2792.8078308835748
75_20240829 22,2711.1630075117982
75_20240829 23,2587.612080156521
75_20240830 00,2548.6701452577317
75_20240830 01,2461.8193683061863
75_20240830 02,2451.7517889015385
75_20240830 03,2480.5151701787354
75_20240830 04,2566.661134064782
75_20240830 05,2648.2618358672266
75_20240830 06,2769.2118048053585
75_20240830 07,3082.3786890404367
75_20240830 08,3560.396385489841
75_20240830 09,3758.3149602410035
75_20240830 10,3816.129088743359
75_20240830 11,3810.37150397127
75_20240830 12,3778.3854127344666
75_20240830 13,3776.902778277419
75_20240830 14,3819.1009822548704
75_20240830 15,3806.5435814933007
75_20240830 16,3776.4589212938895
75_20240830 17,3573.4524679732694
75_20240830 18,3323.768042723642
75_20240830 19,3234.3645272045565
75_20240830 20,2917.4905112516526
75_20240830 21,2819.8586009800733
75_20240830 22,2706.437003420362
75_20240830 23,2630.994700510165
75_20240831 00,2534.0420547020203
75_20240831 01,2459.987457358158
75_20240831 02,2367.8665111651144
75_20240831 03,2379.8177500194865
75_20240831 04,2328.7358026884367
75_20240831 05,2328.9979197817524
75_20240831 06,2413.6078033933927
75_20240831 07,2645.8591373038844
75_20240831 08,2996.075021861737
75_20240831 09,3153.4720510795696
75_20240831 10,3221.326264865434
75_20240831 11,3238.4801535168203
75_20240831 12,3191.937215236576
75_20240831 13,3150.9469055588806
75_20240831 14,3200.5231573986994
75_20240831 15,3199.7999617044297
75_20240831 16,3109.0476372769363
75_20240831 17,3066.3523391638737
75_20240831 18,2981.125581495213
75_20240831 19,2857.4308641337125
75_20240831 20,2670.2261304147087
75_20240831 21,2598.5964434717143
75_20240831 22,2534.1240212427683
75_20240831 23,2515.0181414587087
76_20240825 00,3205.7150048908757
76_20240825 01,3185.2537069945
76_20240825 02,3170.731796794903
76_20240825 03,3159.0811525932695
76_20240825 04,3140.0331929137647
76_20240825 05,3122.7027491065433
76_20240825 06,3130.114659872471
76_20240825 07,3158.205969790919
76_20240825 08,3270.401106305705
76_20240825 09,3344.3124136197466
76_20240825 10,3429.008800147598
76_20240825 11,3439.2171236481518
76_20240825 12,3447.0941196137674
76_20240825 13,3461.5462835939065
76_20240825 14,3487.1215970091416
76_20240825 15,3515.2636027381914
76_20240825 16,3516.4837222139413
76_20240825 17,3480.959059233778
76_20240825 18,3471.764658746982
76_20240825 19,3424.6793261760495
76_20240825 20,3375.5104513182396
76_20240825 21,3299.994754755643
76_20240825 22,3284.8038217521953
76_20240825 23,3250.999254933569
76_20240826 00,3224.2344265966353
76_20240826 01,3222.00867517627
76_20240826 02,3195.668935208576
76_20240826 03,3211.7257322282157
76_20240826 04,3186.9480914145265
76_20240826 05,3173.394053743626
76_20240826 06,3182.956568210122
76_20240826 07,3227.390197397273
76_20240826 08,3295.489440566721
76_20240826 09,3347.7680978016897
76_20240826 10,3401.0204217744567
76_20240826 11,3430.9858529349317
76_20240826 12,3469.6451252184816
76_20240826 13,3489.474130348625
76_20240826 14,3500.5154206680836
76_20240826 15,3504.000988447914
76_20240826 16,3514.0454672414694
76_20240826 17,3494.378135810096
76_20240826 18,3466.7482446215895
76_20240826 19,3346.0823077434347
76_20240826 20,3335.359075129194
76_20240826 21,3288.6653725593933
76_20240826 22,3255.13052142126
76_20240826 23,3231.3717060510044
76_20240827 00,3204.9280679705166
76_20240827 01,3207.011009116686
76_20240827 02,3199.20093422426
76_20240827 03,3199.5245284477355
76_20240827 04,3182.2232655913317
76_20240827 05,3171.276846137451
76_20240827 06,3142.2062715654247
76_20240827 07,3133.09824416983
76_20240827 08,3172.874196854597
76_20240827 09,3150.562073443562
76_20240827 10,3220.0555427186237
76_20240827 11,3165.693470198027
76_20240827 12,3178.580503706999
76_20240827 13,3199.32719911804
76_20240827 14,3292.407127926641
76_20240827 15,3337.0935409859326
76_20240827 16,3346.1769965783574
76_20240827 17,3386.4125558214937
76_20240827 18,3349.66353018637
76_20240827 19,3292.1563994185994
76_20240827 20,3251.8497368430653
76_20240827 21,3165.320101536285
76_20240827 22,3148.292459649271
76_20240827 23,3102.985823994066
76_20240828 00,3084.3428587072176
76_20240828 01,3073.25237641846
76_20240828 02,3056.7647094611602
76_20240828 03,3043.9363504777275
76_20240828 04,3016.097016923353
76_20240828 05,2968.316868599604
76_20240828 06,2971.7914359025335
76_20240828 07,3037.0312510541585
76_20240828 08,3095.9410822271066
76_20240828 09,3176.2182338374596
76_20240828 10,3254.244214373792
76_20240828 11,3305.3027167243727
76_20240828 12,3371.432083347305
76_20240828 13,3402.060311327653
76_20240828 14,3434.3346647340504
76_20240828 15,3438.258004445139
76_20240828 16,3465.4665061752594
76_20240828 17,3449.063249220741
76_20240828 18,3425.3619336984307
76_20240828 19,3388.0208312423383
76_20240828 20,3329.6602040889106
76_20240828 21,3269.2829062816045
76_20240828 22,3231.3348681653683
76_20240828 23,3183.1285972307555
76_20240829 00,3148.5220418012336
76_20240829 01,3092.8756423068435
76_20240829 02,3065.3750213659123
76_20240829 03,3057.9381218074973
76_20240829 04,3026.619103811805
76_20240829 05,2997.341893420387
76_20240829 06,3006.3964625314675
76_20240829 07,3057.3107570070524
76_20240829 08,3104.129946823974
76_20240829 09,3181.9893005620643
76_20240829 10,3243.5134764812547
76_20240829 11,3323.198752925462
76_20240829 12,3342.8443473571415
76_20240829 13,3375.750136247897
76_20240829 14,3387.52017887357
76_20240829 15,3392.6008861665864
76_20240829 16,3425.405548932117
76_20240829 17,3422.7703021708976
76_20240829 18,3382.6223819204306
76_20240829 19,3343.1033527257127
76_20240829 20,3271.5409132445534
76_20240829 21,3202.940857619935
76_20240829 22,3172.9080993565767
76_20240829 23,3140.4293678885665
76_20240830 00,3107.7359223049734
76_20240830 01,3070.5546621275644
76_20240830 02,3048.4660144283125
76_20240830 03,3029.3900893256996
76_20240830 04,3016.034054322561
76_20240830 05,2987.7456213949263
76_20240830 06,3012.3037152367524
76_20240830 07,3054.635431729882
76_20240830 08,3161.3434555764693
76_20240830 09,3252.2534474429613
76_20240830 10,3294.7441120966737
76_20240830 11,3327.019169928089
76_20240830 12,3363.465826883623
76_20240830 13,3380.7958411673644
76_20240830 14,3381.814322880182
76_20240830 15,3405.0478718647346
76_20240830 16,3420.9701023340604
76_20240830 17,3400.059717912942
76_20240830 18,3362.8412936734685
76_20240830 19,3281.808275088568
76_20240830 20,3211.097868196827
76_20240830 21,3099.297238650497
76_20240830 22,3096.122436439716
76_20240830 23,3073.18105972845
76_20240831 00,3037.0280565982916
76_20240831 01,3034.4570348035554
76_20240831 02,3032.1603926003804
76_20240831 03,3005.083328222991
76_20240831 04,2957.9188223048286
76_20240831 05,2946.5516158530363
76_20240831 06,2947.079828783575
76_20240831 07,2993.705522504508
76_20240831 08,3044.570132482124
76_20240831 09,3086.6156758156394
76_20240831 10,3188.479996303247
76_20240831 11,3226.288113674059
76_20240831 12,3251.6637073680613
76_20240831 13,3333.517045914494
76_20240831 14,3342.865029973732
76_20240831 15,3355.0202883901247
76_20240831 16,3361.9467772773546
76_20240831 17,3365.5214564103544
76_20240831 18,3314.3081498369247
76_20240831 19,3225.052601160345
76_20240831 20,3158.2230027798323
76_20240831 21,3098.8190910409558
76_20240831 22,3063.394327585882
76_20240831 23,3041.4694797157526
77_20240825 00,1326.0841969123585
77_20240825 01,1290.8443568216142
77_20240825 02,1253.4390221851934
77_20240825 03,1229.799940807135
77_20240825 04,1222.4732124107206
77_20240825 05,1182.9478478051371
77_20240825 06,1224.0769896588652
77_20240825 07,1471.5932909820126
77_20240825 08,1780.5917717664038
77_20240825 09,1741.3612564641896
77_20240825 10,1913.9939076994297
77_20240825 11,1740.4878458643893
77_20240825 12,1732.2294519719358
77_20240825 13,1773.3006210683923
77_20240825 14,1841.817143704426
77_20240825 15,1939.7068809232208
77_20240825 16,1984.130085430645
77_20240825 17,1845.8166339747404
77_20240825 18,1667.5949357193595
77_20240825 19,1506.8512659864205
77_20240825 20,1452.0791864020016
77_20240825 21,1413.466815890273
77_20240825 22,1213.4069996053604
77_20240825 23,1247.7440279090147
77_20240826 00,1285.7458996682897
77_20240826 01,1232.0780914041752
77_20240826 02,1204.7661591331148
77_20240826 03,1212.0984368294744
77_20240826 04,1207.3720444314197
77_20240826 05,1165.8389356820092
77_20240826 06,1178.984366442517
77_20240826 07,1365.5277098972283
77_20240826 08,1677.7012636690852
77_20240826 09,1672.2507909654291
77_20240826 10,1830.732884548103
77_20240826 11,1739.2192154637758
77_20240826 12,1713.903542312658
77_20240826 13,1737.2964038919404
77_20240826 14,1764.2773057477013
77_20240826 15,1808.5566649830514
77_20240826 16,1857.7397343346702
77_20240826 17,1741.2831620528118
77_20240826 18,1538.6695527396964
77_20240826 19,1345.5703822476771
77_20240826 20,1322.2136611860542
77_20240826 21,1266.9956721771737
77_20240826 22,1037.1259624926547
77_20240826 23,991.9625151756469
77_20240827 00,1092.8830330907538
77_20240827 01,1269.784863899833
77_20240827 02,1229.3285455868813
77_20240827 03,1202.250828078593
77_20240827 04,1208.544752124721
77_20240827 05,1142.8076229190478
77_20240827 06,1144.2723372800951
77_20240827 07,1273.0743232887728
77_20240827 08,1548.6333772127095
77_20240827 09,1645.4196476981842
77_20240827 10,1762.076809557186
77_20240827 11,1680.5097818525885
77_20240827 12,1637.2171771168064
77_20240827 13,1656.561070346402
77_20240827 14,1669.9477530444992
77_20240827 15,1717.440956720599
77_20240827 16,1743.4906216231057
77_20240827 17,1645.3282455127778
77_20240827 18,1406.4413066332138
77_20240827 19,1319.014403156254
77_20240827 20,1270.707827392081
77_20240827 21,1202.1487310659809
77_20240827 22,1079.1370145230298
77_20240827 23,1065.885110924331
77_20240828 00,1164.565762965037
77_20240828 01,1227.5457072586435
77_20240828 02,1188.5356356989444
77_20240828 03,1147.3821646204071
77_20240828 04,1049.158833371546
77_20240828 05,999.3084050166904
77_20240828 06,1020.3891020127248
77_20240828 07,1124.326550024267
77_20240828 08,1231.0428102587653
77_20240828 09,1361.4250802523761
77_20240828 10,1611.1354602328956
77_20240828 11,1584.2259844234175
77_20240828 12,1556.003363019387
77_20240828 13,1575.0299817435002
77_20240828 14,1581.7166972395003
77_20240828 15,1652.776812628903
77_20240828 16,1723.4495283663937
77_20240828 17,1545.6688185245525
77_20240828 18,1315.7194026687707
77_20240828 19,1266.4539305801911
77_20240828 20,1241.268319198246
77_20240828 21,1189.8240424646556
77_20240828 22,1105.7175489743865
77_20240828 23,1070.0672667188937
77_20240829 00,1142.2683693987049
77_20240829 01,1153.1112851573912
77_20240829 02,1099.7896928796572
77_20240829 03,1058.3631292974028
77_20240829 04,1004.5095603669315
77_20240829 05,969.1037577398788
77_20240829 06,968.2336224935098
77_20240829 07,1102.8907030974456
77_20240829 08,1240.1920051042448
77_20240829 09,1468.0381466903227
77_20240829 10,1715.6280317519515
77_20240829 11,1670.8792730845298
77_20240829 12,1641.1467073569834
77_20240829 13,1710.639991302307
77_20240829 14,1784.6857486608849
77_20240829 15,1835.2687765824617
77_20240829 16,1845.3978764018239
77_20240829 17,1708.6784217505356
77_20240829 18,1469.3141335532885
77_20240829 19,1389.6323398941772
77_20240829 20,1369.3658044006945
77_20240829 21,1323.666140528484
77_20240829 22,1229.4191551122162
77_20240829 23,1170.0459622618232
77_20240830 00,1221.6625634013271
77_20240830 01,1227.5332672183351
77_20240830 02,1196.4575059588392
77_20240830 03,1159.1845105284303
77_20240830 04,1116.453113084448
77_20240830 05,1082.3807336544057
77_20240830 06,1055.2648809030845
77_20240830 07,1182.7856142442442
77_20240830 08,1380.9358028654624
77_20240830 09,1488.9020230267683
77_20240830 10,1753.7982589592905
77_20240830 11,1673.9517269319826
77_20240830 12,1622.2901639935558
77_20240830 13,1667.6633068664316
77_20240830 14,1743.069368801418
77_20240830 15,1818.7393781679166
77_20240830 16,1852.4667488281534
77_20240830 17,1725.3726254837602
77_20240830 18,1489.9490896870382
77_20240830 19,1392.32619823434
77_20240830 20,1360.1541929275027
77_20240830 21,1295.3334687082347
77_20240830 22,1180.9602821370195
77_20240830 23,1242.3996173489588
77_20240831 00,1190.039453609911
77_20240831 01,1151.5920607856983
77_20240831 02,1106.4350975353066
77_20240831 03,1064.3975822878333
77_20240831 04,1007.8015368722937
77_20240831 05,987.0785816004709
77_20240831 06,1008.8502206814386
77_20240831 07,1192.0643885700108
77_20240831 08,1326.7448329438762
77_20240831 09,1487.2140354439962
77_20240831 10,1730.4992920352336
77_20240831 11,1663.7950316315605
77_20240831 12,1612.5302074561014
77_20240831 13,1696.2612964773064
77_20240831 14,1784.2158403138992
77_20240831 15,1857.4334281407646
77_20240831 16,1893.246241185644
77_20240831 17,1783.019046382968
77_20240831 18,1530.292812473727
77_20240831 19,1407.2638873862447
77_20240831 20,1387.3138788126203
77_20240831 21,1330.646340991831
77_20240831 22,1248.5292410288903
77_20240831 23,1239.544218073711
78_20240825 00,1418.7006804431735
78_20240825 01,1242.8240402351796
78_20240825 02,1121.4369626938358
78_20240825 03,1036.892715114248
78_20240825 04,966.2993266752059
78_20240825 05,978.8403163967841
78_20240825 06,1010.1932683939189
78_20240825 07,1119.185875922486
78_20240825 08,1345.6650141134098
78_20240825 09,1604.7752672867664
78_20240825 10,1761.0962736960137
78_20240825 11,1845.5253032472044
78_20240825 12,1898.041520517542
78_20240825 13,1903.9537337003476
78_20240825 14,1931.5667930375928
78_20240825 15,1958.932061612401
78_20240825 16,1946.723349508872
78_20240825 17,1933.2515686466058
78_20240825 18,2047.0265025521685
78_20240825 19,2055.813947714532
78_20240825 20,2039.7941921809204
78_20240825 21,2012.1381875389652
78_20240825 22,1860.8632476497005
78_20240825 23,1702.7400648247803
78_20240826 00,1432.0195948711696
78_20240826 01,1232.8350260912139
78_20240826 02,1107.004072293927
78_20240826 03,1035.5589167486914
78_20240826 04,994.0804982011058
78_20240826 05,1021.3145298103293
78_20240826 06,1176.1411642128012
78_20240826 07,1338.4364027230265
78_20240826 08,1507.3372401692493
78_20240826 09,1678.1241181016737
78_20240826 10,1746.9010084375666
78_20240826 11,1784.558055746826
78_20240826 12,1850.962922705707
78_20240826 13,1864.4994433730913
78_20240826 14,1886.4907407193252
78_20240826 15,1902.6562547607864
78_20240826 16,1885.7909397253934
78_20240826 17,1901.4929717804794
78_20240826 18,2008.578858444421
78_20240826 19,2002.9853785759378
78_20240826 20,2000.618340555975
78_20240826 21,2009.629642858528
78_20240826 22,1896.1142625829707
78_20240826 23,1701.4581888528066
78_20240827 00,1409.850846940628
78_20240827 01,1239.784098977498
78_20240827 02,1124.605414251799
78_20240827 03,1044.019588709466
78_20240827 04,984.3663734954844
78_20240827 05,1021.2830584450026
78_20240827 06,1175.439532599456
78_20240827 07,1318.629479411329
78_20240827 08,1403.1167983645255
78_20240827 09,1530.4091448661275
78_20240827 10,1575.5567076015573
78_20240827 11,1584.5409290044938
78_20240827 12,1613.5298663472659
78_20240827 13,1638.1492635031768
78_20240827 14,1625.7710038483697
78_20240827 15,1707.800789391314
78_20240827 16,1712.8744890622272
78_20240827 17,1767.2536499869134
78_20240827 18,1899.9498889794831
78_20240827 19,1949.0329571630195
78_20240827 20,1888.1978151029152
78_20240827 21,1881.464272554107
78_20240827 22,1787.2215105204132
78_20240827 23,1577.4632198295094
78_20240828 00,1308.429858975454
78_20240828 01,1134.2197635359132
78_20240828 02,1027.688652303145
78_20240828 03,946.4172438366306
78_20240828 04,894.6971826357411
78_20240828 05,918.1763301219755
78_20240828 06,1027.6965214682623
78_20240828 07,1190.8557858381673
78_20240828 08,1335.4817898380375
78_20240828 09,1493.7519427514862
78_20240828 10,1588.376070798201
78_20240828 11,1637.5391459219902
78_20240828 12,1674.9434094533667
78_20240828 13,1734.0506582821877
78_20240828 14,1738.8101533171953
78_20240828 15,1782.2910473821446
78_20240828 16,1798.1035050524383
78_20240828 17,1858.2632893376087
78_20240828 18,1936.9526817105823
78_20240828 19,1980.2619045146623
78_20240828 20,1892.092297245453
78_20240828 21,1881.0465349024391
78_20240828 22,1806.4417606642896
78_20240828 23,1566.4373550425862
78_20240829 00,1348.4140846980067
78_20240829 01,1141.2085091319016
78_20240829 02,1002.1642517100265
78_20240829 03,938.3622123488084
78_20240829 04,884.4723703424577
78_20240829 05,908.4814550299895
78_20240829 06,1043.4968226262974
78_20240829 07,1160.9401985433112
78_20240829 08,1300.2878512136267
78_20240829 09,1445.265574161237
78_20240829 10,1549.5820024235647
78_20240829 11,1588.9962983791963
78_20240829 12,1672.1150005579761
78_20240829 13,1685.52070575691
78_20240829 14,1716.815127230665
78_20240829 15,1767.5182619011007
78_20240829 16,1756.0294557253874
78_20240829 17,1790.860618159687
78_20240829 18,1835.7551500644397
78_20240829 19,1867.8543245435478
78_20240829 20,1813.3652406498952
78_20240829 21,1783.1428524701385
78_20240829 22,1680.2250339095713
78_20240829 23,1491.7799491882083
78_20240830 00,1286.143225400946
78_20240830 01,1117.2907303640638
78_20240830 02,977.4417815596479
78_20240830 03,911.3722085439522
78_20240830 04,865.6994477524117
78_20240830 05,895.9031820382202
78_20240830 06,1034.2970856283678
78_20240830 07,1166.4102092186195
78_20240830 08,1351.9617635571076
78_20240830 09,1508.399862282899
78_20240830 10,1573.104208670421
78_20240830 11,1576.2221162213623
78_20240830 12,1671.0536256157952
78_20240830 13,1677.4998244932017
78_20240830 14,1710.4149919009485
78_20240830 15,1776.0294190325121
78_20240830 16,1792.9714234576145
78_20240830 17,1781.56407716515
78_20240830 18,1792.7418043324103
78_20240830 19,1792.4461908641736
78_20240830 20,1727.357763551431
78_20240830 21,1674.6991745401901
78_20240830 22,1625.2119627655088
78_20240830 23,1448.3309542822187
78_20240831 00,1228.7648340205005
78_20240831 01,1117.473745509924
78_20240831 02,982.8567257107832
78_20240831 03,911.119861841385
78_20240831 04,820.63301205058
78_20240831 05,829.9726527222431
78_20240831 06,918.9328374565055
78_20240831 07,1061.1680784131654
78_20240831 08,1170.4794379879643
78_20240831 09,1397.077187347753
78_20240831 10,1533.732909404186
78_20240831 11,1625.2465703720454
78_20240831 12,1671.5173666877017
78_20240831 13,1713.5262275170085
78_20240831 14,1763.809273318705
78_20240831 15,1793.504911205696
78_20240831 16,1767.763428996125
78_20240831 17,1771.66150532972
78_20240831 18,1775.741650989345
78_20240831 19,1749.2225590337578
78_20240831 20,1714.2855890878272
78_20240831 21,1679.512201264115
78_20240831 22,1511.3900171646897
78_20240831 23,1411.5101725599884
79_20240825 00,2187.9456788795865
79_20240825 01,2035.1040337870795
79_20240825 02,1974.8328087784078
79_20240825 03,1969.6527809587205
79_20240825 04,1957.1915784903754
79_20240825 05,2023.2330983372522
79_20240825 06,2433.17610011159
79_20240825 07,3377.168322688917
79_20240825 08,4886.434909377145
79_20240825 09,7047.578796299697
79_20240825 10,10029.980861936901
79_20240825 11,10968.261040281364
79_20240825 12,10980.373144351515
79_20240825 13,11200.862964840606
79_20240825 14,11078.279585067867
79_20240825 15,11051.52447683005
79_20240825 16,11108.764881788726
79_20240825 17,10587.036341461519
79_20240825 18,10331.602889977505
79_20240825 19,10071.812456101206
79_20240825 20,8027.482169239021
79_20240825 21,4404.683893253489
79_20240825 22,2944.9839811486136
79_20240825 23,2413.018187018763
79_20240826 00,2127.0579273382396
79_20240826 01,2037.488599259747
79_20240826 02,1978.5628366252436
79_20240826 03,1966.8802789530546
79_20240826 04,1976.7635446267295
79_20240826 05,2040.8681679779038
79_20240826 06,2445.527779848053
79_20240826 07,3319.8385582849123
79_20240826 08,4586.124516271166
79_20240826 09,6521.933361966519
79_20240826 10,9242.558176151626
79_20240826 11,10142.132488665784
79_20240826 12,10255.701105120977
79_20240826 13,10316.982749120503
79_20240826 14,10276.826314125208
79_20240826 15,10175.128674367837
79_20240826 16,10163.298317035373
79_20240826 17,10043.286884693112
79_20240826 18,9907.875923718279
79_20240826 19,9566.121650987661
79_20240826 20,5987.828639504416
79_20240826 21,4210.601422057258
79_20240826 22,2842.733420363341
79_20240826 23,2368.709852617756
79_20240827 00,2116.257617833522
79_20240827 01,2073.579369871335
79_20240827 02,1993.987892847235
79_20240827 03,1979.7502062544113
79_20240827 04,1971.0119866544983
79_20240827 05,2074.112264247858
79_20240827 06,2535.314711044349
79_20240827 07,3356.857083976415
79_20240827 08,4709.865016576891
79_20240827 09,6578.598862420983
79_20240827 10,9642.830437201268
79_20240827 11,10297.957977163338
79_20240827 12,10375.725481420377
79_20240827 13,10442.044601914859
79_20240827 14,10210.757204622863
79_20240827 15,10021.940370586057
79_20240827 16,9935.120128075087
79_20240827 17,9717.882868883691
79_20240827 18,9605.451999782177
79_20240827 19,9525.461998360986
79_20240827 20,5971.402932852991
79_20240827 21,3996.1582923056976
79_20240827 22,2811.600049909255
79_20240827 23,2327.4531877905783
79_20240828 00,2073.332994925366
79_20240828 01,2002.1568950374187
79_20240828 02,1945.2319327027908
79_20240828 03,1954.7313181710058
79_20240828 04,1922.8723799753802
79_20240828 05,2010.8982975959138
79_20240828 06,2443.329147304482
79_20240828 07,3233.7037779122375
79_20240828 08,4375.373132866868
79_20240828 09,6299.267860425287
79_20240828 10,9145.859212168296
79_20240828 11,9921.849939829153
79_20240828 12,10014.449698299097
79_20240828 13,10102.74777170847
79_20240828 14,9972.203817179157
79_20240828 15,9918.66012125949
79_20240828 16,9897.243434477577
79_20240828 17,9690.762788295719
79_20240828 18,9655.274827691888
79_20240828 19,9423.836147776776
79_20240828 20,5903.3739169037635
79_20240828 21,3998.265247007733
79_20240828 22,2805.492918794487
79_20240828 23,2326.239034607037
79_20240829 00,2105.395580738271
79_20240829 01,1997.2310721076778
79_20240829 02,1935.8180169188838
79_20240829 03,1949.9057541869397
79_20240829 04,1948.4452323591245
79_20240829 05,2004.4491927347553
79_20240829 06,2445.0318545881714
79_20240829 07,3293.1934284099034
79_20240829 08,4567.438956509648
79_20240829 09,6549.077528196043
79_20240829 10,9274.206725421189
79_20240829 11,10281.836774862684
79_20240829 12,10322.800793202605
79_20240829 13,10281.629414913938
79_20240829 14,10320.90917010754
79_20240829 15,10206.982507900237
79_20240829 16,10182.194848839932
79_20240829 17,9968.139417204624
79_20240829 18,9746.14550955873
79_20240829 19,9530.463915398243
79_20240829 20,6324.408967713178
79_20240829 21,4089.5941093843053
79_20240829 22,2868.058329065767
79_20240829 23,2358.244551926552
79_20240830 00,2143.4198758424977
79_20240830 01,2059.4698501089442
79_20240830 02,1954.8685165725578
79_20240830 03,1948.6103224641265
79_20240830 04,1923.3443525450834
79_20240830 05,1997.3414604559198
79_20240830 06,2434.6682324959693
79_20240830 07,3354.735002789959
79_20240830 08,4715.700840774494
79_20240830 09,6698.361748321633
79_20240830 10,9349.985980159217
79_20240830 11,10172.520228299296
79_20240830 12,10318.826726574995
79_20240830 13,10406.370217299132
79_20240830 14,10389.546207981442
79_20240830 15,10367.440264715591
79_20240830 16,10344.787108793553
79_20240830 17,10336.686584903586
79_20240830 18,10230.04415483002
79_20240830 19,9944.703153254597
79_20240830 20,7920.072912330013
79_20240830 21,4234.254536397695
79_20240830 22,2891.483705565172
79_20240830 23,2334.5833863079833
79_20240831 00,2105.079555276272
79_20240831 01,2008.1184989873384
79_20240831 02,1967.0563744624994
79_20240831 03,1963.0312007337834
79_20240831 04,1951.7981897581367
79_20240831 05,2012.4924710631994
79_20240831 06,2466.8711193536683
79_20240831 07,3292.257906984545
79_20240831 08,4574.790629356642
79_20240831 09,6642.879881617146
79_20240831 10,9310.218391446371
79_20240831 11,10212.382106124267
79_20240831 12,10361.944491035447
79_20240831 13,10413.079867715665
79_20240831 14,10521.475607864515
79_20240831 15,10500.776049109587
79_20240831 16,10635.383926983928
79_20240831 17,10360.315458186607
79_20240831 18,10103.119021945648
79_20240831 19,9988.654758013796
79_20240831 20,7972.561831199031
79_20240831 21,4287.577336797651
79_20240831 22,2997.922581671114
79_20240831 23,2457.192859268053
80_20240825 00,1975.4880957027203
80_20240825 01,1968.2135199958548
80_20240825 02,1977.7893573329106
80_20240825 03,1969.4142249921924
80_20240825 04,1962.0355468219323
80_20240825 05,1942.6894075313749
80_20240825 06,1944.9549754496163
80_20240825 07,1931.7287716514807
80_20240825 08,1892.2978734663027
80_20240825 09,1940.4480228479626
80_20240825 10,2115.3841641484382
80_20240825 11,2108.7892743559814
80_20240825 12,2053.513998573938
80_20240825 13,2100.6839036202355
80_20240825 14,2107.2730536474246
80_20240825 15,2158.8086368884087
80_20240825 16,2276.2877845677203
80_20240825 17,2098.1524632003247
80_20240825 18,2047.4276507868874
80_20240825 19,2060.2686392811884
80_20240825 20,2033.612585608636
80_20240825 21,2022.7016482017461
80_20240825 22,1999.6335382481152
80_20240825 23,1971.895341426893
80_20240826 00,2012.0306063397566
80_20240826 01,1997.8961611739126
80_20240826 02,1997.785212156508
80_20240826 03,1992.5442886425187
80_20240826 04,1942.4059970380745
80_20240826 05,1936.7516879292848
80_20240826 06,1940.781167165504
80_20240826 07,2130.2445506846943
80_20240826 08,2919.3940205981025
80_20240826 09,3290.7193340582453
80_20240826 10,3348.0130779530855
80_20240826 11,3295.5497182900444
80_20240826 12,3214.895588879099
80_20240826 13,3243.800980351978
80_20240826 14,3368.5045994098687
80_20240826 15,3424.717641093608
80_20240826 16,3477.291383896437
80_20240826 17,3409.658115216877
80_20240826 18,2617.0440324540464
80_20240826 19,2434.566650701549
80_20240826 20,2226.4618590781674
80_20240826 21,2132.7850688108874
80_20240826 22,2060.8442999589543
80_20240826 23,1995.6794096222152
80_20240827 00,2017.3549290456237
80_20240827 01,2006.61245818499
80_20240827 02,2010.7747443426797
80_20240827 03,2009.173223703889
80_20240827 04,1967.2717870742756
80_20240827 05,1943.329211861112
80_20240827 06,1950.5888060154764
80_20240827 07,2122.3701918391407
80_20240827 08,2873.694370518213
80_20240827 09,3224.923899963619
80_20240827 10,3277.259453498046
80_20240827 11,3262.632457273359
80_20240827 12,3215.064932369508
80_20240827 13,3306.583660769699
80_20240827 14,3294.4924012440847
80_20240827 15,3323.5964875146165
80_20240827 16,3331.203369659591
80_20240827 17,3284.6556666970855
80_20240827 18,2630.352027493633
80_20240827 19,2427.791470830951
80_20240827 20,2178.566144031607
80_20240827 21,2117.796164658037
80_20240827 22,2067.820987379807
80_20240827 23,1999.0450724865261
80_20240828 00,1998.1097162416465
80_20240828 01,1986.8294380214782
80_20240828 02,1983.8549149205492
80_20240828 03,1980.3634785227473
80_20240828 04,1943.6223408327423
80_20240828 05,1932.2906839214802
80_20240828 06,1946.062314882786
80_20240828 07,2129.6182292429553
80_20240828 08,2795.4359679755107
80_20240828 09,3126.4394666720304
80_20240828 10,3203.159715664392
80_20240828 11,3175.67937286918
80_20240828 12,3126.4911388060355
80_20240828 13,3200.8401131623505
80_20240828 14,3240.1500834269364
80_20240828 15,3254.9703441641464
80_20240828 16,3253.6341890836993
80_20240828 17,3214.910683250034
80_20240828 18,2563.835435403357
80_20240828 19,2385.6301297217406
80_20240828 20,2127.0900029918475
80_20240828 21,2080.59199808635
80_20240828 22,2039.9088933307266
80_20240828 23,1994.7315297058315
80_20240829 00,1978.3761718305052
80_20240829 01,1963.8503786682961
80_20240829 02,1963.425486415966
80_20240829 03,1961.3233956785662
80_20240829 04,1933.39880075823
80_20240829 05,1932.1102412056584
80_20240829 06,1921.6354977957712
80_20240829 07,2081.4552528774384
80_20240829 08,2709.8650431181577
80_20240829 09,3030.094145410932
80_20240829 10,3046.8889602541
80_20240829 11,2992.4190027479867
80_20240829 12,2946.4930069883694
80_20240829 13,2982.747674390249
80_20240829 14,3047.2198431492707
80_20240829 15,3086.6124408308533
80_20240829 16,3126.346092880546
80_20240829 17,3069.0783472210355
80_20240829 18,2505.4244347583635
80_20240829 19,2371.4649643093953
80_20240829 20,2102.0996020821954
80_20240829 21,2017.644751407582
80_20240829 22,1981.098889894935
80_20240829 23,1936.7226749231936
80_20240830 00,1922.9538979147833
80_20240830 01,1926.59370922194
80_20240830 02,1910.4794000392571
80_20240830 03,1920.1792738751415
80_20240830 04,1885.7312507220522
80_20240830 05,1878.59785806035
80_20240830 06,1870.1598572125258
80_20240830 07,1974.5391879843899
80_20240830 08,2673.848487524732
80_20240830 09,3027.538129080729
80_20240830 10,3044.8068748876813
80_20240830 11,2993.4873666708318
80_20240830 12,2958.1084477050144
80_20240830 13,2967.149627284767
80_20240830 14,3044.0259202678953
80_20240830 15,3070.5016858486224
80_20240830 16,3084.115250809316
80_20240830 17,3031.660779523891
80_20240830 18,2393.626241853687
80_20240830 19,2243.860666832895
80_20240830 20,2029.7363660923406
80_20240830 21,1983.584032511083
80_20240830 22,1940.914835653114
80_20240830 23,1906.1241756552308
80_20240831 00,1871.2409140310344
80_20240831 01,1867.253442332681
80_20240831 02,1866.1218964894076
80_20240831 03,1865.6202967175095
80_20240831 04,1859.9492939555726
80_20240831 05,1856.2896499966475
80_20240831 06,1840.949194473032
80_20240831 07,1835.779809592591
80_20240831 08,1797.2921204484262
80_20240831 09,1779.086731850076
80_20240831 10,1835.3478594086705
80_20240831 11,1838.3854878398647
80_20240831 12,1812.3521220274183
80_20240831 13,1883.3424836566105
80_20240831 14,1916.470015767979
80_20240831 15,1986.0298710162408
80_20240831 16,2080.1309054348458
80_20240831 17,1961.960357629595
80_20240831 18,1942.7699304582188
80_20240831 19,1929.9045450656026
80_20240831 20,1934.4282770299155
80_20240831 21,1914.603830073619
80_20240831 22,1911.756399056328
80_20240831 23,1893.2395320886744
81_20240825 00,1168.3605905399054
81_20240825 01,1173.86046474539
81_20240825 02,1161.6360047034361
81_20240825 03,1169.121166177186
81_20240825 04,1164.7045556037567
81_20240825 05,1157.237892829689
81_20240825 06,1151.89525184318
81_20240825 07,1161.7345122644144
81_20240825 08,1172.529032494259
81_20240825 09,1175.1138715149189
81_20240825 10,1165.3906438360045
81_20240825 11,1181.3783788143542
81_20240825 12,1168.7211310037605
81_20240825 13,1132.7339571917955
81_20240825 14,1153.862081260286
81_20240825 15,1148.9661116980624
81_20240825 16,1149.008211823476
81_20240825 17,1158.491734153692
81_20240825 18,1168.4963761622926
81_20240825 19,1166.5640897751905
81_20240825 20,1167.9641082905573
81_20240825 21,1167.891000448356
81_20240825 22,1161.8550837458165
81_20240825 23,1162.8240285686074
81_20240826 00,1174.188711961922
81_20240826 01,1175.4926111647164
81_20240826 02,1171.0214405815127
81_20240826 03,1169.3714037407228
81_20240826 04,1160.2596299199654
81_20240826 05,1161.143146575109
81_20240826 06,1151.2645255558307
81_20240826 07,1168.2569589629302
81_20240826 08,1183.4120435224531
81_20240826 09,1199.8526128101803
81_20240826 10,1108.318376999699
81_20240826 11,1043.5836848589897
81_20240826 12,1121.2874507201036
81_20240826 13,1011.9633052899927
81_20240826 14,976.0436240590359
81_20240826 15,967.7795927462546
81_20240826 16,1012.0938833781818
81_20240826 17,1111.5341016276152
81_20240826 18,1208.8919422964732
81_20240826 19,1204.2945403258086
81_20240826 20,1182.6389381131044
81_20240826 21,1180.0778281248708
81_20240826 22,1174.619580277027
81_20240826 23,1173.5172904219962
81_20240827 00,1188.1529206272712
81_20240827 01,1185.6000422667553
81_20240827 02,1179.937566535128
81_20240827 03,1177.7026322290003
81_20240827 04,1170.7239967398536
81_20240827 05,1172.9696688916824
81_20240827 06,1162.1304715953672
81_20240827 07,1171.7704741953435
81_20240827 08,1180.4449528371356
81_20240827 09,1201.9439984410474
81_20240827 10,1216.8040112621661
81_20240827 11,1215.7445699076827
81_20240827 12,1215.3773305478971
81_20240827 13,1153.6764708702162
81_20240827 14,1106.7872026651223
81_20240827 15,1109.2486860047643
81_20240827 16,1136.1359005250072
81_20240827 17,1154.289935532483
81_20240827 18,1197.4085626750984
81_20240827 19,1169.00394349552
81_20240827 20,1161.9846959117976
81_20240827 21,1159.645080414443
81_20240827 22,1162.7011521151148
81_20240827 23,1161.3074006255551
81_20240828 00,1174.8681918306524
81_20240828 01,1173.9675118500832
81_20240828 02,1170.877965656456
81_20240828 03,1170.3077791888923
81_20240828 04,1164.6476341309035
81_20240828 05,1165.6721581163183
81_20240828 06,1161.9229323086079
81_20240828 07,1162.7660949224908
81_20240828 08,1174.9417771425171
81_20240828 09,1189.8692326234307
81_20240828 10,1173.6304346462266
81_20240828 11,1162.81585928514
81_20240828 12,1153.0086747722255
81_20240828 13,1074.5537034688066
81_20240828 14,1107.8540746825902
81_20240828 15,1054.2259822997146
81_20240828 16,1127.1087556996706
81_20240828 17,1161.9207824590953
81_20240828 18,1196.6317790341059
81_20240828 19,1191.6249024011547
81_20240828 20,1174.3904714714815
81_20240828 21,1172.52795811884
81_20240828 22,1168.6893773916795
81_20240828 23,1170.472615800538
81_20240829 00,1183.1974797738685
81_20240829 01,1181.929815727096
81_20240829 02,1178.7560134917114
81_20240829 03,1175.5068144854936
81_20240829 04,1171.4760430459382
81_20240829 05,1172.6438432523948
81_20240829 06,1167.920373380041
81_20240829 07,1173.7096619087556
81_20240829 08,1182.6588893295095
81_20240829 09,1198.620278836666
81_20240829 10,1193.1451891765428
81_20240829 11,1184.2284193483868
81_20240829 12,1183.6309952194893
81_20240829 13,1159.5777334637608
81_20240829 14,1095.380859840971
81_20240829 15,1107.489433660688
81_20240829 16,1110.1735208193618
81_20240829 17,1147.8091151927933
81_20240829 18,1194.8520516764004
81_20240829 19,1188.6569339422065
81_20240829 20,1175.1890247955803
81_20240829 21,1172.8574943376325
81_20240829 22,1172.1386908618783
81_20240829 23,1171.6515251198994
81_20240830 00,1183.4460869520503
81_20240830 01,1180.9309557218326
81_20240830 02,1178.5670335815526
81_20240830 03,1173.214694930632
81_20240830 04,1167.7780980357238
81_20240830 05,1169.1174093114985
81_20240830 06,1161.9148456638666
81_20240830 07,1169.6831191944293
81_20240830 08,1177.888012298925
81_20240830 09,1191.3234056366298
81_20240830 10,1166.7518720505007
81_20240830 11,1104.9564421797197
81_20240830 12,1042.8132616882672
81_20240830 13,987.6354110093852
81_20240830 14,954.9063213770085
81_20240830 15,970.067403054032
81_20240830 16,968.3513581144816
81_20240830 17,1038.2473043650411
81_20240830 18,1165.229256652764
81_20240830 19,1189.2987421123587
81_20240830 20,1176.0316154682016
81_20240830 21,1174.0530498804078
81_20240830 22,1167.4879772753084
81_20240830 23,1166.8018349173503
81_20240831 00,1182.2411562664156
81_20240831 01,1180.4177138217872
81_20240831 02,1175.7529945011827
81_20240831 03,1175.8472319333582
81_20240831 04,1170.6191840373758
81_20240831 05,1166.72687175657
81_20240831 06,1160.260807844823
81_20240831 07,1161.9856125224958
81_20240831 08,1169.1937668565931
81_20240831 09,1175.1884338735742
81_20240831 10,1177.3205004774848
81_20240831 11,1168.819427642479
81_20240831 12,1164.3762940940724
81_20240831 13,1147.8504641395562
81_20240831 14,1147.842782383676
81_20240831 15,1152.8854059688751
81_20240831 16,1163.979468032165
81_20240831 17,1165.727195664567
81_20240831 18,1173.4607392828634
81_20240831 19,1172.6612626402803
81_20240831 20,1170.0263899376885
81_20240831 21,1168.5868676456928
81_20240831 22,1166.7180013570219
81_20240831 23,1167.247320518814
82_20240825 00,523.1180334905575
82_20240825 01,511.08383020377335
82_20240825 02,508.0372364634368
82_20240825 03,501.62511201591076
82_20240825 04,500.54797584185656
82_20240825 05,502.00863262027144
82_20240825 06,536.1142146250103
82_20240825 07,606.6405465124714
82_20240825 08,781.2475654581749
82_20240825 09,1425.215833198588
82_20240825 10,1969.8676255892406
82_20240825 11,2105.1958723457997
82_20240825 12,2177.8522163699527
82_20240825 13,2192.292387902815
82_20240825 14,2176.744807699347
82_20240825 15,2128.572115032841
82_20240825 16,2100.544969910695
82_20240825 17,2104.5118666269764
82_20240825 18,2070.3888563752625
82_20240825 19,2052.223194943009
82_20240825 20,1903.5225973795843
82_20240825 21,1498.156299835958
82_20240825 22,817.1904395589884
82_20240825 23,535.2343954030832
82_20240826 00,504.99437327064174
82_20240826 01,495.4031868793536
82_20240826 02,499.87215643679707
82_20240826 03,496.68350029017876
82_20240826 04,491.9933821268997
82_20240826 05,491.9448514797233
82_20240826 06,497.9295432975003
82_20240826 07,540.0423928670821
82_20240826 08,714.3162719779946
82_20240826 09,1255.3568776175382
82_20240826 10,1754.5237711147581
82_20240826 11,1841.3987694744815
82_20240826 12,1861.368294808728
82_20240826 13,1874.081731871306
82_20240826 14,1858.8327165585551
82_20240826 15,1848.3199567574015
82_20240826 16,1831.0764494075693
82_20240826 17,1834.1109887600687
82_20240826 18,1817.1594112031307
82_20240826 19,1809.2358919760895
82_20240826 20,1732.4736449367783
82_20240826 21,1457.8046993295118
82_20240826 22,839.5078110671631
82_20240826 23,550.3167168362529
82_20240827 00,519.8451695616486
82_20240827 01,507.4452471995886
82_20240827 02,512.7055824826948
82_20240827 03,502.56749221331165
82_20240827 04,497.35966001878825
82_20240827 05,496.2441553594588
82_20240827 06,505.66599621769933
82_20240827 07,570.173716724824
82_20240827 08,761.1591340992957
82_20240827 09,1311.0952155125788
82_20240827 10,1848.466874715819
82_20240827 11,1954.174930442459
82_20240827 12,1949.8953152631223
82_20240827 13,1986.2543783780354
82_20240827 14,1964.6374110902732
82_20240827 15,1909.0768970266786
82_20240827 16,1889.691310723698
82_20240827 17,1914.4159699665543
82_20240827 18,1900.318041021087
82_20240827 19,1917.1080896861688
82_20240827 20,1819.9653922736425
82_20240827 21,1503.1199294605879
82_20240827 22,834.6486494292532
82_20240827 23,531.1263233108896
82_20240828 00,499.5315266976908
82_20240828 01,479.4956399934924
82_20240828 02,479.9549570031802
82_20240828 03,476.49571311658895
82_20240828 04,476.02618262831334
82_20240828 05,481.4067786787127
82_20240828 06,490.9930051213058
82_20240828 07,550.8385881165377
82_20240828 08,718.9279697661269
82_20240828 09,1098.8102412324192
82_20240828 10,1714.8346544230994
82_20240828 11,1875.6539804357035
82_20240828 12,1922.3166028496844
82_20240828 13,1936.999677236282
82_20240828 14,1901.305113308913
82_20240828 15,1866.4138631189337
82_20240828 16,1858.311184045059
82_20240828 17,1926.5174216529663
82_20240828 18,1903.4777177546305
82_20240828 19,1919.0327390094585
82_20240828 20,1797.2576824291605
82_20240828 21,1457.9624724229475
82_20240828 22,829.7358729748911
82_20240828 23,541.7389618321866
82_20240829 00,508.0390835532031
82_20240829 01,504.05384944396735
82_20240829 02,507.01817499683966
82_20240829 03,503.2855976223101
82_20240829 04,499.4701012454184
82_20240829 05,504.03270811059156
82_20240829 06,517.3080189448747
82_20240829 07,585.4812913741903
82_20240829 08,767.3918871488638
82_20240829 09,1245.6854922288214
82_20240829 10,1852.8753402750074
82_20240829 11,1941.932502257633
82_20240829 12,1965.097645800724
82_20240829 13,2006.1216083136815
82_20240829 14,1995.1667314514661
82_20240829 15,1944.5218307869523
82_20240829 16,1952.585443818351
82_20240829 17,1981.0531453433302
82_20240829 18,1957.7768016141795
82_20240829 19,1936.178734577897
82_20240829 20,1841.9302592387758
82_20240829 21,1485.7346383630247
82_20240829 22,840.1904052538316
82_20240829 23,541.530967253118
82_20240830 00,512.4043312400568
82_20240830 01,506.5250178226557
82_20240830 02,507.7895284225953
82_20240830 03,504.88493210994085
82_20240830 04,499.0921798035613
82_20240830 05,505.7036994414743
82_20240830 06,507.9202288413401
82_20240830 07,561.6323173233893
82_20240830 08,740.9340982015108
82_20240830 09,1318.3152036125439
82_20240830 10,1846.3334664725205
82_20240830 11,1966.477390067718
82_20240830 12,2017.5655875894925
82_20240830 13,2041.2935508238934
82_20240830 14,2011.275950827567
82_20240830 15,1962.5026349941209
82_20240830 16,1969.2350246565118
82_20240830 17,2006.3527201333968
82_20240830 18,1988.951803946817
82_20240830 19,1940.3997089611216
82_20240830 20,1851.7023802741933
82_20240830 21,1495.2533924233373
82_20240830 22,866.1916179953741
82_20240830 23,541.6292870594212
82_20240831 00,509.89951571562403
82_20240831 01,499.70835233118015
82_20240831 02,497.6080371065698
82_20240831 03,495.89437759046666
82_20240831 04,490.6249233268735
82_20240831 05,495.64320808320383
82_20240831 06,521.3529766290044
82_20240831 07,606.2577750561719
82_20240831 08,769.0051964937778
82_20240831 09,1297.798819922746
82_20240831 10,1961.9362322471216
82_20240831 11,2072.4523951776728
82_20240831 12,2125.7098111586633
82_20240831 13,2145.756319790063
82_20240831 14,2131.342488807433
82_20240831 15,2115.0064530224927
82_20240831 16,2116.779565461975
82_20240831 17,2081.618930485047
82_20240831 18,2049.2886147751597
82_20240831 19,2024.194199494399
82_20240831 20,1905.3989852313348
82_20240831 21,1516.3635684656783
82_20240831 22,853.7261018130131
82_20240831 23,533.8618630897232
83_20240825 00,2623.0784960781593
83_20240825 01,2592.1450536635566
83_20240825 02,2581.7307370338995
83_20240825 03,2579.752027753473
83_20240825 04,2540.6666278227613
83_20240825 05,2533.8417609043063
83_20240825 06,2533.0228240909737
83_20240825 07,2523.6119548035604
83_20240825 08,2638.8648825624377
83_20240825 09,2670.050450921561
83_20240825 10,2632.6302768820974
83_20240825 11,2601.5555286711624
83_20240825 12,2615.2081915748677
83_20240825 13,2636.0706458879713
83_20240825 14,2643.251360232552
83_20240825 15,2674.330718149309
83_20240825 16,2794.9051744766793
83_20240825 17,2776.8902607612827
83_20240825 18,2753.060584799792
83_20240825 19,2744.2251366886358
83_20240825 20,2720.0033975526167
83_20240825 21,2696.3266402016516
83_20240825 22,2621.4128402258625
83_20240825 23,2603.106724130949
83_20240826 00,2643.9811865892625
83_20240826 01,2641.4454074369387
83_20240826 02,2634.743812396004
83_20240826 03,2623.2556870237963
83_20240826 04,2613.5235139246874
83_20240826 05,2593.663406234824
83_20240826 06,2602.369720128681
83_20240826 07,2617.8687360292174
83_20240826 08,2897.223780607848
83_20240826 09,3138.46343188542
83_20240826 10,3105.349389991332
83_20240826 11,3073.850331076125
83_20240826 12,3123.2696763499716
83_20240826 13,3114.4780489254117
83_20240826 14,3108.7067320710967
83_20240826 15,3188.930474902334
83_20240826 16,3176.7173647012232
83_20240826 17,3221.9359830690682
83_20240826 18,3164.4413360817225
83_20240826 19,3003.836794627119
83_20240826 20,2896.316643490126
83_20240826 21,2810.210243218865
83_20240826 22,2690.6056388381394
83_20240826 23,2623.0354950603987
83_20240827 00,2652.994268800422
83_20240827 01,2650.8174472451265
83_20240827 02,2645.0965802997252
83_20240827 03,2626.0094780871723
83_20240827 04,2623.266498569019
83_20240827 05,2612.2197562135957
83_20240827 06,2589.9956640341447
83_20240827 07,2603.719221557354
83_20240827 08,2854.1510299465017
83_20240827 09,3123.3968920645993
83_20240827 10,3095.182006390261
83_20240827 11,3087.837122050856
83_20240827 12,3102.2389256968004
83_20240827 13,3114.9821251837357
83_20240827 14,3123.1297642179015
83_20240827 15,3167.998808435441
83_20240827 16,3196.9945583384992
83_20240827 17,3208.6586027394674
83_20240827 18,3127.690313289802
83_20240827 19,2990.648237488711
83_20240827 20,2838.054860472362
83_20240827 21,2721.250891616451
83_20240827 22,2607.0493623427556
83_20240827 23,2561.8345080145214
83_20240828 00,2555.7904877059223
83_20240828 01,2551.8655522746835
83_20240828 02,2541.571166261856
83_20240828 03,2532.243375729813
83_20240828 04,2531.6344170858138
83_20240828 05,2518.506831827663
83_20240828 06,2518.9699479056544
83_20240828 07,2529.116028047839
83_20240828 08,2813.428902347043
83_20240828 09,3121.7299615449347
83_20240828 10,3065.6172708552276
83_20240828 11,3056.3264324233196
83_20240828 12,3151.443135905289
83_20240828 13,3079.747939962376
83_20240828 14,3056.1367723692
83_20240828 15,3153.195486750003
83_20240828 16,3167.922465372486
83_20240828 17,3173.889521655582
83_20240828 18,3136.760841660597
83_20240828 19,2985.649608141994
83_20240828 20,2844.1679045013425
83_20240828 21,2750.3566593733767
83_20240828 22,2619.9997080071757
83_20240828 23,2566.312759343634
83_20240829 00,2573.3437634455386
83_20240829 01,2564.882802640738
83_20240829 02,2557.811353485281
83_20240829 03,2534.9525130331326
83_20240829 04,2530.1298638639228
83_20240829 05,2525.982551437963
83_20240829 06,2527.0297877938433
83_20240829 07,2532.886911700274
83_20240829 08,2757.2664154712593
83_20240829 09,3082.7149453845905
83_20240829 10,3075.7229427314414
83_20240829 11,3055.6104483345907
83_20240829 12,3105.1405303572856
83_20240829 13,3096.824917190853
83_20240829 14,3092.258510101141
83_20240829 15,3139.0312304910103
83_20240829 16,3165.3411113227676
83_20240829 17,3195.9594937906604
83_20240829 18,3089.8253949142454
83_20240829 19,2970.1409188668667
83_20240829 20,2849.930535796735
83_20240829 21,2744.675678734936
83_20240829 22,2629.14122745673
83_20240829 23,2566.629757802142
83_20240830 00,2565.526637697899
83_20240830 01,2548.3239825967476
83_20240830 02,2538.117411486014
83_20240830 03,2526.5261945329703
83_20240830 04,2534.921816907624
83_20240830 05,2511.343523066297
83_20240830 06,2510.892674191886
83_20240830 07,2512.404121727769
83_20240830 08,2756.18803926517
83_20240830 09,3060.297268704269
83_20240830 10,3003.520367345523
83_20240830 11,2975.4003276902636
83_20240830 12,3024.331140886032
83_20240830 13,3015.388004347433
83_20240830 14,3027.0394971733867
83_20240830 15,3051.5325532811867
83_20240830 16,3108.983137565866
83_20240830 17,3126.6659538914273
83_20240830 18,3073.6158729256504
83_20240830 19,2954.1030824377967
83_20240830 20,2821.3433483936997
83_20240830 21,2735.0061984292715
83_20240830 22,2599.0935489042085
83_20240830 23,2529.7486086234176
83_20240831 00,2510.8221377395735
83_20240831 01,2492.257488551445
83_20240831 02,2489.561319841996
83_20240831 03,2483.976020423989
83_20240831 04,2453.669483880444
83_20240831 05,2449.152732735747
83_20240831 06,2452.338757585372
83_20240831 07,2438.513815143682
83_20240831 08,2509.127939345217
83_20240831 09,2566.006709843983
83_20240831 10,2552.605142059603
83_20240831 11,2522.0016455393106
83_20240831 12,2565.1957968365555
83_20240831 13,2583.3732461491245
83_20240831 14,2572.4090495397636
83_20240831 15,2611.3774766498323
83_20240831 16,2684.30335233205
83_20240831 17,2685.976198775991
83_20240831 18,2679.9070473220704
83_20240831 19,2661.7726566576084
83_20240831 20,2632.6460867758087
83_20240831 21,2612.9174076418776
83_20240831 22,2561.824906242169
83_20240831 23,2526.479354828827
84_20240825 00,1298.2226590487767
84_20240825 01,1238.5686730881955
84_20240825 02,1223.0409239839614
84_20240825 03,1201.4922814273673
84_20240825 04,1221.6813090011183
84_20240825 05,1320.307275912135
84_20240825 06,1422.5259092458225
84_20240825 07,1559.8239561953708
84_20240825 08,1696.9503750977701
84_20240825 09,1893.7991347578402
84_20240825 10,2142.277092363404
84_20240825 11,2310.9471767141813
84_20240825 12,2266.011206539547
84_20240825 13,2363.71907642556
84_20240825 14,2290.902759437769
84_20240825 15,2379.632693907901
84_20240825 16,2284.574733535418
84_20240825 17,2337.6982913509178
84_20240825 18,2127.941458042095
84_20240825 19,2065.0563409261576
84_20240825 20,1877.7821174529954
84_20240825 21,1766.814776056523
84_20240825 22,1580.0252997868063
84_20240825 23,1406.895354477776
84_20240826 00,1273.4158630210804
84_20240826 01,1190.5243106708292
84_20240826 02,1188.6618996863426
84_20240826 03,1150.291307608145
84_20240826 04,1175.8495063220116
84_20240826 05,1312.8545578203898
84_20240826 06,1392.2024694311326
84_20240826 07,1479.2970320496104
84_20240826 08,1647.9758560333726
84_20240826 09,1805.9316183831486
84_20240826 10,2051.6646773068096
84_20240826 11,2209.2068227182817
84_20240826 12,2144.9812824071737
84_20240826 13,2262.191226775605
84_20240826 14,2187.8390934546733
84_20240826 15,2329.5707796864044
84_20240826 16,2210.745637041032
84_20240826 17,2252.014788563125
84_20240826 18,2091.8101791102954
84_20240826 19,2010.3234189488912
84_20240826 20,1785.7502312601314
84_20240826 21,1672.3757980207558
84_20240826 22,1506.0900170356233
84_20240826 23,1388.9481590855708
84_20240827 00,1329.0925711117893
84_20240827 01,1261.190059297764
84_20240827 02,1208.426326650103
84_20240827 03,1203.642656542185
84_20240827 04,1201.8688841915282
84_20240827 05,1332.9208146759495
84_20240827 06,1376.905304812934
84_20240827 07,1484.272014355572
84_20240827 08,1584.194157485945
84_20240827 09,1708.1614343158662
84_20240827 10,1971.1896401645379
84_20240827 11,2134.952679428113
84_20240827 12,2026.0849160514585
84_20240827 13,2096.0470861114454
84_20240827 14,2015.337985245813
84_20240827 15,2190.275518987239
84_20240827 16,2095.8434560441165
84_20240827 17,2139.4111859628847
84_20240827 18,1997.098553559686
84_20240827 19,1813.6243021277014
84_20240827 20,1622.7919936860817
84_20240827 21,1522.2796995665142
84_20240827 22,1421.1749052223317
84_20240827 23,1304.8048346324574
84_20240828 00,1194.63913847768
84_20240828 01,1160.0923780772978
84_20240828 02,1150.7595462793838
84_20240828 03,1150.1608398551011
84_20240828 04,1160.9795509400506
84_20240828 05,1303.4524783119405
84_20240828 06,1360.6449133086417
84_20240828 07,1433.210509130774
84_20240828 08,1533.6525610836798
84_20240828 09,1638.1605901285598
84_20240828 10,1925.6123348820436
84_20240828 11,2110.5760329374766
84_20240828 12,2040.2555135561865
84_20240828 13,2177.3420218699807
84_20240828 14,2098.9558155946524
84_20240828 15,2215.9164832479105
84_20240828 16,2106.9152999405155
84_20240828 17,2154.709200402791
84_20240828 18,1981.336964566103
84_20240828 19,1915.9202625773964
84_20240828 20,1663.2403405980306
84_20240828 21,1563.9459885531492
84_20240828 22,1423.9049820814157
84_20240828 23,1325.3294178473584
84_20240829 00,1196.8679665581597
84_20240829 01,1123.8533846583102
84_20240829 02,1060.1330261042222
84_20240829 03,1071.3799459216716
84_20240829 04,1072.905788793421
84_20240829 05,1209.8436621028884
84_20240829 06,1310.7876826765528
84_20240829 07,1397.0633199491926
84_20240829 08,1511.8746650069218
84_20240829 09,1690.0754523090695
84_20240829 10,1897.736387632693
84_20240829 11,2077.4032286492175
84_20240829 12,2028.440849204901
84_20240829 13,2131.910930288207
84_20240829 14,2008.4607498377422
84_20240829 15,2159.1453735891855
84_20240829 16,2092.223433738548
84_20240829 17,2198.903204759162
84_20240829 18,1954.9118351416766
84_20240829 19,1913.078667058243
84_20240829 20,1738.6695325560934
84_20240829 21,1600.3416648606176
84_20240829 22,1448.3699458472743
84_20240829 23,1322.575762883996
84_20240830 00,1205.5433864991396
84_20240830 01,1135.0402564240067
84_20240830 02,1117.655776652519
84_20240830 03,1100.0477596201456
84_20240830 04,1111.1874363812474
84_20240830 05,1223.590494810555
84_20240830 06,1328.5376536076292
84_20240830 07,1403.1678007000835
84_20240830 08,1540.6625703059558
84_20240830 09,1710.3502151533562
84_20240830 10,1937.1725064511782
84_20240830 11,2109.608315270595
84_20240830 12,2019.279606325179
84_20240830 13,2160.1435376813056
84_20240830 14,2031.1890098115314
84_20240830 15,2196.3330382169306
84_20240830 16,2052.6110853098317
84_20240830 17,2132.833257604514
84_20240830 18,1967.4169244088855
84_20240830 19,1905.055687267169
84_20240830 20,1729.8854006591118
84_20240830 21,1594.445940207004
84_20240830 22,1418.316860534677
84_20240830 23,1307.0469195034702
84_20240831 00,1162.533980921723
84_20240831 01,1128.657534524897
84_20240831 02,1078.28856044634
84_20240831 03,1049.5285133343286
84_20240831 04,1065.6102930600164
84_20240831 05,1188.3670772576625
84_20240831 06,1260.987774292039
84_20240831 07,1359.6139288745471
84_20240831 08,1532.306003822376
84_20240831 09,1709.1875681811039
84_20240831 10,1956.945956710073
84_20240831 11,2207.0699752193464
84_20240831 12,2149.5097475732905
84_20240831 13,2248.9573264802984
84_20240831 14,2191.3091547813456
84_20240831 15,2269.274316724073
84_20240831 16,2151.9698250040565
84_20240831 17,2194.206149555363
84_20240831 18,2023.2383271801657
84_20240831 19,1937.2396057506894
84_20240831 20,1735.0273550065285
84_20240831 21,1615.6233795083322
84_20240831 22,1427.4624467504182
84_20240831 23,1261.4154096539282
85_20240825 00,23.165073816334015
85_20240825 01,18.138777799375013
85_20240825 02,15.370247570285564
85_20240825 03,14.822946111479428
85_20240825 04,14.083364103004119
85_20240825 05,14.062312169644247
85_20240825 06,12.478445447106935
85_20240825 07,16.732970983412848
85_20240825 08,25.576562447074902
85_20240825 09,35.99631661285336
85_20240825 10,37.765680802552296
85_20240825 11,36.05390961292166
85_20240825 12,33.73027135161469
85_20240825 13,30.115259062250253
85_20240825 14,27.4377802503819
85_20240825 15,26.11367028008466
85_20240825 16,28.311879723136734
85_20240825 17,33.47077036101879
85_20240825 18,37.554702749004534
85_20240825 19,39.562226922411234
85_20240825 20,47.16631365792533
85_20240825 21,47.981356230867455
85_20240825 22,40.57292643584162
85_20240825 23,30.024847157236508
85_20240826 00,21.104404945784985
85_20240826 01,17.15633087211129
85_20240826 02,14.975834193997143
85_20240826 03,14.278812867727016
85_20240826 04,14.314511942573896
85_20240826 05,14.253044424003804
85_20240826 06,17.543100392465576
85_20240826 07,33.28278154682943
85_20240826 08,35.66788927599467
85_20240826 09,30.80916694131013
85_20240826 10,25.340900073264116
85_20240826 11,24.793598183796107
85_20240826 12,23.202443837701995
85_20240826 13,21.907113749287
85_20240826 14,19.259340742898992
85_20240826 15,18.633270856223657
85_20240826 16,19.897432718191467
85_20240826 17,26.478723616534495
85_20240826 18,34.63532479141212
85_20240826 19,41.28661539439081
85_20240826 20,48.23440649355521
85_20240826 21,47.45019341505573
85_20240826 22,39.7962131190436
85_20240826 23,29.103440022074523
85_20240827 00,21.25220379523981
85_20240827 01,17.140186911910725
85_20240827 02,14.846885364947248
85_20240827 03,14.228853394628977
85_20240827 04,14.008275525253572
85_20240827 05,14.183749425352728
85_20240827 06,16.623294257227844
85_20240827 07,32.18898292097374
85_20240827 08,34.36078509431605
85_20240827 09,28.81217567263835
85_20240827 10,23.708948333416622
85_20240827 11,23.267211468323897
85_20240827 12,20.803809344416422
85_20240827 13,18.29031578771
85_20240827 14,17.78788333618231
85_20240827 15,17.464710084665143
85_20240827 16,18.569908414535732
85_20240827 17,25.047623285386305
85_20240827 18,33.32287387964485
85_20240827 19,38.45128288092529
85_20240827 20,47.729460059983026
85_20240827 21,47.161755313006324
85_20240827 22,39.81053797554989
85_20240827 23,29.83200593673926
85_20240828 00,20.87667475539499
85_20240828 01,16.971491330517466
85_20240828 02,14.896766923822376
85_20240828 03,14.366608507270577
85_20240828 04,14.116487755334472
85_20240828 05,14.141032915060379
85_20240828 06,16.647787481880457
85_20240828 07,32.46456217634494
85_20240828 08,34.89821850044624
85_20240828 09,30.334613162169028
85_20240828 10,23.84914968846499
85_20240828 11,21.034001269842022
85_20240828 12,19.234270587552878
85_20240828 13,18.121727799726695
85_20240828 14,19.473717200725922
85_20240828 15,17.607204113183315
85_20240828 16,18.527940464278224
85_20240828 17,24.8456761773714
85_20240828 18,34.56118909694717
85_20240828 19,39.34245980842093
85_20240828 20,46.217689608735185
85_20240828 21,47.423917511449794
85_20240828 22,39.73979654576003
85_20240828 23,29.724510706818386
85_20240829 00,22.361446500804398
85_20240829 01,17.076626610791465
85_20240829 02,14.900856504954824
85_20240829 03,14.02844026307167
85_20240829 04,14.001231972128085
85_20240829 05,14.18054381796468
85_20240829 06,16.466886067492197
85_20240829 07,30.1327015474916
85_20240829 08,33.71042985851422
85_20240829 09,31.99244822617173
85_20240829 10,26.065923035984596
85_20240829 11,23.681809495207112
85_20240829 12,20.85022304760723
85_20240829 13,20.211937410998978
85_20240829 14,18.033898511190827
85_20240829 15,18.306812239385494
85_20240829 16,20.405981401333662
85_20240829 17,25.022563098730515
85_20240829 18,33.39027919503305
85_20240829 19,38.658413826292545
85_20240829 20,46.78097022724408
85_20240829 21,44.430374205582325
85_20240829 22,39.20599107740617
85_20240829 23,29.308374900800146
85_20240830 00,21.098040144005534
85_20240830 01,17.242202438840735
85_20240830 02,14.953332177404915
85_20240830 03,14.142263251941786
85_20240830 04,14.389525979002773
85_20240830 05,14.07814744880344
85_20240830 06,16.435342209287835
85_20240830 07,31.603410754547287
85_20240830 08,35.089552608911184
85_20240830 09,31.112818116624375
85_20240830 10,24.48314646595186
85_20240830 11,23.679351540325467
85_20240830 12,20.68236190951723
85_20240830 13,19.434858915933685
85_20240830 14,18.983380177908767
85_20240830 15,18.976044250245547
85_20240830 16,20.260383343735015
85_20240830 17,25.59166579709549
85_20240830 18,31.247223813903318
85_20240830 19,37.45065024204021
85_20240830 20,42.54778216769447
85_20240830 21,41.98248624709589
85_20240830 22,37.41873224645224
85_20240830 23,31.227731212975954
85_20240831 00,23.110843755228295
85_20240831 01,18.245592888388927
85_20240831 02,15.223978981114357
85_20240831 03,14.24905871121731
85_20240831 04,14.0867774755585
85_20240831 05,13.769670228456071
85_20240831 06,12.742386006480995
85_20240831 07,19.481683018778924
85_20240831 08,29.976306731484378
85_20240831 09,37.94683561717895
85_20240831 10,36.81722230100741
85_20240831 11,33.39423340869021
85_20240831 12,29.1894982124603
85_20240831 13,26.48414665124953
85_20240831 14,24.982293265609904
85_20240831 15,22.834744664981496
85_20240831 16,25.103025996856516
85_20240831 17,28.72192812721481
85_20240831 18,29.461420674173294
85_20240831 19,33.752276530595665
85_20240831 20,39.544371097968266
85_20240831 21,40.63031168541893
85_20240831 22,36.66876281048123
85_20240831 23,30.19563478696871
86_20240825 00,673.3946316263845
86_20240825 01,648.5075276013538
86_20240825 02,633.6563167146883
86_20240825 03,624.5791804981224
86_20240825 04,619.472820715371
86_20240825 05,620.4251776713895
86_20240825 06,639.3898557882404
86_20240825 07,747.5091043967633
86_20240825 08,1053.981513041542
86_20240825 09,1119.069604057251
86_20240825 10,1160.34648363718
86_20240825 11,1210.0058130810871
86_20240825 12,1240.5811357279986
86_20240825 13,1263.061705072904
86_20240825 14,1323.7349682972194
86_20240825 15,1319.459825973117
86_20240825 16,1351.1373100691314
86_20240825 17,1386.6398087702369
86_20240825 18,1355.3609677627023
86_20240825 19,1314.014041452114
86_20240825 20,1157.8327952449033
86_20240825 21,1036.3235972312482
86_20240825 22,835.5713985015236
86_20240825 23,710.1443081647153
86_20240826 00,665.2198909820984
86_20240826 01,641.3768746290636
86_20240826 02,636.1861954124572
86_20240826 03,629.7541670776454
86_20240826 04,630.0588229426405
86_20240826 05,631.4773176897096
86_20240826 06,700.4469781812872
86_20240826 07,1325.8778486421052
86_20240826 08,2161.041428076972
86_20240826 09,2788.258460113111
86_20240826 10,3103.92835472606
86_20240826 11,3153.2468712049335
86_20240826 12,3132.6893693911607
86_20240826 13,3134.6452592968812
86_20240826 14,3122.1135253887605
86_20240826 15,3059.9784371333744
86_20240826 16,2998.4994611740713
86_20240826 17,2894.2266821842754
86_20240826 18,2466.6598521535593
86_20240826 19,2053.4650577378025
86_20240826 20,1683.7905629577745
86_20240826 21,1388.141971345732
86_20240826 22,1040.7906867955405
86_20240826 23,807.6585191350657
86_20240827 00,714.5292545430426
86_20240827 01,677.3288353476812
86_20240827 02,660.2656639036295
86_20240827 03,639.3119845700123
86_20240827 04,644.142145115101
86_20240827 05,643.0031984464563
86_20240827 06,697.2583746586179
86_20240827 07,1232.0970420326485
86_20240827 08,2062.9077797488844
86_20240827 09,2641.289369755782
86_20240827 10,2861.8589448244184
86_20240827 11,2936.526109842956
86_20240827 12,2969.326785939447
86_20240827 13,2975.697870268525
86_20240827 14,2997.652960416228
86_20240827 15,2939.48768868704
86_20240827 16,2915.9168760479765
86_20240827 17,2773.093257200816
86_20240827 18,2394.1393005904392
86_20240827 19,1976.628880589071
86_20240827 20,1625.9329484703571
86_20240827 21,1309.9848902126478
86_20240827 22,1008.6142035132808
86_20240827 23,794.0189560236959
86_20240828 00,706.3879992901298
86_20240828 01,669.3641872782672
86_20240828 02,644.0860965561882
86_20240828 03,631.1535407939105
86_20240828 04,629.3807385402965
86_20240828 05,633.2139434551298
86_20240828 06,680.1900814660759
86_20240828 07,1189.665213855682
86_20240828 08,2063.3233545357516
86_20240828 09,2641.218481839718
86_20240828 10,2940.3612253048705
86_20240828 11,3015.9258186034644
86_20240828 12,3029.6328132205426
86_20240828 13,3037.0705605952044
86_20240828 14,3046.856097524762
86_20240828 15,2981.2665088536005
86_20240828 16,2930.687625641581
86_20240828 17,2790.837715337708
86_20240828 18,2364.1356588539124
86_20240828 19,2014.1015703413032
86_20240828 20,1650.8540559710823
86_20240828 21,1347.2092440825572
86_20240828 22,1024.151779609979
86_20240828 23,795.6732545786948
86_20240829 00,697.0302407436288
86_20240829 01,657.0269543001973
86_20240829 02,638.4200232207209
86_20240829 03,623.833603907633
86_20240829 04,626.3013357412954
86_20240829 05,628.4640994222738
86_20240829 06,672.9495557692328
86_20240829 07,1171.6228312006028
86_20240829 08,1955.8743350674872
86_20240829 09,2585.0130755351274
86_20240829 10,2890.773360772933
86_20240829 11,2977.3142787946226
86_20240829 12,2982.985844379966
86_20240829 13,2991.4454108376362
86_20240829 14,2989.184448888204
86_20240829 15,2910.6222869968856
86_20240829 16,2864.4200312656776
86_20240829 17,2705.70676291814
86_20240829 18,2276.489145201107
86_20240829 19,1948.752358583797
86_20240829 20,1613.6461271825365
86_20240829 21,1275.0395822626047
86_20240829 22,1014.0416167453475
86_20240829 23,784.2951586947497
86_20240830 00,694.3924785566833
86_20240830 01,659.2319294881272
86_20240830 02,634.1815647165702
86_20240830 03,618.0092336871361
86_20240830 04,619.8505565165115
86_20240830 05,623.723830843528
86_20240830 06,670.7285391391292
86_20240830 07,1153.578737025187
86_20240830 08,1973.6734268922914
86_20240830 09,2516.3696067731453
86_20240830 10,2836.7548375231845
86_20240830 11,2901.9840338465883
86_20240830 12,2889.1482885876353
86_20240830 13,2900.376612739472
86_20240830 14,2896.7889962334443
86_20240830 15,2841.866233208005
86_20240830 16,2789.2048351129415
86_20240830 17,2645.3197169433647
86_20240830 18,2183.4250548711952
86_20240830 19,1869.3555340939538
86_20240830 20,1535.6392488430909
86_20240830 21,1268.430869556593
86_20240830 22,988.7370831572321
86_20240830 23,780.8450844808916
86_20240831 00,681.0387083555397
86_20240831 01,642.5004797407234
86_20240831 02,624.8516013935999
86_20240831 03,607.2267749952526
86_20240831 04,605.349817536043
86_20240831 05,602.584020643412
86_20240831 06,630.8561667962592
86_20240831 07,726.0929453693511
86_20240831 08,995.6102147279812
86_20240831 09,1079.0100809521318
86_20240831 10,1167.9692522507842
86_20240831 11,1225.531853287042
86_20240831 12,1276.0939105997497
86_20240831 13,1309.7237145826434
86_20240831 14,1329.1009593972653
86_20240831 15,1345.0275621356689
86_20240831 16,1356.7284277751287
86_20240831 17,1379.223056132995
86_20240831 18,1316.5513036441844
86_20240831 19,1273.5030930963092
86_20240831 20,1129.9953502531666
86_20240831 21,1027.482114454157
86_20240831 22,833.941199856439
86_20240831 23,697.5713107221718
87_20240825 00,1050.1316132396569
87_20240825 01,1062.2737641033066
87_20240825 02,1113.1676552797437
87_20240825 03,1143.8539576783253
87_20240825 04,1239.2076440354217
87_20240825 05,1298.588716056092
87_20240825 06,1298.8644032075917
87_20240825 07,1294.4975949249374
87_20240825 08,1377.0352855470599
87_20240825 09,1355.5918171730966
87_20240825 10,1421.5560173384174
87_20240825 11,1428.2414219044042
87_20240825 12,1402.7755523125502
87_20240825 13,1378.763362074737
87_20240825 14,1345.6013247927515
87_20240825 15,1332.1125981018183
87_20240825 16,1276.408165831074
87_20240825 17,1213.2544617629126
87_20240825 18,1142.240607834408
87_20240825 19,1103.3931231162678
87_20240825 20,1149.5923538243687
87_20240825 21,1211.3932278890227
87_20240825 22,1135.7895504595422
87_20240825 23,1156.6122312541952
87_20240826 00,1204.061883454128
87_20240826 01,1297.5168022899961
87_20240826 02,1769.8721656082296
87_20240826 03,2343.8051987445397
87_20240826 04,2619.053482019775
87_20240826 05,2648.5145058860135
87_20240826 06,2560.704365074669
87_20240826 07,2608.8070472813465
87_20240826 08,2684.8118039229885
87_20240826 09,2643.653308747066
87_20240826 10,2477.4336814463413
87_20240826 11,2164.8468530290743
87_20240826 12,1853.4902816899066
87_20240826 13,1687.9572071364996
87_20240826 14,1632.993687514321
87_20240826 15,1495.465579743985
87_20240826 16,1403.5420400616733
87_20240826 17,1327.2418193465414
87_20240826 18,1226.4074564623256
87_20240826 19,1173.1053830528476
87_20240826 20,1273.7092200378368
87_20240826 21,1267.2382537115382
87_20240826 22,1161.2970764295683
87_20240826 23,1161.4234704546482
87_20240827 00,1207.1738052340374
87_20240827 01,1300.7142611086563
87_20240827 02,1784.2291174304037
87_20240827 03,2356.07414424626
87_20240827 04,2575.480367704943
87_20240827 05,2609.8006184003925
87_20240827 06,2528.2920379056645
87_20240827 07,2632.648742495627
87_20240827 08,2680.9918903138096
87_20240827 09,2636.821701001012
87_20240827 10,2465.3353472140743
87_20240827 11,2116.691799692262
87_20240827 12,1854.254846918703
87_20240827 13,1716.393795354526
87_20240827 14,1631.4283012032524
87_20240827 15,1472.6162309927913
87_20240827 16,1380.6432543253154
87_20240827 17,1274.7862457245017
87_20240827 18,1191.3234674134892
87_20240827 19,1143.4272479438926
87_20240827 20,1234.5780387824882
87_20240827 21,1305.11861733837
87_20240827 22,1173.261964481832
87_20240827 23,1171.1643153250022
87_20240828 00,1202.8906560278078
87_20240828 01,1269.9505298570443
87_20240828 02,1781.6562448163504
87_20240828 03,2314.435030070584
87_20240828 04,2538.2886598561226
87_20240828 05,2560.5448998891984
87_20240828 06,2482.661730861221
87_20240828 07,2528.4914373145957
87_20240828 08,2641.898732246357
87_20240828 09,2543.7847546762478
87_20240828 10,2401.4077334078966
87_20240828 11,2089.968130585177
87_20240828 12,1809.0377258668768
87_20240828 13,1670.4415418182218
87_20240828 14,1593.0759774941914
87_20240828 15,1458.9205315267645
87_20240828 16,1368.5329275529193
87_20240828 17,1293.4784373563991
87_20240828 18,1202.4440671541533
87_20240828 19,1156.2172346875564
87_20240828 20,1214.6683700405777
87_20240828 21,1259.6052665745015
87_20240828 22,1135.2353541398106
87_20240828 23,1145.2262640070887
87_20240829 00,1174.0127668524628
87_20240829 01,1257.2062038475858
87_20240829 02,1709.660774285789
87_20240829 03,2244.22227445698
87_20240829 04,2481.851481309301
87_20240829 05,2436.82859890014
87_20240829 06,2339.865993017649
87_20240829 07,2445.3221156557747
87_20240829 08,2516.395178308263
87_20240829 09,2410.9665662150455
87_20240829 10,2294.2479342418305
87_20240829 11,2063.0084505386703
87_20240829 12,1744.0401271262726
87_20240829 13,1640.7434494410345
87_20240829 14,1559.534282677499
87_20240829 15,1396.5047110502856
87_20240829 16,1313.2047132498828
87_20240829 17,1248.2156847506762
87_20240829 18,1187.8827160063424
87_20240829 19,1147.5524400447246
87_20240829 20,1190.429594180565
87_20240829 21,1228.9742347109304
87_20240829 22,1139.7966156631903
87_20240829 23,1128.7795213443196
87_20240830 00,1151.3136478920378
87_20240830 01,1219.0629814633849
87_20240830 02,1643.1095819382308
87_20240830 03,1986.9322812244088
87_20240830 04,2221.0606906344938
87_20240830 05,2198.6850782101246
87_20240830 06,2132.513426639668
87_20240830 07,2221.726429151254
87_20240830 08,2224.151273746227
87_20240830 09,2182.0697687994293
87_20240830 10,2125.3456155939457
87_20240830 11,1918.2170054437684
87_20240830 12,1663.7102744599974
87_20240830 13,1518.976075195972
87_20240830 14,1455.8102181049262
87_20240830 15,1369.424258474366
87_20240830 16,1284.9820784843223
87_20240830 17,1230.477680769825
87_20240830 18,1144.1226452346814
87_20240830 19,1099.452058264312
87_20240830 20,1126.5809846189113
87_20240830 21,1074.69661787962
87_20240830 22,1014.8086597158836
87_20240830 23,1017.9598275176145
87_20240831 00,1043.1040125551046
87_20240831 01,1064.7885969926056
87_20240831 02,1174.7630638292899
87_20240831 03,1247.010226045008
87_20240831 04,1321.8423494846647
87_20240831 05,1367.0679494653937
87_20240831 06,1346.7912415437117
87_20240831 07,1359.4308791134315
87_20240831 08,1386.9446170844408
87_20240831 09,1411.0122410772885
87_20240831 10,1419.3069455225711
87_20240831 11,1388.2797323136665
87_20240831 12,1328.1031868798023
87_20240831 13,1302.471086427315
87_20240831 14,1264.1395397030435
87_20240831 15,1269.3579587869212
87_20240831 16,1238.9719020280409
87_20240831 17,1194.1488564207566
87_20240831 18,1114.7613115492168
87_20240831 19,1053.1474944051015
87_20240831 20,1056.7369463166629
87_20240831 21,1028.123968532066
87_20240831 22,982.0448737364403
87_20240831 23,980.1947669643131
88_20240825 00,949.7829011332004
88_20240825 01,831.057280253848
88_20240825 02,773.3641142247878
88_20240825 03,769.6926504551357
88_20240825 04,713.6670412192993
88_20240825 05,708.9977072831393
88_20240825 06,726.5135033670375
88_20240825 07,1013.773373950959
88_20240825 08,1491.638320408342
88_20240825 09,2716.0151518346756
88_20240825 10,5037.068029975953
88_20240825 11,5566.325521725452
88_20240825 12,5639.570645527275
88_20240825 13,5751.393317211136
88_20240825 14,5806.001798883734
88_20240825 15,5792.056976954254
88_20240825 16,5798.2649988038675
88_20240825 17,5736.772455385328
88_20240825 18,5452.005351196928
88_20240825 19,5080.691877360737
88_20240825 20,4771.075954646612
88_20240825 21,2349.140222856421
88_20240825 22,1247.1339144596634
88_20240825 23,1076.5186455891699
88_20240826 00,939.1186752135388
88_20240826 01,827.7616147228969
88_20240826 02,802.1836401029854
88_20240826 03,798.9644613093299
88_20240826 04,764.0637841096182
88_20240826 05,754.0878097727915
88_20240826 06,767.134201114703
88_20240826 07,993.5561197987809
88_20240826 08,1365.2919349668823
88_20240826 09,2389.883221131482
88_20240826 10,4659.074479183029
88_20240826 11,5157.518160193798
88_20240826 12,5244.288702089991
88_20240826 13,5224.787372388813
88_20240826 14,5214.677637282084
88_20240826 15,5120.841019345629
88_20240826 16,4993.636485085526
88_20240826 17,4991.860902380806
88_20240826 18,4928.031743495255
88_20240826 19,4677.560084962024
88_20240826 20,4462.631697379375
88_20240826 21,2190.8596609070537
88_20240826 22,1215.2213646340815
88_20240826 23,1067.8370588773666
88_20240827 00,894.6650668694001
88_20240827 01,801.809979025825
88_20240827 02,773.3433713544448
88_20240827 03,785.7528948446279
88_20240827 04,727.686026204186
88_20240827 05,716.0651954009045
88_20240827 06,723.0017138161406
88_20240827 07,999.8274439394315
88_20240827 08,1337.1812772189205
88_20240827 09,2337.317005146913
88_20240827 10,4371.775059777186
88_20240827 11,4912.356220613567
88_20240827 12,4890.079238822401
88_20240827 13,5026.230983847726
88_20240827 14,4946.794819965557
88_20240827 15,4915.356949592437
88_20240827 16,4800.657204173225
88_20240827 17,4698.263265779159
88_20240827 18,4605.952595747956
88_20240827 19,4399.720165772516
88_20240827 20,4118.93766238492
88_20240827 21,2141.5950876221805
88_20240827 22,1210.558836240794
88_20240827 23,1015.8148429991909
88_20240828 00,876.8959434857815
88_20240828 01,800.5493895240418
88_20240828 02,767.3845131453868
88_20240828 03,775.7678289948967
88_20240828 04,725.8395127499023
88_20240828 05,699.1498510649914
88_20240828 06,722.991431101063
88_20240828 07,1014.3907409272936
88_20240828 08,1431.540784100339
88_20240828 09,2417.6244845176034
88_20240828 10,4423.959300586352
88_20240828 11,4920.450303448504
88_20240828 12,5045.041856677561
88_20240828 13,4984.479475627735
88_20240828 14,5051.264749609385
88_20240828 15,5013.533728811129
88_20240828 16,4941.381038637605
88_20240828 17,4826.640775587355
88_20240828 18,4746.053771830581
88_20240828 19,4530.056521290487
88_20240828 20,4265.95590300941
88_20240828 21,2341.0996368468122
88_20240828 22,1262.0741013162537
88_20240828 23,1087.131983701775
88_20240829 00,919.729301157189
88_20240829 01,816.518038724152
88_20240829 02,786.4235687526354
88_20240829 03,770.7654655388931
88_20240829 04,705.3762910874723
88_20240829 05,708.191947223133
88_20240829 06,720.9149078399988
88_20240829 07,1020.4578066331725
88_20240829 08,1490.347266410925
88_20240829 09,2535.6498802886476
88_20240829 10,4524.690282457528
88_20240829 11,5082.173026027244
88_20240829 12,5200.395066925705
88_20240829 13,5154.654527825096
88_20240829 14,5140.7383049586
88_20240829 15,5131.46657870717
88_20240829 16,4999.759237216487
88_20240829 17,4724.724479439496
88_20240829 18,4642.645021080321
88_20240829 19,4493.092134123504
88_20240829 20,4220.505551072336
88_20240829 21,2173.4000741018135
88_20240829 22,1232.8280390387768
88_20240829 23,1080.7553148474499
88_20240830 00,915.4261407629608
88_20240830 01,794.8608148569172
88_20240830 02,767.5205205885704
88_20240830 03,771.6813670410902
88_20240830 04,728.9580808460045
88_20240830 05,704.2033781550183
88_20240830 06,705.1440460019589
88_20240830 07,951.598701241902
88_20240830 08,1432.3658681936333
88_20240830 09,2509.3267313373117
88_20240830 10,4483.545999553884
88_20240830 11,5041.639606493003
88_20240830 12,5150.459787767643
88_20240830 13,5179.590264466935
88_20240830 14,5147.216806874572
88_20240830 15,5114.791584691458
88_20240830 16,5013.994572732249
88_20240830 17,5012.099429816353
88_20240830 18,4852.300002889251
88_20240830 19,4649.977905472952
88_20240830 20,4275.552033352624
88_20240830 21,2344.745985567605
88_20240830 22,1251.5600150542446
88_20240830 23,1083.878725632193
88_20240831 00,934.2298249032835
88_20240831 01,816.4473776289813
88_20240831 02,768.5562884203252
88_20240831 03,772.3018964914155
88_20240831 04,712.3880508118215
88_20240831 05,713.0366441114813
88_20240831 06,750.2298235408047
88_20240831 07,1077.2355197147865
88_20240831 08,1621.0036436203634
88_20240831 09,2647.010875737784
88_20240831 10,4684.038094023074
88_20240831 11,5247.126415968925
88_20240831 12,5405.143210373619
88_20240831 13,5545.015729849978
88_20240831 14,5595.552911862893
88_20240831 15,5663.473383848665
88_20240831 16,5655.931360219199
88_20240831 17,5518.88979189892
88_20240831 18,5261.993614092766
88_20240831 19,4918.182539322979
88_20240831 20,4512.367063018433
88_20240831 21,2380.3429732753775
88_20240831 22,1238.166558701822
88_20240831 23,1096.6114284338853
89_20240825 00,8694.476576401707
89_20240825 01,8213.206566871317
89_20240825 02,7743.502806210344
89_20240825 03,7651.533473098107
89_20240825 04,7408.462897668976
89_20240825 05,7604.776089790463
89_20240825 06,7635.10036692635
89_20240825 07,7651.021858159431
89_20240825 08,7578.429113698505
89_20240825 09,7990.485453253905
89_20240825 10,8293.012993431854
89_20240825 11,8344.485790770845
89_20240825 12,8307.119777866938
89_20240825 13,8378.156461341627
89_20240825 14,8473.616329092587
89_20240825 15,8456.424766010343
89_20240825 16,8411.115430421938
89_20240825 17,8484.730391278397
89_20240825 18,8523.424613281637
89_20240825 19,8621.725609951785
89_20240825 20,8656.522213391692
89_20240825 21,8661.958343968921
89_20240825 22,8771.180901285414
89_20240825 23,8889.153749084024
89_20240826 00,8488.864398275537
89_20240826 01,8058.74945197819
89_20240826 02,7735.241177702914
89_20240826 03,7558.00964507404
89_20240826 04,7384.436173775625
89_20240826 05,7584.26801126481
89_20240826 06,7577.170926479334
89_20240826 07,7627.108987100864
89_20240826 08,7499.86406295125
89_20240826 09,7856.479299474321
89_20240826 10,8252.988331266337
89_20240826 11,8302.468917255606
89_20240826 12,8271.23199149391
89_20240826 13,8334.736441183
89_20240826 14,8385.984670948252
89_20240826 15,8376.340112818356
89_20240826 16,8358.735238107316
89_20240826 17,8392.034962785345
89_20240826 18,8450.319151596656
89_20240826 19,8451.960915922211
89_20240826 20,8499.93833270266
89_20240826 21,8540.213664348103
89_20240826 22,8507.747243397878
89_20240826 23,8747.091221480507
89_20240827 00,8446.385264232182
89_20240827 01,7983.512189263275
89_20240827 02,7539.30659286541
89_20240827 03,7418.506807988198
89_20240827 04,7303.620975248472
89_20240827 05,7473.804611773669
89_20240827 06,7489.126463886781
89_20240827 07,7535.038633003598
89_20240827 08,7365.947550906518
89_20240827 09,7850.926427768043
89_20240827 10,8152.036635679395
89_20240827 11,8266.457050821322
89_20240827 12,8234.023975769705
89_20240827 13,8295.380427343376
89_20240827 14,8363.106717015497
89_20240827 15,8360.005351645066
89_20240827 16,8345.565541006701
89_20240827 17,8371.96234626663
89_20240827 18,8350.088436830074
89_20240827 19,8392.774227742932
89_20240827 20,8420.651598748309
89_20240827 21,8464.802071400882
89_20240827 22,8435.950433620354
89_20240827 23,8687.082158070361
89_20240828 00,8266.251883810597
89_20240828 01,7868.983436029845
89_20240828 02,7430.530113611074
89_20240828 03,7401.839406146591
89_20240828 04,7213.5620609771095
89_20240828 05,7431.271580474511
89_20240828 06,7486.277376855883
89_20240828 07,7498.860269490474
89_20240828 08,7316.744203006654
89_20240828 09,7670.434992160788
89_20240828 10,8165.9530168208785
89_20240828 11,8232.716133248765
89_20240828 12,8186.981055664328
89_20240828 13,8254.420742730103
89_20240828 14,8315.54357969902
89_20240828 15,8312.68939319736
89_20240828 16,8288.345211138952
89_20240828 17,8318.368609861003
89_20240828 18,8386.239042084506
89_20240828 19,8288.498484151094
89_20240828 20,8308.340991888075
89_20240828 21,8326.940629348914
89_20240828 22,8438.839248787666
89_20240828 23,8709.049302227071
89_20240829 00,8354.677909891348
89_20240829 01,7857.638681532654
89_20240829 02,7495.3067102942705
89_20240829 03,7397.398496300793
89_20240829 04,7202.944890831621
89_20240829 05,7397.005844554393
89_20240829 06,7453.407883851737
89_20240829 07,7495.751944339063
89_20240829 08,7351.353239414029
89_20240829 09,7763.985464299896
89_20240829 10,8173.1335704327985
89_20240829 11,8220.394147588522
89_20240829 12,8194.906372241445
89_20240829 13,8265.401581200498
89_20240829 14,8365.518791322002
89_20240829 15,8323.58166485326
89_20240829 16,8295.558617706105
89_20240829 17,8347.910099827795
89_20240829 18,8357.554858575888
89_20240829 19,8357.264624108626
89_20240829 20,8395.25829958162
89_20240829 21,8423.28338878462
89_20240829 22,8410.606245524965
89_20240829 23,8596.253369117087
89_20240830 00,8188.424943518195
89_20240830 01,7680.3176880831015
89_20240830 02,7371.889667779731
89_20240830 03,7308.531694343531
89_20240830 04,7129.420338766595
89_20240830 05,7320.926583111455
89_20240830 06,7383.53654736074
89_20240830 07,7439.782070898222
89_20240830 08,7188.829987765951
89_20240830 09,7606.768067427612
89_20240830 10,8158.920000955278
89_20240830 11,8175.408198881158
89_20240830 12,8128.031289484257
89_20240830 13,8203.92677628353
89_20240830 14,8294.688269536618
89_20240830 15,8282.805451877666
89_20240830 16,8283.906474428593
89_20240830 17,8340.31366008475
89_20240830 18,8357.488983304433
89_20240830 19,8427.854732507863
89_20240830 20,8436.550466905019
89_20240830 21,8423.571757603137
89_20240830 22,8379.005929698213
89_20240830 23,8518.951093535208
89_20240831 00,8082.454455502155
89_20240831 01,7747.006423934505
89_20240831 02,7435.772783096173
89_20240831 03,7264.6450565540445
89_20240831 04,7116.0579143701525
89_20240831 05,7301.952211728943
89_20240831 06,7342.121762510014
89_20240831 07,7454.147867611156
89_20240831 08,7199.935101549767
89_20240831 09,7522.442079283864
89_20240831 10,7917.9466714883565
89_20240831 11,8037.24929759159
89_20240831 12,7985.654491590552
89_20240831 13,8163.559235646199
89_20240831 14,8274.979810032582
89_20240831 15,8276.875879577197
89_20240831 16,8238.004284237151
89_20240831 17,8274.931262588309
89_20240831 18,8336.328166315547
89_20240831 19,8341.590493456386
89_20240831 20,8390.190380799544
89_20240831 21,8350.699794469245
89_20240831 22,8428.124457881324
89_20240831 23,8551.692493959114
90_20240825 00,1895.2264072818457
90_20240825 01,1898.4296764256424
90_20240825 02,1881.9668540300167
90_20240825 03,1849.411686277871
90_20240825 04,1825.4702232316722
90_20240825 05,1903.945894437054
90_20240825 06,1932.5913256678516
90_20240825 07,1978.996381283438
90_20240825 08,2066.067788417397
90_20240825 09,2129.9344455976734
90_20240825 10,2122.6007869885034
90_20240825 11,2084.866367195511
90_20240825 12,2122.1524243183185
90_20240825 13,2105.0809395393126
90_20240825 14,2098.7528267235907
90_20240825 15,2120.71732354457
90_20240825 16,2164.9215923502097
90_20240825 17,2136.019949889379
90_20240825 18,2099.480728007011
90_20240825 19,2022.801131383587
90_20240825 20,2032.6867815305834
90_20240825 21,1956.4926479715868
90_20240825 22,1912.716780927055
90_20240825 23,1900.1481705565193
90_20240826 00,1863.024740259652
90_20240826 01,1827.912322293481
90_20240826 02,1818.9516022270054
90_20240826 03,1826.8476801313134
90_20240826 04,1836.4981421030748
90_20240826 05,1914.2869820545175
90_20240826 06,2032.4803199423195
90_20240826 07,2546.0342859544207
90_20240826 08,3018.5839068893583
90_20240826 09,3195.3601206045855
90_20240826 10,3195.809936784165
90_20240826 11,3173.4573996512427
90_20240826 12,3110.2799179336866
90_20240826 13,3126.939972277219
90_20240826 14,3133.6304926997427
90_20240826 15,3130.4346888932896
90_20240826 16,3107.638935802661
90_20240826 17,2907.2624077482897
90_20240826 18,2479.7466072745437
90_20240826 19,2174.4224995660293
90_20240826 20,2084.6822903833863
90_20240826 21,2035.478890437887
90_20240826 22,1906.2936215727345
90_20240826 23,1869.2984184958705
90_20240827 00,1843.2462148091392
90_20240827 01,1825.8962960451017
90_20240827 02,1818.0577142210564
90_20240827 03,1811.1867139798912
90_20240827 04,1817.5136020782086
90_20240827 05,1905.8508358930762
90_20240827 06,2044.4611472916336
90_20240827 07,2485.4956293279874
90_20240827 08,2991.163224322803
90_20240827 09,3145.143812379613
90_20240827 10,3132.0027416868907
90_20240827 11,3103.5082840661207
90_20240827 12,3023.4621252911593
90_20240827 13,3048.5583812846326
90_20240827 14,3081.3254808872966
90_20240827 15,3086.1731477626627
90_20240827 16,3050.983749898949
90_20240827 17,2839.7784120013657
90_20240827 18,2432.018010066765
90_20240827 19,2128.965865978217
90_20240827 20,2089.7991697372336
90_20240827 21,2044.3437678177693
90_20240827 22,1938.2248991114438
90_20240827 23,1869.749975342774
90_20240828 00,1847.5412970140374
90_20240828 01,1807.9889314255236
90_20240828 02,1796.2528111414335
90_20240828 03,1748.6752638867147
90_20240828 04,1732.6962187771255
90_20240828 05,1763.059998429896
90_20240828 06,1929.2602130859352
90_20240828 07,2454.869232557555
90_20240828 08,2935.829586224312
90_20240828 09,3104.5905043846687
90_20240828 10,3126.512702011613
90_20240828 11,3107.339019252906
90_20240828 12,3028.598563590698
90_20240828 13,3031.90489764872
90_20240828 14,3050.998835327344
90_20240828 15,3059.387105517709
90_20240828 16,3031.4297841949465
90_20240828 17,2805.501162357449
90_20240828 18,2391.039698559095
90_20240828 19,2119.48013414265
90_20240828 20,2074.3619764006176
90_20240828 21,2027.4869803063034
90_20240828 22,1914.6888084533257
90_20240828 23,1848.7285346175936
90_20240829 00,1837.7295370220731
90_20240829 01,1807.1726366999521
90_20240829 02,1807.4865275359589
90_20240829 03,1803.3631904530657
90_20240829 04,1773.1942770832034
90_20240829 05,1844.0517292874254
90_20240829 06,1999.689447500563
90_20240829 07,2459.3370558638135
90_20240829 08,2933.3470321657396
90_20240829 09,3089.338327655748
90_20240829 10,3107.2201664206505
90_20240829 11,3087.5968932403835
90_20240829 12,3009.293446362037
90_20240829 13,3026.1900512468656
90_20240829 14,2996.7289799467935
90_20240829 15,2986.3335268645524
90_20240829 16,2957.9167915291637
90_20240829 17,2759.8512831469975
90_20240829 18,2364.868342255247
90_20240829 19,2095.3411122754183
90_20240829 20,1980.271807459715
90_20240829 21,1941.7441741974526
90_20240829 22,1858.5522624687374
90_20240829 23,1808.865828009989
90_20240830 00,1782.2465485484208
90_20240830 01,1754.043986007426
90_20240830 02,1734.950896873505
90_20240830 03,1741.611800895586
90_20240830 04,1732.439456731658
90_20240830 05,1780.7520999779906
90_20240830 06,1936.4836893141842
90_20240830 07,2421.8592849944894
90_20240830 08,2880.409024038155
90_20240830 09,3037.121454516841
90_20240830 10,3054.753035477646
90_20240830 11,3033.5051496165634
90_20240830 12,2960.6109342775253
90_20240830 13,2984.9578252969654
90_20240830 14,3004.0461009564506
90_20240830 15,2990.506813956894
90_20240830 16,2965.610014911369
90_20240830 17,2757.2894072050076
90_20240830 18,2374.1794972048565
90_20240830 19,2068.8694709356278
90_20240830 20,2024.290344397474
90_20240830 21,1999.9175067096994
90_20240830 22,1924.678985364982
90_20240830 23,1841.9064375923708
90_20240831 00,1802.60436360288
90_20240831 01,1785.4926217562397
90_20240831 02,1731.6423522252087
90_20240831 03,1663.8301333936552
90_20240831 04,1668.2730143476695
90_20240831 05,1744.2045025314517
90_20240831 06,1763.96402854826
90_20240831 07,1798.2705581575674
90_20240831 08,2007.245013251217
90_20240831 09,2108.859965854146
90_20240831 10,2107.1821054510756
90_20240831 11,2089.0618395869683
90_20240831 12,2098.7371024197887
90_20240831 13,2065.160688935711
90_20240831 14,2074.9269221958016
90_20240831 15,2075.165013938969
90_20240831 16,2096.825805450514
90_20240831 17,2055.721740649282
90_20240831 18,2051.173010801423
90_20240831 19,2020.5987872229666
90_20240831 20,1987.9028079482032
90_20240831 21,1896.0061250912058
90_20240831 22,1868.0160481825628
90_20240831 23,1817.8894151241566
91_20240825 00,1881.106501330904
91_20240825 01,1639.196592275395
91_20240825 02,1472.4592435535758
91_20240825 03,1347.4791690317084
91_20240825 04,1267.2237635153328
91_20240825 05,1229.0537028510516
91_20240825 06,1253.7445163302818
91_20240825 07,1396.3698280470578
91_20240825 08,1621.9655107739193
91_20240825 09,1799.4393526153249
91_20240825 10,1970.2326228654094
91_20240825 11,2019.23806951383
91_20240825 12,2119.6388237057313
91_20240825 13,2165.0247849034467
91_20240825 14,2224.347755014899
91_20240825 15,2188.517878460999
91_20240825 16,2215.6398477174907
91_20240825 17,2344.375890041524
91_20240825 18,2527.208782634191
91_20240825 19,2646.232014195045
91_20240825 20,2701.218487162918
91_20240825 21,2612.8743036253677
91_20240825 22,2466.4147406622433
91_20240825 23,2173.3436337646717
91_20240826 00,1782.4602958628802
91_20240826 01,1552.0252710047773
91_20240826 02,1399.277949070985
91_20240826 03,1285.0924964727835
91_20240826 04,1235.9218652097104
91_20240826 05,1218.4710604268419
91_20240826 06,1292.9428329477237
91_20240826 07,1520.7442539066951
91_20240826 08,1666.6842258889053
91_20240826 09,1639.564735473597
91_20240826 10,1662.100957131175
91_20240826 11,1699.9704703068924
91_20240826 12,1747.9858587434983
91_20240826 13,1762.4792623082428
91_20240826 14,1756.755309464021
91_20240826 15,1725.6558041355693
91_20240826 16,1810.3824900534523
91_20240826 17,2029.6191915710026
91_20240826 18,2316.4829159736682
91_20240826 19,2453.2520728925156
91_20240826 20,2533.803746395425
91_20240826 21,2411.232551606718
91_20240826 22,2221.834228267091
91_20240826 23,1996.562270423883
91_20240827 00,1681.0178245356972
91_20240827 01,1491.0955737193137
91_20240827 02,1337.0249319413308
91_20240827 03,1244.1368753309484
91_20240827 04,1180.189636521837
91_20240827 05,1182.371099505513
91_20240827 06,1248.417843175923
91_20240827 07,1478.2709956471508
91_20240827 08,1576.1737216005467
91_20240827 09,1567.0323992628028
91_20240827 10,1578.323686061331
91_20240827 11,1608.5019692208639
91_20240827 12,1686.1037649576906
91_20240827 13,1693.3136904291941
91_20240827 14,1664.549901382803
91_20240827 15,1683.1282874789545
91_20240827 16,1702.227715377611
91_20240827 17,1901.2632543208542
91_20240827 18,2196.7341788835456
91_20240827 19,2433.138650083616
91_20240827 20,2493.1243979000537
91_20240827 21,2419.826302692032
91_20240827 22,2217.4291204712376
91_20240827 23,1976.5271550279963
91_20240828 00,1677.0110727245765
91_20240828 01,1465.9869051775106
91_20240828 02,1265.8922169894036
91_20240828 03,1171.453896611625
91_20240828 04,1122.225303064355
91_20240828 05,1120.2869038088018
91_20240828 06,1183.6446793254688
91_20240828 07,1392.9366004639492
91_20240828 08,1510.0529191869455
91_20240828 09,1518.549072523453
91_20240828 10,1565.248967972894
91_20240828 11,1620.4593495825118
91_20240828 12,1676.2284650115444
91_20240828 13,1698.5199552998847
91_20240828 14,1692.5167157753299
91_20240828 15,1685.4151223880845
91_20240828 16,1765.7385827065427
91_20240828 17,1945.8925158511693
91_20240828 18,2181.516333848716
91_20240828 19,2344.118531415938
91_20240828 20,2340.2538814574236
91_20240828 21,2283.8291335743365
91_20240828 22,2162.3729681963637
91_20240828 23,1898.3177888873918
91_20240829 00,1642.1952202393422
91_20240829 01,1452.0938409553746
91_20240829 02,1267.9732621748558
91_20240829 03,1199.1010181252357
91_20240829 04,1150.0776945526136
91_20240829 05,1127.959472795839
91_20240829 06,1203.159892616519
91_20240829 07,1410.209692708226
91_20240829 08,1549.2105842056826
91_20240829 09,1549.1422944366743
91_20240829 10,1541.8480778100393
91_20240829 11,1583.7888628326384
91_20240829 12,1656.0284391307048
91_20240829 13,1667.0764349573938
91_20240829 14,1679.9832951456788
91_20240829 15,1750.2514629394389
91_20240829 16,1790.0285796717967
91_20240829 17,1880.4941026052752
91_20240829 18,2151.8075921197797
91_20240829 19,2378.487246292021
91_20240829 20,2412.900978742153
91_20240829 21,2344.4251752319365
91_20240829 22,2187.370117077656
91_20240829 23,1903.9805940326264
91_20240830 00,1612.8998999095666
91_20240830 01,1428.7407270242095
91_20240830 02,1286.8313895400702
91_20240830 03,1201.363558222558
91_20240830 04,1140.3922555467532
91_20240830 05,1124.1887644608346
91_20240830 06,1192.7627544468671
91_20240830 07,1386.530938918495
91_20240830 08,1499.0375031042886
91_20240830 09,1515.560873440317
91_20240830 10,1527.7174900961054
91_20240830 11,1589.196160546511
91_20240830 12,1626.3006903764497
91_20240830 13,1640.4015732516702
91_20240830 14,1646.6311749917604
91_20240830 15,1687.306620315584
91_20240830 16,1726.9597880137353
91_20240830 17,1871.8591973477196
91_20240830 18,2059.5801752219477
91_20240830 19,2237.1580978711427
91_20240830 20,2267.024547574988
91_20240830 21,2199.615804059677
91_20240830 22,2078.866028244268
91_20240830 23,1892.7522159004866
91_20240831 00,1648.5717698453586
91_20240831 01,1440.7014366018639
91_20240831 02,1267.8580142076316
91_20240831 03,1179.2617780776206
91_20240831 04,1125.6952436670176
91_20240831 05,1102.187828249661
91_20240831 06,1124.5904650880764
91_20240831 07,1229.0936028028786
91_20240831 08,1429.8816109816676
91_20240831 09,1589.080637436153
91_20240831 10,1688.3115828275231
91_20240831 11,1764.259391919103
91_20240831 12,1817.1867204902717
91_20240831 13,1831.8514577011588
91_20240831 14,1842.990861804838
91_20240831 15,1852.5203232059025
91_20240831 16,1857.9047565124324
91_20240831 17,1975.9592646684307
91_20240831 18,2028.601709592028
91_20240831 19,2057.201345191976
91_20240831 20,2163.2009837036194
91_20240831 21,2147.923747926985
91_20240831 22,2005.0873276854104
91_20240831 23,1878.2609617862627
92_20240825 00,283.3533606822156
92_20240825 01,285.0369352901136
92_20240825 02,285.8166353132314
92_20240825 03,286.5432335040922
92_20240825 04,302.6794051795865
92_20240825 05,512.6173212018921
92_20240825 06,530.1137297734415
92_20240825 07,745.4497467061254
92_20240825 08,798.2185351663663
92_20240825 09,824.565724908293
92_20240825 10,812.89507480706
92_20240825 11,814.9235795096918
92_20240825 12,833.6259385461858
92_20240825 13,821.7732167901925
92_20240825 14,842.4901596605214
92_20240825 15,786.5943960200342
92_20240825 16,629.9782042368429
92_20240825 17,502.84733296718855
92_20240825 18,317.57254636558093
92_20240825 19,292.7372080305658
92_20240825 20,305.097839528864
92_20240825 21,305.35991071750385
92_20240825 22,305.7758558780202
92_20240825 23,289.14179602376043
92_20240826 00,290.02346950657625
92_20240826 01,289.7375478214771
92_20240826 02,289.3025341789201
92_20240826 03,289.13130049236275
92_20240826 04,308.95302102362325
92_20240826 05,498.500861663348
92_20240826 06,565.2978696756213
92_20240826 07,779.1608493743317
92_20240826 08,804.0337403173421
92_20240826 09,821.7125770351881
92_20240826 10,820.686197132208
92_20240826 11,814.0036087738733
92_20240826 12,830.7068073601854
92_20240826 13,816.5267529239801
92_20240826 14,817.8355864541913
92_20240826 15,811.0260938558279
92_20240826 16,630.2329105845323
92_20240826 17,475.46806556627877
92_20240826 18,311.0631137454485
92_20240826 19,291.4654759844583
92_20240826 20,307.6473015125497
92_20240826 21,305.7374455882386
92_20240826 22,303.0735782356143
92_20240826 23,282.5461319541954
92_20240827 00,283.7563283982884
92_20240827 01,283.7443531488134
92_20240827 02,284.10832896076164
92_20240827 03,283.20299342540613
92_20240827 04,301.80685662811675
92_20240827 05,452.51088908284606
92_20240827 06,521.4925474203543
92_20240827 07,725.6876411912724
92_20240827 08,753.3892692889175
92_20240827 09,773.8061100779014
92_20240827 10,764.1411523315401
92_20240827 11,748.7980066291037
92_20240827 12,768.1366841427205
92_20240827 13,780.8573431123461
92_20240827 14,775.0056671671323
92_20240827 15,754.0120121972723
92_20240827 16,583.8525511046623
92_20240827 17,445.4429637724424
92_20240827 18,295.3669206232946
92_20240827 19,277.9793723260681
92_20240827 20,292.0572514228013
92_20240827 21,291.1611656894262
92_20240827 22,289.0764543149344
92_20240827 23,271.48252804517625
92_20240828 00,271.2902077648612
92_20240828 01,270.53023377063164
92_20240828 02,271.7707187991819
92_20240828 03,270.38664143223843
92_20240828 04,287.23089325664046
92_20240828 05,451.712147510196
92_20240828 06,462.3519412161273
92_20240828 07,688.8667207809442
92_20240828 08,720.9578178655127
92_20240828 09,763.4565677923416
92_20240828 10,765.6197661257779
92_20240828 11,758.0495380898035
92_20240828 12,784.4185510462795
92_20240828 13,766.8187234116544
92_20240828 14,754.5231782797531
92_20240828 15,736.9710760898031
92_20240828 16,597.4845974984771
92_20240828 17,452.9549726026062
92_20240828 18,296.9161145024938
92_20240828 19,281.5817738203707
92_20240828 20,291.15096931572657
92_20240828 21,289.2492827996383
92_20240828 22,289.952259523893
92_20240828 23,274.0674157679675
92_20240829 00,273.2400759504876
92_20240829 01,272.3623555312399
92_20240829 02,270.13419649617236
92_20240829 03,269.27804930970615
92_20240829 04,284.2120197179486
92_20240829 05,458.935255161085
92_20240829 06,475.307700734071
92_20240829 07,696.4727178552752
92_20240829 08,722.7802688149783
92_20240829 09,757.0077964015852
92_20240829 10,767.4927389194843
92_20240829 11,761.5938049057838
92_20240829 12,787.8582133694804
92_20240829 13,766.0851552157758
92_20240829 14,769.8952782252443
92_20240829 15,747.5317955947321
92_20240829 16,612.7201657891358
92_20240829 17,477.01981274561166
92_20240829 18,300.59448395765384
92_20240829 19,283.8898888706796
92_20240829 20,292.4635080452067
92_20240829 21,289.8460257803129
92_20240829 22,288.49193089567495
92_20240829 23,274.00890581352337
92_20240830 00,271.7070338036267
92_20240830 01,273.0022270619075
92_20240830 02,270.09254787958514
92_20240830 03,269.6479816669439
92_20240830 04,285.4767615132856
92_20240830 05,459.935273841131
92_20240830 06,481.1167258982175
92_20240830 07,696.6870302640625
92_20240830 08,715.0780113487866
92_20240830 09,763.9643531818148
92_20240830 10,752.74015718187
92_20240830 11,753.5256107856301
92_20240830 12,784.6524418713607
92_20240830 13,758.2459171681774
92_20240830 14,772.794582430602
92_20240830 15,740.8692258623031
92_20240830 16,585.6203647657929
92_20240830 17,450.11022922149596
92_20240830 18,303.43986369228264
92_20240830 19,276.36813950548526
92_20240830 20,289.8194123140563
92_20240830 21,288.7902627777793
92_20240830 22,287.20588720936996
92_20240830 23,273.520250579989
92_20240831 00,269.56351659729313
92_20240831 01,269.2245291449443
92_20240831 02,269.45092331361246
92_20240831 03,269.5666825001564
92_20240831 04,295.7587337128566
92_20240831 05,429.849815311441
92_20240831 06,447.5632161622281
92_20240831 07,656.6106595246229
92_20240831 08,720.6187925627485
92_20240831 09,746.9626812623883
92_20240831 10,744.0824935598032
92_20240831 11,747.7260063920542
92_20240831 12,785.2399924428285
92_20240831 13,763.0991053906903
92_20240831 14,771.9773500419877
92_20240831 15,741.8309697540915
92_20240831 16,580.9908494102376
92_20240831 17,453.0915109052611
92_20240831 18,287.57687438528853
92_20240831 19,271.86350986435957
92_20240831 20,285.134047040054
92_20240831 21,285.2020481936973
92_20240831 22,284.8334398108308
92_20240831 23,271.8836900697279
93_20240825 00,1598.7753829183143
93_20240825 01,1403.6927243806651
93_20240825 02,1258.6748463046347
93_20240825 03,1178.8907794377214
93_20240825 04,1115.6754132502736
93_20240825 05,1083.247652022698
93_20240825 06,1102.2016870275083
93_20240825 07,1230.0184796126084
93_20240825 08,1458.6443910359915
93_20240825 09,1621.200739300392
93_20240825 10,1848.967458698372
93_20240825 11,1913.383217079661
93_20240825 12,1975.104501765067
93_20240825 13,1981.0535281038765
93_20240825 14,1947.0330003552267
93_20240825 15,1991.7301077434352
93_20240825 16,2043.7864840755076
93_20240825 17,2160.0030946217835
93_20240825 18,2316.4154378739513
93_20240825 19,2437.893901161123
93_20240825 20,2413.874138424124
93_20240825 21,2343.9959500594596
93_20240825 22,2120.4323885212493
93_20240825 23,1795.0276133808297
93_20240826 00,1570.7343419114807
93_20240826 01,1368.99079222294
93_20240826 02,1239.7731559677038
93_20240826 03,1166.0060679862472
93_20240826 04,1105.6743854515707
93_20240826 05,1077.468896883824
93_20240826 06,1151.7929349455721
93_20240826 07,1386.6615276940952
93_20240826 08,1497.1161030067988
93_20240826 09,1558.6966848891673
93_20240826 10,1581.0458974954263
93_20240826 11,1664.2418725119244
93_20240826 12,1717.0738987126556
93_20240826 13,1730.9322852845937
93_20240826 14,1690.3329661810862
93_20240826 15,1686.928769590847
93_20240826 16,1780.6316617160496
93_20240826 17,1961.2344249538542
93_20240826 18,2207.595099534788
93_20240826 19,2393.7545860172204
93_20240826 20,2398.050317626952
93_20240826 21,2322.6394640961043
93_20240826 22,2114.943291238817
93_20240826 23,1823.7646637702273
93_20240827 00,1573.6762947460538
93_20240827 01,1381.2136428197143
93_20240827 02,1242.3287306520938
93_20240827 03,1177.9655105082788
93_20240827 04,1125.2777936185425
93_20240827 05,1109.669489047144
93_20240827 06,1181.0869744397214
93_20240827 07,1387.7976366709331
93_20240827 08,1483.919013023376
93_20240827 09,1493.2508999060065
93_20240827 10,1484.4727037765417
93_20240827 11,1480.4699639099433
93_20240827 12,1482.2068222907424
93_20240827 13,1496.8616053791288
93_20240827 14,1450.1598909291688
93_20240827 15,1453.6640604338863
93_20240827 16,1544.4119154118239
93_20240827 17,1759.5509118297841
93_20240827 18,2043.8806054161514
93_20240827 19,2130.1190047498794
93_20240827 20,2191.7989785073196
93_20240827 21,2134.6972631590475
93_20240827 22,1976.338463964386
93_20240827 23,1673.5811330110514
93_20240828 00,1444.3057250917714
93_20240828 01,1266.0533445765311
93_20240828 02,1142.023306826461
93_20240828 03,1072.3603746377075
93_20240828 04,1026.2728729314954
93_20240828 05,1018.3507540505129
93_20240828 06,1094.6676322428866
93_20240828 07,1318.9140768347024
93_20240828 08,1384.1318244559347
93_20240828 09,1385.4825751656049
93_20240828 10,1415.1114198266594
93_20240828 11,1452.194958633268
93_20240828 12,1486.0924398414154
93_20240828 13,1533.450906506121
93_20240828 14,1563.2137254336012
93_20240828 15,1557.808007507264
93_20240828 16,1650.9953953871427
93_20240828 17,1876.8975677854564
93_20240828 18,2147.6202929684414
93_20240828 19,2266.933761950256
93_20240828 20,2197.957311186414
93_20240828 21,2096.4826558948776
93_20240828 22,1916.2461126730832
93_20240828 23,1696.3834402413645
93_20240829 00,1466.4947632668736
93_20240829 01,1276.4314512215844
93_20240829 02,1165.991900277316
93_20240829 03,1109.8155558781293
93_20240829 04,1043.8705076489437
93_20240829 05,1026.0303890539967
93_20240829 06,1078.202645491273
93_20240829 07,1287.1097206077848
93_20240829 08,1370.3639042917343
93_20240829 09,1399.765284754066
93_20240829 10,1426.2981422553366
93_20240829 11,1484.477668483213
93_20240829 12,1471.3323290052338
93_20240829 13,1518.5233582080991
93_20240829 14,1559.2373475865131
93_20240829 15,1578.4754018762574
93_20240829 16,1630.93514982629
93_20240829 17,1851.218913658725
93_20240829 18,2051.633219134519
93_20240829 19,2183.01969336145
93_20240829 20,2177.233840887258
93_20240829 21,2125.407484844148
93_20240829 22,1903.8283604863811
93_20240829 23,1676.1558521216275
93_20240830 00,1430.5953170190014
93_20240830 01,1268.2886798210366
93_20240830 02,1130.231341206686
93_20240830 03,1095.0857864382945
93_20240830 04,1015.8634842896629
93_20240830 05,1002.1346472684003
93_20240830 06,1079.1979364212411
93_20240830 07,1317.7275211924623
93_20240830 08,1388.067667625743
93_20240830 09,1400.4112645433202
93_20240830 10,1448.0788660983794
93_20240830 11,1529.106030876737
93_20240830 12,1555.008477012438
93_20240830 13,1497.8035313302148
93_20240830 14,1502.3230950439852
93_20240830 15,1546.3895668345294
93_20240830 16,1641.1305694937805
93_20240830 17,1797.660096404783
93_20240830 18,1969.7021353008636
93_20240830 19,1966.1583904407635
93_20240830 20,2022.2151399777679
93_20240830 21,1976.1172179335865
93_20240830 22,1883.8858905176235
93_20240830 23,1712.181603901825
93_20240831 00,1441.2494304962947
93_20240831 01,1270.0380919965628
93_20240831 02,1153.9711753807123
93_20240831 03,1092.999411868439
93_20240831 04,1040.0479821456297
93_20240831 05,992.13306272514
93_20240831 06,1034.1785828597904
93_20240831 07,1155.234032452004
93_20240831 08,1299.224565886083
93_20240831 09,1423.749555449364
93_20240831 10,1492.0350654981726
93_20240831 11,1555.680692964786
93_20240831 12,1576.4118277829916
93_20240831 13,1634.3555791326537
93_20240831 14,1650.9634685338892
93_20240831 15,1634.1842221144675
93_20240831 16,1691.2370644255216
93_20240831 17,1789.863114687124
93_20240831 18,1936.3299466821709
93_20240831 19,1935.1877066286438
93_20240831 20,1910.6648970284587
93_20240831 21,1881.2784030193932
93_20240831 22,1816.1687453042566
93_20240831 23,1597.3412047774723
94_20240825 00,1543.8008368627338
94_20240825 01,1540.2412230212722
94_20240825 02,1550.8769685591085
94_20240825 03,1518.0137967749529
94_20240825 04,1528.7253895958288
94_20240825 05,1522.8224219992564
94_20240825 06,1518.1368147847156
94_20240825 07,1530.3561211977067
94_20240825 08,1532.879329392541
94_20240825 09,1489.395969558759
94_20240825 10,1520.5727770373815
94_20240825 11,1550.117709174956
94_20240825 12,1587.2865083675406
94_20240825 13,1579.6353955907675
94_20240825 14,1600.881094330893
94_20240825 15,1596.5506302000213
94_20240825 16,1607.1971193258996
94_20240825 17,1605.2961030612382
94_20240825 18,1554.809188331036
94_20240825 19,1524.5230194542305
94_20240825 20,1520.0212018562277
94_20240825 21,1515.3820989598307
94_20240825 22,1491.7468795272948
94_20240825 23,1493.2706245938577
94_20240826 00,1612.9109618258003
94_20240826 01,1589.0963371175735
94_20240826 02,1594.4631987906419
94_20240826 03,1543.0768288187162
94_20240826 04,1544.645248106683
94_20240826 05,1586.335278869794
94_20240826 06,1640.9336203458374
94_20240826 07,1711.3750123178884
94_20240826 08,1868.1442792819676
94_20240826 09,2309.2832143515043
94_20240826 10,2649.3819628272367
94_20240826 11,2782.614943722596
94_20240826 12,2780.9097563289088
94_20240826 13,2820.506490963341
94_20240826 14,2873.230707479115
94_20240826 15,2879.0872718762057
94_20240826 16,2833.9585062647325
94_20240826 17,2804.805722995289
94_20240826 18,2629.3786133307444
94_20240826 19,2387.3221094911705
94_20240826 20,2287.0982324569886
94_20240826 21,2146.326667206486
94_20240826 22,1944.8435158532973
94_20240826 23,1827.0054761240624
94_20240827 00,1777.0879874958775
94_20240827 01,1747.9585614132443
94_20240827 02,1735.9998449377058
94_20240827 03,1682.3552333890414
94_20240827 04,1656.4444274860116
94_20240827 05,1659.2774074171048
94_20240827 06,1741.1665814252394
94_20240827 07,1842.8445824031603
94_20240827 08,1986.988726213725
94_20240827 09,2511.582249410085
94_20240827 10,2650.3397442097903
94_20240827 11,2664.5538469218054
94_20240827 12,2657.238007625415
94_20240827 13,2741.8813744853774
94_20240827 14,2780.8765640974934
94_20240827 15,2741.4699353349233
94_20240827 16,2711.874155060934
94_20240827 17,2672.0160233899965
94_20240827 18,2500.2811138540615
94_20240827 19,2260.137936610426
94_20240827 20,2162.304226947403
94_20240827 21,2088.887142143354
94_20240827 22,1943.3154277063263
94_20240827 23,1795.47534879768
94_20240828 00,1707.516603345004
94_20240828 01,1666.8865913266918
94_20240828 02,1669.6558119601766
94_20240828 03,1627.9078172866477
94_20240828 04,1596.0189819549412
94_20240828 05,1625.7842167640554
94_20240828 06,1680.6964471605338
94_20240828 07,1762.8619152605565
94_20240828 08,1873.1996757715724
94_20240828 09,2279.285421787554
94_20240828 10,2522.1422858304777
94_20240828 11,2658.6495658086146
94_20240828 12,2707.5040371523023
94_20240828 13,2777.6781072960734
94_20240828 14,2847.872308204488
94_20240828 15,2845.3615661622734
94_20240828 16,2806.1481365974355
94_20240828 17,2739.4145566827733
94_20240828 18,2605.682196072803
94_20240828 19,2342.7357503313187
94_20240828 20,2173.1012162046086
94_20240828 21,2072.6658380568447
94_20240828 22,1940.5628873881728
94_20240828 23,1807.615193322046
94_20240829 00,1742.9262104363022
94_20240829 01,1690.1832438038457
94_20240829 02,1663.6620703375443
94_20240829 03,1641.0361405698168
94_20240829 04,1614.5174645143047
94_20240829 05,1626.4919810076203
94_20240829 06,1676.3482319199156
94_20240829 07,1764.9121310701541
94_20240829 08,1874.2101816105292
94_20240829 09,2275.5140339384234
94_20240829 10,2572.973131143145
94_20240829 11,2675.051942569826
94_20240829 12,2626.0981197008105
94_20240829 13,2728.104787457154
94_20240829 14,2801.557802331383
94_20240829 15,2766.012564325321
94_20240829 16,2741.7157147169764
94_20240829 17,2647.0884666189672
94_20240829 18,2491.220420050123
94_20240829 19,2271.5195557753623
94_20240829 20,2124.331013892852
94_20240829 21,2019.207452730307
94_20240829 22,1854.6282190781558
94_20240829 23,1786.6807151852618
94_20240830 00,1675.3918371308218
94_20240830 01,1653.181808303327
94_20240830 02,1633.202090161105
94_20240830 03,1608.5800328631663
94_20240830 04,1594.8498912446435
94_20240830 05,1592.2609604063837
94_20240830 06,1630.13667337396
94_20240830 07,1718.7711689615649
94_20240830 08,1866.1755652768286
94_20240830 09,2208.4356998023586
94_20240830 10,2467.3911007379693
94_20240830 11,2557.080768130023
94_20240830 12,2527.490750702656
94_20240830 13,2544.1159276502117
94_20240830 14,2571.3200334381627
94_20240830 15,2508.9863480138347
94_20240830 16,2428.4561863973217
94_20240830 17,2309.588473995649
94_20240830 18,2059.5681132278296
94_20240830 19,1787.109882128484
94_20240830 20,1712.941408510344
94_20240830 21,1678.4521934313407
94_20240830 22,1595.054393645501
94_20240830 23,1575.081009373218
94_20240831 00,1520.914823423864
94_20240831 01,1487.435652389208
94_20240831 02,1489.7778377223842
94_20240831 03,1477.4616383730213
94_20240831 04,1478.5673070764624
94_20240831 05,1447.2839316522875
94_20240831 06,1442.3581465100629
94_20240831 07,1434.499890970469
94_20240831 08,1436.5532320316192
94_20240831 09,1438.4277181824427
94_20240831 10,1477.1272855593443
94_20240831 11,1501.875958700592
94_20240831 12,1515.2444031369043
94_20240831 13,1540.133048202575
94_20240831 14,1547.6568796014167
94_20240831 15,1548.8552766520727
94_20240831 16,1545.422971844654
94_20240831 17,1515.2992994439562
94_20240831 18,1498.6974605515325
94_20240831 19,1462.6076764195782
94_20240831 20,1465.596849433571
94_20240831 21,1426.2311182766325
94_20240831 22,1412.0306810762254
94_20240831 23,1393.5417760137857
95_20240825 00,2375.6222615597035
95_20240825 01,1990.5578768585622
95_20240825 02,1655.979164898543
95_20240825 03,1430.1679401931924
95_20240825 04,899.8592901733084
95_20240825 05,700.6333440447213
95_20240825 06,645.0409956954035
95_20240825 07,699.2929383664764
95_20240825 08,992.806539530375
95_20240825 09,1796.755036951749
95_20240825 10,3390.0585111317346
95_20240825 11,3829.54425335008
95_20240825 12,4426.303889958822
95_20240825 13,4700.6971640091815
95_20240825 14,4836.311225023768
95_20240825 15,4859.219020408072
95_20240825 16,4835.854744585729
95_20240825 17,4838.387504160792
95_20240825 18,4749.7708038086475
95_20240825 19,4177.903440016831
95_20240825 20,2395.4869963795036
95_20240825 21,1106.706520355065
95_20240825 22,1840.4356749417345
95_20240825 23,2324.765118478635
95_20240826 00,2199.2681252372704
95_20240826 01,1940.5548500983305
95_20240826 02,1563.798720484082
95_20240826 03,1383.829149504453
95_20240826 04,904.8745424083256
95_20240826 05,719.7234230047964
95_20240826 06,651.6191991301147
95_20240826 07,704.0182263809586
95_20240826 08,991.3160327287767
95_20240826 09,1747.3042843734647
95_20240826 10,3282.9874525522155
95_20240826 11,3552.1473154548657
95_20240826 12,4053.899234722769
95_20240826 13,4414.158380771738
95_20240826 14,4402.652173076913
95_20240826 15,4385.561790699488
95_20240826 16,4398.743900396983
95_20240826 17,4378.7788497498295
95_20240826 18,4288.560158225659
95_20240826 19,3464.8270874422965
95_20240826 20,1841.3763366646967
95_20240826 21,1071.3165354564985
95_20240826 22,2030.5079473315475
95_20240826 23,2558.766165589822
95_20240827 00,2337.34464311023
95_20240827 01,2023.5029412859171
95_20240827 02,1556.088475659371
95_20240827 03,1395.093816183761
95_20240827 04,926.91904096292
95_20240827 05,700.6252155945256
95_20240827 06,658.777559636351
95_20240827 07,723.2867865319881
95_20240827 08,1014.3188693618454
95_20240827 09,1836.6724515461467
95_20240827 10,3258.109534050769
95_20240827 11,3636.07737946341
95_20240827 12,4007.722077114507
95_20240827 13,4350.880837648511
95_20240827 14,4267.239772644005
95_20240827 15,4254.964565666844
95_20240827 16,4256.747578571627
95_20240827 17,4303.994800454806
95_20240827 18,4215.428980385015
95_20240827 19,3373.757275090109
95_20240827 20,1856.0345024247
95_20240827 21,1084.8908825538397
95_20240827 22,2059.4481509767534
95_20240827 23,2561.511000541459
95_20240828 00,2267.965995855634
95_20240828 01,1967.2361763464337
95_20240828 02,1616.6760638190906
95_20240828 03,1369.3386498041389
95_20240828 04,848.8158182294685
95_20240828 05,656.2551162668667
95_20240828 06,613.4500648358576
95_20240828 07,683.9164210465317
95_20240828 08,970.6079875271994
95_20240828 09,1816.077299436825
95_20240828 10,3253.780715662545
95_20240828 11,3707.534099079694
95_20240828 12,4054.7091349961383
95_20240828 13,4435.979534443696
95_20240828 14,4438.016466387186
95_20240828 15,4429.075446568293
95_20240828 16,4446.877952007724
95_20240828 17,4462.133903103766
95_20240828 18,4285.944636516337
95_20240828 19,3453.521374299414
95_20240828 20,1881.8275298817575
95_20240828 21,1129.109328151857
95_20240828 22,2059.7970870954623
95_20240828 23,2548.199350811116
95_20240829 00,2341.1542303093183
95_20240829 01,2040.5725271712117
95_20240829 02,1681.558411235818
95_20240829 03,1540.4823147738584
95_20240829 04,932.2987802974384
95_20240829 05,706.0146559312363
95_20240829 06,613.6437389311244
95_20240829 07,691.0452337341435
95_20240829 08,983.56571778337
95_20240829 09,1818.1062461245413
95_20240829 10,3257.821185896477
95_20240829 11,3660.2661561081995
95_20240829 12,4144.08242450545
95_20240829 13,4459.687193316471
95_20240829 14,4439.066111041613
95_20240829 15,4390.671548630441
95_20240829 16,4419.751240518911
95_20240829 17,4461.020628598716
95_20240829 18,4256.769407668548
95_20240829 19,3491.1626580199663
95_20240829 20,2034.0883007627053
95_20240829 21,1141.1147877617536
95_20240829 22,2080.027263185923
95_20240829 23,2568.991520025795
95_20240830 00,2348.3491609608154
95_20240830 01,2060.344204736096
95_20240830 02,1633.5030928840156
95_20240830 03,1449.3476518773455
95_20240830 04,908.4569932330733
95_20240830 05,687.1137564659589
95_20240830 06,646.3894598346421
95_20240830 07,680.1382578513724
95_20240830 08,982.6318526342618
95_20240830 09,1827.374276056576
95_20240830 10,3195.4843533524318
95_20240830 11,3637.503143979835
95_20240830 12,4234.675841717784
95_20240830 13,4466.084209238522
95_20240830 14,4457.15967303898
95_20240830 15,4464.732257239454
95_20240830 16,4484.430821940998
95_20240830 17,4458.182324923513
95_20240830 18,4270.500776529054
95_20240830 19,3757.798896687007
95_20240830 20,2412.9381234162306
95_20240830 21,1130.146966425228
95_20240830 22,2055.9886112541826
95_20240830 23,2527.6212765410287
95_20240831 00,2317.453171356975
95_20240831 01,2003.8377581301443
95_20240831 02,1607.2833663511044
95_20240831 03,1378.741837158328
95_20240831 04,898.1349192096253
95_20240831 05,708.1140855286164
95_20240831 06,624.341522310641
95_20240831 07,680.7262356917802
95_20240831 08,970.6890422903176
95_20240831 09,1805.0438117153403
95_20240831 10,3175.4240768173718
95_20240831 11,3601.4202743107826
95_20240831 12,4092.7181605568403
95_20240831 13,4378.877895470278
95_20240831 14,4636.767183855421
95_20240831 15,4561.009458879759
95_20240831 16,4570.2173602881185
95_20240831 17,4559.316522405788
95_20240831 18,4392.904024771839
95_20240831 19,3892.5050619768867
95_20240831 20,2385.3019898267435
95_20240831 21,1104.850880676745
95_20240831 22,2023.930701987062
95_20240831 23,2535.6531522298537
96_20240825 00,1254.8629736061152
96_20240825 01,1073.535775507284
96_20240825 02,934.8073062297384
96_20240825 03,853.1701109690044
96_20240825 04,801.283198339548
96_20240825 05,765.9607106431257
96_20240825 06,768.635466628853
96_20240825 07,814.6178419789171
96_20240825 08,910.6404628165191
96_20240825 09,972.3578759381992
96_20240825 10,997.1399275724152
96_20240825 11,1063.10611064862
96_20240825 12,1150.8750208847755
96_20240825 13,1188.8904390978728
96_20240825 14,1223.2622295648125
96_20240825 15,1263.0519717743578
96_20240825 16,1331.0652150708129
96_20240825 17,1413.95583640618
96_20240825 18,1506.5130879938642
96_20240825 19,1633.5337842186673
96_20240825 20,1703.3957509455115
96_20240825 21,1729.41214115643
96_20240825 22,1662.5987977410934
96_20240825 23,1441.9690263164212
96_20240826 00,1234.1769178066493
96_20240826 01,1034.4534536524427
96_20240826 02,923.0863261603212
96_20240826 03,829.3855776464192
96_20240826 04,787.9687031335643
96_20240826 05,764.9133418317665
96_20240826 06,798.8906660239122
96_20240826 07,904.6243439934559
96_20240826 08,904.683327475497
96_20240826 09,862.0383867807169
96_20240826 10,821.7646739298647
96_20240826 11,725.007910218711
96_20240826 12,741.6998833878368
96_20240826 13,777.6298802227656
96_20240826 14,757.2726348003541
96_20240826 15,873.3732620180938
96_20240826 16,906.2852997266464
96_20240826 17,1009.3664037343159
96_20240826 18,1216.3450951042
96_20240826 19,1469.3703957251444
96_20240826 20,1588.8935193160873
96_20240826 21,1638.8629698796785
96_20240826 22,1538.2772655424487
96_20240826 23,1394.2182834188009
96_20240827 00,1203.8571860095913
96_20240827 01,1012.4689647884596
96_20240827 02,908.8358215669931
96_20240827 03,807.8809678829172
96_20240827 04,772.303971636064
96_20240827 05,747.0251853351115
96_20240827 06,771.4488391032955
96_20240827 07,865.5488424843056
96_20240827 08,834.141359959397
96_20240827 09,824.7781867927345
96_20240827 10,797.8144498532641
96_20240827 11,679.646994380151
96_20240827 12,701.6546839235385
96_20240827 13,780.1884647996667
96_20240827 14,769.8779938733356
96_20240827 15,810.5147824770503
96_20240827 16,908.0098066942326
96_20240827 17,1004.6281577188386
96_20240827 18,1119.191769166226
96_20240827 19,1370.6758673829468
96_20240827 20,1447.2463265821548
96_20240827 21,1470.8153108447732
96_20240827 22,1433.3348576941785
96_20240827 23,1277.2994345584002
96_20240828 00,1094.59639008997
96_20240828 01,940.1620287231701
96_20240828 02,841.2004080384339
96_20240828 03,760.388423190195
96_20240828 04,727.4100563293814
96_20240828 05,706.1551472797296
96_20240828 06,743.0792854623219
96_20240828 07,838.561058869357
96_20240828 08,832.4375208727373
96_20240828 09,825.6362357778536
96_20240828 10,794.4799595737938
96_20240828 11,724.0528985514648
96_20240828 12,757.5427139286297
96_20240828 13,789.690083118383
96_20240828 14,831.3883861153697
96_20240828 15,884.6843679429453
96_20240828 16,927.0871600632435
96_20240828 17,1043.420061597598
96_20240828 18,1145.5573233385398
96_20240828 19,1413.104083129011
96_20240828 20,1480.3452373103
96_20240828 21,1506.6316063384147
96_20240828 22,1438.0606539143585
96_20240828 23,1290.0825993898388
96_20240829 00,1115.9643102182772
96_20240829 01,951.6529297496221
96_20240829 02,840.6809980913622
96_20240829 03,775.0902680849756
96_20240829 04,738.4671113997676
96_20240829 05,709.5527165713924
96_20240829 06,739.3736291105192
96_20240829 07,815.229535209158
96_20240829 08,806.2992854411384
96_20240829 09,816.4637311221502
96_20240829 10,802.5800805430692
96_20240829 11,726.2474315375275
96_20240829 12,782.5195830921266
96_20240829 13,818.527517391703
96_20240829 14,846.7278902616143
96_20240829 15,900.3878946301509
96_20240829 16,969.4334650504193
96_20240829 17,1053.4485563298463
96_20240829 18,1163.4408449595085
96_20240829 19,1368.3755585528554
96_20240829 20,1452.7336570771727
96_20240829 21,1427.4954562009123
96_20240829 22,1395.355579262583
96_20240829 23,1261.2164047989354
96_20240830 00,1093.666572561619
96_20240830 01,936.0780828442369
96_20240830 02,813.3404645582945
96_20240830 03,755.0656376455228
96_20240830 04,725.2058570831118
96_20240830 05,701.2257233838568
96_20240830 06,727.4475117321315
96_20240830 07,795.222676510751
96_20240830 08,806.0349574938537
96_20240830 09,817.1497366860176
96_20240830 10,790.8340109070218
96_20240830 11,730.4957474618873
96_20240830 12,766.6424188825289
96_20240830 13,791.6610661696996
96_20240830 14,796.5810396568709
96_20240830 15,872.140171329991
96_20240830 16,961.9536260169469
96_20240830 17,1029.390548054973
96_20240830 18,1119.2989587535324
96_20240830 19,1321.0738755877892
96_20240830 20,1384.7590689312624
96_20240830 21,1413.0597630765403
96_20240830 22,1373.7736961758617
96_20240830 23,1287.2443503484083
96_20240831 00,1120.3463792236275
96_20240831 01,962.405677200626
96_20240831 02,846.5880744211006
96_20240831 03,777.8429881362033
96_20240831 04,732.4112988013749
96_20240831 05,710.3737884875807
96_20240831 06,712.3082220873023
96_20240831 07,742.9486302196815
96_20240831 08,766.5862044389509
96_20240831 09,871.6659712233209
96_20240831 10,905.4779822712626
96_20240831 11,914.5968319517483
96_20240831 12,999.7756644152439
96_20240831 13,988.5372198154541
96_20240831 14,986.1308889190545
96_20240831 15,1020.3346523601833
96_20240831 16,1055.0522432685484
96_20240831 17,1099.039027335005
96_20240831 18,1171.4049946095015
96_20240831 19,1275.0400824591563
96_20240831 20,1363.0804455622792
96_20240831 21,1374.397485007218
96_20240831 22,1361.8378542985834
96_20240831 23,1238.6526439892477
97_20240825 00,1207.7896440204952
97_20240825 01,1245.5488205785086
97_20240825 02,1184.4484353674547
97_20240825 03,1188.4587519716652
97_20240825 04,1118.3902935035728
97_20240825 05,1214.9471160614976
97_20240825 06,1166.1748725897241
97_20240825 07,1232.260131690311
97_20240825 08,1261.5493074785477
97_20240825 09,1393.5005733211437
97_20240825 10,1667.0593930532348
97_20240825 11,1697.7022800582374
97_20240825 12,1742.5120020631707
97_20240825 13,1721.5019278005966
97_20240825 14,1745.203140376379
97_20240825 15,1755.92372662177
97_20240825 16,1783.2937527649615
97_20240825 17,1768.2968901733366
97_20240825 18,1758.4936884879544
97_20240825 19,1726.3028801358219
97_20240825 20,1623.3064507901395
97_20240825 21,1594.5608134803845
97_20240825 22,1525.505864092799
97_20240825 23,1392.2643777818844
97_20240826 00,1325.33735907328
97_20240826 01,1255.461790264455
97_20240826 02,1260.0185721016169
97_20240826 03,1216.8642839269482
97_20240826 04,1151.3978129205552
97_20240826 05,1186.1390193989555
97_20240826 06,1174.5399370768603
97_20240826 07,1207.6278904120404
97_20240826 08,1319.942600941377
97_20240826 09,1437.5233536446485
97_20240826 10,1675.0660203443706
97_20240826 11,1757.0526661443882
97_20240826 12,1756.897191400638
97_20240826 13,1790.8995290063444
97_20240826 14,1772.43314970442
97_20240826 15,1818.1566981090655
97_20240826 16,1826.8222444227301
97_20240826 17,1832.4811754089815
97_20240826 18,1818.5998134035683
97_20240826 19,1760.8697055857351
97_20240826 20,1619.4217343592009
97_20240826 21,1504.6246307022325
97_20240826 22,1383.5291385384057
97_20240826 23,1367.5821285838101
97_20240827 00,1296.8306908087498
97_20240827 01,1236.7811703022094
97_20240827 02,1240.3705365276983
97_20240827 03,1190.4041849743976
97_20240827 04,1123.6594195050086
97_20240827 05,1195.107134421902
97_20240827 06,1140.9371214885841
97_20240827 07,1172.2997289562227
97_20240827 08,1333.5169915489967
97_20240827 09,1409.3692820703577
97_20240827 10,1658.7759357990608
97_20240827 11,1734.6365771184169
97_20240827 12,1733.2878407695055
97_20240827 13,1768.3171921411763
97_20240827 14,1785.172643507643
97_20240827 15,1778.2083463791084
97_20240827 16,1802.3125323100771
97_20240827 17,1785.4270113391785
97_20240827 18,1797.8195774647124
97_20240827 19,1734.1505502091718
97_20240827 20,1618.1897837848028
97_20240827 21,1562.7899148488636
97_20240827 22,1492.1624869670552
97_20240827 23,1385.432288847051
97_20240828 00,1251.8467172248197
97_20240828 01,1208.3533384003038
97_20240828 02,1124.4669584228454
97_20240828 03,1124.1089230880166
97_20240828 04,1113.2286647182775
97_20240828 05,1026.2865455830756
97_20240828 06,1157.9924492779255
97_20240828 07,1093.7856419033853
97_20240828 08,1293.7252001116624
97_20240828 09,1439.6070734230625
97_20240828 10,1656.6047791265764
97_20240828 11,1735.8088142908941
97_20240828 12,1740.221645582192
97_20240828 13,1764.002002802989
97_20240828 14,1722.7830521710453
97_20240828 15,1776.782599990402
97_20240828 16,1825.217036440604
97_20240828 17,1813.0304049187816
97_20240828 18,1799.9880964056438
97_20240828 19,1777.7481111013128
97_20240828 20,1654.3596258267294
97_20240828 21,1584.9896289094354
97_20240828 22,1442.3996882664596
97_20240828 23,1373.83700147761
97_20240829 00,1250.818588406785
97_20240829 01,1229.5159622863184
97_20240829 02,1197.786215862368
97_20240829 03,1157.363369262509
97_20240829 04,1180.2471210212964
97_20240829 05,1160.4789535084014
97_20240829 06,1139.0994915315653
97_20240829 07,1189.9848507020765
97_20240829 08,1289.2257643572075
97_20240829 09,1395.2521695905743
97_20240829 10,1668.9821016723974
97_20240829 11,1751.0362637832977
97_20240829 12,1788.3734557682978
97_20240829 13,1793.1290513540575
97_20240829 14,1791.4851401413703
97_20240829 15,1819.3102605438917
97_20240829 16,1824.2700016589108
97_20240829 17,1802.365567587884
97_20240829 18,1797.4384363235297
97_20240829 19,1760.355909704734
97_20240829 20,1678.8295782334508
97_20240829 21,1610.4741486842927
97_20240829 22,1541.6269006292314
97_20240829 23,1390.1484296492704
97_20240830 00,1248.4603817692305
97_20240830 01,1195.3157183799754
97_20240830 02,1151.5533081548149
97_20240830 03,1162.564314346932
97_20240830 04,1057.337262073771
97_20240830 05,1094.166418897164
97_20240830 06,1175.2416592000413
97_20240830 07,1077.5345425623943
97_20240830 08,1283.1746242031668
97_20240830 09,1452.2300900075493
97_20240830 10,1643.6435968760925
97_20240830 11,1693.896383681715
97_20240830 12,1736.3331298390979
97_20240830 13,1768.990407204487
97_20240830 14,1782.3232599558085
97_20240830 15,1787.8188009749895
97_20240830 16,1801.6475323636835
97_20240830 17,1814.199270245726
97_20240830 18,1797.0165152625418
97_20240830 19,1754.3567058503409
97_20240830 20,1640.740471141542
97_20240830 21,1551.3123773802777
97_20240830 22,1387.5521635684481
97_20240830 23,1370.9162415171422
97_20240831 00,1194.7916944101944
97_20240831 01,1190.3591539678816
97_20240831 02,1151.3915669401163
97_20240831 03,1176.6225796964106
97_20240831 04,1070.2517968903533
97_20240831 05,1144.6025185848634
97_20240831 06,1110.1762328355721
97_20240831 07,1079.759816891572
97_20240831 08,1206.0556368979965
97_20240831 09,1329.8030176188258
97_20240831 10,1388.672993595506
97_20240831 11,1476.0536505466685
97_20240831 12,1555.1972064714037
97_20240831 13,1571.0833177366944
97_20240831 14,1591.7590836189293
97_20240831 15,1565.566059476836
97_20240831 16,1606.2076980654551
97_20240831 17,1594.6561585974102
97_20240831 18,1497.0679111823679
97_20240831 19,1413.3961489358644
97_20240831 20,1367.9708036178085
97_20240831 21,1379.3993699353928
97_20240831 22,1211.7328378911077
97_20240831 23,1285.8388581858392
98_20240825 00,1676.566016391371
98_20240825 01,1578.0231426163
98_20240825 02,1542.6380734087184
98_20240825 03,1510.283443487579
98_20240825 04,1498.96751833379
98_20240825 05,1510.4183523095282
98_20240825 06,1820.7298379959145
98_20240825 07,2082.9748572844296
98_20240825 08,2242.3632255184116
98_20240825 09,2299.986709904564
98_20240825 10,2475.409780449055
98_20240825 11,2291.2901013836054
98_20240825 12,2249.5501596482786
98_20240825 13,2575.410322129622
98_20240825 14,2904.773970508802
98_20240825 15,3016.1298789577263
98_20240825 16,3124.444155622632
98_20240825 17,3082.4492365944907
98_20240825 18,2543.778812797014
98_20240825 19,2463.9857747548913
98_20240825 20,2418.874560588364
98_20240825 21,2209.5147823798065
98_20240825 22,1951.4243348042237
98_20240825 23,1824.934774955019
98_20240826 00,1658.0000020818984
98_20240826 01,1574.1156524583225
98_20240826 02,1537.3029736639169
98_20240826 03,1511.7851746847562
98_20240826 04,1477.6291671066506
98_20240826 05,1485.946132753909
98_20240826 06,1812.781556135371
98_20240826 07,2063.4406962208614
98_20240826 08,2210.5411383993014
98_20240826 09,2313.3735347115594
98_20240826 10,2401.4277556917896
98_20240826 11,2305.7248404042202
98_20240826 12,2257.896668265207
98_20240826 13,2549.3886775478945
98_20240826 14,2770.41709770565
98_20240826 15,2855.8622537146534
98_20240826 16,2953.7919012743428
98_20240826 17,2859.9279859927146
98_20240826 18,2415.6088884370783
98_20240826 19,2290.193730137071
98_20240826 20,2194.1376526810936
98_20240826 21,2003.9400205722598
98_20240826 22,1811.984337604857
98_20240826 23,1757.3438094469584
98_20240827 00,1607.5946022619223
98_20240827 01,1546.6145923566587
98_20240827 02,1508.9454288496042
98_20240827 03,1487.3632932318337
98_20240827 04,1442.0446468971404
98_20240827 05,1445.790886266673
98_20240827 06,1686.4271243530543
98_20240827 07,1987.0408770143385
98_20240827 08,2134.8161327545417
98_20240827 09,2193.8126622644368
98_20240827 10,2274.434194352787
98_20240827 11,2115.8853960724014
98_20240827 12,2055.6582415935645
98_20240827 13,2314.456054528315
98_20240827 14,2482.462882972872
98_20240827 15,2548.385414236929
98_20240827 16,2660.909537061648
98_20240827 17,2587.846280543248
98_20240827 18,2167.3748699425314
98_20240827 19,2060.7716626367514
98_20240827 20,1914.5947350916363
98_20240827 21,1769.4718619519283
98_20240827 22,1573.9869893314533
98_20240827 23,1561.816901658435
98_20240828 00,1430.15838000512
98_20240828 01,1396.7905632307297
98_20240828 02,1339.5723613203522
98_20240828 03,1317.9833443966977
98_20240828 04,1305.1364150739528
98_20240828 05,1324.241377811437
98_20240828 06,1533.4984977397792
98_20240828 07,1798.4277713514334
98_20240828 08,2002.656671554702
98_20240828 09,2099.447265601575
98_20240828 10,2219.36280393132
98_20240828 11,2063.637850733512
98_20240828 12,1999.9731126331683
98_20240828 13,2350.8206358225243
98_20240828 14,2582.915561122544
98_20240828 15,2687.349846169726
98_20240828 16,2795.342894523675
98_20240828 17,2752.2569261214385
98_20240828 18,2243.205619712633
98_20240828 19,2124.2277012694244
98_20240828 20,2024.3741390902026
98_20240828 21,1875.236228560099
98_20240828 22,1687.193177650177
98_20240828 23,1624.7513720950012
98_20240829 00,1462.1680487505564
98_20240829 01,1408.6001301951276
98_20240829 02,1393.638053902469
98_20240829 03,1362.1847372085374
98_20240829 04,1325.4183092842636
98_20240829 05,1353.5447755350565
98_20240829 06,1627.7759920913572
98_20240829 07,1902.2809170234345
98_20240829 08,2080.4019166171843
98_20240829 09,2175.974208280494
98_20240829 10,2259.903863938724
98_20240829 11,2153.484530300704
98_20240829 12,2091.665787348346
98_20240829 13,2414.4887993822085
98_20240829 14,2454.6754475943976
98_20240829 15,2624.1820051678415
98_20240829 16,2736.6998745139663
98_20240829 17,2653.6597294894464
98_20240829 18,2309.69040238071
98_20240829 19,2229.646781255469
98_20240829 20,2163.0513711413705
98_20240829 21,1969.7364205249974
98_20240829 22,1774.2107741581522
98_20240829 23,1703.8256895598417
98_20240830 00,1535.3116478968404
98_20240830 01,1480.4539695958379
98_20240830 02,1447.8569631390187
98_20240830 03,1416.5746124034154
98_20240830 04,1383.6267868107993
98_20240830 05,1341.0634052237747
98_20240830 06,1637.9070753908932
98_20240830 07,1936.05644956859
98_20240830 08,2168.6394218277073
98_20240830 09,2250.30417412454
98_20240830 10,2309.0580025822455
98_20240830 11,2175.8533907302854
98_20240830 12,2132.851864979425
98_20240830 13,2537.9687154358307
98_20240830 14,2766.098570009834
98_20240830 15,2914.7338004128187
98_20240830 16,2983.892482705048
98_20240830 17,2993.4201492137117
98_20240830 18,2444.918928193997
98_20240830 19,2338.131133640523
98_20240830 20,2216.5125431375345
98_20240830 21,2070.309146037903
98_20240830 22,1803.2023370980282
98_20240830 23,1724.8610369826956
98_20240831 00,1520.9692031386294
98_20240831 01,1433.0595594967704
98_20240831 02,1401.8791861026311
98_20240831 03,1340.3619767413388
98_20240831 04,1331.7117261136561
98_20240831 05,1360.6114858237731
98_20240831 06,1638.0041669023585
98_20240831 07,1881.1761427744996
98_20240831 08,2020.7310471036365
98_20240831 09,2219.2286619534834
98_20240831 10,2305.043328583702
98_20240831 11,2191.6828895721937
98_20240831 12,2160.2903724880325
98_20240831 13,2465.701103414125
98_20240831 14,2665.427062050225
98_20240831 15,2845.8513341352054
98_20240831 16,2924.283111903111
98_20240831 17,2934.8483347420115
98_20240831 18,2538.548888972423
98_20240831 19,2431.1021866476885
98_20240831 20,2354.4670350219185
98_20240831 21,2128.0074859730826
98_20240831 22,1917.6175801307186
98_20240831 23,1714.106127887242
99_20240825 00,1199.966632990754
99_20240825 01,1191.0581236998019
99_20240825 02,1162.0911334326065
99_20240825 03,1168.971319049214
99_20240825 04,1050.200869423494
99_20240825 05,915.7211553281784
99_20240825 06,860.4435153547408
99_20240825 07,841.7023974574661
99_20240825 08,981.2224448665086
99_20240825 09,1122.4601713356449
99_20240825 10,1167.7968143546307
99_20240825 11,1228.1488933902497
99_20240825 12,1143.819076894321
99_20240825 13,1172.7797257599773
99_20240825 14,1185.3777580643607
99_20240825 15,1174.186045150902
99_20240825 16,1179.087422232065
99_20240825 17,1192.9716734957306
99_20240825 18,1111.0692689091761
99_20240825 19,1171.5991804627154
99_20240825 20,1206.0040347256318
99_20240825 21,1260.3494269391185
99_20240825 22,1190.8300475239923
99_20240825 23,1216.242823637723
99_20240826 00,1177.0684380130647
99_20240826 01,1170.8699628414577
99_20240826 02,1146.7523186687065
99_20240826 03,1138.9274793049608
99_20240826 04,1038.6432617804649
99_20240826 05,917.8038203576856
99_20240826 06,866.335368775211
99_20240826 07,852.5211671541778
99_20240826 08,990.8088001388909
99_20240826 09,1137.2912285913303
99_20240826 10,1177.7994430267458
99_20240826 11,1245.5350512281843
99_20240826 12,1146.750352514082
99_20240826 13,1187.9643532645373
99_20240826 14,1202.7358030621758
99_20240826 15,1196.577750532736
99_20240826 16,1198.5910570657284
99_20240826 17,1217.2876588586828
99_20240826 18,1140.519028959106
99_20240826 19,1173.6761484827484
99_20240826 20,1204.8930489981476
99_20240826 21,1262.4703214453177
99_20240826 22,1193.3597342655069
99_20240826 23,1215.0794023687663
99_20240827 00,1175.5634308761155
99_20240827 01,1168.179757907732
99_20240827 02,1133.0122632035193
99_20240827 03,1126.0044883064113
99_20240827 04,1025.3470967260619
99_20240827 05,915.15391945402
99_20240827 06,887.037289230085
99_20240827 07,862.1634080447619
99_20240827 08,982.6103666338026
99_20240827 09,1117.7165567085858
99_20240827 10,1159.3035267979049
99_20240827 11,1217.2511866756308
99_20240827 12,1147.0838683240372
99_20240827 13,1186.8561422392177
99_20240827 14,1200.809090433017
99_20240827 15,1171.3702223060454
99_20240827 16,1191.6542650416009
99_20240827 17,1202.5512316452407
99_20240827 18,1102.2790833382023
99_20240827 19,1134.2111395201987
99_20240827 20,1162.772598023068
99_20240827 21,1209.894387586788
99_20240827 22,1135.8550408590906
99_20240827 23,1169.8831856499442
99_20240828 00,1127.0545517592377
99_20240828 01,1129.9226425087586
99_20240828 02,1112.375361453414
99_20240828 03,1117.0644502828807
99_20240828 04,925.2695905936279
99_20240828 05,753.4051853180765
99_20240828 06,716.8467486687556
99_20240828 07,696.2261884798704
99_20240828 08,923.2400835580365
99_20240828 09,1104.4123467260674
99_20240828 10,1165.5683609380887
99_20240828 11,1234.7199655083018
99_20240828 12,1140.3897877425939
99_20240828 13,1185.1564886814122
99_20240828 14,1218.1516705130566
99_20240828 15,1191.9789989612427
99_20240828 16,1203.0515833718605
99_20240828 17,1211.0600428607083
99_20240828 18,1129.7710509403228
99_20240828 19,1173.95680920745
99_20240828 20,1210.5808228136939
99_20240828 21,1244.2613157776273
99_20240828 22,1170.337475739829
99_20240828 23,1205.1136446249966
99_20240829 00,1169.0203184535462
99_20240829 01,1166.9543326140213
99_20240829 02,1137.850944669202
99_20240829 03,1154.238942166881
99_20240829 04,1032.0757638140321
99_20240829 05,924.4524633461442
99_20240829 06,881.7572206339705
99_20240829 07,855.2604824322274
99_20240829 08,980.8314982546731
99_20240829 09,1114.4349504308145
99_20240829 10,1164.2759208835855
99_20240829 11,1242.628376997907
99_20240829 12,1153.338185023672
99_20240829 13,1180.8406755932338
99_20240829 14,1204.2281825113114
99_20240829 15,1182.4951685911237
99_20240829 16,1202.3674948220448
99_20240829 17,1218.0356396720322
99_20240829 18,1149.3697989170928
99_20240829 19,1170.8216903310285
99_20240829 20,1204.5931150956167
99_20240829 21,1246.5321141034076
99_20240829 22,1173.5857319928286
99_20240829 23,1202.4751226072085
99_20240830 00,1162.9818901236404
99_20240830 01,1162.400107656752
99_20240830 02,1131.7450646986576
99_20240830 03,1148.7500639059588
99_20240830 04,1029.9237189398527
99_20240830 05,918.1224635492744
99_20240830 06,857.7121273939457
99_20240830 07,841.0259205390446
99_20240830 08,975.0131987646339
99_20240830 09,1116.0726998645564
99_20240830 10,1153.1357401556113
99_20240830 11,1221.2060507553833
99_20240830 12,1124.4503851791173
99_20240830 13,1162.0545483285368
99_20240830 14,1178.1270357388785
99_20240830 15,1185.5653356778353
99_20240830 16,1190.3503056906288
99_20240830 17,1213.8254334930116
99_20240830 18,1131.0728414529146
99_20240830 19,1175.0010440037904
99_20240830 20,1207.5814671214819
99_20240830 21,1246.903853070386
99_20240830 22,1169.2493409168194
99_20240830 23,1206.088147333302
99_20240831 00,1157.073586145129
99_20240831 01,1156.5276893464738
99_20240831 02,1123.1450431496287
99_20240831 03,1126.8479541857064
99_20240831 04,1016.8490545292441
99_20240831 05,904.7653323201306
99_20240831 06,856.1956098290993
99_20240831 07,842.1882938069045
99_20240831 08,969.4867472785047
99_20240831 09,1093.722935595336
99_20240831 10,1135.576980470029
99_20240831 11,1189.4326845445921
99_20240831 12,1113.7444428378215
99_20240831 13,1147.2905687741456
99_20240831 14,1174.5529069418526
99_20240831 15,1170.2739059528603
99_20240831 16,1169.7043901177167
99_20240831 17,1179.9043772667055
99_20240831 18,1112.4172000918284
99_20240831 19,1163.0303636215574
99_20240831 20,1177.772197549822
99_20240831 21,1212.9330322809124
99_20240831 22,1151.9931780829806
99_20240831 23,1172.6486838635249
100_20240825 00,2771.250244127252
100_20240825 01,2695.7428648520213
100_20240825 02,2559.395261956024
100_20240825 03,2391.68757356698
100_20240825 04,2204.8341701299005
100_20240825 05,2028.2879111432908
100_20240825 06,2359.8525827370704
100_20240825 07,2500.243364604401
100_20240825 08,1381.7000587548296
100_20240825 09,1306.5152885611622
100_20240825 10,1370.906917725698
100_20240825 11,1401.513693916148
100_20240825 12,1553.6158888053274
100_20240825 13,1970.3542184085295
100_20240825 14,2199.749694592928
100_20240825 15,2391.4923651990875
100_20240825 16,2383.0193380771884
100_20240825 17,2510.1982889621204
100_20240825 18,2567.3955113893676
100_20240825 19,2517.9666876942592
100_20240825 20,2475.147046083295
100_20240825 21,2012.725139460987
100_20240825 22,2453.856930214987
100_20240825 23,2731.458281741051
100_20240826 00,2634.507146591488
100_20240826 01,2549.584969224823
100_20240826 02,2333.3260446778086
100_20240826 03,2088.793111337207
100_20240826 04,1910.6656537554077
100_20240826 05,1782.2648084070702
100_20240826 06,2046.332925533386
100_20240826 07,2257.8956091010264
100_20240826 08,1269.519320269625
100_20240826 09,1213.1689584581995
100_20240826 10,1243.5986057442208
100_20240826 11,1306.119576215162
100_20240826 12,1463.5072648605762
100_20240826 13,1742.5504007541726
100_20240826 14,1847.5343834045623
100_20240826 15,2002.8031146106441
100_20240826 16,1967.4857682739762
100_20240826 17,1995.4263438374658
100_20240826 18,2145.5788032018863
100_20240826 19,2067.234987392337
100_20240826 20,2011.552993080723
100_20240826 21,1651.7566793733984
100_20240826 22,2334.5714939334057
100_20240826 23,2699.06477457623
100_20240827 00,2556.229864236015
100_20240827 01,2477.0465794275506
100_20240827 02,2286.4054202813795
100_20240827 03,2161.9308733413072
100_20240827 04,1906.9472838582255
100_20240827 05,1792.9346195322917
100_20240827 06,1873.8485530474352
100_20240827 07,2006.8093333448546
100_20240827 08,1238.0507670241839
100_20240827 09,1192.8011742364351
100_20240827 10,1224.7237162045772
100_20240827 11,1278.6654297205669
100_20240827 12,1411.9280557547033
100_20240827 13,1539.5518674343539
100_20240827 14,1838.5834597903086
100_20240827 15,2213.389490014112
100_20240827 16,2200.7613277860546
100_20240827 17,1951.752156692099
100_20240827 18,1826.7054724559732
100_20240827 19,1744.1074748159726
100_20240827 20,1748.8444896447697
100_20240827 21,1651.0932650997302
100_20240827 22,2374.666681643352
100_20240827 23,2733.7975049590577
100_20240828 00,2634.1798502628317
100_20240828 01,2484.8930258762252
100_20240828 02,2282.298209061405
100_20240828 03,2094.081248872046
100_20240828 04,1818.2047631294026
100_20240828 05,1577.482319510581
100_20240828 06,1842.856171387141
100_20240828 07,2061.2640681244998
100_20240828 08,1214.8928451775353
100_20240828 09,1145.2322205546407
100_20240828 10,1171.3262657547689
100_20240828 11,1252.3462139522744
100_20240828 12,1277.228786172534
100_20240828 13,1397.5397089876508
100_20240828 14,1657.2872369099848
100_20240828 15,1692.7590175102262
100_20240828 16,2004.0842819387667
100_20240828 17,2009.0016652657062
100_20240828 18,2023.4355890879988
100_20240828 19,1940.2181497638198
100_20240828 20,1850.673168244696
100_20240828 21,1514.3528470050112
100_20240828 22,2259.482251229884
100_20240828 23,2674.0417868807517
100_20240829 00,2576.414064155187
100_20240829 01,2456.489297150914
100_20240829 02,2256.26239073932
100_20240829 03,1877.4219218140827
100_20240829 04,1548.8750779755965
100_20240829 05,1432.6958195725756
100_20240829 06,1746.4012464899583
100_20240829 07,1924.499849551647
100_20240829 08,1197.5946394617556
100_20240829 09,1156.886910136872
100_20240829 10,1196.4803233850976
100_20240829 11,1245.6286690067818
100_20240829 12,1289.8264542771904
100_20240829 13,1492.7255785775726
100_20240829 14,1789.9166848315815
100_20240829 15,2005.4870902068583
100_20240829 16,1833.0515368059575
100_20240829 17,1952.3066051507099
100_20240829 18,2075.595663747864
100_20240829 19,2048.4025535725123
100_20240829 20,1983.0345880250202
100_20240829 21,1871.1237135828103
100_20240829 22,2317.695196172204
100_20240829 23,2678.1681698464276
100_20240830 00,2603.68704669589
100_20240830 01,2507.1795334916865
100_20240830 02,2208.2473475906727
100_20240830 03,1985.5269768637822
100_20240830 04,1711.2254033235965
100_20240830 05,1562.5943534055225
100_20240830 06,1752.9711684894894
100_20240830 07,1955.8603188014813
100_20240830 08,1256.5239049833494
100_20240830 09,1189.0519565160848
100_20240830 10,1252.0469762041816
100_20240830 11,1302.8828369703735
100_20240830 12,1344.7491110172195
100_20240830 13,1462.791180821305
100_20240830 14,1802.8314709570113
100_20240830 15,1803.8512745442397
100_20240830 16,1827.3033415337557
100_20240830 17,1951.8458503093302
100_20240830 18,2048.260089223044
100_20240830 19,1835.3283421868712
100_20240830 20,1813.2428266510392
100_20240830 21,1703.0215666726135
100_20240830 22,2239.2667896288276
100_20240830 23,2530.6321906194526
100_20240831 00,2368.216122218054
100_20240831 01,2350.8148835344505
100_20240831 02,2048.6964366450593
100_20240831 03,1762.1128766907207
100_20240831 04,1665.8711904753327
100_20240831 05,1574.2270582668211
100_20240831 06,1822.3441847172526
100_20240831 07,1969.251015122512
100_20240831 08,1284.042395774694
100_20240831 09,1248.9574419200137
100_20240831 10,1286.4105487096185
100_20240831 11,1368.5006148470204
100_20240831 12,1450.5638612582939
100_20240831 13,1561.351480296513
100_20240831 14,1779.3493761845675
100_20240831 15,1748.4234347710635
100_20240831 16,1903.9106822012104
100_20240831 17,1973.1273966463755
100_20240831 18,2079.904649165527
100_20240831 19,2100.67196491055
100_20240831 20,2117.5289177837376
100_20240831 21,1971.7114194811409
100_20240831 22,2503.7316918031042
100_20240831 23,2781.091795656919
