,num_date_time,answer
0,1_20240825 00,4697.5
1,1_20240825 01,4774.36
2,1_20240825 02,4200.81
3,1_20240825 03,3708.84
4,1_20240825 04,3544.02
5,1_20240825 05,3696.1
6,1_20240825 06,3977.06
7,1_20240825 07,4548.98
8,1_20240825 08,4906.77
9,1_20240825 09,6294.17
10,1_20240825 10,6306.25
11,1_20240825 11,6536.12
12,1_20240825 12,6774.64
13,1_20240825 13,7035.84
14,1_20240825 14,7000.07
15,1_20240825 15,6943.11
16,1_20240825 16,7049.01
17,1_20240825 17,7307.81
18,1_20240825 18,7058.58
19,1_20240825 19,6879.3
20,1_20240825 20,6143.7
21,1_20240825 21,5391.3
22,1_20240825 22,5510.68
23,1_20240825 23,5213.36
24,1_20240826 00,5083.35
25,1_20240826 01,4498.4
26,1_20240826 02,3988.56
27,1_20240826 03,3670.78
28,1_20240826 04,3595.91
29,1_20240826 05,3659.44
30,1_20240826 06,3878.77
31,1_20240826 07,4511.4
32,1_20240826 08,4873.81
33,1_20240826 09,5615.42
34,1_20240826 10,5740.52
35,1_20240826 11,5562.41
36,1_20240826 12,5625.14
37,1_20240826 13,5708.61
38,1_20240826 14,5543.18
39,1_20240826 15,5646.7
40,1_20240826 16,5700.3
41,1_20240826 17,6480.8
42,1_20240826 18,6420.83
43,1_20240826 19,5715.64
44,1_20240826 20,5071.35
45,1_20240826 21,4902.89
46,1_20240826 22,5199.01
47,1_20240826 23,5296.33
48,1_20240827 00,5093.87
49,1_20240827 01,4814.94
50,1_20240827 02,4544.91
51,1_20240827 03,4520.74
52,1_20240827 04,4742.27
53,1_20240827 05,4702.11
54,1_20240827 06,5000.58
55,1_20240827 07,5155.1
56,1_20240827 08,4973.46
57,1_20240827 09,5379.07
58,1_20240827 10,5229.96
59,1_20240827 11,5114.76
60,1_20240827 12,5385.23
61,1_20240827 13,5413.4
62,1_20240827 14,5453.94
63,1_20240827 15,5309.18
64,1_20240827 16,5396.58
65,1_20240827 17,5513.26
66,1_20240827 18,5864.73
67,1_20240827 19,5639.68
68,1_20240827 20,5205.53
69,1_20240827 21,5108.48
70,1_20240827 22,5944.97
71,1_20240827 23,6241.28
72,1_20240828 00,5648.37
73,1_20240828 01,5469.93
74,1_20240828 02,5193.1
75,1_20240828 03,4790.0
76,1_20240828 04,4609.57
77,1_20240828 05,4812.69
78,1_20240828 06,5363.72
79,1_20240828 07,4699.55
80,1_20240828 08,4737.89
81,1_20240828 09,5323.51
82,1_20240828 10,5251.86
83,1_20240828 11,5439.34
84,1_20240828 12,5635.49
85,1_20240828 13,6190.88
86,1_20240828 14,5681.86
87,1_20240828 15,5652.22
88,1_20240828 16,5509.44
89,1_20240828 17,5732.98
90,1_20240828 18,6008.31
91,1_20240828 19,5957.67
92,1_20240828 20,5265.33
93,1_20240828 21,4924.32
94,1_20240828 22,5366.4
95,1_20240828 23,5432.88
96,1_20240829 00,5331.49
97,1_20240829 01,5182.63
98,1_20240829 02,4960.9
99,1_20240829 03,4485.99
100,1_20240829 04,4563.92
101,1_20240829 05,4840.86
102,1_20240829 06,5000.9
103,1_20240829 07,4749.63
104,1_20240829 08,4862.78
105,1_20240829 09,5349.78
106,1_20240829 10,5234.92
107,1_20240829 11,5367.1
108,1_20240829 12,5893.65
109,1_20240829 13,6058.18
110,1_20240829 14,5784.63
111,1_20240829 15,6083.1
112,1_20240829 16,5916.6
113,1_20240829 17,5988.31
114,1_20240829 18,6563.43
115,1_20240829 19,6047.77
116,1_20240829 20,5429.41
117,1_20240829 21,5035.75
118,1_20240829 22,5341.95
119,1_20240829 23,5337.21
120,1_20240830 00,5308.3
121,1_20240830 01,5361.9
122,1_20240830 02,4709.81
123,1_20240830 03,4390.21
124,1_20240830 04,4637.26
125,1_20240830 05,4701.48
126,1_20240830 06,5121.66
127,1_20240830 07,4809.95
128,1_20240830 08,4809.58
129,1_20240830 09,5556.74
130,1_20240830 10,5386.18
131,1_20240830 11,5476.68
132,1_20240830 12,5883.18
133,1_20240830 13,6156.02
134,1_20240830 14,5832.39
135,1_20240830 15,5846.32
136,1_20240830 16,5770.23
137,1_20240830 17,5893.78
138,1_20240830 18,5999.44
139,1_20240830 19,6370.98
140,1_20240830 20,5564.29
141,1_20240830 21,5017.14
142,1_20240830 22,5508.21
143,1_20240830 23,5668.66
144,1_20240831 00,5359.02
145,1_20240831 01,5221.62
146,1_20240831 02,5052.8
147,1_20240831 03,4867.77
148,1_20240831 04,4676.61
149,1_20240831 05,5182.17
150,1_20240831 06,5615.54
151,1_20240831 07,5114.13
152,1_20240831 08,5292.36
153,1_20240831 09,5704.79
154,1_20240831 10,5802.17
155,1_20240831 11,5827.45
156,1_20240831 12,6555.92
157,1_20240831 13,7048.26
158,1_20240831 14,6401.73
159,1_20240831 15,6325.77
160,1_20240831 16,5982.05
161,1_20240831 17,6162.39
162,1_20240831 18,6282.83
163,1_20240831 19,6480.91
164,1_20240831 20,5401.53
165,1_20240831 21,5175.99
166,1_20240831 22,5254.82
167,1_20240831 23,5511.78
168,2_20240825 00,1062.49
169,2_20240825 01,989.72
170,2_20240825 02,1001.18
171,2_20240825 03,1019.58
172,2_20240825 04,1029.02
173,2_20240825 05,1065.24
174,2_20240825 06,1140.67
175,2_20240825 07,1241.25
176,2_20240825 08,1312.88
177,2_20240825 09,1559.68
178,2_20240825 10,1613.99
179,2_20240825 11,1591.58
180,2_20240825 12,1629.76
181,2_20240825 13,1608.31
182,2_20240825 14,1621.61
183,2_20240825 15,1714.8
184,2_20240825 16,1751.41
185,2_20240825 17,1809.88
186,2_20240825 18,2270.4
187,2_20240825 19,1686.38
188,2_20240825 20,1680.76
189,2_20240825 21,2166.28
190,2_20240825 22,1970.49
191,2_20240825 23,1760.84
192,2_20240826 00,1608.51
193,2_20240826 01,1373.95
194,2_20240826 02,1260.98
195,2_20240826 03,1236.41
196,2_20240826 04,1202.99
197,2_20240826 05,1333.52
198,2_20240826 06,1567.29
199,2_20240826 07,1834.99
200,2_20240826 08,1972.39
201,2_20240826 09,2031.66
202,2_20240826 10,2152.58
203,2_20240826 11,2145.11
204,2_20240826 12,1908.93
205,2_20240826 13,1972.46
206,2_20240826 14,1995.78
207,2_20240826 15,2036.07
208,2_20240826 16,2096.28
209,2_20240826 17,2090.34
210,2_20240826 18,2622.27
211,2_20240826 19,1772.83
212,2_20240826 20,1792.19
213,2_20240826 21,2494.36
214,2_20240826 22,1699.47
215,2_20240826 23,1856.22
216,2_20240827 00,1749.54
217,2_20240827 01,1333.34
218,2_20240827 02,1275.28
219,2_20240827 03,1211.49
220,2_20240827 04,1197.84
221,2_20240827 05,1321.4
222,2_20240827 06,1509.98
223,2_20240827 07,1795.41
224,2_20240827 08,1844.61
225,2_20240827 09,1988.27
226,2_20240827 10,2150.22
227,2_20240827 11,2100.06
228,2_20240827 12,1923.19
229,2_20240827 13,1954.09
230,2_20240827 14,1969.06
231,2_20240827 15,1966.4
232,2_20240827 16,2048.44
233,2_20240827 17,2060.12
234,2_20240827 18,2665.61
235,2_20240827 19,1827.47
236,2_20240827 20,1802.58
237,2_20240827 21,2527.89
238,2_20240827 22,1646.97
239,2_20240827 23,1902.16
240,2_20240828 00,1549.53
241,2_20240828 01,1155.16
242,2_20240828 02,1087.56
243,2_20240828 03,1116.45
244,2_20240828 04,1115.42
245,2_20240828 05,1219.97
246,2_20240828 06,1413.64
247,2_20240828 07,1764.02
248,2_20240828 08,1847.52
249,2_20240828 09,2002.91
250,2_20240828 10,2202.65
251,2_20240828 11,2167.87
252,2_20240828 12,1926.86
253,2_20240828 13,1919.95
254,2_20240828 14,1976.67
255,2_20240828 15,2013.71
256,2_20240828 16,2067.11
257,2_20240828 17,2090.8
258,2_20240828 18,2668.76
259,2_20240828 19,1816.23
260,2_20240828 20,1816.58
261,2_20240828 21,2554.13
262,2_20240828 22,1849.27
263,2_20240828 23,1854.32
264,2_20240829 00,1701.54
265,2_20240829 01,1250.72
266,2_20240829 02,1135.57
267,2_20240829 03,1165.09
268,2_20240829 04,1116.6
269,2_20240829 05,1205.58
270,2_20240829 06,1374.5
271,2_20240829 07,1720.88
272,2_20240829 08,1791.75
273,2_20240829 09,1907.04
274,2_20240829 10,2052.23
275,2_20240829 11,2031.56
276,2_20240829 12,1857.3
277,2_20240829 13,1906.23
278,2_20240829 14,1923.03
279,2_20240829 15,1989.65
280,2_20240829 16,2048.13
281,2_20240829 17,2074.85
282,2_20240829 18,2619.09
283,2_20240829 19,1846.41
284,2_20240829 20,1834.1
285,2_20240829 21,2592.21
286,2_20240829 22,1793.07
287,2_20240829 23,1919.37
288,2_20240830 00,1647.67
289,2_20240830 01,1199.34
290,2_20240830 02,1136.29
291,2_20240830 03,1121.57
292,2_20240830 04,1116.35
293,2_20240830 05,1219.02
294,2_20240830 06,1412.73
295,2_20240830 07,1764.34
296,2_20240830 08,1844.47
297,2_20240830 09,2037.44
298,2_20240830 10,2107.35
299,2_20240830 11,2084.3
300,2_20240830 12,1885.26
301,2_20240830 13,1930.33
302,2_20240830 14,1965.68
303,2_20240830 15,2017.06
304,2_20240830 16,2041.04
305,2_20240830 17,2043.69
306,2_20240830 18,2347.76
307,2_20240830 19,1794.88
308,2_20240830 20,1747.87
309,2_20240830 21,2305.33
310,2_20240830 22,1563.12
311,2_20240830 23,1785.13
312,2_20240831 00,1365.67
313,2_20240831 01,1169.1
314,2_20240831 02,1103.91
315,2_20240831 03,1132.86
316,2_20240831 04,1113.35
317,2_20240831 05,1144.15
318,2_20240831 06,1202.08
319,2_20240831 07,1134.69
320,2_20240831 08,1168.86
321,2_20240831 09,1242.98
322,2_20240831 10,1329.93
323,2_20240831 11,1346.29
324,2_20240831 12,1384.38
325,2_20240831 13,1350.48
326,2_20240831 14,1380.5
327,2_20240831 15,1367.02
328,2_20240831 16,1345.23
329,2_20240831 17,1302.4
330,2_20240831 18,1326.96
331,2_20240831 19,1251.43
332,2_20240831 20,1194.28
333,2_20240831 21,1177.2
334,2_20240831 22,1143.67
335,2_20240831 23,1126.27
336,3_20240825 00,13474.86
337,3_20240825 01,13376.19
338,3_20240825 02,13545.44
339,3_20240825 03,13261.23
340,3_20240825 04,13312.06
341,3_20240825 05,13450.93
342,3_20240825 06,13979.78
343,3_20240825 07,13799.71
344,3_20240825 08,14676.1
345,3_20240825 09,15801.15
346,3_20240825 10,16073.57
347,3_20240825 11,16901.59
348,3_20240825 12,17212.58
349,3_20240825 13,17164.55
350,3_20240825 14,16802.69
351,3_20240825 15,17245.62
352,3_20240825 16,17803.27
353,3_20240825 17,16715.98
354,3_20240825 18,15981.95
355,3_20240825 19,15487.98
356,3_20240825 20,15425.95
357,3_20240825 21,14257.16
358,3_20240825 22,14060.41
359,3_20240825 23,14074.48
360,3_20240826 00,14421.07
361,3_20240826 01,14133.99
362,3_20240826 02,13735.21
363,3_20240826 03,13773.18
364,3_20240826 04,14083.19
365,3_20240826 05,14729.16
366,3_20240826 06,17743.59
367,3_20240826 07,20820.77
368,3_20240826 08,23793.03
369,3_20240826 09,24439.22
370,3_20240826 10,24704.21
371,3_20240826 11,24995.72
372,3_20240826 12,24945.55
373,3_20240826 13,24845.51
374,3_20240826 14,24675.13
375,3_20240826 15,24982.42
376,3_20240826 16,24635.31
377,3_20240826 17,22612.27
378,3_20240826 18,19825.66
379,3_20240826 19,17563.13
380,3_20240826 20,17264.04
381,3_20240826 21,17434.31
382,3_20240826 22,15905.02
383,3_20240826 23,15617.58
384,3_20240827 00,15096.73
385,3_20240827 01,15119.11
386,3_20240827 02,15070.11
387,3_20240827 03,14614.34
388,3_20240827 04,14793.32
389,3_20240827 05,15186.09
390,3_20240827 06,17509.04
391,3_20240827 07,19715.19
392,3_20240827 08,21109.33
393,3_20240827 09,22238.66
394,3_20240827 10,21825.58
395,3_20240827 11,21775.37
396,3_20240827 12,21971.39
397,3_20240827 13,21841.99
398,3_20240827 14,22509.66
399,3_20240827 15,22408.65
400,3_20240827 16,22610.63
401,3_20240827 17,20512.1
402,3_20240827 18,18391.09
403,3_20240827 19,17365.1
404,3_20240827 20,16182.54
405,3_20240827 21,15245.77
406,3_20240827 22,14193.54
407,3_20240827 23,13848.39
408,3_20240828 00,13313.95
409,3_20240828 01,13402.37
410,3_20240828 02,13243.99
411,3_20240828 03,13119.24
412,3_20240828 04,13177.15
413,3_20240828 05,13464.25
414,3_20240828 06,15785.28
415,3_20240828 07,18507.37
416,3_20240828 08,21360.45
417,3_20240828 09,23207.69
418,3_20240828 10,23632.78
419,3_20240828 11,23345.76
420,3_20240828 12,22971.19
421,3_20240828 13,23304.47
422,3_20240828 14,23791.7
423,3_20240828 15,23653.17
424,3_20240828 16,23149.95
425,3_20240828 17,21512.42
426,3_20240828 18,19219.66
427,3_20240828 19,17731.56
428,3_20240828 20,17546.87
429,3_20240828 21,16777.08
430,3_20240828 22,15321.38
431,3_20240828 23,14786.06
432,3_20240829 00,13371.25
433,3_20240829 01,13002.9
434,3_20240829 02,13063.49
435,3_20240829 03,13175.8
436,3_20240829 04,13180.6
437,3_20240829 05,13752.05
438,3_20240829 06,15458.97
439,3_20240829 07,18363.26
440,3_20240829 08,20559.72
441,3_20240829 09,20923.67
442,3_20240829 10,21667.61
443,3_20240829 11,22032.99
444,3_20240829 12,21618.51
445,3_20240829 13,22100.13
446,3_20240829 14,22219.37
447,3_20240829 15,21908.33
448,3_20240829 16,21575.99
449,3_20240829 17,20632.0
450,3_20240829 18,18671.45
451,3_20240829 19,17484.0
452,3_20240829 20,16607.27
453,3_20240829 21,15209.02
454,3_20240829 22,14612.92
455,3_20240829 23,14128.01
456,3_20240830 00,13785.62
457,3_20240830 01,13320.57
458,3_20240830 02,13406.55
459,3_20240830 03,13339.69
460,3_20240830 04,13471.71
461,3_20240830 05,13897.39
462,3_20240830 06,15974.32
463,3_20240830 07,18695.31
464,3_20240830 08,21381.9
465,3_20240830 09,23110.21
466,3_20240830 10,23477.53
467,3_20240830 11,24192.27
468,3_20240830 12,23505.78
469,3_20240830 13,23221.92
470,3_20240830 14,23729.12
471,3_20240830 15,23574.42
472,3_20240830 16,22744.02
473,3_20240830 17,21189.89
474,3_20240830 18,18777.67
475,3_20240830 19,18725.86
476,3_20240830 20,17142.02
477,3_20240830 21,16542.81
478,3_20240830 22,15094.02
479,3_20240830 23,14175.49
480,3_20240831 00,13432.74
481,3_20240831 01,13385.66
482,3_20240831 02,13201.95
483,3_20240831 03,12757.63
484,3_20240831 04,12713.75
485,3_20240831 05,13079.0
486,3_20240831 06,14889.42
487,3_20240831 07,16078.18
488,3_20240831 08,16690.16
489,3_20240831 09,18171.53
490,3_20240831 10,18659.76
491,3_20240831 11,19155.65
492,3_20240831 12,19318.89
493,3_20240831 13,18625.41
494,3_20240831 14,17749.83
495,3_20240831 15,17701.75
496,3_20240831 16,17662.77
497,3_20240831 17,17292.61
498,3_20240831 18,15569.56
499,3_20240831 19,14897.99
500,3_20240831 20,14481.65
501,3_20240831 21,14358.9
502,3_20240831 22,14067.15
503,3_20240831 23,13454.63
504,4_20240825 00,631.81
505,4_20240825 01,600.91
506,4_20240825 02,605.76
507,4_20240825 03,614.08
508,4_20240825 04,654.51
509,4_20240825 05,761.5
510,4_20240825 06,812.73
511,4_20240825 07,917.76
512,4_20240825 08,964.92
513,4_20240825 09,1035.28
514,4_20240825 10,1103.79
515,4_20240825 11,1124.9
516,4_20240825 12,1148.06
517,4_20240825 13,1159.08
518,4_20240825 14,1155.72
519,4_20240825 15,1150.67
520,4_20240825 16,1166.45
521,4_20240825 17,1140.42
522,4_20240825 18,1133.78
523,4_20240825 19,1084.18
524,4_20240825 20,1064.22
525,4_20240825 21,1024.05
526,4_20240825 22,765.48
527,4_20240825 23,706.92
528,4_20240826 00,612.36
529,4_20240826 01,589.11
530,4_20240826 02,576.82
531,4_20240826 03,586.5
532,4_20240826 04,623.36
533,4_20240826 05,731.35
534,4_20240826 06,803.34
535,4_20240826 07,890.4
536,4_20240826 08,943.61
537,4_20240826 09,1004.11
538,4_20240826 10,1066.33
539,4_20240826 11,1126.43
540,4_20240826 12,1136.83
541,4_20240826 13,1136.11
542,4_20240826 14,1100.53
543,4_20240826 15,1077.93
544,4_20240826 16,1043.13
545,4_20240826 17,1038.89
546,4_20240826 18,1035.36
547,4_20240826 19,894.96
548,4_20240826 20,930.66
549,4_20240826 21,923.25
550,4_20240826 22,717.48
551,4_20240826 23,637.52
552,4_20240827 00,598.02
553,4_20240827 01,587.65
554,4_20240827 02,589.43
555,4_20240827 03,591.13
556,4_20240827 04,623.19
557,4_20240827 05,733.97
558,4_20240827 06,811.4
559,4_20240827 07,908.04
560,4_20240827 08,909.63
561,4_20240827 09,949.43
562,4_20240827 10,1003.38
563,4_20240827 11,1011.09
564,4_20240827 12,1030.1
565,4_20240827 13,956.73
566,4_20240827 14,979.97
567,4_20240827 15,1042.09
568,4_20240827 16,1071.82
569,4_20240827 17,1056.77
570,4_20240827 18,1058.65
571,4_20240827 19,977.53
572,4_20240827 20,952.85
573,4_20240827 21,867.95
574,4_20240827 22,694.01
575,4_20240827 23,647.07
576,4_20240828 00,591.78
577,4_20240828 01,561.67
578,4_20240828 02,556.91
579,4_20240828 03,570.62
580,4_20240828 04,595.63
581,4_20240828 05,681.73
582,4_20240828 06,748.01
583,4_20240828 07,886.1
584,4_20240828 08,954.5
585,4_20240828 09,990.51
586,4_20240828 10,1080.29
587,4_20240828 11,1136.7
588,4_20240828 12,1134.48
589,4_20240828 13,1191.89
590,4_20240828 14,1109.9
591,4_20240828 15,1095.0
592,4_20240828 16,1092.15
593,4_20240828 17,1094.27
594,4_20240828 18,1089.07
595,4_20240828 19,1070.02
596,4_20240828 20,1024.59
597,4_20240828 21,992.86
598,4_20240828 22,763.31
599,4_20240828 23,657.26
600,4_20240829 00,599.51
601,4_20240829 01,573.4
602,4_20240829 02,579.64
603,4_20240829 03,584.71
604,4_20240829 04,614.53
605,4_20240829 05,716.79
606,4_20240829 06,783.39
607,4_20240829 07,912.36
608,4_20240829 08,932.24
609,4_20240829 09,948.39
610,4_20240829 10,1079.94
611,4_20240829 11,1129.16
612,4_20240829 12,1159.38
613,4_20240829 13,1188.12
614,4_20240829 14,1120.23
615,4_20240829 15,1108.5
616,4_20240829 16,1096.47
617,4_20240829 17,1100.75
618,4_20240829 18,1153.63
619,4_20240829 19,1042.6
620,4_20240829 20,1028.73
621,4_20240829 21,996.53
622,4_20240829 22,750.51
623,4_20240829 23,661.3
624,4_20240830 00,626.6
625,4_20240830 01,580.18
626,4_20240830 02,588.79
627,4_20240830 03,570.06
628,4_20240830 04,616.19
629,4_20240830 05,713.72
630,4_20240830 06,787.2
631,4_20240830 07,897.63
632,4_20240830 08,963.37
633,4_20240830 09,1023.68
634,4_20240830 10,1157.66
635,4_20240830 11,1210.68
636,4_20240830 12,1226.1
637,4_20240830 13,1232.76
638,4_20240830 14,1135.23
639,4_20240830 15,1121.52
640,4_20240830 16,1107.37
641,4_20240830 17,1111.4
642,4_20240830 18,1101.74
643,4_20240830 19,1144.1
644,4_20240830 20,1114.14
645,4_20240830 21,1047.55
646,4_20240830 22,761.96
647,4_20240830 23,675.92
648,4_20240831 00,638.53
649,4_20240831 01,599.49
650,4_20240831 02,583.45
651,4_20240831 03,583.52
652,4_20240831 04,613.33
653,4_20240831 05,693.55
654,4_20240831 06,750.14
655,4_20240831 07,882.91
656,4_20240831 08,895.6
657,4_20240831 09,1012.86
658,4_20240831 10,997.22
659,4_20240831 11,1078.59
660,4_20240831 12,1150.91
661,4_20240831 13,1220.0
662,4_20240831 14,1156.34
663,4_20240831 15,1184.09
664,4_20240831 16,1174.32
665,4_20240831 17,1181.37
666,4_20240831 18,1125.14
667,4_20240831 19,1080.88
668,4_20240831 20,1047.69
669,4_20240831 21,1049.51
670,4_20240831 22,797.35
671,4_20240831 23,699.1
672,5_20240825 00,3894.95
673,5_20240825 01,3804.31
674,5_20240825 02,3784.51
675,5_20240825 03,3677.93
676,5_20240825 04,3634.31
677,5_20240825 05,3547.86
678,5_20240825 06,3586.32
679,5_20240825 07,3441.74
680,5_20240825 08,3658.88
681,5_20240825 09,3984.36
682,5_20240825 10,4229.04
683,5_20240825 11,4415.8
684,5_20240825 12,4464.89
685,5_20240825 13,4561.85
686,5_20240825 14,4571.43
687,5_20240825 15,4523.36
688,5_20240825 16,4666.9
689,5_20240825 17,4613.7
690,5_20240825 18,4403.77
691,5_20240825 19,4377.53
692,5_20240825 20,4351.78
693,5_20240825 21,4267.41
694,5_20240825 22,4160.22
695,5_20240825 23,4197.31
696,5_20240826 00,4142.39
697,5_20240826 01,4001.94
698,5_20240826 02,3897.4
699,5_20240826 03,3827.12
700,5_20240826 04,3706.14
701,5_20240826 05,3676.67
702,5_20240826 06,3779.26
703,5_20240826 07,4046.88
704,5_20240826 08,4580.07
705,5_20240826 09,5307.53
706,5_20240826 10,5842.88
707,5_20240826 11,6156.25
708,5_20240826 12,6213.66
709,5_20240826 13,6275.11
710,5_20240826 14,6242.12
711,5_20240826 15,6246.0
712,5_20240826 16,6067.36
713,5_20240826 17,5657.81
714,5_20240826 18,5076.0
715,5_20240826 19,4889.97
716,5_20240826 20,4932.72
717,5_20240826 21,4859.28
718,5_20240826 22,4529.14
719,5_20240826 23,4432.61
720,5_20240827 00,4194.91
721,5_20240827 01,4055.92
722,5_20240827 02,4004.33
723,5_20240827 03,3862.99
724,5_20240827 04,3771.11
725,5_20240827 05,3788.0
726,5_20240827 06,3855.0
727,5_20240827 07,4040.3
728,5_20240827 08,4440.79
729,5_20240827 09,5023.03
730,5_20240827 10,5494.66
731,5_20240827 11,5554.63
732,5_20240827 12,5636.04
733,5_20240827 13,5755.94
734,5_20240827 14,5897.74
735,5_20240827 15,5977.46
736,5_20240827 16,5859.57
737,5_20240827 17,5656.48
738,5_20240827 18,5221.0
739,5_20240827 19,4960.0
740,5_20240827 20,4836.73
741,5_20240827 21,4573.17
742,5_20240827 22,4328.89
743,5_20240827 23,4159.22
744,5_20240828 00,3924.63
745,5_20240828 01,3821.02
746,5_20240828 02,3727.01
747,5_20240828 03,3613.52
748,5_20240828 04,3592.46
749,5_20240828 05,3542.29
750,5_20240828 06,3563.71
751,5_20240828 07,3833.61
752,5_20240828 08,4426.18
753,5_20240828 09,5320.44
754,5_20240828 10,6016.9
755,5_20240828 11,6150.14
756,5_20240828 12,6120.74
757,5_20240828 13,6336.11
758,5_20240828 14,6442.4
759,5_20240828 15,6392.01
760,5_20240828 16,6452.87
761,5_20240828 17,5965.56
762,5_20240828 18,5582.33
763,5_20240828 19,5152.11
764,5_20240828 20,5079.91
765,5_20240828 21,4873.44
766,5_20240828 22,4577.65
767,5_20240828 23,4378.99
768,5_20240829 00,4007.92
769,5_20240829 01,3832.54
770,5_20240829 02,3769.15
771,5_20240829 03,3718.51
772,5_20240829 04,3643.17
773,5_20240829 05,3565.21
774,5_20240829 06,3616.94
775,5_20240829 07,3870.98
776,5_20240829 08,4386.12
777,5_20240829 09,4961.7
778,5_20240829 10,5619.57
779,5_20240829 11,5753.48
780,5_20240829 12,5744.81
781,5_20240829 13,6032.58
782,5_20240829 14,6321.58
783,5_20240829 15,6196.54
784,5_20240829 16,6089.54
785,5_20240829 17,5833.86
786,5_20240829 18,5348.14
787,5_20240829 19,5007.18
788,5_20240829 20,4713.29
789,5_20240829 21,4552.63
790,5_20240829 22,4444.86
791,5_20240829 23,4286.41
792,5_20240830 00,4042.89
793,5_20240830 01,3881.96
794,5_20240830 02,3832.07
795,5_20240830 03,3765.27
796,5_20240830 04,3760.37
797,5_20240830 05,3604.63
798,5_20240830 06,3683.15
799,5_20240830 07,3905.19
800,5_20240830 08,4424.61
801,5_20240830 09,5313.22
802,5_20240830 10,5850.27
803,5_20240830 11,6246.1
804,5_20240830 12,6281.99
805,5_20240830 13,6304.54
806,5_20240830 14,6514.6
807,5_20240830 15,6349.82
808,5_20240830 16,6242.66
809,5_20240830 17,5917.04
810,5_20240830 18,5403.28
811,5_20240830 19,4921.77
812,5_20240830 20,4678.13
813,5_20240830 21,4624.49
814,5_20240830 22,4315.42
815,5_20240830 23,4200.71
816,5_20240831 00,3831.53
817,5_20240831 01,3752.61
818,5_20240831 02,3690.43
819,5_20240831 03,3549.97
820,5_20240831 04,3499.08
821,5_20240831 05,3455.63
822,5_20240831 06,3451.69
823,5_20240831 07,3527.61
824,5_20240831 08,3820.24
825,5_20240831 09,4094.8
826,5_20240831 10,4242.65
827,5_20240831 11,4440.08
828,5_20240831 12,4572.19
829,5_20240831 13,4688.89
830,5_20240831 14,4497.01
831,5_20240831 15,4532.15
832,5_20240831 16,4574.8
833,5_20240831 17,4564.78
834,5_20240831 18,4315.29
835,5_20240831 19,4397.11
836,5_20240831 20,4284.18
837,5_20240831 21,4349.48
838,5_20240831 22,4304.12
839,5_20240831 23,4094.77
840,6_20240825 00,1528.24
841,6_20240825 01,1467.79
842,6_20240825 02,1443.63
843,6_20240825 03,1492.77
844,6_20240825 04,1592.4
845,6_20240825 05,1619.15
846,6_20240825 06,1731.44
847,6_20240825 07,1861.08
848,6_20240825 08,2704.52
849,6_20240825 09,2914.21
850,6_20240825 10,3198.66
851,6_20240825 11,2970.58
852,6_20240825 12,3087.93
853,6_20240825 13,3099.08
854,6_20240825 14,3140.93
855,6_20240825 15,3114.46
856,6_20240825 16,3381.1
857,6_20240825 17,3266.02
858,6_20240825 18,2957.35
859,6_20240825 19,2826.83
860,6_20240825 20,2675.95
861,6_20240825 21,2392.75
862,6_20240825 22,2072.24
863,6_20240825 23,1904.34
864,6_20240826 00,2132.29
865,6_20240826 01,1898.68
866,6_20240826 02,1918.2
867,6_20240826 03,1915.69
868,6_20240826 04,3238.0
869,6_20240826 05,3426.07
870,6_20240826 06,3562.59
871,6_20240826 07,3956.67
872,6_20240826 08,5002.2
873,6_20240826 09,5296.89
874,6_20240826 10,5365.78
875,6_20240826 11,5680.94
876,6_20240826 12,5507.66
877,6_20240826 13,5669.19
878,6_20240826 14,5610.01
879,6_20240826 15,5736.07
880,6_20240826 16,5721.46
881,6_20240826 17,5111.26
882,6_20240826 18,4725.28
883,6_20240826 19,3923.27
884,6_20240826 20,3689.14
885,6_20240826 21,3380.92
886,6_20240826 22,2605.04
887,6_20240826 23,2457.75
888,6_20240827 00,2244.36
889,6_20240827 01,1943.06
890,6_20240827 02,1992.01
891,6_20240827 03,1863.27
892,6_20240827 04,3147.55
893,6_20240827 05,3484.54
894,6_20240827 06,3537.6
895,6_20240827 07,3692.22
896,6_20240827 08,4485.23
897,6_20240827 09,4867.43
898,6_20240827 10,4812.78
899,6_20240827 11,4907.44
900,6_20240827 12,4960.9
901,6_20240827 13,4992.14
902,6_20240827 14,5030.43
903,6_20240827 15,5038.31
904,6_20240827 16,5135.03
905,6_20240827 17,4639.66
906,6_20240827 18,4434.99
907,6_20240827 19,3778.47
908,6_20240827 20,3361.77
909,6_20240827 21,2855.8
910,6_20240827 22,2016.54
911,6_20240827 23,1756.12
912,6_20240828 00,1615.8
913,6_20240828 01,1556.51
914,6_20240828 02,1573.89
915,6_20240828 03,1582.98
916,6_20240828 04,2687.55
917,6_20240828 05,2880.63
918,6_20240828 06,3226.21
919,6_20240828 07,3502.69
920,6_20240828 08,4698.96
921,6_20240828 09,5077.36
922,6_20240828 10,5369.21
923,6_20240828 11,5172.23
924,6_20240828 12,5205.69
925,6_20240828 13,5146.88
926,6_20240828 14,5325.27
927,6_20240828 15,5284.58
928,6_20240828 16,5169.42
929,6_20240828 17,5143.79
930,6_20240828 18,4773.09
931,6_20240828 19,3875.7
932,6_20240828 20,3533.16
933,6_20240828 21,3096.81
934,6_20240828 22,2260.45
935,6_20240828 23,2023.13
936,6_20240829 00,1587.59
937,6_20240829 01,1545.26
938,6_20240829 02,1532.51
939,6_20240829 03,1557.26
940,6_20240829 04,2792.69
941,6_20240829 05,2950.21
942,6_20240829 06,3110.63
943,6_20240829 07,3436.22
944,6_20240829 08,4386.43
945,6_20240829 09,4515.34
946,6_20240829 10,4710.66
947,6_20240829 11,4835.68
948,6_20240829 12,4678.37
949,6_20240829 13,4784.06
950,6_20240829 14,4787.0
951,6_20240829 15,4727.38
952,6_20240829 16,4698.82
953,6_20240829 17,4689.87
954,6_20240829 18,4470.23
955,6_20240829 19,3721.25
956,6_20240829 20,3465.56
957,6_20240829 21,2836.01
958,6_20240829 22,2239.11
959,6_20240829 23,1743.4
960,6_20240830 00,1574.08
961,6_20240830 01,1458.43
962,6_20240830 02,1509.3
963,6_20240830 03,1507.11
964,6_20240830 04,2999.65
965,6_20240830 05,3126.05
966,6_20240830 06,3385.86
967,6_20240830 07,3557.47
968,6_20240830 08,4546.93
969,6_20240830 09,4991.09
970,6_20240830 10,5219.58
971,6_20240830 11,5357.71
972,6_20240830 12,5212.43
973,6_20240830 13,5016.91
974,6_20240830 14,5141.25
975,6_20240830 15,5136.58
976,6_20240830 16,5093.9
977,6_20240830 17,4787.12
978,6_20240830 18,4545.96
979,6_20240830 19,3791.62
980,6_20240830 20,3369.13
981,6_20240830 21,2915.02
982,6_20240830 22,2178.07
983,6_20240830 23,1706.37
984,6_20240831 00,1457.63
985,6_20240831 01,1401.79
986,6_20240831 02,1469.22
987,6_20240831 03,1450.11
988,6_20240831 04,1478.78
989,6_20240831 05,1525.61
990,6_20240831 06,1698.07
991,6_20240831 07,1857.51
992,6_20240831 08,2437.9
993,6_20240831 09,2674.96
994,6_20240831 10,2523.12
995,6_20240831 11,2644.44
996,6_20240831 12,2748.32
997,6_20240831 13,2950.16
998,6_20240831 14,2806.61
999,6_20240831 15,2887.35
1000,6_20240831 16,3066.63
1001,6_20240831 17,3042.27
1002,6_20240831 18,2723.62
1003,6_20240831 19,2744.85
1004,6_20240831 20,2734.47
1005,6_20240831 21,2470.74
1006,6_20240831 22,2145.82
1007,6_20240831 23,1575.11
1008,7_20240825 00,1927.35
1009,7_20240825 01,1878.0
1010,7_20240825 02,2402.79
1011,7_20240825 03,2376.57
1012,7_20240825 04,2520.46
1013,7_20240825 05,2232.24
1014,7_20240825 06,1517.74
1015,7_20240825 07,1352.95
1016,7_20240825 08,1282.48
1017,7_20240825 09,1915.5
1018,7_20240825 10,1739.24
1019,7_20240825 11,2259.44
1020,7_20240825 12,1959.72
1021,7_20240825 13,2236.3
1022,7_20240825 14,2193.75
1023,7_20240825 15,2125.22
1024,7_20240825 16,2409.68
1025,7_20240825 17,2125.25
1026,7_20240825 18,2607.31
1027,7_20240825 19,3365.78
1028,7_20240825 20,3316.2
1029,7_20240825 21,1074.63
1030,7_20240825 22,1232.43
1031,7_20240825 23,2470.72
1032,7_20240826 00,4485.06
1033,7_20240826 01,5051.41
1034,7_20240826 02,4581.2
1035,7_20240826 03,4759.55
1036,7_20240826 04,3904.4
1037,7_20240826 05,3399.67
1038,7_20240826 06,3343.37
1039,7_20240826 07,3396.29
1040,7_20240826 08,3541.32
1041,7_20240826 09,2790.78
1042,7_20240826 10,2019.18
1043,7_20240826 11,2518.36
1044,7_20240826 12,2568.47
1045,7_20240826 13,2081.79
1046,7_20240826 14,2160.75
1047,7_20240826 15,2091.09
1048,7_20240826 16,2309.2
1049,7_20240826 17,1991.45
1050,7_20240826 18,2486.72
1051,7_20240826 19,3439.94
1052,7_20240826 20,4652.49
1053,7_20240826 21,4422.29
1054,7_20240826 22,3521.57
1055,7_20240826 23,4532.44
1056,7_20240827 00,5137.9
1057,7_20240827 01,5322.66
1058,7_20240827 02,4998.5
1059,7_20240827 03,4539.2
1060,7_20240827 04,3768.71
1061,7_20240827 05,4539.35
1062,7_20240827 06,4409.35
1063,7_20240827 07,4036.89
1064,7_20240827 08,4611.93
1065,7_20240827 09,3309.8
1066,7_20240827 10,4564.26
1067,7_20240827 11,4355.52
1068,7_20240827 12,3283.64
1069,7_20240827 13,3004.53
1070,7_20240827 14,2589.24
1071,7_20240827 15,2892.67
1072,7_20240827 16,2884.19
1073,7_20240827 17,3796.46
1074,7_20240827 18,3813.97
1075,7_20240827 19,2845.29
1076,7_20240827 20,2950.93
1077,7_20240827 21,2589.62
1078,7_20240827 22,3058.89
1079,7_20240827 23,3177.08
1080,7_20240828 00,3454.92
1081,7_20240828 01,3658.78
1082,7_20240828 02,3543.59
1083,7_20240828 03,4240.43
1084,7_20240828 04,4493.72
1085,7_20240828 05,4536.17
1086,7_20240828 06,4281.73
1087,7_20240828 07,4311.61
1088,7_20240828 08,3295.35
1089,7_20240828 09,2898.03
1090,7_20240828 10,3305.82
1091,7_20240828 11,4129.09
1092,7_20240828 12,3734.49
1093,7_20240828 13,3892.57
1094,7_20240828 14,4352.24
1095,7_20240828 15,4264.62
1096,7_20240828 16,4854.75
1097,7_20240828 17,4166.15
1098,7_20240828 18,3964.63
1099,7_20240828 19,3329.82
1100,7_20240828 20,3273.97
1101,7_20240828 21,2944.31
1102,7_20240828 22,3448.9
1103,7_20240828 23,2738.28
1104,7_20240829 00,3815.13
1105,7_20240829 01,3713.68
1106,7_20240829 02,3577.94
1107,7_20240829 03,3635.12
1108,7_20240829 04,3769.29
1109,7_20240829 05,4318.57
1110,7_20240829 06,4315.65
1111,7_20240829 07,4432.11
1112,7_20240829 08,3324.07
1113,7_20240829 09,4161.43
1114,7_20240829 10,4220.81
1115,7_20240829 11,3949.52
1116,7_20240829 12,4251.01
1117,7_20240829 13,4161.37
1118,7_20240829 14,4320.64
1119,7_20240829 15,5441.9
1120,7_20240829 16,4696.95
1121,7_20240829 17,4510.51
1122,7_20240829 18,3935.24
1123,7_20240829 19,3311.54
1124,7_20240829 20,3184.27
1125,7_20240829 21,3980.43
1126,7_20240829 22,3727.57
1127,7_20240829 23,3842.64
1128,7_20240830 00,3088.22
1129,7_20240830 01,4373.96
1130,7_20240830 02,5156.69
1131,7_20240830 03,5023.91
1132,7_20240830 04,5105.21
1133,7_20240830 05,4297.43
1134,7_20240830 06,4553.84
1135,7_20240830 07,4511.25
1136,7_20240830 08,3466.11
1137,7_20240830 09,3247.25
1138,7_20240830 10,3233.88
1139,7_20240830 11,3243.43
1140,7_20240830 12,4395.62
1141,7_20240830 13,4473.94
1142,7_20240830 14,4427.76
1143,7_20240830 15,4399.52
1144,7_20240830 16,4051.46
1145,7_20240830 17,4139.23
1146,7_20240830 18,4817.27
1147,7_20240830 19,2466.0
1148,7_20240830 20,2189.57
1149,7_20240830 21,2257.28
1150,7_20240830 22,2687.88
1151,7_20240830 23,2723.88
1152,7_20240831 00,1942.93
1153,7_20240831 01,2827.61
1154,7_20240831 02,3417.25
1155,7_20240831 03,4005.54
1156,7_20240831 04,4415.24
1157,7_20240831 05,4331.09
1158,7_20240831 06,4207.56
1159,7_20240831 07,4345.58
1160,7_20240831 08,4267.12
1161,7_20240831 09,3675.81
1162,7_20240831 10,3728.76
1163,7_20240831 11,3435.92
1164,7_20240831 12,3372.76
1165,7_20240831 13,2713.9
1166,7_20240831 14,2593.62
1167,7_20240831 15,1806.86
1168,7_20240831 16,2782.61
1169,7_20240831 17,2280.81
1170,7_20240831 18,3330.66
1171,7_20240831 19,2723.82
1172,7_20240831 20,2738.33
1173,7_20240831 21,3817.61
1174,7_20240831 22,4730.87
1175,7_20240831 23,3178.1
1176,8_20240825 00,593.7
1177,8_20240825 01,528.82
1178,8_20240825 02,506.82
1179,8_20240825 03,506.15
1180,8_20240825 04,502.44
1181,8_20240825 05,481.37
1182,8_20240825 06,473.82
1183,8_20240825 07,392.36
1184,8_20240825 08,482.59
1185,8_20240825 09,313.37
1186,8_20240825 10,369.64
1187,8_20240825 11,535.0
1188,8_20240825 12,600.19
1189,8_20240825 13,596.9
1190,8_20240825 14,611.37
1191,8_20240825 15,615.48
1192,8_20240825 16,633.55
1193,8_20240825 17,638.84
1194,8_20240825 18,632.64
1195,8_20240825 19,641.14
1196,8_20240825 20,620.13
1197,8_20240825 21,606.41
1198,8_20240825 22,589.79
1199,8_20240825 23,598.47
1200,8_20240826 00,611.08
1201,8_20240826 01,576.78
1202,8_20240826 02,552.21
1203,8_20240826 03,531.56
1204,8_20240826 04,506.84
1205,8_20240826 05,490.04
1206,8_20240826 06,498.57
1207,8_20240826 07,528.96
1208,8_20240826 08,687.3
1209,8_20240826 09,1033.5
1210,8_20240826 10,1216.37
1211,8_20240826 11,1261.46
1212,8_20240826 12,1290.49
1213,8_20240826 13,1286.73
1214,8_20240826 14,1301.94
1215,8_20240826 15,1264.93
1216,8_20240826 16,1156.21
1217,8_20240826 17,972.23
1218,8_20240826 18,838.12
1219,8_20240826 19,705.74
1220,8_20240826 20,658.04
1221,8_20240826 21,655.99
1222,8_20240826 22,636.92
1223,8_20240826 23,636.06
1224,8_20240827 00,667.64
1225,8_20240827 01,632.64
1226,8_20240827 02,605.87
1227,8_20240827 03,594.67
1228,8_20240827 04,550.97
1229,8_20240827 05,530.99
1230,8_20240827 06,535.91
1231,8_20240827 07,565.54
1232,8_20240827 08,702.44
1233,8_20240827 09,1000.45
1234,8_20240827 10,1014.16
1235,8_20240827 11,1051.11
1236,8_20240827 12,1058.94
1237,8_20240827 13,1126.2
1238,8_20240827 14,1089.77
1239,8_20240827 15,1011.12
1240,8_20240827 16,1027.09
1241,8_20240827 17,974.88
1242,8_20240827 18,858.53
1243,8_20240827 19,705.69
1244,8_20240827 20,677.84
1245,8_20240827 21,648.29
1246,8_20240827 22,639.82
1247,8_20240827 23,626.87
1248,8_20240828 00,617.11
1249,8_20240828 01,604.64
1250,8_20240828 02,575.98
1251,8_20240828 03,556.13
1252,8_20240828 04,522.91
1253,8_20240828 05,504.56
1254,8_20240828 06,509.79
1255,8_20240828 07,527.48
1256,8_20240828 08,667.69
1257,8_20240828 09,927.72
1258,8_20240828 10,1202.57
1259,8_20240828 11,1250.57
1260,8_20240828 12,1317.49
1261,8_20240828 13,1301.22
1262,8_20240828 14,1291.24
1263,8_20240828 15,1363.08
1264,8_20240828 16,1193.37
1265,8_20240828 17,1079.15
1266,8_20240828 18,994.38
1267,8_20240828 19,737.26
1268,8_20240828 20,722.96
1269,8_20240828 21,690.34
1270,8_20240828 22,625.53
1271,8_20240828 23,643.36
1272,8_20240829 00,638.21
1273,8_20240829 01,630.14
1274,8_20240829 02,580.0
1275,8_20240829 03,554.23
1276,8_20240829 04,525.62
1277,8_20240829 05,509.79
1278,8_20240829 06,511.3
1279,8_20240829 07,521.59
1280,8_20240829 08,643.7
1281,8_20240829 09,931.77
1282,8_20240829 10,1089.74
1283,8_20240829 11,1158.42
1284,8_20240829 12,1156.42
1285,8_20240829 13,1173.79
1286,8_20240829 14,1152.57
1287,8_20240829 15,1279.99
1288,8_20240829 16,1149.31
1289,8_20240829 17,988.15
1290,8_20240829 18,804.47
1291,8_20240829 19,704.38
1292,8_20240829 20,687.21
1293,8_20240829 21,653.94
1294,8_20240829 22,630.25
1295,8_20240829 23,652.48
1296,8_20240830 00,629.75
1297,8_20240830 01,600.71
1298,8_20240830 02,567.25
1299,8_20240830 03,534.56
1300,8_20240830 04,508.79
1301,8_20240830 05,495.56
1302,8_20240830 06,507.68
1303,8_20240830 07,512.32
1304,8_20240830 08,657.53
1305,8_20240830 09,966.16
1306,8_20240830 10,1154.85
1307,8_20240830 11,1251.39
1308,8_20240830 12,1300.42
1309,8_20240830 13,1346.46
1310,8_20240830 14,1334.57
1311,8_20240830 15,1347.31
1312,8_20240830 16,1190.53
1313,8_20240830 17,1042.64
1314,8_20240830 18,922.98
1315,8_20240830 19,765.29
1316,8_20240830 20,686.96
1317,8_20240830 21,665.57
1318,8_20240830 22,637.95
1319,8_20240830 23,648.18
1320,8_20240831 00,616.97
1321,8_20240831 01,585.59
1322,8_20240831 02,552.35
1323,8_20240831 03,521.28
1324,8_20240831 04,500.26
1325,8_20240831 05,476.77
1326,8_20240831 06,490.57
1327,8_20240831 07,474.45
1328,8_20240831 08,500.08
1329,8_20240831 09,490.26
1330,8_20240831 10,658.11
1331,8_20240831 11,654.64
1332,8_20240831 12,677.95
1333,8_20240831 13,642.9
1334,8_20240831 14,642.46
1335,8_20240831 15,639.2
1336,8_20240831 16,632.02
1337,8_20240831 17,633.72
1338,8_20240831 18,626.58
1339,8_20240831 19,626.94
1340,8_20240831 20,620.49
1341,8_20240831 21,620.92
1342,8_20240831 22,616.76
1343,8_20240831 23,638.25
1344,9_20240825 00,1980.83
1345,9_20240825 01,1800.27
1346,9_20240825 02,1793.21
1347,9_20240825 03,1796.77
1348,9_20240825 04,1856.94
1349,9_20240825 05,2026.58
1350,9_20240825 06,2077.6
1351,9_20240825 07,2513.68
1352,9_20240825 08,2900.58
1353,9_20240825 09,3833.66
1354,9_20240825 10,4194.83
1355,9_20240825 11,4452.99
1356,9_20240825 12,4397.39
1357,9_20240825 13,4481.34
1358,9_20240825 14,4443.05
1359,9_20240825 15,4644.08
1360,9_20240825 16,4590.45
1361,9_20240825 17,4097.18
1362,9_20240825 18,3781.23
1363,9_20240825 19,2884.74
1364,9_20240825 20,2850.18
1365,9_20240825 21,2502.27
1366,9_20240825 22,2432.45
1367,9_20240825 23,2210.78
1368,9_20240826 00,1975.51
1369,9_20240826 01,1809.04
1370,9_20240826 02,1740.18
1371,9_20240826 03,1736.37
1372,9_20240826 04,1785.62
1373,9_20240826 05,1970.16
1374,9_20240826 06,2065.87
1375,9_20240826 07,2492.27
1376,9_20240826 08,2838.49
1377,9_20240826 09,3168.86
1378,9_20240826 10,3917.87
1379,9_20240826 11,4026.78
1380,9_20240826 12,4094.52
1381,9_20240826 13,4292.8
1382,9_20240826 14,4635.82
1383,9_20240826 15,4378.83
1384,9_20240826 16,3990.43
1385,9_20240826 17,3440.78
1386,9_20240826 18,3165.2
1387,9_20240826 19,2837.06
1388,9_20240826 20,2751.98
1389,9_20240826 21,2740.81
1390,9_20240826 22,2493.15
1391,9_20240826 23,2122.97
1392,9_20240827 00,2040.42
1393,9_20240827 01,1848.37
1394,9_20240827 02,1806.91
1395,9_20240827 03,1764.17
1396,9_20240827 04,1844.75
1397,9_20240827 05,1980.85
1398,9_20240827 06,2035.19
1399,9_20240827 07,2549.65
1400,9_20240827 08,2572.93
1401,9_20240827 09,2840.49
1402,9_20240827 10,2743.02
1403,9_20240827 11,2813.87
1404,9_20240827 12,2609.69
1405,9_20240827 13,2619.78
1406,9_20240827 14,2834.66
1407,9_20240827 15,3152.58
1408,9_20240827 16,3684.69
1409,9_20240827 17,3083.74
1410,9_20240827 18,2737.16
1411,9_20240827 19,2329.71
1412,9_20240827 20,1941.96
1413,9_20240827 21,2088.8
1414,9_20240827 22,1765.33
1415,9_20240827 23,1634.61
1416,9_20240828 00,1505.15
1417,9_20240828 01,1527.56
1418,9_20240828 02,1462.8
1419,9_20240828 03,1458.35
1420,9_20240828 04,1499.93
1421,9_20240828 05,1582.12
1422,9_20240828 06,1622.21
1423,9_20240828 07,1736.8
1424,9_20240828 08,2029.8
1425,9_20240828 09,2341.96
1426,9_20240828 10,3343.11
1427,9_20240828 11,2785.81
1428,9_20240828 12,3183.32
1429,9_20240828 13,3164.65
1430,9_20240828 14,3666.88
1431,9_20240828 15,3745.15
1432,9_20240828 16,3752.28
1433,9_20240828 17,3127.09
1434,9_20240828 18,2542.53
1435,9_20240828 19,1998.0
1436,9_20240828 20,1996.36
1437,9_20240828 21,1853.63
1438,9_20240828 22,1827.84
1439,9_20240828 23,1628.66
1440,9_20240829 00,1546.72
1441,9_20240829 01,1499.64
1442,9_20240829 02,1416.31
1443,9_20240829 03,1443.46
1444,9_20240829 04,1470.64
1445,9_20240829 05,1524.8
1446,9_20240829 06,1586.37
1447,9_20240829 07,1697.12
1448,9_20240829 08,2113.92
1449,9_20240829 09,2630.7
1450,9_20240829 10,3505.28
1451,9_20240829 11,3240.33
1452,9_20240829 12,3531.68
1453,9_20240829 13,4049.15
1454,9_20240829 14,3356.92
1455,9_20240829 15,3629.74
1456,9_20240829 16,3263.46
1457,9_20240829 17,2541.72
1458,9_20240829 18,2280.59
1459,9_20240829 19,2155.0
1460,9_20240829 20,2065.1
1461,9_20240829 21,1935.59
1462,9_20240829 22,1735.78
1463,9_20240829 23,1693.09
1464,9_20240830 00,1590.08
1465,9_20240830 01,1509.61
1466,9_20240830 02,1440.95
1467,9_20240830 03,1387.14
1468,9_20240830 04,1452.81
1469,9_20240830 05,1511.9
1470,9_20240830 06,1567.07
1471,9_20240830 07,1788.69
1472,9_20240830 08,2420.38
1473,9_20240830 09,3077.25
1474,9_20240830 10,4046.98
1475,9_20240830 11,4200.43
1476,9_20240830 12,4282.85
1477,9_20240830 13,4351.7
1478,9_20240830 14,4521.81
1479,9_20240830 15,4649.34
1480,9_20240830 16,4317.93
1481,9_20240830 17,4011.48
1482,9_20240830 18,3218.39
1483,9_20240830 19,2744.5
1484,9_20240830 20,2600.39
1485,9_20240830 21,2137.14
1486,9_20240830 22,2104.99
1487,9_20240830 23,1780.75
1488,9_20240831 00,1737.93
1489,9_20240831 01,1606.28
1490,9_20240831 02,1636.85
1491,9_20240831 03,1622.04
1492,9_20240831 04,1667.53
1493,9_20240831 05,1736.66
1494,9_20240831 06,1816.06
1495,9_20240831 07,1910.48
1496,9_20240831 08,2146.73
1497,9_20240831 09,2987.75
1498,9_20240831 10,3548.03
1499,9_20240831 11,3748.91
1500,9_20240831 12,3522.54
1501,9_20240831 13,3755.14
1502,9_20240831 14,3993.23
1503,9_20240831 15,3888.46
1504,9_20240831 16,4049.8
1505,9_20240831 17,3602.32
1506,9_20240831 18,3168.38
1507,9_20240831 19,2436.88
1508,9_20240831 20,2318.03
1509,9_20240831 21,2181.05
1510,9_20240831 22,2165.59
1511,9_20240831 23,2025.92
1512,10_20240825 00,8668.98
1513,10_20240825 01,7184.0
1514,10_20240825 02,6895.65
1515,10_20240825 03,6206.53
1516,10_20240825 04,5694.46
1517,10_20240825 05,5842.45
1518,10_20240825 06,5948.33
1519,10_20240825 07,6605.56
1520,10_20240825 08,8604.64
1521,10_20240825 09,11175.92
1522,10_20240825 10,13309.22
1523,10_20240825 11,13376.21
1524,10_20240825 12,12355.96
1525,10_20240825 13,13681.22
1526,10_20240825 14,13431.06
1527,10_20240825 15,13711.79
1528,10_20240825 16,14563.11
1529,10_20240825 17,13234.27
1530,10_20240825 18,12135.31
1531,10_20240825 19,11148.19
1532,10_20240825 20,10019.75
1533,10_20240825 21,9373.06
1534,10_20240825 22,8796.92
1535,10_20240825 23,7914.79
1536,10_20240826 00,7512.68
1537,10_20240826 01,7196.72
1538,10_20240826 02,6771.0
1539,10_20240826 03,6582.21
1540,10_20240826 04,6151.94
1541,10_20240826 05,6121.14
1542,10_20240826 06,6592.91
1543,10_20240826 07,7354.12
1544,10_20240826 08,9069.87
1545,10_20240826 09,10803.93
1546,10_20240826 10,11634.46
1547,10_20240826 11,12333.82
1548,10_20240826 12,11983.38
1549,10_20240826 13,11906.55
1550,10_20240826 14,12528.17
1551,10_20240826 15,11100.14
1552,10_20240826 16,11652.67
1553,10_20240826 17,10959.19
1554,10_20240826 18,10923.73
1555,10_20240826 19,9448.03
1556,10_20240826 20,9582.1
1557,10_20240826 21,9461.74
1558,10_20240826 22,8717.24
1559,10_20240826 23,7792.38
1560,10_20240827 00,7880.64
1561,10_20240827 01,6557.01
1562,10_20240827 02,6576.91
1563,10_20240827 03,6350.25
1564,10_20240827 04,6232.4
1565,10_20240827 05,6207.57
1566,10_20240827 06,6485.56
1567,10_20240827 07,7603.9
1568,10_20240827 08,8487.75
1569,10_20240827 09,9848.46
1570,10_20240827 10,9493.26
1571,10_20240827 11,10114.11
1572,10_20240827 12,9889.62
1573,10_20240827 13,9450.06
1574,10_20240827 14,9748.66
1575,10_20240827 15,10721.7
1576,10_20240827 16,9768.59
1577,10_20240827 17,9216.08
1578,10_20240827 18,8794.27
1579,10_20240827 19,7715.92
1580,10_20240827 20,6929.82
1581,10_20240827 21,6678.19
1582,10_20240827 22,5214.49
1583,10_20240827 23,4075.93
1584,10_20240828 00,3901.8
1585,10_20240828 01,3981.55
1586,10_20240828 02,3492.46
1587,10_20240828 03,3444.39
1588,10_20240828 04,3372.83
1589,10_20240828 05,3365.73
1590,10_20240828 06,3475.55
1591,10_20240828 07,3548.2
1592,10_20240828 08,5722.83
1593,10_20240828 09,6658.33
1594,10_20240828 10,8838.52
1595,10_20240828 11,6215.43
1596,10_20240828 12,7361.54
1597,10_20240828 13,6630.58
1598,10_20240828 14,8562.46
1599,10_20240828 15,9130.37
1600,10_20240828 16,7368.43
1601,10_20240828 17,6706.67
1602,10_20240828 18,8785.46
1603,10_20240828 19,7936.94
1604,10_20240828 20,6101.34
1605,10_20240828 21,5517.33
1606,10_20240828 22,6277.51
1607,10_20240828 23,5072.18
1608,10_20240829 00,5135.65
1609,10_20240829 01,4292.06
1610,10_20240829 02,4402.72
1611,10_20240829 03,3870.94
1612,10_20240829 04,3384.22
1613,10_20240829 05,3410.97
1614,10_20240829 06,3420.11
1615,10_20240829 07,3619.09
1616,10_20240829 08,4992.04
1617,10_20240829 09,6596.29
1618,10_20240829 10,8906.63
1619,10_20240829 11,10900.23
1620,10_20240829 12,10169.46
1621,10_20240829 13,11142.48
1622,10_20240829 14,7857.26
1623,10_20240829 15,10198.98
1624,10_20240829 16,10019.44
1625,10_20240829 17,9567.95
1626,10_20240829 18,7911.54
1627,10_20240829 19,6820.79
1628,10_20240829 20,5958.01
1629,10_20240829 21,6253.12
1630,10_20240829 22,6150.99
1631,10_20240829 23,5344.76
1632,10_20240830 00,5663.73
1633,10_20240830 01,4963.04
1634,10_20240830 02,5037.1
1635,10_20240830 03,5098.34
1636,10_20240830 04,4360.42
1637,10_20240830 05,4182.17
1638,10_20240830 06,4185.14
1639,10_20240830 07,4731.48
1640,10_20240830 08,6837.49
1641,10_20240830 09,9220.04
1642,10_20240830 10,12033.82
1643,10_20240830 11,11178.82
1644,10_20240830 12,11922.91
1645,10_20240830 13,11389.98
1646,10_20240830 14,11865.6
1647,10_20240830 15,13640.87
1648,10_20240830 16,9942.96
1649,10_20240830 17,7479.16
1650,10_20240830 18,7042.51
1651,10_20240830 19,7497.64
1652,10_20240830 20,8162.64
1653,10_20240830 21,7559.99
1654,10_20240830 22,6699.27
1655,10_20240830 23,6013.54
1656,10_20240831 00,5665.82
1657,10_20240831 01,5649.95
1658,10_20240831 02,5567.95
1659,10_20240831 03,5239.36
1660,10_20240831 04,4489.05
1661,10_20240831 05,4121.84
1662,10_20240831 06,4081.05
1663,10_20240831 07,4284.24
1664,10_20240831 08,4830.14
1665,10_20240831 09,7257.9
1666,10_20240831 10,7379.85
1667,10_20240831 11,7980.54
1668,10_20240831 12,8201.74
1669,10_20240831 13,7510.3
1670,10_20240831 14,7561.62
1671,10_20240831 15,7541.63
1672,10_20240831 16,8275.36
1673,10_20240831 17,7601.22
1674,10_20240831 18,9080.29
1675,10_20240831 19,8321.86
1676,10_20240831 20,7118.62
1677,10_20240831 21,6376.06
1678,10_20240831 22,5827.19
1679,10_20240831 23,5032.14
1680,11_20240825 00,1445.46
1681,11_20240825 01,1165.56
1682,11_20240825 02,983.67
1683,11_20240825 03,862.09
1684,11_20240825 04,799.49
1685,11_20240825 05,736.29
1686,11_20240825 06,727.1
1687,11_20240825 07,841.09
1688,11_20240825 08,993.79
1689,11_20240825 09,1194.43
1690,11_20240825 10,1432.52
1691,11_20240825 11,1526.44
1692,11_20240825 12,1469.07
1693,11_20240825 13,1637.38
1694,11_20240825 14,1788.54
1695,11_20240825 15,1766.28
1696,11_20240825 16,1832.58
1697,11_20240825 17,1838.22
1698,11_20240825 18,1900.79
1699,11_20240825 19,1940.26
1700,11_20240825 20,1989.08
1701,11_20240825 21,2019.38
1702,11_20240825 22,2024.01
1703,11_20240825 23,1726.13
1704,11_20240826 00,1386.9
1705,11_20240826 01,1121.2
1706,11_20240826 02,975.97
1707,11_20240826 03,878.67
1708,11_20240826 04,833.02
1709,11_20240826 05,779.96
1710,11_20240826 06,886.82
1711,11_20240826 07,1056.25
1712,11_20240826 08,1198.7
1713,11_20240826 09,1338.21
1714,11_20240826 10,1319.03
1715,11_20240826 11,1394.22
1716,11_20240826 12,1611.12
1717,11_20240826 13,1500.37
1718,11_20240826 14,1584.54
1719,11_20240826 15,1406.09
1720,11_20240826 16,1411.55
1721,11_20240826 17,1489.77
1722,11_20240826 18,1716.48
1723,11_20240826 19,1924.38
1724,11_20240826 20,1938.51
1725,11_20240826 21,1997.91
1726,11_20240826 22,1945.71
1727,11_20240826 23,1807.07
1728,11_20240827 00,1500.92
1729,11_20240827 01,1256.72
1730,11_20240827 02,1036.19
1731,11_20240827 03,956.56
1732,11_20240827 04,906.29
1733,11_20240827 05,881.38
1734,11_20240827 06,937.2
1735,11_20240827 07,1069.18
1736,11_20240827 08,1176.41
1737,11_20240827 09,1120.15
1738,11_20240827 10,1081.14
1739,11_20240827 11,1137.1
1740,11_20240827 12,1112.72
1741,11_20240827 13,1250.81
1742,11_20240827 14,1324.73
1743,11_20240827 15,1289.26
1744,11_20240827 16,1357.18
1745,11_20240827 17,1490.07
1746,11_20240827 18,1615.16
1747,11_20240827 19,1553.64
1748,11_20240827 20,1494.18
1749,11_20240827 21,1436.23
1750,11_20240827 22,1386.09
1751,11_20240827 23,1234.95
1752,11_20240828 00,1003.63
1753,11_20240828 01,813.67
1754,11_20240828 02,709.16
1755,11_20240828 03,666.81
1756,11_20240828 04,626.05
1757,11_20240828 05,619.85
1758,11_20240828 06,684.95
1759,11_20240828 07,918.88
1760,11_20240828 08,957.02
1761,11_20240828 09,940.31
1762,11_20240828 10,956.84
1763,11_20240828 11,1019.54
1764,11_20240828 12,1082.11
1765,11_20240828 13,1051.65
1766,11_20240828 14,1047.06
1767,11_20240828 15,1222.96
1768,11_20240828 16,1209.32
1769,11_20240828 17,1241.71
1770,11_20240828 18,1467.72
1771,11_20240828 19,1643.02
1772,11_20240828 20,1645.67
1773,11_20240828 21,1689.63
1774,11_20240828 22,1499.25
1775,11_20240828 23,1259.26
1776,11_20240829 00,1118.09
1777,11_20240829 01,929.18
1778,11_20240829 02,820.94
1779,11_20240829 03,694.1
1780,11_20240829 04,627.23
1781,11_20240829 05,647.25
1782,11_20240829 06,704.12
1783,11_20240829 07,921.95
1784,11_20240829 08,933.84
1785,11_20240829 09,909.56
1786,11_20240829 10,966.29
1787,11_20240829 11,1212.61
1788,11_20240829 12,1245.4
1789,11_20240829 13,1214.61
1790,11_20240829 14,1258.94
1791,11_20240829 15,1479.34
1792,11_20240829 16,1402.97
1793,11_20240829 17,1331.07
1794,11_20240829 18,1530.06
1795,11_20240829 19,1644.73
1796,11_20240829 20,1616.4
1797,11_20240829 21,1516.41
1798,11_20240829 22,1470.23
1799,11_20240829 23,1344.02
1800,11_20240830 00,1155.42
1801,11_20240830 01,891.49
1802,11_20240830 02,753.68
1803,11_20240830 03,680.8
1804,11_20240830 04,627.33
1805,11_20240830 05,630.74
1806,11_20240830 06,696.63
1807,11_20240830 07,943.53
1808,11_20240830 08,977.29
1809,11_20240830 09,991.49
1810,11_20240830 10,1077.37
1811,11_20240830 11,1197.7
1812,11_20240830 12,1380.69
1813,11_20240830 13,1421.76
1814,11_20240830 14,1617.03
1815,11_20240830 15,1702.38
1816,11_20240830 16,1493.01
1817,11_20240830 17,1791.55
1818,11_20240830 18,1804.33
1819,11_20240830 19,1733.06
1820,11_20240830 20,1681.89
1821,11_20240830 21,1430.12
1822,11_20240830 22,1332.69
1823,11_20240830 23,1255.72
1824,11_20240831 00,1032.94
1825,11_20240831 01,843.34
1826,11_20240831 02,669.42
1827,11_20240831 03,628.33
1828,11_20240831 04,601.06
1829,11_20240831 05,604.78
1830,11_20240831 06,666.2
1831,11_20240831 07,858.8
1832,11_20240831 08,936.06
1833,11_20240831 09,1033.0
1834,11_20240831 10,1133.98
1835,11_20240831 11,1099.79
1836,11_20240831 12,1159.32
1837,11_20240831 13,1239.92
1838,11_20240831 14,1212.13
1839,11_20240831 15,1373.28
1840,11_20240831 16,1483.01
1841,11_20240831 17,1367.31
1842,11_20240831 18,1470.01
1843,11_20240831 19,1553.74
1844,11_20240831 20,1473.8
1845,11_20240831 21,1418.17
1846,11_20240831 22,1395.83
1847,11_20240831 23,1339.05
1848,12_20240825 00,4951.72
1849,12_20240825 01,4839.94
1850,12_20240825 02,4692.15
1851,12_20240825 03,4707.25
1852,12_20240825 04,4672.52
1853,12_20240825 05,4646.24
1854,12_20240825 06,4730.67
1855,12_20240825 07,4832.31
1856,12_20240825 08,4846.0
1857,12_20240825 09,3914.79
1858,12_20240825 10,4930.48
1859,12_20240825 11,5136.06
1860,12_20240825 12,5131.84
1861,12_20240825 13,5237.72
1862,12_20240825 14,5722.9
1863,12_20240825 15,5945.0
1864,12_20240825 16,6236.58
1865,12_20240825 17,6210.3
1866,12_20240825 18,5571.97
1867,12_20240825 19,5748.42
1868,12_20240825 20,5923.7
1869,12_20240825 21,5897.83
1870,12_20240825 22,5662.52
1871,12_20240825 23,5088.75
1872,12_20240826 00,5021.1
1873,12_20240826 01,4857.31
1874,12_20240826 02,4811.2
1875,12_20240826 03,4770.66
1876,12_20240826 04,4749.88
1877,12_20240826 05,4809.03
1878,12_20240826 06,5133.42
1879,12_20240826 07,5771.17
1880,12_20240826 08,6377.31
1881,12_20240826 09,8174.54
1882,12_20240826 10,8627.15
1883,12_20240826 11,8346.39
1884,12_20240826 12,8605.38
1885,12_20240826 13,8568.02
1886,12_20240826 14,8675.6
1887,12_20240826 15,8678.24
1888,12_20240826 16,8613.67
1889,12_20240826 17,8404.68
1890,12_20240826 18,7446.86
1891,12_20240826 19,6825.49
1892,12_20240826 20,6689.68
1893,12_20240826 21,6537.67
1894,12_20240826 22,6126.07
1895,12_20240826 23,5444.1
1896,12_20240827 00,5173.88
1897,12_20240827 01,5046.38
1898,12_20240827 02,4957.44
1899,12_20240827 03,4958.2
1900,12_20240827 04,4964.15
1901,12_20240827 05,4990.02
1902,12_20240827 06,5226.35
1903,12_20240827 07,5800.87
1904,12_20240827 08,6381.84
1905,12_20240827 09,7508.25
1906,12_20240827 10,7610.09
1907,12_20240827 11,8080.92
1908,12_20240827 12,7766.95
1909,12_20240827 13,8154.57
1910,12_20240827 14,8379.22
1911,12_20240827 15,8382.45
1912,12_20240827 16,8157.7
1913,12_20240827 17,7898.89
1914,12_20240827 18,7121.98
1915,12_20240827 19,6554.5
1916,12_20240827 20,6535.11
1917,12_20240827 21,6308.3
1918,12_20240827 22,5824.43
1919,12_20240827 23,5164.57
1920,12_20240828 00,4933.61
1921,12_20240828 01,4756.17
1922,12_20240828 02,4672.23
1923,12_20240828 03,4636.02
1924,12_20240828 04,4644.07
1925,12_20240828 05,4643.32
1926,12_20240828 06,4760.61
1927,12_20240828 07,5283.48
1928,12_20240828 08,5964.28
1929,12_20240828 09,7376.62
1930,12_20240828 10,7670.41
1931,12_20240828 11,7865.08
1932,12_20240828 12,7687.06
1933,12_20240828 13,7862.77
1934,12_20240828 14,7730.06
1935,12_20240828 15,8092.17
1936,12_20240828 16,8003.74
1937,12_20240828 17,7740.61
1938,12_20240828 18,7167.17
1939,12_20240828 19,6780.72
1940,12_20240828 20,6642.32
1941,12_20240828 21,6438.7
1942,12_20240828 22,6076.49
1943,12_20240828 23,5434.87
1944,12_20240829 00,5102.9
1945,12_20240829 01,4940.25
1946,12_20240829 02,4792.72
1947,12_20240829 03,4560.41
1948,12_20240829 04,4485.42
1949,12_20240829 05,4559.81
1950,12_20240829 06,4662.56
1951,12_20240829 07,5165.84
1952,12_20240829 08,5718.32
1953,12_20240829 09,6791.98
1954,12_20240829 10,7293.06
1955,12_20240829 11,7287.25
1956,12_20240829 12,7703.67
1957,12_20240829 13,7578.55
1958,12_20240829 14,8130.02
1959,12_20240829 15,8249.77
1960,12_20240829 16,8137.69
1961,12_20240829 17,7858.33
1962,12_20240829 18,7044.76
1963,12_20240829 19,6640.63
1964,12_20240829 20,6571.96
1965,12_20240829 21,6314.35
1966,12_20240829 22,5978.46
1967,12_20240829 23,5226.44
1968,12_20240830 00,4902.29
1969,12_20240830 01,4676.58
1970,12_20240830 02,4590.85
1971,12_20240830 03,4555.0
1972,12_20240830 04,4551.35
1973,12_20240830 05,4585.59
1974,12_20240830 06,4735.54
1975,12_20240830 07,5296.34
1976,12_20240830 08,5953.22
1977,12_20240830 09,7170.81
1978,12_20240830 10,7615.67
1979,12_20240830 11,7849.62
1980,12_20240830 12,8169.22
1981,12_20240830 13,8520.41
1982,12_20240830 14,8751.2
1983,12_20240830 15,8690.75
1984,12_20240830 16,8481.04
1985,12_20240830 17,8401.44
1986,12_20240830 18,7115.73
1987,12_20240830 19,6646.9
1988,12_20240830 20,6256.24
1989,12_20240830 21,6048.96
1990,12_20240830 22,5760.09
1991,12_20240830 23,5033.99
1992,12_20240831 00,4691.19
1993,12_20240831 01,4648.79
1994,12_20240831 02,4503.12
1995,12_20240831 03,4460.82
1996,12_20240831 04,4418.87
1997,12_20240831 05,4458.01
1998,12_20240831 06,4547.69
1999,12_20240831 07,4581.02
2000,12_20240831 08,4693.92
2001,12_20240831 09,4733.24
2002,12_20240831 10,4971.7
2003,12_20240831 11,5326.06
2004,12_20240831 12,5337.07
2005,12_20240831 13,5556.41
2006,12_20240831 14,5630.91
2007,12_20240831 15,6096.67
2008,12_20240831 16,6125.22
2009,12_20240831 17,6018.53
2010,12_20240831 18,5904.15
2011,12_20240831 19,6013.18
2012,12_20240831 20,5805.54
2013,12_20240831 21,5766.77
2014,12_20240831 22,5471.44
2015,12_20240831 23,4955.9
2016,13_20240825 00,2034.21
2017,13_20240825 01,1988.33
2018,13_20240825 02,1985.28
2019,13_20240825 03,1962.83
2020,13_20240825 04,1906.05
2021,13_20240825 05,1851.69
2022,13_20240825 06,1859.74
2023,13_20240825 07,1848.77
2024,13_20240825 08,1887.53
2025,13_20240825 09,1833.94
2026,13_20240825 10,1878.36
2027,13_20240825 11,1876.16
2028,13_20240825 12,1733.84
2029,13_20240825 13,1812.75
2030,13_20240825 14,1747.98
2031,13_20240825 15,1876.76
2032,13_20240825 16,1951.8
2033,13_20240825 17,2072.34
2034,13_20240825 18,1993.62
2035,13_20240825 19,2038.71
2036,13_20240825 20,2041.21
2037,13_20240825 21,2034.02
2038,13_20240825 22,1999.79
2039,13_20240825 23,2018.19
2040,13_20240826 00,2398.39
2041,13_20240826 01,2460.42
2042,13_20240826 02,2454.51
2043,13_20240826 03,2421.28
2044,13_20240826 04,2120.57
2045,13_20240826 05,2026.58
2046,13_20240826 06,2049.32
2047,13_20240826 07,2076.18
2048,13_20240826 08,2247.47
2049,13_20240826 09,2962.68
2050,13_20240826 10,3380.8
2051,13_20240826 11,3094.97
2052,13_20240826 12,2983.61
2053,13_20240826 13,3009.75
2054,13_20240826 14,2752.96
2055,13_20240826 15,3088.83
2056,13_20240826 16,2689.44
2057,13_20240826 17,2687.77
2058,13_20240826 18,2642.49
2059,13_20240826 19,2370.66
2060,13_20240826 20,2344.12
2061,13_20240826 21,2299.12
2062,13_20240826 22,2245.01
2063,13_20240826 23,2324.08
2064,13_20240827 00,2482.63
2065,13_20240827 01,2536.77
2066,13_20240827 02,2508.42
2067,13_20240827 03,2517.38
2068,13_20240827 04,2245.25
2069,13_20240827 05,2141.44
2070,13_20240827 06,2170.71
2071,13_20240827 07,2163.2
2072,13_20240827 08,2314.66
2073,13_20240827 09,2874.14
2074,13_20240827 10,3049.61
2075,13_20240827 11,3084.07
2076,13_20240827 12,2956.39
2077,13_20240827 13,2987.89
2078,13_20240827 14,2748.6
2079,13_20240827 15,2927.51
2080,13_20240827 16,2724.08
2081,13_20240827 17,2669.47
2082,13_20240827 18,2510.53
2083,13_20240827 19,2373.2
2084,13_20240827 20,2150.25
2085,13_20240827 21,2112.46
2086,13_20240827 22,1978.96
2087,13_20240827 23,2180.83
2088,13_20240828 00,2227.92
2089,13_20240828 01,2233.45
2090,13_20240828 02,2251.82
2091,13_20240828 03,2211.33
2092,13_20240828 04,1905.97
2093,13_20240828 05,1798.46
2094,13_20240828 06,1813.46
2095,13_20240828 07,1825.3
2096,13_20240828 08,2067.04
2097,13_20240828 09,2520.32
2098,13_20240828 10,2883.23
2099,13_20240828 11,2881.82
2100,13_20240828 12,2703.23
2101,13_20240828 13,2750.36
2102,13_20240828 14,2416.71
2103,13_20240828 15,2754.47
2104,13_20240828 16,2384.26
2105,13_20240828 17,2293.58
2106,13_20240828 18,2336.35
2107,13_20240828 19,2143.5
2108,13_20240828 20,2141.22
2109,13_20240828 21,2137.66
2110,13_20240828 22,2018.31
2111,13_20240828 23,2180.68
2112,13_20240829 00,2140.78
2113,13_20240829 01,2162.51
2114,13_20240829 02,2147.46
2115,13_20240829 03,2124.96
2116,13_20240829 04,1910.32
2117,13_20240829 05,1800.89
2118,13_20240829 06,1797.13
2119,13_20240829 07,1835.48
2120,13_20240829 08,1901.8
2121,13_20240829 09,2266.68
2122,13_20240829 10,2653.2
2123,13_20240829 11,2637.81
2124,13_20240829 12,2648.44
2125,13_20240829 13,2478.72
2126,13_20240829 14,2289.63
2127,13_20240829 15,2431.64
2128,13_20240829 16,2247.2
2129,13_20240829 17,2511.15
2130,13_20240829 18,2481.88
2131,13_20240829 19,2275.45
2132,13_20240829 20,2226.32
2133,13_20240829 21,2134.96
2134,13_20240829 22,2084.42
2135,13_20240829 23,2249.24
2136,13_20240830 00,2311.8
2137,13_20240830 01,2339.92
2138,13_20240830 02,2333.28
2139,13_20240830 03,2307.26
2140,13_20240830 04,2003.28
2141,13_20240830 05,1856.06
2142,13_20240830 06,1859.75
2143,13_20240830 07,1861.18
2144,13_20240830 08,2051.63
2145,13_20240830 09,2427.34
2146,13_20240830 10,2763.7
2147,13_20240830 11,2804.04
2148,13_20240830 12,2744.9
2149,13_20240830 13,2926.17
2150,13_20240830 14,2365.29
2151,13_20240830 15,2481.96
2152,13_20240830 16,2291.32
2153,13_20240830 17,2457.46
2154,13_20240830 18,2176.73
2155,13_20240830 19,2071.66
2156,13_20240830 20,2073.5
2157,13_20240830 21,1995.96
2158,13_20240830 22,1920.08
2159,13_20240830 23,2123.29
2160,13_20240831 00,2279.15
2161,13_20240831 01,2170.24
2162,13_20240831 02,2146.05
2163,13_20240831 03,2125.52
2164,13_20240831 04,1926.2
2165,13_20240831 05,1787.84
2166,13_20240831 06,1777.48
2167,13_20240831 07,1740.11
2168,13_20240831 08,1729.83
2169,13_20240831 09,1710.57
2170,13_20240831 10,1677.93
2171,13_20240831 11,1638.6
2172,13_20240831 12,1640.31
2173,13_20240831 13,1662.22
2174,13_20240831 14,1296.01
2175,13_20240831 15,1438.0
2176,13_20240831 16,1422.03
2177,13_20240831 17,1568.63
2178,13_20240831 18,1858.8
2179,13_20240831 19,1883.39
2180,13_20240831 20,1940.72
2181,13_20240831 21,1958.65
2182,13_20240831 22,1911.35
2183,13_20240831 23,2162.34
2184,14_20240825 00,3097.9
2185,14_20240825 01,3023.87
2186,14_20240825 02,2991.56
2187,14_20240825 03,2997.79
2188,14_20240825 04,2796.62
2189,14_20240825 05,2805.72
2190,14_20240825 06,2827.47
2191,14_20240825 07,2784.4
2192,14_20240825 08,3246.77
2193,14_20240825 09,3334.51
2194,14_20240825 10,3507.53
2195,14_20240825 11,3633.58
2196,14_20240825 12,3632.47
2197,14_20240825 13,3714.16
2198,14_20240825 14,3795.19
2199,14_20240825 15,4073.97
2200,14_20240825 16,3869.36
2201,14_20240825 17,3883.43
2202,14_20240825 18,3797.86
2203,14_20240825 19,3867.63
2204,14_20240825 20,3873.8
2205,14_20240825 21,3766.93
2206,14_20240825 22,3468.58
2207,14_20240825 23,3352.51
2208,14_20240826 00,3222.91
2209,14_20240826 01,3132.3
2210,14_20240826 02,3016.67
2211,14_20240826 03,3052.57
2212,14_20240826 04,2996.9
2213,14_20240826 05,3008.27
2214,14_20240826 06,3209.81
2215,14_20240826 07,3387.26
2216,14_20240826 08,4328.28
2217,14_20240826 09,6536.45
2218,14_20240826 10,6813.41
2219,14_20240826 11,7001.47
2220,14_20240826 12,6765.4
2221,14_20240826 13,7155.8
2222,14_20240826 14,7119.9
2223,14_20240826 15,7109.95
2224,14_20240826 16,7135.87
2225,14_20240826 17,6320.21
2226,14_20240826 18,5201.24
2227,14_20240826 19,4675.59
2228,14_20240826 20,4577.9
2229,14_20240826 21,4340.97
2230,14_20240826 22,3786.34
2231,14_20240826 23,3563.64
2232,14_20240827 00,3351.35
2233,14_20240827 01,3213.82
2234,14_20240827 02,3205.04
2235,14_20240827 03,3116.74
2236,14_20240827 04,3188.9
2237,14_20240827 05,3194.81
2238,14_20240827 06,3404.61
2239,14_20240827 07,3453.35
2240,14_20240827 08,4061.51
2241,14_20240827 09,6021.43
2242,14_20240827 10,6261.7
2243,14_20240827 11,6316.63
2244,14_20240827 12,6095.19
2245,14_20240827 13,6415.73
2246,14_20240827 14,6469.28
2247,14_20240827 15,6561.86
2248,14_20240827 16,6428.55
2249,14_20240827 17,5751.42
2250,14_20240827 18,4794.03
2251,14_20240827 19,4304.34
2252,14_20240827 20,4171.02
2253,14_20240827 21,3965.47
2254,14_20240827 22,3514.13
2255,14_20240827 23,3357.12
2256,14_20240828 00,3093.17
2257,14_20240828 01,3001.53
2258,14_20240828 02,2951.91
2259,14_20240828 03,2909.74
2260,14_20240828 04,2855.44
2261,14_20240828 05,2887.05
2262,14_20240828 06,3046.1
2263,14_20240828 07,3089.59
2264,14_20240828 08,3693.19
2265,14_20240828 09,5784.02
2266,14_20240828 10,6321.14
2267,14_20240828 11,6274.06
2268,14_20240828 12,6146.68
2269,14_20240828 13,6312.67
2270,14_20240828 14,6558.78
2271,14_20240828 15,6677.66
2272,14_20240828 16,6960.24
2273,14_20240828 17,6197.56
2274,14_20240828 18,5179.42
2275,14_20240828 19,4692.56
2276,14_20240828 20,4469.39
2277,14_20240828 21,4274.05
2278,14_20240828 22,3776.41
2279,14_20240828 23,3517.15
2280,14_20240829 00,3194.44
2281,14_20240829 01,3109.23
2282,14_20240829 02,2926.92
2283,14_20240829 03,2833.3
2284,14_20240829 04,2791.58
2285,14_20240829 05,2811.54
2286,14_20240829 06,2973.56
2287,14_20240829 07,3007.59
2288,14_20240829 08,3580.88
2289,14_20240829 09,5602.19
2290,14_20240829 10,5098.19
2291,14_20240829 11,5666.26
2292,14_20240829 12,5637.36
2293,14_20240829 13,6557.2
2294,14_20240829 14,6493.54
2295,14_20240829 15,6673.66
2296,14_20240829 16,6503.81
2297,14_20240829 17,6005.75
2298,14_20240829 18,5112.08
2299,14_20240829 19,4505.73
2300,14_20240829 20,4343.08
2301,14_20240829 21,4037.8
2302,14_20240829 22,3623.55
2303,14_20240829 23,3340.54
2304,14_20240830 00,3102.37
2305,14_20240830 01,2975.16
2306,14_20240830 02,2948.25
2307,14_20240830 03,2888.45
2308,14_20240830 04,2876.71
2309,14_20240830 05,2835.88
2310,14_20240830 06,3037.68
2311,14_20240830 07,3160.73
2312,14_20240830 08,3809.31
2313,14_20240830 09,5782.06
2314,14_20240830 10,6267.56
2315,14_20240830 11,6632.11
2316,14_20240830 12,6346.49
2317,14_20240830 13,6728.37
2318,14_20240830 14,6781.05
2319,14_20240830 15,6851.22
2320,14_20240830 16,6991.86
2321,14_20240830 17,6312.01
2322,14_20240830 18,5092.95
2323,14_20240830 19,4297.29
2324,14_20240830 20,4093.69
2325,14_20240830 21,3916.6
2326,14_20240830 22,3389.22
2327,14_20240830 23,3308.51
2328,14_20240831 00,2988.68
2329,14_20240831 01,2899.77
2330,14_20240831 02,2856.46
2331,14_20240831 03,2807.51
2332,14_20240831 04,2762.42
2333,14_20240831 05,2724.16
2334,14_20240831 06,2750.87
2335,14_20240831 07,2722.22
2336,14_20240831 08,2994.65
2337,14_20240831 09,3571.52
2338,14_20240831 10,3594.77
2339,14_20240831 11,3534.64
2340,14_20240831 12,3589.87
2341,14_20240831 13,3692.76
2342,14_20240831 14,3990.5
2343,14_20240831 15,4182.47
2344,14_20240831 16,4140.06
2345,14_20240831 17,4045.06
2346,14_20240831 18,3830.1
2347,14_20240831 19,3760.28
2348,14_20240831 20,3710.89
2349,14_20240831 21,3622.09
2350,14_20240831 22,3413.34
2351,14_20240831 23,3230.34
2352,15_20240825 00,2854.41
2353,15_20240825 01,2846.09
2354,15_20240825 02,2840.46
2355,15_20240825 03,2860.88
2356,15_20240825 04,2836.71
2357,15_20240825 05,2871.61
2358,15_20240825 06,2740.36
2359,15_20240825 07,2734.68
2360,15_20240825 08,2638.72
2361,15_20240825 09,2355.97
2362,15_20240825 10,2205.64
2363,15_20240825 11,2245.71
2364,15_20240825 12,2218.97
2365,15_20240825 13,2153.81
2366,15_20240825 14,2325.86
2367,15_20240825 15,2559.7
2368,15_20240825 16,2860.64
2369,15_20240825 17,2923.65
2370,15_20240825 18,2946.09
2371,15_20240825 19,3037.68
2372,15_20240825 20,2931.28
2373,15_20240825 21,2914.31
2374,15_20240825 22,2873.54
2375,15_20240825 23,2878.25
2376,15_20240826 00,2988.47
2377,15_20240826 01,2940.03
2378,15_20240826 02,3026.57
2379,15_20240826 03,2979.96
2380,15_20240826 04,2969.87
2381,15_20240826 05,3060.57
2382,15_20240826 06,3232.4
2383,15_20240826 07,3565.28
2384,15_20240826 08,3813.87
2385,15_20240826 09,4540.67
2386,15_20240826 10,4521.85
2387,15_20240826 11,4376.63
2388,15_20240826 12,4354.02
2389,15_20240826 13,4452.92
2390,15_20240826 14,4598.31
2391,15_20240826 15,4862.43
2392,15_20240826 16,4857.96
2393,15_20240826 17,4621.22
2394,15_20240826 18,3884.27
2395,15_20240826 19,3550.64
2396,15_20240826 20,3440.07
2397,15_20240826 21,3394.45
2398,15_20240826 22,3292.78
2399,15_20240826 23,3202.39
2400,15_20240827 00,3245.03
2401,15_20240827 01,3147.2
2402,15_20240827 02,3133.99
2403,15_20240827 03,3123.45
2404,15_20240827 04,3049.75
2405,15_20240827 05,3060.55
2406,15_20240827 06,3130.24
2407,15_20240827 07,3300.09
2408,15_20240827 08,3445.16
2409,15_20240827 09,4005.57
2410,15_20240827 10,3795.84
2411,15_20240827 11,3136.01
2412,15_20240827 12,3322.85
2413,15_20240827 13,3734.87
2414,15_20240827 14,3868.94
2415,15_20240827 15,3968.81
2416,15_20240827 16,4182.25
2417,15_20240827 17,4474.21
2418,15_20240827 18,3857.24
2419,15_20240827 19,3490.42
2420,15_20240827 20,3358.8
2421,15_20240827 21,3272.45
2422,15_20240827 22,3215.06
2423,15_20240827 23,3138.9
2424,15_20240828 00,2963.69
2425,15_20240828 01,2967.62
2426,15_20240828 02,2920.44
2427,15_20240828 03,2869.69
2428,15_20240828 04,2893.9
2429,15_20240828 05,2880.77
2430,15_20240828 06,2865.74
2431,15_20240828 07,3040.73
2432,15_20240828 08,3274.32
2433,15_20240828 09,3630.84
2434,15_20240828 10,3532.03
2435,15_20240828 11,3851.65
2436,15_20240828 12,3774.54
2437,15_20240828 13,3669.78
2438,15_20240828 14,3949.92
2439,15_20240828 15,4068.44
2440,15_20240828 16,4243.82
2441,15_20240828 17,4100.66
2442,15_20240828 18,3592.15
2443,15_20240828 19,3362.11
2444,15_20240828 20,3369.92
2445,15_20240828 21,3328.68
2446,15_20240828 22,3224.44
2447,15_20240828 23,3215.25
2448,15_20240829 00,3000.45
2449,15_20240829 01,3003.26
2450,15_20240829 02,2966.33
2451,15_20240829 03,2857.36
2452,15_20240829 04,2764.24
2453,15_20240829 05,2831.99
2454,15_20240829 06,2808.42
2455,15_20240829 07,2804.3
2456,15_20240829 08,2933.7
2457,15_20240829 09,3183.81
2458,15_20240829 10,3295.94
2459,15_20240829 11,2990.08
2460,15_20240829 12,2998.38
2461,15_20240829 13,2785.95
2462,15_20240829 14,2773.52
2463,15_20240829 15,2769.21
2464,15_20240829 16,2852.26
2465,15_20240829 17,2892.4
2466,15_20240829 18,2755.95
2467,15_20240829 19,3346.9
2468,15_20240829 20,3233.24
2469,15_20240829 21,3134.58
2470,15_20240829 22,3053.3
2471,15_20240829 23,2972.59
2472,15_20240830 00,2914.0
2473,15_20240830 01,2937.73
2474,15_20240830 02,2836.05
2475,15_20240830 03,2811.15
2476,15_20240830 04,2786.41
2477,15_20240830 05,2810.78
2478,15_20240830 06,2791.86
2479,15_20240830 07,3053.09
2480,15_20240830 08,3211.58
2481,15_20240830 09,3631.33
2482,15_20240830 10,3533.56
2483,15_20240830 11,3805.05
2484,15_20240830 12,3866.71
2485,15_20240830 13,4017.68
2486,15_20240830 14,4109.89
2487,15_20240830 15,4112.79
2488,15_20240830 16,4076.8
2489,15_20240830 17,4112.25
2490,15_20240830 18,3392.95
2491,15_20240830 19,2985.83
2492,15_20240830 20,3014.52
2493,15_20240830 21,2980.18
2494,15_20240830 22,2928.43
2495,15_20240830 23,2879.38
2496,15_20240831 00,2676.71
2497,15_20240831 01,2636.28
2498,15_20240831 02,2593.99
2499,15_20240831 03,2559.34
2500,15_20240831 04,2562.46
2501,15_20240831 05,2552.96
2502,15_20240831 06,2523.16
2503,15_20240831 07,2341.21
2504,15_20240831 08,2217.32
2505,15_20240831 09,1957.48
2506,15_20240831 10,1717.78
2507,15_20240831 11,1850.3
2508,15_20240831 12,1856.67
2509,15_20240831 13,2040.65
2510,15_20240831 14,2285.13
2511,15_20240831 15,2411.24
2512,15_20240831 16,2497.97
2513,15_20240831 17,2763.94
2514,15_20240831 18,2683.68
2515,15_20240831 19,2815.27
2516,15_20240831 20,2886.42
2517,15_20240831 21,2854.84
2518,15_20240831 22,2812.72
2519,15_20240831 23,2768.46
2520,16_20240825 00,775.14
2521,16_20240825 01,764.51
2522,16_20240825 02,781.59
2523,16_20240825 03,785.28
2524,16_20240825 04,774.62
2525,16_20240825 05,796.1
2526,16_20240825 06,761.86
2527,16_20240825 07,762.48
2528,16_20240825 08,812.57
2529,16_20240825 09,822.41
2530,16_20240825 10,818.78
2531,16_20240825 11,820.18
2532,16_20240825 12,817.41
2533,16_20240825 13,806.56
2534,16_20240825 14,829.61
2535,16_20240825 15,846.36
2536,16_20240825 16,825.06
2537,16_20240825 17,857.37
2538,16_20240825 18,805.22
2539,16_20240825 19,797.44
2540,16_20240825 20,783.82
2541,16_20240825 21,795.37
2542,16_20240825 22,792.07
2543,16_20240825 23,792.84
2544,16_20240826 00,795.79
2545,16_20240826 01,787.77
2546,16_20240826 02,797.22
2547,16_20240826 03,803.07
2548,16_20240826 04,873.15
2549,16_20240826 05,1085.57
2550,16_20240826 06,1229.55
2551,16_20240826 07,1454.82
2552,16_20240826 08,1612.92
2553,16_20240826 09,1700.0
2554,16_20240826 10,1693.77
2555,16_20240826 11,1683.5
2556,16_20240826 12,1737.31
2557,16_20240826 13,1730.14
2558,16_20240826 14,1699.15
2559,16_20240826 15,1718.42
2560,16_20240826 16,1626.7
2561,16_20240826 17,1511.69
2562,16_20240826 18,1185.83
2563,16_20240826 19,967.83
2564,16_20240826 20,905.43
2565,16_20240826 21,839.21
2566,16_20240826 22,818.75
2567,16_20240826 23,794.18
2568,16_20240827 00,785.15
2569,16_20240827 01,776.71
2570,16_20240827 02,776.01
2571,16_20240827 03,780.81
2572,16_20240827 04,791.27
2573,16_20240827 05,938.49
2574,16_20240827 06,1124.6
2575,16_20240827 07,1310.97
2576,16_20240827 08,1391.82
2577,16_20240827 09,1495.07
2578,16_20240827 10,1448.65
2579,16_20240827 11,1418.0
2580,16_20240827 12,1469.32
2581,16_20240827 13,1558.42
2582,16_20240827 14,1534.43
2583,16_20240827 15,1513.24
2584,16_20240827 16,1474.37
2585,16_20240827 17,1449.45
2586,16_20240827 18,1163.34
2587,16_20240827 19,963.25
2588,16_20240827 20,899.68
2589,16_20240827 21,847.79
2590,16_20240827 22,825.55
2591,16_20240827 23,803.55
2592,16_20240828 00,774.38
2593,16_20240828 01,777.01
2594,16_20240828 02,777.28
2595,16_20240828 03,779.85
2596,16_20240828 04,787.26
2597,16_20240828 05,833.94
2598,16_20240828 06,1041.5
2599,16_20240828 07,1233.71
2600,16_20240828 08,1399.13
2601,16_20240828 09,1524.34
2602,16_20240828 10,1529.47
2603,16_20240828 11,1571.36
2604,16_20240828 12,1615.98
2605,16_20240828 13,1637.84
2606,16_20240828 14,1595.51
2607,16_20240828 15,1583.82
2608,16_20240828 16,1573.91
2609,16_20240828 17,1509.46
2610,16_20240828 18,1199.72
2611,16_20240828 19,969.02
2612,16_20240828 20,886.88
2613,16_20240828 21,828.09
2614,16_20240828 22,815.15
2615,16_20240828 23,795.04
2616,16_20240829 00,798.98
2617,16_20240829 01,795.03
2618,16_20240829 02,795.75
2619,16_20240829 03,794.47
2620,16_20240829 04,774.78
2621,16_20240829 05,875.08
2622,16_20240829 06,970.21
2623,16_20240829 07,1101.13
2624,16_20240829 08,1239.91
2625,16_20240829 09,1307.99
2626,16_20240829 10,1342.57
2627,16_20240829 11,1265.27
2628,16_20240829 12,1324.35
2629,16_20240829 13,1066.87
2630,16_20240829 14,1069.23
2631,16_20240829 15,957.06
2632,16_20240829 16,973.35
2633,16_20240829 17,996.85
2634,16_20240829 18,994.2
2635,16_20240829 19,946.44
2636,16_20240829 20,875.33
2637,16_20240829 21,836.97
2638,16_20240829 22,833.44
2639,16_20240829 23,796.95
2640,16_20240830 00,786.68
2641,16_20240830 01,776.72
2642,16_20240830 02,763.96
2643,16_20240830 03,772.87
2644,16_20240830 04,787.85
2645,16_20240830 05,830.57
2646,16_20240830 06,1038.69
2647,16_20240830 07,1235.06
2648,16_20240830 08,1407.45
2649,16_20240830 09,1528.11
2650,16_20240830 10,1549.12
2651,16_20240830 11,1609.14
2652,16_20240830 12,1653.39
2653,16_20240830 13,1593.19
2654,16_20240830 14,1610.04
2655,16_20240830 15,1614.71
2656,16_20240830 16,1538.97
2657,16_20240830 17,1504.19
2658,16_20240830 18,1178.54
2659,16_20240830 19,947.44
2660,16_20240830 20,869.9
2661,16_20240830 21,815.69
2662,16_20240830 22,795.55
2663,16_20240830 23,777.0
2664,16_20240831 00,762.67
2665,16_20240831 01,761.58
2666,16_20240831 02,749.42
2667,16_20240831 03,747.54
2668,16_20240831 04,743.86
2669,16_20240831 05,736.25
2670,16_20240831 06,760.76
2671,16_20240831 07,740.48
2672,16_20240831 08,770.99
2673,16_20240831 09,783.62
2674,16_20240831 10,814.68
2675,16_20240831 11,830.93
2676,16_20240831 12,841.3
2677,16_20240831 13,829.6
2678,16_20240831 14,855.77
2679,16_20240831 15,860.7
2680,16_20240831 16,843.46
2681,16_20240831 17,825.86
2682,16_20240831 18,802.86
2683,16_20240831 19,801.79
2684,16_20240831 20,792.7
2685,16_20240831 21,796.58
2686,16_20240831 22,783.9
2687,16_20240831 23,757.0
2688,17_20240825 00,2065.04
2689,17_20240825 01,2044.23
2690,17_20240825 02,2026.33
2691,17_20240825 03,2018.74
2692,17_20240825 04,2024.42
2693,17_20240825 05,2077.98
2694,17_20240825 06,2078.83
2695,17_20240825 07,2238.75
2696,17_20240825 08,2352.08
2697,17_20240825 09,2506.4
2698,17_20240825 10,2538.0
2699,17_20240825 11,2558.66
2700,17_20240825 12,2546.92
2701,17_20240825 13,2536.66
2702,17_20240825 14,2535.22
2703,17_20240825 15,2527.1
2704,17_20240825 16,2519.37
2705,17_20240825 17,2456.87
2706,17_20240825 18,2379.63
2707,17_20240825 19,2282.7
2708,17_20240825 20,2236.13
2709,17_20240825 21,2212.46
2710,17_20240825 22,2212.26
2711,17_20240825 23,2179.12
2712,17_20240826 00,2160.68
2713,17_20240826 01,2116.47
2714,17_20240826 02,2115.85
2715,17_20240826 03,2118.35
2716,17_20240826 04,2129.52
2717,17_20240826 05,2212.39
2718,17_20240826 06,2416.31
2719,17_20240826 07,2725.45
2720,17_20240826 08,3077.97
2721,17_20240826 09,3259.36
2722,17_20240826 10,3309.75
2723,17_20240826 11,3340.66
2724,17_20240826 12,3393.93
2725,17_20240826 13,3389.67
2726,17_20240826 14,3378.15
2727,17_20240826 15,3359.75
2728,17_20240826 16,3326.9
2729,17_20240826 17,3025.05
2730,17_20240826 18,2693.21
2731,17_20240826 19,2384.63
2732,17_20240826 20,2307.91
2733,17_20240826 21,2278.43
2734,17_20240826 22,2291.07
2735,17_20240826 23,2258.65
2736,17_20240827 00,2134.43
2737,17_20240827 01,2145.91
2738,17_20240827 02,2139.92
2739,17_20240827 03,2139.87
2740,17_20240827 04,2193.39
2741,17_20240827 05,2283.87
2742,17_20240827 06,2361.5
2743,17_20240827 07,2826.89
2744,17_20240827 08,3079.37
2745,17_20240827 09,3178.12
2746,17_20240827 10,3223.73
2747,17_20240827 11,3119.67
2748,17_20240827 12,3144.63
2749,17_20240827 13,3134.5
2750,17_20240827 14,3257.3
2751,17_20240827 15,3229.31
2752,17_20240827 16,3195.07
2753,17_20240827 17,2889.01
2754,17_20240827 18,2572.81
2755,17_20240827 19,2212.75
2756,17_20240827 20,1983.14
2757,17_20240827 21,1984.51
2758,17_20240827 22,2024.1
2759,17_20240827 23,1915.28
2760,17_20240828 00,2073.38
2761,17_20240828 01,2068.56
2762,17_20240828 02,1908.73
2763,17_20240828 03,2052.77
2764,17_20240828 04,1718.34
2765,17_20240828 05,1327.49
2766,17_20240828 06,1844.92
2767,17_20240828 07,2561.92
2768,17_20240828 08,2812.39
2769,17_20240828 09,3158.69
2770,17_20240828 10,3214.89
2771,17_20240828 11,3189.44
2772,17_20240828 12,3246.85
2773,17_20240828 13,3301.72
2774,17_20240828 14,3293.54
2775,17_20240828 15,3271.0
2776,17_20240828 16,3298.89
2777,17_20240828 17,3038.82
2778,17_20240828 18,2688.55
2779,17_20240828 19,2514.2
2780,17_20240828 20,2385.96
2781,17_20240828 21,2385.93
2782,17_20240828 22,2204.92
2783,17_20240828 23,2308.44
2784,17_20240829 00,2169.77
2785,17_20240829 01,2142.04
2786,17_20240829 02,2140.34
2787,17_20240829 03,2064.59
2788,17_20240829 04,2059.69
2789,17_20240829 05,2062.28
2790,17_20240829 06,2096.36
2791,17_20240829 07,2625.81
2792,17_20240829 08,2978.0
2793,17_20240829 09,3062.63
2794,17_20240829 10,3144.7
2795,17_20240829 11,3085.32
2796,17_20240829 12,3173.12
2797,17_20240829 13,3127.62
2798,17_20240829 14,3144.8
2799,17_20240829 15,3090.89
2800,17_20240829 16,3126.84
2801,17_20240829 17,2938.52
2802,17_20240829 18,2619.25
2803,17_20240829 19,2471.56
2804,17_20240829 20,2360.06
2805,17_20240829 21,2305.9
2806,17_20240829 22,2252.42
2807,17_20240829 23,2231.4
2808,17_20240830 00,2157.25
2809,17_20240830 01,2151.47
2810,17_20240830 02,2100.89
2811,17_20240830 03,2016.24
2812,17_20240830 04,2044.87
2813,17_20240830 05,2127.12
2814,17_20240830 06,2124.57
2815,17_20240830 07,2679.14
2816,17_20240830 08,3046.24
2817,17_20240830 09,3245.07
2818,17_20240830 10,3348.11
2819,17_20240830 11,3257.58
2820,17_20240830 12,3270.77
2821,17_20240830 13,3250.96
2822,17_20240830 14,3183.95
2823,17_20240830 15,3219.69
2824,17_20240830 16,3306.59
2825,17_20240830 17,2960.51
2826,17_20240830 18,2474.54
2827,17_20240830 19,2356.04
2828,17_20240830 20,2258.89
2829,17_20240830 21,2133.12
2830,17_20240830 22,2152.41
2831,17_20240830 23,2038.5
2832,17_20240831 00,2003.02
2833,17_20240831 01,2010.57
2834,17_20240831 02,1960.92
2835,17_20240831 03,1964.76
2836,17_20240831 04,1909.78
2837,17_20240831 05,1994.03
2838,17_20240831 06,1742.52
2839,17_20240831 07,2136.7
2840,17_20240831 08,2439.02
2841,17_20240831 09,2568.16
2842,17_20240831 10,2587.19
2843,17_20240831 11,2692.84
2844,17_20240831 12,2683.87
2845,17_20240831 13,2667.58
2846,17_20240831 14,2593.82
2847,17_20240831 15,2577.28
2848,17_20240831 16,2564.23
2849,17_20240831 17,2498.01
2850,17_20240831 18,2378.78
2851,17_20240831 19,2234.59
2852,17_20240831 20,2173.75
2853,17_20240831 21,2167.14
2854,17_20240831 22,2069.4
2855,17_20240831 23,2021.58
2856,18_20240825 00,529.34
2857,18_20240825 01,526.92
2858,18_20240825 02,514.02
2859,18_20240825 03,514.18
2860,18_20240825 04,536.58
2861,18_20240825 05,632.59
2862,18_20240825 06,792.17
2863,18_20240825 07,1065.4
2864,18_20240825 08,1366.69
2865,18_20240825 09,1516.84
2866,18_20240825 10,1678.18
2867,18_20240825 11,1647.29
2868,18_20240825 12,1655.99
2869,18_20240825 13,1681.76
2870,18_20240825 14,1648.17
2871,18_20240825 15,1555.78
2872,18_20240825 16,1353.2
2873,18_20240825 17,1157.34
2874,18_20240825 18,1002.86
2875,18_20240825 19,914.25
2876,18_20240825 20,863.61
2877,18_20240825 21,828.48
2878,18_20240825 22,676.6
2879,18_20240825 23,562.46
2880,18_20240826 00,536.98
2881,18_20240826 01,531.02
2882,18_20240826 02,530.6
2883,18_20240826 03,521.55
2884,18_20240826 04,545.94
2885,18_20240826 05,600.67
2886,18_20240826 06,695.56
2887,18_20240826 07,1000.02
2888,18_20240826 08,1302.46
2889,18_20240826 09,1615.18
2890,18_20240826 10,2006.37
2891,18_20240826 11,2047.46
2892,18_20240826 12,2089.44
2893,18_20240826 13,2071.73
2894,18_20240826 14,2046.82
2895,18_20240826 15,1984.03
2896,18_20240826 16,1959.64
2897,18_20240826 17,1927.28
2898,18_20240826 18,1898.58
2899,18_20240826 19,1876.53
2900,18_20240826 20,1830.51
2901,18_20240826 21,1638.61
2902,18_20240826 22,933.05
2903,18_20240826 23,612.68
2904,18_20240827 00,560.09
2905,18_20240827 01,540.83
2906,18_20240827 02,544.26
2907,18_20240827 03,545.89
2908,18_20240827 04,562.08
2909,18_20240827 05,643.89
2910,18_20240827 06,823.34
2911,18_20240827 07,998.55
2912,18_20240827 08,1276.27
2913,18_20240827 09,1632.56
2914,18_20240827 10,1961.39
2915,18_20240827 11,1965.17
2916,18_20240827 12,2007.6
2917,18_20240827 13,2044.93
2918,18_20240827 14,2021.06
2919,18_20240827 15,1973.38
2920,18_20240827 16,1874.36
2921,18_20240827 17,1951.62
2922,18_20240827 18,1958.11
2923,18_20240827 19,1961.63
2924,18_20240827 20,1884.51
2925,18_20240827 21,1688.29
2926,18_20240827 22,966.04
2927,18_20240827 23,634.78
2928,18_20240828 00,551.95
2929,18_20240828 01,523.94
2930,18_20240828 02,525.97
2931,18_20240828 03,526.25
2932,18_20240828 04,540.43
2933,18_20240828 05,561.65
2934,18_20240828 06,660.93
2935,18_20240828 07,835.51
2936,18_20240828 08,1274.76
2937,18_20240828 09,1745.99
2938,18_20240828 10,2211.8
2939,18_20240828 11,2272.2
2940,18_20240828 12,2307.78
2941,18_20240828 13,2253.14
2942,18_20240828 14,2195.66
2943,18_20240828 15,2152.71
2944,18_20240828 16,2170.52
2945,18_20240828 17,2155.9
2946,18_20240828 18,2111.75
2947,18_20240828 19,2179.54
2948,18_20240828 20,2142.42
2949,18_20240828 21,1900.44
2950,18_20240828 22,1028.68
2951,18_20240828 23,662.21
2952,18_20240829 00,546.32
2953,18_20240829 01,529.38
2954,18_20240829 02,527.8
2955,18_20240829 03,532.17
2956,18_20240829 04,542.69
2957,18_20240829 05,576.81
2958,18_20240829 06,663.73
2959,18_20240829 07,910.63
2960,18_20240829 08,1212.98
2961,18_20240829 09,1645.69
2962,18_20240829 10,2012.65
2963,18_20240829 11,2113.77
2964,18_20240829 12,2121.09
2965,18_20240829 13,2171.17
2966,18_20240829 14,2129.34
2967,18_20240829 15,2077.06
2968,18_20240829 16,2082.05
2969,18_20240829 17,2061.26
2970,18_20240829 18,2000.72
2971,18_20240829 19,1969.09
2972,18_20240829 20,1900.56
2973,18_20240829 21,1663.07
2974,18_20240829 22,979.67
2975,18_20240829 23,630.22
2976,18_20240830 00,567.88
2977,18_20240830 01,548.02
2978,18_20240830 02,541.51
2979,18_20240830 03,534.84
2980,18_20240830 04,544.05
2981,18_20240830 05,587.73
2982,18_20240830 06,684.1
2983,18_20240830 07,995.46
2984,18_20240830 08,1339.23
2985,18_20240830 09,1692.74
2986,18_20240830 10,2130.85
2987,18_20240830 11,2165.44
2988,18_20240830 12,2179.71
2989,18_20240830 13,2182.8
2990,18_20240830 14,2161.77
2991,18_20240830 15,2149.35
2992,18_20240830 16,2154.34
2993,18_20240830 17,2090.99
2994,18_20240830 18,2061.59
2995,18_20240830 19,2157.76
2996,18_20240830 20,2133.09
2997,18_20240830 21,1893.35
2998,18_20240830 22,1065.17
2999,18_20240830 23,641.27
3000,18_20240831 00,547.98
3001,18_20240831 01,533.51
3002,18_20240831 02,531.98
3003,18_20240831 03,530.07
3004,18_20240831 04,531.47
3005,18_20240831 05,572.99
3006,18_20240831 06,692.26
3007,18_20240831 07,875.64
3008,18_20240831 08,1235.86
3009,18_20240831 09,1742.26
3010,18_20240831 10,2169.96
3011,18_20240831 11,2206.28
3012,18_20240831 12,2260.79
3013,18_20240831 13,2285.17
3014,18_20240831 14,2266.89
3015,18_20240831 15,2264.16
3016,18_20240831 16,2157.41
3017,18_20240831 17,2115.19
3018,18_20240831 18,2054.87
3019,18_20240831 19,1976.2
3020,18_20240831 20,1887.09
3021,18_20240831 21,1661.37
3022,18_20240831 22,989.08
3023,18_20240831 23,640.51
3024,19_20240825 00,543.03
3025,19_20240825 01,476.14
3026,19_20240825 02,466.32
3027,19_20240825 03,463.99
3028,19_20240825 04,464.89
3029,19_20240825 05,499.07
3030,19_20240825 06,669.81
3031,19_20240825 07,682.55
3032,19_20240825 08,913.74
3033,19_20240825 09,1789.3
3034,19_20240825 10,2590.76
3035,19_20240825 11,2833.33
3036,19_20240825 12,2854.35
3037,19_20240825 13,2882.67
3038,19_20240825 14,2847.42
3039,19_20240825 15,2707.4
3040,19_20240825 16,2840.8
3041,19_20240825 17,2779.88
3042,19_20240825 18,2743.59
3043,19_20240825 19,2790.55
3044,19_20240825 20,2294.02
3045,19_20240825 21,1052.22
3046,19_20240825 22,819.47
3047,19_20240825 23,670.81
3048,19_20240826 00,488.93
3049,19_20240826 01,432.56
3050,19_20240826 02,435.53
3051,19_20240826 03,441.94
3052,19_20240826 04,425.5
3053,19_20240826 05,461.44
3054,19_20240826 06,645.35
3055,19_20240826 07,631.27
3056,19_20240826 08,771.39
3057,19_20240826 09,1709.51
3058,19_20240826 10,2454.98
3059,19_20240826 11,2269.38
3060,19_20240826 12,2463.37
3061,19_20240826 13,1415.61
3062,19_20240826 14,2520.53
3063,19_20240826 15,1351.58
3064,19_20240826 16,1220.9
3065,19_20240826 17,1314.16
3066,19_20240826 18,1900.8
3067,19_20240826 19,1517.55
3068,19_20240826 20,1361.82
3069,19_20240826 21,800.77
3070,19_20240826 22,702.39
3071,19_20240826 23,591.09
3072,19_20240827 00,505.77
3073,19_20240827 01,455.58
3074,19_20240827 02,444.04
3075,19_20240827 03,436.69
3076,19_20240827 04,440.63
3077,19_20240827 05,485.23
3078,19_20240827 06,636.66
3079,19_20240827 07,673.16
3080,19_20240827 08,849.98
3081,19_20240827 09,1421.64
3082,19_20240827 10,2575.4
3083,19_20240827 11,2798.24
3084,19_20240827 12,2846.89
3085,19_20240827 13,2844.51
3086,19_20240827 14,2934.38
3087,19_20240827 15,2915.01
3088,19_20240827 16,2842.67
3089,19_20240827 17,2809.92
3090,19_20240827 18,2749.91
3091,19_20240827 19,2566.46
3092,19_20240827 20,1867.56
3093,19_20240827 21,975.24
3094,19_20240827 22,772.36
3095,19_20240827 23,624.63
3096,19_20240828 00,507.15
3097,19_20240828 01,457.54
3098,19_20240828 02,443.06
3099,19_20240828 03,422.37
3100,19_20240828 04,409.32
3101,19_20240828 05,462.45
3102,19_20240828 06,529.51
3103,19_20240828 07,546.56
3104,19_20240828 08,748.59
3105,19_20240828 09,1634.05
3106,19_20240828 10,2763.1
3107,19_20240828 11,2983.24
3108,19_20240828 12,3022.14
3109,19_20240828 13,2956.56
3110,19_20240828 14,3028.77
3111,19_20240828 15,2986.84
3112,19_20240828 16,2858.53
3113,19_20240828 17,2961.83
3114,19_20240828 18,2747.8
3115,19_20240828 19,2545.03
3116,19_20240828 20,1766.32
3117,19_20240828 21,935.46
3118,19_20240828 22,743.63
3119,19_20240828 23,605.84
3120,19_20240829 00,500.69
3121,19_20240829 01,449.56
3122,19_20240829 02,448.78
3123,19_20240829 03,437.14
3124,19_20240829 04,433.59
3125,19_20240829 05,469.75
3126,19_20240829 06,620.54
3127,19_20240829 07,634.42
3128,19_20240829 08,846.71
3129,19_20240829 09,1754.78
3130,19_20240829 10,2657.69
3131,19_20240829 11,2834.35
3132,19_20240829 12,2950.51
3133,19_20240829 13,2762.97
3134,19_20240829 14,2787.79
3135,19_20240829 15,2713.85
3136,19_20240829 16,2837.14
3137,19_20240829 17,2759.38
3138,19_20240829 18,2902.19
3139,19_20240829 19,2459.61
3140,19_20240829 20,1892.57
3141,19_20240829 21,970.18
3142,19_20240829 22,789.34
3143,19_20240829 23,629.89
3144,19_20240830 00,537.74
3145,19_20240830 01,486.32
3146,19_20240830 02,465.86
3147,19_20240830 03,467.4
3148,19_20240830 04,462.82
3149,19_20240830 05,479.17
3150,19_20240830 06,623.89
3151,19_20240830 07,595.25
3152,19_20240830 08,835.87
3153,19_20240830 09,1559.46
3154,19_20240830 10,2585.95
3155,19_20240830 11,2834.1
3156,19_20240830 12,2855.0
3157,19_20240830 13,2829.15
3158,19_20240830 14,2823.4
3159,19_20240830 15,2811.77
3160,19_20240830 16,2769.39
3161,19_20240830 17,2775.28
3162,19_20240830 18,2698.29
3163,19_20240830 19,2455.48
3164,19_20240830 20,2047.38
3165,19_20240830 21,1020.02
3166,19_20240830 22,810.64
3167,19_20240830 23,642.81
3168,19_20240831 00,505.93
3169,19_20240831 01,460.08
3170,19_20240831 02,436.33
3171,19_20240831 03,427.6
3172,19_20240831 04,419.06
3173,19_20240831 05,438.46
3174,19_20240831 06,514.31
3175,19_20240831 07,533.83
3176,19_20240831 08,789.28
3177,19_20240831 09,1479.56
3178,19_20240831 10,2514.27
3179,19_20240831 11,2731.71
3180,19_20240831 12,2842.48
3181,19_20240831 13,2805.08
3182,19_20240831 14,2830.47
3183,19_20240831 15,2871.29
3184,19_20240831 16,2870.19
3185,19_20240831 17,2888.76
3186,19_20240831 18,2669.45
3187,19_20240831 19,2360.74
3188,19_20240831 20,1925.18
3189,19_20240831 21,988.2
3190,19_20240831 22,759.98
3191,19_20240831 23,652.8
3192,20_20240825 00,1803.56
3193,20_20240825 01,1794.77
3194,20_20240825 02,1798.93
3195,20_20240825 03,1798.38
3196,20_20240825 04,1782.09
3197,20_20240825 05,1790.28
3198,20_20240825 06,1791.04
3199,20_20240825 07,1767.16
3200,20_20240825 08,1764.42
3201,20_20240825 09,1781.8
3202,20_20240825 10,1773.29
3203,20_20240825 11,1793.54
3204,20_20240825 12,1794.67
3205,20_20240825 13,1796.41
3206,20_20240825 14,1808.2
3207,20_20240825 15,1811.14
3208,20_20240825 16,1810.49
3209,20_20240825 17,1820.15
3210,20_20240825 18,1816.98
3211,20_20240825 19,1804.16
3212,20_20240825 20,1795.04
3213,20_20240825 21,1788.76
3214,20_20240825 22,1792.54
3215,20_20240825 23,1793.18
3216,20_20240826 00,1797.07
3217,20_20240826 01,1794.17
3218,20_20240826 02,1795.57
3219,20_20240826 03,1801.04
3220,20_20240826 04,1797.33
3221,20_20240826 05,1795.14
3222,20_20240826 06,1955.34
3223,20_20240826 07,2118.5
3224,20_20240826 08,2181.03
3225,20_20240826 09,2323.49
3226,20_20240826 10,2371.52
3227,20_20240826 11,2374.42
3228,20_20240826 12,2338.87
3229,20_20240826 13,2351.71
3230,20_20240826 14,2356.81
3231,20_20240826 15,2326.43
3232,20_20240826 16,2279.05
3233,20_20240826 17,2229.72
3234,20_20240826 18,2039.47
3235,20_20240826 19,1904.95
3236,20_20240826 20,1886.75
3237,20_20240826 21,1873.52
3238,20_20240826 22,1859.38
3239,20_20240826 23,1844.58
3240,20_20240827 00,1842.36
3241,20_20240827 01,1835.18
3242,20_20240827 02,1833.62
3243,20_20240827 03,1820.39
3244,20_20240827 04,1820.13
3245,20_20240827 05,1821.77
3246,20_20240827 06,1968.0
3247,20_20240827 07,2148.12
3248,20_20240827 08,2184.57
3249,20_20240827 09,2300.07
3250,20_20240827 10,2343.64
3251,20_20240827 11,2329.14
3252,20_20240827 12,2314.91
3253,20_20240827 13,2312.06
3254,20_20240827 14,2296.84
3255,20_20240827 15,2236.87
3256,20_20240827 16,2202.05
3257,20_20240827 17,2151.63
3258,20_20240827 18,1966.23
3259,20_20240827 19,1868.51
3260,20_20240827 20,1856.59
3261,20_20240827 21,1839.62
3262,20_20240827 22,1833.57
3263,20_20240827 23,1818.14
3264,20_20240828 00,1799.98
3265,20_20240828 01,1797.32
3266,20_20240828 02,1794.8
3267,20_20240828 03,1799.02
3268,20_20240828 04,1797.89
3269,20_20240828 05,1798.74
3270,20_20240828 06,1930.0
3271,20_20240828 07,2077.24
3272,20_20240828 08,2109.13
3273,20_20240828 09,2201.44
3274,20_20240828 10,2236.65
3275,20_20240828 11,2252.3
3276,20_20240828 12,2260.65
3277,20_20240828 13,2252.88
3278,20_20240828 14,2269.57
3279,20_20240828 15,2203.85
3280,20_20240828 16,2195.08
3281,20_20240828 17,2177.46
3282,20_20240828 18,1994.45
3283,20_20240828 19,1881.83
3284,20_20240828 20,1856.67
3285,20_20240828 21,1845.62
3286,20_20240828 22,1839.7
3287,20_20240828 23,1824.14
3288,20_20240829 00,1799.97
3289,20_20240829 01,1804.12
3290,20_20240829 02,1804.08
3291,20_20240829 03,1802.69
3292,20_20240829 04,1803.19
3293,20_20240829 05,1799.25
3294,20_20240829 06,1935.76
3295,20_20240829 07,2075.67
3296,20_20240829 08,2084.23
3297,20_20240829 09,2153.6
3298,20_20240829 10,2158.3
3299,20_20240829 11,2125.15
3300,20_20240829 12,2167.14
3301,20_20240829 13,2141.73
3302,20_20240829 14,2113.7
3303,20_20240829 15,2172.64
3304,20_20240829 16,2131.59
3305,20_20240829 17,2135.05
3306,20_20240829 18,1927.6
3307,20_20240829 19,1898.21
3308,20_20240829 20,1868.27
3309,20_20240829 21,1855.1
3310,20_20240829 22,1840.74
3311,20_20240829 23,1810.53
3312,20_20240830 00,1794.8
3313,20_20240830 01,1789.96
3314,20_20240830 02,1790.0
3315,20_20240830 03,1789.57
3316,20_20240830 04,1788.78
3317,20_20240830 05,1794.87
3318,20_20240830 06,1943.72
3319,20_20240830 07,2087.98
3320,20_20240830 08,2109.94
3321,20_20240830 09,2218.92
3322,20_20240830 10,2276.42
3323,20_20240830 11,2264.24
3324,20_20240830 12,2279.88
3325,20_20240830 13,2263.41
3326,20_20240830 14,2249.08
3327,20_20240830 15,2235.0
3328,20_20240830 16,2228.23
3329,20_20240830 17,2202.1
3330,20_20240830 18,1980.59
3331,20_20240830 19,1898.06
3332,20_20240830 20,1870.47
3333,20_20240830 21,1849.59
3334,20_20240830 22,1834.84
3335,20_20240830 23,1821.3
3336,20_20240831 00,1810.97
3337,20_20240831 01,1801.87
3338,20_20240831 02,1791.76
3339,20_20240831 03,1793.96
3340,20_20240831 04,1788.77
3341,20_20240831 05,1785.06
3342,20_20240831 06,1801.04
3343,20_20240831 07,1787.64
3344,20_20240831 08,1783.45
3345,20_20240831 09,1756.76
3346,20_20240831 10,1748.22
3347,20_20240831 11,1808.13
3348,20_20240831 12,1839.25
3349,20_20240831 13,1813.62
3350,20_20240831 14,1806.85
3351,20_20240831 15,1789.5
3352,20_20240831 16,1800.03
3353,20_20240831 17,1785.52
3354,20_20240831 18,1793.42
3355,20_20240831 19,1780.41
3356,20_20240831 20,1783.75
3357,20_20240831 21,1783.41
3358,20_20240831 22,1783.41
3359,20_20240831 23,1790.83
3360,21_20240825 00,2663.39
3361,21_20240825 01,2606.0
3362,21_20240825 02,2563.65
3363,21_20240825 03,2595.08
3364,21_20240825 04,2674.66
3365,21_20240825 05,2781.14
3366,21_20240825 06,2735.4
3367,21_20240825 07,2697.59
3368,21_20240825 08,2833.56
3369,21_20240825 09,2875.35
3370,21_20240825 10,2979.22
3371,21_20240825 11,3013.48
3372,21_20240825 12,2966.74
3373,21_20240825 13,2943.65
3374,21_20240825 14,2944.56
3375,21_20240825 15,2950.27
3376,21_20240825 16,2965.93
3377,21_20240825 17,2993.21
3378,21_20240825 18,2941.52
3379,21_20240825 19,2911.03
3380,21_20240825 20,2851.44
3381,21_20240825 21,2794.34
3382,21_20240825 22,2741.11
3383,21_20240825 23,2759.96
3384,21_20240826 00,2718.41
3385,21_20240826 01,2731.6
3386,21_20240826 02,2704.64
3387,21_20240826 03,2728.17
3388,21_20240826 04,2787.44
3389,21_20240826 05,2902.65
3390,21_20240826 06,3094.57
3391,21_20240826 07,3372.98
3392,21_20240826 08,3763.12
3393,21_20240826 09,3820.25
3394,21_20240826 10,3976.07
3395,21_20240826 11,3950.13
3396,21_20240826 12,3881.14
3397,21_20240826 13,3836.5
3398,21_20240826 14,3833.37
3399,21_20240826 15,3829.79
3400,21_20240826 16,3879.73
3401,21_20240826 17,3606.78
3402,21_20240826 18,3273.67
3403,21_20240826 19,3108.9
3404,21_20240826 20,2994.49
3405,21_20240826 21,2878.42
3406,21_20240826 22,2809.7
3407,21_20240826 23,2744.35
3408,21_20240827 00,2749.11
3409,21_20240827 01,2787.43
3410,21_20240827 02,2755.39
3411,21_20240827 03,2824.86
3412,21_20240827 04,2808.88
3413,21_20240827 05,2949.26
3414,21_20240827 06,3144.13
3415,21_20240827 07,3430.57
3416,21_20240827 08,3779.7
3417,21_20240827 09,3780.12
3418,21_20240827 10,3829.92
3419,21_20240827 11,3748.13
3420,21_20240827 12,3717.06
3421,21_20240827 13,3838.48
3422,21_20240827 14,3699.55
3423,21_20240827 15,3515.84
3424,21_20240827 16,3628.04
3425,21_20240827 17,3416.0
3426,21_20240827 18,2978.55
3427,21_20240827 19,2891.31
3428,21_20240827 20,2811.51
3429,21_20240827 21,2720.09
3430,21_20240827 22,2653.96
3431,21_20240827 23,2529.01
3432,21_20240828 00,2553.16
3433,21_20240828 01,2560.28
3434,21_20240828 02,2533.49
3435,21_20240828 03,2520.88
3436,21_20240828 04,2672.88
3437,21_20240828 05,2768.0
3438,21_20240828 06,2960.01
3439,21_20240828 07,3209.71
3440,21_20240828 08,3550.99
3441,21_20240828 09,3497.61
3442,21_20240828 10,3508.67
3443,21_20240828 11,3551.65
3444,21_20240828 12,3485.32
3445,21_20240828 13,3503.62
3446,21_20240828 14,3465.04
3447,21_20240828 15,3544.61
3448,21_20240828 16,3556.09
3449,21_20240828 17,3300.12
3450,21_20240828 18,3019.53
3451,21_20240828 19,2923.93
3452,21_20240828 20,2894.02
3453,21_20240828 21,2797.49
3454,21_20240828 22,2734.46
3455,21_20240828 23,2688.65
3456,21_20240829 00,2538.05
3457,21_20240829 01,2677.34
3458,21_20240829 02,2598.76
3459,21_20240829 03,2532.71
3460,21_20240829 04,2635.37
3461,21_20240829 05,2758.36
3462,21_20240829 06,2939.74
3463,21_20240829 07,3204.93
3464,21_20240829 08,3576.66
3465,21_20240829 09,3638.81
3466,21_20240829 10,3570.19
3467,21_20240829 11,3452.38
3468,21_20240829 12,3461.47
3469,21_20240829 13,3420.5
3470,21_20240829 14,3433.91
3471,21_20240829 15,3511.33
3472,21_20240829 16,3438.72
3473,21_20240829 17,3380.74
3474,21_20240829 18,3155.67
3475,21_20240829 19,2952.81
3476,21_20240829 20,2848.23
3477,21_20240829 21,2781.31
3478,21_20240829 22,2732.15
3479,21_20240829 23,2675.3
3480,21_20240830 00,2585.41
3481,21_20240830 01,2598.31
3482,21_20240830 02,2599.46
3483,21_20240830 03,2569.97
3484,21_20240830 04,2659.56
3485,21_20240830 05,2778.74
3486,21_20240830 06,2949.38
3487,21_20240830 07,3177.48
3488,21_20240830 08,3547.73
3489,21_20240830 09,3582.68
3490,21_20240830 10,3696.9
3491,21_20240830 11,3768.37
3492,21_20240830 12,3554.22
3493,21_20240830 13,3589.2
3494,21_20240830 14,3618.32
3495,21_20240830 15,3632.84
3496,21_20240830 16,3588.69
3497,21_20240830 17,3365.43
3498,21_20240830 18,3152.6
3499,21_20240830 19,2978.24
3500,21_20240830 20,2950.03
3501,21_20240830 21,2883.62
3502,21_20240830 22,2797.39
3503,21_20240830 23,2736.0
3504,21_20240831 00,2680.45
3505,21_20240831 01,2598.06
3506,21_20240831 02,2628.42
3507,21_20240831 03,2566.33
3508,21_20240831 04,2647.93
3509,21_20240831 05,2732.59
3510,21_20240831 06,2801.48
3511,21_20240831 07,3036.37
3512,21_20240831 08,3269.45
3513,21_20240831 09,3232.47
3514,21_20240831 10,3067.42
3515,21_20240831 11,3030.8
3516,21_20240831 12,2947.12
3517,21_20240831 13,2876.21
3518,21_20240831 14,2900.7
3519,21_20240831 15,2880.13
3520,21_20240831 16,2880.8
3521,21_20240831 17,2809.49
3522,21_20240831 18,2768.5
3523,21_20240831 19,2710.91
3524,21_20240831 20,2646.76
3525,21_20240831 21,2605.51
3526,21_20240831 22,2548.19
3527,21_20240831 23,2516.1
3528,22_20240825 00,1720.5
3529,22_20240825 01,1666.39
3530,22_20240825 02,1649.33
3531,22_20240825 03,1642.49
3532,22_20240825 04,1612.22
3533,22_20240825 05,1594.6
3534,22_20240825 06,1613.3
3535,22_20240825 07,1623.78
3536,22_20240825 08,1640.02
3537,22_20240825 09,1710.26
3538,22_20240825 10,1680.15
3539,22_20240825 11,1762.7
3540,22_20240825 12,1809.11
3541,22_20240825 13,1854.88
3542,22_20240825 14,1989.06
3543,22_20240825 15,2119.49
3544,22_20240825 16,2057.22
3545,22_20240825 17,2083.86
3546,22_20240825 18,2078.49
3547,22_20240825 19,2102.72
3548,22_20240825 20,2091.68
3549,22_20240825 21,2063.97
3550,22_20240825 22,1987.07
3551,22_20240825 23,1828.59
3552,22_20240826 00,1847.22
3553,22_20240826 01,1768.04
3554,22_20240826 02,1698.6
3555,22_20240826 03,1648.83
3556,22_20240826 04,1639.16
3557,22_20240826 05,1606.65
3558,22_20240826 06,1652.08
3559,22_20240826 07,1790.93
3560,22_20240826 08,2269.09
3561,22_20240826 09,3159.17
3562,22_20240826 10,3560.54
3563,22_20240826 11,3569.72
3564,22_20240826 12,3476.52
3565,22_20240826 13,3715.64
3566,22_20240826 14,3764.29
3567,22_20240826 15,3739.84
3568,22_20240826 16,3745.73
3569,22_20240826 17,3309.14
3570,22_20240826 18,2816.29
3571,22_20240826 19,2501.27
3572,22_20240826 20,2429.09
3573,22_20240826 21,2244.99
3574,22_20240826 22,2133.41
3575,22_20240826 23,1953.0
3576,22_20240827 00,1910.66
3577,22_20240827 01,1845.35
3578,22_20240827 02,1841.19
3579,22_20240827 03,1820.69
3580,22_20240827 04,1811.29
3581,22_20240827 05,1730.37
3582,22_20240827 06,1782.55
3583,22_20240827 07,1869.68
3584,22_20240827 08,2243.45
3585,22_20240827 09,2853.54
3586,22_20240827 10,3183.09
3587,22_20240827 11,3152.34
3588,22_20240827 12,3127.85
3589,22_20240827 13,3497.76
3590,22_20240827 14,3477.69
3591,22_20240827 15,3012.75
3592,22_20240827 16,3166.07
3593,22_20240827 17,3043.44
3594,22_20240827 18,2591.28
3595,22_20240827 19,2424.88
3596,22_20240827 20,2499.3
3597,22_20240827 21,2392.61
3598,22_20240827 22,2136.96
3599,22_20240827 23,1974.4
3600,22_20240828 00,1866.35
3601,22_20240828 01,1777.38
3602,22_20240828 02,1752.93
3603,22_20240828 03,1704.5
3604,22_20240828 04,1704.62
3605,22_20240828 05,1658.07
3606,22_20240828 06,1695.04
3607,22_20240828 07,1726.77
3608,22_20240828 08,1977.96
3609,22_20240828 09,2680.62
3610,22_20240828 10,2756.89
3611,22_20240828 11,2822.07
3612,22_20240828 12,2763.3
3613,22_20240828 13,3068.24
3614,22_20240828 14,3122.75
3615,22_20240828 15,3163.41
3616,22_20240828 16,3141.68
3617,22_20240828 17,2910.46
3618,22_20240828 18,2547.65
3619,22_20240828 19,2346.72
3620,22_20240828 20,2319.49
3621,22_20240828 21,2234.17
3622,22_20240828 22,2128.14
3623,22_20240828 23,1962.11
3624,22_20240829 00,1875.85
3625,22_20240829 01,1792.83
3626,22_20240829 02,1765.89
3627,22_20240829 03,1730.49
3628,22_20240829 04,1710.61
3629,22_20240829 05,1644.94
3630,22_20240829 06,1675.82
3631,22_20240829 07,1739.83
3632,22_20240829 08,2086.67
3633,22_20240829 09,2747.19
3634,22_20240829 10,2754.49
3635,22_20240829 11,3021.78
3636,22_20240829 12,3041.23
3637,22_20240829 13,3227.96
3638,22_20240829 14,3200.55
3639,22_20240829 15,3092.52
3640,22_20240829 16,2918.52
3641,22_20240829 17,2894.63
3642,22_20240829 18,2751.0
3643,22_20240829 19,2447.68
3644,22_20240829 20,2429.27
3645,22_20240829 21,2293.78
3646,22_20240829 22,2124.49
3647,22_20240829 23,1943.24
3648,22_20240830 00,1861.5
3649,22_20240830 01,1802.41
3650,22_20240830 02,1787.88
3651,22_20240830 03,1764.07
3652,22_20240830 04,1747.87
3653,22_20240830 05,1705.09
3654,22_20240830 06,1762.45
3655,22_20240830 07,1784.61
3656,22_20240830 08,2130.45
3657,22_20240830 09,2710.52
3658,22_20240830 10,2948.62
3659,22_20240830 11,3134.1
3660,22_20240830 12,3149.03
3661,22_20240830 13,3303.96
3662,22_20240830 14,3469.22
3663,22_20240830 15,3510.86
3664,22_20240830 16,3538.15
3665,22_20240830 17,3378.47
3666,22_20240830 18,2921.21
3667,22_20240830 19,2369.16
3668,22_20240830 20,2350.0
3669,22_20240830 21,2179.57
3670,22_20240830 22,2028.54
3671,22_20240830 23,1877.9
3672,22_20240831 00,1733.29
3673,22_20240831 01,1633.5
3674,22_20240831 02,1616.07
3675,22_20240831 03,1580.31
3676,22_20240831 04,1577.7
3677,22_20240831 05,1524.95
3678,22_20240831 06,1507.44
3679,22_20240831 07,1548.45
3680,22_20240831 08,1672.22
3681,22_20240831 09,1632.84
3682,22_20240831 10,1793.3
3683,22_20240831 11,1912.46
3684,22_20240831 12,1860.97
3685,22_20240831 13,2034.27
3686,22_20240831 14,2190.2
3687,22_20240831 15,2166.15
3688,22_20240831 16,2072.42
3689,22_20240831 17,2114.52
3690,22_20240831 18,2126.4
3691,22_20240831 19,2006.96
3692,22_20240831 20,1940.49
3693,22_20240831 21,1920.06
3694,22_20240831 22,1872.02
3695,22_20240831 23,1752.6
3696,23_20240825 00,1494.58
3697,23_20240825 01,1491.66
3698,23_20240825 02,1482.96
3699,23_20240825 03,1467.81
3700,23_20240825 04,1451.85
3701,23_20240825 05,1447.6
3702,23_20240825 06,1484.62
3703,23_20240825 07,1427.31
3704,23_20240825 08,1331.06
3705,23_20240825 09,1262.73
3706,23_20240825 10,1235.06
3707,23_20240825 11,1359.66
3708,23_20240825 12,1209.91
3709,23_20240825 13,1227.84
3710,23_20240825 14,1181.57
3711,23_20240825 15,1221.6
3712,23_20240825 16,1307.09
3713,23_20240825 17,1417.51
3714,23_20240825 18,1529.74
3715,23_20240825 19,1530.43
3716,23_20240825 20,1562.22
3717,23_20240825 21,1547.5
3718,23_20240825 22,1518.34
3719,23_20240825 23,1532.28
3720,23_20240826 00,1705.62
3721,23_20240826 01,1694.52
3722,23_20240826 02,1708.75
3723,23_20240826 03,1678.26
3724,23_20240826 04,1680.07
3725,23_20240826 05,1734.88
3726,23_20240826 06,1843.23
3727,23_20240826 07,1777.93
3728,23_20240826 08,2090.95
3729,23_20240826 09,3347.25
3730,23_20240826 10,4096.1
3731,23_20240826 11,4239.41
3732,23_20240826 12,4326.25
3733,23_20240826 13,4646.02
3734,23_20240826 14,3908.12
3735,23_20240826 15,3401.16
3736,23_20240826 16,3653.51
3737,23_20240826 17,4031.69
3738,23_20240826 18,3105.75
3739,23_20240826 19,2447.46
3740,23_20240826 20,2181.65
3741,23_20240826 21,1931.35
3742,23_20240826 22,1807.36
3743,23_20240826 23,1802.96
3744,23_20240827 00,1722.28
3745,23_20240827 01,1715.04
3746,23_20240827 02,1716.93
3747,23_20240827 03,1726.82
3748,23_20240827 04,1726.53
3749,23_20240827 05,1734.05
3750,23_20240827 06,1799.59
3751,23_20240827 07,1859.4
3752,23_20240827 08,2118.3
3753,23_20240827 09,3591.91
3754,23_20240827 10,4111.43
3755,23_20240827 11,4065.4
3756,23_20240827 12,4374.01
3757,23_20240827 13,4705.31
3758,23_20240827 14,4503.87
3759,23_20240827 15,4219.95
3760,23_20240827 16,3982.43
3761,23_20240827 17,3217.46
3762,23_20240827 18,2554.44
3763,23_20240827 19,1845.6
3764,23_20240827 20,1872.45
3765,23_20240827 21,1705.52
3766,23_20240827 22,1709.41
3767,23_20240827 23,1688.55
3768,23_20240828 00,1676.75
3769,23_20240828 01,1678.17
3770,23_20240828 02,1672.74
3771,23_20240828 03,1679.85
3772,23_20240828 04,1679.51
3773,23_20240828 05,1720.93
3774,23_20240828 06,1789.82
3775,23_20240828 07,1781.46
3776,23_20240828 08,1931.65
3777,23_20240828 09,4124.24
3778,23_20240828 10,4440.12
3779,23_20240828 11,3869.9
3780,23_20240828 12,4360.03
3781,23_20240828 13,3995.38
3782,23_20240828 14,4072.67
3783,23_20240828 15,3914.04
3784,23_20240828 16,3746.06
3785,23_20240828 17,3504.91
3786,23_20240828 18,3023.82
3787,23_20240828 19,2498.97
3788,23_20240828 20,2445.41
3789,23_20240828 21,1918.57
3790,23_20240828 22,1768.37
3791,23_20240828 23,1770.74
3792,23_20240829 00,1726.56
3793,23_20240829 01,1651.43
3794,23_20240829 02,1691.84
3795,23_20240829 03,1876.98
3796,23_20240829 04,1707.1
3797,23_20240829 05,1674.26
3798,23_20240829 06,1803.95
3799,23_20240829 07,1765.15
3800,23_20240829 08,2062.88
3801,23_20240829 09,3695.45
3802,23_20240829 10,3659.25
3803,23_20240829 11,3974.95
3804,23_20240829 12,4042.94
3805,23_20240829 13,4333.54
3806,23_20240829 14,3386.66
3807,23_20240829 15,3348.65
3808,23_20240829 16,2961.7
3809,23_20240829 17,3037.67
3810,23_20240829 18,2601.03
3811,23_20240829 19,2320.78
3812,23_20240829 20,2303.57
3813,23_20240829 21,1967.92
3814,23_20240829 22,1843.29
3815,23_20240829 23,1806.42
3816,23_20240830 00,1653.89
3817,23_20240830 01,1654.25
3818,23_20240830 02,1664.99
3819,23_20240830 03,1697.08
3820,23_20240830 04,1685.77
3821,23_20240830 05,1722.54
3822,23_20240830 06,1749.43
3823,23_20240830 07,1838.94
3824,23_20240830 08,1941.73
3825,23_20240830 09,2579.94
3826,23_20240830 10,2612.65
3827,23_20240830 11,2406.68
3828,23_20240830 12,2431.42
3829,23_20240830 13,2680.56
3830,23_20240830 14,2590.33
3831,23_20240830 15,2418.18
3832,23_20240830 16,3069.32
3833,23_20240830 17,2516.8
3834,23_20240830 18,1793.41
3835,23_20240830 19,1648.44
3836,23_20240830 20,1707.5
3837,23_20240830 21,1663.27
3838,23_20240830 22,1615.26
3839,23_20240830 23,1584.4
3840,23_20240831 00,1466.73
3841,23_20240831 01,1438.41
3842,23_20240831 02,1426.39
3843,23_20240831 03,1419.86
3844,23_20240831 04,1400.2
3845,23_20240831 05,1400.41
3846,23_20240831 06,1406.35
3847,23_20240831 07,1335.45
3848,23_20240831 08,1300.53
3849,23_20240831 09,1170.14
3850,23_20240831 10,1077.76
3851,23_20240831 11,1035.35
3852,23_20240831 12,1014.22
3853,23_20240831 13,1020.78
3854,23_20240831 14,1096.46
3855,23_20240831 15,1158.11
3856,23_20240831 16,1271.67
3857,23_20240831 17,1384.6
3858,23_20240831 18,1446.93
3859,23_20240831 19,1530.7
3860,23_20240831 20,1501.46
3861,23_20240831 21,1482.95
3862,23_20240831 22,1463.05
3863,23_20240831 23,1448.87
3864,24_20240825 00,1153.43
3865,24_20240825 01,1144.84
3866,24_20240825 02,1110.13
3867,24_20240825 03,1102.81
3868,24_20240825 04,1107.71
3869,24_20240825 05,1086.12
3870,24_20240825 06,1059.05
3871,24_20240825 07,1004.44
3872,24_20240825 08,974.51
3873,24_20240825 09,945.32
3874,24_20240825 10,844.68
3875,24_20240825 11,810.68
3876,24_20240825 12,781.96
3877,24_20240825 13,836.71
3878,24_20240825 14,934.13
3879,24_20240825 15,1050.97
3880,24_20240825 16,1169.79
3881,24_20240825 17,1320.47
3882,24_20240825 18,1339.77
3883,24_20240825 19,1395.95
3884,24_20240825 20,1393.87
3885,24_20240825 21,1384.12
3886,24_20240825 22,1348.8
3887,24_20240825 23,1255.98
3888,24_20240826 00,1244.96
3889,24_20240826 01,1194.88
3890,24_20240826 02,1171.17
3891,24_20240826 03,1149.76
3892,24_20240826 04,1129.56
3893,24_20240826 05,1094.94
3894,24_20240826 06,1086.74
3895,24_20240826 07,1096.74
3896,24_20240826 08,1168.32
3897,24_20240826 09,1691.93
3898,24_20240826 10,1810.7
3899,24_20240826 11,2005.05
3900,24_20240826 12,1884.27
3901,24_20240826 13,1977.23
3902,24_20240826 14,2069.87
3903,24_20240826 15,2081.21
3904,24_20240826 16,2234.68
3905,24_20240826 17,2175.07
3906,24_20240826 18,1905.39
3907,24_20240826 19,1671.57
3908,24_20240826 20,1640.46
3909,24_20240826 21,1611.24
3910,24_20240826 22,1399.0
3911,24_20240826 23,1278.41
3912,24_20240827 00,1213.66
3913,24_20240827 01,1174.75
3914,24_20240827 02,1156.32
3915,24_20240827 03,1141.32
3916,24_20240827 04,1130.02
3917,24_20240827 05,1103.14
3918,24_20240827 06,1097.62
3919,24_20240827 07,1124.2
3920,24_20240827 08,1211.06
3921,24_20240827 09,1696.48
3922,24_20240827 10,1841.06
3923,24_20240827 11,1990.05
3924,24_20240827 12,1953.77
3925,24_20240827 13,1973.18
3926,24_20240827 14,2045.96
3927,24_20240827 15,2059.74
3928,24_20240827 16,2066.16
3929,24_20240827 17,1935.47
3930,24_20240827 18,1730.93
3931,24_20240827 19,1578.39
3932,24_20240827 20,1512.38
3933,24_20240827 21,1466.46
3934,24_20240827 22,1401.21
3935,24_20240827 23,1281.47
3936,24_20240828 00,1186.7
3937,24_20240828 01,1139.68
3938,24_20240828 02,1120.07
3939,24_20240828 03,1104.14
3940,24_20240828 04,1089.1
3941,24_20240828 05,1067.93
3942,24_20240828 06,1054.07
3943,24_20240828 07,1089.29
3944,24_20240828 08,1126.15
3945,24_20240828 09,1577.13
3946,24_20240828 10,1606.78
3947,24_20240828 11,1735.73
3948,24_20240828 12,1692.65
3949,24_20240828 13,1734.12
3950,24_20240828 14,1744.57
3951,24_20240828 15,1831.62
3952,24_20240828 16,1893.64
3953,24_20240828 17,1963.56
3954,24_20240828 18,1741.17
3955,24_20240828 19,1618.76
3956,24_20240828 20,1574.66
3957,24_20240828 21,1510.96
3958,24_20240828 22,1395.74
3959,24_20240828 23,1300.98
3960,24_20240829 00,1255.94
3961,24_20240829 01,1248.3
3962,24_20240829 02,1244.17
3963,24_20240829 03,1191.47
3964,24_20240829 04,1166.65
3965,24_20240829 05,1126.48
3966,24_20240829 06,1106.43
3967,24_20240829 07,1070.22
3968,24_20240829 08,1134.33
3969,24_20240829 09,1582.74
3970,24_20240829 10,1677.68
3971,24_20240829 11,1714.75
3972,24_20240829 12,1889.39
3973,24_20240829 13,1813.18
3974,24_20240829 14,2089.14
3975,24_20240829 15,2071.01
3976,24_20240829 16,1919.3
3977,24_20240829 17,2129.76
3978,24_20240829 18,1760.54
3979,24_20240829 19,1620.71
3980,24_20240829 20,1608.57
3981,24_20240829 21,1527.11
3982,24_20240829 22,1438.46
3983,24_20240829 23,1287.21
3984,24_20240830 00,1204.93
3985,24_20240830 01,1208.95
3986,24_20240830 02,1156.18
3987,24_20240830 03,1137.19
3988,24_20240830 04,1126.61
3989,24_20240830 05,1116.76
3990,24_20240830 06,1105.65
3991,24_20240830 07,1082.04
3992,24_20240830 08,1178.9
3993,24_20240830 09,1585.14
3994,24_20240830 10,1823.04
3995,24_20240830 11,1805.83
3996,24_20240830 12,1763.29
3997,24_20240830 13,1835.21
3998,24_20240830 14,2068.37
3999,24_20240830 15,2063.14
4000,24_20240830 16,2212.6
4001,24_20240830 17,2159.93
4002,24_20240830 18,1959.41
4003,24_20240830 19,1634.36
4004,24_20240830 20,1502.4
4005,24_20240830 21,1486.83
4006,24_20240830 22,1395.17
4007,24_20240830 23,1304.54
4008,24_20240831 00,1181.95
4009,24_20240831 01,1177.54
4010,24_20240831 02,1159.32
4011,24_20240831 03,1111.39
4012,24_20240831 04,1101.45
4013,24_20240831 05,1090.55
4014,24_20240831 06,1055.09
4015,24_20240831 07,994.83
4016,24_20240831 08,941.21
4017,24_20240831 09,863.15
4018,24_20240831 10,881.59
4019,24_20240831 11,825.17
4020,24_20240831 12,826.43
4021,24_20240831 13,849.01
4022,24_20240831 14,947.41
4023,24_20240831 15,1081.9
4024,24_20240831 16,1206.41
4025,24_20240831 17,1340.24
4026,24_20240831 18,1306.19
4027,24_20240831 19,1329.11
4028,24_20240831 20,1280.01
4029,24_20240831 21,1257.85
4030,24_20240831 22,1228.52
4031,24_20240831 23,1289.29
4032,25_20240825 00,1118.39
4033,25_20240825 01,1026.64
4034,25_20240825 02,928.44
4035,25_20240825 03,830.19
4036,25_20240825 04,821.57
4037,25_20240825 05,833.26
4038,25_20240825 06,880.56
4039,25_20240825 07,1035.01
4040,25_20240825 08,1211.76
4041,25_20240825 09,1377.91
4042,25_20240825 10,1352.1
4043,25_20240825 11,1369.1
4044,25_20240825 12,1508.84
4045,25_20240825 13,1583.5
4046,25_20240825 14,1600.56
4047,25_20240825 15,1605.9
4048,25_20240825 16,1670.56
4049,25_20240825 17,1548.07
4050,25_20240825 18,1663.05
4051,25_20240825 19,1838.3
4052,25_20240825 20,1758.73
4053,25_20240825 21,1741.55
4054,25_20240825 22,1588.26
4055,25_20240825 23,1406.58
4056,25_20240826 00,1192.04
4057,25_20240826 01,1079.41
4058,25_20240826 02,992.87
4059,25_20240826 03,947.23
4060,25_20240826 04,828.59
4061,25_20240826 05,823.2
4062,25_20240826 06,899.01
4063,25_20240826 07,1029.86
4064,25_20240826 08,1190.54
4065,25_20240826 09,1074.74
4066,25_20240826 10,1119.75
4067,25_20240826 11,1089.26
4068,25_20240826 12,1382.96
4069,25_20240826 13,1260.11
4070,25_20240826 14,1268.18
4071,25_20240826 15,1619.82
4072,25_20240826 16,1684.58
4073,25_20240826 17,1907.48
4074,25_20240826 18,2019.58
4075,25_20240826 19,1938.58
4076,25_20240826 20,2019.18
4077,25_20240826 21,1823.74
4078,25_20240826 22,1682.67
4079,25_20240826 23,1394.15
4080,25_20240827 00,1168.21
4081,25_20240827 01,1068.2
4082,25_20240827 02,999.49
4083,25_20240827 03,1003.6
4084,25_20240827 04,917.6
4085,25_20240827 05,930.41
4086,25_20240827 06,1005.18
4087,25_20240827 07,1121.74
4088,25_20240827 08,1206.97
4089,25_20240827 09,1181.79
4090,25_20240827 10,1228.81
4091,25_20240827 11,1082.69
4092,25_20240827 12,1126.93
4093,25_20240827 13,1128.82
4094,25_20240827 14,1079.68
4095,25_20240827 15,1015.85
4096,25_20240827 16,1062.71
4097,25_20240827 17,1183.82
4098,25_20240827 18,1352.49
4099,25_20240827 19,1452.64
4100,25_20240827 20,1513.67
4101,25_20240827 21,1389.23
4102,25_20240827 22,1302.43
4103,25_20240827 23,1059.34
4104,25_20240828 00,976.89
4105,25_20240828 01,885.4
4106,25_20240828 02,794.24
4107,25_20240828 03,774.77
4108,25_20240828 04,755.85
4109,25_20240828 05,740.72
4110,25_20240828 06,833.17
4111,25_20240828 07,952.87
4112,25_20240828 08,979.03
4113,25_20240828 09,959.21
4114,25_20240828 10,967.3
4115,25_20240828 11,1024.25
4116,25_20240828 12,1010.36
4117,25_20240828 13,1055.85
4118,25_20240828 14,1113.39
4119,25_20240828 15,1270.69
4120,25_20240828 16,1265.9
4121,25_20240828 17,1301.41
4122,25_20240828 18,1476.75
4123,25_20240828 19,1460.26
4124,25_20240828 20,1510.59
4125,25_20240828 21,1487.81
4126,25_20240828 22,1384.69
4127,25_20240828 23,1177.14
4128,25_20240829 00,1130.13
4129,25_20240829 01,1032.44
4130,25_20240829 02,991.25
4131,25_20240829 03,1000.14
4132,25_20240829 04,960.03
4133,25_20240829 05,969.0
4134,25_20240829 06,1057.0
4135,25_20240829 07,1148.98
4136,25_20240829 08,1193.66
4137,25_20240829 09,1190.36
4138,25_20240829 10,1295.86
4139,25_20240829 11,1283.88
4140,25_20240829 12,1367.31
4141,25_20240829 13,1421.16
4142,25_20240829 14,1529.52
4143,25_20240829 15,1565.03
4144,25_20240829 16,1571.33
4145,25_20240829 17,1681.18
4146,25_20240829 18,1813.3
4147,25_20240829 19,1902.22
4148,25_20240829 20,1858.26
4149,25_20240829 21,1745.19
4150,25_20240829 22,1614.34
4151,25_20240829 23,1376.43
4152,25_20240830 00,1064.47
4153,25_20240830 01,1088.31
4154,25_20240830 02,1018.93
4155,25_20240830 03,879.49
4156,25_20240830 04,911.33
4157,25_20240830 05,900.0
4158,25_20240830 06,984.4
4159,25_20240830 07,1070.4
4160,25_20240830 08,1122.52
4161,25_20240830 09,1182.02
4162,25_20240830 10,1202.06
4163,25_20240830 11,1151.63
4164,25_20240830 12,1260.61
4165,25_20240830 13,1334.05
4166,25_20240830 14,1196.38
4167,25_20240830 15,1212.07
4168,25_20240830 16,1279.85
4169,25_20240830 17,1442.65
4170,25_20240830 18,1643.95
4171,25_20240830 19,1482.4
4172,25_20240830 20,1461.38
4173,25_20240830 21,1502.7
4174,25_20240830 22,1446.82
4175,25_20240830 23,1305.22
4176,25_20240831 00,1078.58
4177,25_20240831 01,975.27
4178,25_20240831 02,868.79
4179,25_20240831 03,778.05
4180,25_20240831 04,754.61
4181,25_20240831 05,755.72
4182,25_20240831 06,807.88
4183,25_20240831 07,957.94
4184,25_20240831 08,912.15
4185,25_20240831 09,1069.63
4186,25_20240831 10,1061.17
4187,25_20240831 11,1085.24
4188,25_20240831 12,1011.06
4189,25_20240831 13,1347.15
4190,25_20240831 14,1495.63
4191,25_20240831 15,1463.87
4192,25_20240831 16,1382.73
4193,25_20240831 17,1361.43
4194,25_20240831 18,1371.45
4195,25_20240831 19,1416.92
4196,25_20240831 20,1454.35
4197,25_20240831 21,1406.87
4198,25_20240831 22,1338.82
4199,25_20240831 23,1142.36
4200,26_20240825 00,744.36
4201,26_20240825 01,737.16
4202,26_20240825 02,743.71
4203,26_20240825 03,774.32
4204,26_20240825 04,740.0
4205,26_20240825 05,777.42
4206,26_20240825 06,902.7
4207,26_20240825 07,1125.5
4208,26_20240825 08,1818.7
4209,26_20240825 09,2794.69
4210,26_20240825 10,3457.95
4211,26_20240825 11,3501.47
4212,26_20240825 12,3564.47
4213,26_20240825 13,3826.22
4214,26_20240825 14,3654.19
4215,26_20240825 15,3681.93
4216,26_20240825 16,3504.67
4217,26_20240825 17,2939.59
4218,26_20240825 18,2008.9
4219,26_20240825 19,1358.66
4220,26_20240825 20,1265.71
4221,26_20240825 21,1075.08
4222,26_20240825 22,1071.84
4223,26_20240825 23,871.32
4224,26_20240826 00,742.28
4225,26_20240826 01,767.75
4226,26_20240826 02,786.24
4227,26_20240826 03,790.6
4228,26_20240826 04,751.11
4229,26_20240826 05,739.82
4230,26_20240826 06,944.49
4231,26_20240826 07,1153.57
4232,26_20240826 08,1904.63
4233,26_20240826 09,2742.53
4234,26_20240826 10,3050.75
4235,26_20240826 11,3011.1
4236,26_20240826 12,3056.4
4237,26_20240826 13,3039.52
4238,26_20240826 14,3064.37
4239,26_20240826 15,3003.15
4240,26_20240826 16,3047.77
4241,26_20240826 17,2744.0
4242,26_20240826 18,1677.82
4243,26_20240826 19,1145.61
4244,26_20240826 20,1087.13
4245,26_20240826 21,993.22
4246,26_20240826 22,878.19
4247,26_20240826 23,766.57
4248,26_20240827 00,705.96
4249,26_20240827 01,710.52
4250,26_20240827 02,756.31
4251,26_20240827 03,728.17
4252,26_20240827 04,717.3
4253,26_20240827 05,718.16
4254,26_20240827 06,841.25
4255,26_20240827 07,1051.4
4256,26_20240827 08,1771.24
4257,26_20240827 09,2613.85
4258,26_20240827 10,2815.22
4259,26_20240827 11,3010.68
4260,26_20240827 12,3058.94
4261,26_20240827 13,3022.7
4262,26_20240827 14,3086.46
4263,26_20240827 15,3019.61
4264,26_20240827 16,2997.91
4265,26_20240827 17,2890.58
4266,26_20240827 18,1771.68
4267,26_20240827 19,1269.52
4268,26_20240827 20,1286.0
4269,26_20240827 21,1118.83
4270,26_20240827 22,951.45
4271,26_20240827 23,720.98
4272,26_20240828 00,691.2
4273,26_20240828 01,684.41
4274,26_20240828 02,658.54
4275,26_20240828 03,647.49
4276,26_20240828 04,650.12
4277,26_20240828 05,655.11
4278,26_20240828 06,801.49
4279,26_20240828 07,1076.66
4280,26_20240828 08,2047.3
4281,26_20240828 09,2866.42
4282,26_20240828 10,3292.18
4283,26_20240828 11,3169.93
4284,26_20240828 12,3218.75
4285,26_20240828 13,3320.25
4286,26_20240828 14,3199.83
4287,26_20240828 15,3640.09
4288,26_20240828 16,3466.38
4289,26_20240828 17,3189.85
4290,26_20240828 18,2284.99
4291,26_20240828 19,1404.34
4292,26_20240828 20,1390.66
4293,26_20240828 21,1171.15
4294,26_20240828 22,980.69
4295,26_20240828 23,774.59
4296,26_20240829 00,728.96
4297,26_20240829 01,746.22
4298,26_20240829 02,738.68
4299,26_20240829 03,747.72
4300,26_20240829 04,750.64
4301,26_20240829 05,728.95
4302,26_20240829 06,911.1
4303,26_20240829 07,1182.32
4304,26_20240829 08,2072.08
4305,26_20240829 09,3197.3
4306,26_20240829 10,3369.71
4307,26_20240829 11,3653.23
4308,26_20240829 12,3554.79
4309,26_20240829 13,3532.96
4310,26_20240829 14,3921.62
4311,26_20240829 15,3628.67
4312,26_20240829 16,3564.61
4313,26_20240829 17,3090.36
4314,26_20240829 18,2243.91
4315,26_20240829 19,1385.22
4316,26_20240829 20,1630.62
4317,26_20240829 21,1349.91
4318,26_20240829 22,1091.44
4319,26_20240829 23,725.99
4320,26_20240830 00,733.56
4321,26_20240830 01,709.76
4322,26_20240830 02,722.6
4323,26_20240830 03,753.45
4324,26_20240830 04,719.37
4325,26_20240830 05,746.95
4326,26_20240830 06,954.76
4327,26_20240830 07,1245.21
4328,26_20240830 08,2251.53
4329,26_20240830 09,3357.18
4330,26_20240830 10,3737.06
4331,26_20240830 11,3752.83
4332,26_20240830 12,3892.72
4333,26_20240830 13,4738.4
4334,26_20240830 14,4713.71
4335,26_20240830 15,4443.85
4336,26_20240830 16,3865.87
4337,26_20240830 17,3912.96
4338,26_20240830 18,2336.49
4339,26_20240830 19,1738.34
4340,26_20240830 20,1623.37
4341,26_20240830 21,1402.1
4342,26_20240830 22,1131.8
4343,26_20240830 23,843.59
4344,26_20240831 00,880.12
4345,26_20240831 01,876.4
4346,26_20240831 02,895.94
4347,26_20240831 03,899.89
4348,26_20240831 04,868.12
4349,26_20240831 05,795.71
4350,26_20240831 06,972.69
4351,26_20240831 07,1275.75
4352,26_20240831 08,2119.5
4353,26_20240831 09,3173.94
4354,26_20240831 10,4042.11
4355,26_20240831 11,4397.41
4356,26_20240831 12,4767.46
4357,26_20240831 13,4770.86
4358,26_20240831 14,4601.78
4359,26_20240831 15,4278.03
4360,26_20240831 16,4541.15
4361,26_20240831 17,4326.32
4362,26_20240831 18,2507.98
4363,26_20240831 19,1773.98
4364,26_20240831 20,1786.5
4365,26_20240831 21,1496.32
4366,26_20240831 22,1144.29
4367,26_20240831 23,861.75
4368,27_20240825 00,550.9
4369,27_20240825 01,450.06
4370,27_20240825 02,444.6
4371,27_20240825 03,438.23
4372,27_20240825 04,437.27
4373,27_20240825 05,451.77
4374,27_20240825 06,537.33
4375,27_20240825 07,626.96
4376,27_20240825 08,961.31
4377,27_20240825 09,1089.24
4378,27_20240825 10,1405.46
4379,27_20240825 11,1364.65
4380,27_20240825 12,1125.66
4381,27_20240825 13,1115.28
4382,27_20240825 14,943.62
4383,27_20240825 15,1124.77
4384,27_20240825 16,740.21
4385,27_20240825 17,960.96
4386,27_20240825 18,1106.65
4387,27_20240825 19,1257.06
4388,27_20240825 20,1360.65
4389,27_20240825 21,983.26
4390,27_20240825 22,785.54
4391,27_20240825 23,730.58
4392,27_20240826 00,551.82
4393,27_20240826 01,451.67
4394,27_20240826 02,450.15
4395,27_20240826 03,452.19
4396,27_20240826 04,453.11
4397,27_20240826 05,459.29
4398,27_20240826 06,605.74
4399,27_20240826 07,821.41
4400,27_20240826 08,1506.57
4401,27_20240826 09,1879.95
4402,27_20240826 10,2234.96
4403,27_20240826 11,2233.73
4404,27_20240826 12,2221.43
4405,27_20240826 13,2234.0
4406,27_20240826 14,2227.02
4407,27_20240826 15,2234.18
4408,27_20240826 16,2212.92
4409,27_20240826 17,2273.05
4410,27_20240826 18,2253.87
4411,27_20240826 19,2084.24
4412,27_20240826 20,2102.54
4413,27_20240826 21,1924.07
4414,27_20240826 22,1067.84
4415,27_20240826 23,849.57
4416,27_20240827 00,555.59
4417,27_20240827 01,449.48
4418,27_20240827 02,447.8
4419,27_20240827 03,448.81
4420,27_20240827 04,449.36
4421,27_20240827 05,450.27
4422,27_20240827 06,603.4
4423,27_20240827 07,773.36
4424,27_20240827 08,1071.19
4425,27_20240827 09,1768.68
4426,27_20240827 10,2044.93
4427,27_20240827 11,2056.43
4428,27_20240827 12,2061.96
4429,27_20240827 13,2022.69
4430,27_20240827 14,2109.66
4431,27_20240827 15,2104.78
4432,27_20240827 16,2116.14
4433,27_20240827 17,2054.33
4434,27_20240827 18,2069.91
4435,27_20240827 19,2006.19
4436,27_20240827 20,1840.45
4437,27_20240827 21,1510.61
4438,27_20240827 22,920.39
4439,27_20240827 23,792.94
4440,27_20240828 00,543.18
4441,27_20240828 01,442.68
4442,27_20240828 02,439.91
4443,27_20240828 03,443.26
4444,27_20240828 04,439.91
4445,27_20240828 05,437.55
4446,27_20240828 06,572.24
4447,27_20240828 07,688.15
4448,27_20240828 08,1045.26
4449,27_20240828 09,1784.87
4450,27_20240828 10,2088.47
4451,27_20240828 11,2125.76
4452,27_20240828 12,2139.83
4453,27_20240828 13,2190.3
4454,27_20240828 14,2165.91
4455,27_20240828 15,2144.83
4456,27_20240828 16,2084.53
4457,27_20240828 17,2087.12
4458,27_20240828 18,2110.45
4459,27_20240828 19,1985.97
4460,27_20240828 20,1891.69
4461,27_20240828 21,1734.13
4462,27_20240828 22,987.99
4463,27_20240828 23,818.71
4464,27_20240829 00,542.81
4465,27_20240829 01,437.18
4466,27_20240829 02,435.19
4467,27_20240829 03,438.41
4468,27_20240829 04,446.71
4469,27_20240829 05,448.29
4470,27_20240829 06,593.88
4471,27_20240829 07,688.98
4472,27_20240829 08,1049.51
4473,27_20240829 09,1759.78
4474,27_20240829 10,2057.97
4475,27_20240829 11,2150.46
4476,27_20240829 12,2172.33
4477,27_20240829 13,2201.78
4478,27_20240829 14,2193.32
4479,27_20240829 15,2182.53
4480,27_20240829 16,2161.17
4481,27_20240829 17,2126.19
4482,27_20240829 18,2202.68
4483,27_20240829 19,1976.94
4484,27_20240829 20,1996.18
4485,27_20240829 21,1683.97
4486,27_20240829 22,988.13
4487,27_20240829 23,797.78
4488,27_20240830 00,539.96
4489,27_20240830 01,439.23
4490,27_20240830 02,436.66
4491,27_20240830 03,442.16
4492,27_20240830 04,451.83
4493,27_20240830 05,452.1
4494,27_20240830 06,587.96
4495,27_20240830 07,683.83
4496,27_20240830 08,1088.38
4497,27_20240830 09,1818.63
4498,27_20240830 10,2147.17
4499,27_20240830 11,2183.17
4500,27_20240830 12,2221.14
4501,27_20240830 13,2215.75
4502,27_20240830 14,2196.79
4503,27_20240830 15,2182.93
4504,27_20240830 16,2134.05
4505,27_20240830 17,2073.83
4506,27_20240830 18,2081.86
4507,27_20240830 19,2153.95
4508,27_20240830 20,2063.68
4509,27_20240830 21,1701.24
4510,27_20240830 22,990.77
4511,27_20240830 23,802.29
4512,27_20240831 00,540.63
4513,27_20240831 01,439.23
4514,27_20240831 02,438.62
4515,27_20240831 03,440.01
4516,27_20240831 04,436.53
4517,27_20240831 05,435.12
4518,27_20240831 06,560.77
4519,27_20240831 07,651.98
4520,27_20240831 08,1031.33
4521,27_20240831 09,1727.11
4522,27_20240831 10,2049.04
4523,27_20240831 11,2125.96
4524,27_20240831 12,2180.77
4525,27_20240831 13,2232.56
4526,27_20240831 14,2130.25
4527,27_20240831 15,2185.54
4528,27_20240831 16,2145.55
4529,27_20240831 17,2109.82
4530,27_20240831 18,2056.79
4531,27_20240831 19,1992.5
4532,27_20240831 20,1884.91
4533,27_20240831 21,1764.8
4534,27_20240831 22,1057.85
4535,27_20240831 23,820.06
4536,28_20240825 00,787.92
4537,28_20240825 01,718.75
4538,28_20240825 02,672.36
4539,28_20240825 03,660.4
4540,28_20240825 04,658.0
4541,28_20240825 05,732.45
4542,28_20240825 06,839.21
4543,28_20240825 07,915.97
4544,28_20240825 08,914.86
4545,28_20240825 09,972.6
4546,28_20240825 10,1005.89
4547,28_20240825 11,978.44
4548,28_20240825 12,1076.71
4549,28_20240825 13,1054.36
4550,28_20240825 14,1039.72
4551,28_20240825 15,1057.69
4552,28_20240825 16,1061.69
4553,28_20240825 17,1002.25
4554,28_20240825 18,1014.1
4555,28_20240825 19,999.91
4556,28_20240825 20,1001.82
4557,28_20240825 21,923.96
4558,28_20240825 22,855.2
4559,28_20240825 23,739.54
4560,28_20240826 00,618.85
4561,28_20240826 01,554.35
4562,28_20240826 02,524.0
4563,28_20240826 03,517.71
4564,28_20240826 04,512.13
4565,28_20240826 05,559.01
4566,28_20240826 06,695.39
4567,28_20240826 07,779.93
4568,28_20240826 08,864.61
4569,28_20240826 09,925.8
4570,28_20240826 10,991.38
4571,28_20240826 11,960.8
4572,28_20240826 12,1012.43
4573,28_20240826 13,1013.91
4574,28_20240826 14,1008.12
4575,28_20240826 15,1036.9
4576,28_20240826 16,1095.71
4577,28_20240826 17,1084.44
4578,28_20240826 18,1042.86
4579,28_20240826 19,1012.41
4580,28_20240826 20,931.83
4581,28_20240826 21,833.33
4582,28_20240826 22,754.51
4583,28_20240826 23,675.67
4584,28_20240827 00,593.37
4585,28_20240827 01,537.14
4586,28_20240827 02,494.89
4587,28_20240827 03,487.94
4588,28_20240827 04,488.68
4589,28_20240827 05,533.16
4590,28_20240827 06,670.05
4591,28_20240827 07,706.19
4592,28_20240827 08,757.54
4593,28_20240827 09,822.7
4594,28_20240827 10,850.39
4595,28_20240827 11,863.99
4596,28_20240827 12,860.19
4597,28_20240827 13,863.65
4598,28_20240827 14,865.47
4599,28_20240827 15,871.48
4600,28_20240827 16,906.07
4601,28_20240827 17,923.29
4602,28_20240827 18,908.7
4603,28_20240827 19,929.66
4604,28_20240827 20,862.13
4605,28_20240827 21,800.5
4606,28_20240827 22,721.56
4607,28_20240827 23,617.36
4608,28_20240828 00,542.95
4609,28_20240828 01,482.83
4610,28_20240828 02,455.47
4611,28_20240828 03,436.48
4612,28_20240828 04,455.11
4613,28_20240828 05,485.25
4614,28_20240828 06,605.49
4615,28_20240828 07,670.85
4616,28_20240828 08,726.1
4617,28_20240828 09,883.89
4618,28_20240828 10,874.56
4619,28_20240828 11,858.56
4620,28_20240828 12,860.83
4621,28_20240828 13,845.94
4622,28_20240828 14,896.45
4623,28_20240828 15,964.32
4624,28_20240828 16,1010.34
4625,28_20240828 17,1004.48
4626,28_20240828 18,966.39
4627,28_20240828 19,915.4
4628,28_20240828 20,939.39
4629,28_20240828 21,836.16
4630,28_20240828 22,775.05
4631,28_20240828 23,704.4
4632,28_20240829 00,587.57
4633,28_20240829 01,504.52
4634,28_20240829 02,469.67
4635,28_20240829 03,458.02
4636,28_20240829 04,463.37
4637,28_20240829 05,480.6
4638,28_20240829 06,591.59
4639,28_20240829 07,651.32
4640,28_20240829 08,677.85
4641,28_20240829 09,808.42
4642,28_20240829 10,874.58
4643,28_20240829 11,957.54
4644,28_20240829 12,903.35
4645,28_20240829 13,877.54
4646,28_20240829 14,937.44
4647,28_20240829 15,911.02
4648,28_20240829 16,897.04
4649,28_20240829 17,930.98
4650,28_20240829 18,935.38
4651,28_20240829 19,1012.65
4652,28_20240829 20,1002.99
4653,28_20240829 21,923.21
4654,28_20240829 22,852.25
4655,28_20240829 23,776.44
4656,28_20240830 00,706.64
4657,28_20240830 01,641.05
4658,28_20240830 02,579.41
4659,28_20240830 03,547.43
4660,28_20240830 04,537.51
4661,28_20240830 05,541.4
4662,28_20240830 06,673.07
4663,28_20240830 07,745.82
4664,28_20240830 08,777.2
4665,28_20240830 09,826.83
4666,28_20240830 10,844.4
4667,28_20240830 11,890.06
4668,28_20240830 12,888.34
4669,28_20240830 13,879.7
4670,28_20240830 14,898.17
4671,28_20240830 15,898.92
4672,28_20240830 16,953.53
4673,28_20240830 17,991.21
4674,28_20240830 18,976.11
4675,28_20240830 19,927.83
4676,28_20240830 20,898.44
4677,28_20240830 21,838.24
4678,28_20240830 22,759.44
4679,28_20240830 23,703.02
4680,28_20240831 00,608.91
4681,28_20240831 01,537.84
4682,28_20240831 02,479.28
4683,28_20240831 03,474.03
4684,28_20240831 04,468.29
4685,28_20240831 05,509.7
4686,28_20240831 06,605.25
4687,28_20240831 07,694.03
4688,28_20240831 08,752.21
4689,28_20240831 09,807.46
4690,28_20240831 10,899.38
4691,28_20240831 11,925.27
4692,28_20240831 12,897.18
4693,28_20240831 13,914.99
4694,28_20240831 14,893.6
4695,28_20240831 15,869.13
4696,28_20240831 16,821.87
4697,28_20240831 17,835.99
4698,28_20240831 18,825.13
4699,28_20240831 19,832.64
4700,28_20240831 20,800.26
4701,28_20240831 21,847.54
4702,28_20240831 22,757.08
4703,28_20240831 23,654.75
4704,29_20240825 00,534.6
4705,29_20240825 01,516.09
4706,29_20240825 02,510.88
4707,29_20240825 03,508.2
4708,29_20240825 04,509.99
4709,29_20240825 05,510.08
4710,29_20240825 06,574.68
4711,29_20240825 07,650.23
4712,29_20240825 08,782.51
4713,29_20240825 09,1091.47
4714,29_20240825 10,1434.86
4715,29_20240825 11,1334.98
4716,29_20240825 12,1501.29
4717,29_20240825 13,1314.68
4718,29_20240825 14,1391.54
4719,29_20240825 15,1479.42
4720,29_20240825 16,1489.53
4721,29_20240825 17,1400.92
4722,29_20240825 18,1389.22
4723,29_20240825 19,1255.55
4724,29_20240825 20,1280.04
4725,29_20240825 21,1275.53
4726,29_20240825 22,979.17
4727,29_20240825 23,658.06
4728,29_20240826 00,534.2
4729,29_20240826 01,517.13
4730,29_20240826 02,512.31
4731,29_20240826 03,512.22
4732,29_20240826 04,514.78
4733,29_20240826 05,514.41
4734,29_20240826 06,572.56
4735,29_20240826 07,650.44
4736,29_20240826 08,792.06
4737,29_20240826 09,1127.93
4738,29_20240826 10,1460.91
4739,29_20240826 11,1533.79
4740,29_20240826 12,1554.74
4741,29_20240826 13,1461.42
4742,29_20240826 14,1478.31
4743,29_20240826 15,1519.74
4744,29_20240826 16,1543.44
4745,29_20240826 17,1493.66
4746,29_20240826 18,1436.7
4747,29_20240826 19,1308.04
4748,29_20240826 20,1293.3
4749,29_20240826 21,1287.97
4750,29_20240826 22,985.05
4751,29_20240826 23,682.0
4752,29_20240827 00,537.0
4753,29_20240827 01,521.56
4754,29_20240827 02,518.48
4755,29_20240827 03,517.79
4756,29_20240827 04,519.65
4757,29_20240827 05,522.19
4758,29_20240827 06,594.15
4759,29_20240827 07,660.82
4760,29_20240827 08,796.99
4761,29_20240827 09,1027.75
4762,29_20240827 10,1414.39
4763,29_20240827 11,1431.6
4764,29_20240827 12,1448.31
4765,29_20240827 13,1458.49
4766,29_20240827 14,1470.04
4767,29_20240827 15,1398.93
4768,29_20240827 16,1450.73
4769,29_20240827 17,1356.21
4770,29_20240827 18,1346.05
4771,29_20240827 19,1246.96
4772,29_20240827 20,1327.11
4773,29_20240827 21,1260.44
4774,29_20240827 22,977.26
4775,29_20240827 23,668.7
4776,29_20240828 00,525.95
4777,29_20240828 01,490.58
4778,29_20240828 02,485.92
4779,29_20240828 03,483.82
4780,29_20240828 04,477.55
4781,29_20240828 05,504.37
4782,29_20240828 06,584.01
4783,29_20240828 07,650.65
4784,29_20240828 08,783.33
4785,29_20240828 09,1027.48
4786,29_20240828 10,1183.76
4787,29_20240828 11,1155.57
4788,29_20240828 12,1147.7
4789,29_20240828 13,1122.06
4790,29_20240828 14,1062.54
4791,29_20240828 15,1089.01
4792,29_20240828 16,1285.66
4793,29_20240828 17,1215.36
4794,29_20240828 18,1186.79
4795,29_20240828 19,1318.03
4796,29_20240828 20,1248.97
4797,29_20240828 21,1194.41
4798,29_20240828 22,890.17
4799,29_20240828 23,667.08
4800,29_20240829 00,541.81
4801,29_20240829 01,517.12
4802,29_20240829 02,518.87
4803,29_20240829 03,521.48
4804,29_20240829 04,519.6
4805,29_20240829 05,516.52
4806,29_20240829 06,603.5
4807,29_20240829 07,667.57
4808,29_20240829 08,800.64
4809,29_20240829 09,1058.21
4810,29_20240829 10,1374.42
4811,29_20240829 11,1258.68
4812,29_20240829 12,1331.18
4813,29_20240829 13,1194.14
4814,29_20240829 14,1235.82
4815,29_20240829 15,1402.65
4816,29_20240829 16,1324.07
4817,29_20240829 17,1393.09
4818,29_20240829 18,1413.35
4819,29_20240829 19,1379.36
4820,29_20240829 20,1372.69
4821,29_20240829 21,1312.2
4822,29_20240829 22,986.51
4823,29_20240829 23,692.82
4824,29_20240830 00,547.44
4825,29_20240830 01,514.87
4826,29_20240830 02,516.47
4827,29_20240830 03,496.83
4828,29_20240830 04,515.22
4829,29_20240830 05,481.12
4830,29_20240830 06,592.12
4831,29_20240830 07,664.63
4832,29_20240830 08,808.23
4833,29_20240830 09,1072.64
4834,29_20240830 10,1464.47
4835,29_20240830 11,1319.68
4836,29_20240830 12,1368.21
4837,29_20240830 13,1288.92
4838,29_20240830 14,1317.55
4839,29_20240830 15,1336.15
4840,29_20240830 16,1516.82
4841,29_20240830 17,1308.18
4842,29_20240830 18,1288.81
4843,29_20240830 19,1159.03
4844,29_20240830 20,1282.02
4845,29_20240830 21,1141.87
4846,29_20240830 22,975.7
4847,29_20240830 23,674.02
4848,29_20240831 00,523.24
4849,29_20240831 01,492.69
4850,29_20240831 02,477.89
4851,29_20240831 03,510.42
4852,29_20240831 04,503.34
4853,29_20240831 05,499.05
4854,29_20240831 06,569.73
4855,29_20240831 07,650.5
4856,29_20240831 08,769.09
4857,29_20240831 09,979.54
4858,29_20240831 10,1350.17
4859,29_20240831 11,1436.67
4860,29_20240831 12,1473.07
4861,29_20240831 13,1331.03
4862,29_20240831 14,1343.4
4863,29_20240831 15,1095.82
4864,29_20240831 16,1319.88
4865,29_20240831 17,1347.69
4866,29_20240831 18,1381.6
4867,29_20240831 19,1245.67
4868,29_20240831 20,1230.19
4869,29_20240831 21,1176.52
4870,29_20240831 22,867.03
4871,29_20240831 23,649.62
4872,30_20240825 00,9800.24
4873,30_20240825 01,9781.69
4874,30_20240825 02,9776.23
4875,30_20240825 03,9767.9
4876,30_20240825 04,9741.73
4877,30_20240825 05,9738.14
4878,30_20240825 06,9731.46
4879,30_20240825 07,9753.57
4880,30_20240825 08,9818.6
4881,30_20240825 09,9914.71
4882,30_20240825 10,9990.47
4883,30_20240825 11,9952.18
4884,30_20240825 12,9989.24
4885,30_20240825 13,9953.81
4886,30_20240825 14,10009.57
4887,30_20240825 15,9998.38
4888,30_20240825 16,9968.55
4889,30_20240825 17,9962.97
4890,30_20240825 18,9998.05
4891,30_20240825 19,9910.92
4892,30_20240825 20,9547.59
4893,30_20240825 21,9774.98
4894,30_20240825 22,9712.99
4895,30_20240825 23,9637.88
4896,30_20240826 00,9783.05
4897,30_20240826 01,9843.74
4898,30_20240826 02,9791.75
4899,30_20240826 03,9793.22
4900,30_20240826 04,9785.85
4901,30_20240826 05,9764.93
4902,30_20240826 06,9752.55
4903,30_20240826 07,9828.7
4904,30_20240826 08,9848.91
4905,30_20240826 09,9872.87
4906,30_20240826 10,9944.82
4907,30_20240826 11,9971.35
4908,30_20240826 12,10016.61
4909,30_20240826 13,9957.8
4910,30_20240826 14,9952.82
4911,30_20240826 15,10007.21
4912,30_20240826 16,10026.03
4913,30_20240826 17,9992.63
4914,30_20240826 18,9925.83
4915,30_20240826 19,9854.61
4916,30_20240826 20,9877.43
4917,30_20240826 21,9653.44
4918,30_20240826 22,9759.82
4919,30_20240826 23,9755.96
4920,30_20240827 00,9776.91
4921,30_20240827 01,9782.9
4922,30_20240827 02,9824.84
4923,30_20240827 03,9831.11
4924,30_20240827 04,9824.75
4925,30_20240827 05,9780.56
4926,30_20240827 06,9754.63
4927,30_20240827 07,9762.65
4928,30_20240827 08,9766.04
4929,30_20240827 09,9728.21
4930,30_20240827 10,9759.24
4931,30_20240827 11,9732.12
4932,30_20240827 12,9743.03
4933,30_20240827 13,9737.87
4934,30_20240827 14,9778.13
4935,30_20240827 15,9808.82
4936,30_20240827 16,9848.48
4937,30_20240827 17,9840.89
4938,30_20240827 18,9835.36
4939,30_20240827 19,9836.57
4940,30_20240827 20,9686.08
4941,30_20240827 21,9744.86
4942,30_20240827 22,9751.45
4943,30_20240827 23,9740.48
4944,30_20240828 00,9723.12
4945,30_20240828 01,9720.78
4946,30_20240828 02,9704.8
4947,30_20240828 03,9694.58
4948,30_20240828 04,9681.1
4949,30_20240828 05,9668.59
4950,30_20240828 06,9675.33
4951,30_20240828 07,9670.86
4952,30_20240828 08,9724.66
4953,30_20240828 09,9779.51
4954,30_20240828 10,9765.67
4955,30_20240828 11,9769.96
4956,30_20240828 12,9795.06
4957,30_20240828 13,9900.24
4958,30_20240828 14,9883.3
4959,30_20240828 15,9938.07
4960,30_20240828 16,10037.07
4961,30_20240828 17,9994.02
4962,30_20240828 18,9943.5
4963,30_20240828 19,9840.73
4964,30_20240828 20,9891.77
4965,30_20240828 21,9849.43
4966,30_20240828 22,9832.25
4967,30_20240828 23,9778.67
4968,30_20240829 00,9741.76
4969,30_20240829 01,9746.14
4970,30_20240829 02,9742.59
4971,30_20240829 03,9740.15
4972,30_20240829 04,9684.46
4973,30_20240829 05,9672.57
4974,30_20240829 06,9678.19
4975,30_20240829 07,9708.5
4976,30_20240829 08,9736.91
4977,30_20240829 09,9764.48
4978,30_20240829 10,9799.22
4979,30_20240829 11,9803.89
4980,30_20240829 12,9897.55
4981,30_20240829 13,9896.83
4982,30_20240829 14,9980.1
4983,30_20240829 15,9996.45
4984,30_20240829 16,10028.03
4985,30_20240829 17,10032.11
4986,30_20240829 18,9945.75
4987,30_20240829 19,9852.11
4988,30_20240829 20,9863.3
4989,30_20240829 21,9838.6
4990,30_20240829 22,9837.04
4991,30_20240829 23,9088.53
4992,30_20240830 00,9751.53
4993,30_20240830 01,9745.56
4994,30_20240830 02,9725.77
4995,30_20240830 03,9697.73
4996,30_20240830 04,9694.35
4997,30_20240830 05,9676.0
4998,30_20240830 06,9691.09
4999,30_20240830 07,9737.23
5000,30_20240830 08,9816.73
5001,30_20240830 09,9847.94
5002,30_20240830 10,9856.31
5003,30_20240830 11,9828.88
5004,30_20240830 12,9971.29
5005,30_20240830 13,9919.42
5006,30_20240830 14,9956.77
5007,30_20240830 15,10002.93
5008,30_20240830 16,10065.1
5009,30_20240830 17,9905.77
5010,30_20240830 18,9851.77
5011,30_20240830 19,9787.68
5012,30_20240830 20,9656.1
5013,30_20240830 21,9726.93
5014,30_20240830 22,9732.91
5015,30_20240830 23,9740.62
5016,30_20240831 00,9711.35
5017,30_20240831 01,9706.38
5018,30_20240831 02,9699.34
5019,30_20240831 03,9685.19
5020,30_20240831 04,9667.35
5021,30_20240831 05,9665.47
5022,30_20240831 06,9578.45
5023,30_20240831 07,9664.2
5024,30_20240831 08,9693.42
5025,30_20240831 09,9723.03
5026,30_20240831 10,9799.07
5027,30_20240831 11,9783.81
5028,30_20240831 12,9789.74
5029,30_20240831 13,9809.22
5030,30_20240831 14,9920.42
5031,30_20240831 15,9969.8
5032,30_20240831 16,9874.13
5033,30_20240831 17,9890.92
5034,30_20240831 18,9848.39
5035,30_20240831 19,9729.29
5036,30_20240831 20,9411.75
5037,30_20240831 21,9409.39
5038,30_20240831 22,9562.08
5039,30_20240831 23,9582.37
5040,31_20240825 00,848.32
5041,31_20240825 01,679.63
5042,31_20240825 02,602.36
5043,31_20240825 03,557.33
5044,31_20240825 04,524.72
5045,31_20240825 05,519.6
5046,31_20240825 06,535.64
5047,31_20240825 07,594.38
5048,31_20240825 08,790.51
5049,31_20240825 09,942.95
5050,31_20240825 10,1065.67
5051,31_20240825 11,1151.34
5052,31_20240825 12,1159.47
5053,31_20240825 13,1118.14
5054,31_20240825 14,1145.13
5055,31_20240825 15,1057.74
5056,31_20240825 16,1052.36
5057,31_20240825 17,1093.37
5058,31_20240825 18,1161.87
5059,31_20240825 19,1207.44
5060,31_20240825 20,1080.64
5061,31_20240825 21,1134.26
5062,31_20240825 22,1094.49
5063,31_20240825 23,1020.88
5064,31_20240826 00,879.32
5065,31_20240826 01,721.23
5066,31_20240826 02,637.87
5067,31_20240826 03,590.91
5068,31_20240826 04,582.42
5069,31_20240826 05,552.04
5070,31_20240826 06,603.2
5071,31_20240826 07,704.22
5072,31_20240826 08,858.2
5073,31_20240826 09,869.88
5074,31_20240826 10,891.12
5075,31_20240826 11,944.28
5076,31_20240826 12,1039.63
5077,31_20240826 13,986.37
5078,31_20240826 14,988.46
5079,31_20240826 15,978.42
5080,31_20240826 16,1047.52
5081,31_20240826 17,1029.37
5082,31_20240826 18,1092.33
5083,31_20240826 19,1074.29
5084,31_20240826 20,1115.43
5085,31_20240826 21,1052.52
5086,31_20240826 22,1062.69
5087,31_20240826 23,937.97
5088,31_20240827 00,813.44
5089,31_20240827 01,667.44
5090,31_20240827 02,664.09
5091,31_20240827 03,626.94
5092,31_20240827 04,606.15
5093,31_20240827 05,574.14
5094,31_20240827 06,603.98
5095,31_20240827 07,646.34
5096,31_20240827 08,755.01
5097,31_20240827 09,695.15
5098,31_20240827 10,735.16
5099,31_20240827 11,676.49
5100,31_20240827 12,701.67
5101,31_20240827 13,696.82
5102,31_20240827 14,726.04
5103,31_20240827 15,770.59
5104,31_20240827 16,802.07
5105,31_20240827 17,850.05
5106,31_20240827 18,915.44
5107,31_20240827 19,1073.22
5108,31_20240827 20,946.67
5109,31_20240827 21,963.04
5110,31_20240827 22,983.23
5111,31_20240827 23,837.6
5112,31_20240828 00,718.3
5113,31_20240828 01,585.97
5114,31_20240828 02,506.38
5115,31_20240828 03,488.71
5116,31_20240828 04,497.72
5117,31_20240828 05,484.33
5118,31_20240828 06,509.54
5119,31_20240828 07,580.97
5120,31_20240828 08,672.56
5121,31_20240828 09,720.62
5122,31_20240828 10,689.06
5123,31_20240828 11,703.14
5124,31_20240828 12,762.74
5125,31_20240828 13,859.03
5126,31_20240828 14,840.0
5127,31_20240828 15,875.21
5128,31_20240828 16,1037.07
5129,31_20240828 17,1083.69
5130,31_20240828 18,1113.35
5131,31_20240828 19,1206.95
5132,31_20240828 20,1163.2
5133,31_20240828 21,1056.4
5134,31_20240828 22,974.8
5135,31_20240828 23,902.62
5136,31_20240829 00,778.29
5137,31_20240829 01,637.52
5138,31_20240829 02,567.0
5139,31_20240829 03,525.16
5140,31_20240829 04,510.2
5141,31_20240829 05,505.31
5142,31_20240829 06,534.14
5143,31_20240829 07,614.27
5144,31_20240829 08,731.04
5145,31_20240829 09,719.05
5146,31_20240829 10,774.46
5147,31_20240829 11,826.42
5148,31_20240829 12,908.12
5149,31_20240829 13,943.89
5150,31_20240829 14,919.03
5151,31_20240829 15,894.0
5152,31_20240829 16,1064.2
5153,31_20240829 17,1140.96
5154,31_20240829 18,1114.55
5155,31_20240829 19,1186.26
5156,31_20240829 20,1068.24
5157,31_20240829 21,1028.01
5158,31_20240829 22,1051.22
5159,31_20240829 23,873.67
5160,31_20240830 00,806.55
5161,31_20240830 01,670.29
5162,31_20240830 02,616.91
5163,31_20240830 03,524.46
5164,31_20240830 04,527.93
5165,31_20240830 05,525.35
5166,31_20240830 06,561.63
5167,31_20240830 07,647.23
5168,31_20240830 08,781.8
5169,31_20240830 09,877.11
5170,31_20240830 10,996.35
5171,31_20240830 11,957.21
5172,31_20240830 12,1073.1
5173,31_20240830 13,985.47
5174,31_20240830 14,874.19
5175,31_20240830 15,971.02
5176,31_20240830 16,1097.65
5177,31_20240830 17,1036.87
5178,31_20240830 18,932.67
5179,31_20240830 19,1008.41
5180,31_20240830 20,928.82
5181,31_20240830 21,876.15
5182,31_20240830 22,916.11
5183,31_20240830 23,825.96
5184,31_20240831 00,700.55
5185,31_20240831 01,595.42
5186,31_20240831 02,525.54
5187,31_20240831 03,500.11
5188,31_20240831 04,474.39
5189,31_20240831 05,468.87
5190,31_20240831 06,496.39
5191,31_20240831 07,548.47
5192,31_20240831 08,654.45
5193,31_20240831 09,706.72
5194,31_20240831 10,772.27
5195,31_20240831 11,813.23
5196,31_20240831 12,846.35
5197,31_20240831 13,936.77
5198,31_20240831 14,1042.56
5199,31_20240831 15,1119.64
5200,31_20240831 16,954.87
5201,31_20240831 17,1018.9
5202,31_20240831 18,926.47
5203,31_20240831 19,1046.63
5204,31_20240831 20,961.76
5205,31_20240831 21,936.12
5206,31_20240831 22,913.78
5207,31_20240831 23,814.48
5208,32_20240825 00,671.71
5209,32_20240825 01,533.0
5210,32_20240825 02,524.21
5211,32_20240825 03,514.05
5212,32_20240825 04,516.46
5213,32_20240825 05,537.45
5214,32_20240825 06,589.4
5215,32_20240825 07,755.71
5216,32_20240825 08,945.7
5217,32_20240825 09,1990.42
5218,32_20240825 10,2467.53
5219,32_20240825 11,2639.93
5220,32_20240825 12,2743.38
5221,32_20240825 13,2873.15
5222,32_20240825 14,2838.86
5223,32_20240825 15,2762.49
5224,32_20240825 16,2763.3
5225,32_20240825 17,2551.62
5226,32_20240825 18,2416.8
5227,32_20240825 19,2155.84
5228,32_20240825 20,2124.82
5229,32_20240825 21,1902.49
5230,32_20240825 22,1124.2
5231,32_20240825 23,894.63
5232,32_20240826 00,612.36
5233,32_20240826 01,494.14
5234,32_20240826 02,492.97
5235,32_20240826 03,471.24
5236,32_20240826 04,487.26
5237,32_20240826 05,478.19
5238,32_20240826 06,547.7
5239,32_20240826 07,580.58
5240,32_20240826 08,728.41
5241,32_20240826 09,1109.08
5242,32_20240826 10,630.5
5243,32_20240826 11,695.25
5244,32_20240826 12,1050.38
5245,32_20240826 13,1431.07
5246,32_20240826 14,1470.89
5247,32_20240826 15,1711.26
5248,32_20240826 16,1527.49
5249,32_20240826 17,1285.84
5250,32_20240826 18,981.55
5251,32_20240826 19,1058.88
5252,32_20240826 20,794.41
5253,32_20240826 21,1043.65
5254,32_20240826 22,960.83
5255,32_20240826 23,791.33
5256,32_20240827 00,602.79
5257,32_20240827 01,496.52
5258,32_20240827 02,490.78
5259,32_20240827 03,485.39
5260,32_20240827 04,492.53
5261,32_20240827 05,527.44
5262,32_20240827 06,582.15
5263,32_20240827 07,749.12
5264,32_20240827 08,951.9
5265,32_20240827 09,1859.39
5266,32_20240827 10,2384.34
5267,32_20240827 11,2460.04
5268,32_20240827 12,2529.26
5269,32_20240827 13,2558.17
5270,32_20240827 14,2468.16
5271,32_20240827 15,2491.11
5272,32_20240827 16,2404.13
5273,32_20240827 17,2378.18
5274,32_20240827 18,2360.88
5275,32_20240827 19,2125.33
5276,32_20240827 20,2053.76
5277,32_20240827 21,1805.94
5278,32_20240827 22,1182.91
5279,32_20240827 23,849.87
5280,32_20240828 00,601.12
5281,32_20240828 01,487.97
5282,32_20240828 02,489.4
5283,32_20240828 03,491.69
5284,32_20240828 04,500.6
5285,32_20240828 05,535.56
5286,32_20240828 06,592.62
5287,32_20240828 07,711.02
5288,32_20240828 08,912.33
5289,32_20240828 09,1653.55
5290,32_20240828 10,2225.85
5291,32_20240828 11,2301.26
5292,32_20240828 12,2307.13
5293,32_20240828 13,2390.17
5294,32_20240828 14,2234.4
5295,32_20240828 15,2388.62
5296,32_20240828 16,2368.02
5297,32_20240828 17,2334.78
5298,32_20240828 18,2244.89
5299,32_20240828 19,2114.58
5300,32_20240828 20,1998.97
5301,32_20240828 21,1800.96
5302,32_20240828 22,1183.49
5303,32_20240828 23,845.04
5304,32_20240829 00,611.35
5305,32_20240829 01,503.15
5306,32_20240829 02,511.1
5307,32_20240829 03,508.08
5308,32_20240829 04,515.26
5309,32_20240829 05,548.56
5310,32_20240829 06,605.55
5311,32_20240829 07,741.37
5312,32_20240829 08,952.61
5313,32_20240829 09,1811.93
5314,32_20240829 10,2314.93
5315,32_20240829 11,2404.91
5316,32_20240829 12,2543.92
5317,32_20240829 13,2501.27
5318,32_20240829 14,2491.5
5319,32_20240829 15,2536.6
5320,32_20240829 16,2496.25
5321,32_20240829 17,2439.21
5322,32_20240829 18,2235.45
5323,32_20240829 19,2117.25
5324,32_20240829 20,2120.74
5325,32_20240829 21,1924.55
5326,32_20240829 22,1241.29
5327,32_20240829 23,902.34
5328,32_20240830 00,638.93
5329,32_20240830 01,523.82
5330,32_20240830 02,524.02
5331,32_20240830 03,522.8
5332,32_20240830 04,535.69
5333,32_20240830 05,562.08
5334,32_20240830 06,601.34
5335,32_20240830 07,782.53
5336,32_20240830 08,1055.96
5337,32_20240830 09,1799.33
5338,32_20240830 10,2371.2
5339,32_20240830 11,2476.67
5340,32_20240830 12,2499.4
5341,32_20240830 13,2535.67
5342,32_20240830 14,2578.67
5343,32_20240830 15,2533.21
5344,32_20240830 16,2588.14
5345,32_20240830 17,2666.8
5346,32_20240830 18,2415.69
5347,32_20240830 19,2413.96
5348,32_20240830 20,2129.58
5349,32_20240830 21,2084.11
5350,32_20240830 22,1281.57
5351,32_20240830 23,872.78
5352,32_20240831 00,613.64
5353,32_20240831 01,503.3
5354,32_20240831 02,491.23
5355,32_20240831 03,520.34
5356,32_20240831 04,516.79
5357,32_20240831 05,552.7
5358,32_20240831 06,603.69
5359,32_20240831 07,755.38
5360,32_20240831 08,1013.36
5361,32_20240831 09,1774.84
5362,32_20240831 10,2099.41
5363,32_20240831 11,2234.58
5364,32_20240831 12,2340.7
5365,32_20240831 13,2380.13
5366,32_20240831 14,2589.92
5367,32_20240831 15,2446.97
5368,32_20240831 16,2590.85
5369,32_20240831 17,2581.96
5370,32_20240831 18,2453.75
5371,32_20240831 19,2279.63
5372,32_20240831 20,2058.79
5373,32_20240831 21,1810.41
5374,32_20240831 22,1217.02
5375,32_20240831 23,905.47
5376,33_20240825 00,1371.26
5377,33_20240825 01,1522.46
5378,33_20240825 02,1413.16
5379,33_20240825 03,1510.13
5380,33_20240825 04,1457.97
5381,33_20240825 05,739.25
5382,33_20240825 06,657.93
5383,33_20240825 07,1679.52
5384,33_20240825 08,2044.98
5385,33_20240825 09,2299.29
5386,33_20240825 10,2354.15
5387,33_20240825 11,2544.64
5388,33_20240825 12,2658.27
5389,33_20240825 13,2643.4
5390,33_20240825 14,2473.33
5391,33_20240825 15,2609.74
5392,33_20240825 16,2670.96
5393,33_20240825 17,2589.57
5394,33_20240825 18,2023.89
5395,33_20240825 19,1543.07
5396,33_20240825 20,1423.89
5397,33_20240825 21,924.43
5398,33_20240825 22,596.17
5399,33_20240825 23,1194.99
5400,33_20240826 00,1903.53
5401,33_20240826 01,1771.99
5402,33_20240826 02,1683.71
5403,33_20240826 03,1617.91
5404,33_20240826 04,1789.74
5405,33_20240826 05,831.09
5406,33_20240826 06,737.73
5407,33_20240826 07,2051.64
5408,33_20240826 08,2527.21
5409,33_20240826 09,2776.87
5410,33_20240826 10,2857.62
5411,33_20240826 11,3021.04
5412,33_20240826 12,2847.39
5413,33_20240826 13,2854.37
5414,33_20240826 14,2666.18
5415,33_20240826 15,2774.28
5416,33_20240826 16,2796.81
5417,33_20240826 17,2862.16
5418,33_20240826 18,2144.63
5419,33_20240826 19,1435.87
5420,33_20240826 20,1475.68
5421,33_20240826 21,934.47
5422,33_20240826 22,604.21
5423,33_20240826 23,1175.09
5424,33_20240827 00,1620.08
5425,33_20240827 01,1685.73
5426,33_20240827 02,1682.71
5427,33_20240827 03,1593.74
5428,33_20240827 04,1594.67
5429,33_20240827 05,717.85
5430,33_20240827 06,635.47
5431,33_20240827 07,1747.16
5432,33_20240827 08,1850.07
5433,33_20240827 09,2338.47
5434,33_20240827 10,2255.9
5435,33_20240827 11,2236.76
5436,33_20240827 12,2288.09
5437,33_20240827 13,2104.45
5438,33_20240827 14,2169.1
5439,33_20240827 15,2179.04
5440,33_20240827 16,2252.7
5441,33_20240827 17,2219.11
5442,33_20240827 18,1620.83
5443,33_20240827 19,1318.38
5444,33_20240827 20,1368.66
5445,33_20240827 21,885.04
5446,33_20240827 22,597.1
5447,33_20240827 23,1222.27
5448,33_20240828 00,2153.56
5449,33_20240828 01,2067.08
5450,33_20240828 02,1976.01
5451,33_20240828 03,1865.08
5452,33_20240828 04,1713.64
5453,33_20240828 05,708.56
5454,33_20240828 06,566.84
5455,33_20240828 07,1434.63
5456,33_20240828 08,2055.93
5457,33_20240828 09,2403.52
5458,33_20240828 10,2340.44
5459,33_20240828 11,2535.88
5460,33_20240828 12,2454.59
5461,33_20240828 13,2650.57
5462,33_20240828 14,2449.88
5463,33_20240828 15,2455.09
5464,33_20240828 16,2477.35
5465,33_20240828 17,2420.94
5466,33_20240828 18,2282.9
5467,33_20240828 19,2108.32
5468,33_20240828 20,2064.13
5469,33_20240828 21,1193.0
5470,33_20240828 22,685.95
5471,33_20240828 23,1311.75
5472,33_20240829 00,2111.94
5473,33_20240829 01,2116.2
5474,33_20240829 02,2034.13
5475,33_20240829 03,2011.18
5476,33_20240829 04,1809.2
5477,33_20240829 05,753.42
5478,33_20240829 06,564.45
5479,33_20240829 07,1583.88
5480,33_20240829 08,1892.97
5481,33_20240829 09,2147.67
5482,33_20240829 10,2344.05
5483,33_20240829 11,2534.35
5484,33_20240829 12,2590.29
5485,33_20240829 13,2702.98
5486,33_20240829 14,2649.4
5487,33_20240829 15,2660.59
5488,33_20240829 16,2648.39
5489,33_20240829 17,2431.5
5490,33_20240829 18,1984.17
5491,33_20240829 19,1363.86
5492,33_20240829 20,1312.23
5493,33_20240829 21,912.04
5494,33_20240829 22,597.93
5495,33_20240829 23,1211.61
5496,33_20240830 00,2212.01
5497,33_20240830 01,2067.44
5498,33_20240830 02,1855.69
5499,33_20240830 03,1790.1
5500,33_20240830 04,1714.36
5501,33_20240830 05,756.0
5502,33_20240830 06,542.97
5503,33_20240830 07,1633.84
5504,33_20240830 08,2127.08
5505,33_20240830 09,2429.35
5506,33_20240830 10,2661.44
5507,33_20240830 11,2623.43
5508,33_20240830 12,2628.65
5509,33_20240830 13,2689.98
5510,33_20240830 14,2412.28
5511,33_20240830 15,2419.97
5512,33_20240830 16,2369.33
5513,33_20240830 17,2303.62
5514,33_20240830 18,1788.65
5515,33_20240830 19,1334.06
5516,33_20240830 20,1330.66
5517,33_20240830 21,858.47
5518,33_20240830 22,570.16
5519,33_20240830 23,1143.87
5520,33_20240831 00,1656.93
5521,33_20240831 01,1639.75
5522,33_20240831 02,1484.4
5523,33_20240831 03,1212.66
5524,33_20240831 04,1134.62
5525,33_20240831 05,565.04
5526,33_20240831 06,414.07
5527,33_20240831 07,1064.64
5528,33_20240831 08,1620.78
5529,33_20240831 09,1954.15
5530,33_20240831 10,2143.92
5531,33_20240831 11,2306.33
5532,33_20240831 12,2514.56
5533,33_20240831 13,2524.45
5534,33_20240831 14,2309.36
5535,33_20240831 15,2213.56
5536,33_20240831 16,2264.67
5537,33_20240831 17,2203.9
5538,33_20240831 18,2022.47
5539,33_20240831 19,1862.11
5540,33_20240831 20,1927.72
5541,33_20240831 21,1237.8
5542,33_20240831 22,765.15
5543,33_20240831 23,1239.22
5544,34_20240825 00,5183.29
5545,34_20240825 01,4544.9
5546,34_20240825 02,4432.6
5547,34_20240825 03,4194.93
5548,34_20240825 04,4222.42
5549,34_20240825 05,4680.88
5550,34_20240825 06,5359.56
5551,34_20240825 07,5885.29
5552,34_20240825 08,7000.53
5553,34_20240825 09,10086.75
5554,34_20240825 10,14057.64
5555,34_20240825 11,15265.39
5556,34_20240825 12,15454.02
5557,34_20240825 13,15450.65
5558,34_20240825 14,15055.75
5559,34_20240825 15,15609.58
5560,34_20240825 16,15645.44
5561,34_20240825 17,15517.71
5562,34_20240825 18,15297.73
5563,34_20240825 19,15822.85
5564,34_20240825 20,14753.8
5565,34_20240825 21,10880.34
5566,34_20240825 22,8075.47
5567,34_20240825 23,6476.11
5568,34_20240826 00,5375.35
5569,34_20240826 01,4825.01
5570,34_20240826 02,4608.27
5571,34_20240826 03,4363.61
5572,34_20240826 04,4335.17
5573,34_20240826 05,4705.87
5574,34_20240826 06,5773.15
5575,34_20240826 07,6671.55
5576,34_20240826 08,8729.22
5577,34_20240826 09,11137.63
5578,34_20240826 10,15228.41
5579,34_20240826 11,16293.13
5580,34_20240826 12,16584.42
5581,34_20240826 13,16571.56
5582,34_20240826 14,16197.54
5583,34_20240826 15,16469.32
5584,34_20240826 16,16376.15
5585,34_20240826 17,16250.6
5586,34_20240826 18,16297.29
5587,34_20240826 19,14647.91
5588,34_20240826 20,14375.07
5589,34_20240826 21,11118.27
5590,34_20240826 22,8248.31
5591,34_20240826 23,6630.81
5592,34_20240827 00,5198.06
5593,34_20240827 01,4588.65
5594,34_20240827 02,4400.98
5595,34_20240827 03,4079.92
5596,34_20240827 04,4082.04
5597,34_20240827 05,4537.71
5598,34_20240827 06,5505.02
5599,34_20240827 07,6078.71
5600,34_20240827 08,6999.21
5601,34_20240827 09,9257.33
5602,34_20240827 10,12840.57
5603,34_20240827 11,13710.15
5604,34_20240827 12,14265.96
5605,34_20240827 13,13614.77
5606,34_20240827 14,14019.18
5607,34_20240827 15,14018.58
5608,34_20240827 16,14189.59
5609,34_20240827 17,14023.75
5610,34_20240827 18,14208.79
5611,34_20240827 19,14171.91
5612,34_20240827 20,12833.88
5613,34_20240827 21,9979.94
5614,34_20240827 22,7445.97
5615,34_20240827 23,5875.69
5616,34_20240828 00,4805.11
5617,34_20240828 01,4299.23
5618,34_20240828 02,4073.2
5619,34_20240828 03,3895.8
5620,34_20240828 04,3949.19
5621,34_20240828 05,4364.23
5622,34_20240828 06,5258.04
5623,34_20240828 07,5963.05
5624,34_20240828 08,7248.75
5625,34_20240828 09,9215.0
5626,34_20240828 10,13443.96
5627,34_20240828 11,14806.73
5628,34_20240828 12,14888.93
5629,34_20240828 13,15544.53
5630,34_20240828 14,15537.8
5631,34_20240828 15,15384.58
5632,34_20240828 16,15042.42
5633,34_20240828 17,15338.64
5634,34_20240828 18,14948.29
5635,34_20240828 19,14479.64
5636,34_20240828 20,13650.43
5637,34_20240828 21,10376.39
5638,34_20240828 22,7752.99
5639,34_20240828 23,6025.7
5640,34_20240829 00,4929.41
5641,34_20240829 01,4426.92
5642,34_20240829 02,4164.7
5643,34_20240829 03,3945.19
5644,34_20240829 04,3963.12
5645,34_20240829 05,4309.1
5646,34_20240829 06,5200.12
5647,34_20240829 07,5939.52
5648,34_20240829 08,7106.26
5649,34_20240829 09,9013.58
5650,34_20240829 10,13380.52
5651,34_20240829 11,14928.57
5652,34_20240829 12,15230.23
5653,34_20240829 13,16176.09
5654,34_20240829 14,15785.48
5655,34_20240829 15,15859.08
5656,34_20240829 16,15810.18
5657,34_20240829 17,15599.07
5658,34_20240829 18,15836.99
5659,34_20240829 19,14502.96
5660,34_20240829 20,13536.82
5661,34_20240829 21,10264.2
5662,34_20240829 22,7719.74
5663,34_20240829 23,5943.57
5664,34_20240830 00,5045.84
5665,34_20240830 01,4489.79
5666,34_20240830 02,4311.24
5667,34_20240830 03,4042.13
5668,34_20240830 04,4132.66
5669,34_20240830 05,4420.76
5670,34_20240830 06,5357.65
5671,34_20240830 07,6105.33
5672,34_20240830 08,7357.55
5673,34_20240830 09,9712.55
5674,34_20240830 10,14539.31
5675,34_20240830 11,15617.93
5676,34_20240830 12,15776.54
5677,34_20240830 13,16105.93
5678,34_20240830 14,15840.9
5679,34_20240830 15,15629.41
5680,34_20240830 16,15414.45
5681,34_20240830 17,15373.24
5682,34_20240830 18,14903.2
5683,34_20240830 19,15552.49
5684,34_20240830 20,14778.79
5685,34_20240830 21,11334.02
5686,34_20240830 22,8182.33
5687,34_20240830 23,6222.69
5688,34_20240831 00,5053.92
5689,34_20240831 01,4426.27
5690,34_20240831 02,4215.28
5691,34_20240831 03,3999.71
5692,34_20240831 04,4065.02
5693,34_20240831 05,4445.02
5694,34_20240831 06,5174.49
5695,34_20240831 07,5645.02
5696,34_20240831 08,6512.93
5697,34_20240831 09,8710.04
5698,34_20240831 10,12716.37
5699,34_20240831 11,14075.22
5700,34_20240831 12,14995.09
5701,34_20240831 13,15447.33
5702,34_20240831 14,14979.69
5703,34_20240831 15,15201.49
5704,34_20240831 16,14663.25
5705,34_20240831 17,14662.5
5706,34_20240831 18,14468.35
5707,34_20240831 19,14432.57
5708,34_20240831 20,14250.06
5709,34_20240831 21,11438.11
5710,34_20240831 22,8618.45
5711,34_20240831 23,6195.91
5712,35_20240825 00,9495.37
5713,35_20240825 01,9454.03
5714,35_20240825 02,9440.22
5715,35_20240825 03,9407.17
5716,35_20240825 04,9396.74
5717,35_20240825 05,9375.68
5718,35_20240825 06,9388.08
5719,35_20240825 07,9377.24
5720,35_20240825 08,9443.46
5721,35_20240825 09,9485.55
5722,35_20240825 10,9499.52
5723,35_20240825 11,9512.23
5724,35_20240825 12,9560.56
5725,35_20240825 13,9566.47
5726,35_20240825 14,9564.59
5727,35_20240825 15,9596.89
5728,35_20240825 16,9608.73
5729,35_20240825 17,9605.16
5730,35_20240825 18,9603.2
5731,35_20240825 19,9560.56
5732,35_20240825 20,9567.9
5733,35_20240825 21,9545.79
5734,35_20240825 22,9551.38
5735,35_20240825 23,9591.73
5736,35_20240826 00,9568.61
5737,35_20240826 01,9499.21
5738,35_20240826 02,9476.52
5739,35_20240826 03,9448.73
5740,35_20240826 04,9428.28
5741,35_20240826 05,9417.84
5742,35_20240826 06,9413.04
5743,35_20240826 07,9427.29
5744,35_20240826 08,9502.49
5745,35_20240826 09,9565.99
5746,35_20240826 10,9598.17
5747,35_20240826 11,9618.66
5748,35_20240826 12,9618.33
5749,35_20240826 13,9644.03
5750,35_20240826 14,9626.95
5751,35_20240826 15,9658.57
5752,35_20240826 16,9642.53
5753,35_20240826 17,9643.51
5754,35_20240826 18,9606.98
5755,35_20240826 19,9407.62
5756,35_20240826 20,9538.98
5757,35_20240826 21,9563.59
5758,35_20240826 22,9510.76
5759,35_20240826 23,9561.73
5760,35_20240827 00,9546.09
5761,35_20240827 01,9476.05
5762,35_20240827 02,9457.43
5763,35_20240827 03,9418.8
5764,35_20240827 04,9402.0
5765,35_20240827 05,9362.52
5766,35_20240827 06,9321.55
5767,35_20240827 07,9325.43
5768,35_20240827 08,9249.98
5769,35_20240827 09,9383.31
5770,35_20240827 10,9342.53
5771,35_20240827 11,9318.12
5772,35_20240827 12,9374.9
5773,35_20240827 13,9354.06
5774,35_20240827 14,9427.04
5775,35_20240827 15,9402.18
5776,35_20240827 16,9491.55
5777,35_20240827 17,9476.01
5778,35_20240827 18,9483.79
5779,35_20240827 19,9381.93
5780,35_20240827 20,9323.88
5781,35_20240827 21,9379.6
5782,35_20240827 22,9300.73
5783,35_20240827 23,9349.76
5784,35_20240828 00,9308.6
5785,35_20240828 01,9335.53
5786,35_20240828 02,9299.91
5787,35_20240828 03,9262.68
5788,35_20240828 04,9205.31
5789,35_20240828 05,9198.33
5790,35_20240828 06,9178.95
5791,35_20240828 07,9212.39
5792,35_20240828 08,9301.48
5793,35_20240828 09,9433.67
5794,35_20240828 10,9440.7
5795,35_20240828 11,9542.81
5796,35_20240828 12,9520.67
5797,35_20240828 13,9571.94
5798,35_20240828 14,9580.23
5799,35_20240828 15,9570.01
5800,35_20240828 16,9486.01
5801,35_20240828 17,9517.38
5802,35_20240828 18,9513.17
5803,35_20240828 19,9518.43
5804,35_20240828 20,9507.64
5805,35_20240828 21,9473.29
5806,35_20240828 22,9376.46
5807,35_20240828 23,9369.39
5808,35_20240829 00,9366.77
5809,35_20240829 01,9329.16
5810,35_20240829 02,9272.52
5811,35_20240829 03,9225.31
5812,35_20240829 04,9238.97
5813,35_20240829 05,9202.69
5814,35_20240829 06,9179.39
5815,35_20240829 07,9231.47
5816,35_20240829 08,9269.3
5817,35_20240829 09,9329.11
5818,35_20240829 10,9393.63
5819,35_20240829 11,9522.98
5820,35_20240829 12,9535.09
5821,35_20240829 13,9628.0
5822,35_20240829 14,9597.5
5823,35_20240829 15,9600.8
5824,35_20240829 16,9584.28
5825,35_20240829 17,9556.34
5826,35_20240829 18,9584.07
5827,35_20240829 19,9503.55
5828,35_20240829 20,9429.22
5829,35_20240829 21,9374.71
5830,35_20240829 22,9380.7
5831,35_20240829 23,9380.47
5832,35_20240830 00,9406.98
5833,35_20240830 01,9326.84
5834,35_20240830 02,9279.22
5835,35_20240830 03,9271.09
5836,35_20240830 04,9290.53
5837,35_20240830 05,9269.21
5838,35_20240830 06,9236.99
5839,35_20240830 07,9259.88
5840,35_20240830 08,9338.51
5841,35_20240830 09,9462.19
5842,35_20240830 10,9513.72
5843,35_20240830 11,9582.28
5844,35_20240830 12,9605.04
5845,35_20240830 13,9603.08
5846,35_20240830 14,9590.59
5847,35_20240830 15,9595.44
5848,35_20240830 16,9571.08
5849,35_20240830 17,9501.91
5850,35_20240830 18,9471.68
5851,35_20240830 19,9540.68
5852,35_20240830 20,9528.11
5853,35_20240830 21,9489.64
5854,35_20240830 22,9468.05
5855,35_20240830 23,9447.88
5856,35_20240831 00,9426.58
5857,35_20240831 01,9361.45
5858,35_20240831 02,9331.59
5859,35_20240831 03,9290.64
5860,35_20240831 04,9248.29
5861,35_20240831 05,9231.74
5862,35_20240831 06,9202.32
5863,35_20240831 07,9213.28
5864,35_20240831 08,9236.23
5865,35_20240831 09,9307.82
5866,35_20240831 10,9374.31
5867,35_20240831 11,9359.47
5868,35_20240831 12,9513.23
5869,35_20240831 13,9543.7
5870,35_20240831 14,9503.32
5871,35_20240831 15,9463.36
5872,35_20240831 16,9447.82
5873,35_20240831 17,9444.3
5874,35_20240831 18,9436.46
5875,35_20240831 19,9428.17
5876,35_20240831 20,9363.21
5877,35_20240831 21,9462.15
5878,35_20240831 22,9503.36
5879,35_20240831 23,9453.74
5880,36_20240825 00,13875.3
5881,36_20240825 01,13816.84
5882,36_20240825 02,13793.29
5883,36_20240825 03,13735.74
5884,36_20240825 04,13718.74
5885,36_20240825 05,13707.87
5886,36_20240825 06,13705.62
5887,36_20240825 07,13789.44
5888,36_20240825 08,13876.29
5889,36_20240825 09,13991.73
5890,36_20240825 10,14129.72
5891,36_20240825 11,14053.41
5892,36_20240825 12,14122.03
5893,36_20240825 13,14117.16
5894,36_20240825 14,14101.69
5895,36_20240825 15,14066.61
5896,36_20240825 16,14182.47
5897,36_20240825 17,14165.41
5898,36_20240825 18,14173.65
5899,36_20240825 19,14088.57
5900,36_20240825 20,14050.77
5901,36_20240825 21,14033.53
5902,36_20240825 22,13939.79
5903,36_20240825 23,13881.52
5904,36_20240826 00,13925.52
5905,36_20240826 01,13893.78
5906,36_20240826 02,13923.36
5907,36_20240826 03,13908.37
5908,36_20240826 04,13867.0
5909,36_20240826 05,13921.94
5910,36_20240826 06,13816.38
5911,36_20240826 07,13836.57
5912,36_20240826 08,13880.96
5913,36_20240826 09,14050.89
5914,36_20240826 10,14253.44
5915,36_20240826 11,14257.7
5916,36_20240826 12,14301.43
5917,36_20240826 13,14274.27
5918,36_20240826 14,14438.45
5919,36_20240826 15,14430.98
5920,36_20240826 16,14455.42
5921,36_20240826 17,14313.36
5922,36_20240826 18,14149.18
5923,36_20240826 19,14040.18
5924,36_20240826 20,14007.47
5925,36_20240826 21,13965.78
5926,36_20240826 22,13973.43
5927,36_20240826 23,13900.92
5928,36_20240827 00,13911.93
5929,36_20240827 01,13888.9
5930,36_20240827 02,13888.94
5931,36_20240827 03,13843.7
5932,36_20240827 04,13817.46
5933,36_20240827 05,13780.65
5934,36_20240827 06,13711.76
5935,36_20240827 07,13729.83
5936,36_20240827 08,13805.38
5937,36_20240827 09,13916.46
5938,36_20240827 10,13937.52
5939,36_20240827 11,13850.1
5940,36_20240827 12,13864.2
5941,36_20240827 13,14003.16
5942,36_20240827 14,13867.0
5943,36_20240827 15,13919.3
5944,36_20240827 16,14076.71
5945,36_20240827 17,14004.75
5946,36_20240827 18,14015.68
5947,36_20240827 19,13690.92
5948,36_20240827 20,13628.69
5949,36_20240827 21,13606.91
5950,36_20240827 22,13571.4
5951,36_20240827 23,13560.46
5952,36_20240828 00,13562.53
5953,36_20240828 01,13565.05
5954,36_20240828 02,13537.64
5955,36_20240828 03,13454.02
5956,36_20240828 04,13459.87
5957,36_20240828 05,13481.05
5958,36_20240828 06,13435.36
5959,36_20240828 07,13498.74
5960,36_20240828 08,13643.83
5961,36_20240828 09,13764.65
5962,36_20240828 10,13939.43
5963,36_20240828 11,14124.6
5964,36_20240828 12,14143.74
5965,36_20240828 13,14341.86
5966,36_20240828 14,14360.18
5967,36_20240828 15,14349.98
5968,36_20240828 16,14383.46
5969,36_20240828 17,14331.33
5970,36_20240828 18,14187.68
5971,36_20240828 19,13982.14
5972,36_20240828 20,13816.64
5973,36_20240828 21,13798.95
5974,36_20240828 22,13768.3
5975,36_20240828 23,13602.97
5976,36_20240829 00,13558.74
5977,36_20240829 01,13533.81
5978,36_20240829 02,13516.88
5979,36_20240829 03,13470.33
5980,36_20240829 04,13461.67
5981,36_20240829 05,13469.17
5982,36_20240829 06,13428.88
5983,36_20240829 07,13489.23
5984,36_20240829 08,13622.94
5985,36_20240829 09,13728.37
5986,36_20240829 10,13832.44
5987,36_20240829 11,13949.36
5988,36_20240829 12,14062.61
5989,36_20240829 13,14089.01
5990,36_20240829 14,14355.67
5991,36_20240829 15,14325.22
5992,36_20240829 16,14324.47
5993,36_20240829 17,14284.04
5994,36_20240829 18,14007.03
5995,36_20240829 19,13816.33
5996,36_20240829 20,13737.52
5997,36_20240829 21,13726.5
5998,36_20240829 22,13606.33
5999,36_20240829 23,13546.76
6000,36_20240830 00,13465.0
6001,36_20240830 01,13453.24
6002,36_20240830 02,13445.16
6003,36_20240830 03,13415.78
6004,36_20240830 04,13408.54
6005,36_20240830 05,13385.35
6006,36_20240830 06,13392.54
6007,36_20240830 07,13432.25
6008,36_20240830 08,13586.56
6009,36_20240830 09,13718.07
6010,36_20240830 10,13822.57
6011,36_20240830 11,14007.24
6012,36_20240830 12,14089.62
6013,36_20240830 13,14279.91
6014,36_20240830 14,14049.48
6015,36_20240830 15,14035.32
6016,36_20240830 16,13926.01
6017,36_20240830 17,13885.62
6018,36_20240830 18,14040.82
6019,36_20240830 19,13910.61
6020,36_20240830 20,13784.94
6021,36_20240830 21,13695.49
6022,36_20240830 22,13545.31
6023,36_20240830 23,13479.55
6024,36_20240831 00,13419.97
6025,36_20240831 01,13386.23
6026,36_20240831 02,13441.41
6027,36_20240831 03,13405.01
6028,36_20240831 04,13415.28
6029,36_20240831 05,13393.48
6030,36_20240831 06,13376.38
6031,36_20240831 07,13425.09
6032,36_20240831 08,13546.48
6033,36_20240831 09,13692.82
6034,36_20240831 10,13752.19
6035,36_20240831 11,13747.26
6036,36_20240831 12,13935.73
6037,36_20240831 13,13876.17
6038,36_20240831 14,13780.06
6039,36_20240831 15,13867.75
6040,36_20240831 16,13845.58
6041,36_20240831 17,13813.87
6042,36_20240831 18,13880.79
6043,36_20240831 19,13735.33
6044,36_20240831 20,13612.5
6045,36_20240831 21,13598.3
6046,36_20240831 22,13570.32
6047,36_20240831 23,13474.52
6048,37_20240825 00,1508.13
6049,37_20240825 01,1499.64
6050,37_20240825 02,1493.14
6051,37_20240825 03,1438.9
6052,37_20240825 04,1435.31
6053,37_20240825 05,1479.06
6054,37_20240825 06,1566.91
6055,37_20240825 07,1576.26
6056,37_20240825 08,1610.25
6057,37_20240825 09,1646.95
6058,37_20240825 10,1695.93
6059,37_20240825 11,1828.38
6060,37_20240825 12,1838.91
6061,37_20240825 13,1874.76
6062,37_20240825 14,1819.47
6063,37_20240825 15,1868.74
6064,37_20240825 16,1859.59
6065,37_20240825 17,2018.76
6066,37_20240825 18,1843.37
6067,37_20240825 19,1735.58
6068,37_20240825 20,1791.18
6069,37_20240825 21,1693.56
6070,37_20240825 22,1631.46
6071,37_20240825 23,1595.9
6072,37_20240826 00,1615.1
6073,37_20240826 01,1557.76
6074,37_20240826 02,1537.42
6075,37_20240826 03,1561.72
6076,37_20240826 04,1596.21
6077,37_20240826 05,2198.96
6078,37_20240826 06,3128.62
6079,37_20240826 07,3782.42
6080,37_20240826 08,4232.18
6081,37_20240826 09,4201.93
6082,37_20240826 10,4212.42
6083,37_20240826 11,4376.62
6084,37_20240826 12,4322.85
6085,37_20240826 13,4354.54
6086,37_20240826 14,4280.81
6087,37_20240826 15,4285.86
6088,37_20240826 16,4267.13
6089,37_20240826 17,4062.06
6090,37_20240826 18,3614.95
6091,37_20240826 19,2720.82
6092,37_20240826 20,2293.01
6093,37_20240826 21,2117.45
6094,37_20240826 22,1860.68
6095,37_20240826 23,1734.24
6096,37_20240827 00,1590.49
6097,37_20240827 01,1548.42
6098,37_20240827 02,1573.11
6099,37_20240827 03,1553.6
6100,37_20240827 04,1551.07
6101,37_20240827 05,1901.69
6102,37_20240827 06,2684.04
6103,37_20240827 07,3334.24
6104,37_20240827 08,3581.64
6105,37_20240827 09,3671.4
6106,37_20240827 10,3694.23
6107,37_20240827 11,3702.78
6108,37_20240827 12,3715.82
6109,37_20240827 13,3752.04
6110,37_20240827 14,3962.62
6111,37_20240827 15,3882.7
6112,37_20240827 16,3914.1
6113,37_20240827 17,3648.9
6114,37_20240827 18,3373.55
6115,37_20240827 19,2740.98
6116,37_20240827 20,2134.41
6117,37_20240827 21,1955.93
6118,37_20240827 22,1765.45
6119,37_20240827 23,1639.2
6120,37_20240828 00,1499.27
6121,37_20240828 01,1477.54
6122,37_20240828 02,1481.56
6123,37_20240828 03,1461.74
6124,37_20240828 04,1463.13
6125,37_20240828 05,1751.9
6126,37_20240828 06,2567.21
6127,37_20240828 07,3135.31
6128,37_20240828 08,3604.23
6129,37_20240828 09,3950.38
6130,37_20240828 10,4027.67
6131,37_20240828 11,3980.25
6132,37_20240828 12,3870.86
6133,37_20240828 13,3969.53
6134,37_20240828 14,3992.69
6135,37_20240828 15,3954.09
6136,37_20240828 16,3864.28
6137,37_20240828 17,3760.27
6138,37_20240828 18,3484.89
6139,37_20240828 19,2794.88
6140,37_20240828 20,2391.55
6141,37_20240828 21,2114.42
6142,37_20240828 22,1888.44
6143,37_20240828 23,1711.1
6144,37_20240829 00,1500.8
6145,37_20240829 01,1495.58
6146,37_20240829 02,1477.67
6147,37_20240829 03,1469.64
6148,37_20240829 04,1465.08
6149,37_20240829 05,1746.12
6150,37_20240829 06,2403.25
6151,37_20240829 07,2945.03
6152,37_20240829 08,3399.21
6153,37_20240829 09,3322.44
6154,37_20240829 10,3458.04
6155,37_20240829 11,3458.26
6156,37_20240829 12,3338.55
6157,37_20240829 13,3452.94
6158,37_20240829 14,3452.16
6159,37_20240829 15,3422.22
6160,37_20240829 16,3396.05
6161,37_20240829 17,3406.68
6162,37_20240829 18,3425.4
6163,37_20240829 19,2906.26
6164,37_20240829 20,2343.21
6165,37_20240829 21,1995.63
6166,37_20240829 22,1757.52
6167,37_20240829 23,1651.66
6168,37_20240830 00,1521.22
6169,37_20240830 01,1483.46
6170,37_20240830 02,1475.24
6171,37_20240830 03,1454.26
6172,37_20240830 04,1481.24
6173,37_20240830 05,1813.81
6174,37_20240830 06,2573.86
6175,37_20240830 07,3149.82
6176,37_20240830 08,3552.5
6177,37_20240830 09,3879.02
6178,37_20240830 10,3967.89
6179,37_20240830 11,3948.75
6180,37_20240830 12,3867.63
6181,37_20240830 13,3817.07
6182,37_20240830 14,3831.62
6183,37_20240830 15,3831.31
6184,37_20240830 16,3801.04
6185,37_20240830 17,3594.81
6186,37_20240830 18,3247.46
6187,37_20240830 19,2802.24
6188,37_20240830 20,2166.72
6189,37_20240830 21,1954.05
6190,37_20240830 22,1711.89
6191,37_20240830 23,1612.61
6192,37_20240831 00,1463.58
6193,37_20240831 01,1415.66
6194,37_20240831 02,1402.29
6195,37_20240831 03,1387.49
6196,37_20240831 04,1380.59
6197,37_20240831 05,1393.53
6198,37_20240831 06,1535.78
6199,37_20240831 07,1562.49
6200,37_20240831 08,1582.0
6201,37_20240831 09,1681.3
6202,37_20240831 10,1665.68
6203,37_20240831 11,1775.81
6204,37_20240831 12,1884.29
6205,37_20240831 13,1908.28
6206,37_20240831 14,1846.18
6207,37_20240831 15,1809.2
6208,37_20240831 16,1844.33
6209,37_20240831 17,1807.78
6210,37_20240831 18,1807.45
6211,37_20240831 19,1654.43
6212,37_20240831 20,1670.49
6213,37_20240831 21,1615.24
6214,37_20240831 22,1646.64
6215,37_20240831 23,1512.5
6216,38_20240825 00,938.18
6217,38_20240825 01,927.56
6218,38_20240825 02,913.36
6219,38_20240825 03,905.22
6220,38_20240825 04,902.67
6221,38_20240825 05,908.09
6222,38_20240825 06,974.75
6223,38_20240825 07,957.12
6224,38_20240825 08,1033.67
6225,38_20240825 09,1076.66
6226,38_20240825 10,1057.82
6227,38_20240825 11,1114.21
6228,38_20240825 12,1132.89
6229,38_20240825 13,1173.68
6230,38_20240825 14,1176.16
6231,38_20240825 15,1172.33
6232,38_20240825 16,1166.99
6233,38_20240825 17,1080.2
6234,38_20240825 18,1021.36
6235,38_20240825 19,988.91
6236,38_20240825 20,988.55
6237,38_20240825 21,992.07
6238,38_20240825 22,973.74
6239,38_20240825 23,949.89
6240,38_20240826 00,944.06
6241,38_20240826 01,926.75
6242,38_20240826 02,927.22
6243,38_20240826 03,934.0
6244,38_20240826 04,932.76
6245,38_20240826 05,1092.85
6246,38_20240826 06,1297.44
6247,38_20240826 07,1383.24
6248,38_20240826 08,1509.14
6249,38_20240826 09,1600.64
6250,38_20240826 10,1708.33
6251,38_20240826 11,1707.67
6252,38_20240826 12,1694.91
6253,38_20240826 13,1716.04
6254,38_20240826 14,1710.82
6255,38_20240826 15,1731.81
6256,38_20240826 16,1703.6
6257,38_20240826 17,1650.7
6258,38_20240826 18,1388.79
6259,38_20240826 19,1201.26
6260,38_20240826 20,1115.43
6261,38_20240826 21,1086.1
6262,38_20240826 22,1018.16
6263,38_20240826 23,970.6
6264,38_20240827 00,955.97
6265,38_20240827 01,941.63
6266,38_20240827 02,939.22
6267,38_20240827 03,953.27
6268,38_20240827 04,945.91
6269,38_20240827 05,1016.63
6270,38_20240827 06,1271.51
6271,38_20240827 07,1391.67
6272,38_20240827 08,1506.72
6273,38_20240827 09,1618.64
6274,38_20240827 10,1633.7
6275,38_20240827 11,1634.32
6276,38_20240827 12,1634.22
6277,38_20240827 13,1663.61
6278,38_20240827 14,1653.72
6279,38_20240827 15,1624.64
6280,38_20240827 16,1622.5
6281,38_20240827 17,1555.06
6282,38_20240827 18,1375.5
6283,38_20240827 19,1165.42
6284,38_20240827 20,1100.43
6285,38_20240827 21,1067.06
6286,38_20240827 22,994.78
6287,38_20240827 23,960.39
6288,38_20240828 00,933.54
6289,38_20240828 01,911.66
6290,38_20240828 02,911.74
6291,38_20240828 03,925.6
6292,38_20240828 04,937.21
6293,38_20240828 05,980.23
6294,38_20240828 06,1170.3
6295,38_20240828 07,1327.26
6296,38_20240828 08,1493.03
6297,38_20240828 09,1588.15
6298,38_20240828 10,1648.97
6299,38_20240828 11,1664.28
6300,38_20240828 12,1642.38
6301,38_20240828 13,1686.06
6302,38_20240828 14,1697.46
6303,38_20240828 15,1706.44
6304,38_20240828 16,1689.36
6305,38_20240828 17,1615.77
6306,38_20240828 18,1371.95
6307,38_20240828 19,1169.42
6308,38_20240828 20,1117.63
6309,38_20240828 21,1073.85
6310,38_20240828 22,1012.04
6311,38_20240828 23,970.84
6312,38_20240829 00,928.46
6313,38_20240829 01,910.35
6314,38_20240829 02,908.28
6315,38_20240829 03,925.37
6316,38_20240829 04,908.69
6317,38_20240829 05,945.97
6318,38_20240829 06,1143.99
6319,38_20240829 07,1263.26
6320,38_20240829 08,1421.26
6321,38_20240829 09,1520.99
6322,38_20240829 10,1591.34
6323,38_20240829 11,1519.96
6324,38_20240829 12,1474.83
6325,38_20240829 13,1519.09
6326,38_20240829 14,1509.95
6327,38_20240829 15,1503.86
6328,38_20240829 16,1482.41
6329,38_20240829 17,1479.32
6330,38_20240829 18,1269.13
6331,38_20240829 19,1149.47
6332,38_20240829 20,1099.16
6333,38_20240829 21,1065.0
6334,38_20240829 22,998.07
6335,38_20240829 23,954.39
6336,38_20240830 00,923.14
6337,38_20240830 01,913.57
6338,38_20240830 02,912.15
6339,38_20240830 03,920.29
6340,38_20240830 04,909.19
6341,38_20240830 05,941.36
6342,38_20240830 06,1144.58
6343,38_20240830 07,1295.32
6344,38_20240830 08,1434.48
6345,38_20240830 09,1561.91
6346,38_20240830 10,1618.3
6347,38_20240830 11,1637.41
6348,38_20240830 12,1629.8
6349,38_20240830 13,1683.27
6350,38_20240830 14,1628.39
6351,38_20240830 15,1624.06
6352,38_20240830 16,1607.33
6353,38_20240830 17,1568.92
6354,38_20240830 18,1352.46
6355,38_20240830 19,1152.23
6356,38_20240830 20,1099.07
6357,38_20240830 21,1061.87
6358,38_20240830 22,993.19
6359,38_20240830 23,950.73
6360,38_20240831 00,904.19
6361,38_20240831 01,883.61
6362,38_20240831 02,875.19
6363,38_20240831 03,872.1
6364,38_20240831 04,869.24
6365,38_20240831 05,867.18
6366,38_20240831 06,917.14
6367,38_20240831 07,938.26
6368,38_20240831 08,974.18
6369,38_20240831 09,1079.8
6370,38_20240831 10,1134.56
6371,38_20240831 11,1111.77
6372,38_20240831 12,1122.53
6373,38_20240831 13,1168.91
6374,38_20240831 14,1134.85
6375,38_20240831 15,1165.46
6376,38_20240831 16,1168.54
6377,38_20240831 17,1128.29
6378,38_20240831 18,1034.2
6379,38_20240831 19,1000.66
6380,38_20240831 20,986.99
6381,38_20240831 21,975.67
6382,38_20240831 22,947.48
6383,38_20240831 23,911.39
6384,39_20240825 00,1891.18
6385,39_20240825 01,1828.28
6386,39_20240825 02,1824.49
6387,39_20240825 03,1840.58
6388,39_20240825 04,1826.79
6389,39_20240825 05,1987.85
6390,39_20240825 06,2127.4
6391,39_20240825 07,2094.73
6392,39_20240825 08,2182.82
6393,39_20240825 09,2218.12
6394,39_20240825 10,2184.59
6395,39_20240825 11,2256.68
6396,39_20240825 12,2296.59
6397,39_20240825 13,2206.14
6398,39_20240825 14,2370.09
6399,39_20240825 15,2403.69
6400,39_20240825 16,2391.72
6401,39_20240825 17,2375.75
6402,39_20240825 18,2291.76
6403,39_20240825 19,2285.04
6404,39_20240825 20,2118.64
6405,39_20240825 21,2079.95
6406,39_20240825 22,1984.26
6407,39_20240825 23,1967.55
6408,39_20240826 00,1977.06
6409,39_20240826 01,1853.7
6410,39_20240826 02,1887.42
6411,39_20240826 03,1877.16
6412,39_20240826 04,1902.32
6413,39_20240826 05,2146.41
6414,39_20240826 06,2616.9
6415,39_20240826 07,2956.64
6416,39_20240826 08,3171.48
6417,39_20240826 09,3200.21
6418,39_20240826 10,3269.24
6419,39_20240826 11,3295.42
6420,39_20240826 12,3250.14
6421,39_20240826 13,3318.6
6422,39_20240826 14,3347.28
6423,39_20240826 15,3416.47
6424,39_20240826 16,3330.22
6425,39_20240826 17,3069.06
6426,39_20240826 18,2679.69
6427,39_20240826 19,2495.24
6428,39_20240826 20,2327.29
6429,39_20240826 21,2216.67
6430,39_20240826 22,2113.12
6431,39_20240826 23,2048.43
6432,39_20240827 00,1892.28
6433,39_20240827 01,1842.18
6434,39_20240827 02,1827.57
6435,39_20240827 03,1817.23
6436,39_20240827 04,1786.46
6437,39_20240827 05,1955.01
6438,39_20240827 06,2405.47
6439,39_20240827 07,2596.15
6440,39_20240827 08,2748.03
6441,39_20240827 09,2884.64
6442,39_20240827 10,2795.29
6443,39_20240827 11,2687.22
6444,39_20240827 12,2658.07
6445,39_20240827 13,2951.85
6446,39_20240827 14,2936.66
6447,39_20240827 15,2887.78
6448,39_20240827 16,2897.26
6449,39_20240827 17,2721.1
6450,39_20240827 18,2471.56
6451,39_20240827 19,2190.47
6452,39_20240827 20,2066.05
6453,39_20240827 21,2029.47
6454,39_20240827 22,1967.45
6455,39_20240827 23,1901.62
6456,39_20240828 00,1778.44
6457,39_20240828 01,1688.73
6458,39_20240828 02,1653.35
6459,39_20240828 03,1680.89
6460,39_20240828 04,1664.54
6461,39_20240828 05,1818.88
6462,39_20240828 06,2079.59
6463,39_20240828 07,2483.61
6464,39_20240828 08,2699.74
6465,39_20240828 09,2808.67
6466,39_20240828 10,2828.97
6467,39_20240828 11,2904.9
6468,39_20240828 12,2922.12
6469,39_20240828 13,3003.89
6470,39_20240828 14,3061.19
6471,39_20240828 15,3042.78
6472,39_20240828 16,3065.34
6473,39_20240828 17,2792.05
6474,39_20240828 18,2476.45
6475,39_20240828 19,2268.52
6476,39_20240828 20,2205.19
6477,39_20240828 21,2141.14
6478,39_20240828 22,2113.73
6479,39_20240828 23,2003.07
6480,39_20240829 00,1908.18
6481,39_20240829 01,1815.69
6482,39_20240829 02,1784.99
6483,39_20240829 03,1731.02
6484,39_20240829 04,1663.72
6485,39_20240829 05,1911.87
6486,39_20240829 06,2083.34
6487,39_20240829 07,2370.44
6488,39_20240829 08,2470.37
6489,39_20240829 09,2521.07
6490,39_20240829 10,2623.58
6491,39_20240829 11,2641.29
6492,39_20240829 12,2677.97
6493,39_20240829 13,2602.78
6494,39_20240829 14,2586.32
6495,39_20240829 15,2561.42
6496,39_20240829 16,2542.44
6497,39_20240829 17,2417.11
6498,39_20240829 18,2250.06
6499,39_20240829 19,2222.29
6500,39_20240829 20,2193.62
6501,39_20240829 21,2123.06
6502,39_20240829 22,2027.94
6503,39_20240829 23,1945.66
6504,39_20240830 00,1880.07
6505,39_20240830 01,1815.45
6506,39_20240830 02,1704.86
6507,39_20240830 03,1677.4
6508,39_20240830 04,1713.03
6509,39_20240830 05,1846.89
6510,39_20240830 06,2122.39
6511,39_20240830 07,2510.48
6512,39_20240830 08,2724.76
6513,39_20240830 09,2859.67
6514,39_20240830 10,2913.4
6515,39_20240830 11,2926.5
6516,39_20240830 12,3003.27
6517,39_20240830 13,2946.44
6518,39_20240830 14,3065.76
6519,39_20240830 15,3111.64
6520,39_20240830 16,2979.3
6521,39_20240830 17,2926.96
6522,39_20240830 18,2639.8
6523,39_20240830 19,2286.64
6524,39_20240830 20,2180.59
6525,39_20240830 21,2116.76
6526,39_20240830 22,2018.02
6527,39_20240830 23,1872.83
6528,39_20240831 00,1707.4
6529,39_20240831 01,1601.93
6530,39_20240831 02,1508.09
6531,39_20240831 03,1444.89
6532,39_20240831 04,1471.5
6533,39_20240831 05,1568.28
6534,39_20240831 06,1837.77
6535,39_20240831 07,1941.81
6536,39_20240831 08,1995.44
6537,39_20240831 09,2066.7
6538,39_20240831 10,2041.34
6539,39_20240831 11,2146.41
6540,39_20240831 12,2097.64
6541,39_20240831 13,2096.47
6542,39_20240831 14,2274.59
6543,39_20240831 15,2224.8
6544,39_20240831 16,2186.02
6545,39_20240831 17,2223.76
6546,39_20240831 18,2165.38
6547,39_20240831 19,2105.07
6548,39_20240831 20,2003.83
6549,39_20240831 21,1948.41
6550,39_20240831 22,1869.93
6551,39_20240831 23,1836.71
6552,40_20240825 00,444.19
6553,40_20240825 01,480.58
6554,40_20240825 02,481.21
6555,40_20240825 03,476.21
6556,40_20240825 04,473.12
6557,40_20240825 05,488.3
6558,40_20240825 06,549.86
6559,40_20240825 07,616.07
6560,40_20240825 08,743.31
6561,40_20240825 09,1077.67
6562,40_20240825 10,1699.61
6563,40_20240825 11,1110.58
6564,40_20240825 12,1089.34
6565,40_20240825 13,1025.95
6566,40_20240825 14,1077.47
6567,40_20240825 15,1764.45
6568,40_20240825 16,1828.18
6569,40_20240825 17,1808.13
6570,40_20240825 18,1682.52
6571,40_20240825 19,1381.4
6572,40_20240825 20,1311.94
6573,40_20240825 21,1194.71
6574,40_20240825 22,829.93
6575,40_20240825 23,602.73
6576,40_20240826 00,528.24
6577,40_20240826 01,497.83
6578,40_20240826 02,496.5
6579,40_20240826 03,496.0
6580,40_20240826 04,494.9
6581,40_20240826 05,507.14
6582,40_20240826 06,572.25
6583,40_20240826 07,648.62
6584,40_20240826 08,784.48
6585,40_20240826 09,1159.0
6586,40_20240826 10,1875.49
6587,40_20240826 11,1916.03
6588,40_20240826 12,1952.04
6589,40_20240826 13,1902.58
6590,40_20240826 14,1876.77
6591,40_20240826 15,1864.2
6592,40_20240826 16,1849.02
6593,40_20240826 17,1798.78
6594,40_20240826 18,1760.05
6595,40_20240826 19,1606.52
6596,40_20240826 20,1613.25
6597,40_20240826 21,1352.59
6598,40_20240826 22,997.02
6599,40_20240826 23,665.06
6600,40_20240827 00,497.34
6601,40_20240827 01,498.24
6602,40_20240827 02,502.38
6603,40_20240827 03,500.5
6604,40_20240827 04,500.9
6605,40_20240827 05,514.15
6606,40_20240827 06,593.08
6607,40_20240827 07,649.65
6608,40_20240827 08,773.41
6609,40_20240827 09,1075.92
6610,40_20240827 10,1617.25
6611,40_20240827 11,1655.15
6612,40_20240827 12,1655.27
6613,40_20240827 13,1752.62
6614,40_20240827 14,1748.71
6615,40_20240827 15,1729.23
6616,40_20240827 16,1729.12
6617,40_20240827 17,1677.79
6618,40_20240827 18,1654.37
6619,40_20240827 19,1594.46
6620,40_20240827 20,1554.97
6621,40_20240827 21,1330.93
6622,40_20240827 22,990.12
6623,40_20240827 23,661.19
6624,40_20240828 00,498.9
6625,40_20240828 01,408.79
6626,40_20240828 02,474.96
6627,40_20240828 03,476.19
6628,40_20240828 04,477.33
6629,40_20240828 05,484.24
6630,40_20240828 06,570.68
6631,40_20240828 07,636.39
6632,40_20240828 08,747.44
6633,40_20240828 09,1104.93
6634,40_20240828 10,1707.03
6635,40_20240828 11,1740.51
6636,40_20240828 12,1813.35
6637,40_20240828 13,1870.88
6638,40_20240828 14,1819.58
6639,40_20240828 15,1761.0
6640,40_20240828 16,1805.71
6641,40_20240828 17,1769.63
6642,40_20240828 18,1730.57
6643,40_20240828 19,1651.68
6644,40_20240828 20,1604.74
6645,40_20240828 21,1308.44
6646,40_20240828 22,1057.66
6647,40_20240828 23,672.69
6648,40_20240829 00,524.01
6649,40_20240829 01,493.9
6650,40_20240829 02,490.82
6651,40_20240829 03,490.13
6652,40_20240829 04,483.04
6653,40_20240829 05,493.71
6654,40_20240829 06,575.87
6655,40_20240829 07,641.43
6656,40_20240829 08,765.63
6657,40_20240829 09,1093.64
6658,40_20240829 10,1735.82
6659,40_20240829 11,1778.93
6660,40_20240829 12,1851.56
6661,40_20240829 13,1830.55
6662,40_20240829 14,1831.79
6663,40_20240829 15,1757.0
6664,40_20240829 16,1816.13
6665,40_20240829 17,1768.33
6666,40_20240829 18,1723.73
6667,40_20240829 19,1624.44
6668,40_20240829 20,1596.98
6669,40_20240829 21,1315.26
6670,40_20240829 22,1043.99
6671,40_20240829 23,668.27
6672,40_20240830 00,529.82
6673,40_20240830 01,497.98
6674,40_20240830 02,493.65
6675,40_20240830 03,484.26
6676,40_20240830 04,478.27
6677,40_20240830 05,490.88
6678,40_20240830 06,579.03
6679,40_20240830 07,652.89
6680,40_20240830 08,782.44
6681,40_20240830 09,1173.24
6682,40_20240830 10,1824.24
6683,40_20240830 11,1841.5
6684,40_20240830 12,1908.1
6685,40_20240830 13,1875.48
6686,40_20240830 14,1795.27
6687,40_20240830 15,1793.2
6688,40_20240830 16,1813.55
6689,40_20240830 17,1723.66
6690,40_20240830 18,1672.27
6691,40_20240830 19,1604.52
6692,40_20240830 20,1561.59
6693,40_20240830 21,1261.45
6694,40_20240830 22,989.97
6695,40_20240830 23,667.07
6696,40_20240831 00,517.46
6697,40_20240831 01,490.54
6698,40_20240831 02,490.01
6699,40_20240831 03,484.39
6700,40_20240831 04,479.96
6701,40_20240831 05,490.67
6702,40_20240831 06,561.69
6703,40_20240831 07,635.87
6704,40_20240831 08,772.59
6705,40_20240831 09,1082.85
6706,40_20240831 10,1685.21
6707,40_20240831 11,1778.79
6708,40_20240831 12,1797.81
6709,40_20240831 13,1847.44
6710,40_20240831 14,1926.08
6711,40_20240831 15,1937.5
6712,40_20240831 16,1786.91
6713,40_20240831 17,1825.83
6714,40_20240831 18,1727.09
6715,40_20240831 19,1591.96
6716,40_20240831 20,1531.61
6717,40_20240831 21,1306.21
6718,40_20240831 22,1026.02
6719,40_20240831 23,672.74
6720,41_20240825 00,2713.85
6721,41_20240825 01,2709.35
6722,41_20240825 02,2708.92
6723,41_20240825 03,2701.29
6724,41_20240825 04,2700.39
6725,41_20240825 05,2699.85
6726,41_20240825 06,2696.52
6727,41_20240825 07,2704.67
6728,41_20240825 08,2710.69
6729,41_20240825 09,2712.05
6730,41_20240825 10,2723.41
6731,41_20240825 11,2726.34
6732,41_20240825 12,2716.92
6733,41_20240825 13,2724.21
6734,41_20240825 14,2722.28
6735,41_20240825 15,2723.9
6736,41_20240825 16,2726.01
6737,41_20240825 17,2722.19
6738,41_20240825 18,2723.08
6739,41_20240825 19,2721.82
6740,41_20240825 20,2716.75
6741,41_20240825 21,2713.78
6742,41_20240825 22,2706.34
6743,41_20240825 23,2718.4
6744,41_20240826 00,2707.68
6745,41_20240826 01,2699.9
6746,41_20240826 02,2707.28
6747,41_20240826 03,2701.38
6748,41_20240826 04,2697.13
6749,41_20240826 05,2693.3
6750,41_20240826 06,2661.82
6751,41_20240826 07,2700.41
6752,41_20240826 08,2705.07
6753,41_20240826 09,2718.44
6754,41_20240826 10,2703.66
6755,41_20240826 11,2730.85
6756,41_20240826 12,2730.04
6757,41_20240826 13,2732.56
6758,41_20240826 14,2732.85
6759,41_20240826 15,2720.04
6760,41_20240826 16,2726.66
6761,41_20240826 17,2704.89
6762,41_20240826 18,2730.92
6763,41_20240826 19,2720.89
6764,41_20240826 20,2719.84
6765,41_20240826 21,2713.4
6766,41_20240826 22,2716.59
6767,41_20240826 23,2716.58
6768,41_20240827 00,2712.6
6769,41_20240827 01,2716.53
6770,41_20240827 02,2706.58
6771,41_20240827 03,2704.44
6772,41_20240827 04,2702.52
6773,41_20240827 05,2699.63
6774,41_20240827 06,2698.29
6775,41_20240827 07,2700.97
6776,41_20240827 08,2708.91
6777,41_20240827 09,2713.33
6778,41_20240827 10,2716.41
6779,41_20240827 11,2722.2
6780,41_20240827 12,2722.11
6781,41_20240827 13,2724.13
6782,41_20240827 14,2722.52
6783,41_20240827 15,2725.14
6784,41_20240827 16,2728.78
6785,41_20240827 17,2727.76
6786,41_20240827 18,2726.93
6787,41_20240827 19,2723.45
6788,41_20240827 20,2719.56
6789,41_20240827 21,2710.76
6790,41_20240827 22,2707.64
6791,41_20240827 23,2707.87
6792,41_20240828 00,2706.18
6793,41_20240828 01,2701.48
6794,41_20240828 02,2696.96
6795,41_20240828 03,2687.13
6796,41_20240828 04,2696.53
6797,41_20240828 05,2690.33
6798,41_20240828 06,2692.45
6799,41_20240828 07,2697.13
6800,41_20240828 08,2697.43
6801,41_20240828 09,2701.61
6802,41_20240828 10,2697.54
6803,41_20240828 11,2696.77
6804,41_20240828 12,2714.24
6805,41_20240828 13,2714.4
6806,41_20240828 14,2684.3
6807,41_20240828 15,2716.37
6808,41_20240828 16,2723.61
6809,41_20240828 17,2708.82
6810,41_20240828 18,2712.42
6811,41_20240828 19,2713.56
6812,41_20240828 20,2711.65
6813,41_20240828 21,2708.6
6814,41_20240828 22,2704.39
6815,41_20240828 23,2701.34
6816,41_20240829 00,2705.22
6817,41_20240829 01,2689.1
6818,41_20240829 02,2689.15
6819,41_20240829 03,2649.0
6820,41_20240829 04,2689.49
6821,41_20240829 05,2686.4
6822,41_20240829 06,2685.65
6823,41_20240829 07,2689.53
6824,41_20240829 08,2693.91
6825,41_20240829 09,2704.15
6826,41_20240829 10,2709.96
6827,41_20240829 11,2716.68
6828,41_20240829 12,2722.66
6829,41_20240829 13,2722.86
6830,41_20240829 14,2723.9
6831,41_20240829 15,2717.94
6832,41_20240829 16,2724.43
6833,41_20240829 17,2724.21
6834,41_20240829 18,2723.4
6835,41_20240829 19,2718.96
6836,41_20240829 20,2717.47
6837,41_20240829 21,2712.28
6838,41_20240829 22,2708.93
6839,41_20240829 23,2708.82
6840,41_20240830 00,2695.68
6841,41_20240830 01,2709.72
6842,41_20240830 02,2699.19
6843,41_20240830 03,2695.45
6844,41_20240830 04,2690.29
6845,41_20240830 05,2689.32
6846,41_20240830 06,2689.84
6847,41_20240830 07,2697.41
6848,41_20240830 08,2702.61
6849,41_20240830 09,2704.02
6850,41_20240830 10,2709.79
6851,41_20240830 11,2716.73
6852,41_20240830 12,2719.85
6853,41_20240830 13,2719.15
6854,41_20240830 14,2716.71
6855,41_20240830 15,2713.93
6856,41_20240830 16,2716.82
6857,41_20240830 17,2714.94
6858,41_20240830 18,2723.09
6859,41_20240830 19,2715.93
6860,41_20240830 20,2715.21
6861,41_20240830 21,2705.81
6862,41_20240830 22,2700.45
6863,41_20240830 23,2687.0
6864,41_20240831 00,2722.21
6865,41_20240831 01,2686.63
6866,41_20240831 02,2699.47
6867,41_20240831 03,2696.94
6868,41_20240831 04,2693.87
6869,41_20240831 05,2690.32
6870,41_20240831 06,2690.6
6871,41_20240831 07,2691.75
6872,41_20240831 08,2681.7
6873,41_20240831 09,2694.68
6874,41_20240831 10,2703.77
6875,41_20240831 11,2705.49
6876,41_20240831 12,2709.64
6877,41_20240831 13,2713.35
6878,41_20240831 14,2710.09
6879,41_20240831 15,2711.81
6880,41_20240831 16,2712.38
6881,41_20240831 17,2713.24
6882,41_20240831 18,2710.71
6883,41_20240831 19,2708.9
6884,41_20240831 20,2692.85
6885,41_20240831 21,2635.85
6886,41_20240831 22,2682.47
6887,41_20240831 23,2687.3
6888,42_20240825 00,3652.07
6889,42_20240825 01,3639.84
6890,42_20240825 02,3588.29
6891,42_20240825 03,3550.72
6892,42_20240825 04,3613.43
6893,42_20240825 05,3681.0
6894,42_20240825 06,3871.47
6895,42_20240825 07,3836.82
6896,42_20240825 08,4058.19
6897,42_20240825 09,4282.58
6898,42_20240825 10,4287.02
6899,42_20240825 11,4508.12
6900,42_20240825 12,4520.58
6901,42_20240825 13,4489.21
6902,42_20240825 14,4571.41
6903,42_20240825 15,4541.98
6904,42_20240825 16,4548.54
6905,42_20240825 17,4088.0
6906,42_20240825 18,3951.52
6907,42_20240825 19,3857.84
6908,42_20240825 20,3816.85
6909,42_20240825 21,3775.72
6910,42_20240825 22,3660.07
6911,42_20240825 23,3597.68
6912,42_20240826 00,3606.22
6913,42_20240826 01,3580.18
6914,42_20240826 02,3538.06
6915,42_20240826 03,3477.73
6916,42_20240826 04,3713.44
6917,42_20240826 05,3833.58
6918,42_20240826 06,4201.81
6919,42_20240826 07,4805.3
6920,42_20240826 08,5225.03
6921,42_20240826 09,5568.6
6922,42_20240826 10,5715.25
6923,42_20240826 11,5757.76
6924,42_20240826 12,5389.09
6925,42_20240826 13,5676.78
6926,42_20240826 14,5621.23
6927,42_20240826 15,5665.5
6928,42_20240826 16,5623.96
6929,42_20240826 17,5406.05
6930,42_20240826 18,4661.84
6931,42_20240826 19,4190.78
6932,42_20240826 20,4174.46
6933,42_20240826 21,4133.49
6934,42_20240826 22,3873.61
6935,42_20240826 23,3692.93
6936,42_20240827 00,3650.22
6937,42_20240827 01,3610.04
6938,42_20240827 02,3596.56
6939,42_20240827 03,3568.57
6940,42_20240827 04,3744.47
6941,42_20240827 05,3949.24
6942,42_20240827 06,4353.09
6943,42_20240827 07,4947.94
6944,42_20240827 08,5372.77
6945,42_20240827 09,5626.91
6946,42_20240827 10,5846.29
6947,42_20240827 11,5853.73
6948,42_20240827 12,5659.15
6949,42_20240827 13,5659.61
6950,42_20240827 14,5525.02
6951,42_20240827 15,5312.74
6952,42_20240827 16,5297.21
6953,42_20240827 17,4927.03
6954,42_20240827 18,4415.06
6955,42_20240827 19,3987.02
6956,42_20240827 20,3909.83
6957,42_20240827 21,3812.87
6958,42_20240827 22,3629.7
6959,42_20240827 23,3516.38
6960,42_20240828 00,3449.49
6961,42_20240828 01,3446.95
6962,42_20240828 02,3415.98
6963,42_20240828 03,3434.12
6964,42_20240828 04,3600.13
6965,42_20240828 05,3701.7
6966,42_20240828 06,3907.66
6967,42_20240828 07,4505.36
6968,42_20240828 08,4969.71
6969,42_20240828 09,5226.98
6970,42_20240828 10,5286.53
6971,42_20240828 11,5187.75
6972,42_20240828 12,5180.01
6973,42_20240828 13,5271.09
6974,42_20240828 14,5066.67
6975,42_20240828 15,5262.59
6976,42_20240828 16,5279.66
6977,42_20240828 17,4935.09
6978,42_20240828 18,4359.95
6979,42_20240828 19,3913.41
6980,42_20240828 20,3713.56
6981,42_20240828 21,3751.77
6982,42_20240828 22,3659.96
6983,42_20240828 23,3470.06
6984,42_20240829 00,3449.54
6985,42_20240829 01,3451.68
6986,42_20240829 02,3466.71
6987,42_20240829 03,3441.7
6988,42_20240829 04,3545.41
6989,42_20240829 05,3673.41
6990,42_20240829 06,3899.46
6991,42_20240829 07,4548.78
6992,42_20240829 08,5051.72
6993,42_20240829 09,5378.48
6994,42_20240829 10,5416.61
6995,42_20240829 11,5616.72
6996,42_20240829 12,5329.73
6997,42_20240829 13,5250.18
6998,42_20240829 14,5199.76
6999,42_20240829 15,5219.13
7000,42_20240829 16,5135.05
7001,42_20240829 17,4952.97
7002,42_20240829 18,4435.84
7003,42_20240829 19,4072.53
7004,42_20240829 20,3912.47
7005,42_20240829 21,3985.98
7006,42_20240829 22,3825.58
7007,42_20240829 23,3611.42
7008,42_20240830 00,3496.47
7009,42_20240830 01,3489.86
7010,42_20240830 02,3467.34
7011,42_20240830 03,3483.68
7012,42_20240830 04,3587.96
7013,42_20240830 05,3661.37
7014,42_20240830 06,3893.95
7015,42_20240830 07,4602.23
7016,42_20240830 08,5165.24
7017,42_20240830 09,5412.27
7018,42_20240830 10,5549.11
7019,42_20240830 11,5488.77
7020,42_20240830 12,5448.46
7021,42_20240830 13,5411.25
7022,42_20240830 14,5521.37
7023,42_20240830 15,5536.47
7024,42_20240830 16,5539.52
7025,42_20240830 17,5348.34
7026,42_20240830 18,4701.14
7027,42_20240830 19,4290.21
7028,42_20240830 20,4283.59
7029,42_20240830 21,4187.29
7030,42_20240830 22,3832.03
7031,42_20240830 23,3541.81
7032,42_20240831 00,3451.79
7033,42_20240831 01,3454.37
7034,42_20240831 02,3448.07
7035,42_20240831 03,3460.35
7036,42_20240831 04,3476.37
7037,42_20240831 05,3569.73
7038,42_20240831 06,3642.88
7039,42_20240831 07,3718.1
7040,42_20240831 08,3804.52
7041,42_20240831 09,3911.28
7042,42_20240831 10,4150.33
7043,42_20240831 11,4104.24
7044,42_20240831 12,4072.86
7045,42_20240831 13,4124.54
7046,42_20240831 14,4346.36
7047,42_20240831 15,4361.7
7048,42_20240831 16,4306.3
7049,42_20240831 17,4111.51
7050,42_20240831 18,3970.52
7051,42_20240831 19,3900.26
7052,42_20240831 20,3860.9
7053,42_20240831 21,3781.36
7054,42_20240831 22,3625.76
7055,42_20240831 23,3492.72
7056,43_20240825 00,13846.8
7057,43_20240825 01,13820.14
7058,43_20240825 02,13855.6
7059,43_20240825 03,13800.74
7060,43_20240825 04,13763.77
7061,43_20240825 05,13760.61
7062,43_20240825 06,13763.51
7063,43_20240825 07,13740.45
7064,43_20240825 08,13632.12
7065,43_20240825 09,13650.49
7066,43_20240825 10,13667.51
7067,43_20240825 11,13681.74
7068,43_20240825 12,13675.57
7069,43_20240825 13,13689.71
7070,43_20240825 14,13680.47
7071,43_20240825 15,13655.48
7072,43_20240825 16,13670.45
7073,43_20240825 17,13683.83
7074,43_20240825 18,13684.13
7075,43_20240825 19,13681.5
7076,43_20240825 20,13685.6
7077,43_20240825 21,13686.24
7078,43_20240825 22,13781.4
7079,43_20240825 23,13828.44
7080,43_20240826 00,14101.35
7081,43_20240826 01,14080.34
7082,43_20240826 02,13903.3
7083,43_20240826 03,13793.82
7084,43_20240826 04,13765.17
7085,43_20240826 05,13759.97
7086,43_20240826 06,13772.12
7087,43_20240826 07,13794.19
7088,43_20240826 08,13838.7
7089,43_20240826 09,13900.96
7090,43_20240826 10,13976.2
7091,43_20240826 11,14064.49
7092,43_20240826 12,14097.37
7093,43_20240826 13,14155.75
7094,43_20240826 14,14194.33
7095,43_20240826 15,14171.42
7096,43_20240826 16,14119.04
7097,43_20240826 17,14059.92
7098,43_20240826 18,14042.33
7099,43_20240826 19,14070.87
7100,43_20240826 20,14102.25
7101,43_20240826 21,14069.01
7102,43_20240826 22,14226.68
7103,43_20240826 23,14393.64
7104,43_20240827 00,14596.93
7105,43_20240827 01,14555.05
7106,43_20240827 02,14326.5
7107,43_20240827 03,14087.67
7108,43_20240827 04,13986.97
7109,43_20240827 05,13924.72
7110,43_20240827 06,13945.45
7111,43_20240827 07,13963.73
7112,43_20240827 08,13989.98
7113,43_20240827 09,14078.44
7114,43_20240827 10,14138.57
7115,43_20240827 11,14193.15
7116,43_20240827 12,14217.77
7117,43_20240827 13,14214.52
7118,43_20240827 14,14186.29
7119,43_20240827 15,14148.78
7120,43_20240827 16,14051.29
7121,43_20240827 17,14237.29
7122,43_20240827 18,14228.09
7123,43_20240827 19,14182.15
7124,43_20240827 20,14133.04
7125,43_20240827 21,14113.83
7126,43_20240827 22,14335.84
7127,43_20240827 23,14647.04
7128,43_20240828 00,14686.86
7129,43_20240828 01,14614.64
7130,43_20240828 02,14301.24
7131,43_20240828 03,14071.74
7132,43_20240828 04,14012.63
7133,43_20240828 05,13994.0
7134,43_20240828 06,14005.22
7135,43_20240828 07,13998.72
7136,43_20240828 08,14036.66
7137,43_20240828 09,14096.97
7138,43_20240828 10,14165.42
7139,43_20240828 11,14109.96
7140,43_20240828 12,14126.35
7141,43_20240828 13,14099.1
7142,43_20240828 14,14202.84
7143,43_20240828 15,14235.65
7144,43_20240828 16,14176.35
7145,43_20240828 17,14147.58
7146,43_20240828 18,14166.82
7147,43_20240828 19,14225.68
7148,43_20240828 20,14162.21
7149,43_20240828 21,14166.31
7150,43_20240828 22,14334.72
7151,43_20240828 23,14509.71
7152,43_20240829 00,14519.98
7153,43_20240829 01,14568.51
7154,43_20240829 02,14304.59
7155,43_20240829 03,14068.18
7156,43_20240829 04,14006.82
7157,43_20240829 05,13995.79
7158,43_20240829 06,14006.54
7159,43_20240829 07,13989.07
7160,43_20240829 08,13998.55
7161,43_20240829 09,14116.02
7162,43_20240829 10,14177.57
7163,43_20240829 11,14155.41
7164,43_20240829 12,14124.28
7165,43_20240829 13,14204.61
7166,43_20240829 14,14233.18
7167,43_20240829 15,14217.36
7168,43_20240829 16,14198.83
7169,43_20240829 17,14116.53
7170,43_20240829 18,14152.46
7171,43_20240829 19,14236.28
7172,43_20240829 20,14168.56
7173,43_20240829 21,14151.79
7174,43_20240829 22,14317.81
7175,43_20240829 23,14503.76
7176,43_20240830 00,14510.29
7177,43_20240830 01,14539.98
7178,43_20240830 02,14301.74
7179,43_20240830 03,14054.68
7180,43_20240830 04,14004.03
7181,43_20240830 05,13987.48
7182,43_20240830 06,13999.11
7183,43_20240830 07,13984.87
7184,43_20240830 08,14008.97
7185,43_20240830 09,14059.94
7186,43_20240830 10,14087.77
7187,43_20240830 11,14083.37
7188,43_20240830 12,14080.51
7189,43_20240830 13,13887.52
7190,43_20240830 14,14239.81
7191,43_20240830 15,14089.42
7192,43_20240830 16,14166.27
7193,43_20240830 17,14186.29
7194,43_20240830 18,14220.78
7195,43_20240830 19,14171.35
7196,43_20240830 20,14127.32
7197,43_20240830 21,14146.66
7198,43_20240830 22,14367.26
7199,43_20240830 23,14642.24
7200,43_20240831 00,14500.37
7201,43_20240831 01,14369.88
7202,43_20240831 02,14206.35
7203,43_20240831 03,13979.05
7204,43_20240831 04,13903.73
7205,43_20240831 05,13890.09
7206,43_20240831 06,13883.67
7207,43_20240831 07,13893.78
7208,43_20240831 08,13858.28
7209,43_20240831 09,13902.65
7210,43_20240831 10,13908.57
7211,43_20240831 11,13884.97
7212,43_20240831 12,13880.66
7213,43_20240831 13,13814.82
7214,43_20240831 14,13854.02
7215,43_20240831 15,13865.31
7216,43_20240831 16,13817.96
7217,43_20240831 17,13834.2
7218,43_20240831 18,13821.9
7219,43_20240831 19,13867.96
7220,43_20240831 20,13849.77
7221,43_20240831 21,13841.41
7222,43_20240831 22,13914.03
7223,43_20240831 23,14093.36
7224,44_20240825 00,1635.73
7225,44_20240825 01,1606.96
7226,44_20240825 02,1587.68
7227,44_20240825 03,1550.8
7228,44_20240825 04,1505.32
7229,44_20240825 05,1591.44
7230,44_20240825 06,1635.92
7231,44_20240825 07,1655.64
7232,44_20240825 08,1714.2
7233,44_20240825 09,1882.54
7234,44_20240825 10,1861.05
7235,44_20240825 11,1911.68
7236,44_20240825 12,1929.52
7237,44_20240825 13,1875.96
7238,44_20240825 14,1906.03
7239,44_20240825 15,1920.79
7240,44_20240825 16,1906.3
7241,44_20240825 17,1830.81
7242,44_20240825 18,1697.59
7243,44_20240825 19,1665.99
7244,44_20240825 20,1627.37
7245,44_20240825 21,1610.98
7246,44_20240825 22,1583.86
7247,44_20240825 23,1552.26
7248,44_20240826 00,1622.44
7249,44_20240826 01,1615.28
7250,44_20240826 02,1622.82
7251,44_20240826 03,1615.58
7252,44_20240826 04,1604.96
7253,44_20240826 05,1643.94
7254,44_20240826 06,2051.14
7255,44_20240826 07,2324.42
7256,44_20240826 08,2606.52
7257,44_20240826 09,2722.91
7258,44_20240826 10,2735.62
7259,44_20240826 11,2727.25
7260,44_20240826 12,2708.29
7261,44_20240826 13,2669.5
7262,44_20240826 14,2672.79
7263,44_20240826 15,2681.95
7264,44_20240826 16,2666.94
7265,44_20240826 17,2473.26
7266,44_20240826 18,1887.66
7267,44_20240826 19,1789.86
7268,44_20240826 20,1718.71
7269,44_20240826 21,1675.77
7270,44_20240826 22,1677.94
7271,44_20240826 23,1645.96
7272,44_20240827 00,1631.69
7273,44_20240827 01,1652.22
7274,44_20240827 02,1661.79
7275,44_20240827 03,1604.07
7276,44_20240827 04,1601.2
7277,44_20240827 05,1634.52
7278,44_20240827 06,2029.28
7279,44_20240827 07,2281.36
7280,44_20240827 08,2569.14
7281,44_20240827 09,2704.44
7282,44_20240827 10,2732.56
7283,44_20240827 11,2699.81
7284,44_20240827 12,2677.02
7285,44_20240827 13,2605.2
7286,44_20240827 14,2639.16
7287,44_20240827 15,2663.26
7288,44_20240827 16,2611.35
7289,44_20240827 17,2330.5
7290,44_20240827 18,1643.42
7291,44_20240827 19,1544.63
7292,44_20240827 20,1542.12
7293,44_20240827 21,1595.54
7294,44_20240827 22,1637.84
7295,44_20240827 23,1580.45
7296,44_20240828 00,1592.35
7297,44_20240828 01,1610.36
7298,44_20240828 02,1582.51
7299,44_20240828 03,1534.84
7300,44_20240828 04,1524.78
7301,44_20240828 05,1597.43
7302,44_20240828 06,1910.23
7303,44_20240828 07,2213.44
7304,44_20240828 08,2391.14
7305,44_20240828 09,2534.82
7306,44_20240828 10,2521.03
7307,44_20240828 11,2560.07
7308,44_20240828 12,2536.45
7309,44_20240828 13,2543.8
7310,44_20240828 14,2545.55
7311,44_20240828 15,2535.06
7312,44_20240828 16,2560.86
7313,44_20240828 17,2421.18
7314,44_20240828 18,1823.82
7315,44_20240828 19,1689.65
7316,44_20240828 20,1637.93
7317,44_20240828 21,1643.59
7318,44_20240828 22,1629.32
7319,44_20240828 23,1628.95
7320,44_20240829 00,1590.06
7321,44_20240829 01,1611.74
7322,44_20240829 02,1598.55
7323,44_20240829 03,1601.46
7324,44_20240829 04,1571.92
7325,44_20240829 05,1596.28
7326,44_20240829 06,1945.38
7327,44_20240829 07,2193.67
7328,44_20240829 08,2384.7
7329,44_20240829 09,2409.11
7330,44_20240829 10,2520.84
7331,44_20240829 11,2417.21
7332,44_20240829 12,2447.91
7333,44_20240829 13,2356.08
7334,44_20240829 14,2343.16
7335,44_20240829 15,2437.99
7336,44_20240829 16,2478.1
7337,44_20240829 17,2286.8
7338,44_20240829 18,1797.98
7339,44_20240829 19,1715.92
7340,44_20240829 20,1646.77
7341,44_20240829 21,1639.34
7342,44_20240829 22,1609.07
7343,44_20240829 23,1533.79
7344,44_20240830 00,1607.92
7345,44_20240830 01,1596.74
7346,44_20240830 02,1620.94
7347,44_20240830 03,1603.68
7348,44_20240830 04,1574.22
7349,44_20240830 05,1607.67
7350,44_20240830 06,2070.07
7351,44_20240830 07,2225.77
7352,44_20240830 08,2450.48
7353,44_20240830 09,2603.47
7354,44_20240830 10,2645.83
7355,44_20240830 11,2576.53
7356,44_20240830 12,2627.01
7357,44_20240830 13,2481.87
7358,44_20240830 14,2504.25
7359,44_20240830 15,2476.84
7360,44_20240830 16,2501.98
7361,44_20240830 17,2395.13
7362,44_20240830 18,1866.54
7363,44_20240830 19,1684.25
7364,44_20240830 20,1639.9
7365,44_20240830 21,1641.45
7366,44_20240830 22,1622.36
7367,44_20240830 23,1600.1
7368,44_20240831 00,1506.09
7369,44_20240831 01,1505.19
7370,44_20240831 02,1501.96
7371,44_20240831 03,1531.28
7372,44_20240831 04,1539.53
7373,44_20240831 05,1544.01
7374,44_20240831 06,1571.19
7375,44_20240831 07,1495.64
7376,44_20240831 08,1584.54
7377,44_20240831 09,1442.08
7378,44_20240831 10,1438.41
7379,44_20240831 11,1802.87
7380,44_20240831 12,1835.05
7381,44_20240831 13,1803.07
7382,44_20240831 14,1790.86
7383,44_20240831 15,1698.72
7384,44_20240831 16,1733.37
7385,44_20240831 17,1626.29
7386,44_20240831 18,1596.45
7387,44_20240831 19,1480.95
7388,44_20240831 20,1531.53
7389,44_20240831 21,1517.54
7390,44_20240831 22,1445.96
7391,44_20240831 23,1487.38
7392,45_20240825 00,2060.31
7393,45_20240825 01,1691.25
7394,45_20240825 02,1648.95
7395,45_20240825 03,1523.13
7396,45_20240825 04,1467.31
7397,45_20240825 05,1489.96
7398,45_20240825 06,1780.74
7399,45_20240825 07,1967.78
7400,45_20240825 08,2677.75
7401,45_20240825 09,4749.39
7402,45_20240825 10,8503.88
7403,45_20240825 11,9706.87
7404,45_20240825 12,9025.09
7405,45_20240825 13,9668.18
7406,45_20240825 14,9669.66
7407,45_20240825 15,9517.39
7408,45_20240825 16,9687.53
7409,45_20240825 17,9219.73
7410,45_20240825 18,9424.15
7411,45_20240825 19,9088.42
7412,45_20240825 20,8205.65
7413,45_20240825 21,4470.86
7414,45_20240825 22,2942.83
7415,45_20240825 23,2415.26
7416,45_20240826 00,1915.05
7417,45_20240826 01,1669.87
7418,45_20240826 02,1667.02
7419,45_20240826 03,1638.43
7420,45_20240826 04,1495.39
7421,45_20240826 05,1478.39
7422,45_20240826 06,1848.55
7423,45_20240826 07,2054.48
7424,45_20240826 08,2569.01
7425,45_20240826 09,3821.04
7426,45_20240826 10,7394.83
7427,45_20240826 11,6870.96
7428,45_20240826 12,6953.93
7429,45_20240826 13,5687.92
7430,45_20240826 14,7181.95
7431,45_20240826 15,7743.86
7432,45_20240826 16,6294.11
7433,45_20240826 17,6229.85
7434,45_20240826 18,7070.83
7435,45_20240826 19,6995.67
7436,45_20240826 20,6577.01
7437,45_20240826 21,3900.54
7438,45_20240826 22,2852.92
7439,45_20240826 23,2325.93
7440,45_20240827 00,1935.83
7441,45_20240827 01,1656.44
7442,45_20240827 02,1688.82
7443,45_20240827 03,1580.34
7444,45_20240827 04,1524.87
7445,45_20240827 05,1498.63
7446,45_20240827 06,1823.49
7447,45_20240827 07,2080.15
7448,45_20240827 08,2621.67
7449,45_20240827 09,4878.88
7450,45_20240827 10,8713.13
7451,45_20240827 11,9036.73
7452,45_20240827 12,9002.76
7453,45_20240827 13,8882.84
7454,45_20240827 14,8959.14
7455,45_20240827 15,9104.59
7456,45_20240827 16,9149.68
7457,45_20240827 17,8235.46
7458,45_20240827 18,7548.6
7459,45_20240827 19,7541.89
7460,45_20240827 20,7527.57
7461,45_20240827 21,4123.37
7462,45_20240827 22,2857.63
7463,45_20240827 23,2226.57
7464,45_20240828 00,1856.96
7465,45_20240828 01,1591.04
7466,45_20240828 02,1567.98
7467,45_20240828 03,1528.44
7468,45_20240828 04,1448.43
7469,45_20240828 05,1491.24
7470,45_20240828 06,1767.78
7471,45_20240828 07,2027.67
7472,45_20240828 08,2477.71
7473,45_20240828 09,3954.35
7474,45_20240828 10,7820.9
7475,45_20240828 11,8482.94
7476,45_20240828 12,8580.35
7477,45_20240828 13,8348.13
7478,45_20240828 14,8914.95
7479,45_20240828 15,8632.14
7480,45_20240828 16,8787.63
7481,45_20240828 17,8895.74
7482,45_20240828 18,8354.07
7483,45_20240828 19,8037.51
7484,45_20240828 20,7554.13
7485,45_20240828 21,4264.51
7486,45_20240828 22,2869.09
7487,45_20240828 23,2358.5
7488,45_20240829 00,1936.13
7489,45_20240829 01,1673.73
7490,45_20240829 02,1684.7
7491,45_20240829 03,1632.32
7492,45_20240829 04,1566.16
7493,45_20240829 05,1520.27
7494,45_20240829 06,1945.96
7495,45_20240829 07,2096.61
7496,45_20240829 08,2711.93
7497,45_20240829 09,4813.86
7498,45_20240829 10,8626.06
7499,45_20240829 11,8845.46
7500,45_20240829 12,8842.33
7501,45_20240829 13,9316.04
7502,45_20240829 14,9257.99
7503,45_20240829 15,9002.14
7504,45_20240829 16,9053.01
7505,45_20240829 17,8911.66
7506,45_20240829 18,8910.44
7507,45_20240829 19,8242.09
7508,45_20240829 20,7799.05
7509,45_20240829 21,4338.36
7510,45_20240829 22,3014.89
7511,45_20240829 23,2209.09
7512,45_20240830 00,1941.72
7513,45_20240830 01,1681.35
7514,45_20240830 02,1690.08
7515,45_20240830 03,1575.14
7516,45_20240830 04,1494.74
7517,45_20240830 05,1503.71
7518,45_20240830 06,1856.21
7519,45_20240830 07,2087.2
7520,45_20240830 08,2564.55
7521,45_20240830 09,4785.76
7522,45_20240830 10,8393.81
7523,45_20240830 11,8939.7
7524,45_20240830 12,9086.87
7525,45_20240830 13,9256.76
7526,45_20240830 14,8693.75
7527,45_20240830 15,9233.81
7528,45_20240830 16,8764.33
7529,45_20240830 17,9026.12
7530,45_20240830 18,9016.44
7531,45_20240830 19,8638.72
7532,45_20240830 20,8185.35
7533,45_20240830 21,4397.05
7534,45_20240830 22,3140.96
7535,45_20240830 23,2441.57
7536,45_20240831 00,1952.53
7537,45_20240831 01,1622.17
7538,45_20240831 02,1656.42
7539,45_20240831 03,1575.91
7540,45_20240831 04,1505.07
7541,45_20240831 05,1480.25
7542,45_20240831 06,1732.07
7543,45_20240831 07,2002.12
7544,45_20240831 08,2418.53
7545,45_20240831 09,3875.34
7546,45_20240831 10,7778.76
7547,45_20240831 11,9113.48
7548,45_20240831 12,9173.69
7549,45_20240831 13,9274.27
7550,45_20240831 14,8853.61
7551,45_20240831 15,8634.59
7552,45_20240831 16,8937.59
7553,45_20240831 17,9078.78
7554,45_20240831 18,8283.97
7555,45_20240831 19,8105.35
7556,45_20240831 20,7694.36
7557,45_20240831 21,4284.95
7558,45_20240831 22,2862.76
7559,45_20240831 23,2263.41
7560,46_20240825 00,843.23
7561,46_20240825 01,828.09
7562,46_20240825 02,828.7
7563,46_20240825 03,831.62
7564,46_20240825 04,804.35
7565,46_20240825 05,806.68
7566,46_20240825 06,778.54
7567,46_20240825 07,716.25
7568,46_20240825 08,733.58
7569,46_20240825 09,695.45
7570,46_20240825 10,669.77
7571,46_20240825 11,604.11
7572,46_20240825 12,605.46
7573,46_20240825 13,594.85
7574,46_20240825 14,671.88
7575,46_20240825 15,733.36
7576,46_20240825 16,764.9
7577,46_20240825 17,853.35
7578,46_20240825 18,880.47
7579,46_20240825 19,941.69
7580,46_20240825 20,940.05
7581,46_20240825 21,931.95
7582,46_20240825 22,904.25
7583,46_20240825 23,865.02
7584,46_20240826 00,895.27
7585,46_20240826 01,858.7
7586,46_20240826 02,836.03
7587,46_20240826 03,831.16
7588,46_20240826 04,823.31
7589,46_20240826 05,796.04
7590,46_20240826 06,807.28
7591,46_20240826 07,829.2
7592,46_20240826 08,964.46
7593,46_20240826 09,1335.1
7594,46_20240826 10,1324.95
7595,46_20240826 11,1502.8
7596,46_20240826 12,1340.48
7597,46_20240826 13,1503.82
7598,46_20240826 14,1527.84
7599,46_20240826 15,1541.75
7600,46_20240826 16,1514.13
7601,46_20240826 17,1436.55
7602,46_20240826 18,1224.56
7603,46_20240826 19,1083.79
7604,46_20240826 20,1067.11
7605,46_20240826 21,1052.83
7606,46_20240826 22,978.37
7607,46_20240826 23,940.57
7608,46_20240827 00,922.36
7609,46_20240827 01,875.71
7610,46_20240827 02,865.36
7611,46_20240827 03,852.83
7612,46_20240827 04,844.01
7613,46_20240827 05,844.04
7614,46_20240827 06,845.75
7615,46_20240827 07,863.51
7616,46_20240827 08,998.88
7617,46_20240827 09,1410.02
7618,46_20240827 10,1368.57
7619,46_20240827 11,1434.39
7620,46_20240827 12,1299.43
7621,46_20240827 13,1435.25
7622,46_20240827 14,1461.61
7623,46_20240827 15,1457.54
7624,46_20240827 16,1393.33
7625,46_20240827 17,1301.22
7626,46_20240827 18,1202.51
7627,46_20240827 19,1106.64
7628,46_20240827 20,1050.03
7629,46_20240827 21,1015.95
7630,46_20240827 22,994.59
7631,46_20240827 23,945.64
7632,46_20240828 00,923.72
7633,46_20240828 01,881.27
7634,46_20240828 02,873.59
7635,46_20240828 03,851.34
7636,46_20240828 04,851.57
7637,46_20240828 05,814.16
7638,46_20240828 06,795.1
7639,46_20240828 07,808.33
7640,46_20240828 08,864.69
7641,46_20240828 09,1080.11
7642,46_20240828 10,1187.83
7643,46_20240828 11,1203.64
7644,46_20240828 12,1151.93
7645,46_20240828 13,1318.5
7646,46_20240828 14,1435.69
7647,46_20240828 15,1421.18
7648,46_20240828 16,1387.74
7649,46_20240828 17,1386.21
7650,46_20240828 18,1298.34
7651,46_20240828 19,1187.54
7652,46_20240828 20,1127.33
7653,46_20240828 21,1085.83
7654,46_20240828 22,1022.88
7655,46_20240828 23,945.15
7656,46_20240829 00,975.68
7657,46_20240829 01,899.41
7658,46_20240829 02,859.13
7659,46_20240829 03,861.57
7660,46_20240829 04,849.29
7661,46_20240829 05,826.44
7662,46_20240829 06,812.22
7663,46_20240829 07,836.13
7664,46_20240829 08,885.05
7665,46_20240829 09,999.06
7666,46_20240829 10,1119.66
7667,46_20240829 11,1282.02
7668,46_20240829 12,1032.21
7669,46_20240829 13,1032.36
7670,46_20240829 14,1160.2
7671,46_20240829 15,1262.17
7672,46_20240829 16,1239.39
7673,46_20240829 17,1192.71
7674,46_20240829 18,1186.51
7675,46_20240829 19,1145.51
7676,46_20240829 20,1121.2
7677,46_20240829 21,1103.97
7678,46_20240829 22,1013.91
7679,46_20240829 23,953.54
7680,46_20240830 00,907.45
7681,46_20240830 01,870.82
7682,46_20240830 02,828.12
7683,46_20240830 03,825.84
7684,46_20240830 04,815.12
7685,46_20240830 05,792.75
7686,46_20240830 06,791.35
7687,46_20240830 07,808.69
7688,46_20240830 08,882.26
7689,46_20240830 09,1159.06
7690,46_20240830 10,1185.79
7691,46_20240830 11,1301.22
7692,46_20240830 12,1115.19
7693,46_20240830 13,1371.71
7694,46_20240830 14,1384.84
7695,46_20240830 15,1344.99
7696,46_20240830 16,1404.82
7697,46_20240830 17,1316.76
7698,46_20240830 18,1129.03
7699,46_20240830 19,1074.65
7700,46_20240830 20,1024.66
7701,46_20240830 21,1020.38
7702,46_20240830 22,959.62
7703,46_20240830 23,935.86
7704,46_20240831 00,867.11
7705,46_20240831 01,835.59
7706,46_20240831 02,832.37
7707,46_20240831 03,834.96
7708,46_20240831 04,798.1
7709,46_20240831 05,776.18
7710,46_20240831 06,771.92
7711,46_20240831 07,750.21
7712,46_20240831 08,667.01
7713,46_20240831 09,580.46
7714,46_20240831 10,551.81
7715,46_20240831 11,638.02
7716,46_20240831 12,525.18
7717,46_20240831 13,717.91
7718,46_20240831 14,756.51
7719,46_20240831 15,816.11
7720,46_20240831 16,855.09
7721,46_20240831 17,895.36
7722,46_20240831 18,876.58
7723,46_20240831 19,971.26
7724,46_20240831 20,949.68
7725,46_20240831 21,938.78
7726,46_20240831 22,885.13
7727,46_20240831 23,892.15
7728,47_20240825 00,496.45
7729,47_20240825 01,462.8
7730,47_20240825 02,453.3
7731,47_20240825 03,448.57
7732,47_20240825 04,446.34
7733,47_20240825 05,458.88
7734,47_20240825 06,567.67
7735,47_20240825 07,571.42
7736,47_20240825 08,699.71
7737,47_20240825 09,787.65
7738,47_20240825 10,824.83
7739,47_20240825 11,855.83
7740,47_20240825 12,876.22
7741,47_20240825 13,881.5
7742,47_20240825 14,874.72
7743,47_20240825 15,871.53
7744,47_20240825 16,853.35
7745,47_20240825 17,796.01
7746,47_20240825 18,735.02
7747,47_20240825 19,606.54
7748,47_20240825 20,596.63
7749,47_20240825 21,558.33
7750,47_20240825 22,544.03
7751,47_20240825 23,532.61
7752,47_20240826 00,506.47
7753,47_20240826 01,457.21
7754,47_20240826 02,444.77
7755,47_20240826 03,442.56
7756,47_20240826 04,453.11
7757,47_20240826 05,504.67
7758,47_20240826 06,803.59
7759,47_20240826 07,1251.14
7760,47_20240826 08,1496.58
7761,47_20240826 09,1672.04
7762,47_20240826 10,1734.45
7763,47_20240826 11,1824.5
7764,47_20240826 12,1776.96
7765,47_20240826 13,1799.21
7766,47_20240826 14,1743.86
7767,47_20240826 15,1669.5
7768,47_20240826 16,1592.61
7769,47_20240826 17,1486.53
7770,47_20240826 18,1316.64
7771,47_20240826 19,1077.83
7772,47_20240826 20,906.36
7773,47_20240826 21,724.14
7774,47_20240826 22,646.59
7775,47_20240826 23,578.88
7776,47_20240827 00,533.12
7777,47_20240827 01,487.99
7778,47_20240827 02,478.56
7779,47_20240827 03,474.34
7780,47_20240827 04,482.03
7781,47_20240827 05,525.12
7782,47_20240827 06,817.75
7783,47_20240827 07,1205.48
7784,47_20240827 08,1429.68
7785,47_20240827 09,1611.08
7786,47_20240827 10,1680.47
7787,47_20240827 11,1693.35
7788,47_20240827 12,1705.53
7789,47_20240827 13,1701.58
7790,47_20240827 14,1663.47
7791,47_20240827 15,1566.9
7792,47_20240827 16,1547.93
7793,47_20240827 17,1425.22
7794,47_20240827 18,1322.51
7795,47_20240827 19,1134.46
7796,47_20240827 20,905.54
7797,47_20240827 21,738.13
7798,47_20240827 22,658.84
7799,47_20240827 23,590.81
7800,47_20240828 00,524.39
7801,47_20240828 01,479.44
7802,47_20240828 02,468.45
7803,47_20240828 03,464.82
7804,47_20240828 04,469.9
7805,47_20240828 05,501.53
7806,47_20240828 06,708.25
7807,47_20240828 07,1147.1
7808,47_20240828 08,1444.66
7809,47_20240828 09,1640.53
7810,47_20240828 10,1732.26
7811,47_20240828 11,1738.1
7812,47_20240828 12,1743.49
7813,47_20240828 13,1748.5
7814,47_20240828 14,1713.11
7815,47_20240828 15,1640.09
7816,47_20240828 16,1549.46
7817,47_20240828 17,1460.16
7818,47_20240828 18,1340.09
7819,47_20240828 19,1175.3
7820,47_20240828 20,911.42
7821,47_20240828 21,741.57
7822,47_20240828 22,648.12
7823,47_20240828 23,593.16
7824,47_20240829 00,515.82
7825,47_20240829 01,477.1
7826,47_20240829 02,468.42
7827,47_20240829 03,468.29
7828,47_20240829 04,472.28
7829,47_20240829 05,499.8
7830,47_20240829 06,695.98
7831,47_20240829 07,1093.56
7832,47_20240829 08,1323.97
7833,47_20240829 09,1466.43
7834,47_20240829 10,1516.56
7835,47_20240829 11,1601.6
7836,47_20240829 12,1585.22
7837,47_20240829 13,1605.49
7838,47_20240829 14,1581.69
7839,47_20240829 15,1553.71
7840,47_20240829 16,1517.66
7841,47_20240829 17,1385.73
7842,47_20240829 18,1283.52
7843,47_20240829 19,1144.29
7844,47_20240829 20,885.42
7845,47_20240829 21,713.26
7846,47_20240829 22,647.08
7847,47_20240829 23,580.21
7848,47_20240830 00,526.15
7849,47_20240830 01,481.79
7850,47_20240830 02,471.31
7851,47_20240830 03,463.44
7852,47_20240830 04,473.65
7853,47_20240830 05,502.42
7854,47_20240830 06,715.91
7855,47_20240830 07,1168.35
7856,47_20240830 08,1435.8
7857,47_20240830 09,1639.77
7858,47_20240830 10,1707.96
7859,47_20240830 11,1765.43
7860,47_20240830 12,1752.83
7861,47_20240830 13,1734.48
7862,47_20240830 14,1696.72
7863,47_20240830 15,1614.27
7864,47_20240830 16,1536.55
7865,47_20240830 17,1429.48
7866,47_20240830 18,1310.43
7867,47_20240830 19,1180.79
7868,47_20240830 20,892.42
7869,47_20240830 21,724.29
7870,47_20240830 22,645.7
7871,47_20240830 23,582.33
7872,47_20240831 00,507.44
7873,47_20240831 01,467.44
7874,47_20240831 02,454.51
7875,47_20240831 03,447.06
7876,47_20240831 04,446.99
7877,47_20240831 05,462.47
7878,47_20240831 06,607.5
7879,47_20240831 07,851.99
7880,47_20240831 08,980.13
7881,47_20240831 09,1136.79
7882,47_20240831 10,1172.55
7883,47_20240831 11,1211.35
7884,47_20240831 12,1211.03
7885,47_20240831 13,1227.23
7886,47_20240831 14,1173.64
7887,47_20240831 15,1112.65
7888,47_20240831 16,1075.04
7889,47_20240831 17,948.25
7890,47_20240831 18,879.66
7891,47_20240831 19,804.58
7892,47_20240831 20,751.9
7893,47_20240831 21,644.59
7894,47_20240831 22,588.58
7895,47_20240831 23,551.9
7896,48_20240825 00,4258.35
7897,48_20240825 01,4234.56
7898,48_20240825 02,4158.56
7899,48_20240825 03,4099.07
7900,48_20240825 04,4071.52
7901,48_20240825 05,4007.05
7902,48_20240825 06,4196.07
7903,48_20240825 07,3810.1
7904,48_20240825 08,3638.85
7905,48_20240825 09,3644.03
7906,48_20240825 10,3764.82
7907,48_20240825 11,3849.41
7908,48_20240825 12,3860.12
7909,48_20240825 13,3817.95
7910,48_20240825 14,3842.47
7911,48_20240825 15,3595.61
7912,48_20240825 16,3613.69
7913,48_20240825 17,3610.18
7914,48_20240825 18,3637.19
7915,48_20240825 19,3616.24
7916,48_20240825 20,3596.44
7917,48_20240825 21,3581.61
7918,48_20240825 22,4128.61
7919,48_20240825 23,4339.52
7920,48_20240826 00,4151.2
7921,48_20240826 01,4138.55
7922,48_20240826 02,4143.75
7923,48_20240826 03,4119.26
7924,48_20240826 04,4024.83
7925,48_20240826 05,4101.23
7926,48_20240826 06,4235.81
7927,48_20240826 07,4007.61
7928,48_20240826 08,4173.99
7929,48_20240826 09,4484.31
7930,48_20240826 10,4521.33
7931,48_20240826 11,4594.09
7932,48_20240826 12,4666.36
7933,48_20240826 13,4565.8
7934,48_20240826 14,4578.99
7935,48_20240826 15,4479.88
7936,48_20240826 16,4478.43
7937,48_20240826 17,4369.36
7938,48_20240826 18,3975.85
7939,48_20240826 19,3617.49
7940,48_20240826 20,3723.63
7941,48_20240826 21,3727.33
7942,48_20240826 22,4123.11
7943,48_20240826 23,4243.04
7944,48_20240827 00,4341.39
7945,48_20240827 01,4254.92
7946,48_20240827 02,4367.79
7947,48_20240827 03,4266.66
7948,48_20240827 04,4315.69
7949,48_20240827 05,4075.52
7950,48_20240827 06,4250.97
7951,48_20240827 07,4179.11
7952,48_20240827 08,4208.79
7953,48_20240827 09,4133.39
7954,48_20240827 10,4302.96
7955,48_20240827 11,4233.72
7956,48_20240827 12,4246.78
7957,48_20240827 13,4223.03
7958,48_20240827 14,4175.13
7959,48_20240827 15,4072.25
7960,48_20240827 16,4139.06
7961,48_20240827 17,4129.26
7962,48_20240827 18,3836.01
7963,48_20240827 19,3678.21
7964,48_20240827 20,3672.14
7965,48_20240827 21,3668.08
7966,48_20240827 22,4132.92
7967,48_20240827 23,4185.97
7968,48_20240828 00,4110.31
7969,48_20240828 01,4051.63
7970,48_20240828 02,4061.48
7971,48_20240828 03,4049.98
7972,48_20240828 04,4059.39
7973,48_20240828 05,3927.33
7974,48_20240828 06,4118.96
7975,48_20240828 07,4026.24
7976,48_20240828 08,4049.91
7977,48_20240828 09,4191.34
7978,48_20240828 10,4253.62
7979,48_20240828 11,4199.89
7980,48_20240828 12,4289.86
7981,48_20240828 13,4348.13
7982,48_20240828 14,4314.03
7983,48_20240828 15,4317.58
7984,48_20240828 16,4509.74
7985,48_20240828 17,4418.81
7986,48_20240828 18,4081.96
7987,48_20240828 19,3846.69
7988,48_20240828 20,3776.71
7989,48_20240828 21,3719.29
7990,48_20240828 22,3998.79
7991,48_20240828 23,4146.18
7992,48_20240829 00,4061.41
7993,48_20240829 01,4169.37
7994,48_20240829 02,4056.98
7995,48_20240829 03,4069.83
7996,48_20240829 04,3998.33
7997,48_20240829 05,3983.47
7998,48_20240829 06,4070.07
7999,48_20240829 07,3919.05
8000,48_20240829 08,3888.5
8001,48_20240829 09,4031.81
8002,48_20240829 10,4112.05
8003,48_20240829 11,4111.41
8004,48_20240829 12,4283.73
8005,48_20240829 13,4182.07
8006,48_20240829 14,4119.6
8007,48_20240829 15,4128.7
8008,48_20240829 16,4261.53
8009,48_20240829 17,4264.99
8010,48_20240829 18,3963.32
8011,48_20240829 19,3738.45
8012,48_20240829 20,3697.96
8013,48_20240829 21,3553.21
8014,48_20240829 22,3960.33
8015,48_20240829 23,4053.38
8016,48_20240830 00,4095.07
8017,48_20240830 01,4170.66
8018,48_20240830 02,4129.89
8019,48_20240830 03,4023.4
8020,48_20240830 04,4031.81
8021,48_20240830 05,3998.81
8022,48_20240830 06,4112.22
8023,48_20240830 07,4124.73
8024,48_20240830 08,4088.7
8025,48_20240830 09,4365.49
8026,48_20240830 10,4510.6
8027,48_20240830 11,4366.03
8028,48_20240830 12,4457.83
8029,48_20240830 13,4368.02
8030,48_20240830 14,4279.97
8031,48_20240830 15,4349.67
8032,48_20240830 16,4558.66
8033,48_20240830 17,4359.64
8034,48_20240830 18,3939.37
8035,48_20240830 19,3682.16
8036,48_20240830 20,3631.28
8037,48_20240830 21,3563.33
8038,48_20240830 22,3981.34
8039,48_20240830 23,4214.54
8040,48_20240831 00,4118.71
8041,48_20240831 01,4064.92
8042,48_20240831 02,3957.84
8043,48_20240831 03,3933.7
8044,48_20240831 04,3997.05
8045,48_20240831 05,3997.95
8046,48_20240831 06,4053.54
8047,48_20240831 07,3623.92
8048,48_20240831 08,3539.51
8049,48_20240831 09,3670.91
8050,48_20240831 10,3713.59
8051,48_20240831 11,3810.41
8052,48_20240831 12,3795.8
8053,48_20240831 13,3750.38
8054,48_20240831 14,3800.1
8055,48_20240831 15,3746.2
8056,48_20240831 16,3541.33
8057,48_20240831 17,3662.62
8058,48_20240831 18,3499.97
8059,48_20240831 19,3312.68
8060,48_20240831 20,3397.2
8061,48_20240831 21,3350.83
8062,48_20240831 22,3774.69
8063,48_20240831 23,4093.04
8064,49_20240825 00,621.76
8065,49_20240825 01,584.79
8066,49_20240825 02,589.09
8067,49_20240825 03,572.81
8068,49_20240825 04,572.39
8069,49_20240825 05,573.59
8070,49_20240825 06,585.89
8071,49_20240825 07,582.48
8072,49_20240825 08,577.57
8073,49_20240825 09,572.5
8074,49_20240825 10,578.48
8075,49_20240825 11,666.42
8076,49_20240825 12,644.04
8077,49_20240825 13,600.43
8078,49_20240825 14,652.04
8079,49_20240825 15,671.26
8080,49_20240825 16,686.3
8081,49_20240825 17,713.41
8082,49_20240825 18,703.67
8083,49_20240825 19,685.11
8084,49_20240825 20,669.31
8085,49_20240825 21,696.49
8086,49_20240825 22,1081.14
8087,49_20240825 23,1106.84
8088,49_20240826 00,1483.25
8089,49_20240826 01,1475.72
8090,49_20240826 02,1512.42
8091,49_20240826 03,1457.33
8092,49_20240826 04,1502.56
8093,49_20240826 05,1465.6
8094,49_20240826 06,1625.2
8095,49_20240826 07,1690.82
8096,49_20240826 08,1622.17
8097,49_20240826 09,1667.93
8098,49_20240826 10,1606.64
8099,49_20240826 11,1573.23
8100,49_20240826 12,1533.38
8101,49_20240826 13,1526.2
8102,49_20240826 14,1609.37
8103,49_20240826 15,1717.21
8104,49_20240826 16,1864.16
8105,49_20240826 17,1828.54
8106,49_20240826 18,1691.0
8107,49_20240826 19,1024.66
8108,49_20240826 20,910.37
8109,49_20240826 21,890.9
8110,49_20240826 22,1192.0
8111,49_20240826 23,1307.21
8112,49_20240827 00,1473.98
8113,49_20240827 01,1477.11
8114,49_20240827 02,1489.18
8115,49_20240827 03,1489.32
8116,49_20240827 04,1479.12
8117,49_20240827 05,1500.12
8118,49_20240827 06,1634.15
8119,49_20240827 07,1617.54
8120,49_20240827 08,1589.06
8121,49_20240827 09,1440.79
8122,49_20240827 10,1534.96
8123,49_20240827 11,1476.47
8124,49_20240827 12,1433.69
8125,49_20240827 13,1427.74
8126,49_20240827 14,1505.2
8127,49_20240827 15,1518.65
8128,49_20240827 16,1595.92
8129,49_20240827 17,1605.5
8130,49_20240827 18,1464.07
8131,49_20240827 19,1067.23
8132,49_20240827 20,882.54
8133,49_20240827 21,888.82
8134,49_20240827 22,1170.72
8135,49_20240827 23,1217.47
8136,49_20240828 00,1323.76
8137,49_20240828 01,1328.11
8138,49_20240828 02,1352.83
8139,49_20240828 03,1278.19
8140,49_20240828 04,1304.98
8141,49_20240828 05,1254.47
8142,49_20240828 06,1345.01
8143,49_20240828 07,1397.42
8144,49_20240828 08,1396.78
8145,49_20240828 09,1419.29
8146,49_20240828 10,1381.27
8147,49_20240828 11,1388.05
8148,49_20240828 12,1391.01
8149,49_20240828 13,1425.87
8150,49_20240828 14,1493.45
8151,49_20240828 15,1605.31
8152,49_20240828 16,1733.58
8153,49_20240828 17,1669.42
8154,49_20240828 18,1578.97
8155,49_20240828 19,1059.6
8156,49_20240828 20,879.97
8157,49_20240828 21,862.52
8158,49_20240828 22,1089.89
8159,49_20240828 23,1197.1
8160,49_20240829 00,1208.93
8161,49_20240829 01,1282.6
8162,49_20240829 02,1241.15
8163,49_20240829 03,1279.7
8164,49_20240829 04,1280.31
8165,49_20240829 05,1304.13
8166,49_20240829 06,1303.44
8167,49_20240829 07,1223.95
8168,49_20240829 08,980.32
8169,49_20240829 09,924.32
8170,49_20240829 10,1027.08
8171,49_20240829 11,1106.82
8172,49_20240829 12,1258.67
8173,49_20240829 13,1183.08
8174,49_20240829 14,1336.81
8175,49_20240829 15,1357.7
8176,49_20240829 16,1424.07
8177,49_20240829 17,1399.15
8178,49_20240829 18,1371.13
8179,49_20240829 19,954.9
8180,49_20240829 20,849.28
8181,49_20240829 21,794.36
8182,49_20240829 22,1099.06
8183,49_20240829 23,1183.44
8184,49_20240830 00,1342.54
8185,49_20240830 01,1359.43
8186,49_20240830 02,1377.39
8187,49_20240830 03,1284.7
8188,49_20240830 04,1349.63
8189,49_20240830 05,1380.9
8190,49_20240830 06,1462.35
8191,49_20240830 07,1538.53
8192,49_20240830 08,1464.43
8193,49_20240830 09,1434.74
8194,49_20240830 10,1476.56
8195,49_20240830 11,1413.14
8196,49_20240830 12,1511.94
8197,49_20240830 13,1488.34
8198,49_20240830 14,1582.88
8199,49_20240830 15,1648.83
8200,49_20240830 16,1773.72
8201,49_20240830 17,1666.17
8202,49_20240830 18,1416.4
8203,49_20240830 19,994.85
8204,49_20240830 20,817.54
8205,49_20240830 21,743.24
8206,49_20240830 22,706.37
8207,49_20240830 23,767.67
8208,49_20240831 00,587.92
8209,49_20240831 01,585.28
8210,49_20240831 02,572.03
8211,49_20240831 03,572.46
8212,49_20240831 04,574.42
8213,49_20240831 05,565.58
8214,49_20240831 06,544.44
8215,49_20240831 07,549.99
8216,49_20240831 08,547.29
8217,49_20240831 09,550.71
8218,49_20240831 10,550.01
8219,49_20240831 11,612.38
8220,49_20240831 12,573.95
8221,49_20240831 13,549.06
8222,49_20240831 14,609.85
8223,49_20240831 15,559.99
8224,49_20240831 16,632.94
8225,49_20240831 17,644.14
8226,49_20240831 18,604.1
8227,49_20240831 19,610.86
8228,49_20240831 20,602.23
8229,49_20240831 21,586.95
8230,49_20240831 22,619.61
8231,49_20240831 23,630.68
8232,50_20240825 00,1542.58
8233,50_20240825 01,1545.18
8234,50_20240825 02,1535.41
8235,50_20240825 03,1571.4
8236,50_20240825 04,1542.06
8237,50_20240825 05,1530.2
8238,50_20240825 06,1501.24
8239,50_20240825 07,1433.23
8240,50_20240825 08,1203.98
8241,50_20240825 09,1168.29
8242,50_20240825 10,1069.54
8243,50_20240825 11,1023.86
8244,50_20240825 12,1131.07
8245,50_20240825 13,1114.05
8246,50_20240825 14,1126.5
8247,50_20240825 15,1179.17
8248,50_20240825 16,1268.92
8249,50_20240825 17,1339.97
8250,50_20240825 18,1351.91
8251,50_20240825 19,1550.92
8252,50_20240825 20,1621.06
8253,50_20240825 21,1583.3
8254,50_20240825 22,1569.84
8255,50_20240825 23,1561.96
8256,50_20240826 00,1719.53
8257,50_20240826 01,1715.88
8258,50_20240826 02,1695.22
8259,50_20240826 03,1606.52
8260,50_20240826 04,1691.35
8261,50_20240826 05,1736.33
8262,50_20240826 06,2133.12
8263,50_20240826 07,2298.91
8264,50_20240826 08,2440.12
8265,50_20240826 09,2588.34
8266,50_20240826 10,2431.57
8267,50_20240826 11,2281.94
8268,50_20240826 12,2394.78
8269,50_20240826 13,2315.01
8270,50_20240826 14,2340.11
8271,50_20240826 15,2384.15
8272,50_20240826 16,2490.93
8273,50_20240826 17,2455.99
8274,50_20240826 18,2197.8
8275,50_20240826 19,1950.8
8276,50_20240826 20,1775.73
8277,50_20240826 21,1736.75
8278,50_20240826 22,1688.73
8279,50_20240826 23,1690.28
8280,50_20240827 00,1767.33
8281,50_20240827 01,1736.5
8282,50_20240827 02,1729.17
8283,50_20240827 03,1687.98
8284,50_20240827 04,1725.47
8285,50_20240827 05,1848.38
8286,50_20240827 06,2157.95
8287,50_20240827 07,2363.97
8288,50_20240827 08,2446.59
8289,50_20240827 09,2609.34
8290,50_20240827 10,2550.97
8291,50_20240827 11,2447.15
8292,50_20240827 12,2334.05
8293,50_20240827 13,2390.44
8294,50_20240827 14,2482.66
8295,50_20240827 15,2479.61
8296,50_20240827 16,2525.17
8297,50_20240827 17,2402.32
8298,50_20240827 18,2170.93
8299,50_20240827 19,1822.99
8300,50_20240827 20,1698.64
8301,50_20240827 21,1645.01
8302,50_20240827 22,1611.34
8303,50_20240827 23,1621.75
8304,50_20240828 00,1550.99
8305,50_20240828 01,1542.18
8306,50_20240828 02,1586.35
8307,50_20240828 03,1581.01
8308,50_20240828 04,1548.23
8309,50_20240828 05,1683.13
8310,50_20240828 06,1966.9
8311,50_20240828 07,2147.14
8312,50_20240828 08,2319.14
8313,50_20240828 09,2361.51
8314,50_20240828 10,2293.09
8315,50_20240828 11,2262.36
8316,50_20240828 12,2273.59
8317,50_20240828 13,2327.34
8318,50_20240828 14,2325.44
8319,50_20240828 15,2379.31
8320,50_20240828 16,2432.97
8321,50_20240828 17,2348.86
8322,50_20240828 18,1989.71
8323,50_20240828 19,1742.38
8324,50_20240828 20,1623.71
8325,50_20240828 21,1580.07
8326,50_20240828 22,1598.53
8327,50_20240828 23,1624.94
8328,50_20240829 00,1596.54
8329,50_20240829 01,1572.36
8330,50_20240829 02,1569.53
8331,50_20240829 03,1552.32
8332,50_20240829 04,1558.05
8333,50_20240829 05,1641.78
8334,50_20240829 06,1937.71
8335,50_20240829 07,2115.7
8336,50_20240829 08,2120.85
8337,50_20240829 09,1963.88
8338,50_20240829 10,2043.07
8339,50_20240829 11,2083.15
8340,50_20240829 12,1859.67
8341,50_20240829 13,2149.55
8342,50_20240829 14,1843.76
8343,50_20240829 15,1824.06
8344,50_20240829 16,1857.38
8345,50_20240829 17,1913.77
8346,50_20240829 18,1845.97
8347,50_20240829 19,1686.03
8348,50_20240829 20,1633.5
8349,50_20240829 21,1602.55
8350,50_20240829 22,1629.87
8351,50_20240829 23,1654.68
8352,50_20240830 00,1644.7
8353,50_20240830 01,1605.7
8354,50_20240830 02,1597.77
8355,50_20240830 03,1620.67
8356,50_20240830 04,1639.1
8357,50_20240830 05,1640.97
8358,50_20240830 06,1908.85
8359,50_20240830 07,2149.77
8360,50_20240830 08,2185.14
8361,50_20240830 09,2203.34
8362,50_20240830 10,2212.95
8363,50_20240830 11,2163.31
8364,50_20240830 12,2159.9
8365,50_20240830 13,2168.59
8366,50_20240830 14,2251.93
8367,50_20240830 15,2335.38
8368,50_20240830 16,2395.67
8369,50_20240830 17,2463.36
8370,50_20240830 18,2186.26
8371,50_20240830 19,1783.8
8372,50_20240830 20,1613.28
8373,50_20240830 21,1529.69
8374,50_20240830 22,1537.29
8375,50_20240830 23,1547.23
8376,50_20240831 00,1449.31
8377,50_20240831 01,1443.04
8378,50_20240831 02,1453.71
8379,50_20240831 03,1441.12
8380,50_20240831 04,1427.34
8381,50_20240831 05,1426.05
8382,50_20240831 06,1431.51
8383,50_20240831 07,1333.52
8384,50_20240831 08,1154.33
8385,50_20240831 09,1068.75
8386,50_20240831 10,1037.13
8387,50_20240831 11,955.68
8388,50_20240831 12,1069.66
8389,50_20240831 13,1072.13
8390,50_20240831 14,1123.38
8391,50_20240831 15,1201.95
8392,50_20240831 16,1224.5
8393,50_20240831 17,1313.59
8394,50_20240831 18,1372.11
8395,50_20240831 19,1420.01
8396,50_20240831 20,1472.13
8397,50_20240831 21,1419.75
8398,50_20240831 22,1420.79
8399,50_20240831 23,1439.26
8400,51_20240825 00,3290.64
8401,51_20240825 01,3231.99
8402,51_20240825 02,3211.87
8403,51_20240825 03,3218.58
8404,51_20240825 04,3209.5
8405,51_20240825 05,3199.62
8406,51_20240825 06,3199.07
8407,51_20240825 07,3213.92
8408,51_20240825 08,3281.51
8409,51_20240825 09,3305.92
8410,51_20240825 10,3330.6
8411,51_20240825 11,3332.78
8412,51_20240825 12,3320.62
8413,51_20240825 13,3307.81
8414,51_20240825 14,3313.63
8415,51_20240825 15,3321.74
8416,51_20240825 16,3311.11
8417,51_20240825 17,3308.63
8418,51_20240825 18,3314.32
8419,51_20240825 19,3294.05
8420,51_20240825 20,3283.22
8421,51_20240825 21,3296.81
8422,51_20240825 22,3278.78
8423,51_20240825 23,3290.08
8424,51_20240826 00,3255.97
8425,51_20240826 01,3242.56
8426,51_20240826 02,3241.41
8427,51_20240826 03,3241.39
8428,51_20240826 04,3240.49
8429,51_20240826 05,3234.35
8430,51_20240826 06,3253.63
8431,51_20240826 07,3298.15
8432,51_20240826 08,3354.82
8433,51_20240826 09,3437.03
8434,51_20240826 10,3449.29
8435,51_20240826 11,3468.26
8436,51_20240826 12,3498.97
8437,51_20240826 13,3477.31
8438,51_20240826 14,3487.7
8439,51_20240826 15,3499.5
8440,51_20240826 16,3510.06
8441,51_20240826 17,3460.56
8442,51_20240826 18,3441.31
8443,51_20240826 19,3289.56
8444,51_20240826 20,3305.14
8445,51_20240826 21,3342.03
8446,51_20240826 22,3328.1
8447,51_20240826 23,3287.98
8448,51_20240827 00,3301.3
8449,51_20240827 01,3287.44
8450,51_20240827 02,3315.77
8451,51_20240827 03,3317.72
8452,51_20240827 04,3313.88
8453,51_20240827 05,3281.9
8454,51_20240827 06,3290.92
8455,51_20240827 07,3315.74
8456,51_20240827 08,3348.78
8457,51_20240827 09,3360.94
8458,51_20240827 10,3393.07
8459,51_20240827 11,3367.23
8460,51_20240827 12,3371.1
8461,51_20240827 13,3383.98
8462,51_20240827 14,3428.16
8463,51_20240827 15,3424.59
8464,51_20240827 16,3429.31
8465,51_20240827 17,3415.39
8466,51_20240827 18,3392.72
8467,51_20240827 19,3319.99
8468,51_20240827 20,3311.1
8469,51_20240827 21,3327.77
8470,51_20240827 22,3319.08
8471,51_20240827 23,3276.16
8472,51_20240828 00,3238.02
8473,51_20240828 01,3210.77
8474,51_20240828 02,3190.62
8475,51_20240828 03,3191.51
8476,51_20240828 04,3203.62
8477,51_20240828 05,3177.33
8478,51_20240828 06,3176.93
8479,51_20240828 07,3221.32
8480,51_20240828 08,3315.67
8481,51_20240828 09,3367.84
8482,51_20240828 10,3391.61
8483,51_20240828 11,3375.08
8484,51_20240828 12,3382.39
8485,51_20240828 13,3400.29
8486,51_20240828 14,3404.66
8487,51_20240828 15,3429.29
8488,51_20240828 16,3451.17
8489,51_20240828 17,3430.59
8490,51_20240828 18,3396.9
8491,51_20240828 19,3353.42
8492,51_20240828 20,3348.05
8493,51_20240828 21,3340.02
8494,51_20240828 22,3312.39
8495,51_20240828 23,3277.46
8496,51_20240829 00,3238.26
8497,51_20240829 01,3219.2
8498,51_20240829 02,3211.95
8499,51_20240829 03,3201.24
8500,51_20240829 04,3192.4
8501,51_20240829 05,3178.81
8502,51_20240829 06,3180.27
8503,51_20240829 07,3231.88
8504,51_20240829 08,3282.54
8505,51_20240829 09,3302.65
8506,51_20240829 10,3349.02
8507,51_20240829 11,3334.18
8508,51_20240829 12,3346.49
8509,51_20240829 13,3346.66
8510,51_20240829 14,3369.22
8511,51_20240829 15,3369.29
8512,51_20240829 16,3387.76
8513,51_20240829 17,3373.59
8514,51_20240829 18,3354.74
8515,51_20240829 19,3328.45
8516,51_20240829 20,3302.0
8517,51_20240829 21,3262.23
8518,51_20240829 22,3253.88
8519,51_20240829 23,3238.45
8520,51_20240830 00,3254.6
8521,51_20240830 01,3239.04
8522,51_20240830 02,3235.25
8523,51_20240830 03,3204.63
8524,51_20240830 04,3210.5
8525,51_20240830 05,3196.01
8526,51_20240830 06,3204.91
8527,51_20240830 07,3282.91
8528,51_20240830 08,3340.11
8529,51_20240830 09,3399.37
8530,51_20240830 10,3439.64
8531,51_20240830 11,3394.07
8532,51_20240830 12,3404.22
8533,51_20240830 13,3401.14
8534,51_20240830 14,3419.34
8535,51_20240830 15,3437.56
8536,51_20240830 16,3456.97
8537,51_20240830 17,3449.04
8538,51_20240830 18,3389.44
8539,51_20240830 19,3324.0
8540,51_20240830 20,3297.93
8541,51_20240830 21,3288.61
8542,51_20240830 22,3274.82
8543,51_20240830 23,3247.04
8544,51_20240831 00,3230.46
8545,51_20240831 01,3194.18
8546,51_20240831 02,3193.75
8547,51_20240831 03,3187.11
8548,51_20240831 04,3191.34
8549,51_20240831 05,3174.41
8550,51_20240831 06,3169.26
8551,51_20240831 07,3175.12
8552,51_20240831 08,3192.27
8553,51_20240831 09,3218.43
8554,51_20240831 10,3236.1
8555,51_20240831 11,3259.39
8556,51_20240831 12,3248.04
8557,51_20240831 13,3295.89
8558,51_20240831 14,3311.61
8559,51_20240831 15,3328.6
8560,51_20240831 16,3294.38
8561,51_20240831 17,3321.12
8562,51_20240831 18,3257.63
8563,51_20240831 19,3239.16
8564,51_20240831 20,3250.29
8565,51_20240831 21,3259.05
8566,51_20240831 22,3222.55
8567,51_20240831 23,3211.76
8568,52_20240825 00,4974.96
8569,52_20240825 01,5029.63
8570,52_20240825 02,5035.56
8571,52_20240825 03,5027.14
8572,52_20240825 04,5024.8
8573,52_20240825 05,5022.24
8574,52_20240825 06,5021.05
8575,52_20240825 07,5027.62
8576,52_20240825 08,5065.95
8577,52_20240825 09,5062.41
8578,52_20240825 10,5065.69
8579,52_20240825 11,5062.72
8580,52_20240825 12,5068.32
8581,52_20240825 13,5077.58
8582,52_20240825 14,5083.52
8583,52_20240825 15,5070.65
8584,52_20240825 16,5061.54
8585,52_20240825 17,5062.89
8586,52_20240825 18,5050.33
8587,52_20240825 19,5080.9
8588,52_20240825 20,5081.32
8589,52_20240825 21,5061.71
8590,52_20240825 22,4992.21
8591,52_20240825 23,4992.17
8592,52_20240826 00,5047.33
8593,52_20240826 01,5089.54
8594,52_20240826 02,4921.28
8595,52_20240826 03,5070.46
8596,52_20240826 04,5046.16
8597,52_20240826 05,5064.86
8598,52_20240826 06,5076.18
8599,52_20240826 07,4931.64
8600,52_20240826 08,5151.26
8601,52_20240826 09,5185.94
8602,52_20240826 10,5196.43
8603,52_20240826 11,5204.78
8604,52_20240826 12,5215.55
8605,52_20240826 13,5202.24
8606,52_20240826 14,5194.85
8607,52_20240826 15,5214.9
8608,52_20240826 16,5210.94
8609,52_20240826 17,5177.88
8610,52_20240826 18,5151.54
8611,52_20240826 19,5085.73
8612,52_20240826 20,5096.82
8613,52_20240826 21,5089.15
8614,52_20240826 22,5097.89
8615,52_20240826 23,5104.6
8616,52_20240827 00,5098.24
8617,52_20240827 01,5100.18
8618,52_20240827 02,5114.77
8619,52_20240827 03,4798.03
8620,52_20240827 04,4791.46
8621,52_20240827 05,5107.8
8622,52_20240827 06,5098.33
8623,52_20240827 07,4811.34
8624,52_20240827 08,5150.35
8625,52_20240827 09,5175.89
8626,52_20240827 10,5177.86
8627,52_20240827 11,5111.36
8628,52_20240827 12,5120.83
8629,52_20240827 13,5152.95
8630,52_20240827 14,5179.18
8631,52_20240827 15,5181.87
8632,52_20240827 16,5179.03
8633,52_20240827 17,5156.97
8634,52_20240827 18,5135.42
8635,52_20240827 19,5115.48
8636,52_20240827 20,5119.81
8637,52_20240827 21,5086.23
8638,52_20240827 22,5060.21
8639,52_20240827 23,5048.44
8640,52_20240828 00,5035.22
8641,52_20240828 01,5035.96
8642,52_20240828 02,5044.19
8643,52_20240828 03,5035.11
8644,52_20240828 04,5033.98
8645,52_20240828 05,5021.36
8646,52_20240828 06,5021.55
8647,52_20240828 07,5052.0
8648,52_20240828 08,5107.52
8649,52_20240828 09,5129.63
8650,52_20240828 10,5118.01
8651,52_20240828 11,5123.23
8652,52_20240828 12,5131.14
8653,52_20240828 13,5154.11
8654,52_20240828 14,5150.86
8655,52_20240828 15,5147.94
8656,52_20240828 16,5171.8
8657,52_20240828 17,5143.71
8658,52_20240828 18,5126.02
8659,52_20240828 19,5099.55
8660,52_20240828 20,5087.99
8661,52_20240828 21,5087.75
8662,52_20240828 22,5105.26
8663,52_20240828 23,5118.76
8664,52_20240829 00,5095.94
8665,52_20240829 01,5075.86
8666,52_20240829 02,5069.05
8667,52_20240829 03,5042.2
8668,52_20240829 04,5034.05
8669,52_20240829 05,5032.16
8670,52_20240829 06,5031.24
8671,52_20240829 07,5062.17
8672,52_20240829 08,5116.15
8673,52_20240829 09,5122.32
8674,52_20240829 10,5130.66
8675,52_20240829 11,5109.24
8676,52_20240829 12,5121.29
8677,52_20240829 13,5137.82
8678,52_20240829 14,5138.02
8679,52_20240829 15,5156.13
8680,52_20240829 16,5160.91
8681,52_20240829 17,5136.17
8682,52_20240829 18,5114.06
8683,52_20240829 19,5092.26
8684,52_20240829 20,5084.22
8685,52_20240829 21,5073.21
8686,52_20240829 22,5094.24
8687,52_20240829 23,5104.49
8688,52_20240830 00,5090.21
8689,52_20240830 01,5075.74
8690,52_20240830 02,5041.02
8691,52_20240830 03,5036.18
8692,52_20240830 04,5031.12
8693,52_20240830 05,5025.91
8694,52_20240830 06,5035.26
8695,52_20240830 07,5067.16
8696,52_20240830 08,5141.96
8697,52_20240830 09,5142.82
8698,52_20240830 10,5134.88
8699,52_20240830 11,5136.9
8700,52_20240830 12,5150.17
8701,52_20240830 13,5158.8
8702,52_20240830 14,5154.49
8703,52_20240830 15,5181.13
8704,52_20240830 16,5177.57
8705,52_20240830 17,5148.49
8706,52_20240830 18,5128.11
8707,52_20240830 19,5103.96
8708,52_20240830 20,5092.54
8709,52_20240830 21,5045.06
8710,52_20240830 22,5043.88
8711,52_20240830 23,5047.39
8712,52_20240831 00,4919.27
8713,52_20240831 01,5015.46
8714,52_20240831 02,5011.43
8715,52_20240831 03,5009.42
8716,52_20240831 04,5006.65
8717,52_20240831 05,5019.54
8718,52_20240831 06,5008.08
8719,52_20240831 07,4998.08
8720,52_20240831 08,5002.65
8721,52_20240831 09,5015.63
8722,52_20240831 10,5031.19
8723,52_20240831 11,5029.66
8724,52_20240831 12,5024.53
8725,52_20240831 13,5016.47
8726,52_20240831 14,5022.16
8727,52_20240831 15,5021.09
8728,52_20240831 16,5029.07
8729,52_20240831 17,5031.94
8730,52_20240831 18,5034.46
8731,52_20240831 19,5024.69
8732,52_20240831 20,5001.71
8733,52_20240831 21,4974.79
8734,52_20240831 22,5009.67
8735,52_20240831 23,4997.67
8736,53_20240825 00,1432.23
8737,53_20240825 01,1422.83
8738,53_20240825 02,1417.46
8739,53_20240825 03,1409.28
8740,53_20240825 04,1399.45
8741,53_20240825 05,1412.38
8742,53_20240825 06,1424.6
8743,53_20240825 07,1376.2
8744,53_20240825 08,1377.48
8745,53_20240825 09,1235.55
8746,53_20240825 10,1355.73
8747,53_20240825 11,1131.18
8748,53_20240825 12,924.53
8749,53_20240825 13,1417.58
8750,53_20240825 14,1413.33
8751,53_20240825 15,1384.33
8752,53_20240825 16,1273.64
8753,53_20240825 17,1317.57
8754,53_20240825 18,1203.78
8755,53_20240825 19,1276.89
8756,53_20240825 20,1307.22
8757,53_20240825 21,1306.85
8758,53_20240825 22,1322.2
8759,53_20240825 23,1370.63
8760,53_20240826 00,1246.84
8761,53_20240826 01,1239.31
8762,53_20240826 02,1261.1
8763,53_20240826 03,1276.03
8764,53_20240826 04,1267.57
8765,53_20240826 05,1338.89
8766,53_20240826 06,1418.33
8767,53_20240826 07,1492.26
8768,53_20240826 08,1635.75
8769,53_20240826 09,1999.59
8770,53_20240826 10,2010.87
8771,53_20240826 11,2017.79
8772,53_20240826 12,2083.62
8773,53_20240826 13,2029.73
8774,53_20240826 14,2066.21
8775,53_20240826 15,2161.88
8776,53_20240826 16,2141.2
8777,53_20240826 17,2038.8
8778,53_20240826 18,1900.2
8779,53_20240826 19,1700.76
8780,53_20240826 20,1632.53
8781,53_20240826 21,1639.97
8782,53_20240826 22,1588.71
8783,53_20240826 23,1510.03
8784,53_20240827 00,1613.28
8785,53_20240827 01,1589.75
8786,53_20240827 02,1592.44
8787,53_20240827 03,1592.22
8788,53_20240827 04,1602.92
8789,53_20240827 05,1635.19
8790,53_20240827 06,1682.08
8791,53_20240827 07,1777.96
8792,53_20240827 08,1915.66
8793,53_20240827 09,1781.45
8794,53_20240827 10,2068.31
8795,53_20240827 11,2084.46
8796,53_20240827 12,2099.28
8797,53_20240827 13,2192.6
8798,53_20240827 14,2151.0
8799,53_20240827 15,2150.83
8800,53_20240827 16,2132.58
8801,53_20240827 17,2028.53
8802,53_20240827 18,1882.63
8803,53_20240827 19,1769.25
8804,53_20240827 20,1625.18
8805,53_20240827 21,1661.15
8806,53_20240827 22,1642.49
8807,53_20240827 23,1563.07
8808,53_20240828 00,1589.56
8809,53_20240828 01,1572.89
8810,53_20240828 02,1594.66
8811,53_20240828 03,1552.75
8812,53_20240828 04,1595.09
8813,53_20240828 05,1605.05
8814,53_20240828 06,1463.19
8815,53_20240828 07,1670.75
8816,53_20240828 08,1836.31
8817,53_20240828 09,1875.49
8818,53_20240828 10,2012.6
8819,53_20240828 11,1969.64
8820,53_20240828 12,2098.55
8821,53_20240828 13,2079.29
8822,53_20240828 14,2130.39
8823,53_20240828 15,2157.8
8824,53_20240828 16,2223.26
8825,53_20240828 17,2089.76
8826,53_20240828 18,2023.73
8827,53_20240828 19,1830.53
8828,53_20240828 20,1802.67
8829,53_20240828 21,1791.59
8830,53_20240828 22,1668.72
8831,53_20240828 23,1628.67
8832,53_20240829 00,1584.02
8833,53_20240829 01,1531.52
8834,53_20240829 02,1514.33
8835,53_20240829 03,1526.34
8836,53_20240829 04,1544.98
8837,53_20240829 05,1559.81
8838,53_20240829 06,1427.16
8839,53_20240829 07,1735.68
8840,53_20240829 08,1682.15
8841,53_20240829 09,1846.84
8842,53_20240829 10,1951.19
8843,53_20240829 11,1864.29
8844,53_20240829 12,1906.17
8845,53_20240829 13,1927.02
8846,53_20240829 14,1991.47
8847,53_20240829 15,2042.54
8848,53_20240829 16,2069.72
8849,53_20240829 17,1937.39
8850,53_20240829 18,1874.48
8851,53_20240829 19,1788.16
8852,53_20240829 20,1835.51
8853,53_20240829 21,1749.86
8854,53_20240829 22,1660.93
8855,53_20240829 23,1591.73
8856,53_20240830 00,1434.22
8857,53_20240830 01,1428.37
8858,53_20240830 02,1538.64
8859,53_20240830 03,1437.73
8860,53_20240830 04,1589.95
8861,53_20240830 05,1609.91
8862,53_20240830 06,1598.62
8863,53_20240830 07,1733.86
8864,53_20240830 08,1825.16
8865,53_20240830 09,2002.97
8866,53_20240830 10,2006.25
8867,53_20240830 11,1913.01
8868,53_20240830 12,1925.22
8869,53_20240830 13,1946.31
8870,53_20240830 14,2014.11
8871,53_20240830 15,2077.13
8872,53_20240830 16,2003.4
8873,53_20240830 17,1953.37
8874,53_20240830 18,1796.8
8875,53_20240830 19,1658.7
8876,53_20240830 20,1476.79
8877,53_20240830 21,1503.08
8878,53_20240830 22,1604.0
8879,53_20240830 23,1597.08
8880,53_20240831 00,1551.75
8881,53_20240831 01,1376.98
8882,53_20240831 02,1245.6
8883,53_20240831 03,1087.39
8884,53_20240831 04,1383.95
8885,53_20240831 05,1295.37
8886,53_20240831 06,1154.16
8887,53_20240831 07,944.7
8888,53_20240831 08,1143.64
8889,53_20240831 09,1092.4
8890,53_20240831 10,1028.08
8891,53_20240831 11,594.03
8892,53_20240831 12,1420.73
8893,53_20240831 13,1537.58
8894,53_20240831 14,1498.06
8895,53_20240831 15,1557.42
8896,53_20240831 16,1474.84
8897,53_20240831 17,1454.68
8898,53_20240831 18,1407.52
8899,53_20240831 19,1363.1
8900,53_20240831 20,890.45
8901,53_20240831 21,1203.21
8902,53_20240831 22,1379.36
8903,53_20240831 23,1336.03
8904,54_20240825 00,3631.93
8905,54_20240825 01,3208.55
8906,54_20240825 02,2784.25
8907,54_20240825 03,2444.79
8908,54_20240825 04,2061.68
8909,54_20240825 05,1490.29
8910,54_20240825 06,921.24
8911,54_20240825 07,952.65
8912,54_20240825 08,1414.37
8913,54_20240825 09,2118.16
8914,54_20240825 10,4242.65
8915,54_20240825 11,4633.09
8916,54_20240825 12,4549.35
8917,54_20240825 13,4617.62
8918,54_20240825 14,4655.44
8919,54_20240825 15,4243.67
8920,54_20240825 16,4357.77
8921,54_20240825 17,4263.5
8922,54_20240825 18,4093.3
8923,54_20240825 19,4018.43
8924,54_20240825 20,3307.39
8925,54_20240825 21,1772.95
8926,54_20240825 22,2181.88
8927,54_20240825 23,3194.11
8928,54_20240826 00,3283.69
8929,54_20240826 01,2826.48
8930,54_20240826 02,2496.0
8931,54_20240826 03,2213.3
8932,54_20240826 04,2062.23
8933,54_20240826 05,1480.9
8934,54_20240826 06,903.58
8935,54_20240826 07,1159.87
8936,54_20240826 08,1391.75
8937,54_20240826 09,2099.7
8938,54_20240826 10,3209.13
8939,54_20240826 11,3311.7
8940,54_20240826 12,2751.79
8941,54_20240826 13,2804.97
8942,54_20240826 14,3410.74
8943,54_20240826 15,3458.08
8944,54_20240826 16,3047.2
8945,54_20240826 17,3194.25
8946,54_20240826 18,3527.05
8947,54_20240826 19,2946.66
8948,54_20240826 20,2773.52
8949,54_20240826 21,1560.57
8950,54_20240826 22,2114.35
8951,54_20240826 23,3031.85
8952,54_20240827 00,2386.56
8953,54_20240827 01,2100.35
8954,54_20240827 02,1942.02
8955,54_20240827 03,1735.25
8956,54_20240827 04,1664.55
8957,54_20240827 05,1240.74
8958,54_20240827 06,841.85
8959,54_20240827 07,971.41
8960,54_20240827 08,1504.92
8961,54_20240827 09,1928.13
8962,54_20240827 10,3206.14
8963,54_20240827 11,3680.68
8964,54_20240827 12,3980.69
8965,54_20240827 13,3969.31
8966,54_20240827 14,3905.06
8967,54_20240827 15,3891.31
8968,54_20240827 16,4034.8
8969,54_20240827 17,4048.16
8970,54_20240827 18,3750.92
8971,54_20240827 19,3407.33
8972,54_20240827 20,2642.05
8973,54_20240827 21,1442.68
8974,54_20240827 22,2076.18
8975,54_20240827 23,2680.38
8976,54_20240828 00,2966.22
8977,54_20240828 01,2716.59
8978,54_20240828 02,2336.0
8979,54_20240828 03,1896.57
8980,54_20240828 04,1544.2
8981,54_20240828 05,904.73
8982,54_20240828 06,769.19
8983,54_20240828 07,992.09
8984,54_20240828 08,1336.75
8985,54_20240828 09,1960.29
8986,54_20240828 10,3476.6
8987,54_20240828 11,3988.83
8988,54_20240828 12,3950.93
8989,54_20240828 13,4665.25
8990,54_20240828 14,4462.88
8991,54_20240828 15,4169.46
8992,54_20240828 16,4315.98
8993,54_20240828 17,4012.59
8994,54_20240828 18,3928.75
8995,54_20240828 19,3500.27
8996,54_20240828 20,2841.26
8997,54_20240828 21,1577.16
8998,54_20240828 22,2368.73
8999,54_20240828 23,3143.03
9000,54_20240829 00,3206.11
9001,54_20240829 01,2873.47
9002,54_20240829 02,2313.58
9003,54_20240829 03,1406.87
9004,54_20240829 04,980.48
9005,54_20240829 05,893.94
9006,54_20240829 06,765.87
9007,54_20240829 07,944.24
9008,54_20240829 08,1383.34
9009,54_20240829 09,2059.4
9010,54_20240829 10,3324.53
9011,54_20240829 11,3950.76
9012,54_20240829 12,4021.55
9013,54_20240829 13,4229.29
9014,54_20240829 14,4129.48
9015,54_20240829 15,3939.04
9016,54_20240829 16,4208.25
9017,54_20240829 17,4161.15
9018,54_20240829 18,3829.13
9019,54_20240829 19,3683.39
9020,54_20240829 20,2977.26
9021,54_20240829 21,1657.08
9022,54_20240829 22,2306.99
9023,54_20240829 23,3412.59
9024,54_20240830 00,3520.22
9025,54_20240830 01,3181.47
9026,54_20240830 02,2758.62
9027,54_20240830 03,2319.65
9028,54_20240830 04,1997.98
9029,54_20240830 05,1257.44
9030,54_20240830 06,819.64
9031,54_20240830 07,1060.48
9032,54_20240830 08,1397.07
9033,54_20240830 09,2004.22
9034,54_20240830 10,3397.41
9035,54_20240830 11,3901.01
9036,54_20240830 12,3798.69
9037,54_20240830 13,3973.3
9038,54_20240830 14,3821.05
9039,54_20240830 15,3940.4
9040,54_20240830 16,3820.23
9041,54_20240830 17,4120.06
9042,54_20240830 18,3945.45
9043,54_20240830 19,3631.44
9044,54_20240830 20,2873.52
9045,54_20240830 21,1600.74
9046,54_20240830 22,2393.9
9047,54_20240830 23,3217.7
9048,54_20240831 00,3130.28
9049,54_20240831 01,3121.11
9050,54_20240831 02,2531.13
9051,54_20240831 03,1649.52
9052,54_20240831 04,1000.23
9053,54_20240831 05,857.09
9054,54_20240831 06,788.51
9055,54_20240831 07,988.73
9056,54_20240831 08,1350.41
9057,54_20240831 09,1991.0
9058,54_20240831 10,3523.51
9059,54_20240831 11,4250.37
9060,54_20240831 12,4399.5
9061,54_20240831 13,4469.77
9062,54_20240831 14,4189.0
9063,54_20240831 15,4112.22
9064,54_20240831 16,3916.15
9065,54_20240831 17,3932.54
9066,54_20240831 18,3883.14
9067,54_20240831 19,3637.19
9068,54_20240831 20,2924.26
9069,54_20240831 21,1675.31
9070,54_20240831 22,2445.12
9071,54_20240831 23,3414.6
9072,55_20240825 00,8999.74
9073,55_20240825 01,8889.15
9074,55_20240825 02,8644.71
9075,55_20240825 03,8561.72
9076,55_20240825 04,8395.93
9077,55_20240825 05,8300.85
9078,55_20240825 06,8279.36
9079,55_20240825 07,8396.36
9080,55_20240825 08,8577.41
9081,55_20240825 09,8785.95
9082,55_20240825 10,8839.88
9083,55_20240825 11,8983.72
9084,55_20240825 12,9293.28
9085,55_20240825 13,9383.8
9086,55_20240825 14,9480.51
9087,55_20240825 15,9709.46
9088,55_20240825 16,9781.61
9089,55_20240825 17,9825.56
9090,55_20240825 18,9476.86
9091,55_20240825 19,9361.84
9092,55_20240825 20,9263.38
9093,55_20240825 21,9187.79
9094,55_20240825 22,9072.89
9095,55_20240825 23,9100.71
9096,55_20240826 00,9338.59
9097,55_20240826 01,9220.08
9098,55_20240826 02,8865.24
9099,55_20240826 03,8759.29
9100,55_20240826 04,8642.19
9101,55_20240826 05,8652.7
9102,55_20240826 06,8700.88
9103,55_20240826 07,8797.71
9104,55_20240826 08,9141.7
9105,55_20240826 09,10225.08
9106,55_20240826 10,10197.26
9107,55_20240826 11,10252.14
9108,55_20240826 12,10626.99
9109,55_20240826 13,10836.65
9110,55_20240826 14,10735.66
9111,55_20240826 15,10921.65
9112,55_20240826 16,11104.54
9113,55_20240826 17,11263.16
9114,55_20240826 18,10918.1
9115,55_20240826 19,10555.87
9116,55_20240826 20,10334.96
9117,55_20240826 21,9947.07
9118,55_20240826 22,9686.84
9119,55_20240826 23,9611.04
9120,55_20240827 00,9452.75
9121,55_20240827 01,9331.56
9122,55_20240827 02,9230.77
9123,55_20240827 03,9112.15
9124,55_20240827 04,8859.87
9125,55_20240827 05,8810.98
9126,55_20240827 06,8873.59
9127,55_20240827 07,8960.61
9128,55_20240827 08,9321.47
9129,55_20240827 09,10238.34
9130,55_20240827 10,10426.81
9131,55_20240827 11,10355.91
9132,55_20240827 12,10227.64
9133,55_20240827 13,10128.26
9134,55_20240827 14,10261.64
9135,55_20240827 15,10024.17
9136,55_20240827 16,9893.6
9137,55_20240827 17,9559.64
9138,55_20240827 18,9436.04
9139,55_20240827 19,9470.96
9140,55_20240827 20,9325.04
9141,55_20240827 21,9414.74
9142,55_20240827 22,9233.39
9143,55_20240827 23,9175.91
9144,55_20240828 00,9191.2
9145,55_20240828 01,8721.44
9146,55_20240828 02,8715.91
9147,55_20240828 03,8585.26
9148,55_20240828 04,8491.73
9149,55_20240828 05,8555.14
9150,55_20240828 06,8554.31
9151,55_20240828 07,8633.51
9152,55_20240828 08,8814.82
9153,55_20240828 09,9482.49
9154,55_20240828 10,9605.68
9155,55_20240828 11,9882.41
9156,55_20240828 12,10027.38
9157,55_20240828 13,9911.23
9158,55_20240828 14,9822.32
9159,55_20240828 15,10130.52
9160,55_20240828 16,10176.13
9161,55_20240828 17,10083.9
9162,55_20240828 18,10127.1
9163,55_20240828 19,9752.45
9164,55_20240828 20,9677.14
9165,55_20240828 21,9432.25
9166,55_20240828 22,9309.0
9167,55_20240828 23,9260.88
9168,55_20240829 00,9159.04
9169,55_20240829 01,9226.11
9170,55_20240829 02,9035.73
9171,55_20240829 03,9004.68
9172,55_20240829 04,8838.62
9173,55_20240829 05,8853.03
9174,55_20240829 06,9014.1
9175,55_20240829 07,9129.94
9176,55_20240829 08,9363.22
9177,55_20240829 09,10091.56
9178,55_20240829 10,10470.45
9179,55_20240829 11,10483.55
9180,55_20240829 12,10497.33
9181,55_20240829 13,10492.25
9182,55_20240829 14,10173.56
9183,55_20240829 15,10038.76
9184,55_20240829 16,10336.99
9185,55_20240829 17,10315.04
9186,55_20240829 18,10119.94
9187,55_20240829 19,9883.23
9188,55_20240829 20,9771.6
9189,55_20240829 21,9530.42
9190,55_20240829 22,9443.42
9191,55_20240829 23,9238.28
9192,55_20240830 00,9260.22
9193,55_20240830 01,9205.98
9194,55_20240830 02,9007.37
9195,55_20240830 03,8926.56
9196,55_20240830 04,8752.27
9197,55_20240830 05,8642.93
9198,55_20240830 06,8655.15
9199,55_20240830 07,8777.42
9200,55_20240830 08,8824.7
9201,55_20240830 09,9672.54
9202,55_20240830 10,9779.52
9203,55_20240830 11,9784.53
9204,55_20240830 12,10120.37
9205,55_20240830 13,10035.13
9206,55_20240830 14,10143.76
9207,55_20240830 15,10411.83
9208,55_20240830 16,10509.22
9209,55_20240830 17,10726.85
9210,55_20240830 18,10328.7
9211,55_20240830 19,9539.05
9212,55_20240830 20,9303.38
9213,55_20240830 21,9064.52
9214,55_20240830 22,9014.34
9215,55_20240830 23,8994.45
9216,55_20240831 00,8793.26
9217,55_20240831 01,8537.65
9218,55_20240831 02,8513.07
9219,55_20240831 03,8454.59
9220,55_20240831 04,8387.36
9221,55_20240831 05,8285.05
9222,55_20240831 06,8061.85
9223,55_20240831 07,8265.52
9224,55_20240831 08,8481.64
9225,55_20240831 09,8300.53
9226,55_20240831 10,8302.82
9227,55_20240831 11,8328.81
9228,55_20240831 12,8568.44
9229,55_20240831 13,8570.44
9230,55_20240831 14,8593.91
9231,55_20240831 15,8966.31
9232,55_20240831 16,9014.88
9233,55_20240831 17,9061.11
9234,55_20240831 18,8886.66
9235,55_20240831 19,8759.78
9236,55_20240831 20,8569.93
9237,55_20240831 21,8569.43
9238,55_20240831 22,8447.9
9239,55_20240831 23,8423.24
9240,56_20240825 00,5536.91
9241,56_20240825 01,5535.97
9242,56_20240825 02,5548.93
9243,56_20240825 03,5537.39
9244,56_20240825 04,5532.52
9245,56_20240825 05,5490.96
9246,56_20240825 06,5474.07
9247,56_20240825 07,5510.62
9248,56_20240825 08,5548.5
9249,56_20240825 09,5585.82
9250,56_20240825 10,5692.06
9251,56_20240825 11,5708.9
9252,56_20240825 12,5760.19
9253,56_20240825 13,5788.45
9254,56_20240825 14,5776.4
9255,56_20240825 15,5776.3
9256,56_20240825 16,5776.17
9257,56_20240825 17,5731.22
9258,56_20240825 18,5671.16
9259,56_20240825 19,5640.4
9260,56_20240825 20,5600.6
9261,56_20240825 21,5584.02
9262,56_20240825 22,5518.04
9263,56_20240825 23,5525.31
9264,56_20240826 00,5516.78
9265,56_20240826 01,5529.05
9266,56_20240826 02,5549.82
9267,56_20240826 03,5576.17
9268,56_20240826 04,5527.85
9269,56_20240826 05,5536.57
9270,56_20240826 06,5491.96
9271,56_20240826 07,5496.95
9272,56_20240826 08,5532.93
9273,56_20240826 09,5632.93
9274,56_20240826 10,5765.51
9275,56_20240826 11,5828.51
9276,56_20240826 12,5837.52
9277,56_20240826 13,5856.58
9278,56_20240826 14,5911.36
9279,56_20240826 15,5915.95
9280,56_20240826 16,5882.22
9281,56_20240826 17,5820.0
9282,56_20240826 18,5705.27
9283,56_20240826 19,5618.35
9284,56_20240826 20,5555.54
9285,56_20240826 21,5538.75
9286,56_20240826 22,5535.04
9287,56_20240826 23,5521.24
9288,56_20240827 00,5541.53
9289,56_20240827 01,5581.89
9290,56_20240827 02,5598.99
9291,56_20240827 03,5603.45
9292,56_20240827 04,5598.07
9293,56_20240827 05,5545.3
9294,56_20240827 06,5516.24
9295,56_20240827 07,5514.97
9296,56_20240827 08,5556.97
9297,56_20240827 09,5599.3
9298,56_20240827 10,5652.03
9299,56_20240827 11,5626.96
9300,56_20240827 12,5669.13
9301,56_20240827 13,5726.27
9302,56_20240827 14,5707.07
9303,56_20240827 15,5741.29
9304,56_20240827 16,5808.11
9305,56_20240827 17,5761.96
9306,56_20240827 18,5692.82
9307,56_20240827 19,5497.59
9308,56_20240827 20,5449.27
9309,56_20240827 21,5412.75
9310,56_20240827 22,5401.38
9311,56_20240827 23,5419.56
9312,56_20240828 00,5433.72
9313,56_20240828 01,5465.79
9314,56_20240828 02,5455.59
9315,56_20240828 03,5425.9
9316,56_20240828 04,5418.76
9317,56_20240828 05,5396.15
9318,56_20240828 06,5382.12
9319,56_20240828 07,5400.38
9320,56_20240828 08,5501.17
9321,56_20240828 09,5629.15
9322,56_20240828 10,5733.89
9323,56_20240828 11,5821.39
9324,56_20240828 12,5874.42
9325,56_20240828 13,5897.19
9326,56_20240828 14,5915.42
9327,56_20240828 15,5905.45
9328,56_20240828 16,5897.14
9329,56_20240828 17,5831.8
9330,56_20240828 18,5759.7
9331,56_20240828 19,5601.18
9332,56_20240828 20,5545.7
9333,56_20240828 21,5577.92
9334,56_20240828 22,5532.58
9335,56_20240828 23,5463.95
9336,56_20240829 00,5396.52
9337,56_20240829 01,5417.18
9338,56_20240829 02,5430.13
9339,56_20240829 03,5412.66
9340,56_20240829 04,5395.98
9341,56_20240829 05,5381.73
9342,56_20240829 06,5367.94
9343,56_20240829 07,5375.34
9344,56_20240829 08,5471.41
9345,56_20240829 09,5604.42
9346,56_20240829 10,5664.38
9347,56_20240829 11,5728.55
9348,56_20240829 12,5768.3
9349,56_20240829 13,5796.34
9350,56_20240829 14,5810.7
9351,56_20240829 15,5805.13
9352,56_20240829 16,5785.61
9353,56_20240829 17,5741.45
9354,56_20240829 18,5654.3
9355,56_20240829 19,5581.49
9356,56_20240829 20,5522.25
9357,56_20240829 21,5495.24
9358,56_20240829 22,5425.91
9359,56_20240829 23,5369.84
9360,56_20240830 00,5378.79
9361,56_20240830 01,5410.85
9362,56_20240830 02,5406.81
9363,56_20240830 03,5421.1
9364,56_20240830 04,5374.6
9365,56_20240830 05,5350.41
9366,56_20240830 06,5349.13
9367,56_20240830 07,5367.43
9368,56_20240830 08,5442.96
9369,56_20240830 09,5571.17
9370,56_20240830 10,5648.03
9371,56_20240830 11,5784.11
9372,56_20240830 12,5851.31
9373,56_20240830 13,5857.91
9374,56_20240830 14,5855.92
9375,56_20240830 15,5841.52
9376,56_20240830 16,5829.98
9377,56_20240830 17,5769.9
9378,56_20240830 18,5709.11
9379,56_20240830 19,5605.16
9380,56_20240830 20,5530.94
9381,56_20240830 21,5487.41
9382,56_20240830 22,5401.54
9383,56_20240830 23,5389.42
9384,56_20240831 00,5348.9
9385,56_20240831 01,5350.75
9386,56_20240831 02,5352.88
9387,56_20240831 03,5348.9
9388,56_20240831 04,5343.35
9389,56_20240831 05,5314.7
9390,56_20240831 06,5317.62
9391,56_20240831 07,5322.79
9392,56_20240831 08,5417.51
9393,56_20240831 09,5465.31
9394,56_20240831 10,5574.63
9395,56_20240831 11,5586.11
9396,56_20240831 12,5723.66
9397,56_20240831 13,5699.1
9398,56_20240831 14,5711.59
9399,56_20240831 15,5716.11
9400,56_20240831 16,5711.12
9401,56_20240831 17,5682.14
9402,56_20240831 18,5636.51
9403,56_20240831 19,5502.17
9404,56_20240831 20,5443.01
9405,56_20240831 21,5421.39
9406,56_20240831 22,5401.79
9407,56_20240831 23,5372.28
9408,57_20240825 00,19958.48
9409,57_20240825 01,19904.86
9410,57_20240825 02,19781.83
9411,57_20240825 03,19874.04
9412,57_20240825 04,19737.53
9413,57_20240825 05,19566.27
9414,57_20240825 06,19250.68
9415,57_20240825 07,18318.3
9416,57_20240825 08,16030.01
9417,57_20240825 09,16434.36
9418,57_20240825 10,16897.06
9419,57_20240825 11,17119.98
9420,57_20240825 12,17257.18
9421,57_20240825 13,17353.31
9422,57_20240825 14,17355.65
9423,57_20240825 15,17439.51
9424,57_20240825 16,17473.69
9425,57_20240825 17,17424.07
9426,57_20240825 18,17468.37
9427,57_20240825 19,17304.72
9428,57_20240825 20,16869.15
9429,57_20240825 21,16750.75
9430,57_20240825 22,18946.89
9431,57_20240825 23,20225.48
9432,57_20240826 00,20095.98
9433,57_20240826 01,20000.7
9434,57_20240826 02,19961.7
9435,57_20240826 03,19873.77
9436,57_20240826 04,19783.53
9437,57_20240826 05,19599.28
9438,57_20240826 06,19338.85
9439,57_20240826 07,18435.88
9440,57_20240826 08,16116.39
9441,57_20240826 09,16498.62
9442,57_20240826 10,17015.6
9443,57_20240826 11,17055.52
9444,57_20240826 12,17285.44
9445,57_20240826 13,17319.23
9446,57_20240826 14,17373.54
9447,57_20240826 15,17543.56
9448,57_20240826 16,17314.25
9449,57_20240826 17,17455.48
9450,57_20240826 18,17447.16
9451,57_20240826 19,17193.74
9452,57_20240826 20,16905.39
9453,57_20240826 21,16915.95
9454,57_20240826 22,19012.88
9455,57_20240826 23,20296.86
9456,57_20240827 00,20490.44
9457,57_20240827 01,20459.58
9458,57_20240827 02,20290.6
9459,57_20240827 03,20101.18
9460,57_20240827 04,19883.06
9461,57_20240827 05,19608.15
9462,57_20240827 06,19051.43
9463,57_20240827 07,18288.53
9464,57_20240827 08,16178.76
9465,57_20240827 09,16258.88
9466,57_20240827 10,16795.97
9467,57_20240827 11,16813.04
9468,57_20240827 12,16785.71
9469,57_20240827 13,16857.99
9470,57_20240827 14,16934.31
9471,57_20240827 15,17065.22
9472,57_20240827 16,17101.45
9473,57_20240827 17,17040.42
9474,57_20240827 18,16926.89
9475,57_20240827 19,16615.36
9476,57_20240827 20,16379.01
9477,57_20240827 21,16397.88
9478,57_20240827 22,18273.79
9479,57_20240827 23,19304.49
9480,57_20240828 00,19445.18
9481,57_20240828 01,19401.09
9482,57_20240828 02,19305.45
9483,57_20240828 03,19072.36
9484,57_20240828 04,18913.73
9485,57_20240828 05,18655.3
9486,57_20240828 06,18242.44
9487,57_20240828 07,17880.51
9488,57_20240828 08,16271.51
9489,57_20240828 09,16315.02
9490,57_20240828 10,16730.63
9491,57_20240828 11,16887.85
9492,57_20240828 12,16782.03
9493,57_20240828 13,16903.56
9494,57_20240828 14,17072.8
9495,57_20240828 15,17230.38
9496,57_20240828 16,17204.76
9497,57_20240828 17,17137.49
9498,57_20240828 18,16967.57
9499,57_20240828 19,16687.4
9500,57_20240828 20,16409.25
9501,57_20240828 21,16320.93
9502,57_20240828 22,18505.03
9503,57_20240828 23,19476.86
9504,57_20240829 00,19424.88
9505,57_20240829 01,19339.61
9506,57_20240829 02,19252.6
9507,57_20240829 03,19042.14
9508,57_20240829 04,18866.7
9509,57_20240829 05,18547.8
9510,57_20240829 06,17991.94
9511,57_20240829 07,17639.02
9512,57_20240829 08,15784.21
9513,57_20240829 09,16097.98
9514,57_20240829 10,16686.84
9515,57_20240829 11,16958.92
9516,57_20240829 12,17008.02
9517,57_20240829 13,16976.03
9518,57_20240829 14,16997.18
9519,57_20240829 15,16973.09
9520,57_20240829 16,17019.72
9521,57_20240829 17,17139.48
9522,57_20240829 18,16895.81
9523,57_20240829 19,16487.65
9524,57_20240829 20,16291.02
9525,57_20240829 21,16279.24
9526,57_20240829 22,18269.61
9527,57_20240829 23,19243.63
9528,57_20240830 00,19459.49
9529,57_20240830 01,19431.42
9530,57_20240830 02,19329.96
9531,57_20240830 03,19104.35
9532,57_20240830 04,18735.09
9533,57_20240830 05,18406.25
9534,57_20240830 06,17923.44
9535,57_20240830 07,17457.21
9536,57_20240830 08,15901.49
9537,57_20240830 09,16178.74
9538,57_20240830 10,16652.98
9539,57_20240830 11,17065.67
9540,57_20240830 12,17217.45
9541,57_20240830 13,17240.58
9542,57_20240830 14,17329.3
9543,57_20240830 15,17488.81
9544,57_20240830 16,17355.38
9545,57_20240830 17,17299.31
9546,57_20240830 18,17104.38
9547,57_20240830 19,16884.36
9548,57_20240830 20,16551.62
9549,57_20240830 21,16435.93
9550,57_20240830 22,18354.16
9551,57_20240830 23,19437.71
9552,57_20240831 00,19415.81
9553,57_20240831 01,19360.39
9554,57_20240831 02,19302.14
9555,57_20240831 03,18978.52
9556,57_20240831 04,18501.01
9557,57_20240831 05,18007.46
9558,57_20240831 06,17547.35
9559,57_20240831 07,17333.24
9560,57_20240831 08,16278.01
9561,57_20240831 09,16215.63
9562,57_20240831 10,16520.85
9563,57_20240831 11,16707.84
9564,57_20240831 12,16851.13
9565,57_20240831 13,16921.63
9566,57_20240831 14,16998.73
9567,57_20240831 15,17045.81
9568,57_20240831 16,16998.88
9569,57_20240831 17,16904.61
9570,57_20240831 18,16949.59
9571,57_20240831 19,16623.59
9572,57_20240831 20,16337.65
9573,57_20240831 21,16373.25
9574,57_20240831 22,18300.24
9575,57_20240831 23,19372.36
9576,58_20240825 00,1168.81
9577,58_20240825 01,1023.17
9578,58_20240825 02,896.99
9579,58_20240825 03,795.97
9580,58_20240825 04,765.9
9581,58_20240825 05,771.41
9582,58_20240825 06,897.04
9583,58_20240825 07,1428.65
9584,58_20240825 08,1918.1
9585,58_20240825 09,2184.74
9586,58_20240825 10,2451.29
9587,58_20240825 11,2578.6
9588,58_20240825 12,2751.68
9589,58_20240825 13,2798.93
9590,58_20240825 14,2903.39
9591,58_20240825 15,2833.3
9592,58_20240825 16,2799.97
9593,58_20240825 17,2796.32
9594,58_20240825 18,2537.07
9595,58_20240825 19,2495.82
9596,58_20240825 20,2345.61
9597,58_20240825 21,1956.3
9598,58_20240825 22,1446.92
9599,58_20240825 23,1264.19
9600,58_20240826 00,1084.44
9601,58_20240826 01,954.5
9602,58_20240826 02,836.79
9603,58_20240826 03,727.72
9604,58_20240826 04,716.97
9605,58_20240826 05,726.32
9606,58_20240826 06,845.44
9607,58_20240826 07,1357.87
9608,58_20240826 08,1880.48
9609,58_20240826 09,2244.05
9610,58_20240826 10,2501.05
9611,58_20240826 11,2534.16
9612,58_20240826 12,2669.95
9613,58_20240826 13,2750.21
9614,58_20240826 14,2717.31
9615,58_20240826 15,2665.23
9616,58_20240826 16,2636.93
9617,58_20240826 17,2632.89
9618,58_20240826 18,2374.7
9619,58_20240826 19,2129.0
9620,58_20240826 20,2060.89
9621,58_20240826 21,1771.98
9622,58_20240826 22,1324.61
9623,58_20240826 23,1154.27
9624,58_20240827 00,993.45
9625,58_20240827 01,876.19
9626,58_20240827 02,797.45
9627,58_20240827 03,724.42
9628,58_20240827 04,715.54
9629,58_20240827 05,726.77
9630,58_20240827 06,835.75
9631,58_20240827 07,1321.07
9632,58_20240827 08,1742.23
9633,58_20240827 09,1940.7
9634,58_20240827 10,2264.74
9635,58_20240827 11,2370.07
9636,58_20240827 12,2534.25
9637,58_20240827 13,2550.73
9638,58_20240827 14,2742.3
9639,58_20240827 15,2662.68
9640,58_20240827 16,2467.14
9641,58_20240827 17,2397.14
9642,58_20240827 18,2343.73
9643,58_20240827 19,2212.81
9644,58_20240827 20,2057.25
9645,58_20240827 21,1795.8
9646,58_20240827 22,1318.69
9647,58_20240827 23,1133.7
9648,58_20240828 00,999.58
9649,58_20240828 01,881.98
9650,58_20240828 02,782.19
9651,58_20240828 03,712.61
9652,58_20240828 04,683.96
9653,58_20240828 05,701.93
9654,58_20240828 06,776.01
9655,58_20240828 07,1038.15
9656,58_20240828 08,1460.31
9657,58_20240828 09,2014.13
9658,58_20240828 10,2474.59
9659,58_20240828 11,2617.82
9660,58_20240828 12,2805.57
9661,58_20240828 13,2787.61
9662,58_20240828 14,2803.65
9663,58_20240828 15,2761.93
9664,58_20240828 16,2768.72
9665,58_20240828 17,2694.5
9666,58_20240828 18,2356.36
9667,58_20240828 19,2174.49
9668,58_20240828 20,2017.43
9669,58_20240828 21,1744.81
9670,58_20240828 22,1301.63
9671,58_20240828 23,1123.7
9672,58_20240829 00,1021.61
9673,58_20240829 01,910.69
9674,58_20240829 02,769.21
9675,58_20240829 03,701.84
9676,58_20240829 04,693.06
9677,58_20240829 05,706.36
9678,58_20240829 06,812.72
9679,58_20240829 07,1239.12
9680,58_20240829 08,1895.01
9681,58_20240829 09,2203.04
9682,58_20240829 10,2546.09
9683,58_20240829 11,2702.61
9684,58_20240829 12,2825.46
9685,58_20240829 13,2809.64
9686,58_20240829 14,2642.9
9687,58_20240829 15,2635.97
9688,58_20240829 16,2682.88
9689,58_20240829 17,2492.2
9690,58_20240829 18,2685.27
9691,58_20240829 19,2382.28
9692,58_20240829 20,2222.63
9693,58_20240829 21,1848.34
9694,58_20240829 22,1408.12
9695,58_20240829 23,1156.7
9696,58_20240830 00,1066.73
9697,58_20240830 01,939.48
9698,58_20240830 02,815.45
9699,58_20240830 03,725.31
9700,58_20240830 04,696.78
9701,58_20240830 05,710.64
9702,58_20240830 06,806.89
9703,58_20240830 07,1170.15
9704,58_20240830 08,1697.83
9705,58_20240830 09,2054.19
9706,58_20240830 10,2463.33
9707,58_20240830 11,2608.16
9708,58_20240830 12,2693.64
9709,58_20240830 13,2713.42
9710,58_20240830 14,2694.04
9711,58_20240830 15,2723.27
9712,58_20240830 16,2681.71
9713,58_20240830 17,2675.62
9714,58_20240830 18,2327.64
9715,58_20240830 19,2153.95
9716,58_20240830 20,2093.86
9717,58_20240830 21,1796.39
9718,58_20240830 22,1338.68
9719,58_20240830 23,1127.63
9720,58_20240831 00,1022.52
9721,58_20240831 01,884.55
9722,58_20240831 02,779.84
9723,58_20240831 03,715.34
9724,58_20240831 04,702.61
9725,58_20240831 05,705.18
9726,58_20240831 06,799.71
9727,58_20240831 07,1069.25
9728,58_20240831 08,1537.87
9729,58_20240831 09,1909.3
9730,58_20240831 10,2290.16
9731,58_20240831 11,2277.09
9732,58_20240831 12,2454.66
9733,58_20240831 13,2386.16
9734,58_20240831 14,2575.55
9735,58_20240831 15,2690.75
9736,58_20240831 16,2551.71
9737,58_20240831 17,2724.14
9738,58_20240831 18,2254.87
9739,58_20240831 19,2127.42
9740,58_20240831 20,2071.88
9741,58_20240831 21,1801.29
9742,58_20240831 22,1322.77
9743,58_20240831 23,1167.24
9744,59_20240825 00,442.68
9745,59_20240825 01,416.05
9746,59_20240825 02,433.23
9747,59_20240825 03,445.59
9748,59_20240825 04,450.22
9749,59_20240825 05,442.33
9750,59_20240825 06,532.63
9751,59_20240825 07,624.53
9752,59_20240825 08,919.48
9753,59_20240825 09,1219.33
9754,59_20240825 10,1469.75
9755,59_20240825 11,1017.22
9756,59_20240825 12,978.51
9757,59_20240825 13,725.81
9758,59_20240825 14,977.0
9759,59_20240825 15,1178.6
9760,59_20240825 16,1119.19
9761,59_20240825 17,1245.87
9762,59_20240825 18,1021.47
9763,59_20240825 19,831.28
9764,59_20240825 20,677.71
9765,59_20240825 21,749.39
9766,59_20240825 22,794.7
9767,59_20240825 23,702.77
9768,59_20240826 00,471.31
9769,59_20240826 01,435.08
9770,59_20240826 02,443.38
9771,59_20240826 03,442.64
9772,59_20240826 04,439.3
9773,59_20240826 05,438.41
9774,59_20240826 06,578.22
9775,59_20240826 07,741.09
9776,59_20240826 08,1101.34
9777,59_20240826 09,1413.63
9778,59_20240826 10,1697.2
9779,59_20240826 11,1746.36
9780,59_20240826 12,1754.72
9781,59_20240826 13,1747.08
9782,59_20240826 14,1758.95
9783,59_20240826 15,1744.36
9784,59_20240826 16,1709.56
9785,59_20240826 17,1686.84
9786,59_20240826 18,1683.84
9787,59_20240826 19,1522.54
9788,59_20240826 20,1510.4
9789,59_20240826 21,1308.31
9790,59_20240826 22,1090.24
9791,59_20240826 23,683.81
9792,59_20240827 00,466.88
9793,59_20240827 01,435.42
9794,59_20240827 02,437.25
9795,59_20240827 03,431.53
9796,59_20240827 04,422.3
9797,59_20240827 05,413.22
9798,59_20240827 06,519.54
9799,59_20240827 07,631.05
9800,59_20240827 08,823.79
9801,59_20240827 09,1136.29
9802,59_20240827 10,1453.93
9803,59_20240827 11,1446.02
9804,59_20240827 12,1443.55
9805,59_20240827 13,1575.02
9806,59_20240827 14,1534.91
9807,59_20240827 15,1525.2
9808,59_20240827 16,1526.49
9809,59_20240827 17,1526.22
9810,59_20240827 18,1493.88
9811,59_20240827 19,1449.2
9812,59_20240827 20,1414.71
9813,59_20240827 21,1274.49
9814,59_20240827 22,1036.24
9815,59_20240827 23,649.51
9816,59_20240828 00,456.57
9817,59_20240828 01,408.7
9818,59_20240828 02,406.17
9819,59_20240828 03,403.06
9820,59_20240828 04,407.29
9821,59_20240828 05,413.54
9822,59_20240828 06,516.83
9823,59_20240828 07,617.74
9824,59_20240828 08,834.97
9825,59_20240828 09,1159.42
9826,59_20240828 10,1499.71
9827,59_20240828 11,1513.63
9828,59_20240828 12,1606.53
9829,59_20240828 13,1665.71
9830,59_20240828 14,1692.6
9831,59_20240828 15,1626.39
9832,59_20240828 16,1664.64
9833,59_20240828 17,1667.18
9834,59_20240828 18,1619.74
9835,59_20240828 19,1508.11
9836,59_20240828 20,1533.38
9837,59_20240828 21,1366.43
9838,59_20240828 22,1103.15
9839,59_20240828 23,675.31
9840,59_20240829 00,468.79
9841,59_20240829 01,446.91
9842,59_20240829 02,441.98
9843,59_20240829 03,437.29
9844,59_20240829 04,426.1
9845,59_20240829 05,416.39
9846,59_20240829 06,529.35
9847,59_20240829 07,654.6
9848,59_20240829 08,901.91
9849,59_20240829 09,1177.71
9850,59_20240829 10,1512.66
9851,59_20240829 11,1600.42
9852,59_20240829 12,1608.42
9853,59_20240829 13,1671.78
9854,59_20240829 14,1672.72
9855,59_20240829 15,1708.41
9856,59_20240829 16,1691.0
9857,59_20240829 17,1688.49
9858,59_20240829 18,1645.49
9859,59_20240829 19,1513.01
9860,59_20240829 20,1548.27
9861,59_20240829 21,1339.21
9862,59_20240829 22,1094.74
9863,59_20240829 23,679.89
9864,59_20240830 00,468.69
9865,59_20240830 01,425.45
9866,59_20240830 02,423.83
9867,59_20240830 03,409.41
9868,59_20240830 04,415.4
9869,59_20240830 05,422.34
9870,59_20240830 06,537.82
9871,59_20240830 07,641.08
9872,59_20240830 08,806.76
9873,59_20240830 09,1228.96
9874,59_20240830 10,1507.47
9875,59_20240830 11,1584.71
9876,59_20240830 12,1661.54
9877,59_20240830 13,1606.25
9878,59_20240830 14,1668.48
9879,59_20240830 15,1700.02
9880,59_20240830 16,1666.84
9881,59_20240830 17,1634.51
9882,59_20240830 18,1590.26
9883,59_20240830 19,1474.25
9884,59_20240830 20,1477.89
9885,59_20240830 21,1311.91
9886,59_20240830 22,1098.77
9887,59_20240830 23,659.28
9888,59_20240831 00,446.69
9889,59_20240831 01,419.05
9890,59_20240831 02,417.12
9891,59_20240831 03,414.88
9892,59_20240831 04,412.95
9893,59_20240831 05,410.78
9894,59_20240831 06,518.53
9895,59_20240831 07,639.61
9896,59_20240831 08,818.22
9897,59_20240831 09,1102.49
9898,59_20240831 10,1470.56
9899,59_20240831 11,1618.22
9900,59_20240831 12,1604.68
9901,59_20240831 13,1643.2
9902,59_20240831 14,1699.02
9903,59_20240831 15,1703.58
9904,59_20240831 16,1725.48
9905,59_20240831 17,1703.58
9906,59_20240831 18,1711.14
9907,59_20240831 19,1476.42
9908,59_20240831 20,1560.3
9909,59_20240831 21,1369.47
9910,59_20240831 22,1118.29
9911,59_20240831 23,689.02
9912,60_20240825 00,3218.93
9913,60_20240825 01,3071.64
9914,60_20240825 02,3002.79
9915,60_20240825 03,2956.58
9916,60_20240825 04,2903.36
9917,60_20240825 05,2865.5
9918,60_20240825 06,2889.13
9919,60_20240825 07,3008.72
9920,60_20240825 08,3558.92
9921,60_20240825 09,3624.86
9922,60_20240825 10,3746.43
9923,60_20240825 11,3889.88
9924,60_20240825 12,3900.84
9925,60_20240825 13,3952.95
9926,60_20240825 14,3990.72
9927,60_20240825 15,3959.99
9928,60_20240825 16,3884.52
9929,60_20240825 17,3824.55
9930,60_20240825 18,3813.25
9931,60_20240825 19,3770.68
9932,60_20240825 20,3601.51
9933,60_20240825 21,3589.55
9934,60_20240825 22,3421.43
9935,60_20240825 23,3319.06
9936,60_20240826 00,3282.89
9937,60_20240826 01,3156.07
9938,60_20240826 02,3048.2
9939,60_20240826 03,3023.31
9940,60_20240826 04,3051.28
9941,60_20240826 05,2950.55
9942,60_20240826 06,3002.09
9943,60_20240826 07,3400.11
9944,60_20240826 08,3971.56
9945,60_20240826 09,4793.11
9946,60_20240826 10,5311.4
9947,60_20240826 11,5464.21
9948,60_20240826 12,5538.52
9949,60_20240826 13,5497.97
9950,60_20240826 14,5545.09
9951,60_20240826 15,5511.21
9952,60_20240826 16,5433.65
9953,60_20240826 17,5119.73
9954,60_20240826 18,4618.31
9955,60_20240826 19,4375.69
9956,60_20240826 20,4255.86
9957,60_20240826 21,4086.21
9958,60_20240826 22,3725.47
9959,60_20240826 23,3493.87
9960,60_20240827 00,3353.9
9961,60_20240827 01,3230.26
9962,60_20240827 02,3213.49
9963,60_20240827 03,3150.59
9964,60_20240827 04,3129.53
9965,60_20240827 05,3118.86
9966,60_20240827 06,3154.14
9967,60_20240827 07,3391.29
9968,60_20240827 08,3837.73
9969,60_20240827 09,4441.98
9970,60_20240827 10,4884.71
9971,60_20240827 11,4839.59
9972,60_20240827 12,4871.9
9973,60_20240827 13,4875.54
9974,60_20240827 14,5094.75
9975,60_20240827 15,4882.44
9976,60_20240827 16,4847.24
9977,60_20240827 17,4789.65
9978,60_20240827 18,4560.99
9979,60_20240827 19,4370.22
9980,60_20240827 20,4187.45
9981,60_20240827 21,3863.76
9982,60_20240827 22,3632.83
9983,60_20240827 23,3469.64
9984,60_20240828 00,3226.99
9985,60_20240828 01,3109.95
9986,60_20240828 02,3012.67
9987,60_20240828 03,2946.7
9988,60_20240828 04,2961.56
9989,60_20240828 05,2853.3
9990,60_20240828 06,2900.69
9991,60_20240828 07,3036.1
9992,60_20240828 08,3707.18
9993,60_20240828 09,4403.99
9994,60_20240828 10,4757.55
9995,60_20240828 11,4939.69
9996,60_20240828 12,4958.37
9997,60_20240828 13,5039.08
9998,60_20240828 14,5147.14
9999,60_20240828 15,5424.24
10000,60_20240828 16,5455.04
10001,60_20240828 17,5066.42
10002,60_20240828 18,4639.28
10003,60_20240828 19,4382.95
10004,60_20240828 20,4347.58
10005,60_20240828 21,4084.57
10006,60_20240828 22,3647.51
10007,60_20240828 23,3521.93
10008,60_20240829 00,3347.05
10009,60_20240829 01,3171.83
10010,60_20240829 02,3099.1
10011,60_20240829 03,3032.44
10012,60_20240829 04,2992.89
10013,60_20240829 05,2902.32
10014,60_20240829 06,2960.67
10015,60_20240829 07,3159.13
10016,60_20240829 08,3718.25
10017,60_20240829 09,4223.68
10018,60_20240829 10,4497.26
10019,60_20240829 11,4696.48
10020,60_20240829 12,4672.83
10021,60_20240829 13,4794.45
10022,60_20240829 14,4936.26
10023,60_20240829 15,5021.13
10024,60_20240829 16,4947.4
10025,60_20240829 17,4654.11
10026,60_20240829 18,4342.71
10027,60_20240829 19,4079.33
10028,60_20240829 20,4204.14
10029,60_20240829 21,4034.13
10030,60_20240829 22,3720.45
10031,60_20240829 23,3514.09
10032,60_20240830 00,3369.7
10033,60_20240830 01,3214.95
10034,60_20240830 02,3082.76
10035,60_20240830 03,2987.6
10036,60_20240830 04,2980.23
10037,60_20240830 05,2920.53
10038,60_20240830 06,2961.24
10039,60_20240830 07,3318.48
10040,60_20240830 08,3830.29
10041,60_20240830 09,4569.34
10042,60_20240830 10,5199.93
10043,60_20240830 11,5110.94
10044,60_20240830 12,5197.6
10045,60_20240830 13,5195.83
10046,60_20240830 14,5472.93
10047,60_20240830 15,5428.16
10048,60_20240830 16,5372.22
10049,60_20240830 17,4858.15
10050,60_20240830 18,4393.14
10051,60_20240830 19,4056.92
10052,60_20240830 20,4017.55
10053,60_20240830 21,3689.33
10054,60_20240830 22,3468.16
10055,60_20240830 23,3304.35
10056,60_20240831 00,3107.05
10057,60_20240831 01,3057.92
10058,60_20240831 02,2972.04
10059,60_20240831 03,2904.12
10060,60_20240831 04,2893.96
10061,60_20240831 05,2807.8
10062,60_20240831 06,2782.77
10063,60_20240831 07,2846.29
10064,60_20240831 08,3209.06
10065,60_20240831 09,3587.62
10066,60_20240831 10,3726.62
10067,60_20240831 11,3814.27
10068,60_20240831 12,3809.0
10069,60_20240831 13,3946.81
10070,60_20240831 14,3957.49
10071,60_20240831 15,4016.35
10072,60_20240831 16,3998.83
10073,60_20240831 17,4080.09
10074,60_20240831 18,3817.56
10075,60_20240831 19,3758.8
10076,60_20240831 20,3664.37
10077,60_20240831 21,3491.11
10078,60_20240831 22,3338.86
10079,60_20240831 23,3234.32
10080,61_20240825 00,1335.55
10081,61_20240825 01,1299.03
10082,61_20240825 02,1306.59
10083,61_20240825 03,1285.06
10084,61_20240825 04,1282.61
10085,61_20240825 05,1285.57
10086,61_20240825 06,1378.18
10087,61_20240825 07,1213.57
10088,61_20240825 08,2046.23
10089,61_20240825 09,3572.99
10090,61_20240825 10,3885.94
10091,61_20240825 11,4022.72
10092,61_20240825 12,3987.46
10093,61_20240825 13,4049.11
10094,61_20240825 14,3932.26
10095,61_20240825 15,3883.16
10096,61_20240825 16,4102.72
10097,61_20240825 17,3811.78
10098,61_20240825 18,3176.92
10099,61_20240825 19,2138.29
10100,61_20240825 20,1988.07
10101,61_20240825 21,1577.45
10102,61_20240825 22,1372.49
10103,61_20240825 23,1385.06
10104,61_20240826 00,1305.35
10105,61_20240826 01,1265.83
10106,61_20240826 02,1271.08
10107,61_20240826 03,1248.39
10108,61_20240826 04,1197.39
10109,61_20240826 05,1011.56
10110,61_20240826 06,1363.02
10111,61_20240826 07,1173.67
10112,61_20240826 08,1887.16
10113,61_20240826 09,3127.56
10114,61_20240826 10,3412.58
10115,61_20240826 11,3480.0
10116,61_20240826 12,3276.24
10117,61_20240826 13,3783.33
10118,61_20240826 14,3770.31
10119,61_20240826 15,3720.03
10120,61_20240826 16,3805.49
10121,61_20240826 17,2986.62
10122,61_20240826 18,3198.37
10123,61_20240826 19,2068.36
10124,61_20240826 20,2042.55
10125,61_20240826 21,1510.48
10126,61_20240826 22,1421.5
10127,61_20240826 23,1346.33
10128,61_20240827 00,1269.47
10129,61_20240827 01,1293.52
10130,61_20240827 02,1335.64
10131,61_20240827 03,1259.21
10132,61_20240827 04,1213.89
10133,61_20240827 05,1204.14
10134,61_20240827 06,1184.24
10135,61_20240827 07,1232.46
10136,61_20240827 08,1842.12
10137,61_20240827 09,3559.28
10138,61_20240827 10,3489.28
10139,61_20240827 11,3395.28
10140,61_20240827 12,3339.98
10141,61_20240827 13,3385.16
10142,61_20240827 14,3365.51
10143,61_20240827 15,3485.29
10144,61_20240827 16,3138.87
10145,61_20240827 17,2163.09
10146,61_20240827 18,1103.39
10147,61_20240827 19,863.12
10148,61_20240827 20,859.62
10149,61_20240827 21,899.37
10150,61_20240827 22,971.87
10151,61_20240827 23,1203.41
10152,61_20240828 00,1143.6
10153,61_20240828 01,1201.35
10154,61_20240828 02,1186.28
10155,61_20240828 03,1111.58
10156,61_20240828 04,1209.56
10157,61_20240828 05,1146.37
10158,61_20240828 06,1180.87
10159,61_20240828 07,1173.59
10160,61_20240828 08,1662.93
10161,61_20240828 09,2039.7
10162,61_20240828 10,2983.53
10163,61_20240828 11,2982.87
10164,61_20240828 12,2755.81
10165,61_20240828 13,3355.59
10166,61_20240828 14,3065.15
10167,61_20240828 15,3524.36
10168,61_20240828 16,2819.27
10169,61_20240828 17,2146.0
10170,61_20240828 18,2166.4
10171,61_20240828 19,1184.16
10172,61_20240828 20,1157.79
10173,61_20240828 21,1114.93
10174,61_20240828 22,1200.54
10175,61_20240828 23,1232.87
10176,61_20240829 00,1180.0
10177,61_20240829 01,1183.38
10178,61_20240829 02,1207.31
10179,61_20240829 03,1244.64
10180,61_20240829 04,1177.63
10181,61_20240829 05,1255.63
10182,61_20240829 06,1150.78
10183,61_20240829 07,1297.14
10184,61_20240829 08,2178.67
10185,61_20240829 09,3376.87
10186,61_20240829 10,3259.21
10187,61_20240829 11,3344.77
10188,61_20240829 12,3481.08
10189,61_20240829 13,3283.01
10190,61_20240829 14,3166.15
10191,61_20240829 15,3279.46
10192,61_20240829 16,3415.76
10193,61_20240829 17,2616.0
10194,61_20240829 18,2071.49
10195,61_20240829 19,2383.47
10196,61_20240829 20,1170.07
10197,61_20240829 21,1429.91
10198,61_20240829 22,1410.51
10199,61_20240829 23,1424.0
10200,61_20240830 00,1337.85
10201,61_20240830 01,1168.17
10202,61_20240830 02,1128.25
10203,61_20240830 03,1102.75
10204,61_20240830 04,1121.94
10205,61_20240830 05,1135.88
10206,61_20240830 06,1109.22
10207,61_20240830 07,1304.99
10208,61_20240830 08,1733.01
10209,61_20240830 09,2551.0
10210,61_20240830 10,3417.12
10211,61_20240830 11,2849.36
10212,61_20240830 12,3551.33
10213,61_20240830 13,3095.93
10214,61_20240830 14,3351.59
10215,61_20240830 15,3296.29
10216,61_20240830 16,3147.2
10217,61_20240830 17,2838.12
10218,61_20240830 18,3657.58
10219,61_20240830 19,2849.01
10220,61_20240830 20,2310.07
10221,61_20240830 21,1637.36
10222,61_20240830 22,1360.97
10223,61_20240830 23,1293.57
10224,61_20240831 00,1265.74
10225,61_20240831 01,1322.47
10226,61_20240831 02,1308.67
10227,61_20240831 03,1322.45
10228,61_20240831 04,1214.32
10229,61_20240831 05,1116.58
10230,61_20240831 06,1128.44
10231,61_20240831 07,1170.61
10232,61_20240831 08,1721.34
10233,61_20240831 09,2220.94
10234,61_20240831 10,2550.99
10235,61_20240831 11,2715.19
10236,61_20240831 12,3348.81
10237,61_20240831 13,2778.15
10238,61_20240831 14,3807.45
10239,61_20240831 15,3265.52
10240,61_20240831 16,2918.08
10241,61_20240831 17,2643.33
10242,61_20240831 18,2487.62
10243,61_20240831 19,1451.3
10244,61_20240831 20,1218.05
10245,61_20240831 21,1106.86
10246,61_20240831 22,1061.24
10247,61_20240831 23,954.78
10248,62_20240825 00,1513.82
10249,62_20240825 01,1523.06
10250,62_20240825 02,1515.67
10251,62_20240825 03,1478.95
10252,62_20240825 04,1509.63
10253,62_20240825 05,1521.35
10254,62_20240825 06,1531.07
10255,62_20240825 07,1500.56
10256,62_20240825 08,1592.61
10257,62_20240825 09,1639.26
10258,62_20240825 10,1665.44
10259,62_20240825 11,1695.8
10260,62_20240825 12,1721.0
10261,62_20240825 13,1728.74
10262,62_20240825 14,1689.39
10263,62_20240825 15,1689.27
10264,62_20240825 16,1777.55
10265,62_20240825 17,1666.55
10266,62_20240825 18,1584.66
10267,62_20240825 19,1669.83
10268,62_20240825 20,1643.54
10269,62_20240825 21,1622.23
10270,62_20240825 22,1558.99
10271,62_20240825 23,1538.23
10272,62_20240826 00,1556.28
10273,62_20240826 01,1555.93
10274,62_20240826 02,1561.52
10275,62_20240826 03,1528.93
10276,62_20240826 04,1500.1
10277,62_20240826 05,1495.54
10278,62_20240826 06,1582.47
10279,62_20240826 07,1934.35
10280,62_20240826 08,2136.67
10281,62_20240826 09,2298.27
10282,62_20240826 10,2310.21
10283,62_20240826 11,2313.63
10284,62_20240826 12,2492.79
10285,62_20240826 13,2443.32
10286,62_20240826 14,2417.67
10287,62_20240826 15,2612.49
10288,62_20240826 16,2603.48
10289,62_20240826 17,2458.43
10290,62_20240826 18,2243.03
10291,62_20240826 19,1900.77
10292,62_20240826 20,1901.88
10293,62_20240826 21,1766.71
10294,62_20240826 22,1717.34
10295,62_20240826 23,1616.74
10296,62_20240827 00,1616.93
10297,62_20240827 01,1619.07
10298,62_20240827 02,1600.27
10299,62_20240827 03,1619.48
10300,62_20240827 04,1602.23
10301,62_20240827 05,1592.5
10302,62_20240827 06,1687.52
10303,62_20240827 07,1925.84
10304,62_20240827 08,2075.59
10305,62_20240827 09,2312.86
10306,62_20240827 10,2343.97
10307,62_20240827 11,2239.51
10308,62_20240827 12,2280.33
10309,62_20240827 13,2220.98
10310,62_20240827 14,2238.4
10311,62_20240827 15,2242.96
10312,62_20240827 16,2246.64
10313,62_20240827 17,2166.09
10314,62_20240827 18,2041.7
10315,62_20240827 19,1734.96
10316,62_20240827 20,1726.71
10317,62_20240827 21,1658.35
10318,62_20240827 22,1634.56
10319,62_20240827 23,1567.94
10320,62_20240828 00,1514.37
10321,62_20240828 01,1523.19
10322,62_20240828 02,1495.77
10323,62_20240828 03,1501.76
10324,62_20240828 04,1527.67
10325,62_20240828 05,1539.54
10326,62_20240828 06,1598.83
10327,62_20240828 07,1859.75
10328,62_20240828 08,2035.83
10329,62_20240828 09,2206.5
10330,62_20240828 10,2250.34
10331,62_20240828 11,2269.96
10332,62_20240828 12,2230.66
10333,62_20240828 13,2206.77
10334,62_20240828 14,2247.82
10335,62_20240828 15,2287.98
10336,62_20240828 16,2313.67
10337,62_20240828 17,2209.87
10338,62_20240828 18,2054.83
10339,62_20240828 19,1785.79
10340,62_20240828 20,1777.43
10341,62_20240828 21,1731.51
10342,62_20240828 22,1717.94
10343,62_20240828 23,1619.69
10344,62_20240829 00,1521.52
10345,62_20240829 01,1515.5
10346,62_20240829 02,1525.32
10347,62_20240829 03,1466.2
10348,62_20240829 04,1477.92
10349,62_20240829 05,1478.6
10350,62_20240829 06,1517.5
10351,62_20240829 07,1825.68
10352,62_20240829 08,1973.15
10353,62_20240829 09,2106.65
10354,62_20240829 10,2052.2
10355,62_20240829 11,2149.66
10356,62_20240829 12,2026.69
10357,62_20240829 13,2099.3
10358,62_20240829 14,2123.56
10359,62_20240829 15,2229.68
10360,62_20240829 16,2217.09
10361,62_20240829 17,2090.74
10362,62_20240829 18,2019.64
10363,62_20240829 19,1738.22
10364,62_20240829 20,1677.63
10365,62_20240829 21,1630.53
10366,62_20240829 22,1636.27
10367,62_20240829 23,1551.05
10368,62_20240830 00,1545.78
10369,62_20240830 01,1533.03
10370,62_20240830 02,1500.79
10371,62_20240830 03,1517.97
10372,62_20240830 04,1494.94
10373,62_20240830 05,1508.99
10374,62_20240830 06,1574.02
10375,62_20240830 07,1837.44
10376,62_20240830 08,2081.33
10377,62_20240830 09,2123.13
10378,62_20240830 10,2216.62
10379,62_20240830 11,2126.36
10380,62_20240830 12,2229.36
10381,62_20240830 13,2106.8
10382,62_20240830 14,2130.88
10383,62_20240830 15,2112.81
10384,62_20240830 16,2108.58
10385,62_20240830 17,2156.13
10386,62_20240830 18,2028.63
10387,62_20240830 19,1703.9
10388,62_20240830 20,1673.72
10389,62_20240830 21,1652.44
10390,62_20240830 22,1645.89
10391,62_20240830 23,1609.46
10392,62_20240831 00,1509.63
10393,62_20240831 01,1503.7
10394,62_20240831 02,1475.69
10395,62_20240831 03,1453.95
10396,62_20240831 04,1422.87
10397,62_20240831 05,1415.95
10398,62_20240831 06,1417.77
10399,62_20240831 07,1438.24
10400,62_20240831 08,1508.63
10401,62_20240831 09,1558.39
10402,62_20240831 10,1621.72
10403,62_20240831 11,1637.95
10404,62_20240831 12,1625.78
10405,62_20240831 13,1698.57
10406,62_20240831 14,1751.01
10407,62_20240831 15,1676.28
10408,62_20240831 16,1705.51
10409,62_20240831 17,1659.38
10410,62_20240831 18,1584.58
10411,62_20240831 19,1621.51
10412,62_20240831 20,1621.81
10413,62_20240831 21,1590.11
10414,62_20240831 22,1569.72
10415,62_20240831 23,1524.47
10416,63_20240825 00,630.74
10417,63_20240825 01,601.9
10418,63_20240825 02,551.94
10419,63_20240825 03,548.54
10420,63_20240825 04,570.6
10421,63_20240825 05,590.57
10422,63_20240825 06,676.5
10423,63_20240825 07,868.56
10424,63_20240825 08,1022.57
10425,63_20240825 09,1329.83
10426,63_20240825 10,1513.5
10427,63_20240825 11,1505.21
10428,63_20240825 12,1152.98
10429,63_20240825 13,977.47
10430,63_20240825 14,1022.06
10431,63_20240825 15,1678.8
10432,63_20240825 16,2116.98
10433,63_20240825 17,2033.33
10434,63_20240825 18,1826.81
10435,63_20240825 19,1516.94
10436,63_20240825 20,1275.1
10437,63_20240825 21,1289.84
10438,63_20240825 22,1007.34
10439,63_20240825 23,793.48
10440,63_20240826 00,646.9
10441,63_20240826 01,590.01
10442,63_20240826 02,569.36
10443,63_20240826 03,538.36
10444,63_20240826 04,594.06
10445,63_20240826 05,620.89
10446,63_20240826 06,784.09
10447,63_20240826 07,1078.99
10448,63_20240826 08,1230.14
10449,63_20240826 09,1516.59
10450,63_20240826 10,1822.16
10451,63_20240826 11,1819.88
10452,63_20240826 12,1864.5
10453,63_20240826 13,1861.34
10454,63_20240826 14,1878.51
10455,63_20240826 15,1858.61
10456,63_20240826 16,1867.12
10457,63_20240826 17,1837.78
10458,63_20240826 18,1825.44
10459,63_20240826 19,1731.15
10460,63_20240826 20,1725.86
10461,63_20240826 21,1553.11
10462,63_20240826 22,1158.9
10463,63_20240826 23,835.16
10464,63_20240827 00,625.67
10465,63_20240827 01,563.37
10466,63_20240827 02,559.44
10467,63_20240827 03,559.07
10468,63_20240827 04,600.98
10469,63_20240827 05,621.62
10470,63_20240827 06,807.1
10471,63_20240827 07,1065.08
10472,63_20240827 08,1171.13
10473,63_20240827 09,1396.21
10474,63_20240827 10,1694.11
10475,63_20240827 11,1664.04
10476,63_20240827 12,1702.87
10477,63_20240827 13,1730.9
10478,63_20240827 14,1773.11
10479,63_20240827 15,1729.23
10480,63_20240827 16,1774.95
10481,63_20240827 17,1761.25
10482,63_20240827 18,1744.06
10483,63_20240827 19,1754.63
10484,63_20240827 20,1680.56
10485,63_20240827 21,1527.34
10486,63_20240827 22,1125.44
10487,63_20240827 23,803.58
10488,63_20240828 00,600.68
10489,63_20240828 01,529.72
10490,63_20240828 02,496.62
10491,63_20240828 03,490.02
10492,63_20240828 04,543.4
10493,63_20240828 05,587.25
10494,63_20240828 06,743.83
10495,63_20240828 07,924.39
10496,63_20240828 08,1094.26
10497,63_20240828 09,1431.42
10498,63_20240828 10,1705.34
10499,63_20240828 11,1722.32
10500,63_20240828 12,1787.45
10501,63_20240828 13,1821.36
10502,63_20240828 14,1782.95
10503,63_20240828 15,1775.76
10504,63_20240828 16,1826.87
10505,63_20240828 17,1818.09
10506,63_20240828 18,1794.88
10507,63_20240828 19,1710.2
10508,63_20240828 20,1693.44
10509,63_20240828 21,1493.01
10510,63_20240828 22,1147.69
10511,63_20240828 23,806.42
10512,63_20240829 00,595.02
10513,63_20240829 01,531.43
10514,63_20240829 02,502.54
10515,63_20240829 03,494.33
10516,63_20240829 04,551.44
10517,63_20240829 05,586.77
10518,63_20240829 06,743.94
10519,63_20240829 07,976.68
10520,63_20240829 08,1149.55
10521,63_20240829 09,1469.19
10522,63_20240829 10,1757.48
10523,63_20240829 11,1772.6
10524,63_20240829 12,1845.7
10525,63_20240829 13,1838.46
10526,63_20240829 14,1847.37
10527,63_20240829 15,1791.12
10528,63_20240829 16,1872.19
10529,63_20240829 17,1869.14
10530,63_20240829 18,1840.51
10531,63_20240829 19,1728.51
10532,63_20240829 20,1670.7
10533,63_20240829 21,1551.03
10534,63_20240829 22,1184.34
10535,63_20240829 23,811.33
10536,63_20240830 00,616.46
10537,63_20240830 01,539.96
10538,63_20240830 02,535.67
10539,63_20240830 03,500.17
10540,63_20240830 04,540.21
10541,63_20240830 05,589.46
10542,63_20240830 06,763.42
10543,63_20240830 07,1015.45
10544,63_20240830 08,1225.25
10545,63_20240830 09,1595.78
10546,63_20240830 10,1870.18
10547,63_20240830 11,1854.23
10548,63_20240830 12,1932.7
10549,63_20240830 13,1884.25
10550,63_20240830 14,1816.91
10551,63_20240830 15,1834.69
10552,63_20240830 16,1897.05
10553,63_20240830 17,1798.09
10554,63_20240830 18,1768.94
10555,63_20240830 19,1750.69
10556,63_20240830 20,1692.28
10557,63_20240830 21,1440.63
10558,63_20240830 22,1133.07
10559,63_20240830 23,830.21
10560,63_20240831 00,613.53
10561,63_20240831 01,546.52
10562,63_20240831 02,492.29
10563,63_20240831 03,489.42
10564,63_20240831 04,547.9
10565,63_20240831 05,594.32
10566,63_20240831 06,746.28
10567,63_20240831 07,916.9
10568,63_20240831 08,1076.99
10569,63_20240831 09,1376.16
10570,63_20240831 10,1735.63
10571,63_20240831 11,1812.95
10572,63_20240831 12,1849.09
10573,63_20240831 13,1889.41
10574,63_20240831 14,1963.4
10575,63_20240831 15,1933.31
10576,63_20240831 16,1839.88
10577,63_20240831 17,1916.81
10578,63_20240831 18,1831.09
10579,63_20240831 19,1751.86
10580,63_20240831 20,1717.79
10581,63_20240831 21,1457.85
10582,63_20240831 22,1146.32
10583,63_20240831 23,821.92
10584,64_20240825 00,10824.11
10585,64_20240825 01,10705.84
10586,64_20240825 02,10790.99
10587,64_20240825 03,10756.1
10588,64_20240825 04,10843.68
10589,64_20240825 05,10812.55
10590,64_20240825 06,10892.76
10591,64_20240825 07,10874.96
10592,64_20240825 08,10613.24
10593,64_20240825 09,10562.74
10594,64_20240825 10,10464.17
10595,64_20240825 11,10606.29
10596,64_20240825 12,10354.93
10597,64_20240825 13,10225.05
10598,64_20240825 14,10260.79
10599,64_20240825 15,10348.92
10600,64_20240825 16,10680.37
10601,64_20240825 17,10594.76
10602,64_20240825 18,10587.22
10603,64_20240825 19,10848.97
10604,64_20240825 20,10820.63
10605,64_20240825 21,10848.52
10606,64_20240825 22,10805.92
10607,64_20240825 23,10797.15
10608,64_20240826 00,10780.41
10609,64_20240826 01,10776.34
10610,64_20240826 02,10775.82
10611,64_20240826 03,10611.9
10612,64_20240826 04,10647.48
10613,64_20240826 05,10566.39
10614,64_20240826 06,10600.93
10615,64_20240826 07,10599.57
10616,64_20240826 08,10547.84
10617,64_20240826 09,10884.78
10618,64_20240826 10,11360.52
10619,64_20240826 11,11312.28
10620,64_20240826 12,11092.06
10621,64_20240826 13,11073.12
10622,64_20240826 14,11310.64
10623,64_20240826 15,11550.28
10624,64_20240826 16,11691.12
10625,64_20240826 17,11645.67
10626,64_20240826 18,11260.88
10627,64_20240826 19,11312.61
10628,64_20240826 20,11405.24
10629,64_20240826 21,11300.0
10630,64_20240826 22,11075.9
10631,64_20240826 23,10950.29
10632,64_20240827 00,10924.69
10633,64_20240827 01,10885.99
10634,64_20240827 02,10921.88
10635,64_20240827 03,10942.2
10636,64_20240827 04,10828.32
10637,64_20240827 05,10703.09
10638,64_20240827 06,10903.88
10639,64_20240827 07,10847.41
10640,64_20240827 08,10789.19
10641,64_20240827 09,10894.5
10642,64_20240827 10,11521.88
10643,64_20240827 11,11359.56
10644,64_20240827 12,11204.2
10645,64_20240827 13,11120.63
10646,64_20240827 14,11464.31
10647,64_20240827 15,11517.25
10648,64_20240827 16,11896.61
10649,64_20240827 17,11505.76
10650,64_20240827 18,11419.02
10651,64_20240827 19,11529.16
10652,64_20240827 20,11459.64
10653,64_20240827 21,11435.3
10654,64_20240827 22,11185.02
10655,64_20240827 23,11142.78
10656,64_20240828 00,11055.45
10657,64_20240828 01,10990.13
10658,64_20240828 02,10916.87
10659,64_20240828 03,10969.53
10660,64_20240828 04,11018.94
10661,64_20240828 05,11049.55
10662,64_20240828 06,11105.64
10663,64_20240828 07,10974.08
10664,64_20240828 08,10851.76
10665,64_20240828 09,10949.9
10666,64_20240828 10,11036.32
10667,64_20240828 11,11028.84
10668,64_20240828 12,10883.55
10669,64_20240828 13,10940.22
10670,64_20240828 14,11150.12
10671,64_20240828 15,11291.13
10672,64_20240828 16,11681.86
10673,64_20240828 17,11384.55
10674,64_20240828 18,11419.73
10675,64_20240828 19,11351.35
10676,64_20240828 20,11462.3
10677,64_20240828 21,11247.78
10678,64_20240828 22,11252.61
10679,64_20240828 23,11116.12
10680,64_20240829 00,11029.74
10681,64_20240829 01,11007.07
10682,64_20240829 02,10976.75
10683,64_20240829 03,10987.8
10684,64_20240829 04,11024.02
10685,64_20240829 05,11055.89
10686,64_20240829 06,11184.81
10687,64_20240829 07,10984.92
10688,64_20240829 08,10830.95
10689,64_20240829 09,10955.65
10690,64_20240829 10,10964.1
10691,64_20240829 11,11071.65
10692,64_20240829 12,10931.87
10693,64_20240829 13,10959.55
10694,64_20240829 14,11150.71
10695,64_20240829 15,11407.62
10696,64_20240829 16,11557.66
10697,64_20240829 17,11410.81
10698,64_20240829 18,11198.4
10699,64_20240829 19,11297.09
10700,64_20240829 20,11292.81
10701,64_20240829 21,11312.19
10702,64_20240829 22,11318.24
10703,64_20240829 23,11172.1
10704,64_20240830 00,11159.68
10705,64_20240830 01,11037.58
10706,64_20240830 02,11225.87
10707,64_20240830 03,11108.85
10708,64_20240830 04,11147.68
10709,64_20240830 05,11133.2
10710,64_20240830 06,11228.04
10711,64_20240830 07,10977.79
10712,64_20240830 08,10853.48
10713,64_20240830 09,11071.49
10714,64_20240830 10,11050.02
10715,64_20240830 11,11034.41
10716,64_20240830 12,10986.15
10717,64_20240830 13,10881.12
10718,64_20240830 14,11185.23
10719,64_20240830 15,11487.28
10720,64_20240830 16,11645.8
10721,64_20240830 17,11195.77
10722,64_20240830 18,11496.53
10723,64_20240830 19,11354.29
10724,64_20240830 20,11297.94
10725,64_20240830 21,11402.78
10726,64_20240830 22,11373.83
10727,64_20240830 23,11194.42
10728,64_20240831 00,11057.69
10729,64_20240831 01,10922.73
10730,64_20240831 02,11093.3
10731,64_20240831 03,11095.13
10732,64_20240831 04,11074.64
10733,64_20240831 05,11057.74
10734,64_20240831 06,11057.54
10735,64_20240831 07,11045.56
10736,64_20240831 08,10780.63
10737,64_20240831 09,10831.28
10738,64_20240831 10,10967.34
10739,64_20240831 11,10760.83
10740,64_20240831 12,10713.39
10741,64_20240831 13,10628.5
10742,64_20240831 14,10656.42
10743,64_20240831 15,10729.82
10744,64_20240831 16,10690.63
10745,64_20240831 17,10878.59
10746,64_20240831 18,10728.25
10747,64_20240831 19,11075.18
10748,64_20240831 20,11121.31
10749,64_20240831 21,11085.41
10750,64_20240831 22,10994.02
10751,64_20240831 23,10972.06
10752,65_20240825 00,36.55
10753,65_20240825 01,29.24
10754,65_20240825 02,24.86
10755,65_20240825 03,22.34
10756,65_20240825 04,21.29
10757,65_20240825 05,18.38
10758,65_20240825 06,19.8
10759,65_20240825 07,27.59
10760,65_20240825 08,36.57
10761,65_20240825 09,50.39
10762,65_20240825 10,55.15
10763,65_20240825 11,51.73
10764,65_20240825 12,49.09
10765,65_20240825 13,42.92
10766,65_20240825 14,39.4
10767,65_20240825 15,38.32
10768,65_20240825 16,37.54
10769,65_20240825 17,40.4
10770,65_20240825 18,47.82
10771,65_20240825 19,51.52
10772,65_20240825 20,56.08
10773,65_20240825 21,57.0
10774,65_20240825 22,55.73
10775,65_20240825 23,46.36
10776,65_20240826 00,35.3
10777,65_20240826 01,27.24
10778,65_20240826 02,23.41
10779,65_20240826 03,21.69
10780,65_20240826 04,21.44
10781,65_20240826 05,20.02
10782,65_20240826 06,28.85
10783,65_20240826 07,50.17
10784,65_20240826 08,45.69
10785,65_20240826 09,38.41
10786,65_20240826 10,37.28
10787,65_20240826 11,34.87
10788,65_20240826 12,31.53
10789,65_20240826 13,31.93
10790,65_20240826 14,30.03
10791,65_20240826 15,28.73
10792,65_20240826 16,29.27
10793,65_20240826 17,32.66
10794,65_20240826 18,38.66
10795,65_20240826 19,46.75
10796,65_20240826 20,53.41
10797,65_20240826 21,54.67
10798,65_20240826 22,53.22
10799,65_20240826 23,47.37
10800,65_20240827 00,35.29
10801,65_20240827 01,27.15
10802,65_20240827 02,23.25
10803,65_20240827 03,21.48
10804,65_20240827 04,20.94
10805,65_20240827 05,19.37
10806,65_20240827 06,27.05
10807,65_20240827 07,45.21
10808,65_20240827 08,43.71
10809,65_20240827 09,35.54
10810,65_20240827 10,36.44
10811,65_20240827 11,31.06
10812,65_20240827 12,31.47
10813,65_20240827 13,30.88
10814,65_20240827 14,27.36
10815,65_20240827 15,28.67
10816,65_20240827 16,30.61
10817,65_20240827 17,34.37
10818,65_20240827 18,40.1
10819,65_20240827 19,48.28
10820,65_20240827 20,54.04
10821,65_20240827 21,54.68
10822,65_20240827 22,53.64
10823,65_20240827 23,47.04
10824,65_20240828 00,36.11
10825,65_20240828 01,27.64
10826,65_20240828 02,23.71
10827,65_20240828 03,22.28
10828,65_20240828 04,21.44
10829,65_20240828 05,19.31
10830,65_20240828 06,27.71
10831,65_20240828 07,51.96
10832,65_20240828 08,51.41
10833,65_20240828 09,38.87
10834,65_20240828 10,34.39
10835,65_20240828 11,32.29
10836,65_20240828 12,29.38
10837,65_20240828 13,29.58
10838,65_20240828 14,28.98
10839,65_20240828 15,28.8
10840,65_20240828 16,28.55
10841,65_20240828 17,32.94
10842,65_20240828 18,38.14
10843,65_20240828 19,46.86
10844,65_20240828 20,52.25
10845,65_20240828 21,53.59
10846,65_20240828 22,53.4
10847,65_20240828 23,47.28
10848,65_20240829 00,36.2
10849,65_20240829 01,27.85
10850,65_20240829 02,23.73
10851,65_20240829 03,22.22
10852,65_20240829 04,21.64
10853,65_20240829 05,19.41
10854,65_20240829 06,27.24
10855,65_20240829 07,50.42
10856,65_20240829 08,49.15
10857,65_20240829 09,35.91
10858,65_20240829 10,36.65
10859,65_20240829 11,30.28
10860,65_20240829 12,31.75
10861,65_20240829 13,30.24
10862,65_20240829 14,29.21
10863,65_20240829 15,29.18
10864,65_20240829 16,28.88
10865,65_20240829 17,33.81
10866,65_20240829 18,38.59
10867,65_20240829 19,45.74
10868,65_20240829 20,51.81
10869,65_20240829 21,53.62
10870,65_20240829 22,54.21
10871,65_20240829 23,46.39
10872,65_20240830 00,35.71
10873,65_20240830 01,27.58
10874,65_20240830 02,23.54
10875,65_20240830 03,22.02
10876,65_20240830 04,21.26
10877,65_20240830 05,19.62
10878,65_20240830 06,27.51
10879,65_20240830 07,49.48
10880,65_20240830 08,48.14
10881,65_20240830 09,39.8
10882,65_20240830 10,36.89
10883,65_20240830 11,31.6
10884,65_20240830 12,29.85
10885,65_20240830 13,29.44
10886,65_20240830 14,28.67
10887,65_20240830 15,27.9
10888,65_20240830 16,28.34
10889,65_20240830 17,31.2
10890,65_20240830 18,36.65
10891,65_20240830 19,41.99
10892,65_20240830 20,46.67
10893,65_20240830 21,48.44
10894,65_20240830 22,47.71
10895,65_20240830 23,44.68
10896,65_20240831 00,36.39
10897,65_20240831 01,28.9
10898,65_20240831 02,24.88
10899,65_20240831 03,23.49
10900,65_20240831 04,22.73
10901,65_20240831 05,19.0
10902,65_20240831 06,21.23
10903,65_20240831 07,34.14
10904,65_20240831 08,45.17
10905,65_20240831 09,54.44
10906,65_20240831 10,54.64
10907,65_20240831 11,49.9
10908,65_20240831 12,45.59
10909,65_20240831 13,40.45
10910,65_20240831 14,36.97
10911,65_20240831 15,34.21
10912,65_20240831 16,33.55
10913,65_20240831 17,35.49
10914,65_20240831 18,37.64
10915,65_20240831 19,42.94
10916,65_20240831 20,45.29
10917,65_20240831 21,46.72
10918,65_20240831 22,46.38
10919,65_20240831 23,43.76
10920,66_20240825 00,1593.08
10921,66_20240825 01,1568.94
10922,66_20240825 02,1566.89
10923,66_20240825 03,1554.67
10924,66_20240825 04,1514.22
10925,66_20240825 05,1486.89
10926,66_20240825 06,1642.65
10927,66_20240825 07,1668.47
10928,66_20240825 08,1732.25
10929,66_20240825 09,2261.06
10930,66_20240825 10,2328.26
10931,66_20240825 11,2326.86
10932,66_20240825 12,2270.85
10933,66_20240825 13,2317.47
10934,66_20240825 14,2280.77
10935,66_20240825 15,2330.21
10936,66_20240825 16,2389.51
10937,66_20240825 17,2379.87
10938,66_20240825 18,2045.21
10939,66_20240825 19,1695.94
10940,66_20240825 20,1703.0
10941,66_20240825 21,1666.6
10942,66_20240825 22,1636.57
10943,66_20240825 23,1602.28
10944,66_20240826 00,1583.61
10945,66_20240826 01,1580.42
10946,66_20240826 02,1621.08
10947,66_20240826 03,1576.25
10948,66_20240826 04,1580.75
10949,66_20240826 05,1565.56
10950,66_20240826 06,1821.21
10951,66_20240826 07,2495.29
10952,66_20240826 08,2806.78
10953,66_20240826 09,2915.49
10954,66_20240826 10,2929.76
10955,66_20240826 11,2981.1
10956,66_20240826 12,2940.92
10957,66_20240826 13,3018.13
10958,66_20240826 14,3041.09
10959,66_20240826 15,3131.08
10960,66_20240826 16,3035.61
10961,66_20240826 17,3008.73
10962,66_20240826 18,3006.42
10963,66_20240826 19,2832.77
10964,66_20240826 20,2741.18
10965,66_20240826 21,2654.51
10966,66_20240826 22,2099.26
10967,66_20240826 23,1678.28
10968,66_20240827 00,1640.66
10969,66_20240827 01,1635.33
10970,66_20240827 02,1628.17
10971,66_20240827 03,1640.68
10972,66_20240827 04,1625.84
10973,66_20240827 05,1636.81
10974,66_20240827 06,1888.36
10975,66_20240827 07,2483.01
10976,66_20240827 08,2882.49
10977,66_20240827 09,3065.05
10978,66_20240827 10,3022.14
10979,66_20240827 11,2911.12
10980,66_20240827 12,2936.34
10981,66_20240827 13,2938.97
10982,66_20240827 14,2918.06
10983,66_20240827 15,2929.9
10984,66_20240827 16,2943.81
10985,66_20240827 17,2905.0
10986,66_20240827 18,2870.66
10987,66_20240827 19,2617.69
10988,66_20240827 20,2515.91
10989,66_20240827 21,2468.62
10990,66_20240827 22,1909.29
10991,66_20240827 23,1498.1
10992,66_20240828 00,1405.06
10993,66_20240828 01,1397.08
10994,66_20240828 02,1403.09
10995,66_20240828 03,1387.28
10996,66_20240828 04,1415.96
10997,66_20240828 05,1427.54
10998,66_20240828 06,1610.87
10999,66_20240828 07,2269.82
11000,66_20240828 08,2602.33
11001,66_20240828 09,2801.54
11002,66_20240828 10,2797.93
11003,66_20240828 11,2825.55
11004,66_20240828 12,2806.69
11005,66_20240828 13,2783.3
11006,66_20240828 14,2783.24
11007,66_20240828 15,2821.3
11008,66_20240828 16,2837.78
11009,66_20240828 17,2797.11
11010,66_20240828 18,2753.76
11011,66_20240828 19,2118.78
11012,66_20240828 20,2016.38
11013,66_20240828 21,1995.05
11014,66_20240828 22,1802.18
11015,66_20240828 23,1525.88
11016,66_20240829 00,1474.04
11017,66_20240829 01,1467.84
11018,66_20240829 02,1473.88
11019,66_20240829 03,1450.69
11020,66_20240829 04,1444.07
11021,66_20240829 05,1497.42
11022,66_20240829 06,1705.94
11023,66_20240829 07,2297.76
11024,66_20240829 08,2784.51
11025,66_20240829 09,2844.05
11026,66_20240829 10,2863.92
11027,66_20240829 11,2881.34
11028,66_20240829 12,2897.98
11029,66_20240829 13,2939.92
11030,66_20240829 14,2944.18
11031,66_20240829 15,2944.66
11032,66_20240829 16,2939.63
11033,66_20240829 17,2907.96
11034,66_20240829 18,2912.12
11035,66_20240829 19,2711.4
11036,66_20240829 20,2650.75
11037,66_20240829 21,2594.82
11038,66_20240829 22,2006.9
11039,66_20240829 23,1631.17
11040,66_20240830 00,1580.76
11041,66_20240830 01,1545.88
11042,66_20240830 02,1448.51
11043,66_20240830 03,1482.07
11044,66_20240830 04,1485.88
11045,66_20240830 05,1488.26
11046,66_20240830 06,1696.55
11047,66_20240830 07,2358.34
11048,66_20240830 08,2696.12
11049,66_20240830 09,2799.46
11050,66_20240830 10,2802.51
11051,66_20240830 11,2796.02
11052,66_20240830 12,2838.93
11053,66_20240830 13,2857.24
11054,66_20240830 14,2974.5
11055,66_20240830 15,2955.92
11056,66_20240830 16,2973.25
11057,66_20240830 17,2918.68
11058,66_20240830 18,2872.98
11059,66_20240830 19,2602.16
11060,66_20240830 20,2524.36
11061,66_20240830 21,2428.38
11062,66_20240830 22,1967.68
11063,66_20240830 23,1628.95
11064,66_20240831 00,1525.99
11065,66_20240831 01,1523.8
11066,66_20240831 02,1458.67
11067,66_20240831 03,1439.83
11068,66_20240831 04,1415.72
11069,66_20240831 05,1396.73
11070,66_20240831 06,1466.91
11071,66_20240831 07,1497.75
11072,66_20240831 08,1559.38
11073,66_20240831 09,2105.93
11074,66_20240831 10,2077.93
11075,66_20240831 11,2102.46
11076,66_20240831 12,2143.11
11077,66_20240831 13,2169.58
11078,66_20240831 14,2190.15
11079,66_20240831 15,2221.77
11080,66_20240831 16,2250.2
11081,66_20240831 17,2248.54
11082,66_20240831 18,2050.79
11083,66_20240831 19,1636.66
11084,66_20240831 20,1624.97
11085,66_20240831 21,1573.81
11086,66_20240831 22,1580.33
11087,66_20240831 23,1520.22
11088,67_20240825 00,10826.81
11089,67_20240825 01,10885.62
11090,67_20240825 02,10839.16
11091,67_20240825 03,10817.59
11092,67_20240825 04,10818.61
11093,67_20240825 05,10533.55
11094,67_20240825 06,10614.61
11095,67_20240825 07,10588.81
11096,67_20240825 08,10751.78
11097,67_20240825 09,10697.15
11098,67_20240825 10,10807.77
11099,67_20240825 11,10850.76
11100,67_20240825 12,10832.62
11101,67_20240825 13,10919.51
11102,67_20240825 14,10919.47
11103,67_20240825 15,10927.8
11104,67_20240825 16,10923.38
11105,67_20240825 17,10830.7
11106,67_20240825 18,10870.03
11107,67_20240825 19,10921.66
11108,67_20240825 20,10808.52
11109,67_20240825 21,10812.74
11110,67_20240825 22,10783.89
11111,67_20240825 23,10624.97
11112,67_20240826 00,10887.3
11113,67_20240826 01,10899.19
11114,67_20240826 02,10887.96
11115,67_20240826 03,10895.96
11116,67_20240826 04,10871.81
11117,67_20240826 05,10904.36
11118,67_20240826 06,11026.56
11119,67_20240826 07,11102.46
11120,67_20240826 08,11094.99
11121,67_20240826 09,11175.76
11122,67_20240826 10,11225.68
11123,67_20240826 11,11245.82
11124,67_20240826 12,11224.97
11125,67_20240826 13,11363.21
11126,67_20240826 14,11242.42
11127,67_20240826 15,11324.16
11128,67_20240826 16,11062.42
11129,67_20240826 17,10917.68
11130,67_20240826 18,10951.37
11131,67_20240826 19,10832.06
11132,67_20240826 20,10807.99
11133,67_20240826 21,10927.97
11134,67_20240826 22,10909.73
11135,67_20240826 23,10895.85
11136,67_20240827 00,10890.91
11137,67_20240827 01,10889.88
11138,67_20240827 02,10924.54
11139,67_20240827 03,10904.33
11140,67_20240827 04,10924.32
11141,67_20240827 05,10913.03
11142,67_20240827 06,10953.44
11143,67_20240827 07,10750.55
11144,67_20240827 08,10795.28
11145,67_20240827 09,10996.89
11146,67_20240827 10,10935.32
11147,67_20240827 11,10883.09
11148,67_20240827 12,11130.73
11149,67_20240827 13,11101.84
11150,67_20240827 14,11158.56
11151,67_20240827 15,11138.45
11152,67_20240827 16,10941.44
11153,67_20240827 17,10894.97
11154,67_20240827 18,10822.15
11155,67_20240827 19,10716.76
11156,67_20240827 20,10881.13
11157,67_20240827 21,10889.0
11158,67_20240827 22,10890.97
11159,67_20240827 23,10685.33
11160,67_20240828 00,10720.18
11161,67_20240828 01,10680.86
11162,67_20240828 02,10645.04
11163,67_20240828 03,10621.18
11164,67_20240828 04,10605.51
11165,67_20240828 05,10622.3
11166,67_20240828 06,10698.09
11167,67_20240828 07,10724.08
11168,67_20240828 08,10711.4
11169,67_20240828 09,11063.2
11170,67_20240828 10,11093.14
11171,67_20240828 11,11012.7
11172,67_20240828 12,10902.15
11173,67_20240828 13,10922.3
11174,67_20240828 14,10909.68
11175,67_20240828 15,10928.21
11176,67_20240828 16,10968.89
11177,67_20240828 17,10938.25
11178,67_20240828 18,10893.03
11179,67_20240828 19,10869.79
11180,67_20240828 20,10857.72
11181,67_20240828 21,10704.7
11182,67_20240828 22,10868.79
11183,67_20240828 23,10890.91
11184,67_20240829 00,10846.22
11185,67_20240829 01,10858.27
11186,67_20240829 02,10861.78
11187,67_20240829 03,10569.6
11188,67_20240829 04,10656.05
11189,67_20240829 05,10630.79
11190,67_20240829 06,10704.29
11191,67_20240829 07,10716.02
11192,67_20240829 08,10998.06
11193,67_20240829 09,10989.44
11194,67_20240829 10,10946.95
11195,67_20240829 11,10945.59
11196,67_20240829 12,10769.63
11197,67_20240829 13,10880.38
11198,67_20240829 14,10660.46
11199,67_20240829 15,10869.12
11200,67_20240829 16,10800.05
11201,67_20240829 17,10587.71
11202,67_20240829 18,10845.25
11203,67_20240829 19,10681.24
11204,67_20240829 20,10844.49
11205,67_20240829 21,10595.32
11206,67_20240829 22,10897.24
11207,67_20240829 23,10856.97
11208,67_20240830 00,10781.54
11209,67_20240830 01,10656.72
11210,67_20240830 02,10230.17
11211,67_20240830 03,10525.06
11212,67_20240830 04,10622.31
11213,67_20240830 05,10643.0
11214,67_20240830 06,10681.22
11215,67_20240830 07,10764.58
11216,67_20240830 08,10819.77
11217,67_20240830 09,10922.96
11218,67_20240830 10,10821.21
11219,67_20240830 11,10715.54
11220,67_20240830 12,10672.97
11221,67_20240830 13,10827.74
11222,67_20240830 14,10896.98
11223,67_20240830 15,10661.34
11224,67_20240830 16,10744.31
11225,67_20240830 17,10758.14
11226,67_20240830 18,10797.76
11227,67_20240830 19,10890.37
11228,67_20240830 20,10795.71
11229,67_20240830 21,10775.92
11230,67_20240830 22,10786.13
11231,67_20240830 23,10801.61
11232,67_20240831 00,10497.93
11233,67_20240831 01,10461.16
11234,67_20240831 02,10479.7
11235,67_20240831 03,10581.98
11236,67_20240831 04,10456.03
11237,67_20240831 05,10447.11
11238,67_20240831 06,10356.99
11239,67_20240831 07,10316.09
11240,67_20240831 08,10512.86
11241,67_20240831 09,10599.71
11242,67_20240831 10,10527.89
11243,67_20240831 11,10682.28
11244,67_20240831 12,10581.76
11245,67_20240831 13,10522.75
11246,67_20240831 14,10701.87
11247,67_20240831 15,10747.25
11248,67_20240831 16,10860.15
11249,67_20240831 17,10874.28
11250,67_20240831 18,10470.37
11251,67_20240831 19,10721.75
11252,67_20240831 20,10792.89
11253,67_20240831 21,10806.54
11254,67_20240831 22,10794.95
11255,67_20240831 23,10631.05
11256,68_20240825 00,1795.0
11257,68_20240825 01,1845.03
11258,68_20240825 02,1825.09
11259,68_20240825 03,1664.12
11260,68_20240825 04,1603.36
11261,68_20240825 05,1529.23
11262,68_20240825 06,1447.08
11263,68_20240825 07,1434.88
11264,68_20240825 08,1396.65
11265,68_20240825 09,1487.35
11266,68_20240825 10,1526.31
11267,68_20240825 11,1528.76
11268,68_20240825 12,1588.05
11269,68_20240825 13,1676.06
11270,68_20240825 14,1688.56
11271,68_20240825 15,1681.73
11272,68_20240825 16,1698.27
11273,68_20240825 17,1650.35
11274,68_20240825 18,1513.44
11275,68_20240825 19,1455.31
11276,68_20240825 20,1473.98
11277,68_20240825 21,1499.78
11278,68_20240825 22,1848.07
11279,68_20240825 23,1868.83
11280,68_20240826 00,1867.36
11281,68_20240826 01,1821.88
11282,68_20240826 02,1725.66
11283,68_20240826 03,1684.42
11284,68_20240826 04,1661.4
11285,68_20240826 05,1606.0
11286,68_20240826 06,1660.22
11287,68_20240826 07,1844.09
11288,68_20240826 08,2272.33
11289,68_20240826 09,2894.62
11290,68_20240826 10,3010.51
11291,68_20240826 11,3084.68
11292,68_20240826 12,3233.84
11293,68_20240826 13,3226.21
11294,68_20240826 14,3273.55
11295,68_20240826 15,3163.49
11296,68_20240826 16,3132.86
11297,68_20240826 17,2864.29
11298,68_20240826 18,2088.82
11299,68_20240826 19,1732.62
11300,68_20240826 20,1654.19
11301,68_20240826 21,1685.04
11302,68_20240826 22,1810.93
11303,68_20240826 23,1893.34
11304,68_20240827 00,2149.62
11305,68_20240827 01,2119.33
11306,68_20240827 02,2056.54
11307,68_20240827 03,1986.48
11308,68_20240827 04,1958.26
11309,68_20240827 05,1971.65
11310,68_20240827 06,2028.53
11311,68_20240827 07,2066.38
11312,68_20240827 08,2418.87
11313,68_20240827 09,2794.22
11314,68_20240827 10,2876.28
11315,68_20240827 11,2974.3
11316,68_20240827 12,2939.88
11317,68_20240827 13,3057.02
11318,68_20240827 14,3111.75
11319,68_20240827 15,3076.33
11320,68_20240827 16,3055.83
11321,68_20240827 17,2689.45
11322,68_20240827 18,2051.07
11323,68_20240827 19,1703.0
11324,68_20240827 20,1591.41
11325,68_20240827 21,1544.95
11326,68_20240827 22,1678.25
11327,68_20240827 23,1788.92
11328,68_20240828 00,1874.14
11329,68_20240828 01,1803.68
11330,68_20240828 02,1745.65
11331,68_20240828 03,1694.86
11332,68_20240828 04,1697.02
11333,68_20240828 05,1725.42
11334,68_20240828 06,1749.47
11335,68_20240828 07,1813.88
11336,68_20240828 08,2212.63
11337,68_20240828 09,2742.36
11338,68_20240828 10,2795.97
11339,68_20240828 11,3006.23
11340,68_20240828 12,3074.93
11341,68_20240828 13,3085.78
11342,68_20240828 14,3071.69
11343,68_20240828 15,3123.73
11344,68_20240828 16,3069.5
11345,68_20240828 17,2791.26
11346,68_20240828 18,2045.38
11347,68_20240828 19,1666.33
11348,68_20240828 20,1609.44
11349,68_20240828 21,1570.89
11350,68_20240828 22,1712.34
11351,68_20240828 23,1815.42
11352,68_20240829 00,1836.73
11353,68_20240829 01,1837.5
11354,68_20240829 02,1773.3
11355,68_20240829 03,1678.53
11356,68_20240829 04,1607.85
11357,68_20240829 05,1641.28
11358,68_20240829 06,1654.15
11359,68_20240829 07,1753.21
11360,68_20240829 08,2021.28
11361,68_20240829 09,2581.35
11362,68_20240829 10,2698.98
11363,68_20240829 11,2797.51
11364,68_20240829 12,3053.58
11365,68_20240829 13,2974.82
11366,68_20240829 14,3058.75
11367,68_20240829 15,3001.37
11368,68_20240829 16,3068.32
11369,68_20240829 17,2737.51
11370,68_20240829 18,2030.9
11371,68_20240829 19,1656.04
11372,68_20240829 20,1586.09
11373,68_20240829 21,1532.58
11374,68_20240829 22,1748.41
11375,68_20240829 23,1910.64
11376,68_20240830 00,1761.03
11377,68_20240830 01,1731.19
11378,68_20240830 02,1596.6
11379,68_20240830 03,1521.93
11380,68_20240830 04,1566.06
11381,68_20240830 05,1507.57
11382,68_20240830 06,1562.32
11383,68_20240830 07,1655.63
11384,68_20240830 08,2197.43
11385,68_20240830 09,2723.41
11386,68_20240830 10,2846.26
11387,68_20240830 11,3031.8
11388,68_20240830 12,3210.45
11389,68_20240830 13,3066.51
11390,68_20240830 14,3040.69
11391,68_20240830 15,3074.47
11392,68_20240830 16,3239.31
11393,68_20240830 17,2875.25
11394,68_20240830 18,2161.76
11395,68_20240830 19,1663.52
11396,68_20240830 20,1587.88
11397,68_20240830 21,1516.07
11398,68_20240830 22,1599.2
11399,68_20240830 23,1500.71
11400,68_20240831 00,1072.22
11401,68_20240831 01,1468.99
11402,68_20240831 02,1511.51
11403,68_20240831 03,1422.63
11404,68_20240831 04,1392.4
11405,68_20240831 05,1390.13
11406,68_20240831 06,1422.29
11407,68_20240831 07,1408.82
11408,68_20240831 08,1335.87
11409,68_20240831 09,1521.84
11410,68_20240831 10,1510.92
11411,68_20240831 11,1498.31
11412,68_20240831 12,1482.59
11413,68_20240831 13,1549.31
11414,68_20240831 14,1575.85
11415,68_20240831 15,1713.13
11416,68_20240831 16,1693.46
11417,68_20240831 17,1579.95
11418,68_20240831 18,1451.33
11419,68_20240831 19,1436.78
11420,68_20240831 20,1436.32
11421,68_20240831 21,1429.88
11422,68_20240831 22,1763.69
11423,68_20240831 23,1773.74
11424,69_20240825 00,7332.65
11425,69_20240825 01,7270.04
11426,69_20240825 02,7301.33
11427,69_20240825 03,7308.71
11428,69_20240825 04,7146.33
11429,69_20240825 05,7181.31
11430,69_20240825 06,7232.75
11431,69_20240825 07,7094.41
11432,69_20240825 08,7325.81
11433,69_20240825 09,7326.35
11434,69_20240825 10,7373.14
11435,69_20240825 11,7499.38
11436,69_20240825 12,7627.33
11437,69_20240825 13,7583.52
11438,69_20240825 14,7614.14
11439,69_20240825 15,7754.77
11440,69_20240825 16,7656.64
11441,69_20240825 17,7823.05
11442,69_20240825 18,7776.33
11443,69_20240825 19,7745.23
11444,69_20240825 20,7554.61
11445,69_20240825 21,7616.06
11446,69_20240825 22,7494.9
11447,69_20240825 23,7417.56
11448,69_20240826 00,7578.34
11449,69_20240826 01,7552.05
11450,69_20240826 02,7401.0
11451,69_20240826 03,7405.28
11452,69_20240826 04,7411.84
11453,69_20240826 05,7491.6
11454,69_20240826 06,8380.48
11455,69_20240826 07,9275.19
11456,69_20240826 08,9684.61
11457,69_20240826 09,9906.27
11458,69_20240826 10,10002.22
11459,69_20240826 11,10086.09
11460,69_20240826 12,10021.65
11461,69_20240826 13,10129.14
11462,69_20240826 14,9917.97
11463,69_20240826 15,9932.75
11464,69_20240826 16,10005.41
11465,69_20240826 17,10061.65
11466,69_20240826 18,9495.87
11467,69_20240826 19,8916.01
11468,69_20240826 20,8588.85
11469,69_20240826 21,8247.76
11470,69_20240826 22,8013.22
11471,69_20240826 23,7871.57
11472,69_20240827 00,7748.62
11473,69_20240827 01,7805.39
11474,69_20240827 02,7670.97
11475,69_20240827 03,7578.23
11476,69_20240827 04,7584.23
11477,69_20240827 05,7675.89
11478,69_20240827 06,8526.15
11479,69_20240827 07,9426.3
11480,69_20240827 08,9669.85
11481,69_20240827 09,9830.69
11482,69_20240827 10,9887.15
11483,69_20240827 11,9738.72
11484,69_20240827 12,9696.68
11485,69_20240827 13,9766.23
11486,69_20240827 14,9809.72
11487,69_20240827 15,9798.03
11488,69_20240827 16,9804.94
11489,69_20240827 17,9494.53
11490,69_20240827 18,9034.14
11491,69_20240827 19,8393.7
11492,69_20240827 20,8156.46
11493,69_20240827 21,7748.14
11494,69_20240827 22,7277.4
11495,69_20240827 23,6996.04
11496,69_20240828 00,6811.3
11497,69_20240828 01,6576.76
11498,69_20240828 02,6368.3
11499,69_20240828 03,6321.87
11500,69_20240828 04,6330.05
11501,69_20240828 05,6474.21
11502,69_20240828 06,7073.25
11503,69_20240828 07,8085.08
11504,69_20240828 08,8515.58
11505,69_20240828 09,9199.25
11506,69_20240828 10,9366.05
11507,69_20240828 11,9357.33
11508,69_20240828 12,9394.06
11509,69_20240828 13,9489.91
11510,69_20240828 14,9375.86
11511,69_20240828 15,9500.63
11512,69_20240828 16,9548.5
11513,69_20240828 17,9600.8
11514,69_20240828 18,9141.51
11515,69_20240828 19,8318.83
11516,69_20240828 20,7724.61
11517,69_20240828 21,7482.71
11518,69_20240828 22,7068.71
11519,69_20240828 23,7009.5
11520,69_20240829 00,6978.69
11521,69_20240829 01,6860.17
11522,69_20240829 02,6664.63
11523,69_20240829 03,6679.94
11524,69_20240829 04,6537.83
11525,69_20240829 05,6456.25
11526,69_20240829 06,6972.54
11527,69_20240829 07,7543.7
11528,69_20240829 08,8192.01
11529,69_20240829 09,9157.53
11530,69_20240829 10,8963.75
11531,69_20240829 11,9103.96
11532,69_20240829 12,9183.35
11533,69_20240829 13,9344.31
11534,69_20240829 14,9195.86
11535,69_20240829 15,9037.27
11536,69_20240829 16,9057.75
11537,69_20240829 17,9299.18
11538,69_20240829 18,9241.43
11539,69_20240829 19,8416.57
11540,69_20240829 20,8089.12
11541,69_20240829 21,7743.36
11542,69_20240829 22,7501.44
11543,69_20240829 23,7335.01
11544,69_20240830 00,7065.88
11545,69_20240830 01,6866.09
11546,69_20240830 02,6918.52
11547,69_20240830 03,6726.46
11548,69_20240830 04,6674.5
11549,69_20240830 05,6632.76
11550,69_20240830 06,7307.98
11551,69_20240830 07,8523.25
11552,69_20240830 08,8968.61
11553,69_20240830 09,9431.57
11554,69_20240830 10,9552.16
11555,69_20240830 11,9791.81
11556,69_20240830 12,9758.75
11557,69_20240830 13,9598.53
11558,69_20240830 14,9585.55
11559,69_20240830 15,9619.88
11560,69_20240830 16,9828.88
11561,69_20240830 17,9621.87
11562,69_20240830 18,9022.96
11563,69_20240830 19,8172.21
11564,69_20240830 20,7553.4
11565,69_20240830 21,7455.96
11566,69_20240830 22,7248.76
11567,69_20240830 23,7207.42
11568,69_20240831 00,6789.42
11569,69_20240831 01,6847.29
11570,69_20240831 02,6632.51
11571,69_20240831 03,6411.75
11572,69_20240831 04,6322.61
11573,69_20240831 05,6436.36
11574,69_20240831 06,6537.58
11575,69_20240831 07,6300.33
11576,69_20240831 08,6550.94
11577,69_20240831 09,6894.8
11578,69_20240831 10,6722.4
11579,69_20240831 11,6400.63
11580,69_20240831 12,6624.86
11581,69_20240831 13,6715.24
11582,69_20240831 14,7238.75
11583,69_20240831 15,7404.3
11584,69_20240831 16,7426.13
11585,69_20240831 17,7519.24
11586,69_20240831 18,7465.1
11587,69_20240831 19,7195.25
11588,69_20240831 20,7113.24
11589,69_20240831 21,7131.28
11590,69_20240831 22,7187.23
11591,69_20240831 23,7056.56
11592,70_20240825 00,3087.4
11593,70_20240825 01,2563.09
11594,70_20240825 02,2141.64
11595,70_20240825 03,1938.8
11596,70_20240825 04,1725.43
11597,70_20240825 05,1792.16
11598,70_20240825 06,1823.35
11599,70_20240825 07,2090.0
11600,70_20240825 08,2619.21
11601,70_20240825 09,3116.28
11602,70_20240825 10,3200.03
11603,70_20240825 11,3443.97
11604,70_20240825 12,3420.62
11605,70_20240825 13,3540.78
11606,70_20240825 14,3602.01
11607,70_20240825 15,3479.85
11608,70_20240825 16,3595.24
11609,70_20240825 17,3714.95
11610,70_20240825 18,3922.87
11611,70_20240825 19,4017.96
11612,70_20240825 20,4201.69
11613,70_20240825 21,4130.83
11614,70_20240825 22,3606.81
11615,70_20240825 23,3400.44
11616,70_20240826 00,2844.33
11617,70_20240826 01,2253.36
11618,70_20240826 02,2001.9
11619,70_20240826 03,1905.48
11620,70_20240826 04,1828.72
11621,70_20240826 05,1741.95
11622,70_20240826 06,1824.57
11623,70_20240826 07,2260.8
11624,70_20240826 08,2696.89
11625,70_20240826 09,2926.76
11626,70_20240826 10,3171.92
11627,70_20240826 11,3128.01
11628,70_20240826 12,3179.03
11629,70_20240826 13,3069.61
11630,70_20240826 14,3276.93
11631,70_20240826 15,3464.24
11632,70_20240826 16,3555.27
11633,70_20240826 17,3505.87
11634,70_20240826 18,3892.45
11635,70_20240826 19,4023.54
11636,70_20240826 20,4259.54
11637,70_20240826 21,4224.92
11638,70_20240826 22,4244.64
11639,70_20240826 23,3769.71
11640,70_20240827 00,3288.35
11641,70_20240827 01,2606.68
11642,70_20240827 02,2246.23
11643,70_20240827 03,2085.11
11644,70_20240827 04,2017.64
11645,70_20240827 05,1893.71
11646,70_20240827 06,1962.28
11647,70_20240827 07,2344.1
11648,70_20240827 08,2680.18
11649,70_20240827 09,2948.59
11650,70_20240827 10,3218.95
11651,70_20240827 11,3248.88
11652,70_20240827 12,3126.02
11653,70_20240827 13,3400.93
11654,70_20240827 14,3278.17
11655,70_20240827 15,3183.02
11656,70_20240827 16,3208.98
11657,70_20240827 17,2990.44
11658,70_20240827 18,2785.86
11659,70_20240827 19,3241.68
11660,70_20240827 20,3680.62
11661,70_20240827 21,3589.03
11662,70_20240827 22,3644.77
11663,70_20240827 23,3303.84
11664,70_20240828 00,2746.52
11665,70_20240828 01,2131.9
11666,70_20240828 02,1883.59
11667,70_20240828 03,1757.44
11668,70_20240828 04,1654.06
11669,70_20240828 05,1668.79
11670,70_20240828 06,1760.19
11671,70_20240828 07,2058.97
11672,70_20240828 08,2224.94
11673,70_20240828 09,2190.77
11674,70_20240828 10,2218.9
11675,70_20240828 11,2166.92
11676,70_20240828 12,2268.03
11677,70_20240828 13,2512.07
11678,70_20240828 14,2830.6
11679,70_20240828 15,2677.38
11680,70_20240828 16,2946.56
11681,70_20240828 17,3237.03
11682,70_20240828 18,3440.79
11683,70_20240828 19,3636.66
11684,70_20240828 20,3651.42
11685,70_20240828 21,3688.1
11686,70_20240828 22,3705.95
11687,70_20240828 23,3440.08
11688,70_20240829 00,2670.93
11689,70_20240829 01,2156.14
11690,70_20240829 02,1945.21
11691,70_20240829 03,1774.19
11692,70_20240829 04,1747.87
11693,70_20240829 05,1764.13
11694,70_20240829 06,1948.14
11695,70_20240829 07,2252.76
11696,70_20240829 08,2555.46
11697,70_20240829 09,2665.24
11698,70_20240829 10,2841.19
11699,70_20240829 11,2568.21
11700,70_20240829 12,2753.38
11701,70_20240829 13,3175.28
11702,70_20240829 14,3216.77
11703,70_20240829 15,3211.52
11704,70_20240829 16,3091.69
11705,70_20240829 17,3193.07
11706,70_20240829 18,3506.68
11707,70_20240829 19,3712.25
11708,70_20240829 20,3543.01
11709,70_20240829 21,3600.91
11710,70_20240829 22,3611.8
11711,70_20240829 23,3012.68
11712,70_20240830 00,2689.76
11713,70_20240830 01,2139.52
11714,70_20240830 02,1931.82
11715,70_20240830 03,1767.88
11716,70_20240830 04,1725.64
11717,70_20240830 05,1674.9
11718,70_20240830 06,1794.67
11719,70_20240830 07,2068.09
11720,70_20240830 08,2237.77
11721,70_20240830 09,2577.09
11722,70_20240830 10,2595.31
11723,70_20240830 11,2617.71
11724,70_20240830 12,2977.64
11725,70_20240830 13,2772.41
11726,70_20240830 14,2862.04
11727,70_20240830 15,3151.59
11728,70_20240830 16,3319.76
11729,70_20240830 17,3504.35
11730,70_20240830 18,3603.16
11731,70_20240830 19,3845.09
11732,70_20240830 20,4063.68
11733,70_20240830 21,3988.47
11734,70_20240830 22,3996.8
11735,70_20240830 23,3391.22
11736,70_20240831 00,2798.6
11737,70_20240831 01,2262.83
11738,70_20240831 02,2020.13
11739,70_20240831 03,1789.53
11740,70_20240831 04,1703.3
11741,70_20240831 05,1620.88
11742,70_20240831 06,1623.5
11743,70_20240831 07,1866.17
11744,70_20240831 08,2103.45
11745,70_20240831 09,2221.28
11746,70_20240831 10,2422.92
11747,70_20240831 11,2815.49
11748,70_20240831 12,3097.92
11749,70_20240831 13,3091.86
11750,70_20240831 14,2793.89
11751,70_20240831 15,2834.24
11752,70_20240831 16,3036.28
11753,70_20240831 17,3147.98
11754,70_20240831 18,3114.63
11755,70_20240831 19,2802.52
11756,70_20240831 20,3077.92
11757,70_20240831 21,3174.2
11758,70_20240831 22,3095.58
11759,70_20240831 23,2909.49
11760,71_20240825 00,1299.86
11761,71_20240825 01,1050.92
11762,71_20240825 02,906.31
11763,71_20240825 03,814.18
11764,71_20240825 04,774.27
11765,71_20240825 05,783.28
11766,71_20240825 06,820.05
11767,71_20240825 07,902.21
11768,71_20240825 08,983.51
11769,71_20240825 09,1100.77
11770,71_20240825 10,1248.72
11771,71_20240825 11,1247.67
11772,71_20240825 12,1571.73
11773,71_20240825 13,1578.42
11774,71_20240825 14,1595.86
11775,71_20240825 15,1340.79
11776,71_20240825 16,1242.51
11777,71_20240825 17,1543.13
11778,71_20240825 18,1768.41
11779,71_20240825 19,1686.99
11780,71_20240825 20,1775.01
11781,71_20240825 21,1732.18
11782,71_20240825 22,1705.28
11783,71_20240825 23,1502.46
11784,71_20240826 00,1213.79
11785,71_20240826 01,1010.1
11786,71_20240826 02,896.17
11787,71_20240826 03,829.3
11788,71_20240826 04,809.53
11789,71_20240826 05,799.82
11790,71_20240826 06,793.15
11791,71_20240826 07,985.1
11792,71_20240826 08,1107.75
11793,71_20240826 09,1123.14
11794,71_20240826 10,1178.33
11795,71_20240826 11,1408.12
11796,71_20240826 12,1170.02
11797,71_20240826 13,1363.01
11798,71_20240826 14,1303.39
11799,71_20240826 15,1310.0
11800,71_20240826 16,1379.07
11801,71_20240826 17,1498.88
11802,71_20240826 18,1598.76
11803,71_20240826 19,1708.73
11804,71_20240826 20,1780.27
11805,71_20240826 21,1765.58
11806,71_20240826 22,1661.94
11807,71_20240826 23,1525.14
11808,71_20240827 00,1257.16
11809,71_20240827 01,1089.93
11810,71_20240827 02,940.27
11811,71_20240827 03,906.98
11812,71_20240827 04,893.95
11813,71_20240827 05,863.48
11814,71_20240827 06,908.41
11815,71_20240827 07,1013.77
11816,71_20240827 08,1108.46
11817,71_20240827 09,1001.82
11818,71_20240827 10,982.57
11819,71_20240827 11,999.54
11820,71_20240827 12,962.31
11821,71_20240827 13,1010.85
11822,71_20240827 14,1106.23
11823,71_20240827 15,1092.01
11824,71_20240827 16,1212.19
11825,71_20240827 17,1188.11
11826,71_20240827 18,1347.7
11827,71_20240827 19,1380.45
11828,71_20240827 20,1509.94
11829,71_20240827 21,1469.9
11830,71_20240827 22,1235.51
11831,71_20240827 23,1079.76
11832,71_20240828 00,929.81
11833,71_20240828 01,790.42
11834,71_20240828 02,711.53
11835,71_20240828 03,659.95
11836,71_20240828 04,645.0
11837,71_20240828 05,647.59
11838,71_20240828 06,670.2
11839,71_20240828 07,825.85
11840,71_20240828 08,918.96
11841,71_20240828 09,876.45
11842,71_20240828 10,874.33
11843,71_20240828 11,1023.65
11844,71_20240828 12,1062.5
11845,71_20240828 13,1106.49
11846,71_20240828 14,955.26
11847,71_20240828 15,1036.84
11848,71_20240828 16,1131.05
11849,71_20240828 17,1205.92
11850,71_20240828 18,1417.98
11851,71_20240828 19,1564.01
11852,71_20240828 20,1564.08
11853,71_20240828 21,1509.86
11854,71_20240828 22,1361.16
11855,71_20240828 23,1173.45
11856,71_20240829 00,1037.1
11857,71_20240829 01,880.15
11858,71_20240829 02,769.52
11859,71_20240829 03,695.04
11860,71_20240829 04,675.34
11861,71_20240829 05,668.5
11862,71_20240829 06,710.88
11863,71_20240829 07,821.68
11864,71_20240829 08,887.55
11865,71_20240829 09,887.02
11866,71_20240829 10,949.46
11867,71_20240829 11,1080.5
11868,71_20240829 12,1109.82
11869,71_20240829 13,1341.42
11870,71_20240829 14,1479.1
11871,71_20240829 15,1483.99
11872,71_20240829 16,1391.15
11873,71_20240829 17,1254.15
11874,71_20240829 18,1483.35
11875,71_20240829 19,1659.15
11876,71_20240829 20,1588.36
11877,71_20240829 21,1513.56
11878,71_20240829 22,1413.97
11879,71_20240829 23,1366.81
11880,71_20240830 00,1097.51
11881,71_20240830 01,909.94
11882,71_20240830 02,822.5
11883,71_20240830 03,753.8
11884,71_20240830 04,673.89
11885,71_20240830 05,666.19
11886,71_20240830 06,709.45
11887,71_20240830 07,852.45
11888,71_20240830 08,932.22
11889,71_20240830 09,881.72
11890,71_20240830 10,952.15
11891,71_20240830 11,1173.24
11892,71_20240830 12,1178.52
11893,71_20240830 13,1333.95
11894,71_20240830 14,1410.09
11895,71_20240830 15,1439.55
11896,71_20240830 16,1481.93
11897,71_20240830 17,1419.66
11898,71_20240830 18,1425.51
11899,71_20240830 19,1546.71
11900,71_20240830 20,1475.28
11901,71_20240830 21,1342.01
11902,71_20240830 22,1290.26
11903,71_20240830 23,1145.49
11904,71_20240831 00,986.91
11905,71_20240831 01,813.79
11906,71_20240831 02,709.62
11907,71_20240831 03,662.57
11908,71_20240831 04,641.31
11909,71_20240831 05,643.27
11910,71_20240831 06,662.62
11911,71_20240831 07,790.64
11912,71_20240831 08,882.11
11913,71_20240831 09,963.54
11914,71_20240831 10,1002.86
11915,71_20240831 11,1094.54
11916,71_20240831 12,1093.48
11917,71_20240831 13,1168.0
11918,71_20240831 14,1295.27
11919,71_20240831 15,1222.9
11920,71_20240831 16,1426.04
11921,71_20240831 17,1413.54
11922,71_20240831 18,1420.23
11923,71_20240831 19,1356.9
11924,71_20240831 20,1330.21
11925,71_20240831 21,1361.8
11926,71_20240831 22,1274.5
11927,71_20240831 23,1179.19
11928,72_20240825 00,1244.61
11929,72_20240825 01,1214.75
11930,72_20240825 02,1222.1
11931,72_20240825 03,1201.89
11932,72_20240825 04,1183.17
11933,72_20240825 05,1188.32
11934,72_20240825 06,1195.34
11935,72_20240825 07,1147.25
11936,72_20240825 08,1042.27
11937,72_20240825 09,922.73
11938,72_20240825 10,648.35
11939,72_20240825 11,685.41
11940,72_20240825 12,792.92
11941,72_20240825 13,792.46
11942,72_20240825 14,897.29
11943,72_20240825 15,911.66
11944,72_20240825 16,1007.18
11945,72_20240825 17,1081.58
11946,72_20240825 18,1138.18
11947,72_20240825 19,1186.93
11948,72_20240825 20,1199.03
11949,72_20240825 21,1204.74
11950,72_20240825 22,1241.69
11951,72_20240825 23,1269.05
11952,72_20240826 00,1574.85
11953,72_20240826 01,1638.04
11954,72_20240826 02,1628.05
11955,72_20240826 03,1550.82
11956,72_20240826 04,1326.13
11957,72_20240826 05,1327.66
11958,72_20240826 06,1381.77
11959,72_20240826 07,1536.1
11960,72_20240826 08,1601.49
11961,72_20240826 09,1774.49
11962,72_20240826 10,1765.77
11963,72_20240826 11,1701.85
11964,72_20240826 12,1675.63
11965,72_20240826 13,1679.84
11966,72_20240826 14,1614.69
11967,72_20240826 15,1556.55
11968,72_20240826 16,1500.89
11969,72_20240826 17,1564.16
11970,72_20240826 18,1537.37
11971,72_20240826 19,1422.48
11972,72_20240826 20,1365.62
11973,72_20240826 21,1363.08
11974,72_20240826 22,1444.63
11975,72_20240826 23,1512.39
11976,72_20240827 00,1680.22
11977,72_20240827 01,1771.02
11978,72_20240827 02,1777.38
11979,72_20240827 03,1697.82
11980,72_20240827 04,1500.89
11981,72_20240827 05,1512.6
11982,72_20240827 06,1556.8
11983,72_20240827 07,1669.62
11984,72_20240827 08,1678.99
11985,72_20240827 09,1807.36
11986,72_20240827 10,1817.22
11987,72_20240827 11,1807.44
11988,72_20240827 12,1797.8
11989,72_20240827 13,1773.26
11990,72_20240827 14,1608.68
11991,72_20240827 15,1554.01
11992,72_20240827 16,1468.54
11993,72_20240827 17,1488.16
11994,72_20240827 18,1465.57
11995,72_20240827 19,1375.49
11996,72_20240827 20,1334.09
11997,72_20240827 21,1338.3
11998,72_20240827 22,1434.19
11999,72_20240827 23,1532.03
12000,72_20240828 00,1650.0
12001,72_20240828 01,1729.54
12002,72_20240828 02,1748.48
12003,72_20240828 03,1651.24
12004,72_20240828 04,1475.5
12005,72_20240828 05,1447.69
12006,72_20240828 06,1475.43
12007,72_20240828 07,1613.06
12008,72_20240828 08,1655.41
12009,72_20240828 09,1789.92
12010,72_20240828 10,1821.37
12011,72_20240828 11,1808.42
12012,72_20240828 12,1790.91
12013,72_20240828 13,1760.6
12014,72_20240828 14,1623.36
12015,72_20240828 15,1514.26
12016,72_20240828 16,1462.79
12017,72_20240828 17,1533.16
12018,72_20240828 18,1520.05
12019,72_20240828 19,1412.25
12020,72_20240828 20,1359.84
12021,72_20240828 21,1359.49
12022,72_20240828 22,1444.59
12023,72_20240828 23,1525.03
12024,72_20240829 00,1652.39
12025,72_20240829 01,1741.57
12026,72_20240829 02,1742.99
12027,72_20240829 03,1663.12
12028,72_20240829 04,1500.17
12029,72_20240829 05,1486.5
12030,72_20240829 06,1534.37
12031,72_20240829 07,1662.17
12032,72_20240829 08,1676.71
12033,72_20240829 09,1763.47
12034,72_20240829 10,1764.24
12035,72_20240829 11,1722.05
12036,72_20240829 12,1734.42
12037,72_20240829 13,1727.65
12038,72_20240829 14,1545.29
12039,72_20240829 15,1510.01
12040,72_20240829 16,1400.92
12041,72_20240829 17,1493.93
12042,72_20240829 18,1474.77
12043,72_20240829 19,1418.55
12044,72_20240829 20,1368.83
12045,72_20240829 21,1372.52
12046,72_20240829 22,1435.55
12047,72_20240829 23,1523.95
12048,72_20240830 00,1660.18
12049,72_20240830 01,1760.94
12050,72_20240830 02,1773.07
12051,72_20240830 03,1681.59
12052,72_20240830 04,1509.75
12053,72_20240830 05,1505.2
12054,72_20240830 06,1559.14
12055,72_20240830 07,1620.45
12056,72_20240830 08,1660.9
12057,72_20240830 09,1747.66
12058,72_20240830 10,1654.9
12059,72_20240830 11,1658.5
12060,72_20240830 12,1661.85
12061,72_20240830 13,1557.46
12062,72_20240830 14,1488.6
12063,72_20240830 15,1363.57
12064,72_20240830 16,1345.85
12065,72_20240830 17,1433.33
12066,72_20240830 18,1352.75
12067,72_20240830 19,1266.87
12068,72_20240830 20,1274.35
12069,72_20240830 21,1276.35
12070,72_20240830 22,1368.3
12071,72_20240830 23,1448.3
12072,72_20240831 00,1408.74
12073,72_20240831 01,1420.67
12074,72_20240831 02,1417.45
12075,72_20240831 03,1362.74
12076,72_20240831 04,1367.34
12077,72_20240831 05,1371.8
12078,72_20240831 06,1356.71
12079,72_20240831 07,1216.01
12080,72_20240831 08,1050.54
12081,72_20240831 09,988.54
12082,72_20240831 10,928.79
12083,72_20240831 11,878.84
12084,72_20240831 12,881.55
12085,72_20240831 13,895.69
12086,72_20240831 14,986.39
12087,72_20240831 15,883.54
12088,72_20240831 16,1018.5
12089,72_20240831 17,1077.2
12090,72_20240831 18,1114.55
12091,72_20240831 19,1118.09
12092,72_20240831 20,1129.34
12093,72_20240831 21,1141.62
12094,72_20240831 22,1179.57
12095,72_20240831 23,1261.85
12096,73_20240825 00,683.54
12097,73_20240825 01,665.93
12098,73_20240825 02,673.85
12099,73_20240825 03,655.27
12100,73_20240825 04,580.02
12101,73_20240825 05,579.26
12102,73_20240825 06,632.25
12103,73_20240825 07,696.02
12104,73_20240825 08,1166.56
12105,73_20240825 09,2398.93
12106,73_20240825 10,4081.79
12107,73_20240825 11,4921.47
12108,73_20240825 12,5081.87
12109,73_20240825 13,4847.83
12110,73_20240825 14,5203.56
12111,73_20240825 15,5242.96
12112,73_20240825 16,5189.07
12113,73_20240825 17,5141.71
12114,73_20240825 18,5017.69
12115,73_20240825 19,4754.81
12116,73_20240825 20,4304.04
12117,73_20240825 21,1697.54
12118,73_20240825 22,903.81
12119,73_20240825 23,826.29
12120,73_20240826 00,702.0
12121,73_20240826 01,660.81
12122,73_20240826 02,670.39
12123,73_20240826 03,632.5
12124,73_20240826 04,566.85
12125,73_20240826 05,560.29
12126,73_20240826 06,645.22
12127,73_20240826 07,668.18
12128,73_20240826 08,1087.67
12129,73_20240826 09,2152.53
12130,73_20240826 10,4077.5
12131,73_20240826 11,4807.48
12132,73_20240826 12,4670.95
12133,73_20240826 13,4682.19
12134,73_20240826 14,4812.27
12135,73_20240826 15,4821.2
12136,73_20240826 16,4670.55
12137,73_20240826 17,4654.32
12138,73_20240826 18,4649.11
12139,73_20240826 19,4301.01
12140,73_20240826 20,3952.54
12141,73_20240826 21,1663.62
12142,73_20240826 22,902.75
12143,73_20240826 23,816.67
12144,73_20240827 00,727.52
12145,73_20240827 01,696.65
12146,73_20240827 02,673.22
12147,73_20240827 03,631.23
12148,73_20240827 04,573.92
12149,73_20240827 05,576.68
12150,73_20240827 06,620.48
12151,73_20240827 07,648.53
12152,73_20240827 08,930.26
12153,73_20240827 09,1486.79
12154,73_20240827 10,3057.68
12155,73_20240827 11,3444.21
12156,73_20240827 12,3565.54
12157,73_20240827 13,3978.29
12158,73_20240827 14,4020.64
12159,73_20240827 15,4026.31
12160,73_20240827 16,3996.37
12161,73_20240827 17,3958.46
12162,73_20240827 18,3974.1
12163,73_20240827 19,3927.66
12164,73_20240827 20,3755.78
12165,73_20240827 21,1672.97
12166,73_20240827 22,946.75
12167,73_20240827 23,839.37
12168,73_20240828 00,759.96
12169,73_20240828 01,672.78
12170,73_20240828 02,646.28
12171,73_20240828 03,607.07
12172,73_20240828 04,572.91
12173,73_20240828 05,558.65
12174,73_20240828 06,605.72
12175,73_20240828 07,644.48
12176,73_20240828 08,1006.92
12177,73_20240828 09,1737.65
12178,73_20240828 10,3598.28
12179,73_20240828 11,4129.22
12180,73_20240828 12,4429.5
12181,73_20240828 13,4644.28
12182,73_20240828 14,4505.62
12183,73_20240828 15,4379.28
12184,73_20240828 16,4371.84
12185,73_20240828 17,4376.61
12186,73_20240828 18,4251.3
12187,73_20240828 19,4010.06
12188,73_20240828 20,3977.32
12189,73_20240828 21,1773.91
12190,73_20240828 22,991.05
12191,73_20240828 23,886.57
12192,73_20240829 00,748.38
12193,73_20240829 01,754.88
12194,73_20240829 02,720.51
12195,73_20240829 03,666.88
12196,73_20240829 04,595.88
12197,73_20240829 05,574.66
12198,73_20240829 06,608.17
12199,73_20240829 07,656.45
12200,73_20240829 08,1071.7
12201,73_20240829 09,1707.54
12202,73_20240829 10,3612.14
12203,73_20240829 11,4239.84
12204,73_20240829 12,4452.55
12205,73_20240829 13,4719.47
12206,73_20240829 14,4643.18
12207,73_20240829 15,4824.04
12208,73_20240829 16,4704.31
12209,73_20240829 17,4834.31
12210,73_20240829 18,4532.1
12211,73_20240829 19,4162.82
12212,73_20240829 20,4036.12
12213,73_20240829 21,1753.64
12214,73_20240829 22,960.79
12215,73_20240829 23,850.58
12216,73_20240830 00,776.76
12217,73_20240830 01,711.84
12218,73_20240830 02,655.52
12219,73_20240830 03,617.55
12220,73_20240830 04,568.08
12221,73_20240830 05,553.51
12222,73_20240830 06,618.54
12223,73_20240830 07,656.31
12224,73_20240830 08,958.84
12225,73_20240830 09,1789.56
12226,73_20240830 10,3664.26
12227,73_20240830 11,4369.26
12228,73_20240830 12,4632.39
12229,73_20240830 13,4452.98
12230,73_20240830 14,4753.07
12231,73_20240830 15,4744.18
12232,73_20240830 16,4538.72
12233,73_20240830 17,4561.05
12234,73_20240830 18,4396.35
12235,73_20240830 19,4005.44
12236,73_20240830 20,3901.49
12237,73_20240830 21,1595.81
12238,73_20240830 22,898.45
12239,73_20240830 23,758.32
12240,73_20240831 00,658.49
12241,73_20240831 01,645.61
12242,73_20240831 02,634.65
12243,73_20240831 03,599.21
12244,73_20240831 04,563.95
12245,73_20240831 05,552.78
12246,73_20240831 06,611.05
12247,73_20240831 07,652.07
12248,73_20240831 08,913.54
12249,73_20240831 09,1543.2
12250,73_20240831 10,3347.39
12251,73_20240831 11,4243.5
12252,73_20240831 12,4325.11
12253,73_20240831 13,4396.37
12254,73_20240831 14,4536.43
12255,73_20240831 15,4599.05
12256,73_20240831 16,4450.2
12257,73_20240831 17,4480.65
12258,73_20240831 18,4450.29
12259,73_20240831 19,4275.76
12260,73_20240831 20,4039.41
12261,73_20240831 21,1616.51
12262,73_20240831 22,836.57
12263,73_20240831 23,756.82
12264,74_20240825 00,966.12
12265,74_20240825 01,903.79
12266,74_20240825 02,879.44
12267,74_20240825 03,858.23
12268,74_20240825 04,854.65
12269,74_20240825 05,882.04
12270,74_20240825 06,1022.22
12271,74_20240825 07,980.0
12272,74_20240825 08,1155.0
12273,74_20240825 09,2497.5
12274,74_20240825 10,4065.64
12275,74_20240825 11,4963.85
12276,74_20240825 12,4930.06
12277,74_20240825 13,4938.37
12278,74_20240825 14,4801.5
12279,74_20240825 15,4666.39
12280,74_20240825 16,4881.72
12281,74_20240825 17,4726.08
12282,74_20240825 18,4521.31
12283,74_20240825 19,4148.32
12284,74_20240825 20,3850.13
12285,74_20240825 21,2162.26
12286,74_20240825 22,1138.85
12287,74_20240825 23,998.86
12288,74_20240826 00,1471.89
12289,74_20240826 01,1556.65
12290,74_20240826 02,1543.12
12291,74_20240826 03,1522.25
12292,74_20240826 04,1469.29
12293,74_20240826 05,1222.25
12294,74_20240826 06,1208.62
12295,74_20240826 07,1129.04
12296,74_20240826 08,1544.39
12297,74_20240826 09,2672.73
12298,74_20240826 10,3852.68
12299,74_20240826 11,4418.3
12300,74_20240826 12,4282.84
12301,74_20240826 13,4952.16
12302,74_20240826 14,4738.42
12303,74_20240826 15,4658.28
12304,74_20240826 16,4715.87
12305,74_20240826 17,3062.65
12306,74_20240826 18,3793.53
12307,74_20240826 19,4138.27
12308,74_20240826 20,3751.95
12309,74_20240826 21,2234.78
12310,74_20240826 22,1226.95
12311,74_20240826 23,976.66
12312,74_20240827 00,1475.76
12313,74_20240827 01,1551.18
12314,74_20240827 02,1572.9
12315,74_20240827 03,1548.67
12316,74_20240827 04,1490.6
12317,74_20240827 05,1258.76
12318,74_20240827 06,1225.32
12319,74_20240827 07,1120.88
12320,74_20240827 08,1510.64
12321,74_20240827 09,2878.99
12322,74_20240827 10,4332.6
12323,74_20240827 11,4485.91
12324,74_20240827 12,4825.52
12325,74_20240827 13,4752.04
12326,74_20240827 14,4417.11
12327,74_20240827 15,4406.17
12328,74_20240827 16,4311.29
12329,74_20240827 17,4266.38
12330,74_20240827 18,4240.14
12331,74_20240827 19,3940.68
12332,74_20240827 20,3528.54
12333,74_20240827 21,2007.09
12334,74_20240827 22,1230.66
12335,74_20240827 23,952.11
12336,74_20240828 00,1454.75
12337,74_20240828 01,1522.22
12338,74_20240828 02,1502.97
12339,74_20240828 03,1511.26
12340,74_20240828 04,1467.65
12341,74_20240828 05,1241.92
12342,74_20240828 06,1201.21
12343,74_20240828 07,1129.49
12344,74_20240828 08,1430.49
12345,74_20240828 09,2672.05
12346,74_20240828 10,4188.93
12347,74_20240828 11,4322.36
12348,74_20240828 12,4604.34
12349,74_20240828 13,4653.99
12350,74_20240828 14,4315.49
12351,74_20240828 15,4713.14
12352,74_20240828 16,4170.37
12353,74_20240828 17,4087.69
12354,74_20240828 18,4343.04
12355,74_20240828 19,3925.94
12356,74_20240828 20,3560.56
12357,74_20240828 21,2094.61
12358,74_20240828 22,1243.79
12359,74_20240828 23,968.45
12360,74_20240829 00,1413.54
12361,74_20240829 01,1517.98
12362,74_20240829 02,1418.66
12363,74_20240829 03,1425.8
12364,74_20240829 04,1220.58
12365,74_20240829 05,1088.42
12366,74_20240829 06,1128.11
12367,74_20240829 07,1035.07
12368,74_20240829 08,1496.46
12369,74_20240829 09,2810.83
12370,74_20240829 10,4198.92
12371,74_20240829 11,4723.0
12372,74_20240829 12,4984.57
12373,74_20240829 13,4721.38
12374,74_20240829 14,4448.38
12375,74_20240829 15,4514.05
12376,74_20240829 16,4678.52
12377,74_20240829 17,4250.75
12378,74_20240829 18,4556.36
12379,74_20240829 19,4336.46
12380,74_20240829 20,3504.33
12381,74_20240829 21,2339.76
12382,74_20240829 22,1235.79
12383,74_20240829 23,1075.65
12384,74_20240830 00,1548.81
12385,74_20240830 01,1540.95
12386,74_20240830 02,1502.29
12387,74_20240830 03,1533.28
12388,74_20240830 04,1470.35
12389,74_20240830 05,1265.12
12390,74_20240830 06,1219.72
12391,74_20240830 07,1126.66
12392,74_20240830 08,1425.64
12393,74_20240830 09,2622.77
12394,74_20240830 10,4157.89
12395,74_20240830 11,4201.66
12396,74_20240830 12,4984.72
12397,74_20240830 13,4573.36
12398,74_20240830 14,4621.72
12399,74_20240830 15,4509.0
12400,74_20240830 16,4400.77
12401,74_20240830 17,4488.49
12402,74_20240830 18,4726.64
12403,74_20240830 19,4437.48
12404,74_20240830 20,3983.74
12405,74_20240830 21,2383.65
12406,74_20240830 22,1231.63
12407,74_20240830 23,965.09
12408,74_20240831 00,1458.46
12409,74_20240831 01,1572.44
12410,74_20240831 02,1512.6
12411,74_20240831 03,1560.46
12412,74_20240831 04,1480.36
12413,74_20240831 05,1253.87
12414,74_20240831 06,1213.09
12415,74_20240831 07,1093.56
12416,74_20240831 08,1448.14
12417,74_20240831 09,2363.94
12418,74_20240831 10,3875.18
12419,74_20240831 11,4399.26
12420,74_20240831 12,4989.13
12421,74_20240831 13,4549.88
12422,74_20240831 14,4926.94
12423,74_20240831 15,4419.47
12424,74_20240831 16,4333.61
12425,74_20240831 17,4394.54
12426,74_20240831 18,4901.96
12427,74_20240831 19,4206.1
12428,74_20240831 20,3764.29
12429,74_20240831 21,2210.04
12430,74_20240831 22,1213.38
12431,74_20240831 23,931.64
12432,75_20240825 00,2680.8
12433,75_20240825 01,2630.16
12434,75_20240825 02,2596.19
12435,75_20240825 03,2644.09
12436,75_20240825 04,2708.22
12437,75_20240825 05,2799.24
12438,75_20240825 06,2863.81
12439,75_20240825 07,2952.43
12440,75_20240825 08,2949.03
12441,75_20240825 09,3000.41
12442,75_20240825 10,3052.86
12443,75_20240825 11,3161.11
12444,75_20240825 12,3179.08
12445,75_20240825 13,2994.69
12446,75_20240825 14,3118.59
12447,75_20240825 15,3065.09
12448,75_20240825 16,3040.6
12449,75_20240825 17,3094.81
12450,75_20240825 18,2963.52
12451,75_20240825 19,2869.14
12452,75_20240825 20,2803.67
12453,75_20240825 21,2731.61
12454,75_20240825 22,2675.09
12455,75_20240825 23,2669.72
12456,75_20240826 00,2791.25
12457,75_20240826 01,2714.88
12458,75_20240826 02,2679.83
12459,75_20240826 03,2749.8
12460,75_20240826 04,2883.77
12461,75_20240826 05,2980.91
12462,75_20240826 06,3034.31
12463,75_20240826 07,3397.59
12464,75_20240826 08,3706.58
12465,75_20240826 09,3888.22
12466,75_20240826 10,3942.2
12467,75_20240826 11,3960.13
12468,75_20240826 12,3914.5
12469,75_20240826 13,3988.31
12470,75_20240826 14,4010.95
12471,75_20240826 15,3961.08
12472,75_20240826 16,3984.01
12473,75_20240826 17,3736.88
12474,75_20240826 18,3403.24
12475,75_20240826 19,3181.92
12476,75_20240826 20,2983.63
12477,75_20240826 21,2917.37
12478,75_20240826 22,2791.41
12479,75_20240826 23,2785.41
12480,75_20240827 00,2587.29
12481,75_20240827 01,2534.03
12482,75_20240827 02,2520.82
12483,75_20240827 03,2529.74
12484,75_20240827 04,2670.12
12485,75_20240827 05,2935.1
12486,75_20240827 06,2909.23
12487,75_20240827 07,3315.71
12488,75_20240827 08,3567.24
12489,75_20240827 09,3799.73
12490,75_20240827 10,3825.25
12491,75_20240827 11,3822.05
12492,75_20240827 12,3897.68
12493,75_20240827 13,3930.64
12494,75_20240827 14,3998.96
12495,75_20240827 15,3955.51
12496,75_20240827 16,3768.52
12497,75_20240827 17,3381.74
12498,75_20240827 18,3325.15
12499,75_20240827 19,3255.34
12500,75_20240827 20,2912.89
12501,75_20240827 21,2951.29
12502,75_20240827 22,2707.68
12503,75_20240827 23,2579.91
12504,75_20240828 00,2618.96
12505,75_20240828 01,2525.81
12506,75_20240828 02,2362.85
12507,75_20240828 03,2180.92
12508,75_20240828 04,1988.84
12509,75_20240828 05,2310.55
12510,75_20240828 06,2321.33
12511,75_20240828 07,2840.03
12512,75_20240828 08,3459.8
12513,75_20240828 09,3720.59
12514,75_20240828 10,3933.25
12515,75_20240828 11,3967.86
12516,75_20240828 12,3956.56
12517,75_20240828 13,3982.51
12518,75_20240828 14,3971.78
12519,75_20240828 15,3951.01
12520,75_20240828 16,3906.33
12521,75_20240828 17,3519.53
12522,75_20240828 18,3331.09
12523,75_20240828 19,3157.19
12524,75_20240828 20,2902.08
12525,75_20240828 21,2755.78
12526,75_20240828 22,2575.99
12527,75_20240828 23,2483.23
12528,75_20240829 00,2435.77
12529,75_20240829 01,2406.1
12530,75_20240829 02,2343.76
12531,75_20240829 03,2345.53
12532,75_20240829 04,2474.39
12533,75_20240829 05,2635.29
12534,75_20240829 06,2719.52
12535,75_20240829 07,3091.27
12536,75_20240829 08,3550.76
12537,75_20240829 09,3786.54
12538,75_20240829 10,3885.47
12539,75_20240829 11,3836.23
12540,75_20240829 12,3866.2
12541,75_20240829 13,3802.13
12542,75_20240829 14,3731.02
12543,75_20240829 15,3725.41
12544,75_20240829 16,3670.16
12545,75_20240829 17,3399.92
12546,75_20240829 18,3368.92
12547,75_20240829 19,3227.89
12548,75_20240829 20,3066.03
12549,75_20240829 21,3000.0
12550,75_20240829 22,2847.65
12551,75_20240829 23,2508.42
12552,75_20240830 00,2460.47
12553,75_20240830 01,2460.63
12554,75_20240830 02,2417.36
12555,75_20240830 03,2490.74
12556,75_20240830 04,2508.26
12557,75_20240830 05,2740.25
12558,75_20240830 06,2709.08
12559,75_20240830 07,3041.58
12560,75_20240830 08,3463.52
12561,75_20240830 09,3787.66
12562,75_20240830 10,3837.08
12563,75_20240830 11,3889.76
12564,75_20240830 12,3855.38
12565,75_20240830 13,3835.34
12566,75_20240830 14,3840.92
12567,75_20240830 15,3916.07
12568,75_20240830 16,3868.22
12569,75_20240830 17,3607.6
12570,75_20240830 18,3252.68
12571,75_20240830 19,3070.06
12572,75_20240830 20,2763.62
12573,75_20240830 21,2728.42
12574,75_20240830 22,2650.41
12575,75_20240830 23,2572.44
12576,75_20240831 00,2466.87
12577,75_20240831 01,2381.85
12578,75_20240831 02,2205.84
12579,75_20240831 03,2186.44
12580,75_20240831 04,2022.11
12581,75_20240831 05,2259.2
12582,75_20240831 06,2426.74
12583,75_20240831 07,2708.88
12584,75_20240831 08,2881.71
12585,75_20240831 09,2966.99
12586,75_20240831 10,3080.49
12587,75_20240831 11,3187.62
12588,75_20240831 12,3037.84
12589,75_20240831 13,3155.36
12590,75_20240831 14,3213.23
12591,75_20240831 15,3183.39
12592,75_20240831 16,3187.07
12593,75_20240831 17,3073.62
12594,75_20240831 18,2920.26
12595,75_20240831 19,2756.09
12596,75_20240831 20,2634.19
12597,75_20240831 21,2545.74
12598,75_20240831 22,2427.61
12599,75_20240831 23,2406.96
12600,76_20240825 00,3160.45
12601,76_20240825 01,3113.46
12602,76_20240825 02,3089.86
12603,76_20240825 03,3072.8
12604,76_20240825 04,3054.17
12605,76_20240825 05,3041.69
12606,76_20240825 06,3044.66
12607,76_20240825 07,3082.03
12608,76_20240825 08,3210.69
12609,76_20240825 09,3283.77
12610,76_20240825 10,3326.3
12611,76_20240825 11,3327.41
12612,76_20240825 12,3314.86
12613,76_20240825 13,3357.38
12614,76_20240825 14,3381.96
12615,76_20240825 15,3344.19
12616,76_20240825 16,3367.12
12617,76_20240825 17,3341.96
12618,76_20240825 18,3344.5
12619,76_20240825 19,3294.06
12620,76_20240825 20,3253.38
12621,76_20240825 21,3233.23
12622,76_20240825 22,3213.54
12623,76_20240825 23,3210.65
12624,76_20240826 00,3190.83
12625,76_20240826 01,3155.34
12626,76_20240826 02,3110.56
12627,76_20240826 03,3144.88
12628,76_20240826 04,3128.96
12629,76_20240826 05,3111.14
12630,76_20240826 06,3123.44
12631,76_20240826 07,3190.04
12632,76_20240826 08,3230.1
12633,76_20240826 09,3253.99
12634,76_20240826 10,3279.57
12635,76_20240826 11,3320.72
12636,76_20240826 12,3353.07
12637,76_20240826 13,3343.58
12638,76_20240826 14,3346.81
12639,76_20240826 15,3359.24
12640,76_20240826 16,3404.31
12641,76_20240826 17,3357.05
12642,76_20240826 18,3334.27
12643,76_20240826 19,3146.99
12644,76_20240826 20,3185.85
12645,76_20240826 21,3182.66
12646,76_20240826 22,3175.6
12647,76_20240826 23,3140.99
12648,76_20240827 00,3169.94
12649,76_20240827 01,3165.56
12650,76_20240827 02,3176.54
12651,76_20240827 03,3174.94
12652,76_20240827 04,3172.97
12653,76_20240827 05,3126.74
12654,76_20240827 06,3130.04
12655,76_20240827 07,3092.46
12656,76_20240827 08,3103.03
12657,76_20240827 09,2991.66
12658,76_20240827 10,3050.14
12659,76_20240827 11,3013.84
12660,76_20240827 12,3025.24
12661,76_20240827 13,3059.07
12662,76_20240827 14,3122.29
12663,76_20240827 15,3152.85
12664,76_20240827 16,3181.96
12665,76_20240827 17,3221.15
12666,76_20240827 18,3192.02
12667,76_20240827 19,3141.76
12668,76_20240827 20,3107.65
12669,76_20240827 21,3099.6
12670,76_20240827 22,3097.19
12671,76_20240827 23,3057.45
12672,76_20240828 00,3020.67
12673,76_20240828 01,2991.54
12674,76_20240828 02,2961.91
12675,76_20240828 03,2942.8
12676,76_20240828 04,2949.77
12677,76_20240828 05,2877.03
12678,76_20240828 06,2868.75
12679,76_20240828 07,2906.88
12680,76_20240828 08,2990.54
12681,76_20240828 09,3031.37
12682,76_20240828 10,3105.02
12683,76_20240828 11,3150.32
12684,76_20240828 12,3216.54
12685,76_20240828 13,3304.74
12686,76_20240828 14,3323.9
12687,76_20240828 15,3149.62
12688,76_20240828 16,3262.44
12689,76_20240828 17,3239.91
12690,76_20240828 18,3341.65
12691,76_20240828 19,3260.66
12692,76_20240828 20,3219.8
12693,76_20240828 21,3209.22
12694,76_20240828 22,3144.05
12695,76_20240828 23,3101.46
12696,76_20240829 00,3046.04
12697,76_20240829 01,3040.39
12698,76_20240829 02,3010.75
12699,76_20240829 03,2985.53
12700,76_20240829 04,2929.01
12701,76_20240829 05,2914.87
12702,76_20240829 06,2908.87
12703,76_20240829 07,2938.79
12704,76_20240829 08,2996.35
12705,76_20240829 09,3055.96
12706,76_20240829 10,3149.97
12707,76_20240829 11,3206.27
12708,76_20240829 12,3251.71
12709,76_20240829 13,3361.09
12710,76_20240829 14,2866.49
12711,76_20240829 15,2796.55
12712,76_20240829 16,3124.46
12713,76_20240829 17,3229.03
12714,76_20240829 18,3336.41
12715,76_20240829 19,3257.69
12716,76_20240829 20,3197.07
12717,76_20240829 21,3118.35
12718,76_20240829 22,3088.6
12719,76_20240829 23,3049.2
12720,76_20240830 00,3041.28
12721,76_20240830 01,3044.73
12722,76_20240830 02,2979.37
12723,76_20240830 03,2951.49
12724,76_20240830 04,2960.19
12725,76_20240830 05,2933.19
12726,76_20240830 06,2951.02
12727,76_20240830 07,3006.29
12728,76_20240830 08,3095.1
12729,76_20240830 09,3198.2
12730,76_20240830 10,3242.49
12731,76_20240830 11,3226.68
12732,76_20240830 12,3321.08
12733,76_20240830 13,3333.61
12734,76_20240830 14,3114.27
12735,76_20240830 15,3158.27
12736,76_20240830 16,3387.08
12737,76_20240830 17,3357.45
12738,76_20240830 18,3223.23
12739,76_20240830 19,3212.63
12740,76_20240830 20,3103.53
12741,76_20240830 21,3042.21
12742,76_20240830 22,3036.56
12743,76_20240830 23,3012.29
12744,76_20240831 00,2993.41
12745,76_20240831 01,2979.26
12746,76_20240831 02,2963.44
12747,76_20240831 03,2925.71
12748,76_20240831 04,2897.35
12749,76_20240831 05,2889.16
12750,76_20240831 06,2871.91
12751,76_20240831 07,2896.2
12752,76_20240831 08,2933.52
12753,76_20240831 09,2994.87
12754,76_20240831 10,3066.99
12755,76_20240831 11,3141.05
12756,76_20240831 12,3155.08
12757,76_20240831 13,3221.74
12758,76_20240831 14,3304.31
12759,76_20240831 15,3355.09
12760,76_20240831 16,3279.78
12761,76_20240831 17,3302.11
12762,76_20240831 18,3212.78
12763,76_20240831 19,3130.19
12764,76_20240831 20,3076.43
12765,76_20240831 21,3068.07
12766,76_20240831 22,3024.27
12767,76_20240831 23,2999.79
12768,77_20240825 00,1070.04
12769,77_20240825 01,1203.68
12770,77_20240825 02,1201.99
12771,77_20240825 03,1178.56
12772,77_20240825 04,1232.77
12773,77_20240825 05,1160.91
12774,77_20240825 06,1146.7
12775,77_20240825 07,1419.35
12776,77_20240825 08,1584.04
12777,77_20240825 09,1710.36
12778,77_20240825 10,1930.19
12779,77_20240825 11,1807.06
12780,77_20240825 12,1751.29
12781,77_20240825 13,1763.29
12782,77_20240825 14,1891.99
12783,77_20240825 15,1983.59
12784,77_20240825 16,2126.76
12785,77_20240825 17,1981.87
12786,77_20240825 18,1502.18
12787,77_20240825 19,1288.56
12788,77_20240825 20,1317.74
12789,77_20240825 21,1282.29
12790,77_20240825 22,1113.33
12791,77_20240825 23,1099.54
12792,77_20240826 00,1073.42
12793,77_20240826 01,1036.02
12794,77_20240826 02,1138.01
12795,77_20240826 03,1118.78
12796,77_20240826 04,1057.14
12797,77_20240826 05,945.28
12798,77_20240826 06,879.31
12799,77_20240826 07,1118.41
12800,77_20240826 08,1489.75
12801,77_20240826 09,1694.2
12802,77_20240826 10,1823.27
12803,77_20240826 11,1752.95
12804,77_20240826 12,1812.87
12805,77_20240826 13,1751.44
12806,77_20240826 14,1804.84
12807,77_20240826 15,1888.89
12808,77_20240826 16,1995.27
12809,77_20240826 17,1806.05
12810,77_20240826 18,1501.01
12811,77_20240826 19,1182.81
12812,77_20240826 20,1205.2
12813,77_20240826 21,1226.83
12814,77_20240826 22,1116.06
12815,77_20240826 23,1022.82
12816,77_20240827 00,1071.39
12817,77_20240827 01,1194.85
12818,77_20240827 02,1236.56
12819,77_20240827 03,1229.49
12820,77_20240827 04,1132.94
12821,77_20240827 05,1173.08
12822,77_20240827 06,1133.67
12823,77_20240827 07,1236.75
12824,77_20240827 08,1685.87
12825,77_20240827 09,1555.43
12826,77_20240827 10,1759.73
12827,77_20240827 11,1815.9
12828,77_20240827 12,1818.33
12829,77_20240827 13,1771.43
12830,77_20240827 14,1835.7
12831,77_20240827 15,1770.81
12832,77_20240827 16,1891.25
12833,77_20240827 17,1741.84
12834,77_20240827 18,1222.13
12835,77_20240827 19,1351.98
12836,77_20240827 20,1322.6
12837,77_20240827 21,1060.93
12838,77_20240827 22,988.88
12839,77_20240827 23,1051.29
12840,77_20240828 00,1111.76
12841,77_20240828 01,1061.43
12842,77_20240828 02,1027.66
12843,77_20240828 03,902.28
12844,77_20240828 04,783.22
12845,77_20240828 05,768.2
12846,77_20240828 06,778.04
12847,77_20240828 07,803.64
12848,77_20240828 08,931.54
12849,77_20240828 09,1276.37
12850,77_20240828 10,1492.88
12851,77_20240828 11,1608.96
12852,77_20240828 12,1618.26
12853,77_20240828 13,1668.34
12854,77_20240828 14,1693.29
12855,77_20240828 15,1877.14
12856,77_20240828 16,1845.76
12857,77_20240828 17,1783.94
12858,77_20240828 18,1438.04
12859,77_20240828 19,1395.69
12860,77_20240828 20,1129.13
12861,77_20240828 21,938.61
12862,77_20240828 22,856.15
12863,77_20240828 23,876.39
12864,77_20240829 00,1064.96
12865,77_20240829 01,1058.78
12866,77_20240829 02,1007.43
12867,77_20240829 03,913.69
12868,77_20240829 04,867.77
12869,77_20240829 05,715.42
12870,77_20240829 06,742.17
12871,77_20240829 07,909.63
12872,77_20240829 08,1201.74
12873,77_20240829 09,1418.01
12874,77_20240829 10,1599.8
12875,77_20240829 11,1572.46
12876,77_20240829 12,1658.13
12877,77_20240829 13,1793.09
12878,77_20240829 14,1877.74
12879,77_20240829 15,1889.63
12880,77_20240829 16,1906.54
12881,77_20240829 17,1910.08
12882,77_20240829 18,1731.67
12883,77_20240829 19,1315.45
12884,77_20240829 20,1166.45
12885,77_20240829 21,1076.73
12886,77_20240829 22,1203.84
12887,77_20240829 23,1258.43
12888,77_20240830 00,1204.96
12889,77_20240830 01,1216.68
12890,77_20240830 02,1134.48
12891,77_20240830 03,1059.67
12892,77_20240830 04,1029.61
12893,77_20240830 05,1052.96
12894,77_20240830 06,951.63
12895,77_20240830 07,1208.37
12896,77_20240830 08,1381.87
12897,77_20240830 09,1444.83
12898,77_20240830 10,1658.32
12899,77_20240830 11,1769.45
12900,77_20240830 12,1761.74
12901,77_20240830 13,1769.34
12902,77_20240830 14,1788.32
12903,77_20240830 15,1838.67
12904,77_20240830 16,1853.44
12905,77_20240830 17,1545.58
12906,77_20240830 18,1448.72
12907,77_20240830 19,1205.77
12908,77_20240830 20,1327.36
12909,77_20240830 21,1187.03
12910,77_20240830 22,1006.8
12911,77_20240830 23,1048.17
12912,77_20240831 00,1202.18
12913,77_20240831 01,1058.88
12914,77_20240831 02,1084.45
12915,77_20240831 03,1011.93
12916,77_20240831 04,982.21
12917,77_20240831 05,809.99
12918,77_20240831 06,901.03
12919,77_20240831 07,893.82
12920,77_20240831 08,1168.99
12921,77_20240831 09,1521.19
12922,77_20240831 10,1572.02
12923,77_20240831 11,1537.5
12924,77_20240831 12,1500.05
12925,77_20240831 13,1584.93
12926,77_20240831 14,1644.73
12927,77_20240831 15,1665.29
12928,77_20240831 16,1684.99
12929,77_20240831 17,1636.45
12930,77_20240831 18,1424.09
12931,77_20240831 19,1343.2
12932,77_20240831 20,1214.84
12933,77_20240831 21,1094.95
12934,77_20240831 22,1114.24
12935,77_20240831 23,1094.78
12936,78_20240825 00,1416.77
12937,78_20240825 01,1185.52
12938,78_20240825 02,1076.67
12939,78_20240825 03,977.68
12940,78_20240825 04,907.71
12941,78_20240825 05,911.84
12942,78_20240825 06,946.98
12943,78_20240825 07,1066.22
12944,78_20240825 08,1266.05
12945,78_20240825 09,1551.72
12946,78_20240825 10,1833.87
12947,78_20240825 11,1909.76
12948,78_20240825 12,1930.96
12949,78_20240825 13,1907.08
12950,78_20240825 14,1950.22
12951,78_20240825 15,1875.13
12952,78_20240825 16,1873.64
12953,78_20240825 17,1887.75
12954,78_20240825 18,2038.05
12955,78_20240825 19,2040.11
12956,78_20240825 20,1874.88
12957,78_20240825 21,1900.54
12958,78_20240825 22,1828.2
12959,78_20240825 23,1709.98
12960,78_20240826 00,1486.8
12961,78_20240826 01,1221.47
12962,78_20240826 02,1092.79
12963,78_20240826 03,1006.15
12964,78_20240826 04,990.62
12965,78_20240826 05,999.71
12966,78_20240826 06,1147.01
12967,78_20240826 07,1280.68
12968,78_20240826 08,1424.18
12969,78_20240826 09,1617.02
12970,78_20240826 10,1674.5
12971,78_20240826 11,1738.4
12972,78_20240826 12,1901.85
12973,78_20240826 13,1849.41
12974,78_20240826 14,1841.08
12975,78_20240826 15,1829.56
12976,78_20240826 16,1905.28
12977,78_20240826 17,1882.62
12978,78_20240826 18,1962.64
12979,78_20240826 19,1826.77
12980,78_20240826 20,1900.65
12981,78_20240826 21,1932.42
12982,78_20240826 22,1849.03
12983,78_20240826 23,1664.25
12984,78_20240827 00,1439.47
12985,78_20240827 01,1191.95
12986,78_20240827 02,1165.95
12987,78_20240827 03,1081.63
12988,78_20240827 04,1036.53
12989,78_20240827 05,1019.8
12990,78_20240827 06,1166.82
12991,78_20240827 07,1251.64
12992,78_20240827 08,1348.46
12993,78_20240827 09,1344.55
12994,78_20240827 10,1456.54
12995,78_20240827 11,1347.12
12996,78_20240827 12,1424.76
12997,78_20240827 13,1484.1
12998,78_20240827 14,1534.35
12999,78_20240827 15,1542.45
13000,78_20240827 16,1614.47
13001,78_20240827 17,1636.83
13002,78_20240827 18,1691.68
13003,78_20240827 19,1812.02
13004,78_20240827 20,1729.54
13005,78_20240827 21,1765.22
13006,78_20240827 22,1717.4
13007,78_20240827 23,1491.47
13008,78_20240828 00,1285.09
13009,78_20240828 01,1029.3
13010,78_20240828 02,893.42
13011,78_20240828 03,831.87
13012,78_20240828 04,861.14
13013,78_20240828 05,847.03
13014,78_20240828 06,961.3
13015,78_20240828 07,1097.46
13016,78_20240828 08,1283.44
13017,78_20240828 09,1388.13
13018,78_20240828 10,1440.68
13019,78_20240828 11,1398.53
13020,78_20240828 12,1522.07
13021,78_20240828 13,1702.81
13022,78_20240828 14,1568.4
13023,78_20240828 15,1677.22
13024,78_20240828 16,1913.99
13025,78_20240828 17,1955.4
13026,78_20240828 18,2000.8
13027,78_20240828 19,2003.55
13028,78_20240828 20,1879.77
13029,78_20240828 21,1852.33
13030,78_20240828 22,926.73
13031,78_20240828 23,1605.97
13032,78_20240829 00,1405.27
13033,78_20240829 01,1154.46
13034,78_20240829 02,1041.91
13035,78_20240829 03,909.36
13036,78_20240829 04,848.54
13037,78_20240829 05,870.0
13038,78_20240829 06,980.83
13039,78_20240829 07,1156.79
13040,78_20240829 08,1335.27
13041,78_20240829 09,1393.29
13042,78_20240829 10,1494.1
13043,78_20240829 11,1581.7
13044,78_20240829 12,1716.05
13045,78_20240829 13,1755.61
13046,78_20240829 14,1768.91
13047,78_20240829 15,1659.4
13048,78_20240829 16,1931.55
13049,78_20240829 17,2010.55
13050,78_20240829 18,1978.64
13051,78_20240829 19,1980.67
13052,78_20240829 20,1806.08
13053,78_20240829 21,1774.48
13054,78_20240829 22,1714.05
13055,78_20240829 23,1579.31
13056,78_20240830 00,1422.36
13057,78_20240830 01,1179.89
13058,78_20240830 02,1084.21
13059,78_20240830 03,854.82
13060,78_20240830 04,883.78
13061,78_20240830 05,893.71
13062,78_20240830 06,1029.03
13063,78_20240830 07,1207.86
13064,78_20240830 08,1413.07
13065,78_20240830 09,1600.71
13066,78_20240830 10,1782.8
13067,78_20240830 11,1721.9
13068,78_20240830 12,1949.73
13069,78_20240830 13,1849.3
13070,78_20240830 14,1671.02
13071,78_20240830 15,1802.19
13072,78_20240830 16,1989.3
13073,78_20240830 17,1846.36
13074,78_20240830 18,1518.26
13075,78_20240830 19,1851.49
13076,78_20240830 20,1750.9
13077,78_20240830 21,1605.23
13078,78_20240830 22,1621.28
13079,78_20240830 23,1458.72
13080,78_20240831 00,1236.35
13081,78_20240831 01,1011.93
13082,78_20240831 02,912.79
13083,78_20240831 03,854.16
13084,78_20240831 04,822.06
13085,78_20240831 05,816.48
13086,78_20240831 06,865.7
13087,78_20240831 07,1009.59
13088,78_20240831 08,1162.59
13089,78_20240831 09,1368.33
13090,78_20240831 10,1503.64
13091,78_20240831 11,1575.48
13092,78_20240831 12,1575.04
13093,78_20240831 13,1759.34
13094,78_20240831 14,1885.14
13095,78_20240831 15,1982.07
13096,78_20240831 16,1744.46
13097,78_20240831 17,1853.14
13098,78_20240831 18,1703.4
13099,78_20240831 19,1758.29
13100,78_20240831 20,1671.45
13101,78_20240831 21,1674.92
13102,78_20240831 22,1572.0
13103,78_20240831 23,1413.89
13104,79_20240825 00,2300.29
13105,79_20240825 01,2204.68
13106,79_20240825 02,2110.49
13107,79_20240825 03,2051.63
13108,79_20240825 04,1923.39
13109,79_20240825 05,2037.14
13110,79_20240825 06,2650.64
13111,79_20240825 07,3376.39
13112,79_20240825 08,4796.02
13113,79_20240825 09,7052.82
13114,79_20240825 10,10369.35
13115,79_20240825 11,11040.76
13116,79_20240825 12,11451.68
13117,79_20240825 13,11183.91
13118,79_20240825 14,11649.03
13119,79_20240825 15,10703.74
13120,79_20240825 16,11515.34
13121,79_20240825 17,10570.82
13122,79_20240825 18,10317.6
13123,79_20240825 19,9695.92
13124,79_20240825 20,8604.95
13125,79_20240825 21,4710.19
13126,79_20240825 22,2984.25
13127,79_20240825 23,2587.78
13128,79_20240826 00,2101.96
13129,79_20240826 01,2080.29
13130,79_20240826 02,1942.05
13131,79_20240826 03,1865.93
13132,79_20240826 04,1637.55
13133,79_20240826 05,1731.77
13134,79_20240826 06,2447.43
13135,79_20240826 07,3129.17
13136,79_20240826 08,4024.61
13137,79_20240826 09,6080.68
13138,79_20240826 10,7923.62
13139,79_20240826 11,9060.31
13140,79_20240826 12,9727.57
13141,79_20240826 13,6760.18
13142,79_20240826 14,6619.98
13143,79_20240826 15,5806.51
13144,79_20240826 16,6425.67
13145,79_20240826 17,6852.13
13146,79_20240826 18,10140.52
13147,79_20240826 19,7497.51
13148,79_20240826 20,6559.05
13149,79_20240826 21,4212.23
13150,79_20240826 22,3166.92
13151,79_20240826 23,2503.31
13152,79_20240827 00,2226.2
13153,79_20240827 01,2111.23
13154,79_20240827 02,2056.75
13155,79_20240827 03,2046.13
13156,79_20240827 04,2011.38
13157,79_20240827 05,2154.69
13158,79_20240827 06,2852.96
13159,79_20240827 07,3809.35
13160,79_20240827 08,5076.81
13161,79_20240827 09,6288.57
13162,79_20240827 10,9929.94
13163,79_20240827 11,10961.57
13164,79_20240827 12,10961.53
13165,79_20240827 13,10897.51
13166,79_20240827 14,10446.17
13167,79_20240827 15,10003.0
13168,79_20240827 16,10019.91
13169,79_20240827 17,9661.92
13170,79_20240827 18,9570.56
13171,79_20240827 19,9175.73
13172,79_20240827 20,7058.86
13173,79_20240827 21,4495.51
13174,79_20240827 22,3034.1
13175,79_20240827 23,2496.96
13176,79_20240828 00,2057.95
13177,79_20240828 01,1969.3
13178,79_20240828 02,1893.24
13179,79_20240828 03,1943.09
13180,79_20240828 04,1862.72
13181,79_20240828 05,1931.38
13182,79_20240828 06,2506.84
13183,79_20240828 07,2785.98
13184,79_20240828 08,3608.52
13185,79_20240828 09,5131.31
13186,79_20240828 10,8504.1
13187,79_20240828 11,9944.53
13188,79_20240828 12,10093.29
13189,79_20240828 13,10143.46
13190,79_20240828 14,9835.71
13191,79_20240828 15,10104.98
13192,79_20240828 16,9903.26
13193,79_20240828 17,9939.23
13194,79_20240828 18,9742.46
13195,79_20240828 19,9235.11
13196,79_20240828 20,7011.92
13197,79_20240828 21,4436.11
13198,79_20240828 22,3014.85
13199,79_20240828 23,2502.69
13200,79_20240829 00,2153.58
13201,79_20240829 01,2073.45
13202,79_20240829 02,2076.96
13203,79_20240829 03,2059.01
13204,79_20240829 04,1999.84
13205,79_20240829 05,2008.61
13206,79_20240829 06,2583.63
13207,79_20240829 07,3205.8
13208,79_20240829 08,4245.21
13209,79_20240829 09,5485.45
13210,79_20240829 10,9141.08
13211,79_20240829 11,10578.4
13212,79_20240829 12,10697.22
13213,79_20240829 13,10601.46
13214,79_20240829 14,10548.48
13215,79_20240829 15,10155.45
13216,79_20240829 16,10139.14
13217,79_20240829 17,10156.02
13218,79_20240829 18,9601.55
13219,79_20240829 19,9646.08
13220,79_20240829 20,7262.7
13221,79_20240829 21,4497.72
13222,79_20240829 22,3204.39
13223,79_20240829 23,2635.39
13224,79_20240830 00,2194.62
13225,79_20240830 01,2112.62
13226,79_20240830 02,2061.35
13227,79_20240830 03,2063.69
13228,79_20240830 04,2002.31
13229,79_20240830 05,2041.86
13230,79_20240830 06,2529.98
13231,79_20240830 07,3230.95
13232,79_20240830 08,4394.38
13233,79_20240830 09,6040.73
13234,79_20240830 10,9806.14
13235,79_20240830 11,10362.88
13236,79_20240830 12,10597.11
13237,79_20240830 13,10644.58
13238,79_20240830 14,10768.5
13239,79_20240830 15,10803.0
13240,79_20240830 16,10549.84
13241,79_20240830 17,10729.55
13242,79_20240830 18,10505.72
13243,79_20240830 19,9852.44
13244,79_20240830 20,8758.54
13245,79_20240830 21,4851.36
13246,79_20240830 22,3280.22
13247,79_20240830 23,2665.58
13248,79_20240831 00,2180.38
13249,79_20240831 01,2014.75
13250,79_20240831 02,1918.4
13251,79_20240831 03,2086.52
13252,79_20240831 04,1988.2
13253,79_20240831 05,1978.24
13254,79_20240831 06,2491.98
13255,79_20240831 07,2897.49
13256,79_20240831 08,3841.28
13257,79_20240831 09,5530.13
13258,79_20240831 10,8605.22
13259,79_20240831 11,9702.53
13260,79_20240831 12,9877.91
13261,79_20240831 13,9992.22
13262,79_20240831 14,10538.02
13263,79_20240831 15,10186.76
13264,79_20240831 16,10345.48
13265,79_20240831 17,10443.22
13266,79_20240831 18,9857.87
13267,79_20240831 19,9763.86
13268,79_20240831 20,8391.11
13269,79_20240831 21,4753.71
13270,79_20240831 22,3159.11
13271,79_20240831 23,2514.46
13272,80_20240825 00,1834.84
13273,80_20240825 01,1844.38
13274,80_20240825 02,1847.7
13275,80_20240825 03,1840.19
13276,80_20240825 04,1838.58
13277,80_20240825 05,1836.29
13278,80_20240825 06,1814.79
13279,80_20240825 07,1812.07
13280,80_20240825 08,1837.78
13281,80_20240825 09,1820.47
13282,80_20240825 10,1771.73
13283,80_20240825 11,2066.93
13284,80_20240825 12,2003.93
13285,80_20240825 13,2007.32
13286,80_20240825 14,2054.29
13287,80_20240825 15,2020.31
13288,80_20240825 16,2075.11
13289,80_20240825 17,2031.85
13290,80_20240825 18,1939.51
13291,80_20240825 19,1981.07
13292,80_20240825 20,1893.91
13293,80_20240825 21,1882.13
13294,80_20240825 22,1862.81
13295,80_20240825 23,1843.54
13296,80_20240826 00,1903.99
13297,80_20240826 01,1906.46
13298,80_20240826 02,1908.42
13299,80_20240826 03,1906.7
13300,80_20240826 04,1901.31
13301,80_20240826 05,1893.68
13302,80_20240826 06,1903.74
13303,80_20240826 07,2030.65
13304,80_20240826 08,2542.7
13305,80_20240826 09,2959.12
13306,80_20240826 10,3208.76
13307,80_20240826 11,3120.24
13308,80_20240826 12,3161.09
13309,80_20240826 13,3156.19
13310,80_20240826 14,3176.04
13311,80_20240826 15,3169.8
13312,80_20240826 16,3210.43
13313,80_20240826 17,3178.78
13314,80_20240826 18,2499.46
13315,80_20240826 19,2269.49
13316,80_20240826 20,2124.18
13317,80_20240826 21,1875.88
13318,80_20240826 22,1912.37
13319,80_20240826 23,1900.89
13320,80_20240827 00,1882.61
13321,80_20240827 01,1894.07
13322,80_20240827 02,1892.48
13323,80_20240827 03,1885.57
13324,80_20240827 04,1889.82
13325,80_20240827 05,1875.94
13326,80_20240827 06,1883.92
13327,80_20240827 07,2014.23
13328,80_20240827 08,2567.61
13329,80_20240827 09,2861.57
13330,80_20240827 10,3008.53
13331,80_20240827 11,3145.01
13332,80_20240827 12,3160.31
13333,80_20240827 13,3068.64
13334,80_20240827 14,3191.65
13335,80_20240827 15,3275.02
13336,80_20240827 16,3238.08
13337,80_20240827 17,3143.31
13338,80_20240827 18,2599.6
13339,80_20240827 19,2253.58
13340,80_20240827 20,2088.88
13341,80_20240827 21,2037.2
13342,80_20240827 22,1921.52
13343,80_20240827 23,1917.93
13344,80_20240828 00,1911.61
13345,80_20240828 01,1905.66
13346,80_20240828 02,1908.71
13347,80_20240828 03,1904.51
13348,80_20240828 04,1848.04
13349,80_20240828 05,1793.46
13350,80_20240828 06,1812.93
13351,80_20240828 07,1950.1
13352,80_20240828 08,2600.72
13353,80_20240828 09,2853.61
13354,80_20240828 10,3105.0
13355,80_20240828 11,2866.38
13356,80_20240828 12,3042.94
13357,80_20240828 13,3101.45
13358,80_20240828 14,3059.57
13359,80_20240828 15,3134.95
13360,80_20240828 16,3080.48
13361,80_20240828 17,2819.91
13362,80_20240828 18,2341.16
13363,80_20240828 19,2080.33
13364,80_20240828 20,1999.18
13365,80_20240828 21,1916.9
13366,80_20240828 22,1893.94
13367,80_20240828 23,1885.94
13368,80_20240829 00,1907.06
13369,80_20240829 01,1804.32
13370,80_20240829 02,1810.49
13371,80_20240829 03,1804.55
13372,80_20240829 04,1795.56
13373,80_20240829 05,1777.51
13374,80_20240829 06,1774.9
13375,80_20240829 07,1837.83
13376,80_20240829 08,2514.18
13377,80_20240829 09,3049.44
13378,80_20240829 10,2964.89
13379,80_20240829 11,2747.7
13380,80_20240829 12,2908.54
13381,80_20240829 13,2909.06
13382,80_20240829 14,2863.36
13383,80_20240829 15,2966.98
13384,80_20240829 16,2848.71
13385,80_20240829 17,2868.42
13386,80_20240829 18,2276.94
13387,80_20240829 19,2112.5
13388,80_20240829 20,2015.32
13389,80_20240829 21,1956.25
13390,80_20240829 22,1944.58
13391,80_20240829 23,1906.05
13392,80_20240830 00,1905.79
13393,80_20240830 01,1886.01
13394,80_20240830 02,1851.63
13395,80_20240830 03,1876.59
13396,80_20240830 04,1788.35
13397,80_20240830 05,1758.55
13398,80_20240830 06,1748.7
13399,80_20240830 07,1890.09
13400,80_20240830 08,2656.7
13401,80_20240830 09,2891.12
13402,80_20240830 10,3059.19
13403,80_20240830 11,2957.43
13404,80_20240830 12,3074.12
13405,80_20240830 13,3055.55
13406,80_20240830 14,3037.0
13407,80_20240830 15,3114.96
13408,80_20240830 16,3164.56
13409,80_20240830 17,2973.6
13410,80_20240830 18,2327.71
13411,80_20240830 19,2160.77
13412,80_20240830 20,1989.9
13413,80_20240830 21,1911.36
13414,80_20240830 22,1895.72
13415,80_20240830 23,1890.99
13416,80_20240831 00,1823.56
13417,80_20240831 01,1799.81
13418,80_20240831 02,1793.44
13419,80_20240831 03,1758.46
13420,80_20240831 04,1644.36
13421,80_20240831 05,1662.72
13422,80_20240831 06,1623.11
13423,80_20240831 07,1573.9
13424,80_20240831 08,1568.31
13425,80_20240831 09,1594.54
13426,80_20240831 10,1450.2
13427,80_20240831 11,1555.45
13428,80_20240831 12,1567.03
13429,80_20240831 13,2135.51
13430,80_20240831 14,2059.46
13431,80_20240831 15,2173.02
13432,80_20240831 16,2110.73
13433,80_20240831 17,2032.48
13434,80_20240831 18,1588.08
13435,80_20240831 19,1784.17
13436,80_20240831 20,1882.09
13437,80_20240831 21,1855.31
13438,80_20240831 22,1799.78
13439,80_20240831 23,1811.54
13440,81_20240825 00,1186.71
13441,81_20240825 01,1177.6
13442,81_20240825 02,1206.96
13443,81_20240825 03,1198.68
13444,81_20240825 04,1191.38
13445,81_20240825 05,1189.21
13446,81_20240825 06,1172.74
13447,81_20240825 07,1216.89
13448,81_20240825 08,1240.39
13449,81_20240825 09,1231.24
13450,81_20240825 10,1188.78
13451,81_20240825 11,1297.56
13452,81_20240825 12,1315.34
13453,81_20240825 13,1196.96
13454,81_20240825 14,1235.02
13455,81_20240825 15,1202.55
13456,81_20240825 16,1218.3
13457,81_20240825 17,1167.23
13458,81_20240825 18,1249.93
13459,81_20240825 19,1225.83
13460,81_20240825 20,1267.22
13461,81_20240825 21,1263.15
13462,81_20240825 22,1200.61
13463,81_20240825 23,1198.71
13464,81_20240826 00,1205.91
13465,81_20240826 01,1240.81
13466,81_20240826 02,1211.53
13467,81_20240826 03,1237.59
13468,81_20240826 04,1201.36
13469,81_20240826 05,1208.85
13470,81_20240826 06,1230.24
13471,81_20240826 07,1230.2
13472,81_20240826 08,1246.2
13473,81_20240826 09,1230.92
13474,81_20240826 10,1141.06
13475,81_20240826 11,1078.66
13476,81_20240826 12,1251.15
13477,81_20240826 13,1175.24
13478,81_20240826 14,1000.82
13479,81_20240826 15,933.51
13480,81_20240826 16,1049.27
13481,81_20240826 17,1233.09
13482,81_20240826 18,1227.51
13483,81_20240826 19,1279.01
13484,81_20240826 20,1238.08
13485,81_20240826 21,1254.79
13486,81_20240826 22,1247.11
13487,81_20240826 23,1227.2
13488,81_20240827 00,1228.84
13489,81_20240827 01,1204.95
13490,81_20240827 02,1202.23
13491,81_20240827 03,1203.3
13492,81_20240827 04,1213.45
13493,81_20240827 05,1237.91
13494,81_20240827 06,1216.63
13495,81_20240827 07,1234.13
13496,81_20240827 08,1226.22
13497,81_20240827 09,1239.57
13498,81_20240827 10,1276.8
13499,81_20240827 11,1282.06
13500,81_20240827 12,1277.6
13501,81_20240827 13,1253.64
13502,81_20240827 14,1185.89
13503,81_20240827 15,1169.8
13504,81_20240827 16,1204.7
13505,81_20240827 17,1231.8
13506,81_20240827 18,1283.27
13507,81_20240827 19,1247.59
13508,81_20240827 20,1233.72
13509,81_20240827 21,1215.09
13510,81_20240827 22,1184.31
13511,81_20240827 23,1147.34
13512,81_20240828 00,1151.73
13513,81_20240828 01,1148.13
13514,81_20240828 02,1151.57
13515,81_20240828 03,1160.97
13516,81_20240828 04,1148.33
13517,81_20240828 05,1143.54
13518,81_20240828 06,1171.35
13519,81_20240828 07,1208.48
13520,81_20240828 08,1172.9
13521,81_20240828 09,1255.62
13522,81_20240828 10,1256.3
13523,81_20240828 11,1295.34
13524,81_20240828 12,1231.04
13525,81_20240828 13,1092.27
13526,81_20240828 14,1166.54
13527,81_20240828 15,1069.64
13528,81_20240828 16,1219.81
13529,81_20240828 17,1252.49
13530,81_20240828 18,1248.97
13531,81_20240828 19,1238.57
13532,81_20240828 20,1221.11
13533,81_20240828 21,1201.66
13534,81_20240828 22,1185.88
13535,81_20240828 23,1158.32
13536,81_20240829 00,1233.75
13537,81_20240829 01,1232.77
13538,81_20240829 02,1205.09
13539,81_20240829 03,1192.75
13540,81_20240829 04,1161.14
13541,81_20240829 05,1164.28
13542,81_20240829 06,1215.11
13543,81_20240829 07,1165.32
13544,81_20240829 08,1182.13
13545,81_20240829 09,1218.87
13546,81_20240829 10,1224.33
13547,81_20240829 11,1206.8
13548,81_20240829 12,1251.58
13549,81_20240829 13,1182.17
13550,81_20240829 14,1135.41
13551,81_20240829 15,1130.86
13552,81_20240829 16,1154.51
13553,81_20240829 17,1218.13
13554,81_20240829 18,1291.68
13555,81_20240829 19,1258.7
13556,81_20240829 20,1278.89
13557,81_20240829 21,1236.08
13558,81_20240829 22,1187.62
13559,81_20240829 23,1205.11
13560,81_20240830 00,1202.89
13561,81_20240830 01,1155.1
13562,81_20240830 02,1150.63
13563,81_20240830 03,1170.54
13564,81_20240830 04,1150.4
13565,81_20240830 05,1165.03
13566,81_20240830 06,1176.62
13567,81_20240830 07,1147.51
13568,81_20240830 08,1155.87
13569,81_20240830 09,1269.82
13570,81_20240830 10,1134.34
13571,81_20240830 11,1200.38
13572,81_20240830 12,1086.72
13573,81_20240830 13,933.18
13574,81_20240830 14,956.01
13575,81_20240830 15,1049.8
13576,81_20240830 16,1010.38
13577,81_20240830 17,952.81
13578,81_20240830 18,1098.01
13579,81_20240830 19,1239.04
13580,81_20240830 20,1251.51
13581,81_20240830 21,1227.77
13582,81_20240830 22,1156.15
13583,81_20240830 23,1143.99
13584,81_20240831 00,1114.53
13585,81_20240831 01,1132.46
13586,81_20240831 02,1116.94
13587,81_20240831 03,1142.58
13588,81_20240831 04,1157.36
13589,81_20240831 05,1172.03
13590,81_20240831 06,1188.9
13591,81_20240831 07,1137.6
13592,81_20240831 08,1134.55
13593,81_20240831 09,1208.44
13594,81_20240831 10,1188.52
13595,81_20240831 11,1204.68
13596,81_20240831 12,1201.19
13597,81_20240831 13,1145.27
13598,81_20240831 14,1095.88
13599,81_20240831 15,1172.57
13600,81_20240831 16,1218.72
13601,81_20240831 17,1154.77
13602,81_20240831 18,1201.97
13603,81_20240831 19,1211.59
13604,81_20240831 20,1199.96
13605,81_20240831 21,1184.28
13606,81_20240831 22,1167.56
13607,81_20240831 23,1151.72
13608,82_20240825 00,543.0
13609,82_20240825 01,533.54
13610,82_20240825 02,533.09
13611,82_20240825 03,518.95
13612,82_20240825 04,509.18
13613,82_20240825 05,513.27
13614,82_20240825 06,552.66
13615,82_20240825 07,601.85
13616,82_20240825 08,778.53
13617,82_20240825 09,1395.26
13618,82_20240825 10,1965.91
13619,82_20240825 11,2138.47
13620,82_20240825 12,2187.42
13621,82_20240825 13,2152.38
13622,82_20240825 14,2175.69
13623,82_20240825 15,2168.64
13624,82_20240825 16,2093.24
13625,82_20240825 17,2111.46
13626,82_20240825 18,2052.52
13627,82_20240825 19,1984.13
13628,82_20240825 20,1920.84
13629,82_20240825 21,1517.09
13630,82_20240825 22,834.52
13631,82_20240825 23,572.29
13632,82_20240826 00,514.35
13633,82_20240826 01,504.36
13634,82_20240826 02,510.82
13635,82_20240826 03,508.63
13636,82_20240826 04,505.79
13637,82_20240826 05,491.59
13638,82_20240826 06,516.18
13639,82_20240826 07,549.61
13640,82_20240826 08,713.36
13641,82_20240826 09,1294.82
13642,82_20240826 10,1631.21
13643,82_20240826 11,1684.27
13644,82_20240826 12,1742.98
13645,82_20240826 13,1844.53
13646,82_20240826 14,1828.93
13647,82_20240826 15,1805.01
13648,82_20240826 16,1818.25
13649,82_20240826 17,1814.62
13650,82_20240826 18,1746.44
13651,82_20240826 19,1799.63
13652,82_20240826 20,1793.97
13653,82_20240826 21,1462.09
13654,82_20240826 22,842.12
13655,82_20240826 23,542.86
13656,82_20240827 00,525.76
13657,82_20240827 01,510.6
13658,82_20240827 02,522.07
13659,82_20240827 03,518.78
13660,82_20240827 04,516.48
13661,82_20240827 05,518.17
13662,82_20240827 06,556.38
13663,82_20240827 07,570.8
13664,82_20240827 08,739.78
13665,82_20240827 09,1345.76
13666,82_20240827 10,1839.04
13667,82_20240827 11,1905.38
13668,82_20240827 12,1843.88
13669,82_20240827 13,1862.49
13670,82_20240827 14,1870.08
13671,82_20240827 15,1783.85
13672,82_20240827 16,1785.58
13673,82_20240827 17,1807.73
13674,82_20240827 18,1794.65
13675,82_20240827 19,1772.23
13676,82_20240827 20,1710.91
13677,82_20240827 21,1484.32
13678,82_20240827 22,840.04
13679,82_20240827 23,547.43
13680,82_20240828 00,502.67
13681,82_20240828 01,468.04
13682,82_20240828 02,476.52
13683,82_20240828 03,473.16
13684,82_20240828 04,482.72
13685,82_20240828 05,497.66
13686,82_20240828 06,520.3
13687,82_20240828 07,548.61
13688,82_20240828 08,676.72
13689,82_20240828 09,1027.11
13690,82_20240828 10,1623.62
13691,82_20240828 11,1780.28
13692,82_20240828 12,1797.43
13693,82_20240828 13,1793.99
13694,82_20240828 14,1718.89
13695,82_20240828 15,1723.76
13696,82_20240828 16,1732.32
13697,82_20240828 17,1799.85
13698,82_20240828 18,1787.73
13699,82_20240828 19,1740.76
13700,82_20240828 20,1716.84
13701,82_20240828 21,1409.71
13702,82_20240828 22,823.79
13703,82_20240828 23,552.87
13704,82_20240829 00,510.72
13705,82_20240829 01,510.06
13706,82_20240829 02,519.49
13707,82_20240829 03,504.62
13708,82_20240829 04,510.06
13709,82_20240829 05,524.65
13710,82_20240829 06,550.39
13711,82_20240829 07,588.46
13712,82_20240829 08,755.72
13713,82_20240829 09,1262.52
13714,82_20240829 10,1801.61
13715,82_20240829 11,1908.33
13716,82_20240829 12,1921.0
13717,82_20240829 13,1925.17
13718,82_20240829 14,1884.78
13719,82_20240829 15,1875.06
13720,82_20240829 16,1886.93
13721,82_20240829 17,1926.06
13722,82_20240829 18,1894.78
13723,82_20240829 19,1783.9
13724,82_20240829 20,1731.31
13725,82_20240829 21,1465.3
13726,82_20240829 22,863.22
13727,82_20240829 23,542.39
13728,82_20240830 00,525.36
13729,82_20240830 01,519.47
13730,82_20240830 02,524.53
13731,82_20240830 03,519.69
13732,82_20240830 04,496.25
13733,82_20240830 05,511.6
13734,82_20240830 06,545.73
13735,82_20240830 07,567.06
13736,82_20240830 08,691.35
13737,82_20240830 09,1121.33
13738,82_20240830 10,1756.99
13739,82_20240830 11,1886.57
13740,82_20240830 12,1930.88
13741,82_20240830 13,1952.11
13742,82_20240830 14,1956.52
13743,82_20240830 15,1997.15
13744,82_20240830 16,1975.34
13745,82_20240830 17,2012.52
13746,82_20240830 18,1948.01
13747,82_20240830 19,1880.7
13748,82_20240830 20,1759.56
13749,82_20240830 21,1531.6
13750,82_20240830 22,891.79
13751,82_20240830 23,550.19
13752,82_20240831 00,511.64
13753,82_20240831 01,489.51
13754,82_20240831 02,478.82
13755,82_20240831 03,480.04
13756,82_20240831 04,487.35
13757,82_20240831 05,488.27
13758,82_20240831 06,539.72
13759,82_20240831 07,606.09
13760,82_20240831 08,754.62
13761,82_20240831 09,1105.75
13762,82_20240831 10,1891.6
13763,82_20240831 11,2032.06
13764,82_20240831 12,2126.51
13765,82_20240831 13,2102.27
13766,82_20240831 14,2076.1
13767,82_20240831 15,2096.29
13768,82_20240831 16,2061.24
13769,82_20240831 17,2044.83
13770,82_20240831 18,1946.56
13771,82_20240831 19,1905.57
13772,82_20240831 20,1826.12
13773,82_20240831 21,1547.43
13774,82_20240831 22,862.76
13775,82_20240831 23,537.15
13776,83_20240825 00,2579.37
13777,83_20240825 01,2549.76
13778,83_20240825 02,2551.43
13779,83_20240825 03,2529.13
13780,83_20240825 04,2521.85
13781,83_20240825 05,2507.58
13782,83_20240825 06,2506.1
13783,83_20240825 07,2496.89
13784,83_20240825 08,2648.35
13785,83_20240825 09,2678.75
13786,83_20240825 10,2606.71
13787,83_20240825 11,2602.05
13788,83_20240825 12,2584.29
13789,83_20240825 13,2628.65
13790,83_20240825 14,2600.73
13791,83_20240825 15,2650.96
13792,83_20240825 16,2759.53
13793,83_20240825 17,2733.79
13794,83_20240825 18,2710.48
13795,83_20240825 19,2733.86
13796,83_20240825 20,2697.1
13797,83_20240825 21,2677.45
13798,83_20240825 22,2613.31
13799,83_20240825 23,2579.86
13800,83_20240826 00,2630.15
13801,83_20240826 01,2627.22
13802,83_20240826 02,2628.14
13803,83_20240826 03,2623.44
13804,83_20240826 04,2599.32
13805,83_20240826 05,2597.72
13806,83_20240826 06,2617.02
13807,83_20240826 07,2612.13
13808,83_20240826 08,2865.32
13809,83_20240826 09,3243.18
13810,83_20240826 10,3183.68
13811,83_20240826 11,3074.42
13812,83_20240826 12,3123.65
13813,83_20240826 13,3095.63
13814,83_20240826 14,3107.17
13815,83_20240826 15,3182.67
13816,83_20240826 16,3206.33
13817,83_20240826 17,3201.89
13818,83_20240826 18,3203.44
13819,83_20240826 19,3039.25
13820,83_20240826 20,2957.52
13821,83_20240826 21,2862.04
13822,83_20240826 22,2735.5
13823,83_20240826 23,2685.14
13824,83_20240827 00,2625.09
13825,83_20240827 01,2621.91
13826,83_20240827 02,2611.89
13827,83_20240827 03,2628.85
13828,83_20240827 04,2625.15
13829,83_20240827 05,2612.64
13830,83_20240827 06,2639.86
13831,83_20240827 07,2616.23
13832,83_20240827 08,2851.9
13833,83_20240827 09,3171.61
13834,83_20240827 10,3180.81
13835,83_20240827 11,3133.91
13836,83_20240827 12,3169.74
13837,83_20240827 13,3188.39
13838,83_20240827 14,3143.78
13839,83_20240827 15,3211.03
13840,83_20240827 16,3182.09
13841,83_20240827 17,3173.68
13842,83_20240827 18,3103.63
13843,83_20240827 19,2913.17
13844,83_20240827 20,2838.58
13845,83_20240827 21,2678.35
13846,83_20240827 22,2517.68
13847,83_20240827 23,2459.61
13848,83_20240828 00,2415.48
13849,83_20240828 01,2403.22
13850,83_20240828 02,2328.25
13851,83_20240828 03,2332.98
13852,83_20240828 04,2324.18
13853,83_20240828 05,2286.57
13854,83_20240828 06,2280.74
13855,83_20240828 07,2304.68
13856,83_20240828 08,2648.03
13857,83_20240828 09,2972.64
13858,83_20240828 10,2913.32
13859,83_20240828 11,2963.93
13860,83_20240828 12,2980.54
13861,83_20240828 13,2967.06
13862,83_20240828 14,2953.89
13863,83_20240828 15,3058.99
13864,83_20240828 16,3063.7
13865,83_20240828 17,3042.01
13866,83_20240828 18,3042.3
13867,83_20240828 19,2921.74
13868,83_20240828 20,2868.42
13869,83_20240828 21,2731.08
13870,83_20240828 22,2582.12
13871,83_20240828 23,2510.06
13872,83_20240829 00,2430.38
13873,83_20240829 01,2400.69
13874,83_20240829 02,2359.18
13875,83_20240829 03,2365.23
13876,83_20240829 04,2270.34
13877,83_20240829 05,2299.42
13878,83_20240829 06,2239.0
13879,83_20240829 07,2312.49
13880,83_20240829 08,2473.98
13881,83_20240829 09,2866.41
13882,83_20240829 10,2859.93
13883,83_20240829 11,2851.67
13884,83_20240829 12,2972.93
13885,83_20240829 13,2879.22
13886,83_20240829 14,2908.75
13887,83_20240829 15,2944.04
13888,83_20240829 16,3019.98
13889,83_20240829 17,3172.49
13890,83_20240829 18,3144.52
13891,83_20240829 19,2996.48
13892,83_20240829 20,2918.03
13893,83_20240829 21,2748.02
13894,83_20240829 22,2652.13
13895,83_20240829 23,2510.77
13896,83_20240830 00,2502.3
13897,83_20240830 01,2445.88
13898,83_20240830 02,2425.71
13899,83_20240830 03,2429.09
13900,83_20240830 04,2502.46
13901,83_20240830 05,2361.93
13902,83_20240830 06,2353.22
13903,83_20240830 07,2426.62
13904,83_20240830 08,2662.99
13905,83_20240830 09,2916.79
13906,83_20240830 10,2926.2
13907,83_20240830 11,2934.96
13908,83_20240830 12,3036.95
13909,83_20240830 13,2986.37
13910,83_20240830 14,2903.4
13911,83_20240830 15,3017.42
13912,83_20240830 16,3091.32
13913,83_20240830 17,3137.12
13914,83_20240830 18,3106.73
13915,83_20240830 19,2970.31
13916,83_20240830 20,2886.32
13917,83_20240830 21,2680.73
13918,83_20240830 22,2547.88
13919,83_20240830 23,2414.01
13920,83_20240831 00,2418.92
13921,83_20240831 01,2342.36
13922,83_20240831 02,2282.83
13923,83_20240831 03,2297.33
13924,83_20240831 04,2255.69
13925,83_20240831 05,2206.06
13926,83_20240831 06,2215.91
13927,83_20240831 07,2220.36
13928,83_20240831 08,2477.75
13929,83_20240831 09,2511.93
13930,83_20240831 10,2479.95
13931,83_20240831 11,2422.8
13932,83_20240831 12,2521.43
13933,83_20240831 13,2547.49
13934,83_20240831 14,2431.67
13935,83_20240831 15,2621.16
13936,83_20240831 16,2689.5
13937,83_20240831 17,2645.63
13938,83_20240831 18,2622.53
13939,83_20240831 19,2541.59
13940,83_20240831 20,2564.5
13941,83_20240831 21,2527.02
13942,83_20240831 22,2518.71
13943,83_20240831 23,2469.56
13944,84_20240825 00,1276.27
13945,84_20240825 01,1211.16
13946,84_20240825 02,1201.39
13947,84_20240825 03,1176.34
13948,84_20240825 04,1197.39
13949,84_20240825 05,1309.79
13950,84_20240825 06,1414.27
13951,84_20240825 07,1538.47
13952,84_20240825 08,1670.34
13953,84_20240825 09,1782.19
13954,84_20240825 10,2121.89
13955,84_20240825 11,2415.95
13956,84_20240825 12,2308.43
13957,84_20240825 13,2416.96
13958,84_20240825 14,2341.97
13959,84_20240825 15,2369.92
13960,84_20240825 16,2272.9
13961,84_20240825 17,2311.42
13962,84_20240825 18,2129.74
13963,84_20240825 19,2057.27
13964,84_20240825 20,1899.02
13965,84_20240825 21,1837.27
13966,84_20240825 22,1670.25
13967,84_20240825 23,1441.1
13968,84_20240826 00,1238.19
13969,84_20240826 01,1158.97
13970,84_20240826 02,1138.61
13971,84_20240826 03,1128.89
13972,84_20240826 04,1145.44
13973,84_20240826 05,1250.98
13974,84_20240826 06,1369.59
13975,84_20240826 07,1441.35
13976,84_20240826 08,1607.62
13977,84_20240826 09,1756.14
13978,84_20240826 10,2045.71
13979,84_20240826 11,2272.74
13980,84_20240826 12,2138.82
13981,84_20240826 13,2205.6
13982,84_20240826 14,2203.52
13983,84_20240826 15,2250.54
13984,84_20240826 16,2192.63
13985,84_20240826 17,2203.94
13986,84_20240826 18,2019.64
13987,84_20240826 19,1983.49
13988,84_20240826 20,1822.55
13989,84_20240826 21,1708.7
13990,84_20240826 22,1488.47
13991,84_20240826 23,1360.21
13992,84_20240827 00,1281.4
13993,84_20240827 01,1229.27
13994,84_20240827 02,1170.25
13995,84_20240827 03,1161.4
13996,84_20240827 04,1172.0
13997,84_20240827 05,1257.64
13998,84_20240827 06,1359.74
13999,84_20240827 07,1399.99
14000,84_20240827 08,1504.45
14001,84_20240827 09,1707.71
14002,84_20240827 10,1895.86
14003,84_20240827 11,2070.26
14004,84_20240827 12,1923.1
14005,84_20240827 13,2019.42
14006,84_20240827 14,1967.7
14007,84_20240827 15,2064.97
14008,84_20240827 16,2071.63
14009,84_20240827 17,2034.89
14010,84_20240827 18,1839.17
14011,84_20240827 19,1652.03
14012,84_20240827 20,1702.81
14013,84_20240827 21,1609.91
14014,84_20240827 22,1367.42
14015,84_20240827 23,1196.34
14016,84_20240828 00,1076.5
14017,84_20240828 01,1034.84
14018,84_20240828 02,1041.03
14019,84_20240828 03,1061.38
14020,84_20240828 04,1112.08
14021,84_20240828 05,1187.49
14022,84_20240828 06,1325.66
14023,84_20240828 07,1348.82
14024,84_20240828 08,1486.69
14025,84_20240828 09,1644.47
14026,84_20240828 10,1871.29
14027,84_20240828 11,1989.93
14028,84_20240828 12,1905.8
14029,84_20240828 13,2198.65
14030,84_20240828 14,2126.5
14031,84_20240828 15,2207.77
14032,84_20240828 16,2149.18
14033,84_20240828 17,2003.8
14034,84_20240828 18,1878.18
14035,84_20240828 19,1797.74
14036,84_20240828 20,1741.9
14037,84_20240828 21,1665.38
14038,84_20240828 22,1466.33
14039,84_20240828 23,1260.49
14040,84_20240829 00,1143.65
14041,84_20240829 01,1020.56
14042,84_20240829 02,972.73
14043,84_20240829 03,975.86
14044,84_20240829 04,995.25
14045,84_20240829 05,1209.95
14046,84_20240829 06,1331.82
14047,84_20240829 07,1370.69
14048,84_20240829 08,1487.47
14049,84_20240829 09,1652.46
14050,84_20240829 10,1877.3
14051,84_20240829 11,2026.41
14052,84_20240829 12,2020.01
14053,84_20240829 13,2126.54
14054,84_20240829 14,1975.25
14055,84_20240829 15,2072.26
14056,84_20240829 16,2026.59
14057,84_20240829 17,2182.58
14058,84_20240829 18,1935.64
14059,84_20240829 19,1914.76
14060,84_20240829 20,1871.21
14061,84_20240829 21,1716.28
14062,84_20240829 22,1511.12
14063,84_20240829 23,1325.66
14064,84_20240830 00,1186.94
14065,84_20240830 01,1116.32
14066,84_20240830 02,1125.68
14067,84_20240830 03,1071.51
14068,84_20240830 04,1084.84
14069,84_20240830 05,1204.98
14070,84_20240830 06,1344.5
14071,84_20240830 07,1386.95
14072,84_20240830 08,1498.16
14073,84_20240830 09,1664.96
14074,84_20240830 10,1919.46
14075,84_20240830 11,2064.62
14076,84_20240830 12,1931.64
14077,84_20240830 13,2056.5
14078,84_20240830 14,1996.0
14079,84_20240830 15,2040.01
14080,84_20240830 16,1904.42
14081,84_20240830 17,1972.32
14082,84_20240830 18,1839.62
14083,84_20240830 19,1680.6
14084,84_20240830 20,1719.36
14085,84_20240830 21,1566.56
14086,84_20240830 22,1370.76
14087,84_20240830 23,1177.61
14088,84_20240831 00,1094.1
14089,84_20240831 01,995.6
14090,84_20240831 02,988.48
14091,84_20240831 03,957.32
14092,84_20240831 04,982.9
14093,84_20240831 05,1081.89
14094,84_20240831 06,1195.0
14095,84_20240831 07,1299.29
14096,84_20240831 08,1487.68
14097,84_20240831 09,1724.02
14098,84_20240831 10,1984.54
14099,84_20240831 11,2305.86
14100,84_20240831 12,2219.71
14101,84_20240831 13,2352.22
14102,84_20240831 14,2244.33
14103,84_20240831 15,2226.0
14104,84_20240831 16,2060.04
14105,84_20240831 17,2090.95
14106,84_20240831 18,1844.57
14107,84_20240831 19,1600.19
14108,84_20240831 20,1577.84
14109,84_20240831 21,1479.54
14110,84_20240831 22,1331.32
14111,84_20240831 23,1150.58
14112,85_20240825 00,23.14
14113,85_20240825 01,18.63
14114,85_20240825 02,15.7
14115,85_20240825 03,14.71
14116,85_20240825 04,14.25
14117,85_20240825 05,12.78
14118,85_20240825 06,12.46
14119,85_20240825 07,17.98
14120,85_20240825 08,26.56
14121,85_20240825 09,34.61
14122,85_20240825 10,36.43
14123,85_20240825 11,34.28
14124,85_20240825 12,32.04
14125,85_20240825 13,27.97
14126,85_20240825 14,26.45
14127,85_20240825 15,25.87
14128,85_20240825 16,27.29
14129,85_20240825 17,29.52
14130,85_20240825 18,35.95
14131,85_20240825 19,39.21
14132,85_20240825 20,43.64
14133,85_20240825 21,43.48
14134,85_20240825 22,38.7
14135,85_20240825 23,30.35
14136,85_20240826 00,22.09
14137,85_20240826 01,17.57
14138,85_20240826 02,15.44
14139,85_20240826 03,14.48
14140,85_20240826 04,14.61
14141,85_20240826 05,14.06
14142,85_20240826 06,17.19
14143,85_20240826 07,31.42
14144,85_20240826 08,32.42
14145,85_20240826 09,30.88
14146,85_20240826 10,26.11
14147,85_20240826 11,24.58
14148,85_20240826 12,22.41
14149,85_20240826 13,20.28
14150,85_20240826 14,19.51
14151,85_20240826 15,18.98
14152,85_20240826 16,20.25
14153,85_20240826 17,26.54
14154,85_20240826 18,34.29
14155,85_20240826 19,39.91
14156,85_20240826 20,44.31
14157,85_20240826 21,44.13
14158,85_20240826 22,39.41
14159,85_20240826 23,30.28
14160,85_20240827 00,22.08
14161,85_20240827 01,17.27
14162,85_20240827 02,15.5
14163,85_20240827 03,14.49
14164,85_20240827 04,14.38
14165,85_20240827 05,13.66
14166,85_20240827 06,16.7
14167,85_20240827 07,29.76
14168,85_20240827 08,31.5
14169,85_20240827 09,28.99
14170,85_20240827 10,24.67
14171,85_20240827 11,22.25
14172,85_20240827 12,21.32
14173,85_20240827 13,18.47
14174,85_20240827 14,18.75
14175,85_20240827 15,18.43
14176,85_20240827 16,19.61
14177,85_20240827 17,25.6
14178,85_20240827 18,34.6
14179,85_20240827 19,39.98
14180,85_20240827 20,45.84
14181,85_20240827 21,45.25
14182,85_20240827 22,38.82
14183,85_20240827 23,30.1
14184,85_20240828 00,21.67
14185,85_20240828 01,17.8
14186,85_20240828 02,15.48
14187,85_20240828 03,14.69
14188,85_20240828 04,14.99
14189,85_20240828 05,12.94
14190,85_20240828 06,17.88
14191,85_20240828 07,33.04
14192,85_20240828 08,36.32
14193,85_20240828 09,30.86
14194,85_20240828 10,23.61
14195,85_20240828 11,21.4
14196,85_20240828 12,19.51
14197,85_20240828 13,18.64
14198,85_20240828 14,18.59
14199,85_20240828 15,18.44
14200,85_20240828 16,19.55
14201,85_20240828 17,25.96
14202,85_20240828 18,34.81
14203,85_20240828 19,40.71
14204,85_20240828 20,46.32
14205,85_20240828 21,45.59
14206,85_20240828 22,39.43
14207,85_20240828 23,30.6
14208,85_20240829 00,21.96
14209,85_20240829 01,17.25
14210,85_20240829 02,15.25
14211,85_20240829 03,14.36
14212,85_20240829 04,13.97
14213,85_20240829 05,12.81
14214,85_20240829 06,17.81
14215,85_20240829 07,27.9
14216,85_20240829 08,33.12
14217,85_20240829 09,31.4
14218,85_20240829 10,25.63
14219,85_20240829 11,22.47
14220,85_20240829 12,20.27
14221,85_20240829 13,19.3
14222,85_20240829 14,20.01
14223,85_20240829 15,18.8
14224,85_20240829 16,20.24
14225,85_20240829 17,25.54
14226,85_20240829 18,34.06
14227,85_20240829 19,39.96
14228,85_20240829 20,46.36
14229,85_20240829 21,45.37
14230,85_20240829 22,38.73
14231,85_20240829 23,29.79
14232,85_20240830 00,21.77
14233,85_20240830 01,17.98
14234,85_20240830 02,15.41
14235,85_20240830 03,14.63
14236,85_20240830 04,14.78
14237,85_20240830 05,13.12
14238,85_20240830 06,17.9
14239,85_20240830 07,29.62
14240,85_20240830 08,32.7
14241,85_20240830 09,30.27
14242,85_20240830 10,24.79
14243,85_20240830 11,21.6
14244,85_20240830 12,21.04
14245,85_20240830 13,20.07
14246,85_20240830 14,19.5
14247,85_20240830 15,18.62
14248,85_20240830 16,19.84
14249,85_20240830 17,24.57
14250,85_20240830 18,32.03
14251,85_20240830 19,37.63
14252,85_20240830 20,42.02
14253,85_20240830 21,41.73
14254,85_20240830 22,37.76
14255,85_20240830 23,30.49
14256,85_20240831 00,23.33
14257,85_20240831 01,18.49
14258,85_20240831 02,15.87
14259,85_20240831 03,14.26
14260,85_20240831 04,13.98
14261,85_20240831 05,11.35
14262,85_20240831 06,13.68
14263,85_20240831 07,21.56
14264,85_20240831 08,31.32
14265,85_20240831 09,36.61
14266,85_20240831 10,35.41
14267,85_20240831 11,34.14
14268,85_20240831 12,28.84
14269,85_20240831 13,26.12
14270,85_20240831 14,25.46
14271,85_20240831 15,24.0
14272,85_20240831 16,24.96
14273,85_20240831 17,28.27
14274,85_20240831 18,30.94
14275,85_20240831 19,34.3
14276,85_20240831 20,38.57
14277,85_20240831 21,38.39
14278,85_20240831 22,36.84
14279,85_20240831 23,30.01
14280,86_20240825 00,642.76
14281,86_20240825 01,616.74
14282,86_20240825 02,603.15
14283,86_20240825 03,588.97
14284,86_20240825 04,590.24
14285,86_20240825 05,586.19
14286,86_20240825 06,648.63
14287,86_20240825 07,714.22
14288,86_20240825 08,1035.39
14289,86_20240825 09,1107.96
14290,86_20240825 10,1151.67
14291,86_20240825 11,1206.53
14292,86_20240825 12,1235.32
14293,86_20240825 13,1259.11
14294,86_20240825 14,1279.16
14295,86_20240825 15,1304.3
14296,86_20240825 16,1350.6
14297,86_20240825 17,1317.12
14298,86_20240825 18,1306.05
14299,86_20240825 19,1232.33
14300,86_20240825 20,1225.35
14301,86_20240825 21,1149.3
14302,86_20240825 22,886.41
14303,86_20240825 23,731.62
14304,86_20240826 00,668.1
14305,86_20240826 01,639.78
14306,86_20240826 02,619.68
14307,86_20240826 03,613.28
14308,86_20240826 04,611.76
14309,86_20240826 05,611.77
14310,86_20240826 06,722.49
14311,86_20240826 07,1249.65
14312,86_20240826 08,2128.22
14313,86_20240826 09,2763.81
14314,86_20240826 10,3077.6
14315,86_20240826 11,3129.8
14316,86_20240826 12,3057.55
14317,86_20240826 13,3091.6
14318,86_20240826 14,3043.61
14319,86_20240826 15,2970.48
14320,86_20240826 16,2915.35
14321,86_20240826 17,2762.82
14322,86_20240826 18,2223.85
14323,86_20240826 19,1802.65
14324,86_20240826 20,1646.08
14325,86_20240826 21,1436.18
14326,86_20240826 22,1106.21
14327,86_20240826 23,842.98
14328,86_20240827 00,700.99
14329,86_20240827 01,665.39
14330,86_20240827 02,643.01
14331,86_20240827 03,629.16
14332,86_20240827 04,625.28
14333,86_20240827 05,627.68
14334,86_20240827 06,728.29
14335,86_20240827 07,1152.56
14336,86_20240827 08,1759.02
14337,86_20240827 09,2413.98
14338,86_20240827 10,2639.43
14339,86_20240827 11,2648.82
14340,86_20240827 12,2698.5
14341,86_20240827 13,2685.16
14342,86_20240827 14,2685.63
14343,86_20240827 15,2636.95
14344,86_20240827 16,2649.57
14345,86_20240827 17,2471.73
14346,86_20240827 18,2182.67
14347,86_20240827 19,1880.84
14348,86_20240827 20,1634.61
14349,86_20240827 21,1401.32
14350,86_20240827 22,1033.27
14351,86_20240827 23,810.34
14352,86_20240828 00,666.33
14353,86_20240828 01,631.41
14354,86_20240828 02,613.38
14355,86_20240828 03,592.52
14356,86_20240828 04,592.21
14357,86_20240828 05,594.85
14358,86_20240828 06,692.09
14359,86_20240828 07,1031.06
14360,86_20240828 08,1812.22
14361,86_20240828 09,2503.95
14362,86_20240828 10,2736.88
14363,86_20240828 11,2715.25
14364,86_20240828 12,2697.18
14365,86_20240828 13,2755.73
14366,86_20240828 14,2855.5
14367,86_20240828 15,2798.66
14368,86_20240828 16,2741.42
14369,86_20240828 17,2662.48
14370,86_20240828 18,2328.33
14371,86_20240828 19,1847.86
14372,86_20240828 20,1706.65
14373,86_20240828 21,1480.15
14374,86_20240828 22,1084.95
14375,86_20240828 23,820.68
14376,86_20240829 00,681.19
14377,86_20240829 01,649.92
14378,86_20240829 02,619.89
14379,86_20240829 03,603.42
14380,86_20240829 04,603.25
14381,86_20240829 05,589.28
14382,86_20240829 06,674.99
14383,86_20240829 07,1014.56
14384,86_20240829 08,1646.9
14385,86_20240829 09,2038.86
14386,86_20240829 10,2237.67
14387,86_20240829 11,2254.95
14388,86_20240829 12,2194.95
14389,86_20240829 13,2363.1
14390,86_20240829 14,2370.8
14391,86_20240829 15,2336.34
14392,86_20240829 16,2239.73
14393,86_20240829 17,2226.89
14394,86_20240829 18,1977.42
14395,86_20240829 19,1818.02
14396,86_20240829 20,1631.98
14397,86_20240829 21,1336.16
14398,86_20240829 22,1047.78
14399,86_20240829 23,817.81
14400,86_20240830 00,670.82
14401,86_20240830 01,633.07
14402,86_20240830 02,614.25
14403,86_20240830 03,601.76
14404,86_20240830 04,604.14
14405,86_20240830 05,590.72
14406,86_20240830 06,688.07
14407,86_20240830 07,1034.8
14408,86_20240830 08,1772.79
14409,86_20240830 09,2397.27
14410,86_20240830 10,2773.2
14411,86_20240830 11,2845.66
14412,86_20240830 12,2752.35
14413,86_20240830 13,2721.86
14414,86_20240830 14,2806.41
14415,86_20240830 15,2715.37
14416,86_20240830 16,2635.33
14417,86_20240830 17,2530.85
14418,86_20240830 18,2195.04
14419,86_20240830 19,1882.85
14420,86_20240830 20,1615.49
14421,86_20240830 21,1396.76
14422,86_20240830 22,1054.28
14423,86_20240830 23,806.22
14424,86_20240831 00,647.22
14425,86_20240831 01,611.37
14426,86_20240831 02,591.36
14427,86_20240831 03,574.03
14428,86_20240831 04,572.58
14429,86_20240831 05,572.96
14430,86_20240831 06,641.31
14431,86_20240831 07,687.93
14432,86_20240831 08,953.39
14433,86_20240831 09,1076.04
14434,86_20240831 10,1104.12
14435,86_20240831 11,1187.81
14436,86_20240831 12,1316.86
14437,86_20240831 13,1353.66
14438,86_20240831 14,1356.5
14439,86_20240831 15,1308.91
14440,86_20240831 16,1236.22
14441,86_20240831 17,1279.85
14442,86_20240831 18,1302.49
14443,86_20240831 19,1264.24
14444,86_20240831 20,1192.58
14445,86_20240831 21,1122.11
14446,86_20240831 22,901.96
14447,86_20240831 23,723.53
14448,87_20240825 00,1418.32
14449,87_20240825 01,1286.81
14450,87_20240825 02,1231.74
14451,87_20240825 03,1249.93
14452,87_20240825 04,1259.74
14453,87_20240825 05,1278.84
14454,87_20240825 06,1253.07
14455,87_20240825 07,1191.59
14456,87_20240825 08,1182.34
14457,87_20240825 09,1091.48
14458,87_20240825 10,1206.75
14459,87_20240825 11,1181.97
14460,87_20240825 12,1124.3
14461,87_20240825 13,1069.95
14462,87_20240825 14,1019.17
14463,87_20240825 15,970.07
14464,87_20240825 16,977.96
14465,87_20240825 17,974.0
14466,87_20240825 18,934.55
14467,87_20240825 19,1035.86
14468,87_20240825 20,1190.71
14469,87_20240825 21,2014.39
14470,87_20240825 22,2065.77
14471,87_20240825 23,2099.67
14472,87_20240826 00,2871.66
14473,87_20240826 01,3144.42
14474,87_20240826 02,3040.59
14475,87_20240826 03,2995.08
14476,87_20240826 04,2680.91
14477,87_20240826 05,2376.16
14478,87_20240826 06,1856.22
14479,87_20240826 07,1744.57
14480,87_20240826 08,1679.34
14481,87_20240826 09,1350.68
14482,87_20240826 10,1360.86
14483,87_20240826 11,1236.51
14484,87_20240826 12,1162.8
14485,87_20240826 13,1153.5
14486,87_20240826 14,1163.29
14487,87_20240826 15,1078.76
14488,87_20240826 16,1109.26
14489,87_20240826 17,1086.52
14490,87_20240826 18,941.68
14491,87_20240826 19,1128.09
14492,87_20240826 20,1319.24
14493,87_20240826 21,1730.47
14494,87_20240826 22,2078.29
14495,87_20240826 23,2347.11
14496,87_20240827 00,2245.5
14497,87_20240827 01,2452.55
14498,87_20240827 02,2523.65
14499,87_20240827 03,2567.9
14500,87_20240827 04,2411.51
14501,87_20240827 05,2149.57
14502,87_20240827 06,1760.53
14503,87_20240827 07,1508.31
14504,87_20240827 08,1456.0
14505,87_20240827 09,1241.78
14506,87_20240827 10,1215.88
14507,87_20240827 11,1207.9
14508,87_20240827 12,1190.79
14509,87_20240827 13,1060.71
14510,87_20240827 14,1050.54
14511,87_20240827 15,1018.69
14512,87_20240827 16,999.43
14513,87_20240827 17,965.72
14514,87_20240827 18,969.49
14515,87_20240827 19,1028.59
14516,87_20240827 20,1283.53
14517,87_20240827 21,2251.82
14518,87_20240827 22,2389.24
14519,87_20240827 23,2335.03
14520,87_20240828 00,2182.66
14521,87_20240828 01,2123.02
14522,87_20240828 02,2176.26
14523,87_20240828 03,2157.61
14524,87_20240828 04,1886.68
14525,87_20240828 05,1907.64
14526,87_20240828 06,1591.44
14527,87_20240828 07,1520.14
14528,87_20240828 08,1519.2
14529,87_20240828 09,1253.0
14530,87_20240828 10,1283.79
14531,87_20240828 11,1202.99
14532,87_20240828 12,1084.84
14533,87_20240828 13,1075.74
14534,87_20240828 14,1067.06
14535,87_20240828 15,1035.42
14536,87_20240828 16,962.09
14537,87_20240828 17,1014.17
14538,87_20240828 18,928.46
14539,87_20240828 19,987.9
14540,87_20240828 20,1154.42
14541,87_20240828 21,1636.85
14542,87_20240828 22,1774.42
14543,87_20240828 23,1908.44
14544,87_20240829 00,1619.15
14545,87_20240829 01,1577.43
14546,87_20240829 02,1924.58
14547,87_20240829 03,1855.7
14548,87_20240829 04,1909.55
14549,87_20240829 05,1671.69
14550,87_20240829 06,1608.15
14551,87_20240829 07,1492.4
14552,87_20240829 08,1689.32
14553,87_20240829 09,1630.5
14554,87_20240829 10,1437.55
14555,87_20240829 11,1245.29
14556,87_20240829 12,1243.17
14557,87_20240829 13,1297.7
14558,87_20240829 14,1243.49
14559,87_20240829 15,1054.64
14560,87_20240829 16,1044.92
14561,87_20240829 17,1044.39
14562,87_20240829 18,1030.36
14563,87_20240829 19,1008.58
14564,87_20240829 20,1158.82
14565,87_20240829 21,1506.9
14566,87_20240829 22,1740.06
14567,87_20240829 23,1708.96
14568,87_20240830 00,1443.96
14569,87_20240830 01,1720.17
14570,87_20240830 02,2023.4
14571,87_20240830 03,1818.97
14572,87_20240830 04,1910.64
14573,87_20240830 05,1921.32
14574,87_20240830 06,1707.05
14575,87_20240830 07,1503.81
14576,87_20240830 08,1390.88
14577,87_20240830 09,1367.92
14578,87_20240830 10,1367.85
14579,87_20240830 11,1208.85
14580,87_20240830 12,1140.56
14581,87_20240830 13,1163.96
14582,87_20240830 14,1025.68
14583,87_20240830 15,995.47
14584,87_20240830 16,1000.94
14585,87_20240830 17,987.18
14586,87_20240830 18,923.69
14587,87_20240830 19,942.9
14588,87_20240830 20,968.27
14589,87_20240830 21,1112.14
14590,87_20240830 22,1203.92
14591,87_20240830 23,1334.38
14592,87_20240831 00,1072.89
14593,87_20240831 01,1097.49
14594,87_20240831 02,1224.0
14595,87_20240831 03,1178.55
14596,87_20240831 04,1259.66
14597,87_20240831 05,1085.3
14598,87_20240831 06,1163.03
14599,87_20240831 07,1228.74
14600,87_20240831 08,1328.51
14601,87_20240831 09,1108.08
14602,87_20240831 10,1175.78
14603,87_20240831 11,1313.01
14604,87_20240831 12,1234.91
14605,87_20240831 13,1056.95
14606,87_20240831 14,1150.11
14607,87_20240831 15,1022.9
14608,87_20240831 16,1068.35
14609,87_20240831 17,1006.47
14610,87_20240831 18,927.94
14611,87_20240831 19,924.52
14612,87_20240831 20,894.94
14613,87_20240831 21,916.76
14614,87_20240831 22,1050.73
14615,87_20240831 23,1122.78
14616,88_20240825 00,947.44
14617,88_20240825 01,842.31
14618,88_20240825 02,788.73
14619,88_20240825 03,738.22
14620,88_20240825 04,711.05
14621,88_20240825 05,707.1
14622,88_20240825 06,760.3
14623,88_20240825 07,934.69
14624,88_20240825 08,1271.26
14625,88_20240825 09,2676.77
14626,88_20240825 10,4974.8
14627,88_20240825 11,5390.95
14628,88_20240825 12,5493.43
14629,88_20240825 13,5567.1
14630,88_20240825 14,5694.57
14631,88_20240825 15,5692.65
14632,88_20240825 16,5781.07
14633,88_20240825 17,5623.81
14634,88_20240825 18,5385.58
14635,88_20240825 19,4877.83
14636,88_20240825 20,4715.32
14637,88_20240825 21,2509.41
14638,88_20240825 22,1483.93
14639,88_20240825 23,1212.44
14640,88_20240826 00,934.36
14641,88_20240826 01,822.89
14642,88_20240826 02,798.4
14643,88_20240826 03,750.13
14644,88_20240826 04,736.96
14645,88_20240826 05,732.24
14646,88_20240826 06,790.1
14647,88_20240826 07,905.16
14648,88_20240826 08,1263.42
14649,88_20240826 09,2428.76
14650,88_20240826 10,4471.48
14651,88_20240826 11,4800.55
14652,88_20240826 12,5120.34
14653,88_20240826 13,4975.73
14654,88_20240826 14,4970.2
14655,88_20240826 15,4706.17
14656,88_20240826 16,4629.39
14657,88_20240826 17,4625.43
14658,88_20240826 18,4642.45
14659,88_20240826 19,4498.32
14660,88_20240826 20,4351.79
14661,88_20240826 21,2460.21
14662,88_20240826 22,1446.67
14663,88_20240826 23,1212.24
14664,88_20240827 00,958.32
14665,88_20240827 01,874.05
14666,88_20240827 02,794.55
14667,88_20240827 03,781.56
14668,88_20240827 04,742.4
14669,88_20240827 05,718.62
14670,88_20240827 06,775.71
14671,88_20240827 07,876.66
14672,88_20240827 08,1212.98
14673,88_20240827 09,2418.18
14674,88_20240827 10,4159.85
14675,88_20240827 11,4655.43
14676,88_20240827 12,4650.22
14677,88_20240827 13,4715.91
14678,88_20240827 14,4696.58
14679,88_20240827 15,4645.29
14680,88_20240827 16,4512.98
14681,88_20240827 17,4474.01
14682,88_20240827 18,4460.17
14683,88_20240827 19,4187.82
14684,88_20240827 20,4156.3
14685,88_20240827 21,2289.16
14686,88_20240827 22,1292.82
14687,88_20240827 23,1045.93
14688,88_20240828 00,868.34
14689,88_20240828 01,770.06
14690,88_20240828 02,730.24
14691,88_20240828 03,720.08
14692,88_20240828 04,699.46
14693,88_20240828 05,682.3
14694,88_20240828 06,780.19
14695,88_20240828 07,1058.53
14696,88_20240828 08,1360.69
14697,88_20240828 09,2548.11
14698,88_20240828 10,4344.01
14699,88_20240828 11,4686.19
14700,88_20240828 12,4809.81
14701,88_20240828 13,4702.37
14702,88_20240828 14,4669.68
14703,88_20240828 15,4754.19
14704,88_20240828 16,4586.05
14705,88_20240828 17,4496.05
14706,88_20240828 18,4453.76
14707,88_20240828 19,4387.57
14708,88_20240828 20,4219.62
14709,88_20240828 21,2390.34
14710,88_20240828 22,1341.86
14711,88_20240828 23,1091.05
14712,88_20240829 00,888.14
14713,88_20240829 01,812.82
14714,88_20240829 02,756.95
14715,88_20240829 03,719.09
14716,88_20240829 04,676.14
14717,88_20240829 05,687.97
14718,88_20240829 06,748.96
14719,88_20240829 07,1055.9
14720,88_20240829 08,1268.53
14721,88_20240829 09,2549.16
14722,88_20240829 10,4401.33
14723,88_20240829 11,4740.11
14724,88_20240829 12,4965.5
14725,88_20240829 13,4909.1
14726,88_20240829 14,4873.89
14727,88_20240829 15,5117.03
14728,88_20240829 16,4802.81
14729,88_20240829 17,4523.18
14730,88_20240829 18,4484.85
14731,88_20240829 19,4394.58
14732,88_20240829 20,4263.37
14733,88_20240829 21,2404.8
14734,88_20240829 22,1379.32
14735,88_20240829 23,1104.41
14736,88_20240830 00,914.03
14737,88_20240830 01,783.17
14738,88_20240830 02,737.47
14739,88_20240830 03,726.85
14740,88_20240830 04,701.53
14741,88_20240830 05,674.26
14742,88_20240830 06,729.76
14743,88_20240830 07,890.35
14744,88_20240830 08,1119.22
14745,88_20240830 09,2530.7
14746,88_20240830 10,4470.0
14747,88_20240830 11,4799.17
14748,88_20240830 12,5056.14
14749,88_20240830 13,5176.16
14750,88_20240830 14,5192.69
14751,88_20240830 15,5226.92
14752,88_20240830 16,4887.92
14753,88_20240830 17,5146.52
14754,88_20240830 18,4716.76
14755,88_20240830 19,4520.65
14756,88_20240830 20,4292.06
14757,88_20240830 21,2433.39
14758,88_20240830 22,1361.29
14759,88_20240830 23,1114.91
14760,88_20240831 00,896.37
14761,88_20240831 01,787.24
14762,88_20240831 02,746.07
14763,88_20240831 03,740.4
14764,88_20240831 04,705.52
14765,88_20240831 05,705.87
14766,88_20240831 06,661.04
14767,88_20240831 07,1159.37
14768,88_20240831 08,1608.8
14769,88_20240831 09,2519.07
14770,88_20240831 10,4640.94
14771,88_20240831 11,5125.17
14772,88_20240831 12,5259.63
14773,88_20240831 13,5334.59
14774,88_20240831 14,5238.66
14775,88_20240831 15,5396.93
14776,88_20240831 16,5442.3
14777,88_20240831 17,5297.13
14778,88_20240831 18,5148.98
14779,88_20240831 19,4691.35
14780,88_20240831 20,4439.02
14781,88_20240831 21,2465.14
14782,88_20240831 22,1444.61
14783,88_20240831 23,1174.54
14784,89_20240825 00,8888.62
14785,89_20240825 01,8263.66
14786,89_20240825 02,7669.49
14787,89_20240825 03,7470.52
14788,89_20240825 04,7344.18
14789,89_20240825 05,7279.9
14790,89_20240825 06,7192.41
14791,89_20240825 07,7578.96
14792,89_20240825 08,7842.4
14793,89_20240825 09,8181.24
14794,89_20240825 10,8364.5
14795,89_20240825 11,8449.53
14796,89_20240825 12,8408.46
14797,89_20240825 13,8385.4
14798,89_20240825 14,8389.02
14799,89_20240825 15,8492.14
14800,89_20240825 16,8438.25
14801,89_20240825 17,8452.22
14802,89_20240825 18,8588.62
14803,89_20240825 19,8712.87
14804,89_20240825 20,8683.85
14805,89_20240825 21,8717.64
14806,89_20240825 22,8743.54
14807,89_20240825 23,8876.48
14808,89_20240826 00,8719.07
14809,89_20240826 01,7915.9
14810,89_20240826 02,7650.26
14811,89_20240826 03,7278.95
14812,89_20240826 04,7360.94
14813,89_20240826 05,7441.27
14814,89_20240826 06,7148.69
14815,89_20240826 07,7540.45
14816,89_20240826 08,7678.27
14817,89_20240826 09,8065.48
14818,89_20240826 10,8284.6
14819,89_20240826 11,8421.63
14820,89_20240826 12,8344.36
14821,89_20240826 13,8022.33
14822,89_20240826 14,8262.28
14823,89_20240826 15,8468.59
14824,89_20240826 16,8289.61
14825,89_20240826 17,8439.58
14826,89_20240826 18,8448.05
14827,89_20240826 19,8489.75
14828,89_20240826 20,8539.38
14829,89_20240826 21,8507.07
14830,89_20240826 22,8326.67
14831,89_20240826 23,8482.88
14832,89_20240827 00,8394.42
14833,89_20240827 01,7936.69
14834,89_20240827 02,7651.27
14835,89_20240827 03,7210.46
14836,89_20240827 04,7485.48
14837,89_20240827 05,7238.33
14838,89_20240827 06,7234.38
14839,89_20240827 07,7243.49
14840,89_20240827 08,7462.74
14841,89_20240827 09,7818.56
14842,89_20240827 10,8165.64
14843,89_20240827 11,8367.98
14844,89_20240827 12,8310.11
14845,89_20240827 13,8371.29
14846,89_20240827 14,8450.42
14847,89_20240827 15,8516.41
14848,89_20240827 16,8456.25
14849,89_20240827 17,8570.73
14850,89_20240827 18,8506.8
14851,89_20240827 19,8549.03
14852,89_20240827 20,8663.71
14853,89_20240827 21,8657.61
14854,89_20240827 22,8571.79
14855,89_20240827 23,8464.68
14856,89_20240828 00,7954.84
14857,89_20240828 01,7304.22
14858,89_20240828 02,6976.9
14859,89_20240828 03,6870.4
14860,89_20240828 04,6800.41
14861,89_20240828 05,6991.71
14862,89_20240828 06,7140.05
14863,89_20240828 07,7295.56
14864,89_20240828 08,7217.84
14865,89_20240828 09,6758.74
14866,89_20240828 10,8096.94
14867,89_20240828 11,8275.61
14868,89_20240828 12,8268.57
14869,89_20240828 13,8171.66
14870,89_20240828 14,8243.27
14871,89_20240828 15,8399.13
14872,89_20240828 16,8347.41
14873,89_20240828 17,8342.41
14874,89_20240828 18,8240.0
14875,89_20240828 19,8437.51
14876,89_20240828 20,8190.07
14877,89_20240828 21,8122.92
14878,89_20240828 22,8095.37
14879,89_20240828 23,8056.55
14880,89_20240829 00,7777.48
14881,89_20240829 01,7283.87
14882,89_20240829 02,7177.75
14883,89_20240829 03,7020.58
14884,89_20240829 04,6874.8
14885,89_20240829 05,7097.05
14886,89_20240829 06,7073.56
14887,89_20240829 07,7340.26
14888,89_20240829 08,7463.24
14889,89_20240829 09,7746.35
14890,89_20240829 10,8136.49
14891,89_20240829 11,8211.45
14892,89_20240829 12,7650.1
14893,89_20240829 13,8256.75
14894,89_20240829 14,7998.95
14895,89_20240829 15,8298.03
14896,89_20240829 16,8501.67
14897,89_20240829 17,8097.76
14898,89_20240829 18,8441.54
14899,89_20240829 19,8646.29
14900,89_20240829 20,8580.88
14901,89_20240829 21,8348.77
14902,89_20240829 22,8140.67
14903,89_20240829 23,7920.2
14904,89_20240830 00,7731.36
14905,89_20240830 01,7164.83
14906,89_20240830 02,7138.09
14907,89_20240830 03,6935.81
14908,89_20240830 04,6888.11
14909,89_20240830 05,7070.04
14910,89_20240830 06,7003.31
14911,89_20240830 07,7473.35
14912,89_20240830 08,7583.82
14913,89_20240830 09,7220.03
14914,89_20240830 10,8281.4
14915,89_20240830 11,8418.9
14916,89_20240830 12,8215.72
14917,89_20240830 13,8463.13
14918,89_20240830 14,8481.3
14919,89_20240830 15,7771.57
14920,89_20240830 16,7661.06
14921,89_20240830 17,8667.97
14922,89_20240830 18,8628.61
14923,89_20240830 19,8536.68
14924,89_20240830 20,8472.44
14925,89_20240830 21,8454.23
14926,89_20240830 22,8218.21
14927,89_20240830 23,7940.91
14928,89_20240831 00,7861.87
14929,89_20240831 01,7411.89
14930,89_20240831 02,6969.74
14931,89_20240831 03,6950.86
14932,89_20240831 04,6919.19
14933,89_20240831 05,7081.6
14934,89_20240831 06,7205.44
14935,89_20240831 07,7400.34
14936,89_20240831 08,6514.13
14937,89_20240831 09,7094.52
14938,89_20240831 10,7462.04
14939,89_20240831 11,7269.14
14940,89_20240831 12,7529.38
14941,89_20240831 13,7722.5
14942,89_20240831 14,7691.93
14943,89_20240831 15,7945.15
14944,89_20240831 16,8020.37
14945,89_20240831 17,8209.56
14946,89_20240831 18,8278.62
14947,89_20240831 19,8194.06
14948,89_20240831 20,8274.59
14949,89_20240831 21,8186.63
14950,89_20240831 22,8485.36
14951,89_20240831 23,8395.19
14952,90_20240825 00,1827.2
14953,90_20240825 01,1809.64
14954,90_20240825 02,1793.85
14955,90_20240825 03,1803.15
14956,90_20240825 04,1766.72
14957,90_20240825 05,1808.09
14958,90_20240825 06,1946.1
14959,90_20240825 07,1913.56
14960,90_20240825 08,1949.27
14961,90_20240825 09,2037.27
14962,90_20240825 10,1961.16
14963,90_20240825 11,2000.6
14964,90_20240825 12,2014.0
14965,90_20240825 13,2055.59
14966,90_20240825 14,1950.89
14967,90_20240825 15,2134.1
14968,90_20240825 16,2077.14
14969,90_20240825 17,2031.57
14970,90_20240825 18,1949.14
14971,90_20240825 19,1935.67
14972,90_20240825 20,1913.62
14973,90_20240825 21,1903.46
14974,90_20240825 22,1854.2
14975,90_20240825 23,1828.84
14976,90_20240826 00,1806.93
14977,90_20240826 01,1790.43
14978,90_20240826 02,1768.93
14979,90_20240826 03,1815.7
14980,90_20240826 04,1754.18
14981,90_20240826 05,1832.73
14982,90_20240826 06,2002.8
14983,90_20240826 07,2514.04
14984,90_20240826 08,2970.75
14985,90_20240826 09,3163.3
14986,90_20240826 10,3189.62
14987,90_20240826 11,3163.03
14988,90_20240826 12,3126.39
14989,90_20240826 13,3106.41
14990,90_20240826 14,3022.1
14991,90_20240826 15,3088.02
14992,90_20240826 16,2994.97
14993,90_20240826 17,2763.41
14994,90_20240826 18,2344.17
14995,90_20240826 19,2125.21
14996,90_20240826 20,2050.84
14997,90_20240826 21,1967.92
14998,90_20240826 22,1833.28
14999,90_20240826 23,1808.45
15000,90_20240827 00,1752.3
15001,90_20240827 01,1759.17
15002,90_20240827 02,1740.96
15003,90_20240827 03,1701.5
15004,90_20240827 04,1726.42
15005,90_20240827 05,1829.84
15006,90_20240827 06,2041.46
15007,90_20240827 07,2466.26
15008,90_20240827 08,2961.54
15009,90_20240827 09,3122.29
15010,90_20240827 10,3124.36
15011,90_20240827 11,3130.57
15012,90_20240827 12,3092.9
15013,90_20240827 13,3085.72
15014,90_20240827 14,3097.15
15015,90_20240827 15,3112.17
15016,90_20240827 16,3061.25
15017,90_20240827 17,2803.37
15018,90_20240827 18,2451.38
15019,90_20240827 19,2137.73
15020,90_20240827 20,2066.36
15021,90_20240827 21,1994.46
15022,90_20240827 22,1942.32
15023,90_20240827 23,1818.24
15024,90_20240828 00,1757.68
15025,90_20240828 01,1692.88
15026,90_20240828 02,1681.09
15027,90_20240828 03,1639.02
15028,90_20240828 04,1587.05
15029,90_20240828 05,1697.13
15030,90_20240828 06,1859.7
15031,90_20240828 07,2264.4
15032,90_20240828 08,2865.87
15033,90_20240828 09,3021.91
15034,90_20240828 10,3090.44
15035,90_20240828 11,3103.7
15036,90_20240828 12,3025.55
15037,90_20240828 13,2952.06
15038,90_20240828 14,3011.68
15039,90_20240828 15,2973.53
15040,90_20240828 16,2930.37
15041,90_20240828 17,2814.18
15042,90_20240828 18,2315.37
15043,90_20240828 19,2029.28
15044,90_20240828 20,1908.84
15045,90_20240828 21,1842.38
15046,90_20240828 22,1866.77
15047,90_20240828 23,1745.73
15048,90_20240829 00,1754.84
15049,90_20240829 01,1675.51
15050,90_20240829 02,1658.26
15051,90_20240829 03,1687.86
15052,90_20240829 04,1586.57
15053,90_20240829 05,1723.57
15054,90_20240829 06,1796.09
15055,90_20240829 07,2325.32
15056,90_20240829 08,2872.54
15057,90_20240829 09,3023.65
15058,90_20240829 10,3029.17
15059,90_20240829 11,2863.88
15060,90_20240829 12,2832.12
15061,90_20240829 13,2564.82
15062,90_20240829 14,2485.25
15063,90_20240829 15,2833.31
15064,90_20240829 16,2833.53
15065,90_20240829 17,2730.42
15066,90_20240829 18,2383.75
15067,90_20240829 19,2098.73
15068,90_20240829 20,1957.51
15069,90_20240829 21,1819.5
15070,90_20240829 22,1778.82
15071,90_20240829 23,1717.39
15072,90_20240830 00,1665.78
15073,90_20240830 01,1633.97
15074,90_20240830 02,1725.38
15075,90_20240830 03,1648.09
15076,90_20240830 04,1597.48
15077,90_20240830 05,1730.7
15078,90_20240830 06,1878.2
15079,90_20240830 07,2352.82
15080,90_20240830 08,2929.04
15081,90_20240830 09,3026.06
15082,90_20240830 10,3112.68
15083,90_20240830 11,3098.75
15084,90_20240830 12,2975.6
15085,90_20240830 13,3008.82
15086,90_20240830 14,2993.29
15087,90_20240830 15,2950.53
15088,90_20240830 16,2891.86
15089,90_20240830 17,2814.66
15090,90_20240830 18,2420.06
15091,90_20240830 19,2136.28
15092,90_20240830 20,2052.24
15093,90_20240830 21,1991.76
15094,90_20240830 22,1909.48
15095,90_20240830 23,1851.79
15096,90_20240831 00,1734.87
15097,90_20240831 01,1629.92
15098,90_20240831 02,1618.4
15099,90_20240831 03,1625.49
15100,90_20240831 04,1573.13
15101,90_20240831 05,1648.01
15102,90_20240831 06,1714.8
15103,90_20240831 07,1861.93
15104,90_20240831 08,1890.46
15105,90_20240831 09,2049.67
15106,90_20240831 10,2062.06
15107,90_20240831 11,2038.77
15108,90_20240831 12,2125.58
15109,90_20240831 13,2133.68
15110,90_20240831 14,2110.98
15111,90_20240831 15,2125.02
15112,90_20240831 16,2173.64
15113,90_20240831 17,2085.02
15114,90_20240831 18,1976.99
15115,90_20240831 19,1922.88
15116,90_20240831 20,1935.5
15117,90_20240831 21,1908.96
15118,90_20240831 22,1841.58
15119,90_20240831 23,1741.19
15120,91_20240825 00,1970.12
15121,91_20240825 01,1638.56
15122,91_20240825 02,1511.05
15123,91_20240825 03,1428.63
15124,91_20240825 04,1391.29
15125,91_20240825 05,1324.25
15126,91_20240825 06,1349.42
15127,91_20240825 07,1436.09
15128,91_20240825 08,1625.03
15129,91_20240825 09,1752.42
15130,91_20240825 10,1965.37
15131,91_20240825 11,2157.02
15132,91_20240825 12,2296.38
15133,91_20240825 13,2154.86
15134,91_20240825 14,2417.28
15135,91_20240825 15,2313.97
15136,91_20240825 16,2364.29
15137,91_20240825 17,2453.28
15138,91_20240825 18,2504.01
15139,91_20240825 19,2623.57
15140,91_20240825 20,2648.26
15141,91_20240825 21,2384.78
15142,91_20240825 22,2258.61
15143,91_20240825 23,2198.19
15144,91_20240826 00,1852.05
15145,91_20240826 01,1601.63
15146,91_20240826 02,1421.73
15147,91_20240826 03,1314.28
15148,91_20240826 04,1348.01
15149,91_20240826 05,1287.39
15150,91_20240826 06,1320.66
15151,91_20240826 07,1494.57
15152,91_20240826 08,1613.92
15153,91_20240826 09,1598.06
15154,91_20240826 10,1630.01
15155,91_20240826 11,1726.0
15156,91_20240826 12,1836.84
15157,91_20240826 13,1987.95
15158,91_20240826 14,1875.3
15159,91_20240826 15,1912.3
15160,91_20240826 16,1989.05
15161,91_20240826 17,2128.79
15162,91_20240826 18,2327.98
15163,91_20240826 19,2027.86
15164,91_20240826 20,2193.55
15165,91_20240826 21,2130.45
15166,91_20240826 22,2039.38
15167,91_20240826 23,1897.51
15168,91_20240827 00,1671.65
15169,91_20240827 01,1440.21
15170,91_20240827 02,1370.66
15171,91_20240827 03,1246.16
15172,91_20240827 04,1238.02
15173,91_20240827 05,1254.42
15174,91_20240827 06,1253.75
15175,91_20240827 07,1499.68
15176,91_20240827 08,1474.91
15177,91_20240827 09,1456.17
15178,91_20240827 10,1491.05
15179,91_20240827 11,1463.75
15180,91_20240827 12,1575.23
15181,91_20240827 13,1523.93
15182,91_20240827 14,1832.3
15183,91_20240827 15,1800.95
15184,91_20240827 16,1662.55
15185,91_20240827 17,1740.38
15186,91_20240827 18,2085.59
15187,91_20240827 19,2425.79
15188,91_20240827 20,2184.94
15189,91_20240827 21,2446.51
15190,91_20240827 22,2130.29
15191,91_20240827 23,1891.82
15192,91_20240828 00,1635.57
15193,91_20240828 01,1425.24
15194,91_20240828 02,1235.21
15195,91_20240828 03,1108.6
15196,91_20240828 04,998.6
15197,91_20240828 05,996.6
15198,91_20240828 06,1041.88
15199,91_20240828 07,1179.0
15200,91_20240828 08,1327.26
15201,91_20240828 09,1379.03
15202,91_20240828 10,1647.78
15203,91_20240828 11,1751.44
15204,91_20240828 12,1827.69
15205,91_20240828 13,1904.93
15206,91_20240828 14,1915.32
15207,91_20240828 15,1924.52
15208,91_20240828 16,2023.32
15209,91_20240828 17,2071.26
15210,91_20240828 18,2176.38
15211,91_20240828 19,2268.09
15212,91_20240828 20,2187.72
15213,91_20240828 21,2054.28
15214,91_20240828 22,1853.97
15215,91_20240828 23,1814.99
15216,91_20240829 00,1570.47
15217,91_20240829 01,1411.45
15218,91_20240829 02,1205.85
15219,91_20240829 03,1152.87
15220,91_20240829 04,1155.46
15221,91_20240829 05,1142.85
15222,91_20240829 06,1185.45
15223,91_20240829 07,1312.17
15224,91_20240829 08,1476.61
15225,91_20240829 09,1573.16
15226,91_20240829 10,1680.2
15227,91_20240829 11,1792.32
15228,91_20240829 12,1808.17
15229,91_20240829 13,1805.23
15230,91_20240829 14,1589.02
15231,91_20240829 15,1739.17
15232,91_20240829 16,1860.49
15233,91_20240829 17,1665.04
15234,91_20240829 18,2190.86
15235,91_20240829 19,2501.03
15236,91_20240829 20,2629.05
15237,91_20240829 21,2417.5
15238,91_20240829 22,2289.89
15239,91_20240829 23,2049.91
15240,91_20240830 00,1648.41
15241,91_20240830 01,1405.08
15242,91_20240830 02,1240.45
15243,91_20240830 03,1221.34
15244,91_20240830 04,1198.96
15245,91_20240830 05,1208.81
15246,91_20240830 06,1139.05
15247,91_20240830 07,1209.64
15248,91_20240830 08,1430.1
15249,91_20240830 09,1517.91
15250,91_20240830 10,1499.73
15251,91_20240830 11,1576.23
15252,91_20240830 12,1607.64
15253,91_20240830 13,1532.24
15254,91_20240830 14,1605.47
15255,91_20240830 15,1802.39
15256,91_20240830 16,1833.29
15257,91_20240830 17,2003.42
15258,91_20240830 18,1960.07
15259,91_20240830 19,2148.67
15260,91_20240830 20,2015.58
15261,91_20240830 21,1974.52
15262,91_20240830 22,1958.44
15263,91_20240830 23,1704.94
15264,91_20240831 00,1536.58
15265,91_20240831 01,1358.82
15266,91_20240831 02,1193.14
15267,91_20240831 03,1120.38
15268,91_20240831 04,1059.77
15269,91_20240831 05,1028.2
15270,91_20240831 06,1052.91
15271,91_20240831 07,1155.37
15272,91_20240831 08,1359.01
15273,91_20240831 09,1391.61
15274,91_20240831 10,1535.76
15275,91_20240831 11,1542.15
15276,91_20240831 12,1505.67
15277,91_20240831 13,1623.11
15278,91_20240831 14,1662.38
15279,91_20240831 15,1718.95
15280,91_20240831 16,1758.67
15281,91_20240831 17,2012.55
15282,91_20240831 18,1755.8
15283,91_20240831 19,1894.09
15284,91_20240831 20,1874.4
15285,91_20240831 21,1870.17
15286,91_20240831 22,1817.68
15287,91_20240831 23,1863.79
15288,92_20240825 00,278.25
15289,92_20240825 01,281.36
15290,92_20240825 02,284.39
15291,92_20240825 03,284.58
15292,92_20240825 04,304.84
15293,92_20240825 05,491.47
15294,92_20240825 06,490.88
15295,92_20240825 07,720.47
15296,92_20240825 08,774.97
15297,92_20240825 09,805.82
15298,92_20240825 10,783.08
15299,92_20240825 11,823.12
15300,92_20240825 12,829.89
15301,92_20240825 13,757.69
15302,92_20240825 14,818.64
15303,92_20240825 15,770.05
15304,92_20240825 16,630.25
15305,92_20240825 17,500.32
15306,92_20240825 18,312.64
15307,92_20240825 19,290.59
15308,92_20240825 20,291.43
15309,92_20240825 21,296.42
15310,92_20240825 22,301.14
15311,92_20240825 23,279.18
15312,92_20240826 00,284.6
15313,92_20240826 01,282.07
15314,92_20240826 02,281.02
15315,92_20240826 03,285.68
15316,92_20240826 04,308.22
15317,92_20240826 05,494.23
15318,92_20240826 06,501.5
15319,92_20240826 07,750.48
15320,92_20240826 08,788.14
15321,92_20240826 09,813.46
15322,92_20240826 10,821.59
15323,92_20240826 11,821.43
15324,92_20240826 12,844.47
15325,92_20240826 13,807.53
15326,92_20240826 14,826.43
15327,92_20240826 15,744.69
15328,92_20240826 16,602.89
15329,92_20240826 17,470.33
15330,92_20240826 18,310.77
15331,92_20240826 19,289.15
15332,92_20240826 20,294.84
15333,92_20240826 21,295.77
15334,92_20240826 22,295.02
15335,92_20240826 23,289.1
15336,92_20240827 00,281.56
15337,92_20240827 01,283.7
15338,92_20240827 02,285.77
15339,92_20240827 03,282.68
15340,92_20240827 04,303.98
15341,92_20240827 05,475.09
15342,92_20240827 06,492.98
15343,92_20240827 07,646.37
15344,92_20240827 08,663.9
15345,92_20240827 09,667.95
15346,92_20240827 10,660.31
15347,92_20240827 11,650.34
15348,92_20240827 12,652.41
15349,92_20240827 13,668.58
15350,92_20240827 14,692.54
15351,92_20240827 15,650.43
15352,92_20240827 16,535.47
15353,92_20240827 17,435.75
15354,92_20240827 18,295.15
15355,92_20240827 19,275.61
15356,92_20240827 20,282.69
15357,92_20240827 21,289.75
15358,92_20240827 22,286.37
15359,92_20240827 23,282.29
15360,92_20240828 00,268.33
15361,92_20240828 01,267.42
15362,92_20240828 02,268.5
15363,92_20240828 03,264.6
15364,92_20240828 04,280.79
15365,92_20240828 05,438.2
15366,92_20240828 06,436.31
15367,92_20240828 07,613.18
15368,92_20240828 08,648.2
15369,92_20240828 09,683.81
15370,92_20240828 10,713.64
15371,92_20240828 11,709.53
15372,92_20240828 12,740.89
15373,92_20240828 13,758.83
15374,92_20240828 14,718.57
15375,92_20240828 15,679.21
15376,92_20240828 16,572.74
15377,92_20240828 17,447.37
15378,92_20240828 18,311.48
15379,92_20240828 19,283.86
15380,92_20240828 20,284.16
15381,92_20240828 21,288.88
15382,92_20240828 22,287.22
15383,92_20240828 23,278.73
15384,92_20240829 00,279.51
15385,92_20240829 01,274.13
15386,92_20240829 02,274.19
15387,92_20240829 03,275.21
15388,92_20240829 04,292.76
15389,92_20240829 05,467.12
15390,92_20240829 06,439.48
15391,92_20240829 07,609.91
15392,92_20240829 08,668.01
15393,92_20240829 09,699.08
15394,92_20240829 10,731.22
15395,92_20240829 11,740.81
15396,92_20240829 12,766.32
15397,92_20240829 13,771.15
15398,92_20240829 14,777.82
15399,92_20240829 15,746.31
15400,92_20240829 16,626.2
15401,92_20240829 17,494.8
15402,92_20240829 18,323.72
15403,92_20240829 19,290.34
15404,92_20240829 20,291.58
15405,92_20240829 21,288.55
15406,92_20240829 22,291.31
15407,92_20240829 23,284.24
15408,92_20240830 00,278.09
15409,92_20240830 01,276.01
15410,92_20240830 02,275.5
15411,92_20240830 03,274.99
15412,92_20240830 04,293.98
15413,92_20240830 05,447.81
15414,92_20240830 06,442.5
15415,92_20240830 07,623.43
15416,92_20240830 08,661.81
15417,92_20240830 09,700.85
15418,92_20240830 10,728.23
15419,92_20240830 11,757.27
15420,92_20240830 12,770.32
15421,92_20240830 13,749.74
15422,92_20240830 14,809.12
15423,92_20240830 15,743.5
15424,92_20240830 16,586.63
15425,92_20240830 17,473.69
15426,92_20240830 18,310.1
15427,92_20240830 19,280.84
15428,92_20240830 20,286.89
15429,92_20240830 21,290.85
15430,92_20240830 22,290.65
15431,92_20240830 23,283.1
15432,92_20240831 00,274.5
15433,92_20240831 01,267.84
15434,92_20240831 02,269.83
15435,92_20240831 03,270.26
15436,92_20240831 04,292.01
15437,92_20240831 05,431.42
15438,92_20240831 06,421.41
15439,92_20240831 07,596.16
15440,92_20240831 08,641.7
15441,92_20240831 09,684.17
15442,92_20240831 10,690.63
15443,92_20240831 11,712.61
15444,92_20240831 12,745.92
15445,92_20240831 13,751.16
15446,92_20240831 14,761.61
15447,92_20240831 15,685.71
15448,92_20240831 16,565.56
15449,92_20240831 17,472.14
15450,92_20240831 18,306.8
15451,92_20240831 19,279.42
15452,92_20240831 20,282.69
15453,92_20240831 21,283.75
15454,92_20240831 22,283.95
15455,92_20240831 23,283.66
15456,93_20240825 00,1465.1
15457,93_20240825 01,1274.43
15458,93_20240825 02,1119.96
15459,93_20240825 03,1069.51
15460,93_20240825 04,1016.69
15461,93_20240825 05,1003.95
15462,93_20240825 06,986.32
15463,93_20240825 07,1153.7
15464,93_20240825 08,1301.2
15465,93_20240825 09,1504.51
15466,93_20240825 10,1748.74
15467,93_20240825 11,1983.03
15468,93_20240825 12,2169.83
15469,93_20240825 13,2255.52
15470,93_20240825 14,1994.25
15471,93_20240825 15,1902.38
15472,93_20240825 16,1933.07
15473,93_20240825 17,2176.06
15474,93_20240825 18,2225.1
15475,93_20240825 19,2499.89
15476,93_20240825 20,2439.39
15477,93_20240825 21,2307.71
15478,93_20240825 22,2083.32
15479,93_20240825 23,1768.83
15480,93_20240826 00,1494.8
15481,93_20240826 01,1316.13
15482,93_20240826 02,1201.94
15483,93_20240826 03,1130.2
15484,93_20240826 04,1091.26
15485,93_20240826 05,1038.6
15486,93_20240826 06,1141.86
15487,93_20240826 07,1280.33
15488,93_20240826 08,1423.32
15489,93_20240826 09,1523.36
15490,93_20240826 10,1517.65
15491,93_20240826 11,1801.07
15492,93_20240826 12,1864.73
15493,93_20240826 13,1882.6
15494,93_20240826 14,1795.83
15495,93_20240826 15,1814.61
15496,93_20240826 16,1840.87
15497,93_20240826 17,2067.24
15498,93_20240826 18,2204.31
15499,93_20240826 19,2410.83
15500,93_20240826 20,2405.16
15501,93_20240826 21,2434.65
15502,93_20240826 22,2219.76
15503,93_20240826 23,1945.53
15504,93_20240827 00,1672.92
15505,93_20240827 01,1430.7
15506,93_20240827 02,1317.36
15507,93_20240827 03,1221.83
15508,93_20240827 04,1191.43
15509,93_20240827 05,1182.78
15510,93_20240827 06,1239.13
15511,93_20240827 07,1375.39
15512,93_20240827 08,1464.22
15513,93_20240827 09,1512.78
15514,93_20240827 10,1395.72
15515,93_20240827 11,1336.73
15516,93_20240827 12,1347.97
15517,93_20240827 13,1413.47
15518,93_20240827 14,1465.74
15519,93_20240827 15,1429.09
15520,93_20240827 16,1561.35
15521,93_20240827 17,1681.4
15522,93_20240827 18,1866.44
15523,93_20240827 19,1889.57
15524,93_20240827 20,1903.27
15525,93_20240827 21,1911.71
15526,93_20240827 22,1772.42
15527,93_20240827 23,1524.94
15528,93_20240828 00,1266.39
15529,93_20240828 01,1080.23
15530,93_20240828 02,983.05
15531,93_20240828 03,919.1
15532,93_20240828 04,912.71
15533,93_20240828 05,889.75
15534,93_20240828 06,951.0
15535,93_20240828 07,1172.84
15536,93_20240828 08,1153.5
15537,93_20240828 09,1169.14
15538,93_20240828 10,1193.11
15539,93_20240828 11,1243.31
15540,93_20240828 12,1328.5
15541,93_20240828 13,1552.42
15542,93_20240828 14,1677.32
15543,93_20240828 15,1681.96
15544,93_20240828 16,1810.69
15545,93_20240828 17,1900.02
15546,93_20240828 18,2017.33
15547,93_20240828 19,2074.21
15548,93_20240828 20,2048.86
15549,93_20240828 21,2007.28
15550,93_20240828 22,1773.78
15551,93_20240828 23,1513.63
15552,93_20240829 00,1256.68
15553,93_20240829 01,1100.12
15554,93_20240829 02,1030.19
15555,93_20240829 03,973.11
15556,93_20240829 04,950.95
15557,93_20240829 05,951.37
15558,93_20240829 06,969.72
15559,93_20240829 07,1165.61
15560,93_20240829 08,1228.92
15561,93_20240829 09,1258.9
15562,93_20240829 10,1271.21
15563,93_20240829 11,1507.21
15564,93_20240829 12,1562.45
15565,93_20240829 13,1815.47
15566,93_20240829 14,1734.73
15567,93_20240829 15,1765.08
15568,93_20240829 16,1829.52
15569,93_20240829 17,2017.58
15570,93_20240829 18,2004.41
15571,93_20240829 19,2090.85
15572,93_20240829 20,2036.41
15573,93_20240829 21,1990.35
15574,93_20240829 22,1837.52
15575,93_20240829 23,1577.63
15576,93_20240830 00,1368.41
15577,93_20240830 01,1169.13
15578,93_20240830 02,1066.09
15579,93_20240830 03,1015.08
15580,93_20240830 04,961.75
15581,93_20240830 05,956.0
15582,93_20240830 06,1020.17
15583,93_20240830 07,1276.53
15584,93_20240830 08,1293.15
15585,93_20240830 09,1284.01
15586,93_20240830 10,1456.47
15587,93_20240830 11,1892.74
15588,93_20240830 12,1963.89
15589,93_20240830 13,1665.94
15590,93_20240830 14,1692.89
15591,93_20240830 15,1941.26
15592,93_20240830 16,2039.77
15593,93_20240830 17,1987.01
15594,93_20240830 18,1926.19
15595,93_20240830 19,1893.87
15596,93_20240830 20,1991.06
15597,93_20240830 21,1919.13
15598,93_20240830 22,1832.46
15599,93_20240830 23,1575.99
15600,93_20240831 00,1357.18
15601,93_20240831 01,1212.13
15602,93_20240831 02,1096.63
15603,93_20240831 03,1078.64
15604,93_20240831 04,1072.19
15605,93_20240831 05,988.8
15606,93_20240831 06,1011.01
15607,93_20240831 07,1183.88
15608,93_20240831 08,1247.78
15609,93_20240831 09,1355.38
15610,93_20240831 10,1400.38
15611,93_20240831 11,1409.96
15612,93_20240831 12,1439.9
15613,93_20240831 13,1441.99
15614,93_20240831 14,1784.38
15615,93_20240831 15,1625.1
15616,93_20240831 16,1598.54
15617,93_20240831 17,1681.63
15618,93_20240831 18,1758.42
15619,93_20240831 19,1957.63
15620,93_20240831 20,1823.9
15621,93_20240831 21,1767.45
15622,93_20240831 22,1740.81
15623,93_20240831 23,1454.7
15624,94_20240825 00,1375.54
15625,94_20240825 01,1368.1
15626,94_20240825 02,1357.9
15627,94_20240825 03,1357.69
15628,94_20240825 04,1356.62
15629,94_20240825 05,1352.3
15630,94_20240825 06,1338.02
15631,94_20240825 07,1344.4
15632,94_20240825 08,1366.68
15633,94_20240825 09,1388.48
15634,94_20240825 10,1280.39
15635,94_20240825 11,1310.01
15636,94_20240825 12,1080.38
15637,94_20240825 13,1537.76
15638,94_20240825 14,1546.15
15639,94_20240825 15,1471.04
15640,94_20240825 16,1345.82
15641,94_20240825 17,1446.42
15642,94_20240825 18,1395.06
15643,94_20240825 19,1406.89
15644,94_20240825 20,1434.5
15645,94_20240825 21,1418.04
15646,94_20240825 22,1422.38
15647,94_20240825 23,1379.75
15648,94_20240826 00,1499.99
15649,94_20240826 01,1463.56
15650,94_20240826 02,1444.69
15651,94_20240826 03,1434.87
15652,94_20240826 04,1438.76
15653,94_20240826 05,1416.6
15654,94_20240826 06,1465.0
15655,94_20240826 07,1589.75
15656,94_20240826 08,1643.96
15657,94_20240826 09,2098.35
15658,94_20240826 10,2211.8
15659,94_20240826 11,2370.27
15660,94_20240826 12,2471.09
15661,94_20240826 13,2507.4
15662,94_20240826 14,2504.45
15663,94_20240826 15,2616.47
15664,94_20240826 16,2415.01
15665,94_20240826 17,2496.99
15666,94_20240826 18,2114.73
15667,94_20240826 19,1933.37
15668,94_20240826 20,1890.35
15669,94_20240826 21,1865.15
15670,94_20240826 22,1817.37
15671,94_20240826 23,1718.26
15672,94_20240827 00,1743.31
15673,94_20240827 01,1706.42
15674,94_20240827 02,1702.14
15675,94_20240827 03,1718.91
15676,94_20240827 04,1725.53
15677,94_20240827 05,1716.14
15678,94_20240827 06,1721.42
15679,94_20240827 07,1816.65
15680,94_20240827 08,1908.04
15681,94_20240827 09,2274.31
15682,94_20240827 10,2306.39
15683,94_20240827 11,2371.91
15684,94_20240827 12,2386.09
15685,94_20240827 13,2476.46
15686,94_20240827 14,2523.92
15687,94_20240827 15,2420.31
15688,94_20240827 16,2394.7
15689,94_20240827 17,2354.74
15690,94_20240827 18,2208.42
15691,94_20240827 19,1954.48
15692,94_20240827 20,1890.21
15693,94_20240827 21,1808.68
15694,94_20240827 22,1779.41
15695,94_20240827 23,1715.1
15696,94_20240828 00,1647.36
15697,94_20240828 01,1564.11
15698,94_20240828 02,1578.24
15699,94_20240828 03,1498.42
15700,94_20240828 04,1491.67
15701,94_20240828 05,1510.39
15702,94_20240828 06,1534.53
15703,94_20240828 07,1558.67
15704,94_20240828 08,1740.09
15705,94_20240828 09,2036.55
15706,94_20240828 10,2275.33
15707,94_20240828 11,2333.64
15708,94_20240828 12,2330.0
15709,94_20240828 13,2427.73
15710,94_20240828 14,2397.89
15711,94_20240828 15,2376.68
15712,94_20240828 16,2395.2
15713,94_20240828 17,2336.91
15714,94_20240828 18,2262.95
15715,94_20240828 19,1944.77
15716,94_20240828 20,1871.82
15717,94_20240828 21,1870.59
15718,94_20240828 22,1835.68
15719,94_20240828 23,1696.95
15720,94_20240829 00,1636.25
15721,94_20240829 01,1619.83
15722,94_20240829 02,1554.62
15723,94_20240829 03,1523.65
15724,94_20240829 04,1519.58
15725,94_20240829 05,1532.59
15726,94_20240829 06,1530.78
15727,94_20240829 07,1638.8
15728,94_20240829 08,1769.8
15729,94_20240829 09,1930.83
15730,94_20240829 10,2222.0
15731,94_20240829 11,2287.09
15732,94_20240829 12,2160.67
15733,94_20240829 13,2198.76
15734,94_20240829 14,2220.99
15735,94_20240829 15,2214.08
15736,94_20240829 16,2227.16
15737,94_20240829 17,2134.5
15738,94_20240829 18,2070.25
15739,94_20240829 19,1846.02
15740,94_20240829 20,1790.56
15741,94_20240829 21,1805.87
15742,94_20240829 22,1732.5
15743,94_20240829 23,1643.0
15744,94_20240830 00,1619.62
15745,94_20240830 01,1590.14
15746,94_20240830 02,1539.78
15747,94_20240830 03,1523.31
15748,94_20240830 04,1529.05
15749,94_20240830 05,1521.83
15750,94_20240830 06,1546.92
15751,94_20240830 07,1646.53
15752,94_20240830 08,1727.86
15753,94_20240830 09,1940.52
15754,94_20240830 10,2163.67
15755,94_20240830 11,2261.23
15756,94_20240830 12,2070.04
15757,94_20240830 13,2100.24
15758,94_20240830 14,2118.95
15759,94_20240830 15,2120.36
15760,94_20240830 16,2114.19
15761,94_20240830 17,2029.78
15762,94_20240830 18,1943.71
15763,94_20240830 19,1546.44
15764,94_20240830 20,1557.11
15765,94_20240830 21,1552.1
15766,94_20240830 22,1564.36
15767,94_20240830 23,1566.27
15768,94_20240831 00,1411.85
15769,94_20240831 01,1425.15
15770,94_20240831 02,1403.62
15771,94_20240831 03,1492.04
15772,94_20240831 04,1453.05
15773,94_20240831 05,1426.36
15774,94_20240831 06,1395.1
15775,94_20240831 07,1473.19
15776,94_20240831 08,1398.69
15777,94_20240831 09,1300.12
15778,94_20240831 10,1375.12
15779,94_20240831 11,1487.6
15780,94_20240831 12,1538.34
15781,94_20240831 13,1520.15
15782,94_20240831 14,1553.49
15783,94_20240831 15,1523.84
15784,94_20240831 16,1588.06
15785,94_20240831 17,1548.77
15786,94_20240831 18,1630.57
15787,94_20240831 19,1494.03
15788,94_20240831 20,1512.09
15789,94_20240831 21,1451.88
15790,94_20240831 22,1407.65
15791,94_20240831 23,1341.68
15792,95_20240825 00,1711.43
15793,95_20240825 01,1623.56
15794,95_20240825 02,1412.68
15795,95_20240825 03,1365.91
15796,95_20240825 04,798.38
15797,95_20240825 05,553.81
15798,95_20240825 06,574.61
15799,95_20240825 07,640.8
15800,95_20240825 08,928.64
15801,95_20240825 09,1692.38
15802,95_20240825 10,3134.23
15803,95_20240825 11,3674.75
15804,95_20240825 12,4075.7
15805,95_20240825 13,4508.29
15806,95_20240825 14,4466.41
15807,95_20240825 15,4616.55
15808,95_20240825 16,4593.47
15809,95_20240825 17,4798.4
15810,95_20240825 18,4560.6
15811,95_20240825 19,3936.04
15812,95_20240825 20,2244.59
15813,95_20240825 21,1049.85
15814,95_20240825 22,1586.6
15815,95_20240825 23,1864.9
15816,95_20240826 00,1743.08
15817,95_20240826 01,1553.25
15818,95_20240826 02,1324.52
15819,95_20240826 03,1087.37
15820,95_20240826 04,730.12
15821,95_20240826 05,549.78
15822,95_20240826 06,535.3
15823,95_20240826 07,575.29
15824,95_20240826 08,832.3
15825,95_20240826 09,1349.34
15826,95_20240826 10,2867.57
15827,95_20240826 11,1745.07
15828,95_20240826 12,2000.25
15829,95_20240826 13,2010.14
15830,95_20240826 14,1490.96
15831,95_20240826 15,2122.05
15832,95_20240826 16,2713.86
15833,95_20240826 17,2622.62
15834,95_20240826 18,2497.66
15835,95_20240826 19,1869.29
15836,95_20240826 20,1307.78
15837,95_20240826 21,816.18
15838,95_20240826 22,1352.47
15839,95_20240826 23,1827.1
15840,95_20240827 00,2184.8
15841,95_20240827 01,1834.08
15842,95_20240827 02,1600.99
15843,95_20240827 03,1339.62
15844,95_20240827 04,776.73
15845,95_20240827 05,554.17
15846,95_20240827 06,563.88
15847,95_20240827 07,640.82
15848,95_20240827 08,877.86
15849,95_20240827 09,1705.02
15850,95_20240827 10,3101.66
15851,95_20240827 11,3537.84
15852,95_20240827 12,3760.18
15853,95_20240827 13,3905.35
15854,95_20240827 14,3948.79
15855,95_20240827 15,4152.43
15856,95_20240827 16,3993.26
15857,95_20240827 17,4082.62
15858,95_20240827 18,3993.74
15859,95_20240827 19,3310.73
15860,95_20240827 20,1662.54
15861,95_20240827 21,908.97
15862,95_20240827 22,1720.24
15863,95_20240827 23,2001.01
15864,95_20240828 00,1956.41
15865,95_20240828 01,1788.7
15866,95_20240828 02,1547.57
15867,95_20240828 03,1281.5
15868,95_20240828 04,742.48
15869,95_20240828 05,497.7
15870,95_20240828 06,542.91
15871,95_20240828 07,584.84
15872,95_20240828 08,868.67
15873,95_20240828 09,1728.55
15874,95_20240828 10,3094.95
15875,95_20240828 11,3514.19
15876,95_20240828 12,3886.76
15877,95_20240828 13,4197.33
15878,95_20240828 14,4451.49
15879,95_20240828 15,4415.63
15880,95_20240828 16,4306.93
15881,95_20240828 17,4269.56
15882,95_20240828 18,4093.06
15883,95_20240828 19,3442.74
15884,95_20240828 20,1741.75
15885,95_20240828 21,928.47
15886,95_20240828 22,1723.11
15887,95_20240828 23,2032.44
15888,95_20240829 00,2006.05
15889,95_20240829 01,1819.21
15890,95_20240829 02,1523.8
15891,95_20240829 03,1341.04
15892,95_20240829 04,788.62
15893,95_20240829 05,519.37
15894,95_20240829 06,528.17
15895,95_20240829 07,616.16
15896,95_20240829 08,888.5
15897,95_20240829 09,1747.96
15898,95_20240829 10,3227.07
15899,95_20240829 11,3657.49
15900,95_20240829 12,4069.63
15901,95_20240829 13,4421.3
15902,95_20240829 14,4486.42
15903,95_20240829 15,4437.2
15904,95_20240829 16,4478.92
15905,95_20240829 17,4451.03
15906,95_20240829 18,4245.9
15907,95_20240829 19,3487.89
15908,95_20240829 20,1817.44
15909,95_20240829 21,959.22
15910,95_20240829 22,1714.94
15911,95_20240829 23,2038.23
15912,95_20240830 00,1948.06
15913,95_20240830 01,1870.36
15914,95_20240830 02,1645.85
15915,95_20240830 03,1420.97
15916,95_20240830 04,836.26
15917,95_20240830 05,516.56
15918,95_20240830 06,528.15
15919,95_20240830 07,630.22
15920,95_20240830 08,897.41
15921,95_20240830 09,1732.86
15922,95_20240830 10,3267.58
15923,95_20240830 11,3180.24
15924,95_20240830 12,4280.93
15925,95_20240830 13,4424.92
15926,95_20240830 14,4467.95
15927,95_20240830 15,4546.27
15928,95_20240830 16,4576.14
15929,95_20240830 17,4436.01
15930,95_20240830 18,4156.11
15931,95_20240830 19,3715.37
15932,95_20240830 20,2128.1
15933,95_20240830 21,1024.02
15934,95_20240830 22,1829.19
15935,95_20240830 23,2096.84
15936,95_20240831 00,1914.76
15937,95_20240831 01,1812.31
15938,95_20240831 02,1478.97
15939,95_20240831 03,1403.32
15940,95_20240831 04,821.92
15941,95_20240831 05,521.26
15942,95_20240831 06,521.03
15943,95_20240831 07,618.59
15944,95_20240831 08,855.74
15945,95_20240831 09,1712.41
15946,95_20240831 10,3080.32
15947,95_20240831 11,3475.08
15948,95_20240831 12,3809.68
15949,95_20240831 13,4121.44
15950,95_20240831 14,4338.05
15951,95_20240831 15,4306.25
15952,95_20240831 16,4371.44
15953,95_20240831 17,4400.87
15954,95_20240831 18,4256.14
15955,95_20240831 19,3876.94
15956,95_20240831 20,2235.62
15957,95_20240831 21,1040.44
15958,95_20240831 22,1768.65
15959,95_20240831 23,1961.29
15960,96_20240825 00,1206.02
15961,96_20240825 01,999.54
15962,96_20240825 02,887.86
15963,96_20240825 03,808.13
15964,96_20240825 04,743.07
15965,96_20240825 05,693.54
15966,96_20240825 06,674.23
15967,96_20240825 07,719.1
15968,96_20240825 08,816.37
15969,96_20240825 09,933.55
15970,96_20240825 10,982.06
15971,96_20240825 11,1072.87
15972,96_20240825 12,1081.65
15973,96_20240825 13,1177.57
15974,96_20240825 14,1164.22
15975,96_20240825 15,1247.86
15976,96_20240825 16,1374.47
15977,96_20240825 17,1378.09
15978,96_20240825 18,1448.52
15979,96_20240825 19,1548.05
15980,96_20240825 20,1617.43
15981,96_20240825 21,1567.06
15982,96_20240825 22,1538.52
15983,96_20240825 23,1497.42
15984,96_20240826 00,1234.77
15985,96_20240826 01,1032.45
15986,96_20240826 02,889.57
15987,96_20240826 03,820.19
15988,96_20240826 04,758.1
15989,96_20240826 05,734.37
15990,96_20240826 06,764.41
15991,96_20240826 07,827.71
15992,96_20240826 08,900.23
15993,96_20240826 09,863.34
15994,96_20240826 10,836.72
15995,96_20240826 11,738.03
15996,96_20240826 12,765.6
15997,96_20240826 13,772.92
15998,96_20240826 14,676.5
15999,96_20240826 15,755.23
16000,96_20240826 16,840.94
16001,96_20240826 17,1015.57
16002,96_20240826 18,1201.24
16003,96_20240826 19,1265.15
16004,96_20240826 20,1457.1
16005,96_20240826 21,1559.58
16006,96_20240826 22,1451.85
16007,96_20240826 23,1422.33
16008,96_20240827 00,1236.28
16009,96_20240827 01,1028.55
16010,96_20240827 02,886.68
16011,96_20240827 03,807.79
16012,96_20240827 04,731.45
16013,96_20240827 05,713.43
16014,96_20240827 06,688.84
16015,96_20240827 07,695.3
16016,96_20240827 08,656.88
16017,96_20240827 09,705.93
16018,96_20240827 10,638.02
16019,96_20240827 11,601.86
16020,96_20240827 12,561.94
16021,96_20240827 13,506.58
16022,96_20240827 14,585.37
16023,96_20240827 15,631.74
16024,96_20240827 16,771.93
16025,96_20240827 17,828.06
16026,96_20240827 18,971.98
16027,96_20240827 19,1205.43
16028,96_20240827 20,1300.25
16029,96_20240827 21,1280.61
16030,96_20240827 22,1183.25
16031,96_20240827 23,1150.68
16032,96_20240828 00,1002.12
16033,96_20240828 01,800.25
16034,96_20240828 02,702.76
16035,96_20240828 03,633.13
16036,96_20240828 04,611.24
16037,96_20240828 05,595.74
16038,96_20240828 06,627.79
16039,96_20240828 07,685.41
16040,96_20240828 08,675.07
16041,96_20240828 09,658.27
16042,96_20240828 10,627.51
16043,96_20240828 11,584.17
16044,96_20240828 12,624.02
16045,96_20240828 13,747.78
16046,96_20240828 14,611.97
16047,96_20240828 15,704.94
16048,96_20240828 16,782.88
16049,96_20240828 17,895.93
16050,96_20240828 18,1041.07
16051,96_20240828 19,1235.58
16052,96_20240828 20,1411.94
16053,96_20240828 21,1439.39
16054,96_20240828 22,1391.47
16055,96_20240828 23,1309.68
16056,96_20240829 00,1117.54
16057,96_20240829 01,857.91
16058,96_20240829 02,705.46
16059,96_20240829 03,642.08
16060,96_20240829 04,616.52
16061,96_20240829 05,616.13
16062,96_20240829 06,633.15
16063,96_20240829 07,679.1
16064,96_20240829 08,652.54
16065,96_20240829 09,625.07
16066,96_20240829 10,596.81
16067,96_20240829 11,628.63
16068,96_20240829 12,718.65
16069,96_20240829 13,757.93
16070,96_20240829 14,643.67
16071,96_20240829 15,892.32
16072,96_20240829 16,884.62
16073,96_20240829 17,910.64
16074,96_20240829 18,1093.51
16075,96_20240829 19,1276.86
16076,96_20240829 20,1422.59
16077,96_20240829 21,1383.58
16078,96_20240829 22,1323.41
16079,96_20240829 23,1287.37
16080,96_20240830 00,1113.08
16081,96_20240830 01,869.68
16082,96_20240830 02,735.75
16083,96_20240830 03,667.67
16084,96_20240830 04,660.7
16085,96_20240830 05,624.67
16086,96_20240830 06,648.65
16087,96_20240830 07,686.27
16088,96_20240830 08,719.86
16089,96_20240830 09,689.07
16090,96_20240830 10,716.34
16091,96_20240830 11,688.33
16092,96_20240830 12,798.54
16093,96_20240830 13,854.52
16094,96_20240830 14,735.28
16095,96_20240830 15,723.91
16096,96_20240830 16,775.37
16097,96_20240830 17,861.94
16098,96_20240830 18,1015.61
16099,96_20240830 19,1399.22
16100,96_20240830 20,1417.53
16101,96_20240830 21,1365.18
16102,96_20240830 22,1322.59
16103,96_20240830 23,1276.21
16104,96_20240831 00,1132.03
16105,96_20240831 01,876.98
16106,96_20240831 02,782.83
16107,96_20240831 03,674.92
16108,96_20240831 04,637.91
16109,96_20240831 05,614.76
16110,96_20240831 06,617.38
16111,96_20240831 07,647.42
16112,96_20240831 08,682.94
16113,96_20240831 09,856.28
16114,96_20240831 10,793.07
16115,96_20240831 11,827.1
16116,96_20240831 12,943.4
16117,96_20240831 13,1086.78
16118,96_20240831 14,846.82
16119,96_20240831 15,950.65
16120,96_20240831 16,929.59
16121,96_20240831 17,972.71
16122,96_20240831 18,1071.67
16123,96_20240831 19,1124.39
16124,96_20240831 20,1242.94
16125,96_20240831 21,1363.24
16126,96_20240831 22,1389.81
16127,96_20240831 23,1224.14
16128,97_20240825 00,1276.34
16129,97_20240825 01,1250.19
16130,97_20240825 02,1216.13
16131,97_20240825 03,1201.22
16132,97_20240825 04,1136.5
16133,97_20240825 05,1166.5
16134,97_20240825 06,1200.7
16135,97_20240825 07,1208.45
16136,97_20240825 08,1252.59
16137,97_20240825 09,1389.79
16138,97_20240825 10,1591.06
16139,97_20240825 11,1654.62
16140,97_20240825 12,1665.63
16141,97_20240825 13,1721.54
16142,97_20240825 14,1710.51
16143,97_20240825 15,1754.8
16144,97_20240825 16,1741.2
16145,97_20240825 17,1721.59
16146,97_20240825 18,1743.54
16147,97_20240825 19,1636.06
16148,97_20240825 20,1621.17
16149,97_20240825 21,1585.27
16150,97_20240825 22,1440.45
16151,97_20240825 23,1374.22
16152,97_20240826 00,1330.34
16153,97_20240826 01,1278.57
16154,97_20240826 02,1243.99
16155,97_20240826 03,1227.98
16156,97_20240826 04,1183.21
16157,97_20240826 05,1207.45
16158,97_20240826 06,1224.66
16159,97_20240826 07,1208.32
16160,97_20240826 08,1293.69
16161,97_20240826 09,1464.03
16162,97_20240826 10,1644.84
16163,97_20240826 11,1703.78
16164,97_20240826 12,1719.82
16165,97_20240826 13,1731.55
16166,97_20240826 14,1708.33
16167,97_20240826 15,1736.89
16168,97_20240826 16,1740.69
16169,97_20240826 17,1767.15
16170,97_20240826 18,1744.97
16171,97_20240826 19,1695.99
16172,97_20240826 20,1642.63
16173,97_20240826 21,1588.0
16174,97_20240826 22,1450.26
16175,97_20240826 23,1418.99
16176,97_20240827 00,1339.26
16177,97_20240827 01,1295.03
16178,97_20240827 02,1220.46
16179,97_20240827 03,1176.86
16180,97_20240827 04,1163.02
16181,97_20240827 05,1183.03
16182,97_20240827 06,1208.32
16183,97_20240827 07,1212.83
16184,97_20240827 08,1258.08
16185,97_20240827 09,1400.63
16186,97_20240827 10,1608.42
16187,97_20240827 11,1679.86
16188,97_20240827 12,1674.86
16189,97_20240827 13,1645.09
16190,97_20240827 14,1678.08
16191,97_20240827 15,1706.76
16192,97_20240827 16,1710.17
16193,97_20240827 17,1705.3
16194,97_20240827 18,1687.77
16195,97_20240827 19,1611.78
16196,97_20240827 20,1502.05
16197,97_20240827 21,1445.83
16198,97_20240827 22,1424.39
16199,97_20240827 23,1399.2
16200,97_20240828 00,1211.46
16201,97_20240828 01,1184.71
16202,97_20240828 02,1149.98
16203,97_20240828 03,1133.22
16204,97_20240828 04,1125.46
16205,97_20240828 05,1080.56
16206,97_20240828 06,1137.71
16207,97_20240828 07,1113.33
16208,97_20240828 08,1203.93
16209,97_20240828 09,1338.52
16210,97_20240828 10,1561.11
16211,97_20240828 11,1499.56
16212,97_20240828 12,1601.56
16213,97_20240828 13,1571.58
16214,97_20240828 14,1686.51
16215,97_20240828 15,1755.89
16216,97_20240828 16,1772.78
16217,97_20240828 17,1694.52
16218,97_20240828 18,1606.4
16219,97_20240828 19,1630.38
16220,97_20240828 20,1434.83
16221,97_20240828 21,1561.6
16222,97_20240828 22,1412.99
16223,97_20240828 23,1369.33
16224,97_20240829 00,1276.06
16225,97_20240829 01,1224.22
16226,97_20240829 02,1177.38
16227,97_20240829 03,1180.43
16228,97_20240829 04,1159.93
16229,97_20240829 05,1144.13
16230,97_20240829 06,1169.02
16231,97_20240829 07,1153.05
16232,97_20240829 08,1263.75
16233,97_20240829 09,1414.43
16234,97_20240829 10,1626.28
16235,97_20240829 11,866.1
16236,97_20240829 12,1702.55
16237,97_20240829 13,1685.56
16238,97_20240829 14,1503.17
16239,97_20240829 15,1448.47
16240,97_20240829 16,1694.89
16241,97_20240829 17,1707.31
16242,97_20240829 18,1702.55
16243,97_20240829 19,1671.41
16244,97_20240829 20,1633.19
16245,97_20240829 21,1555.07
16246,97_20240829 22,1456.22
16247,97_20240829 23,1352.22
16248,97_20240830 00,1182.6
16249,97_20240830 01,1165.32
16250,97_20240830 02,1152.86
16251,97_20240830 03,1153.88
16252,97_20240830 04,1118.6
16253,97_20240830 05,1118.65
16254,97_20240830 06,1166.61
16255,97_20240830 07,1131.1
16256,97_20240830 08,1225.57
16257,97_20240830 09,1360.68
16258,97_20240830 10,1595.09
16259,97_20240830 11,1643.87
16260,97_20240830 12,1666.96
16261,97_20240830 13,1739.23
16262,97_20240830 14,1673.32
16263,97_20240830 15,1763.44
16264,97_20240830 16,1767.8
16265,97_20240830 17,1760.61
16266,97_20240830 18,1763.13
16267,97_20240830 19,1660.75
16268,97_20240830 20,1607.92
16269,97_20240830 21,1572.31
16270,97_20240830 22,1446.32
16271,97_20240830 23,1357.09
16272,97_20240831 00,1175.23
16273,97_20240831 01,1147.17
16274,97_20240831 02,1146.8
16275,97_20240831 03,1141.83
16276,97_20240831 04,1122.48
16277,97_20240831 05,1141.64
16278,97_20240831 06,1163.29
16279,97_20240831 07,1119.85
16280,97_20240831 08,1200.71
16281,97_20240831 09,1302.06
16282,97_20240831 10,1405.68
16283,97_20240831 11,1464.1
16284,97_20240831 12,1484.68
16285,97_20240831 13,1475.91
16286,97_20240831 14,1494.52
16287,97_20240831 15,1520.77
16288,97_20240831 16,1541.46
16289,97_20240831 17,1510.76
16290,97_20240831 18,1482.13
16291,97_20240831 19,1386.82
16292,97_20240831 20,1382.72
16293,97_20240831 21,1362.45
16294,97_20240831 22,1287.24
16295,97_20240831 23,1288.02
16296,98_20240825 00,1617.96
16297,98_20240825 01,1528.12
16298,98_20240825 02,1497.63
16299,98_20240825 03,1468.88
16300,98_20240825 04,1449.82
16301,98_20240825 05,1452.66
16302,98_20240825 06,1719.61
16303,98_20240825 07,1899.5
16304,98_20240825 08,2148.49
16305,98_20240825 09,2233.99
16306,98_20240825 10,2360.33
16307,98_20240825 11,2315.72
16308,98_20240825 12,2231.7
16309,98_20240825 13,2593.08
16310,98_20240825 14,2803.17
16311,98_20240825 15,2944.77
16312,98_20240825 16,3042.28
16313,98_20240825 17,3002.4
16314,98_20240825 18,2531.17
16315,98_20240825 19,2375.09
16316,98_20240825 20,2318.58
16317,98_20240825 21,2207.56
16318,98_20240825 22,1964.78
16319,98_20240825 23,1826.69
16320,98_20240826 00,1613.85
16321,98_20240826 01,1502.45
16322,98_20240826 02,1473.15
16323,98_20240826 03,1452.7
16324,98_20240826 04,1425.94
16325,98_20240826 05,1422.0
16326,98_20240826 06,1688.1
16327,98_20240826 07,1833.96
16328,98_20240826 08,2124.41
16329,98_20240826 09,2300.67
16330,98_20240826 10,2341.31
16331,98_20240826 11,2255.42
16332,98_20240826 12,2195.33
16333,98_20240826 13,2477.49
16334,98_20240826 14,2649.41
16335,98_20240826 15,2768.92
16336,98_20240826 16,2734.16
16337,98_20240826 17,2802.19
16338,98_20240826 18,2413.1
16339,98_20240826 19,2050.14
16340,98_20240826 20,2012.87
16341,98_20240826 21,1911.22
16342,98_20240826 22,1871.1
16343,98_20240826 23,1778.52
16344,98_20240827 00,1590.45
16345,98_20240827 01,1534.87
16346,98_20240827 02,1443.96
16347,98_20240827 03,1428.45
16348,98_20240827 04,1384.81
16349,98_20240827 05,1400.88
16350,98_20240827 06,1655.41
16351,98_20240827 07,1805.89
16352,98_20240827 08,1897.21
16353,98_20240827 09,2243.03
16354,98_20240827 10,2252.05
16355,98_20240827 11,2131.04
16356,98_20240827 12,2074.55
16357,98_20240827 13,2283.78
16358,98_20240827 14,2244.86
16359,98_20240827 15,2484.89
16360,98_20240827 16,2352.03
16361,98_20240827 17,2332.53
16362,98_20240827 18,1984.8
16363,98_20240827 19,1763.09
16364,98_20240827 20,1680.81
16365,98_20240827 21,1630.79
16366,98_20240827 22,1543.47
16367,98_20240827 23,1462.81
16368,98_20240828 00,1375.44
16369,98_20240828 01,1334.21
16370,98_20240828 02,1309.97
16371,98_20240828 03,1314.68
16372,98_20240828 04,1287.25
16373,98_20240828 05,1326.58
16374,98_20240828 06,1484.64
16375,98_20240828 07,1598.87
16376,98_20240828 08,1753.81
16377,98_20240828 09,2036.61
16378,98_20240828 10,2054.34
16379,98_20240828 11,2062.69
16380,98_20240828 12,2101.53
16381,98_20240828 13,2275.65
16382,98_20240828 14,2425.99
16383,98_20240828 15,2549.35
16384,98_20240828 16,2563.48
16385,98_20240828 17,2522.3
16386,98_20240828 18,2213.3
16387,98_20240828 19,1972.2
16388,98_20240828 20,1828.01
16389,98_20240828 21,1750.34
16390,98_20240828 22,1649.01
16391,98_20240828 23,1522.0
16392,98_20240829 00,1544.18
16393,98_20240829 01,1428.94
16394,98_20240829 02,1407.74
16395,98_20240829 03,1353.2
16396,98_20240829 04,1320.29
16397,98_20240829 05,1371.18
16398,98_20240829 06,1605.67
16399,98_20240829 07,1774.88
16400,98_20240829 08,2097.0
16401,98_20240829 09,2200.12
16402,98_20240829 10,2258.36
16403,98_20240829 11,2182.49
16404,98_20240829 12,2125.24
16405,98_20240829 13,2308.33
16406,98_20240829 14,2356.91
16407,98_20240829 15,2561.93
16408,98_20240829 16,2585.7
16409,98_20240829 17,2422.25
16410,98_20240829 18,2272.5
16411,98_20240829 19,2143.82
16412,98_20240829 20,1896.45
16413,98_20240829 21,1830.93
16414,98_20240829 22,1678.68
16415,98_20240829 23,1645.84
16416,98_20240830 00,1566.94
16417,98_20240830 01,1493.96
16418,98_20240830 02,1431.9
16419,98_20240830 03,1402.95
16420,98_20240830 04,1396.15
16421,98_20240830 05,1405.34
16422,98_20240830 06,1604.98
16423,98_20240830 07,1807.86
16424,98_20240830 08,2067.23
16425,98_20240830 09,2325.09
16426,98_20240830 10,2372.7
16427,98_20240830 11,2312.45
16428,98_20240830 12,2213.56
16429,98_20240830 13,2580.16
16430,98_20240830 14,2589.13
16431,98_20240830 15,2722.96
16432,98_20240830 16,2697.82
16433,98_20240830 17,2928.52
16434,98_20240830 18,2449.73
16435,98_20240830 19,2214.01
16436,98_20240830 20,2037.27
16437,98_20240830 21,1866.82
16438,98_20240830 22,1682.53
16439,98_20240830 23,1631.85
16440,98_20240831 00,1518.52
16441,98_20240831 01,1471.23
16442,98_20240831 02,1442.49
16443,98_20240831 03,1383.87
16444,98_20240831 04,1379.79
16445,98_20240831 05,1381.73
16446,98_20240831 06,1586.51
16447,98_20240831 07,1716.14
16448,98_20240831 08,1858.48
16449,98_20240831 09,2097.72
16450,98_20240831 10,2249.05
16451,98_20240831 11,2163.45
16452,98_20240831 12,2151.45
16453,98_20240831 13,2318.55
16454,98_20240831 14,2475.8
16455,98_20240831 15,2656.1
16456,98_20240831 16,2645.96
16457,98_20240831 17,2789.39
16458,98_20240831 18,2464.42
16459,98_20240831 19,2355.54
16460,98_20240831 20,2236.02
16461,98_20240831 21,2055.25
16462,98_20240831 22,1958.37
16463,98_20240831 23,1632.99
16464,99_20240825 00,1168.55
16465,99_20240825 01,1166.73
16466,99_20240825 02,1156.72
16467,99_20240825 03,1150.47
16468,99_20240825 04,1043.55
16469,99_20240825 05,904.96
16470,99_20240825 06,855.86
16471,99_20240825 07,854.74
16472,99_20240825 08,948.49
16473,99_20240825 09,1101.4
16474,99_20240825 10,1153.74
16475,99_20240825 11,1210.6
16476,99_20240825 12,1146.89
16477,99_20240825 13,1162.02
16478,99_20240825 14,1185.21
16479,99_20240825 15,1179.22
16480,99_20240825 16,1188.89
16481,99_20240825 17,1125.18
16482,99_20240825 18,1034.05
16483,99_20240825 19,1092.72
16484,99_20240825 20,1164.04
16485,99_20240825 21,1207.67
16486,99_20240825 22,1156.18
16487,99_20240825 23,1190.92
16488,99_20240826 00,1179.42
16489,99_20240826 01,1169.67
16490,99_20240826 02,1148.99
16491,99_20240826 03,1119.98
16492,99_20240826 04,1010.24
16493,99_20240826 05,890.83
16494,99_20240826 06,845.09
16495,99_20240826 07,845.57
16496,99_20240826 08,952.65
16497,99_20240826 09,1122.32
16498,99_20240826 10,1158.99
16499,99_20240826 11,1211.99
16500,99_20240826 12,1137.41
16501,99_20240826 13,1192.99
16502,99_20240826 14,1212.1
16503,99_20240826 15,1214.97
16504,99_20240826 16,1218.29
16505,99_20240826 17,1214.19
16506,99_20240826 18,1120.44
16507,99_20240826 19,1148.39
16508,99_20240826 20,1145.1
16509,99_20240826 21,1211.59
16510,99_20240826 22,1166.79
16511,99_20240826 23,1209.06
16512,99_20240827 00,1182.25
16513,99_20240827 01,1173.11
16514,99_20240827 02,1127.48
16515,99_20240827 03,1128.17
16516,99_20240827 04,1017.6
16517,99_20240827 05,939.41
16518,99_20240827 06,887.29
16519,99_20240827 07,873.75
16520,99_20240827 08,985.91
16521,99_20240827 09,1121.74
16522,99_20240827 10,1163.12
16523,99_20240827 11,1225.16
16524,99_20240827 12,1150.99
16525,99_20240827 13,1200.34
16526,99_20240827 14,1189.47
16527,99_20240827 15,1133.8
16528,99_20240827 16,1163.67
16529,99_20240827 17,1138.73
16530,99_20240827 18,1067.49
16531,99_20240827 19,1109.95
16532,99_20240827 20,1104.62
16533,99_20240827 21,1127.96
16534,99_20240827 22,1106.12
16535,99_20240827 23,1131.0
16536,99_20240828 00,1103.63
16537,99_20240828 01,1100.35
16538,99_20240828 02,1084.28
16539,99_20240828 03,1079.42
16540,99_20240828 04,845.62
16541,99_20240828 05,636.5
16542,99_20240828 06,587.62
16543,99_20240828 07,585.47
16544,99_20240828 08,857.28
16545,99_20240828 09,1069.35
16546,99_20240828 10,1122.07
16547,99_20240828 11,1182.83
16548,99_20240828 12,1116.69
16549,99_20240828 13,1193.81
16550,99_20240828 14,1135.6
16551,99_20240828 15,1156.08
16552,99_20240828 16,1180.28
16553,99_20240828 17,1179.04
16554,99_20240828 18,1099.55
16555,99_20240828 19,1110.68
16556,99_20240828 20,1089.4
16557,99_20240828 21,1166.96
16558,99_20240828 22,1160.39
16559,99_20240828 23,1150.3
16560,99_20240829 00,1146.38
16561,99_20240829 01,1136.96
16562,99_20240829 02,1105.52
16563,99_20240829 03,1141.26
16564,99_20240829 04,1018.67
16565,99_20240829 05,875.77
16566,99_20240829 06,821.83
16567,99_20240829 07,839.9
16568,99_20240829 08,956.16
16569,99_20240829 09,1114.09
16570,99_20240829 10,1126.06
16571,99_20240829 11,1213.31
16572,99_20240829 12,1158.02
16573,99_20240829 13,1156.98
16574,99_20240829 14,1167.26
16575,99_20240829 15,1158.66
16576,99_20240829 16,1162.83
16577,99_20240829 17,1178.28
16578,99_20240829 18,1108.41
16579,99_20240829 19,1107.44
16580,99_20240829 20,1103.73
16581,99_20240829 21,1192.85
16582,99_20240829 22,1183.55
16583,99_20240829 23,1192.33
16584,99_20240830 00,1166.06
16585,99_20240830 01,1151.97
16586,99_20240830 02,1124.92
16587,99_20240830 03,1140.82
16588,99_20240830 04,1016.29
16589,99_20240830 05,868.34
16590,99_20240830 06,800.11
16591,99_20240830 07,794.29
16592,99_20240830 08,970.38
16593,99_20240830 09,1115.52
16594,99_20240830 10,1180.76
16595,99_20240830 11,1210.03
16596,99_20240830 12,1136.22
16597,99_20240830 13,1191.2
16598,99_20240830 14,1217.12
16599,99_20240830 15,1203.24
16600,99_20240830 16,1226.42
16601,99_20240830 17,1239.47
16602,99_20240830 18,1154.5
16603,99_20240830 19,1148.06
16604,99_20240830 20,1205.36
16605,99_20240830 21,1244.15
16606,99_20240830 22,1169.32
16607,99_20240830 23,1178.49
16608,99_20240831 00,1142.12
16609,99_20240831 01,1152.51
16610,99_20240831 02,1122.59
16611,99_20240831 03,1119.88
16612,99_20240831 04,1000.73
16613,99_20240831 05,860.25
16614,99_20240831 06,792.32
16615,99_20240831 07,798.55
16616,99_20240831 08,932.21
16617,99_20240831 09,1071.0
16618,99_20240831 10,1103.13
16619,99_20240831 11,1107.77
16620,99_20240831 12,1039.53
16621,99_20240831 13,1100.25
16622,99_20240831 14,1134.99
16623,99_20240831 15,1132.36
16624,99_20240831 16,1156.91
16625,99_20240831 17,1151.49
16626,99_20240831 18,1059.33
16627,99_20240831 19,1122.91
16628,99_20240831 20,1146.63
16629,99_20240831 21,1155.11
16630,99_20240831 22,1117.58
16631,99_20240831 23,1150.54
16632,100_20240825 00,2934.22
16633,100_20240825 01,2911.74
16634,100_20240825 02,2710.87
16635,100_20240825 03,2590.27
16636,100_20240825 04,2650.4
16637,100_20240825 05,2311.57
16638,100_20240825 06,2565.17
16639,100_20240825 07,2625.1
16640,100_20240825 08,1499.85
16641,100_20240825 09,1414.2
16642,100_20240825 10,1473.53
16643,100_20240825 11,1567.2
16644,100_20240825 12,1641.16
16645,100_20240825 13,2277.53
16646,100_20240825 14,2345.82
16647,100_20240825 15,2643.08
16648,100_20240825 16,2648.09
16649,100_20240825 17,2668.55
16650,100_20240825 18,2488.87
16651,100_20240825 19,2547.83
16652,100_20240825 20,2415.39
16653,100_20240825 21,2213.73
16654,100_20240825 22,2528.45
16655,100_20240825 23,2776.57
16656,100_20240826 00,2769.11
16657,100_20240826 01,2617.87
16658,100_20240826 02,2489.52
16659,100_20240826 03,2272.19
16660,100_20240826 04,2343.68
16661,100_20240826 05,2278.13
16662,100_20240826 06,2246.77
16663,100_20240826 07,2277.68
16664,100_20240826 08,1357.36
16665,100_20240826 09,1267.43
16666,100_20240826 10,1301.28
16667,100_20240826 11,1333.31
16668,100_20240826 12,1436.03
16669,100_20240826 13,1553.75
16670,100_20240826 14,2240.86
16671,100_20240826 15,2267.1
16672,100_20240826 16,2260.02
16673,100_20240826 17,2161.62
16674,100_20240826 18,2198.14
16675,100_20240826 19,2009.71
16676,100_20240826 20,1949.38
16677,100_20240826 21,1994.71
16678,100_20240826 22,2117.37
16679,100_20240826 23,2758.78
16680,100_20240827 00,2476.57
16681,100_20240827 01,2681.75
16682,100_20240827 02,2614.49
16683,100_20240827 03,2448.8
16684,100_20240827 04,2231.04
16685,100_20240827 05,2192.66
16686,100_20240827 06,2261.27
16687,100_20240827 07,2237.8
16688,100_20240827 08,1318.7
16689,100_20240827 09,1301.76
16690,100_20240827 10,1308.98
16691,100_20240827 11,1383.65
16692,100_20240827 12,1445.41
16693,100_20240827 13,1896.4
16694,100_20240827 14,2294.6
16695,100_20240827 15,1878.9
16696,100_20240827 16,1921.78
16697,100_20240827 17,1758.44
16698,100_20240827 18,1270.32
16699,100_20240827 19,1540.53
16700,100_20240827 20,1708.6
16701,100_20240827 21,1675.57
16702,100_20240827 22,2215.34
16703,100_20240827 23,2553.1
16704,100_20240828 00,2534.73
16705,100_20240828 01,2517.55
16706,100_20240828 02,2351.88
16707,100_20240828 03,2053.07
16708,100_20240828 04,1869.57
16709,100_20240828 05,1903.67
16710,100_20240828 06,1909.11
16711,100_20240828 07,1780.21
16712,100_20240828 08,1293.21
16713,100_20240828 09,1190.42
16714,100_20240828 10,1182.21
16715,100_20240828 11,1291.85
16716,100_20240828 12,1306.2
16717,100_20240828 13,1262.78
16718,100_20240828 14,1594.24
16719,100_20240828 15,1464.85
16720,100_20240828 16,1593.01
16721,100_20240828 17,2137.67
16722,100_20240828 18,1728.53
16723,100_20240828 19,1743.39
16724,100_20240828 20,1920.09
16725,100_20240828 21,1920.94
16726,100_20240828 22,2282.32
16727,100_20240828 23,2739.62
16728,100_20240829 00,2414.31
16729,100_20240829 01,2544.76
16730,100_20240829 02,2537.09
16731,100_20240829 03,2263.57
16732,100_20240829 04,2113.47
16733,100_20240829 05,2362.05
16734,100_20240829 06,2316.95
16735,100_20240829 07,2295.32
16736,100_20240829 08,1295.31
16737,100_20240829 09,1216.27
16738,100_20240829 10,1241.26
16739,100_20240829 11,1197.88
16740,100_20240829 12,1366.19
16741,100_20240829 13,1863.92
16742,100_20240829 14,2404.72
16743,100_20240829 15,2312.33
16744,100_20240829 16,1903.04
16745,100_20240829 17,2386.87
16746,100_20240829 18,2493.37
16747,100_20240829 19,2062.75
16748,100_20240829 20,2049.5
16749,100_20240829 21,1937.6
16750,100_20240829 22,2349.55
16751,100_20240829 23,2565.03
16752,100_20240830 00,2560.06
16753,100_20240830 01,2628.93
16754,100_20240830 02,2619.39
16755,100_20240830 03,2585.58
16756,100_20240830 04,2451.65
16757,100_20240830 05,2296.51
16758,100_20240830 06,2099.28
16759,100_20240830 07,2385.09
16760,100_20240830 08,1285.55
16761,100_20240830 09,1264.84
16762,100_20240830 10,1288.54
16763,100_20240830 11,1232.88
16764,100_20240830 12,1423.35
16765,100_20240830 13,1738.35
16766,100_20240830 14,2063.26
16767,100_20240830 15,2125.1
16768,100_20240830 16,2019.81
16769,100_20240830 17,2288.78
16770,100_20240830 18,2461.41
16771,100_20240830 19,2283.62
16772,100_20240830 20,2149.21
16773,100_20240830 21,1888.28
16774,100_20240830 22,2206.65
16775,100_20240830 23,2847.64
16776,100_20240831 00,2245.49
16777,100_20240831 01,2733.16
16778,100_20240831 02,2697.47
16779,100_20240831 03,2427.82
16780,100_20240831 04,2420.77
16781,100_20240831 05,2118.64
16782,100_20240831 06,1924.31
16783,100_20240831 07,2057.73
16784,100_20240831 08,1399.3
16785,100_20240831 09,1152.87
16786,100_20240831 10,1183.94
16787,100_20240831 11,1585.98
16788,100_20240831 12,1577.77
16789,100_20240831 13,1869.41
16790,100_20240831 14,2033.67
16791,100_20240831 15,1600.41
16792,100_20240831 16,1730.72
16793,100_20240831 17,2575.45
16794,100_20240831 18,1708.82
16795,100_20240831 19,2029.02
16796,100_20240831 20,2135.09
16797,100_20240831 21,1986.13
16798,100_20240831 22,2389.99
16799,100_20240831 23,2725.94
