num_date_time,answer
1_20240825 00,4767.33471009346
1_20240825 01,4611.116695804674
1_20240825 02,4299.759250054788
1_20240825 03,3901.7555094747468
1_20240825 04,3719.789278156194
1_20240825 05,3742.9888925404143
1_20240825 06,4059.1409640275883
1_20240825 07,4696.049145619515
1_20240825 08,5022.378017471053
1_20240825 09,6563.202712580864
1_20240825 10,6524.442243303336
1_20240825 11,6565.012801780614
1_20240825 12,6610.754418546878
1_20240825 13,7061.678329245629
1_20240825 14,7114.773140289734
1_20240825 15,7038.209771553674
1_20240825 16,7185.296544908153
1_20240825 17,7345.600457357127
1_20240825 18,7080.560552738632
1_20240825 19,5976.545032946766
1_20240825 20,5247.44374904981
1_20240825 21,4772.368766682124
1_20240825 22,5190.010901044834
1_20240825 23,5020.886835124223
1_20240826 00,4828.193383702339
1_20240826 01,4160.148953131174
1_20240826 02,4015.320968363099
1_20240826 03,3618.6083819456326
1_20240826 04,3509.9818909476717
1_20240826 05,3567.95261265023
1_20240826 06,3884.254426476225
1_20240826 07,4653.483790269834
1_20240826 08,5002.302108635945
1_20240826 09,5797.895230049221
1_20240826 10,5845.629170525221
1_20240826 11,5557.11436973032
1_20240826 12,5596.140819651512
1_20240826 13,5772.924936329122
1_20240826 14,5690.044547917781
1_20240826 15,5634.214482715208
1_20240826 16,5657.061942978215
1_20240826 17,6331.168579447512
1_20240826 18,6245.820505551828
1_20240826 19,5120.454928524551
1_20240826 20,4578.218078216813
1_20240826 21,4473.090119698492
1_20240826 22,4982.954113492892
1_20240826 23,5035.450360035703
1_20240827 00,5167.378180876343
1_20240827 01,4658.0744189495545
1_20240827 02,4626.992005994395
1_20240827 03,4537.516019247121
1_20240827 04,4602.484670964716
1_20240827 05,4533.745013693793
1_20240827 06,4804.827509972327
1_20240827 07,5084.188462883129
1_20240827 08,4757.8431826553315
1_20240827 09,5355.464733946656
1_20240827 10,5038.8613171144725
1_20240827 11,5032.535974167253
1_20240827 12,5348.535900244742
1_20240827 13,4962.10734874564
1_20240827 14,5138.410367194244
1_20240827 15,5138.178400940486
1_20240827 16,5695.124001652223
1_20240827 17,5789.604142309307
1_20240827 18,5925.347343089474
1_20240827 19,5375.042286345159
1_20240827 20,4797.603914533816
1_20240827 21,4521.177527286744
1_20240827 22,5392.467957500783
1_20240827 23,5894.027011163684
1_20240828 00,5834.123000456565
1_20240828 01,5822.241025737866
1_20240828 02,5450.702431808747
1_20240828 03,4940.5338236492935
1_20240828 04,4910.7451224259285
1_20240828 05,5116.859819015621
1_20240828 06,5319.088003645891
1_20240828 07,5031.264840422068
1_20240828 08,4777.006887664899
1_20240828 09,5357.988874860245
1_20240828 10,5175.143907247892
1_20240828 11,5533.607966776423
1_20240828 12,5597.473903407753
1_20240828 13,6201.285823735118
1_20240828 14,5867.290027913692
1_20240828 15,5865.722770732412
1_20240828 16,5666.168656711962
1_20240828 17,5926.92150150128
1_20240828 18,6034.714406074761
1_20240828 19,5635.030136058604
1_20240828 20,5109.519912621012
1_20240828 21,4812.212575606464
1_20240828 22,5111.873657393921
1_20240828 23,5312.0242057050245
1_20240829 00,5201.063398214696
1_20240829 01,4988.002286179475
1_20240829 02,4836.152646142686
1_20240829 03,4372.633751460465
1_20240829 04,4560.958902645228
1_20240829 05,4786.430339366191
1_20240829 06,4885.533339843413
1_20240829 07,4910.887408276432
1_20240829 08,4742.003543145805
1_20240829 09,5040.848074693093
1_20240829 10,5135.161745297798
1_20240829 11,5492.398544531332
1_20240829 12,6047.82579862895
1_20240829 13,6185.198646222067
1_20240829 14,5946.675350198647
1_20240829 15,6029.347094648508
1_20240829 16,6033.99719238348
1_20240829 17,6074.899495806647
1_20240829 18,6522.5012037412525
1_20240829 19,5716.796222557381
1_20240829 20,5153.718816678069
1_20240829 21,4751.722017315929
1_20240829 22,4927.773578645701
1_20240829 23,5252.750182487164
1_20240830 00,5153.327654573439
1_20240830 01,5269.130565430562
1_20240830 02,4681.2400208234
1_20240830 03,4303.114328018474
1_20240830 04,4641.75209465983
1_20240830 05,4810.486631483433
1_20240830 06,4853.028807195882
1_20240830 07,4999.179299796253
1_20240830 08,4869.71867476669
1_20240830 09,5662.149951980222
1_20240830 10,5446.995888120017
1_20240830 11,5548.434841243208
1_20240830 12,5816.3745391218245
1_20240830 13,6150.798165126237
1_20240830 14,5905.863047920969
1_20240830 15,5876.641355966178
1_20240830 16,5801.847977449397
1_20240830 17,5807.833131112436
1_20240830 18,5914.751194460633
1_20240830 19,6011.43409857022
1_20240830 20,5110.419583095927
1_20240830 21,4553.995957917159
1_20240830 22,5230.37686821203
1_20240830 23,5432.501557930374
1_20240831 00,5653.462480769281
1_20240831 01,5317.983398471143
1_20240831 02,5389.945612685574
1_20240831 03,4897.174812920889
1_20240831 04,4812.057239112953
1_20240831 05,5070.478345553181
1_20240831 06,5194.775832464608
1_20240831 07,5231.2661065162965
1_20240831 08,5178.999710207122
1_20240831 09,5665.472226874501
1_20240831 10,5660.135888386203
1_20240831 11,5718.210180285332
1_20240831 12,6589.646633656049
1_20240831 13,7115.586851592192
1_20240831 14,6301.807363818723
1_20240831 15,6038.903809724213
1_20240831 16,5645.7091301712
1_20240831 17,5719.19656146318
1_20240831 18,6144.487145496372
1_20240831 19,5869.640403102198
1_20240831 20,4915.827682754997
1_20240831 21,4682.582972160343
1_20240831 22,4885.590920465804
1_20240831 23,5162.708207303596
2_20240825 00,1040.5617668138602
2_20240825 01,1007.0682278613552
2_20240825 02,987.1411747525485
2_20240825 03,975.2084207649042
2_20240825 04,982.1055536615597
2_20240825 05,1035.608470276926
2_20240825 06,1161.0470321938228
2_20240825 07,1279.4885248887097
2_20240825 08,1328.9482524251102
2_20240825 09,1461.517921940313
2_20240825 10,1653.0798486334975
2_20240825 11,1642.1341317506594
2_20240825 12,1641.3185811430458
2_20240825 13,1617.7804505258564
2_20240825 14,1680.8567263266827
2_20240825 15,1767.738027210239
2_20240825 16,1773.5130457273085
2_20240825 17,1857.9656792395542
2_20240825 18,2183.1704344833697
2_20240825 19,2122.48770487013
2_20240825 20,2073.8535728441743
2_20240825 21,2375.905317763236
2_20240825 22,2060.545767847607
2_20240825 23,1778.1813737679395
2_20240826 00,1642.6464393562967
2_20240826 01,1321.5938241295764
2_20240826 02,1239.5288387832697
2_20240826 03,1163.1532516925884
2_20240826 04,1169.851229738952
2_20240826 05,1331.5186560537409
2_20240826 06,1612.7533711244196
2_20240826 07,1823.7347836341055
2_20240826 08,1913.9850462835368
2_20240826 09,2029.5774737987151
2_20240826 10,2173.1501468678366
2_20240826 11,2172.30160446919
2_20240826 12,1830.6849322802652
2_20240826 13,1962.8152248058182
2_20240826 14,1988.063663656142
2_20240826 15,2032.8113684215102
2_20240826 16,2063.2596451960194
2_20240826 17,2099.2748352155263
2_20240826 18,2668.515833566301
2_20240826 19,2003.5732633321486
2_20240826 20,1988.9539108149613
2_20240826 21,2808.13637605293
2_20240826 22,1740.4711144666844
2_20240826 23,1931.4726011461892
2_20240827 00,1660.940555541182
2_20240827 01,1290.342705247587
2_20240827 02,1251.1861261663746
2_20240827 03,1159.9631997364731
2_20240827 04,1196.210560106121
2_20240827 05,1335.7792843438772
2_20240827 06,1550.966719082809
2_20240827 07,1819.6813813194583
2_20240827 08,1819.7662010840286
2_20240827 09,2018.5909939794296
2_20240827 10,2068.024387192622
2_20240827 11,2143.6830697529117
2_20240827 12,1909.5593883387376
2_20240827 13,1923.7421546716075
2_20240827 14,1963.2123521307738
2_20240827 15,1993.2345769144792
2_20240827 16,2062.453868110149
2_20240827 17,2104.283014537672
2_20240827 18,2674.0029527214356
2_20240827 19,2083.3505842243353
2_20240827 20,2031.4854873012248
2_20240827 21,2883.61237636015
2_20240827 22,1719.8233234053237
2_20240827 23,1974.5697139751317
2_20240828 00,1566.0114952977326
2_20240828 01,1142.7327662067066
2_20240828 02,1080.3086024183233
2_20240828 03,1073.4496428120751
2_20240828 04,1101.580845346582
2_20240828 05,1197.0215606687873
2_20240828 06,1449.7328879926558
2_20240828 07,1745.3745943390556
2_20240828 08,1853.8314728617056
2_20240828 09,2014.4627192517237
2_20240828 10,2177.070247046238
2_20240828 11,2132.4993645101317
2_20240828 12,1894.5431888850756
2_20240828 13,1933.867950605078
2_20240828 14,1953.490416526915
2_20240828 15,1993.9442891974304
2_20240828 16,1993.4607527039047
2_20240828 17,2060.7362709123054
2_20240828 18,2667.810919997868
2_20240828 19,2080.3573663007783
2_20240828 20,2085.6580944213897
2_20240828 21,2941.831637735849
2_20240828 22,1849.4688054290193
2_20240828 23,1976.1724785995734
2_20240829 00,1660.7448083886316
2_20240829 01,1196.4862221772296
2_20240829 02,1130.701937673936
2_20240829 03,1091.3993321233581
2_20240829 04,1125.2731777694885
2_20240829 05,1215.2396378366489
2_20240829 06,1436.6921569008425
2_20240829 07,1732.8623214068136
2_20240829 08,1836.5392642060356
2_20240829 09,1991.6764298099042
2_20240829 10,2134.2657569845464
2_20240829 11,2100.556634945661
2_20240829 12,1892.9676287768805
2_20240829 13,1929.1605217168342
2_20240829 14,1949.5225946263233
2_20240829 15,1990.2438588943182
2_20240829 16,2016.5948595109683
2_20240829 17,2077.214539326005
2_20240829 18,2667.839827052581
2_20240829 19,2085.7391951645504
2_20240829 20,2048.1821997111597
2_20240829 21,2898.306459408376
2_20240829 22,1776.681920964674
2_20240829 23,1980.485608674597
2_20240830 00,1604.7065568783883
2_20240830 01,1179.244863837007
2_20240830 02,1130.9483125942568
2_20240830 03,1078.2492618418119
2_20240830 04,1123.9165372830005
2_20240830 05,1194.9099296411382
2_20240830 06,1432.9816382442682
2_20240830 07,1734.5493583104897
2_20240830 08,1848.9130708568748
2_20240830 09,2010.904851343759
2_20240830 10,2121.7334775382074
2_20240830 11,2147.728880873073
2_20240830 12,1888.7866376394695
2_20240830 13,1920.6823531746732
2_20240830 14,1936.8064593608165
2_20240830 15,1971.5568992241795
2_20240830 16,1952.9266288821832
2_20240830 17,1981.0331852441466
2_20240830 18,2506.337907470169
2_20240830 19,1952.9435166229764
2_20240830 20,1913.5977617246233
2_20240830 21,2674.9525174831574
2_20240830 22,1619.55468005414
2_20240830 23,1808.0804923579815
2_20240831 00,1295.429226389241
2_20240831 01,1170.959743499979
2_20240831 02,1107.4746979039771
2_20240831 03,1090.1852241457889
2_20240831 04,1077.4741725569897
2_20240831 05,1075.595474319003
2_20240831 06,1115.525335854228
2_20240831 07,1105.7762668919759
2_20240831 08,1140.8359612586137
2_20240831 09,1245.4278671756902
2_20240831 10,1320.9040018806531
2_20240831 11,1381.5707843476555
2_20240831 12,1416.7338038266478
2_20240831 13,1409.1211332632474
2_20240831 14,1402.6853099298223
2_20240831 15,1396.3913459029934
2_20240831 16,1383.1390978447967
2_20240831 17,1307.702164393606
2_20240831 18,1322.7169709283348
2_20240831 19,1272.9495837151308
2_20240831 20,1249.545822958243
2_20240831 21,1166.5470158377823
2_20240831 22,1121.5775733034861
2_20240831 23,1130.6647179556533
3_20240825 00,13192.217217321686
3_20240825 01,13050.47888532615
3_20240825 02,13414.22039367385
3_20240825 03,13324.839272502904
3_20240825 04,13453.477073209395
3_20240825 05,13920.512944986707
3_20240825 06,14694.794332575299
3_20240825 07,14309.5317871785
3_20240825 08,14755.886639049402
3_20240825 09,15600.909460414501
3_20240825 10,15376.68601060309
3_20240825 11,16779.690341546186
3_20240825 12,17438.514580586903
3_20240825 13,17416.151889933626
3_20240825 14,17139.817927794775
3_20240825 15,17387.032505835785
3_20240825 16,17692.271189671064
3_20240825 17,16746.163906735157
3_20240825 18,16090.998544337224
3_20240825 19,14948.308680744985
3_20240825 20,14805.153808684709
3_20240825 21,13831.186178299411
3_20240825 22,13679.82218470091
3_20240825 23,13679.770470939457
3_20240826 00,14518.923521500887
3_20240826 01,14376.00463142014
3_20240826 02,14203.287045773037
3_20240826 03,14253.280464003199
3_20240826 04,14750.0217864485
3_20240826 05,15611.560374831468
3_20240826 06,18111.192131217224
3_20240826 07,21181.63714523448
3_20240826 08,23857.36444434896
3_20240826 09,24833.098256809728
3_20240826 10,25037.073333077566
3_20240826 11,24854.81664895955
3_20240826 12,24496.91721781677
3_20240826 13,24946.82419390904
3_20240826 14,24859.92663382071
3_20240826 15,24864.824311354896
3_20240826 16,24411.960396988583
3_20240826 17,23068.379032079407
3_20240826 18,19971.875251151527
3_20240826 19,17016.631714571908
3_20240826 20,16654.27532255458
3_20240826 21,16719.40980616808
3_20240826 22,15422.23357554513
3_20240826 23,14925.980213174318
3_20240827 00,14776.985457726778
3_20240827 01,14781.469554764139
3_20240827 02,14651.07320651044
3_20240827 03,14322.454440122488
3_20240827 04,14630.818634378422
3_20240827 05,15097.506954224218
3_20240827 06,16933.19146282676
3_20240827 07,20528.24693319789
3_20240827 08,21186.04422883299
3_20240827 09,22713.001039553663
3_20240827 10,22300.692524564103
3_20240827 11,22421.962747263282
3_20240827 12,22565.70445884063
3_20240827 13,22367.27935305189
3_20240827 14,23310.70950313431
3_20240827 15,23030.73019944953
3_20240827 16,23486.514161074312
3_20240827 17,20204.968634653516
3_20240827 18,17827.42266640135
3_20240827 19,16962.57306151483
3_20240827 20,15848.761800399012
3_20240827 21,14841.709905947595
3_20240827 22,14231.842606293116
3_20240827 23,13868.164918632647
3_20240828 00,13866.318085359293
3_20240828 01,13724.604368975102
3_20240828 02,13419.240718176525
3_20240828 03,12969.578583764533
3_20240828 04,13132.049568346594
3_20240828 05,13444.483404076505
3_20240828 06,15568.007106689793
3_20240828 07,18573.962367218348
3_20240828 08,21519.18589021788
3_20240828 09,23557.909166622536
3_20240828 10,23591.78102511979
3_20240828 11,23297.983338842267
3_20240828 12,23321.258233375313
3_20240828 13,23813.7172617447
3_20240828 14,23661.791772816512
3_20240828 15,23211.320997659277
3_20240828 16,22813.977010240058
3_20240828 17,20857.389710753952
3_20240828 18,18870.146154734364
3_20240828 19,17352.70635571833
3_20240828 20,16874.82819723845
3_20240828 21,16864.260179890465
3_20240828 22,15605.711210206813
3_20240828 23,15090.332465710813
3_20240829 00,13713.539748601424
3_20240829 01,13204.021399611474
3_20240829 02,13361.190200109517
3_20240829 03,13237.902138959147
3_20240829 04,13281.375346908711
3_20240829 05,13564.60387770014
3_20240829 06,15512.260981606918
3_20240829 07,19081.97414055579
3_20240829 08,20753.22954587504
3_20240829 09,21605.12006883236
3_20240829 10,22174.450042107295
3_20240829 11,22134.678133766967
3_20240829 12,22265.164722142275
3_20240829 13,23116.569043593405
3_20240829 14,22802.607464365912
3_20240829 15,22826.710186625485
3_20240829 16,22332.136648869026
3_20240829 17,20963.55763732996
3_20240829 18,18527.09208429896
3_20240829 19,16961.804584035086
3_20240829 20,16258.692944423918
3_20240829 21,15748.425505849707
3_20240829 22,14763.860794012802
3_20240829 23,14292.468506028472
3_20240830 00,13862.619600688555
3_20240830 01,13644.851726727642
3_20240830 02,13612.552521159723
3_20240830 03,13536.556443750449
3_20240830 04,13868.20938355351
3_20240830 05,13800.791811388166
3_20240830 06,15867.627177483893
3_20240830 07,19395.836346864937
3_20240830 08,21621.652680370393
3_20240830 09,23843.965073372838
3_20240830 10,23849.65872150877
3_20240830 11,24048.47112150553
3_20240830 12,23881.88250910797
3_20240830 13,23818.00769375541
3_20240830 14,24090.799872678548
3_20240830 15,23635.480701009892
3_20240830 16,22934.815129463375
3_20240830 17,20430.576401078288
3_20240830 18,18626.020793406307
3_20240830 19,18242.590046756355
3_20240830 20,16781.912626045993
3_20240830 21,16187.794870089403
3_20240830 22,14868.105997667117
3_20240830 23,14143.859259188226
3_20240831 00,13278.541484046293
3_20240831 01,13127.882982803361
3_20240831 02,12962.875706121738
3_20240831 03,12463.655230633576
3_20240831 04,12525.438800554966
3_20240831 05,12885.457376310316
3_20240831 06,14744.678906059937
3_20240831 07,15759.296551753312
3_20240831 08,15625.821946357579
3_20240831 09,18131.712228171502
3_20240831 10,18694.586509925422
3_20240831 11,19086.942396685427
3_20240831 12,19478.680811726048
3_20240831 13,19518.341597809904
3_20240831 14,18405.67185544899
3_20240831 15,18070.68129743674
3_20240831 16,17866.21357082552
3_20240831 17,17627.02055272602
3_20240831 18,16180.5851141632
3_20240831 19,14857.821254356
3_20240831 20,14183.440774715333
3_20240831 21,14478.977394763193
3_20240831 22,14207.71984715572
3_20240831 23,13334.217759295496
4_20240825 00,620.3250316312874
4_20240825 01,594.9849117023839
4_20240825 02,600.8742825223031
4_20240825 03,612.3580950086474
4_20240825 04,646.1077066252827
4_20240825 05,780.3375537818538
4_20240825 06,843.0699111279802
4_20240825 07,929.4949793269755
4_20240825 08,1010.5324982438746
4_20240825 09,1057.47991195154
4_20240825 10,1136.159046825866
4_20240825 11,1170.5959832382616
4_20240825 12,1192.56100819687
4_20240825 13,1198.3549124235387
4_20240825 14,1199.6016855312434
4_20240825 15,1190.4827911563245
4_20240825 16,1199.796264478931
4_20240825 17,1188.3986278244658
4_20240825 18,1180.793307936971
4_20240825 19,989.958483724636
4_20240825 20,1008.2241406861316
4_20240825 21,1010.7038197652386
4_20240825 22,794.7532237551695
4_20240825 23,681.0023424911242
4_20240826 00,615.3934754740136
4_20240826 01,591.4043044150312
4_20240826 02,586.9178460473402
4_20240826 03,597.5735119963704
4_20240826 04,622.1996014073635
4_20240826 05,753.2296818831757
4_20240826 06,834.6611244643359
4_20240826 07,875.8078936785183
4_20240826 08,933.8329619640035
4_20240826 09,992.871929738151
4_20240826 10,1062.0480688795294
4_20240826 11,1075.5913256999238
4_20240826 12,1079.9084285542851
4_20240826 13,1086.96120999298
4_20240826 14,1076.8970395848246
4_20240826 15,1059.8798799569715
4_20240826 16,1031.8481717215227
4_20240826 17,1038.6331765132434
4_20240826 18,1026.648196353622
4_20240826 19,901.7136557766247
4_20240826 20,931.5725640833297
4_20240826 21,938.7383106975806
4_20240826 22,747.9359156788194
4_20240826 23,630.7436828323201
4_20240827 00,609.5703345242321
4_20240827 01,586.6267241322312
4_20240827 02,587.5547681107136
4_20240827 03,594.2084605171005
4_20240827 04,622.039586674954
4_20240827 05,745.3999631013404
4_20240827 06,817.6179509612366
4_20240827 07,908.0256895303655
4_20240827 08,928.9664671875046
4_20240827 09,991.1165228883903
4_20240827 10,1023.1240681407933
4_20240827 11,1026.8331140741648
4_20240827 12,1043.7397569715645
4_20240827 13,958.906860932734
4_20240827 14,1027.380051875231
4_20240827 15,1086.0240564516469
4_20240827 16,1107.3740004361655
4_20240827 17,1064.6800023329095
4_20240827 18,1099.8274433914028
4_20240827 19,941.9356035134308
4_20240827 20,873.7311434768726
4_20240827 21,856.9201190477899
4_20240827 22,702.2583061932903
4_20240827 23,619.1701314386702
4_20240828 00,568.2567070659977
4_20240828 01,551.5346817278798
4_20240828 02,553.442495678846
4_20240828 03,565.9440392379305
4_20240828 04,575.404313819316
4_20240828 05,635.2730108468703
4_20240828 06,757.0024964628288
4_20240828 07,870.7603462406269
4_20240828 08,951.5778897478745
4_20240828 09,994.9812654601066
4_20240828 10,1122.1869232966726
4_20240828 11,1162.8681026613565
4_20240828 12,1153.2700662204359
4_20240828 13,1195.7152190397971
4_20240828 14,1095.971670464165
4_20240828 15,1087.5588309356683
4_20240828 16,1082.8748876071647
4_20240828 17,1081.2486726800769
4_20240828 18,1076.990814680731
4_20240828 19,982.5397308746428
4_20240828 20,955.386231237123
4_20240828 21,948.1095143326506
4_20240828 22,783.079393861228
4_20240828 23,642.5729604803868
4_20240829 00,590.2318986019133
4_20240829 01,569.5850364170125
4_20240829 02,569.6356643131732
4_20240829 03,575.6980305416325
4_20240829 04,595.6084796654989
4_20240829 05,706.8206922695585
4_20240829 06,771.2536040576413
4_20240829 07,893.3519837787162
4_20240829 08,947.867662501553
4_20240829 09,953.6024375077214
4_20240829 10,1124.7796515664106
4_20240829 11,1159.7177694491304
4_20240829 12,1183.4933309263167
4_20240829 13,1200.4822680580244
4_20240829 14,1095.1428508616652
4_20240829 15,1093.7173603476583
4_20240829 16,1084.6077531428384
4_20240829 17,1088.8408889086722
4_20240829 18,1195.1613427129626
4_20240829 19,967.4514719630048
4_20240829 20,946.1352036662448
4_20240829 21,941.1535422429516
4_20240829 22,766.58522542695
4_20240829 23,626.255544638014
4_20240830 00,599.5681864490089
4_20240830 01,581.5282519873596
4_20240830 02,584.4053100300324
4_20240830 03,565.3691244113004
4_20240830 04,600.3215997091366
4_20240830 05,707.6339862262926
4_20240830 06,779.674349617558
4_20240830 07,886.4833000383375
4_20240830 08,979.0477274746092
4_20240830 09,1027.9831740890527
4_20240830 10,1157.143322344996
4_20240830 11,1186.6001059279922
4_20240830 12,1210.1155100864617
4_20240830 13,1207.2878448890594
4_20240830 14,1103.0019384155605
4_20240830 15,1095.024736958358
4_20240830 16,1082.4694797640827
4_20240830 17,1083.963067058911
4_20240830 18,1067.7142243211422
4_20240830 19,995.5320532528865
4_20240830 20,1001.7397431615545
4_20240830 21,977.1918639733522
4_20240830 22,754.779126169247
4_20240830 23,641.6292525793906
4_20240831 00,633.6726619555432
4_20240831 01,593.3659162307902
4_20240831 02,574.6605573359359
4_20240831 03,589.2365068403085
4_20240831 04,596.9334225674037
4_20240831 05,655.0231902346068
4_20240831 06,749.8818483419085
4_20240831 07,879.8825554415087
4_20240831 08,908.2584502568051
4_20240831 09,1020.5353707578305
4_20240831 10,1041.2189663126496
4_20240831 11,1129.5075615009223
4_20240831 12,1177.6520618701807
4_20240831 13,1219.0799090497505
4_20240831 14,1094.8225563047051
4_20240831 15,1093.7663440017232
4_20240831 16,1084.5210508336838
4_20240831 17,1086.1422363849767
4_20240831 18,1069.6995080950194
4_20240831 19,988.3212773503401
4_20240831 20,965.8555686917098
4_20240831 21,979.0002769823788
4_20240831 22,798.4123993319403
4_20240831 23,666.749037437714
5_20240825 00,3917.484995948117
5_20240825 01,3781.412302801596
5_20240825 02,3732.04757409543
5_20240825 03,3614.0571718580313
5_20240825 04,3602.5877478864327
5_20240825 05,3562.0938005167563
5_20240825 06,3579.885440562481
5_20240825 07,3613.054622910894
5_20240825 08,4045.9795652541948
5_20240825 09,3937.1933658198755
5_20240825 10,4236.156564352911
5_20240825 11,4378.682828067016
5_20240825 12,4457.594868027941
5_20240825 13,4533.075420104209
5_20240825 14,4496.24183031387
5_20240825 15,4536.903767443163
5_20240825 16,4611.965391629148
5_20240825 17,4546.475365425642
5_20240825 18,4454.5602143702345
5_20240825 19,4362.232237615391
5_20240825 20,4321.242539325042
5_20240825 21,4207.359624187973
5_20240825 22,4149.774486419986
5_20240825 23,4103.230786045997
5_20240826 00,4109.347273718287
5_20240826 01,3975.667453494896
5_20240826 02,3867.51487681073
5_20240826 03,3843.309432959354
5_20240826 04,3737.9810132130347
5_20240826 05,3733.0863165878027
5_20240826 06,3761.629054258057
5_20240826 07,4023.8059624551715
5_20240826 08,4556.55582078239
5_20240826 09,5327.598335832108
5_20240826 10,5993.889656736317
5_20240826 11,6063.113086798481
5_20240826 12,6091.638680200345
5_20240826 13,6220.857648425749
5_20240826 14,6216.886307732448
5_20240826 15,6176.936362063316
5_20240826 16,6056.770399441202
5_20240826 17,5798.938768239524
5_20240826 18,4989.811154465136
5_20240826 19,4646.433201548727
5_20240826 20,4653.9308240431565
5_20240826 21,4612.776281609275
5_20240826 22,4371.888712721643
5_20240826 23,4240.77107095666
5_20240827 00,4096.522913058788
5_20240827 01,3962.858462852476
5_20240827 02,3887.767032432855
5_20240827 03,3805.999788738161
5_20240827 04,3748.263186292099
5_20240827 05,3750.133641654171
5_20240827 06,3707.9572072708092
5_20240827 07,4036.5100147710123
5_20240827 08,4513.971172345114
5_20240827 09,4977.057390929804
5_20240827 10,5530.423290530511
5_20240827 11,5646.799190007792
5_20240827 12,5681.590427997972
5_20240827 13,5693.0210695971045
5_20240827 14,5987.197039018987
5_20240827 15,5960.427148988648
5_20240827 16,5906.388453188863
5_20240827 17,5766.458518008466
5_20240827 18,5160.616060259493
5_20240827 19,4669.91422778931
5_20240827 20,4568.530392682111
5_20240827 21,4363.704074711447
5_20240827 22,4181.834530251756
5_20240827 23,4025.961845110708
5_20240828 00,3892.8751596618426
5_20240828 01,3774.84120661904
5_20240828 02,3710.8625688987877
5_20240828 03,3620.4738385818227
5_20240828 04,3617.8714925835548
5_20240828 05,3592.7226854237433
5_20240828 06,3557.399032912313
5_20240828 07,3827.3085223180365
5_20240828 08,4536.6901332333155
5_20240828 09,5249.982545050963
5_20240828 10,5950.722860846563
5_20240828 11,6172.543198485023
5_20240828 12,6215.718796044172
5_20240828 13,6332.853294296101
5_20240828 14,6415.816246542966
5_20240828 15,6421.992129154452
5_20240828 16,6468.014381105078
5_20240828 17,6121.240816523193
5_20240828 18,5530.046252072223
5_20240828 19,4884.30789350104
5_20240828 20,4842.57023281112
5_20240828 21,4736.7170526327
5_20240828 22,4412.284111893358
5_20240828 23,4278.976899801723
5_20240829 00,4064.5556046961397
5_20240829 01,3857.0833498981997
5_20240829 02,3752.0928138916906
5_20240829 03,3682.961823581001
5_20240829 04,3639.905420142214
5_20240829 05,3560.175441565267
5_20240829 06,3584.8038742520675
5_20240829 07,3876.96955689385
5_20240829 08,4485.442156745546
5_20240829 09,5222.836879532773
5_20240829 10,5789.231917692804
5_20240829 11,6005.760514805333
5_20240829 12,6052.33593071281
5_20240829 13,6311.4264265007
5_20240829 14,6394.149961637967
5_20240829 15,6395.146849050436
5_20240829 16,6344.714946546816
5_20240829 17,6162.194932452458
5_20240829 18,5436.355259504009
5_20240829 19,4802.936625475797
5_20240829 20,4727.593180986948
5_20240829 21,4585.052342770061
5_20240829 22,4344.031714364713
5_20240829 23,4203.860864181434
5_20240830 00,4043.7169560135912
5_20240830 01,3855.607026313902
5_20240830 02,3770.946167954645
5_20240830 03,3706.113956949907
5_20240830 04,3718.7986353888587
5_20240830 05,3588.7980533448103
5_20240830 06,3625.4362919551454
5_20240830 07,3890.466159440747
5_20240830 08,4507.639260091934
5_20240830 09,5347.149412455737
5_20240830 10,5794.112389338451
5_20240830 11,6220.8286319252675
5_20240830 12,6257.477298065407
5_20240830 13,6348.564094104906
5_20240830 14,6556.11453310779
5_20240830 15,6434.5497459906965
5_20240830 16,6391.557144247965
5_20240830 17,6128.326524462475
5_20240830 18,5382.3967176717
5_20240830 19,4837.308564472098
5_20240830 20,4655.09213690688
5_20240830 21,4593.956962543662
5_20240830 22,4260.424584085655
5_20240830 23,4112.541615357311
5_20240831 00,3878.3610691569006
5_20240831 01,3713.474709679281
5_20240831 02,3636.6744911155756
5_20240831 03,3505.5623590774903
5_20240831 04,3471.2405681828245
5_20240831 05,3462.903467810641
5_20240831 06,3449.956810471671
5_20240831 07,3486.5041854830047
5_20240831 08,4016.3007136157007
5_20240831 09,3969.3726623770776
5_20240831 10,4160.070112916949
5_20240831 11,4425.673179818957
5_20240831 12,4500.186903216067
5_20240831 13,4585.655900922751
5_20240831 14,4589.446384982494
5_20240831 15,4641.343251586267
5_20240831 16,4728.765291681274
5_20240831 17,4732.810106336871
5_20240831 18,4519.9706390697265
5_20240831 19,4383.149049029169
5_20240831 20,4237.931486433591
5_20240831 21,4235.184681959656
5_20240831 22,4195.9524824961245
5_20240831 23,4028.3045049279444
6_20240825 00,1472.4868968253284
6_20240825 01,1406.3755449962391
6_20240825 02,1416.896756967007
6_20240825 03,1487.336542935513
6_20240825 04,1571.0195965858388
6_20240825 05,1555.9013788236712
6_20240825 06,1617.957506458023
6_20240825 07,1879.542433472735
6_20240825 08,2552.1726188720513
6_20240825 09,2870.8756677772462
6_20240825 10,3034.1181638361136
6_20240825 11,3000.448808471648
6_20240825 12,3230.0440166592516
6_20240825 13,3320.3809558412245
6_20240825 14,3116.4877646065333
6_20240825 15,3313.4232245077965
6_20240825 16,3463.0518155438986
6_20240825 17,3332.1915666923423
6_20240825 18,3107.6229047351217
6_20240825 19,2447.9277047813857
6_20240825 20,2339.330182815726
6_20240825 21,2322.3938100278365
6_20240825 22,1955.229819778582
6_20240825 23,1763.0506918035505
6_20240826 00,1977.0995996341562
6_20240826 01,1677.0323421433882
6_20240826 02,1764.424536182538
6_20240826 03,1831.6812149639004
6_20240826 04,3344.366011340619
6_20240826 05,3508.6109473650104
6_20240826 06,3683.287659758469
6_20240826 07,3922.1615026521918
6_20240826 08,5008.163762297764
6_20240826 09,5336.3060021632855
6_20240826 10,5480.798853870276
6_20240826 11,5684.084720714989
6_20240826 12,5474.940818949112
6_20240826 13,5689.1233502837595
6_20240826 14,5621.7586269042695
6_20240826 15,5743.771155471505
6_20240826 16,5637.187000866744
6_20240826 17,5285.436218424912
6_20240826 18,4819.309862181764
6_20240826 19,3485.0222279131035
6_20240826 20,3375.184699134208
6_20240826 21,3138.104776295117
6_20240826 22,2534.0713055788906
6_20240826 23,2287.779784832011
6_20240827 00,2088.208568709191
6_20240827 01,1811.4024330253371
6_20240827 02,1837.2785708894592
6_20240827 03,1850.5692253371176
6_20240827 04,3278.4130981463595
6_20240827 05,3432.552159332574
6_20240827 06,3494.7594059117037
6_20240827 07,3776.0164994507254
6_20240827 08,4617.535316774574
6_20240827 09,5042.4148407947105
6_20240827 10,4877.826322614442
6_20240827 11,5090.570109972213
6_20240827 12,5081.4937821919875
6_20240827 13,5004.9868753625115
6_20240827 14,5092.092244714456
6_20240827 15,5182.9703442375
6_20240827 16,5435.532876539634
6_20240827 17,4777.286870549667
6_20240827 18,4464.2687942809525
6_20240827 19,3441.266170537441
6_20240827 20,3004.126576688835
6_20240827 21,2628.9053061332816
6_20240827 22,1953.567355723754
6_20240827 23,1726.104211194757
6_20240828 00,1535.113610675504
6_20240828 01,1527.9482163375778
6_20240828 02,1535.3929285053646
6_20240828 03,1475.7721249862723
6_20240828 04,2629.294365402483
6_20240828 05,2798.2194033126166
6_20240828 06,3317.064849746885
6_20240828 07,3561.4107725262397
6_20240828 08,4748.800696334744
6_20240828 09,5113.2157008130125
6_20240828 10,5400.868309319641
6_20240828 11,5243.652368617347
6_20240828 12,5314.560306151834
6_20240828 13,5465.859213553984
6_20240828 14,5471.371976748426
6_20240828 15,5415.4243232393965
6_20240828 16,5165.068497560622
6_20240828 17,5273.23402947563
6_20240828 18,4860.940159265978
6_20240828 19,3641.7381886493195
6_20240828 20,3146.7879752610497
6_20240828 21,2770.877950185195
6_20240828 22,2168.516904502134
6_20240828 23,2005.0182556345146
6_20240829 00,1518.3263917493175
6_20240829 01,1505.810489279481
6_20240829 02,1485.917106553866
6_20240829 03,1465.476713393259
6_20240829 04,2767.0308129202494
6_20240829 05,2977.697622673908
6_20240829 06,3261.791649062459
6_20240829 07,3755.1141368298063
6_20240829 08,4190.155133282391
6_20240829 09,4288.290697434984
6_20240829 10,4536.759386625485
6_20240829 11,4732.66247465385
6_20240829 12,4688.82834273105
6_20240829 13,4799.443598034436
6_20240829 14,4788.445178382016
6_20240829 15,4838.215002179296
6_20240829 16,4746.276278322248
6_20240829 17,4688.442705828401
6_20240829 18,4472.043673455907
6_20240829 19,3392.9453771043195
6_20240829 20,3097.0169130898093
6_20240829 21,2753.740933835051
6_20240829 22,2225.590912741427
6_20240829 23,1632.0163721801532
6_20240830 00,1530.5622296619913
6_20240830 01,1473.7310893418921
6_20240830 02,1495.7014545550217
6_20240830 03,1492.2410803231376
6_20240830 04,2999.7611723167242
6_20240830 05,3076.733250694575
6_20240830 06,3406.484901698009
6_20240830 07,3734.6270638342685
6_20240830 08,4770.2253744734235
6_20240830 09,5157.607819103983
6_20240830 10,5405.382095159464
6_20240830 11,5472.627260215619
6_20240830 12,5298.038428438476
6_20240830 13,5299.746855192908
6_20240830 14,5374.552739915139
6_20240830 15,5302.098454733373
6_20240830 16,5160.569568196754
6_20240830 17,4824.996702101446
6_20240830 18,4647.11595825869
6_20240830 19,3562.242315379186
6_20240830 20,3337.570943359694
6_20240830 21,2923.120673803112
6_20240830 22,2066.7040766628234
6_20240830 23,1702.4377023911377
6_20240831 00,1444.9291325854488
6_20240831 01,1390.336112306739
6_20240831 02,1383.1672733457854
6_20240831 03,1359.44344168493
6_20240831 04,1478.5693728608833
6_20240831 05,1505.24338949833
6_20240831 06,1618.2350191888202
6_20240831 07,1885.8260300181832
6_20240831 08,2387.948491260971
6_20240831 09,2627.62564429431
6_20240831 10,2565.567771899654
6_20240831 11,2635.1037513883243
6_20240831 12,2757.619010514514
6_20240831 13,2836.7770761874904
6_20240831 14,2841.6852698226526
6_20240831 15,2836.6056673209637
6_20240831 16,3215.5160903513693
6_20240831 17,3198.3579196580936
6_20240831 18,2910.89709984024
6_20240831 19,2378.087079265776
6_20240831 20,2313.7914839380505
6_20240831 21,2303.5322605516426
6_20240831 22,1918.3750267161693
6_20240831 23,1500.0851511097046
7_20240825 00,2071.008946146592
7_20240825 01,2061.2804803599097
7_20240825 02,2398.3660508261637
7_20240825 03,2473.8315090421384
7_20240825 04,2684.3859485618686
7_20240825 05,2532.186882576696
7_20240825 06,1420.878939806029
7_20240825 07,1394.1050723389915
7_20240825 08,1321.7222683559999
7_20240825 09,1892.0273241243272
7_20240825 10,1807.2213401278075
7_20240825 11,2554.854625755031
7_20240825 12,1933.3791719177482
7_20240825 13,2006.1306510050276
7_20240825 14,2047.5280922532172
7_20240825 15,1843.8823087238318
7_20240825 16,1615.441587298574
7_20240825 17,1422.3378014471432
7_20240825 18,2614.2690865112054
7_20240825 19,3165.3265508940635
7_20240825 20,3021.043235575693
7_20240825 21,1251.098284071429
7_20240825 22,1183.8877235611221
7_20240825 23,2187.697536935357
7_20240826 00,3982.8366567344337
7_20240826 01,4598.837284409081
7_20240826 02,4269.146398116943
7_20240826 03,4320.58790754305
7_20240826 04,3695.945403557046
7_20240826 05,3431.120067816368
7_20240826 06,3225.7871710391355
7_20240826 07,3165.0050437939376
7_20240826 08,3217.592277388797
7_20240826 09,2944.432038785364
7_20240826 10,1672.4039560417305
7_20240826 11,2464.0375251160367
7_20240826 12,2646.0423682775054
7_20240826 13,2094.6973259455735
7_20240826 14,2111.073119649594
7_20240826 15,2168.0122961535367
7_20240826 16,2583.9661779094677
7_20240826 17,1998.2543011802952
7_20240826 18,2647.8419942013707
7_20240826 19,3455.694067527063
7_20240826 20,4086.6799619812336
7_20240826 21,3956.6193502392903
7_20240826 22,2800.0743694495304
7_20240826 23,4094.140765016076
7_20240827 00,5258.54604761113
7_20240827 01,5416.4069407218285
7_20240827 02,5144.550663042302
7_20240827 03,4757.5023302978925
7_20240827 04,3991.4476957569573
7_20240827 05,4948.7927021721425
7_20240827 06,4880.598047228907
7_20240827 07,4276.0754183763665
7_20240827 08,4815.3008451523665
7_20240827 09,3645.8440639415257
7_20240827 10,4682.017476699792
7_20240827 11,4283.178054028078
7_20240827 12,3587.9724460608018
7_20240827 13,2985.941676516556
7_20240827 14,2715.9136373231477
7_20240827 15,2730.5162579877683
7_20240827 16,3014.5962290815964
7_20240827 17,4101.906606158932
7_20240827 18,4178.0307544281495
7_20240827 19,3501.34052778527
7_20240827 20,3354.2254862821615
7_20240827 21,2760.434191383955
7_20240827 22,3130.436073782838
7_20240827 23,3355.046652627201
7_20240828 00,3520.1533333321395
7_20240828 01,3552.100649663606
7_20240828 02,3517.357550645504
7_20240828 03,4369.956429157981
7_20240828 04,4740.759666253578
7_20240828 05,4867.689222132287
7_20240828 06,4815.611961984224
7_20240828 07,4653.644634805839
7_20240828 08,3838.600291321484
7_20240828 09,2546.0360321017156
7_20240828 10,2937.199389869168
7_20240828 11,4031.3984119864735
7_20240828 12,4408.7176587302565
7_20240828 13,4574.251504256389
7_20240828 14,4870.99048861476
7_20240828 15,4428.206565248931
7_20240828 16,4817.931901695311
7_20240828 17,4081.5857625941885
7_20240828 18,4147.885316918022
7_20240828 19,5183.512985725556
7_20240828 20,4082.5564968371723
7_20240828 21,3293.3776315877594
7_20240828 22,3439.3407700665766
7_20240828 23,2796.0845815633957
7_20240829 00,3532.201391778026
7_20240829 01,3423.843453279037
7_20240829 02,3540.883837016924
7_20240829 03,3577.8503912324295
7_20240829 04,3877.8465787226432
7_20240829 05,4438.037388045508
7_20240829 06,4715.536725708087
7_20240829 07,4744.204186736488
7_20240829 08,4028.0315400362692
7_20240829 09,3885.9421776032777
7_20240829 10,4242.882990767807
7_20240829 11,4325.309425022598
7_20240829 12,4728.539804574018
7_20240829 13,4271.273644813413
7_20240829 14,4953.271566436505
7_20240829 15,4972.004902422792
7_20240829 16,4876.358896303712
7_20240829 17,4658.084490165533
7_20240829 18,3847.860503648602
7_20240829 19,4568.95179396788
7_20240829 20,3594.8627397313494
7_20240829 21,4355.363775439417
7_20240829 22,3299.0677694702463
7_20240829 23,3551.2870510764747
7_20240830 00,2674.2826001986223
7_20240830 01,3916.553274913895
7_20240830 02,4967.8408217161805
7_20240830 03,5004.0112732245825
7_20240830 04,4904.5682014891745
7_20240830 05,4490.142425609221
7_20240830 06,4932.824427367249
7_20240830 07,4602.904528346122
7_20240830 08,4135.644947502302
7_20240830 09,3384.7282704551785
7_20240830 10,3802.569261830622
7_20240830 11,3127.4452651286274
7_20240830 12,4654.046184814908
7_20240830 13,4752.298407150735
7_20240830 14,5036.089208619008
7_20240830 15,4355.742826203911
7_20240830 16,4206.451529708064
7_20240830 17,4051.9296307462255
7_20240830 18,4408.448945570206
7_20240830 19,2661.767864806522
7_20240830 20,2326.1223794722896
7_20240830 21,2257.26143469569
7_20240830 22,2623.328082532983
7_20240830 23,2787.8393225210316
7_20240831 00,1973.385994498197
7_20240831 01,2833.296828888591
7_20240831 02,3374.5223185439154
7_20240831 03,4212.209116726402
7_20240831 04,4680.5012831496215
7_20240831 05,4754.890208951617
7_20240831 06,4724.132106106148
7_20240831 07,4720.849591667306
7_20240831 08,4466.91199765506
7_20240831 09,3770.777571433899
7_20240831 10,3206.145309803856
7_20240831 11,3723.944924632114
7_20240831 12,3356.912690002021
7_20240831 13,2906.765893129438
7_20240831 14,2839.6554597413615
7_20240831 15,2216.6350562922344
7_20240831 16,2863.071522332333
7_20240831 17,2615.966595138034
7_20240831 18,3203.912582762317
7_20240831 19,2966.749227769196
7_20240831 20,3249.3290343355147
7_20240831 21,3840.783472599479
7_20240831 22,4361.981556503549
7_20240831 23,3115.206352146811
8_20240825 00,615.7764142289279
8_20240825 01,528.0394493925472
8_20240825 02,505.1066668048165
8_20240825 03,539.1841896989365
8_20240825 04,540.7685473904065
8_20240825 05,521.281713138554
8_20240825 06,515.279816806375
8_20240825 07,346.7903849708813
8_20240825 08,447.4467728023483
8_20240825 09,335.0459288299181
8_20240825 10,452.5882097403478
8_20240825 11,484.69095210007123
8_20240825 12,556.8503881560824
8_20240825 13,589.8676380334141
8_20240825 14,625.7251682896027
8_20240825 15,639.7434355417743
8_20240825 16,644.9034064120908
8_20240825 17,641.655641898438
8_20240825 18,635.8138130199372
8_20240825 19,678.1773744589177
8_20240825 20,623.013291217737
8_20240825 21,610.5700435519036
8_20240825 22,600.8629152064295
8_20240825 23,616.1382192376888
8_20240826 00,614.8833878138989
8_20240826 01,615.077547922428
8_20240826 02,590.6292624422964
8_20240826 03,559.8686454287612
8_20240826 04,506.3915792936687
8_20240826 05,487.501978529217
8_20240826 06,486.68221721442234
8_20240826 07,539.9109579274884
8_20240826 08,689.2021144161484
8_20240826 09,970.063964391578
8_20240826 10,1289.525649056834
8_20240826 11,1284.7516620369784
8_20240826 12,1273.361238318841
8_20240826 13,1307.7121777539448
8_20240826 14,1341.5989432057727
8_20240826 15,1323.0041127070722
8_20240826 16,1195.8702892593822
8_20240826 17,945.1301187299357
8_20240826 18,810.5336963927612
8_20240826 19,666.1744372408501
8_20240826 20,633.0302504226572
8_20240826 21,620.8220785943228
8_20240826 22,610.883846790316
8_20240826 23,625.5490732847884
8_20240827 00,669.557735924735
8_20240827 01,635.6067484991441
8_20240827 02,618.0781705537403
8_20240827 03,602.592705688346
8_20240827 04,547.0843774598892
8_20240827 05,527.2491282377972
8_20240827 06,527.1133734584866
8_20240827 07,566.9713319829627
8_20240827 08,709.2642762213374
8_20240827 09,903.9663389454072
8_20240827 10,835.6927691081534
8_20240827 11,1018.4267716829078
8_20240827 12,1024.8723738536316
8_20240827 13,1227.8046037015552
8_20240827 14,1058.4801867480674
8_20240827 15,977.0665830829583
8_20240827 16,1040.767169303748
8_20240827 17,962.1186370843094
8_20240827 18,851.0814999134012
8_20240827 19,684.9443421177733
8_20240827 20,657.8113463408303
8_20240827 21,616.8062253063414
8_20240827 22,610.0227787393097
8_20240827 23,631.8652695198952
8_20240828 00,612.0696696758955
8_20240828 01,597.1878029719089
8_20240828 02,574.0350236949986
8_20240828 03,547.2810353709518
8_20240828 04,514.5013210864754
8_20240828 05,501.1376781083582
8_20240828 06,502.3716265677766
8_20240828 07,530.0653443161939
8_20240828 08,708.137619786797
8_20240828 09,862.4014214380945
8_20240828 10,1229.00555796671
8_20240828 11,1268.2740439396473
8_20240828 12,1384.099316407125
8_20240828 13,1382.667863937708
8_20240828 14,1380.5027109839175
8_20240828 15,1438.0644304859425
8_20240828 16,1259.2793445500051
8_20240828 17,1081.7595145755358
8_20240828 18,895.2211220819802
8_20240828 19,722.9725424696659
8_20240828 20,711.6541874300756
8_20240828 21,688.2555128073839
8_20240828 22,617.0371395921744
8_20240828 23,639.6076439790638
8_20240829 00,609.9894574454431
8_20240829 01,620.5062223439186
8_20240829 02,563.8978880489418
8_20240829 03,532.2435356434844
8_20240829 04,505.72379704625
8_20240829 05,493.40310789124203
8_20240829 06,492.9974708715965
8_20240829 07,520.0737216631325
8_20240829 08,698.0295678243127
8_20240829 09,1012.8892391924069
8_20240829 10,1118.9193716582552
8_20240829 11,1233.250863049403
8_20240829 12,1228.7114345770349
8_20240829 13,1256.0704978252443
8_20240829 14,1295.1983604319867
8_20240829 15,1338.8335908679205
8_20240829 16,1238.5947666694858
8_20240829 17,1020.7859806587668
8_20240829 18,804.2437008546816
8_20240829 19,689.3520181313428
8_20240829 20,673.4942713285717
8_20240829 21,633.1489287887805
8_20240829 22,606.3037329857523
8_20240829 23,635.329030607721
8_20240830 00,611.0925788915442
8_20240830 01,584.2678103551355
8_20240830 02,549.9131814796949
8_20240830 03,523.8918319793726
8_20240830 04,491.24249709038764
8_20240830 05,482.06425624721265
8_20240830 06,494.02577184013273
8_20240830 07,511.55204283502934
8_20240830 08,710.4661724617137
8_20240830 09,1052.4319764525062
8_20240830 10,1175.0535994905663
8_20240830 11,1266.7924961762717
8_20240830 12,1304.5560652646288
8_20240830 13,1321.0228045510016
8_20240830 14,1325.4951891690291
8_20240830 15,1316.2701192168624
8_20240830 16,1210.1370353646773
8_20240830 17,1031.6312565242843
8_20240830 18,867.1101935339226
8_20240830 19,741.0001457745069
8_20240830 20,678.3343368845204
8_20240830 21,630.6324223653015
8_20240830 22,610.9179772218068
8_20240830 23,623.2279571922726
8_20240831 00,609.0655812467214
8_20240831 01,592.0930041717163
8_20240831 02,553.22372774252
8_20240831 03,521.345959253249
8_20240831 04,497.87156586665134
8_20240831 05,497.58464494472616
8_20240831 06,500.8547585380214
8_20240831 07,488.8938630033658
8_20240831 08,510.0559549614504
8_20240831 09,492.8583318542148
8_20240831 10,657.9856558981518
8_20240831 11,645.4598320175177
8_20240831 12,651.6717764464247
8_20240831 13,617.7272583019767
8_20240831 14,618.455418811644
8_20240831 15,644.0183024607743
8_20240831 16,602.7652645809846
8_20240831 17,631.2161036678815
8_20240831 18,608.7630652456164
8_20240831 19,660.6508710775405
8_20240831 20,622.116601444055
8_20240831 21,612.0130544198208
8_20240831 22,606.0744417096056
8_20240831 23,626.1430178937347
9_20240825 00,1982.9988999516315
9_20240825 01,1788.7739623449218
9_20240825 02,1757.3412019308853
9_20240825 03,1749.8237044521875
9_20240825 04,1748.8451359712442
9_20240825 05,1915.2944743748233
9_20240825 06,1965.7500185980018
9_20240825 07,2532.435420390533
9_20240825 08,3015.9320566321867
9_20240825 09,3800.855508143182
9_20240825 10,4073.418298881114
9_20240825 11,4460.0105427802655
9_20240825 12,4311.367218394265
9_20240825 13,4682.088692744004
9_20240825 14,4619.120178682854
9_20240825 15,4724.916341224859
9_20240825 16,4760.020771437771
9_20240825 17,4403.3559571555015
9_20240825 18,3751.9237206566763
9_20240825 19,2827.3393226302774
9_20240825 20,2806.337053255725
9_20240825 21,2652.7495080723456
9_20240825 22,2583.9046712443956
9_20240825 23,2139.709332673772
9_20240826 00,1946.592954611529
9_20240826 01,1752.1486941539044
9_20240826 02,1714.9958697509633
9_20240826 03,1709.9718758057647
9_20240826 04,1702.4607663572922
9_20240826 05,1849.7078827345974
9_20240826 06,2035.1527161842666
9_20240826 07,2598.3735558139615
9_20240826 08,2805.0475264999022
9_20240826 09,3155.4658126048826
9_20240826 10,3741.7786151482046
9_20240826 11,4028.2780526715555
9_20240826 12,4082.616792717653
9_20240826 13,4402.258256158648
9_20240826 14,4520.050622517614
9_20240826 15,4546.4731183985
9_20240826 16,4140.983230717989
9_20240826 17,3223.7543093170957
9_20240826 18,3253.614482237956
9_20240826 19,2892.738259807122
9_20240826 20,2808.962890085434
9_20240826 21,2801.437143561985
9_20240826 22,2614.13860692397
9_20240826 23,2221.099695550445
9_20240827 00,1972.1397358621925
9_20240827 01,1781.933149087873
9_20240827 02,1729.3662449543535
9_20240827 03,1702.3298463871329
9_20240827 04,1718.5961847102292
9_20240827 05,1831.8440830047703
9_20240827 06,2092.872164954174
9_20240827 07,2555.3529490748315
9_20240827 08,2614.1171006586183
9_20240827 09,2964.3618715402054
9_20240827 10,2843.397284270954
9_20240827 11,2980.5419515590916
9_20240827 12,2609.731441433801
9_20240827 13,2664.909058868381
9_20240827 14,2776.1570301640527
9_20240827 15,3032.833379802329
9_20240827 16,3732.4018409257164
9_20240827 17,2935.139156198578
9_20240827 18,2574.1475092596615
9_20240827 19,2474.0237996416176
9_20240827 20,1955.3235910057615
9_20240827 21,2009.5464540678408
9_20240827 22,1784.791835904119
9_20240827 23,1605.532748661943
9_20240828 00,1520.0611579553572
9_20240828 01,1478.625057195675
9_20240828 02,1459.0463880922769
9_20240828 03,1460.5947106139129
9_20240828 04,1466.5478642170885
9_20240828 05,1544.193844375722
9_20240828 06,1659.5031236005414
9_20240828 07,1719.7054159877034
9_20240828 08,1991.3027190484172
9_20240828 09,2303.6910828234904
9_20240828 10,3347.8485104111323
9_20240828 11,2912.8370536757748
9_20240828 12,3505.4094650055363
9_20240828 13,3464.0832858528915
9_20240828 14,3723.9365834463106
9_20240828 15,3749.4231818229473
9_20240828 16,3774.6241109763682
9_20240828 17,3382.826855781003
9_20240828 18,2784.900682998828
9_20240828 19,2055.516160720292
9_20240828 20,2021.7537864091416
9_20240828 21,1980.2132721550222
9_20240828 22,1808.0834805927905
9_20240828 23,1654.6039050308268
9_20240829 00,1537.8675599423837
9_20240829 01,1473.3128180381868
9_20240829 02,1425.6874679219834
9_20240829 03,1450.0005434174236
9_20240829 04,1464.4843728765643
9_20240829 05,1541.794144037491
9_20240829 06,1659.970669670324
9_20240829 07,1712.2694460985324
9_20240829 08,1987.885479533731
9_20240829 09,2510.861307725158
9_20240829 10,3735.19838231482
9_20240829 11,3314.3479066970135
9_20240829 12,3775.387059407516
9_20240829 13,4287.732209714551
9_20240829 14,3624.3664601304745
9_20240829 15,3840.80092836085
9_20240829 16,3602.06063314155
9_20240829 17,2473.128492668864
9_20240829 18,2121.2250073586774
9_20240829 19,2207.949441508432
9_20240829 20,2131.8277778986326
9_20240829 21,1955.993092806072
9_20240829 22,1873.9091635418972
9_20240829 23,1670.6364345221548
9_20240830 00,1628.7175017771926
9_20240830 01,1507.701566425325
9_20240830 02,1468.3872000597812
9_20240830 03,1474.6715461207527
9_20240830 04,1487.2411486186463
9_20240830 05,1574.357338911858
9_20240830 06,1684.873401535709
9_20240830 07,1794.017050942604
9_20240830 08,2428.0412656468907
9_20240830 09,2967.8133514922724
9_20240830 10,4254.448718669607
9_20240830 11,4316.4158976235185
9_20240830 12,4263.68595315213
9_20240830 13,4563.637012408457
9_20240830 14,4691.1142153493165
9_20240830 15,4776.777374333755
9_20240830 16,4384.073281558326
9_20240830 17,4111.24096219614
9_20240830 18,3501.4224507534814
9_20240830 19,2480.9401497598124
9_20240830 20,2645.0510626791915
9_20240830 21,2223.181837436567
9_20240830 22,2004.882176611614
9_20240830 23,1766.258051181154
9_20240831 00,1815.9787707254432
9_20240831 01,1707.6086930153524
9_20240831 02,1671.037357206264
9_20240831 03,1675.2742234311745
9_20240831 04,1677.0365796498584
9_20240831 05,1790.5879775475546
9_20240831 06,1861.8409886864972
9_20240831 07,1981.778860546516
9_20240831 08,2247.4534878580757
9_20240831 09,2878.287286642389
9_20240831 10,3621.5099800232756
9_20240831 11,3816.465478444612
9_20240831 12,3630.9663720747053
9_20240831 13,3803.1541321908007
9_20240831 14,4228.931317876145
9_20240831 15,3767.2921767477455
9_20240831 16,4227.092469676178
9_20240831 17,3629.700446685521
9_20240831 18,3125.899926802925
9_20240831 19,2371.8685430699675
9_20240831 20,2357.0952376287905
9_20240831 21,2242.281082509349
9_20240831 22,2191.862931512086
9_20240831 23,2007.906645710415
10_20240825 00,8534.963006043385
10_20240825 01,7304.420847295864
10_20240825 02,7044.475110225378
10_20240825 03,6407.226405617144
10_20240825 04,6101.132231841878
10_20240825 05,6165.171194560544
10_20240825 06,6069.257298657225
10_20240825 07,6605.777610555218
10_20240825 08,8093.506912363989
10_20240825 09,10800.956389467328
10_20240825 10,12707.59535350191
10_20240825 11,12991.850207209905
10_20240825 12,11457.08575434412
10_20240825 13,13284.063108220967
10_20240825 14,12991.97322615507
10_20240825 15,14163.199456615404
10_20240825 16,14580.38105352572
10_20240825 17,12671.35940819513
10_20240825 18,11687.715471409907
10_20240825 19,11338.822386715578
10_20240825 20,10716.607910262832
10_20240825 21,10250.4344793898
10_20240825 22,9480.672281785874
10_20240825 23,8415.24853144795
10_20240826 00,7701.7878549236975
10_20240826 01,7163.94311035814
10_20240826 02,6746.667523801629
10_20240826 03,6554.352184135952
10_20240826 04,6233.070258479092
10_20240826 05,6435.200109363103
10_20240826 06,6673.501490955166
10_20240826 07,7506.0650621527975
10_20240826 08,8804.517384816048
10_20240826 09,10776.622044701313
10_20240826 10,11682.88972238484
10_20240826 11,12446.794806039674
10_20240826 12,12299.713525583931
10_20240826 13,12331.94956417542
10_20240826 14,12956.75426662611
10_20240826 15,11778.685772851386
10_20240826 16,11504.507466251582
10_20240826 17,11380.6686498307
10_20240826 18,11118.245502836606
10_20240826 19,9989.1488853286
10_20240826 20,9616.488098523998
10_20240826 21,9629.452870868452
10_20240826 22,9118.548283393675
10_20240826 23,8578.028463637223
10_20240827 00,8038.622888506046
10_20240827 01,6907.062252671184
10_20240827 02,6734.340705383657
10_20240827 03,6448.299830470671
10_20240827 04,6215.054893210567
10_20240827 05,6294.463587078598
10_20240827 06,6725.607641568158
10_20240827 07,7522.36353000269
10_20240827 08,7825.175547481743
10_20240827 09,9669.607632274769
10_20240827 10,8972.83536372401
10_20240827 11,9952.203681372632
10_20240827 12,9508.76562227544
10_20240827 13,9536.567774581645
10_20240827 14,9465.520528940557
10_20240827 15,11215.849087799535
10_20240827 16,10382.779020127642
10_20240827 17,9641.454431124028
10_20240827 18,8939.062957503938
10_20240827 19,8009.5904589784905
10_20240827 20,7302.806541686865
10_20240827 21,7157.334805922883
10_20240827 22,5065.218946573715
10_20240827 23,4155.563324197806
10_20240828 00,3804.6704152205675
10_20240828 01,3683.7093107521655
10_20240828 02,3547.899660194599
10_20240828 03,3451.9582714126323
10_20240828 04,3439.1221862903467
10_20240828 05,3330.9390023036094
10_20240828 06,3685.753301922349
10_20240828 07,3830.6152241307504
10_20240828 08,4643.232544595353
10_20240828 09,6348.085946271433
10_20240828 10,9438.294166969865
10_20240828 11,6282.809701509314
10_20240828 12,8079.715903016627
10_20240828 13,6308.214473883767
10_20240828 14,7953.744380391575
10_20240828 15,8627.385399633067
10_20240828 16,6546.322403233044
10_20240828 17,6060.837339725967
10_20240828 18,8227.26266333369
10_20240828 19,8150.534565699413
10_20240828 20,6134.371908322434
10_20240828 21,5778.7579628057265
10_20240828 22,5672.92666935462
10_20240828 23,4650.8876227905375
10_20240829 00,4755.84816841327
10_20240829 01,3970.599483660751
10_20240829 02,3858.011391648761
10_20240829 03,3566.4349031967604
10_20240829 04,3502.7981056990016
10_20240829 05,3594.4171551487907
10_20240829 06,3782.291006828161
10_20240829 07,3982.9566435287734
10_20240829 08,4214.684250607757
10_20240829 09,6720.235284370063
10_20240829 10,10153.42748386899
10_20240829 11,10849.604372591975
10_20240829 12,10181.390029325212
10_20240829 13,11552.33540799148
10_20240829 14,7895.405185093439
10_20240829 15,9756.364613536098
10_20240829 16,9641.529316515007
10_20240829 17,8914.331500262184
10_20240829 18,7281.993291752653
10_20240829 19,6976.678190802992
10_20240829 20,5837.735175955333
10_20240829 21,6077.992855913831
10_20240829 22,6239.832340858646
10_20240829 23,4731.079731321696
10_20240830 00,5451.219274761304
10_20240830 01,5093.4241006547
10_20240830 02,4786.234205038547
10_20240830 03,4916.980081705723
10_20240830 04,4499.480596581691
10_20240830 05,4313.528809356636
10_20240830 06,4506.96293142817
10_20240830 07,4997.1587034090635
10_20240830 08,6128.925872707154
10_20240830 09,9415.763558755745
10_20240830 10,12532.448567615538
10_20240830 11,11576.60242567568
10_20240830 12,12435.582209064221
10_20240830 13,12050.51624655655
10_20240830 14,12099.139921141339
10_20240830 15,14079.205639349811
10_20240830 16,8812.006303124148
10_20240830 17,7735.82387532744
10_20240830 18,6240.1999846714725
10_20240830 19,7121.402916849534
10_20240830 20,7648.211441868723
10_20240830 21,7072.222168958554
10_20240830 22,5499.457982048009
10_20240830 23,5948.395989157716
10_20240831 00,5625.396125545873
10_20240831 01,5547.342959504963
10_20240831 02,5429.179260222767
10_20240831 03,4946.685696195264
10_20240831 04,4297.394059163362
10_20240831 05,4056.3519897447813
10_20240831 06,4435.600511138037
10_20240831 07,4634.9152875493455
10_20240831 08,5064.258621377252
10_20240831 09,6602.038468421425
10_20240831 10,7076.875067057574
10_20240831 11,7761.989587485324
10_20240831 12,8836.89938262036
10_20240831 13,8360.161714690434
10_20240831 14,8494.01493314849
10_20240831 15,7430.175222691874
10_20240831 16,7197.052079640854
10_20240831 17,6550.20153007346
10_20240831 18,9540.051717427776
10_20240831 19,7895.060849879594
10_20240831 20,7587.683200126803
10_20240831 21,6531.289065967724
10_20240831 22,5893.013285300338
10_20240831 23,5019.552682450903
11_20240825 00,1453.0156368201021
11_20240825 01,1172.2905639571818
11_20240825 02,1051.857938566951
11_20240825 03,874.1453884354169
11_20240825 04,809.1341115605494
11_20240825 05,748.222664415144
11_20240825 06,731.8807093015582
11_20240825 07,1037.325526070737
11_20240825 08,1075.222642003618
11_20240825 09,1181.3183084180212
11_20240825 10,1432.636858541497
11_20240825 11,1492.6575723160604
11_20240825 12,1469.263219496245
11_20240825 13,1713.5938841091188
11_20240825 14,1804.0760615470651
11_20240825 15,1793.1038470188303
11_20240825 16,1858.195815743107
11_20240825 17,1858.456056823902
11_20240825 18,1905.6542068974163
11_20240825 19,2058.9727557025417
11_20240825 20,1936.2339088645056
11_20240825 21,2029.2329418355057
11_20240825 22,2004.8767047748852
11_20240825 23,1761.5552042672182
11_20240826 00,1448.5567705884919
11_20240826 01,1178.555403600124
11_20240826 02,1019.0124445720343
11_20240826 03,878.4863655092373
11_20240826 04,816.4160644789691
11_20240826 05,778.9563577328182
11_20240826 06,827.2193352300377
11_20240826 07,1064.9171689217922
11_20240826 08,1165.2069446250066
11_20240826 09,1332.4150503598082
11_20240826 10,1291.1001460220903
11_20240826 11,1345.8781165825594
11_20240826 12,1579.8350634805524
11_20240826 13,1434.6970487118167
11_20240826 14,1570.359519702418
11_20240826 15,1361.4099576984208
11_20240826 16,1297.441380536619
11_20240826 17,1637.6047066646943
11_20240826 18,1827.776323304805
11_20240826 19,2075.618537884397
11_20240826 20,1939.065737138897
11_20240826 21,2021.4285353767423
11_20240826 22,2005.4835648312633
11_20240826 23,1844.2220183631914
11_20240827 00,1456.0691741122778
11_20240827 01,1251.7796680127078
11_20240827 02,1080.9567537812331
11_20240827 03,941.7560330143673
11_20240827 04,871.0239379295742
11_20240827 05,856.3973992341539
11_20240827 06,876.6528153122619
11_20240827 07,1065.692490718119
11_20240827 08,1146.435265770786
11_20240827 09,1107.3731486232361
11_20240827 10,1083.5328703199107
11_20240827 11,1153.1548152121939
11_20240827 12,1094.1538998204967
11_20240827 13,1235.8277059528311
11_20240827 14,1267.1286686836538
11_20240827 15,1288.7048586424364
11_20240827 16,1373.8578219337192
11_20240827 17,1492.182200569972
11_20240827 18,1606.3590053433234
11_20240827 19,1556.273216550588
11_20240827 20,1471.363278993508
11_20240827 21,1501.9403926201353
11_20240827 22,1485.235649663517
11_20240827 23,1256.6732169356308
11_20240828 00,990.8391919503043
11_20240828 01,848.7804862360802
11_20240828 02,703.4524747179846
11_20240828 03,643.8171261358337
11_20240828 04,597.4985621250497
11_20240828 05,590.7231202955392
11_20240828 06,652.9580847122492
11_20240828 07,876.5589477425314
11_20240828 08,968.6013202503823
11_20240828 09,932.988844978055
11_20240828 10,962.2671574076214
11_20240828 11,1044.5411628055783
11_20240828 12,1120.0228762296215
11_20240828 13,1104.453638414545
11_20240828 14,1113.5909034813676
11_20240828 15,1235.5369004825925
11_20240828 16,1200.1962552840619
11_20240828 17,1304.5029050977532
11_20240828 18,1450.0968567131122
11_20240828 19,1787.3290366303147
11_20240828 20,1632.4207176137975
11_20240828 21,1749.3332044263652
11_20240828 22,1652.42295852308
11_20240828 23,1282.1685134371046
11_20240829 00,1136.524317089394
11_20240829 01,978.1461831668764
11_20240829 02,907.7465056495299
11_20240829 03,654.0886630579635
11_20240829 04,617.3318037106736
11_20240829 05,628.9305096183284
11_20240829 06,695.7200633219963
11_20240829 07,877.5104169336504
11_20240829 08,914.3146959734278
11_20240829 09,937.6055772726503
11_20240829 10,1008.3257555551638
11_20240829 11,1232.8459837575563
11_20240829 12,1317.7095655301505
11_20240829 13,1224.1135015958394
11_20240829 14,1316.1019328836408
11_20240829 15,1566.8359181492426
11_20240829 16,1511.8826391435198
11_20240829 17,1355.9677484748
11_20240829 18,1560.201248632652
11_20240829 19,1747.929404435071
11_20240829 20,1681.0042911264702
11_20240829 21,1555.6740415002116
11_20240829 22,1565.4238763477185
11_20240829 23,1346.1563423617272
11_20240830 00,1152.3312749676004
11_20240830 01,889.6025946038324
11_20240830 02,726.7830223911023
11_20240830 03,649.0154526793319
11_20240830 04,603.6618509402872
11_20240830 05,595.9736857478886
11_20240830 06,661.1435807195502
11_20240830 07,899.0393644671985
11_20240830 08,949.2806367603048
11_20240830 09,958.13934244498
11_20240830 10,1092.688840588935
11_20240830 11,1212.408945269629
11_20240830 12,1386.5696537903516
11_20240830 13,1389.757996150505
11_20240830 14,1642.2946642313273
11_20240830 15,1708.6283990755358
11_20240830 16,1564.5991231908974
11_20240830 17,1826.0504344345934
11_20240830 18,1721.9531214232354
11_20240830 19,1890.115789072783
11_20240830 20,1778.542043361991
11_20240830 21,1517.0768912094056
11_20240830 22,1395.0980049002142
11_20240830 23,1238.427588982942
11_20240831 00,958.8796911876569
11_20240831 01,799.8464271256742
11_20240831 02,647.8402589004136
11_20240831 03,600.2610406858547
11_20240831 04,586.3374316959736
11_20240831 05,585.4518965060957
11_20240831 06,637.5935746635178
11_20240831 07,887.0245769079373
11_20240831 08,908.5249082614052
11_20240831 09,994.4322029136287
11_20240831 10,1063.1501732282868
11_20240831 11,1110.0422989641365
11_20240831 12,1231.0613273779297
11_20240831 13,1261.0590082127299
11_20240831 14,1245.565391205599
11_20240831 15,1427.7331032103953
11_20240831 16,1486.9554365912968
11_20240831 17,1409.1209937985993
11_20240831 18,1542.253333567505
11_20240831 19,1664.0173137664829
11_20240831 20,1593.2125942148166
11_20240831 21,1523.5359394077627
11_20240831 22,1532.7542178300475
11_20240831 23,1358.7185723061789
12_20240825 00,4916.6848768109385
12_20240825 01,4837.487241110991
12_20240825 02,4726.035217824773
12_20240825 03,4690.966791963697
12_20240825 04,4643.738506276179
12_20240825 05,4561.099772177489
12_20240825 06,4568.259816070782
12_20240825 07,4883.484391023152
12_20240825 08,5029.294707657318
12_20240825 09,4546.070466350555
12_20240825 10,4855.022551096617
12_20240825 11,5040.545775143541
12_20240825 12,5204.862888183406
12_20240825 13,5315.177878606303
12_20240825 14,5797.061648411201
12_20240825 15,6022.536098733766
12_20240825 16,6201.968455787184
12_20240825 17,6152.926773280343
12_20240825 18,5849.471702617454
12_20240825 19,5974.713753025558
12_20240825 20,5910.9476597659395
12_20240825 21,5839.671928204056
12_20240825 22,5517.4282499504725
12_20240825 23,4977.981059799323
12_20240826 00,5091.510372407816
12_20240826 01,4925.707090690575
12_20240826 02,4855.551049883569
12_20240826 03,4827.516316968938
12_20240826 04,4771.898594528119
12_20240826 05,4780.629425345911
12_20240826 06,4915.446043503511
12_20240826 07,5651.762067819199
12_20240826 08,6411.852120910887
12_20240826 09,7753.8343050606445
12_20240826 10,8454.569793461673
12_20240826 11,8389.77211456189
12_20240826 12,8599.167883895523
12_20240826 13,8562.806415942352
12_20240826 14,8775.763812666066
12_20240826 15,8537.016461342173
12_20240826 16,8536.869593534011
12_20240826 17,8358.350659448965
12_20240826 18,7179.562847513415
12_20240826 19,6470.279109469651
12_20240826 20,6374.2180458333
12_20240826 21,6348.741432670734
12_20240826 22,5797.5512130819225
12_20240826 23,5314.363765765261
12_20240827 00,5145.533925806807
12_20240827 01,5027.388226987662
12_20240827 02,4882.852630800277
12_20240827 03,4886.5984548296865
12_20240827 04,4892.157674936938
12_20240827 05,4885.289576499813
12_20240827 06,5007.5794985394705
12_20240827 07,5769.558737352997
12_20240827 08,6526.621209799518
12_20240827 09,7471.419364298167
12_20240827 10,7786.868076953827
12_20240827 11,8111.697584668097
12_20240827 12,7842.804693306958
12_20240827 13,8131.738775736711
12_20240827 14,8220.08138750311
12_20240827 15,8199.46634213009
12_20240827 16,8103.590915960838
12_20240827 17,7857.665912707185
12_20240827 18,7103.506280489392
12_20240827 19,6341.064484288764
12_20240827 20,6293.598169065622
12_20240827 21,6207.032108965628
12_20240827 22,5699.2608219612885
12_20240827 23,5176.969010590265
12_20240828 00,4888.994855600305
12_20240828 01,4708.569867269659
12_20240828 02,4589.53640261604
12_20240828 03,4583.548257075159
12_20240828 04,4584.345002105307
12_20240828 05,4583.892510428799
12_20240828 06,4683.806057148234
12_20240828 07,5184.319262869817
12_20240828 08,6186.667097586018
12_20240828 09,7415.319726274641
12_20240828 10,7689.185497243481
12_20240828 11,8139.849898998944
12_20240828 12,7846.085931471284
12_20240828 13,8089.758976426937
12_20240828 14,8112.935056170533
12_20240828 15,8241.422354806
12_20240828 16,8342.969881032208
12_20240828 17,8070.700510652822
12_20240828 18,7052.763086739749
12_20240828 19,6401.160684525783
12_20240828 20,6319.774335015636
12_20240828 21,6250.394190262549
12_20240828 22,5813.847525339958
12_20240828 23,5280.932329641492
12_20240829 00,5113.910521572807
12_20240829 01,4949.653848624368
12_20240829 02,4796.862543672283
12_20240829 03,4535.297818775834
12_20240829 04,4490.050718261833
12_20240829 05,4529.087496776705
12_20240829 06,4635.505569779859
12_20240829 07,5163.916519710691
12_20240829 08,5942.6347897644655
12_20240829 09,7082.399363977176
12_20240829 10,7367.045022879824
12_20240829 11,7675.4318319350705
12_20240829 12,7830.688573542133
12_20240829 13,7693.874398305151
12_20240829 14,7963.652420258541
12_20240829 15,8501.803639798229
12_20240829 16,8149.639163179281
12_20240829 17,7838.856771515172
12_20240829 18,7003.374206716591
12_20240829 19,6361.837887638306
12_20240829 20,6284.289731293201
12_20240829 21,6229.044126473798
12_20240829 22,5729.077777776776
12_20240829 23,5162.697963902336
12_20240830 00,4906.893063287632
12_20240830 01,4678.72088743955
12_20240830 02,4561.880128826782
12_20240830 03,4534.498745031823
12_20240830 04,4545.152295732089
12_20240830 05,4533.045714534793
12_20240830 06,4661.478637428408
12_20240830 07,5196.745044178292
12_20240830 08,6085.64806193287
12_20240830 09,7172.735094398854
12_20240830 10,7782.464550031023
12_20240830 11,8034.323114021342
12_20240830 12,8290.024394880134
12_20240830 13,8618.402476465806
12_20240830 14,8782.346638670559
12_20240830 15,8785.253382135063
12_20240830 16,8796.967682441089
12_20240830 17,8640.222454758936
12_20240830 18,7246.276910590871
12_20240830 19,6402.4332983348595
12_20240830 20,6149.928077058701
12_20240830 21,6094.341773245573
12_20240830 22,5688.747332679825
12_20240830 23,5100.381616545523
12_20240831 00,4697.355387513478
12_20240831 01,4605.201037060805
12_20240831 02,4466.935272541874
12_20240831 03,4404.25281709549
12_20240831 04,4390.384223153558
12_20240831 05,4406.775355068853
12_20240831 06,4423.239520681907
12_20240831 07,4556.764445477111
12_20240831 08,4819.339626511582
12_20240831 09,4576.66102024988
12_20240831 10,4841.352002351325
12_20240831 11,5081.563961786575
12_20240831 12,5180.697039206709
12_20240831 13,5327.237394384806
12_20240831 14,5595.456261863273
12_20240831 15,6070.79754439302
12_20240831 16,5977.407679994725
12_20240831 17,5929.377650159707
12_20240831 18,5884.055976834499
12_20240831 19,5923.97762447616
12_20240831 20,5631.907096826964
12_20240831 21,5644.656589352911
12_20240831 22,5365.858330641552
12_20240831 23,4910.01237796756
13_20240825 00,2139.3170010874114
13_20240825 01,2120.607610390746
13_20240825 02,2075.923336327496
13_20240825 03,2073.5470536204684
13_20240825 04,1985.9755225262768
13_20240825 05,1868.067011906263
13_20240825 06,1895.5032553912054
13_20240825 07,1832.5325180558307
13_20240825 08,1856.1927918801532
13_20240825 09,1819.9674270506719
13_20240825 10,1815.9120336427382
13_20240825 11,1820.2760422890233
13_20240825 12,1771.2414549033888
13_20240825 13,1808.155279504441
13_20240825 14,1689.1385806799085
13_20240825 15,1758.5716451549454
13_20240825 16,1891.420313851561
13_20240825 17,1907.4171170849913
13_20240825 18,2049.2824213422505
13_20240825 19,2050.4931745009667
13_20240825 20,2080.2209021940785
13_20240825 21,2097.629048163395
13_20240825 22,2054.286523975919
13_20240825 23,2083.908695120821
13_20240826 00,2544.584157143195
13_20240826 01,2541.5416088892857
13_20240826 02,2540.16430304349
13_20240826 03,2506.9504139685455
13_20240826 04,2174.123481065447
13_20240826 05,2065.5708040134305
13_20240826 06,2063.4705115082834
13_20240826 07,2095.084589918668
13_20240826 08,2256.8769902136946
13_20240826 09,2986.5945240590904
13_20240826 10,3304.951500887708
13_20240826 11,3208.300313838378
13_20240826 12,3082.5167472706794
13_20240826 13,3177.896181373698
13_20240826 14,2851.5367793925648
13_20240826 15,3085.2250202583705
13_20240826 16,2752.1365556195005
13_20240826 17,2748.2532367509534
13_20240826 18,2668.228087748448
13_20240826 19,2356.397204095089
13_20240826 20,2324.0823666325546
13_20240826 21,2300.3214878545787
13_20240826 22,2234.4681031773794
13_20240826 23,2377.8927876509542
13_20240827 00,2551.2864203781005
13_20240827 01,2571.407270578709
13_20240827 02,2554.5805994951015
13_20240827 03,2555.8723866517435
13_20240827 04,2215.7503376188624
13_20240827 05,2096.6429818702572
13_20240827 06,2100.6106831198895
13_20240827 07,2117.148262046692
13_20240827 08,2254.726257519883
13_20240827 09,2741.5609892636135
13_20240827 10,3070.2549591370225
13_20240827 11,3112.408098720699
13_20240827 12,2913.749208331241
13_20240827 13,3058.242790484803
13_20240827 14,2789.2127310770907
13_20240827 15,2883.69538555898
13_20240827 16,2748.8689658475496
13_20240827 17,2606.66105890802
13_20240827 18,2563.5455425294963
13_20240827 19,2352.728395079051
13_20240827 20,2134.7775252903652
13_20240827 21,2058.9076328748556
13_20240827 22,1922.5864623449477
13_20240827 23,2129.613989006321
13_20240828 00,2322.9280852463603
13_20240828 01,2321.99772000251
13_20240828 02,2321.875593641394
13_20240828 03,2294.65698515961
13_20240828 04,1836.705654980749
13_20240828 05,1729.904609927463
13_20240828 06,1740.1324858535388
13_20240828 07,1750.8777444139598
13_20240828 08,2049.6620126165976
13_20240828 09,2475.3840208625934
13_20240828 10,2937.7135996550496
13_20240828 11,3043.0219282017365
13_20240828 12,2972.5246274578362
13_20240828 13,3011.8482391897223
13_20240828 14,2615.0069917330607
13_20240828 15,2865.0410718658595
13_20240828 16,2522.6270412050853
13_20240828 17,2422.2824247664985
13_20240828 18,2435.7299052463345
13_20240828 19,2112.5793884746167
13_20240828 20,2080.757133332722
13_20240828 21,2071.351345967662
13_20240828 22,1945.5195856298385
13_20240828 23,2160.3914335091936
13_20240829 00,2252.0868826129586
13_20240829 01,2270.569315210779
13_20240829 02,2162.0882540427397
13_20240829 03,2172.2293271887916
13_20240829 04,1850.9852572823374
13_20240829 05,1824.0159490296348
13_20240829 06,1744.9594147079638
13_20240829 07,1835.0661581810136
13_20240829 08,1916.7925297124825
13_20240829 09,2398.414977774525
13_20240829 10,2896.257128086752
13_20240829 11,2938.676884809193
13_20240829 12,2858.6757849430833
13_20240829 13,2593.2131367834268
13_20240829 14,2478.670963617876
13_20240829 15,2585.700424014039
13_20240829 16,2311.690810972702
13_20240829 17,2498.022680420101
13_20240829 18,2469.765334276744
13_20240829 19,2207.568986198761
13_20240829 20,2147.8104908170308
13_20240829 21,2067.45449704326
13_20240829 22,2048.5097190562
13_20240829 23,2155.414208283727
13_20240830 00,2412.3205659136224
13_20240830 01,2448.8283724083926
13_20240830 02,2419.8550280719182
13_20240830 03,2404.4854482385845
13_20240830 04,1913.1760326099268
13_20240830 05,1776.970907803851
13_20240830 06,1786.2568583272887
13_20240830 07,1810.8386804853913
13_20240830 08,2052.8526828089016
13_20240830 09,2451.736857034766
13_20240830 10,2958.870344631733
13_20240830 11,2987.2393706361745
13_20240830 12,2806.87126271933
13_20240830 13,3026.1829882485804
13_20240830 14,2297.580927840083
13_20240830 15,2420.055012572807
13_20240830 16,2316.5547842157243
13_20240830 17,2404.1949811837085
13_20240830 18,2336.9925676774055
13_20240830 19,2105.311708531227
13_20240830 20,2033.676139874823
13_20240830 21,1954.2468482730637
13_20240830 22,1891.0563025382103
13_20240830 23,2106.9412686699116
13_20240831 00,2216.5546125764163
13_20240831 01,2050.3016056584656
13_20240831 02,1990.2446622453897
13_20240831 03,1973.2472797095331
13_20240831 04,1772.2575521082501
13_20240831 05,1736.1196054661777
13_20240831 06,1737.119857729228
13_20240831 07,1705.4592932773019
13_20240831 08,1677.3740856444276
13_20240831 09,1756.1728752169893
13_20240831 10,1655.822054931919
13_20240831 11,1585.127870524036
13_20240831 12,1559.8898641765936
13_20240831 13,1615.8906454682217
13_20240831 14,1389.5293891679687
13_20240831 15,1474.366117866616
13_20240831 16,1478.497650444775
13_20240831 17,1556.1091495656303
13_20240831 18,1745.1715561846022
13_20240831 19,1914.5841682467149
13_20240831 20,2031.9721889095915
13_20240831 21,2056.2457561350466
13_20240831 22,1997.5038099626818
13_20240831 23,2104.2460546956854
14_20240825 00,3173.6128095486492
14_20240825 01,3106.680862234799
14_20240825 02,3043.569862568193
14_20240825 03,2983.066388254663
14_20240825 04,2793.384004059855
14_20240825 05,2766.215182495765
14_20240825 06,2756.244664833679
14_20240825 07,2776.452976624287
14_20240825 08,3351.546447723887
14_20240825 09,3220.8004456856174
14_20240825 10,3402.138842750409
14_20240825 11,3576.3691681626888
14_20240825 12,3620.5762856564347
14_20240825 13,3782.4954135010066
14_20240825 14,3818.074589269908
14_20240825 15,3942.2177590178376
14_20240825 16,3844.3442902958454
14_20240825 17,3910.0803034743176
14_20240825 18,3853.9786096092425
14_20240825 19,3837.787967063081
14_20240825 20,3811.391461092242
14_20240825 21,3680.5960433303544
14_20240825 22,3416.1716596093647
14_20240825 23,3322.648725530323
14_20240826 00,3282.3361351047406
14_20240826 01,3193.538970026165
14_20240826 02,3129.8489797886587
14_20240826 03,3132.496224856038
14_20240826 04,3013.080439412562
14_20240826 05,3014.156367835953
14_20240826 06,3105.2850040093535
14_20240826 07,3325.5034790806635
14_20240826 08,4422.044556698936
14_20240826 09,6599.026772455434
14_20240826 10,6733.510635084262
14_20240826 11,6877.385216953453
14_20240826 12,6707.546596697831
14_20240826 13,6981.1583693018365
14_20240826 14,6956.170224397097
14_20240826 15,6951.203221077238
14_20240826 16,7014.4352298123795
14_20240826 17,6286.3499504158535
14_20240826 18,5013.100268865979
14_20240826 19,4280.878681104079
14_20240826 20,4208.750996303565
14_20240826 21,4073.6719533372975
14_20240826 22,3647.4052374993885
14_20240826 23,3451.5199274288902
14_20240827 00,3290.1401250474137
14_20240827 01,3203.26692506819
14_20240827 02,3209.726429906192
14_20240827 03,3145.917235672962
14_20240827 04,3191.2722187635836
14_20240827 05,3135.7698539102194
14_20240827 06,3247.8049528730476
14_20240827 07,3456.8618003734846
14_20240827 08,4221.020853809498
14_20240827 09,6288.940058351641
14_20240827 10,6484.08369334114
14_20240827 11,6485.822645140677
14_20240827 12,6324.114282615708
14_20240827 13,6542.02211632444
14_20240827 14,6578.9279696322565
14_20240827 15,6585.5343445501785
14_20240827 16,6357.091137392611
14_20240827 17,5840.252653699816
14_20240827 18,4867.2991720967375
14_20240827 19,4070.925964203795
14_20240827 20,3930.193853903307
14_20240827 21,3881.361568242488
14_20240827 22,3452.6969108239437
14_20240827 23,3305.820580446286
14_20240828 00,3106.973857746426
14_20240828 01,2913.1418239117315
14_20240828 02,2887.333809669199
14_20240828 03,2827.8663698446985
14_20240828 04,2819.09252698665
14_20240828 05,2825.760955295216
14_20240828 06,2916.217154462704
14_20240828 07,3004.7679886765395
14_20240828 08,3640.892086700319
14_20240828 09,5886.710204609668
14_20240828 10,6423.957281001279
14_20240828 11,6482.562999926409
14_20240828 12,6364.182897556165
14_20240828 13,6589.4252803493355
14_20240828 14,6715.672333370475
14_20240828 15,6744.9931058485445
14_20240828 16,7081.952560137089
14_20240828 17,6297.3293195648785
14_20240828 18,5043.83454010329
14_20240828 19,4423.507013823616
14_20240828 20,4206.692780607039
14_20240828 21,4067.1722289341747
14_20240828 22,3658.97167853257
14_20240828 23,3474.1957748463797
14_20240829 00,3301.3014107253234
14_20240829 01,3164.0426174227755
14_20240829 02,2926.214601178169
14_20240829 03,2865.6293653120097
14_20240829 04,2845.608210168263
14_20240829 05,2800.7976693592377
14_20240829 06,2930.158201546257
14_20240829 07,3029.24325712173
14_20240829 08,3613.120332046287
14_20240829 09,6009.11339979743
14_20240829 10,5374.642147669784
14_20240829 11,5725.627623403726
14_20240829 12,5702.8500895414145
14_20240829 13,6547.6065548212555
14_20240829 14,6527.543566972526
14_20240829 15,6613.755265433434
14_20240829 16,6608.786169805202
14_20240829 17,6222.2564243716815
14_20240829 18,4691.215546532706
14_20240829 19,4199.622396968906
14_20240829 20,4111.945951570035
14_20240829 21,3961.903609020057
14_20240829 22,3550.1332385896767
14_20240829 23,3380.504197806783
14_20240830 00,3107.209063366286
14_20240830 01,2942.513226803708
14_20240830 02,2881.010336169183
14_20240830 03,2864.2761520253675
14_20240830 04,2856.554547994835
14_20240830 05,2851.053992757978
14_20240830 06,2934.509426184248
14_20240830 07,3058.8997011155457
14_20240830 08,3724.393913402709
14_20240830 09,6145.264429117622
14_20240830 10,6413.415284981325
14_20240830 11,6856.8158472006
14_20240830 12,6336.6991764056
14_20240830 13,6984.640227892158
14_20240830 14,6979.273893553065
14_20240830 15,7027.296705032348
14_20240830 16,7071.821636778537
14_20240830 17,6599.990197504824
14_20240830 18,4977.383387490989
14_20240830 19,4223.465308107916
14_20240830 20,4043.358585142475
14_20240830 21,3882.009207083542
14_20240830 22,3430.3378494199796
14_20240830 23,3289.4355711816584
14_20240831 00,2989.9886908920053
14_20240831 01,2864.162742889675
14_20240831 02,2826.0676004384177
14_20240831 03,2730.256403356453
14_20240831 04,2702.905295092145
14_20240831 05,2684.7676390348993
14_20240831 06,2682.255885517304
14_20240831 07,2705.723108081944
14_20240831 08,3050.8920386065156
14_20240831 09,3384.0116388421293
14_20240831 10,3395.9867457497535
14_20240831 11,3478.2151280172307
14_20240831 12,3567.3188240881004
14_20240831 13,3798.722191159111
14_20240831 14,3979.835118904086
14_20240831 15,4063.165480501383
14_20240831 16,4069.2753997113227
14_20240831 17,4050.1390889236245
14_20240831 18,3997.49847259779
14_20240831 19,3735.148546541054
14_20240831 20,3607.4665714465464
14_20240831 21,3561.1298789012353
14_20240831 22,3378.329814195683
14_20240831 23,3281.8477610997325
15_20240825 00,2851.417455817534
15_20240825 01,2847.225085006322
15_20240825 02,2889.727189928957
15_20240825 03,2893.530889269324
15_20240825 04,2850.447076916224
15_20240825 05,2892.3843142235137
15_20240825 06,2784.5585212400756
15_20240825 07,2806.9587552909647
15_20240825 08,2506.4354929142955
15_20240825 09,2235.33771421727
15_20240825 10,2194.7734124826384
15_20240825 11,2368.3345062719504
15_20240825 12,2189.691126386688
15_20240825 13,2148.7372242090337
15_20240825 14,2232.763052793322
15_20240825 15,2435.6763885941627
15_20240825 16,2544.753021185346
15_20240825 17,2910.835262671005
15_20240825 18,2941.0170164684896
15_20240825 19,3016.8853352619285
15_20240825 20,2902.575988284513
15_20240825 21,2904.0672474782814
15_20240825 22,2891.123971361949
15_20240825 23,2885.768037608258
15_20240826 00,3063.0536351400638
15_20240826 01,3054.3839310769877
15_20240826 02,3066.452291632903
15_20240826 03,3090.556352890352
15_20240826 04,3088.7860409792966
15_20240826 05,3139.7206271753694
15_20240826 06,3328.9452417768225
15_20240826 07,3758.2663141073344
15_20240826 08,3980.8599445513973
15_20240826 09,4667.77783858492
15_20240826 10,4575.703123702051
15_20240826 11,4539.394996673225
15_20240826 12,4465.633975369761
15_20240826 13,4553.715242871499
15_20240826 14,4691.995838201613
15_20240826 15,4781.6503347032585
15_20240826 16,4722.630580732043
15_20240826 17,4615.155985078889
15_20240826 18,3857.119552573048
15_20240826 19,3342.380231497552
15_20240826 20,3258.284577282611
15_20240826 21,3231.1127457063576
15_20240826 22,3209.978376640288
15_20240826 23,3168.176581831143
15_20240827 00,3186.815316834047
15_20240827 01,3064.7498020073767
15_20240827 02,3070.7642264444416
15_20240827 03,3084.5737643641974
15_20240827 04,3054.4214879440924
15_20240827 05,3073.6324530806587
15_20240827 06,3231.7127482130686
15_20240827 07,3525.9627590090495
15_20240827 08,3551.6824260795615
15_20240827 09,4151.923069831517
15_20240827 10,3794.5586684441446
15_20240827 11,3189.4593939394867
15_20240827 12,3575.322610409231
15_20240827 13,3783.0397655299453
15_20240827 14,3876.3700355302844
15_20240827 15,4059.410075272426
15_20240827 16,4082.697685559461
15_20240827 17,4310.576316105617
15_20240827 18,3956.133300382126
15_20240827 19,3576.451907034061
15_20240827 20,3335.507996082437
15_20240827 21,3320.932097067919
15_20240827 22,3291.364149473202
15_20240827 23,3176.90631516476
15_20240828 00,2922.4786542754355
15_20240828 01,2912.450020131311
15_20240828 02,2902.165016164094
15_20240828 03,2847.946865660756
15_20240828 04,2891.1474332479943
15_20240828 05,2845.3249225548293
15_20240828 06,2871.6129779630123
15_20240828 07,3066.1089252303996
15_20240828 08,3480.8663254575795
15_20240828 09,3768.1840535305023
15_20240828 10,3803.947428308198
15_20240828 11,4015.211532214631
15_20240828 12,3857.8840851218642
15_20240828 13,3956.038520842813
15_20240828 14,3992.823046479219
15_20240828 15,4090.503866023334
15_20240828 16,4244.183942016791
15_20240828 17,4169.092085905525
15_20240828 18,3849.261494492844
15_20240828 19,3429.9710787932636
15_20240828 20,3360.5269818531283
15_20240828 21,3336.2479369769158
15_20240828 22,3315.2156825550555
15_20240828 23,3292.0707804457625
15_20240829 00,2983.157115200252
15_20240829 01,2973.383508923338
15_20240829 02,2854.166728778471
15_20240829 03,2803.61783994845
15_20240829 04,2760.3848015192243
15_20240829 05,2724.310324187048
15_20240829 06,2728.286148830624
15_20240829 07,2810.4151156990392
15_20240829 08,3123.660213624073
15_20240829 09,3231.9762792934603
15_20240829 10,3150.3913060617997
15_20240829 11,3037.0687991147306
15_20240829 12,3091.0382458195986
15_20240829 13,3157.0535297724814
15_20240829 14,3144.0150786578984
15_20240829 15,3361.080894916373
15_20240829 16,3460.7677487014125
15_20240829 17,3491.2421205633846
15_20240829 18,3277.828399482928
15_20240829 19,3285.1954194873124
15_20240829 20,3219.574440961311
15_20240829 21,3193.739117552586
15_20240829 22,3121.8157586637262
15_20240829 23,3082.807151922459
15_20240830 00,2944.6750174554313
15_20240830 01,2943.9984833851067
15_20240830 02,2827.194201313708
15_20240830 03,2811.041197180352
15_20240830 04,2735.2693610398737
15_20240830 05,2727.846026697977
15_20240830 06,2729.6017722693387
15_20240830 07,2997.9546939288743
15_20240830 08,3262.443307385735
15_20240830 09,3848.4323011924293
15_20240830 10,3393.1962944578563
15_20240830 11,3963.681962540149
15_20240830 12,3862.7984521795543
15_20240830 13,3886.931808039354
15_20240830 14,3997.3144439371886
15_20240830 15,4115.073382556591
15_20240830 16,4053.114445711936
15_20240830 17,4090.167121026246
15_20240830 18,3528.825464978795
15_20240830 19,3067.3071422815965
15_20240830 20,3025.6438611425733
15_20240830 21,3014.7445611693247
15_20240830 22,2936.0715415606865
15_20240830 23,2916.7437016857166
15_20240831 00,2669.159720758884
15_20240831 01,2638.9782362726746
15_20240831 02,2590.1168191791085
15_20240831 03,2558.594759567201
15_20240831 04,2547.5254120840596
15_20240831 05,2516.3404123105506
15_20240831 06,2482.303011318832
15_20240831 07,2331.900439983196
15_20240831 08,2208.6790473939927
15_20240831 09,2039.0996533834384
15_20240831 10,1613.7941285588802
15_20240831 11,1600.9556750895258
15_20240831 12,1657.3600617804595
15_20240831 13,2115.063085773218
15_20240831 14,2162.486229721893
15_20240831 15,2366.174114734075
15_20240831 16,2559.369113541576
15_20240831 17,2725.0313032124673
15_20240831 18,2825.6592651395217
15_20240831 19,2902.8853112944794
15_20240831 20,2890.278375500688
15_20240831 21,2888.394102746683
15_20240831 22,2893.631128416732
15_20240831 23,2831.0801124675095
16_20240825 00,766.4614622451577
16_20240825 01,761.6226267280259
16_20240825 02,767.4658219468861
16_20240825 03,765.6277492942094
16_20240825 04,753.9892850914092
16_20240825 05,820.2434882745101
16_20240825 06,789.653228195763
16_20240825 07,762.2936774792834
16_20240825 08,782.4777243583122
16_20240825 09,802.6277333940981
16_20240825 10,801.8748850592892
16_20240825 11,827.5224729312706
16_20240825 12,828.2202777561184
16_20240825 13,834.0849485389231
16_20240825 14,861.2002253597346
16_20240825 15,861.6753508870754
16_20240825 16,854.3029972192571
16_20240825 17,847.5569357134984
16_20240825 18,806.0978782603883
16_20240825 19,821.590612536843
16_20240825 20,793.7769061069569
16_20240825 21,788.6002683383408
16_20240825 22,778.5652035092453
16_20240825 23,774.5510776681655
16_20240826 00,782.1124565883533
16_20240826 01,781.5504905856857
16_20240826 02,786.611908325201
16_20240826 03,784.7108924366062
16_20240826 04,831.917181549416
16_20240826 05,1008.6119499665401
16_20240826 06,1186.465421607012
16_20240826 07,1452.8550966291148
16_20240826 08,1590.7816329683728
16_20240826 09,1653.105091206269
16_20240826 10,1688.7687692744369
16_20240826 11,1694.3284448850793
16_20240826 12,1699.531270979587
16_20240826 13,1700.2677854043745
16_20240826 14,1693.105230721562
16_20240826 15,1733.9189258623421
16_20240826 16,1669.587506870377
16_20240826 17,1511.6814650223128
16_20240826 18,1190.0042002255454
16_20240826 19,999.8316734691952
16_20240826 20,863.9358490121938
16_20240826 21,837.876351638717
16_20240826 22,806.4448116412094
16_20240826 23,783.1457714959226
16_20240827 00,781.1342564936183
16_20240827 01,776.5225703810255
16_20240827 02,773.4494254732537
16_20240827 03,773.9512285607142
16_20240827 04,800.7787271086687
16_20240827 05,939.7801136673884
16_20240827 06,1151.015130061013
16_20240827 07,1362.548872027063
16_20240827 08,1453.2807514314031
16_20240827 09,1506.4777476884453
16_20240827 10,1494.2813425086138
16_20240827 11,1454.3660432304175
16_20240827 12,1493.1760162762785
16_20240827 13,1589.888385700339
16_20240827 14,1592.4962365505291
16_20240827 15,1584.5564308913276
16_20240827 16,1498.3959688993011
16_20240827 17,1430.9874022459346
16_20240827 18,1162.6920078664402
16_20240827 19,993.2238792228511
16_20240827 20,854.4635118222728
16_20240827 21,834.9722328504319
16_20240827 22,803.2625634481593
16_20240827 23,782.6701948186025
16_20240828 00,770.168983416403
16_20240828 01,767.5031812856679
16_20240828 02,765.4071102693508
16_20240828 03,764.8729261643018
16_20240828 04,790.5212871965255
16_20240828 05,822.3960270342089
16_20240828 06,1037.7322879056767
16_20240828 07,1277.5199939679069
16_20240828 08,1449.4989388861738
16_20240828 09,1566.0521357574012
16_20240828 10,1592.5961880858383
16_20240828 11,1602.3863408838904
16_20240828 12,1588.1546228222917
16_20240828 13,1583.632850956973
16_20240828 14,1532.1799425033828
16_20240828 15,1561.9677177658982
16_20240828 16,1479.8516305170308
16_20240828 17,1404.4217619337262
16_20240828 18,1182.1913360063897
16_20240828 19,992.3667656517061
16_20240828 20,855.4702645568556
16_20240828 21,838.6013756147735
16_20240828 22,810.3071421629177
16_20240828 23,788.3828500926813
16_20240829 00,776.9075352878785
16_20240829 01,775.9513818913316
16_20240829 02,772.5232548543212
16_20240829 03,767.5184850095657
16_20240829 04,787.1179122961807
16_20240829 05,869.4686033602172
16_20240829 06,1004.5769879899404
16_20240829 07,1142.7155868419766
16_20240829 08,1203.793030240383
16_20240829 09,1258.6152436985678
16_20240829 10,1235.9607278945798
16_20240829 11,1197.259106797592
16_20240829 12,1213.8893134420555
16_20240829 13,1220.236716364092
16_20240829 14,1217.15743229324
16_20240829 15,1213.02670699511
16_20240829 16,1192.3210269902684
16_20240829 17,1171.1919933732381
16_20240829 18,1038.4423731276197
16_20240829 19,967.7215879505171
16_20240829 20,849.5697403337946
16_20240829 21,833.4183597633642
16_20240829 22,805.045201459695
16_20240829 23,781.8827935920511
16_20240830 00,779.879255547691
16_20240830 01,775.9136844128093
16_20240830 02,765.0449861739527
16_20240830 03,763.6637472255769
16_20240830 04,786.7312153208769
16_20240830 05,819.7197228205705
16_20240830 06,1066.5953533403429
16_20240830 07,1271.106239124411
16_20240830 08,1442.95003115006
16_20240830 09,1601.5634284237335
16_20240830 10,1601.5415252117975
16_20240830 11,1630.1052883499176
16_20240830 12,1637.6207105803753
16_20240830 13,1610.7258939914589
16_20240830 14,1625.460844635029
16_20240830 15,1625.235690002354
16_20240830 16,1567.010218143268
16_20240830 17,1513.13876570768
16_20240830 18,1191.1821296976134
16_20240830 19,977.9442512881236
16_20240830 20,843.3052536694736
16_20240830 21,823.4580725372073
16_20240830 22,792.5365114789602
16_20240830 23,767.4394494029837
16_20240831 00,756.4876599026567
16_20240831 01,757.1175508695945
16_20240831 02,739.5042437732712
16_20240831 03,737.488679659128
16_20240831 04,726.3475883038157
16_20240831 05,725.4933166621404
16_20240831 06,772.2525742798632
16_20240831 07,753.2799193158597
16_20240831 08,771.8035471330869
16_20240831 09,790.479789293718
16_20240831 10,817.1959197264623
16_20240831 11,828.6630862369296
16_20240831 12,846.0636065750542
16_20240831 13,847.0322570366613
16_20240831 14,861.1216200684587
16_20240831 15,868.0398207978793
16_20240831 16,844.9866812025207
16_20240831 17,826.8743908620598
16_20240831 18,802.1832259915093
16_20240831 19,820.7541292278657
16_20240831 20,782.5578606818169
16_20240831 21,779.2596087811806
16_20240831 22,767.5296424148903
16_20240831 23,756.6836717623785
17_20240825 00,2017.5201416601897
17_20240825 01,2043.1232677775884
17_20240825 02,2029.1342441390302
17_20240825 03,2042.9977224702827
17_20240825 04,2046.0436770910464
17_20240825 05,2120.97660055127
17_20240825 06,2232.302768195847
17_20240825 07,2393.938537110721
17_20240825 08,2379.9766641147703
17_20240825 09,2385.5303079170885
17_20240825 10,2512.163705734046
17_20240825 11,2512.719020826341
17_20240825 12,2522.342594772372
17_20240825 13,2533.9700999072743
17_20240825 14,2532.247208461617
17_20240825 15,2523.184087926631
17_20240825 16,2489.3369465167875
17_20240825 17,2494.839939006858
17_20240825 18,2370.284164537976
17_20240825 19,2333.9300600975535
17_20240825 20,2227.8215087451413
17_20240825 21,2222.6092738145226
17_20240825 22,2203.3243648928265
17_20240825 23,2193.2278244160566
17_20240826 00,2161.530780781183
17_20240826 01,2098.1925127329246
17_20240826 02,2080.3684186172095
17_20240826 03,2090.9506111869646
17_20240826 04,2064.2935495009583
17_20240826 05,2168.2020891533616
17_20240826 06,2453.9009010300992
17_20240826 07,2741.0041170728696
17_20240826 08,3240.538192410299
17_20240826 09,3435.313143230209
17_20240826 10,3458.4323625615375
17_20240826 11,3543.541606931459
17_20240826 12,3573.7626071329237
17_20240826 13,3562.02516994589
17_20240826 14,3558.4744712534803
17_20240826 15,3568.397637710193
17_20240826 16,3554.076298637662
17_20240826 17,3206.499391432594
17_20240826 18,2795.185761273884
17_20240826 19,2441.628315044045
17_20240826 20,2298.4322066414593
17_20240826 21,2257.514138487916
17_20240826 22,2257.6722811557015
17_20240826 23,2257.7737987681003
17_20240827 00,2138.413470594985
17_20240827 01,2134.7984528204483
17_20240827 02,2147.3489809077973
17_20240827 03,2195.3237468189145
17_20240827 04,2218.0206522354033
17_20240827 05,2273.406367235749
17_20240827 06,2576.859304732235
17_20240827 07,2923.876331972121
17_20240827 08,3175.679249911526
17_20240827 09,3381.3726401133613
17_20240827 10,3333.081614371792
17_20240827 11,3165.304154608039
17_20240827 12,2948.3604059985105
17_20240827 13,3169.218068652872
17_20240827 14,3210.885012732257
17_20240827 15,3419.327877471698
17_20240827 16,3499.290290040532
17_20240827 17,2900.9074723850763
17_20240827 18,2493.6564638399127
17_20240827 19,2178.127202291586
17_20240827 20,2025.4596255455983
17_20240827 21,1898.3896397877756
17_20240827 22,1710.8803146509686
17_20240827 23,1643.2149445885311
17_20240828 00,2155.843081370254
17_20240828 01,2116.406871308901
17_20240828 02,1760.7864356714142
17_20240828 03,2084.63558885086
17_20240828 04,1330.9836195338407
17_20240828 05,1087.7355736146587
17_20240828 06,1954.373416763761
17_20240828 07,2669.4527991285677
17_20240828 08,2958.9076922037834
17_20240828 09,3351.350025982125
17_20240828 10,3459.0670389501647
17_20240828 11,3360.7493875672208
17_20240828 12,3404.8203470880467
17_20240828 13,3419.5107716429593
17_20240828 14,3427.9807809676067
17_20240828 15,3395.439800870155
17_20240828 16,3396.4443978438076
17_20240828 17,3087.0297887180327
17_20240828 18,2664.2156517031244
17_20240828 19,2497.391631346328
17_20240828 20,2397.577805274287
17_20240828 21,2402.1400078505794
17_20240828 22,2191.9185375879674
17_20240828 23,2304.308524506704
17_20240829 00,2181.7801881101045
17_20240829 01,2165.061072725989
17_20240829 02,2152.521951407895
17_20240829 03,2091.0185951573444
17_20240829 04,2026.8060667095697
17_20240829 05,2049.7749642960725
17_20240829 06,2312.466035020618
17_20240829 07,2716.0297643504996
17_20240829 08,3150.318618452162
17_20240829 09,3354.0761222872293
17_20240829 10,3463.5901643155057
17_20240829 11,3386.484496117945
17_20240829 12,3431.8385486230113
17_20240829 13,3391.0200963308916
17_20240829 14,3363.778564908087
17_20240829 15,3337.5132417156415
17_20240829 16,3363.527084493
17_20240829 17,3101.02165553141
17_20240829 18,2715.8489074205245
17_20240829 19,2484.5180325844203
17_20240829 20,2386.3948484198995
17_20240829 21,2337.2657118906513
17_20240829 22,2271.9178744120404
17_20240829 23,2250.052624674541
17_20240830 00,2167.8897231050205
17_20240830 01,2157.6063357111566
17_20240830 02,2051.8515712312424
17_20240830 03,1988.9782162872255
17_20240830 04,2000.1795290443306
17_20240830 05,2035.1798195294718
17_20240830 06,2370.8038799294955
17_20240830 07,2623.680232736992
17_20240830 08,3180.4698501627277
17_20240830 09,3357.0530078473244
17_20240830 10,3555.8147840779957
17_20240830 11,3415.58746876339
17_20240830 12,3428.6941075159493
17_20240830 13,3428.256092600226
17_20240830 14,3377.255999014751
17_20240830 15,3389.910308839
17_20240830 16,3535.653248908888
17_20240830 17,3069.6998262966913
17_20240830 18,2308.4626367870655
17_20240830 19,2409.021561873447
17_20240830 20,2250.087151296609
17_20240830 21,2105.0618662368597
17_20240830 22,2104.5881225323938
17_20240830 23,2028.824732918116
17_20240831 00,1996.9226547740193
17_20240831 01,2018.2025651170502
17_20240831 02,1978.265524730144
17_20240831 03,1993.1643358805798
17_20240831 04,1955.302457088194
17_20240831 05,2044.4583799862826
17_20240831 06,2250.817665565235
17_20240831 07,2087.6240861989
17_20240831 08,2480.228019130415
17_20240831 09,2521.058410687041
17_20240831 10,2505.512495134804
17_20240831 11,2655.9940717133545
17_20240831 12,2657.9662000045364
17_20240831 13,2676.3311718602386
17_20240831 14,2662.3146208472394
17_20240831 15,2655.86262856047
17_20240831 16,2591.940982938155
17_20240831 17,2625.680933206715
17_20240831 18,2485.394649300656
17_20240831 19,2338.982796908569
17_20240831 20,2208.325487753069
17_20240831 21,2194.490566562963
17_20240831 22,2066.199173429852
17_20240831 23,2026.1224625962964
18_20240825 00,525.060232457942
18_20240825 01,514.8488446690575
18_20240825 02,510.3563713998735
18_20240825 03,516.94996975279
18_20240825 04,520.9912481407034
18_20240825 05,572.0629020888069
18_20240825 06,722.3025066563849
18_20240825 07,939.0068385516726
18_20240825 08,1352.9575899482293
18_20240825 09,1594.2152584732937
18_20240825 10,1678.7295961014554
18_20240825 11,1670.0396759307703
18_20240825 12,1654.8067518799921
18_20240825 13,1671.040697047974
18_20240825 14,1675.5137063310015
18_20240825 15,1574.4207151451428
18_20240825 16,1372.6791505738363
18_20240825 17,1087.4212664927843
18_20240825 18,969.3611446312453
18_20240825 19,945.4153796024212
18_20240825 20,895.0620922029215
18_20240825 21,860.7927051064185
18_20240825 22,757.8040518232835
18_20240825 23,560.5792448102931
18_20240826 00,529.8345144698526
18_20240826 01,525.6854080006044
18_20240826 02,535.9294585489798
18_20240826 03,533.0893171179326
18_20240826 04,541.643301201627
18_20240826 05,570.1800176662356
18_20240826 06,747.8049730279768
18_20240826 07,926.4803582650748
18_20240826 08,1289.303471467324
18_20240826 09,1595.8037580713426
18_20240826 10,2050.7029937455395
18_20240826 11,2062.2764898245136
18_20240826 12,2099.439991063236
18_20240826 13,2096.9710189718585
18_20240826 14,2098.180989337335
18_20240826 15,2015.1247365297659
18_20240826 16,1993.7675464236336
18_20240826 17,1961.7628310719465
18_20240826 18,1934.402911479079
18_20240826 19,1535.9530179395103
18_20240826 20,1430.1334671083089
18_20240826 21,1516.3453049584575
18_20240826 22,862.0087097842276
18_20240826 23,575.7235882084491
18_20240827 00,543.0652263490615
18_20240827 01,528.8064901695423
18_20240827 02,536.4926995603278
18_20240827 03,551.4313621352907
18_20240827 04,548.8091387193241
18_20240827 05,605.6823281813477
18_20240827 06,861.7651375287003
18_20240827 07,953.0222210457862
18_20240827 08,1313.466941589569
18_20240827 09,1637.6684925420057
18_20240827 10,2079.8587289908633
18_20240827 11,2066.737427975157
18_20240827 12,2073.7153451458607
18_20240827 13,2102.119376740863
18_20240827 14,2119.6275482945016
18_20240827 15,2047.1080513094246
18_20240827 16,2046.402421035677
18_20240827 17,2056.4318688018784
18_20240827 18,2043.3499043687839
18_20240827 19,1582.1599937681654
18_20240827 20,1500.652219063356
18_20240827 21,1566.8900267916079
18_20240827 22,907.6328475485549
18_20240827 23,592.8567925568096
18_20240828 00,541.8013174708711
18_20240828 01,516.4830813070524
18_20240828 02,530.8785570658837
18_20240828 03,543.1930112182565
18_20240828 04,532.4871527925383
18_20240828 05,563.2857175339907
18_20240828 06,645.1641257347227
18_20240828 07,857.6490436886145
18_20240828 08,1319.8344489326514
18_20240828 09,1720.778485393658
18_20240828 10,2235.769798050254
18_20240828 11,2235.825240580724
18_20240828 12,2260.5450376412105
18_20240828 13,2261.3952181828836
18_20240828 14,2252.213436088728
18_20240828 15,2191.643484537645
18_20240828 16,2176.9527998162453
18_20240828 17,2141.7945636396807
18_20240828 18,2157.4703120909458
18_20240828 19,1669.059915962276
18_20240828 20,1671.4500733286775
18_20240828 21,1677.6008075219418
18_20240828 22,1020.1649023421422
18_20240828 23,642.6548382535805
18_20240829 00,553.3515539891042
18_20240829 01,530.8154458135549
18_20240829 02,548.7248239779589
18_20240829 03,562.9570081325985
18_20240829 04,536.6343032603949
18_20240829 05,569.8603105573121
18_20240829 06,750.0967283461144
18_20240829 07,900.1539392104146
18_20240829 08,1278.5610080818037
18_20240829 09,1647.2255189074992
18_20240829 10,2130.7059535365042
18_20240829 11,2155.86399507128
18_20240829 12,2179.7161887560087
18_20240829 13,2174.5891544009983
18_20240829 14,2164.0556579498625
18_20240829 15,2099.929508159629
18_20240829 16,2093.661221878341
18_20240829 17,2069.1696328732137
18_20240829 18,2088.8239028782255
18_20240829 19,1606.0485809268537
18_20240829 20,1587.4480616472363
18_20240829 21,1610.7881943603904
18_20240829 22,942.1559492098803
18_20240829 23,609.3562520956486
18_20240830 00,570.0797019395445
18_20240830 01,552.3945092282444
18_20240830 02,558.7407681055389
18_20240830 03,550.9591114023117
18_20240830 04,545.9429700029344
18_20240830 05,582.6566892352356
18_20240830 06,701.3277131515183
18_20240830 07,930.2729110210232
18_20240830 08,1342.845021998896
18_20240830 09,1729.6626172978833
18_20240830 10,2212.7541124216677
18_20240830 11,2222.1530492445518
18_20240830 12,2221.797796056643
18_20240830 13,2223.8841220691643
18_20240830 14,2192.9963551477395
18_20240830 15,2163.4825485240513
18_20240830 16,2162.324809899636
18_20240830 17,2137.8920587987022
18_20240830 18,2140.5123605604194
18_20240830 19,1660.0590215070679
18_20240830 20,1596.8339032894469
18_20240830 21,1675.065803084016
18_20240830 22,959.1095751169161
18_20240830 23,595.9434929662998
18_20240831 00,534.1007103756624
18_20240831 01,523.5343999750373
18_20240831 02,531.3701381400451
18_20240831 03,536.7930361533379
18_20240831 04,521.1443992585938
18_20240831 05,554.1048870403743
18_20240831 06,633.9686674268978
18_20240831 07,878.9610521511088
18_20240831 08,1240.50934378817
18_20240831 09,1753.713140459432
18_20240831 10,2218.705736940186
18_20240831 11,2267.832524821141
18_20240831 12,2275.091182428507
18_20240831 13,2293.609584479901
18_20240831 14,2284.989754444269
18_20240831 15,2241.386034159672
18_20240831 16,2223.8193120003393
18_20240831 17,2132.295911433633
18_20240831 18,2104.3256022282935
18_20240831 19,1486.4934545634642
18_20240831 20,1350.1423524754737
18_20240831 21,1393.6432083294312
18_20240831 22,919.516295446263
18_20240831 23,593.3706669406915
19_20240825 00,473.7167815285641
19_20240825 01,422.16044410500444
19_20240825 02,403.0859375075838
19_20240825 03,403.0240973954546
19_20240825 04,408.1497324584711
19_20240825 05,429.26016054207435
19_20240825 06,581.5015530764574
19_20240825 07,690.3251555513717
19_20240825 08,906.9146729392946
19_20240825 09,1689.2832298728263
19_20240825 10,2645.923445315435
19_20240825 11,2933.949708699586
19_20240825 12,2956.790252144139
19_20240825 13,2900.404938520354
19_20240825 14,2923.9557533762513
19_20240825 15,2887.0991337568476
19_20240825 16,2905.9494294005613
19_20240825 17,2850.6859626982864
19_20240825 18,2842.09485011345
19_20240825 19,1929.0136370779423
19_20240825 20,1551.8262681539825
19_20240825 21,852.1540190542999
19_20240825 22,665.8903430060303
19_20240825 23,570.5603368493172
19_20240826 00,445.1051066572871
19_20240826 01,403.48136070313757
19_20240826 02,393.4207924401908
19_20240826 03,395.85995277073613
19_20240826 04,397.7773233377621
19_20240826 05,412.38279629388677
19_20240826 06,553.5187968669796
19_20240826 07,641.6260535334505
19_20240826 08,839.9049418157355
19_20240826 09,1663.6811050017347
19_20240826 10,2217.6524843112966
19_20240826 11,2273.333262201979
19_20240826 12,2317.467192564555
19_20240826 13,1753.1338495361363
19_20240826 14,2294.9197521362794
19_20240826 15,1953.2621645836466
19_20240826 16,1962.328139963935
19_20240826 17,1944.9958815622253
19_20240826 18,1898.5490126731465
19_20240826 19,1416.2452695722964
19_20240826 20,1096.4569840378156
19_20240826 21,747.5476137318659
19_20240826 22,620.4697300060584
19_20240826 23,544.3242278153438
19_20240827 00,459.1187686361744
19_20240827 01,414.43710972950157
19_20240827 02,396.33144155894786
19_20240827 03,395.9999577465121
19_20240827 04,399.4504410500925
19_20240827 05,421.3996681559384
19_20240827 06,568.9937718587195
19_20240827 07,670.1237031965896
19_20240827 08,897.2612158514763
19_20240827 09,1551.4148633674881
19_20240827 10,2608.4912529924563
19_20240827 11,2900.6846448873634
19_20240827 12,2938.7872939964145
19_20240827 13,2941.101226224118
19_20240827 14,2986.5394912597635
19_20240827 15,2966.9567089488405
19_20240827 16,2935.703703919512
19_20240827 17,2908.477073602483
19_20240827 18,2859.2547892915204
19_20240827 19,1905.4150422017872
19_20240827 20,1386.3188848411185
19_20240827 21,818.2615023333567
19_20240827 22,655.5136106161098
19_20240827 23,545.5560420657083
19_20240828 00,454.681803438584
19_20240828 01,417.9530573914915
19_20240828 02,400.69592869604986
19_20240828 03,390.0393223819934
19_20240828 04,383.74689983057385
19_20240828 05,393.50143995282826
19_20240828 06,464.4672930949033
19_20240828 07,515.3681035303949
19_20240828 08,784.9864761087708
19_20240828 09,1665.6880048964777
19_20240828 10,2661.9688094806547
19_20240828 11,2966.6612613234192
19_20240828 12,2996.053308895852
19_20240828 13,2911.7089845825603
19_20240828 14,2973.29803730371
19_20240828 15,2965.7528310587218
19_20240828 16,2957.697453720497
19_20240828 17,2908.9481208914067
19_20240828 18,2829.704590728142
19_20240828 19,1803.2289113805637
19_20240828 20,1388.5807470509933
19_20240828 21,788.5117211676802
19_20240828 22,641.5072525291973
19_20240828 23,552.1378608868055
19_20240829 00,462.09506532643434
19_20240829 01,417.15787675095515
19_20240829 02,401.58401783491837
19_20240829 03,402.44148214211873
19_20240829 04,403.97643138506584
19_20240829 05,420.5986630704656
19_20240829 06,608.0440017575472
19_20240829 07,700.6030468516456
19_20240829 08,917.8988363492376
19_20240829 09,1723.9090812863303
19_20240829 10,2605.54184080607
19_20240829 11,2903.801599460626
19_20240829 12,2721.189851702259
19_20240829 13,2679.3634527708195
19_20240829 14,2639.2406561077355
19_20240829 15,2724.6056549795258
19_20240829 16,2751.5628064287052
19_20240829 17,2752.218948803345
19_20240829 18,2848.200845378583
19_20240829 19,1775.9782210930632
19_20240829 20,1416.4077389444674
19_20240829 21,834.1006336330072
19_20240829 22,679.2291588521114
19_20240829 23,567.3584209837957
19_20240830 00,481.38280094201
19_20240830 01,430.33630588708655
19_20240830 02,412.8940511734841
19_20240830 03,412.323370123865
19_20240830 04,414.38613468335876
19_20240830 05,424.020432687514
19_20240830 06,538.1190994689737
19_20240830 07,636.231823156398
19_20240830 08,892.1002537897489
19_20240830 09,1614.776654066059
19_20240830 10,2539.0592823596844
19_20240830 11,2696.240241625747
19_20240830 12,2649.952401830136
19_20240830 13,2695.732386472576
19_20240830 14,2899.46081541797
19_20240830 15,2906.2889189803614
19_20240830 16,2856.0013001269026
19_20240830 17,2820.2627967352373
19_20240830 18,2756.197307150786
19_20240830 19,1831.6247787272907
19_20240830 20,1499.3697026149605
19_20240830 21,840.2908603598336
19_20240830 22,674.0851262055933
19_20240830 23,574.6131865960524
19_20240831 00,458.0522297267866
19_20240831 01,412.5523434042694
19_20240831 02,393.5126298040307
19_20240831 03,390.41347235264664
19_20240831 04,388.98734664949643
19_20240831 05,396.59829251658425
19_20240831 06,450.7572992887318
19_20240831 07,521.0559627154846
19_20240831 08,776.5844857951973
19_20240831 09,1533.5560391271142
19_20240831 10,2548.266984723027
19_20240831 11,2815.8496292484356
19_20240831 12,2839.027908968411
19_20240831 13,2679.6188893410213
19_20240831 14,2826.765970959951
19_20240831 15,2931.996789424859
19_20240831 16,2921.8678910984027
19_20240831 17,2898.1296898839537
19_20240831 18,2776.9937886548514
19_20240831 19,1786.0482104501364
19_20240831 20,1407.28454747795
19_20240831 21,830.2705119008941
19_20240831 22,648.1026955027361
19_20240831 23,560.5199417800653
20_20240825 00,1786.8574490834053
20_20240825 01,1783.8933128534431
20_20240825 02,1779.5130300193719
20_20240825 03,1779.1545408503555
20_20240825 04,1775.8427379385612
20_20240825 05,1775.0899882737872
20_20240825 06,1835.6170761074322
20_20240825 07,1773.3518513881797
20_20240825 08,1774.9228406206905
20_20240825 09,1780.9429658975484
20_20240825 10,1782.5212626144446
20_20240825 11,1808.7535244332705
20_20240825 12,1807.7639254620387
20_20240825 13,1825.943833191174
20_20240825 14,1827.446015046578
20_20240825 15,1809.5498080465875
20_20240825 16,1807.150765936133
20_20240825 17,1780.1961456754257
20_20240825 18,1835.8514336740034
20_20240825 19,1824.3116873113104
20_20240825 20,1792.6539500257281
20_20240825 21,1792.2489705561873
20_20240825 22,1779.231356561926
20_20240825 23,1780.2669494767315
20_20240826 00,1799.2214107687707
20_20240826 01,1797.694663643521
20_20240826 02,1797.561246850443
20_20240826 03,1799.3031274841271
20_20240826 04,1800.5583661262822
20_20240826 05,1797.3557373366007
20_20240826 06,1938.1938294177005
20_20240826 07,2131.6188783270186
20_20240826 08,2180.7229360418246
20_20240826 09,2268.4863199303654
20_20240826 10,2276.242701924877
20_20240826 11,2274.788126836244
20_20240826 12,2275.6233722512566
20_20240826 13,2276.2036290481556
20_20240826 14,2275.678520084338
20_20240826 15,2243.063490439043
20_20240826 16,2234.176722557245
20_20240826 17,2202.135031787543
20_20240826 18,1988.401048179103
20_20240826 19,1881.9055210276838
20_20240826 20,1838.5371502832115
20_20240826 21,1837.9222390798018
20_20240826 22,1829.1095742635048
20_20240826 23,1815.065448802481
20_20240827 00,1821.4198580617704
20_20240827 01,1814.5071730320267
20_20240827 02,1814.1762120626763
20_20240827 03,1805.3172535767692
20_20240827 04,1811.5544638278654
20_20240827 05,1802.6033225931221
20_20240827 06,1952.344700646733
20_20240827 07,2141.5170809904043
20_20240827 08,2182.2018813420145
20_20240827 09,2278.8178929880223
20_20240827 10,2290.628889124024
20_20240827 11,2279.3282317005232
20_20240827 12,2290.9893862013887
20_20240827 13,2274.9357963839157
20_20240827 14,2269.5501942106985
20_20240827 15,2238.1121436260078
20_20240827 16,2225.8474947582044
20_20240827 17,2175.49971322458
20_20240827 18,1953.5318164871715
20_20240827 19,1837.6732426392687
20_20240827 20,1816.3852919393
20_20240827 21,1815.9391566632269
20_20240827 22,1802.1274687151658
20_20240827 23,1796.3874188592222
20_20240828 00,1795.270273004294
20_20240828 01,1793.4740806646835
20_20240828 02,1793.3672463860303
20_20240828 03,1793.674014707305
20_20240828 04,1789.0620878367495
20_20240828 05,1793.2926844946535
20_20240828 06,1941.3838809757876
20_20240828 07,2107.7735520247497
20_20240828 08,2137.852772402112
20_20240828 09,2223.9209179356094
20_20240828 10,2238.8199510145537
20_20240828 11,2236.2823578747034
20_20240828 12,2243.8305621801933
20_20240828 13,2265.1620006759294
20_20240828 14,2286.2190222318345
20_20240828 15,2231.39975871617
20_20240828 16,2207.833053955359
20_20240828 17,2176.214140168387
20_20240828 18,1977.3307950308051
20_20240828 19,1852.1672826310848
20_20240828 20,1818.5456375209885
20_20240828 21,1818.9639516184577
20_20240828 22,1807.9866714140162
20_20240828 23,1799.4346644915258
20_20240829 00,1796.255579765285
20_20240829 01,1796.2896053580075
20_20240829 02,1796.7118704315274
20_20240829 03,1796.7282961406065
20_20240829 04,1797.3781578372395
20_20240829 05,1801.5501989422055
20_20240829 06,1966.627031256683
20_20240829 07,2137.7785074333547
20_20240829 08,2174.874572771619
20_20240829 09,2250.0951001620556
20_20240829 10,2253.500056603641
20_20240829 11,2251.055675335986
20_20240829 12,2246.2307691896713
20_20240829 13,2228.740109436065
20_20240829 14,2231.8000615486626
20_20240829 15,2218.1527955748143
20_20240829 16,2205.353055227929
20_20240829 17,2171.887031775209
20_20240829 18,1973.411239028426
20_20240829 19,1860.4397526458847
20_20240829 20,1817.9535706021577
20_20240829 21,1817.595405526608
20_20240829 22,1804.301139061939
20_20240829 23,1796.52714103181
20_20240830 00,1797.1061232740042
20_20240830 01,1794.9050090724643
20_20240830 02,1795.3750489737888
20_20240830 03,1793.7911034566785
20_20240830 04,1795.6405013824635
20_20240830 05,1796.8638569950106
20_20240830 06,1920.1793138165986
20_20240830 07,2122.1277466865336
20_20240830 08,2151.110435963053
20_20240830 09,2250.521536213389
20_20240830 10,2275.3237308892303
20_20240830 11,2261.5352038614374
20_20240830 12,2247.212881371185
20_20240830 13,2203.70118297084
20_20240830 14,2211.2352505209165
20_20240830 15,2190.8288671679875
20_20240830 16,2177.338442216933
20_20240830 17,2179.04134975619
20_20240830 18,1980.6372456428087
20_20240830 19,1893.8828157880225
20_20240830 20,1858.699302186325
20_20240830 21,1836.360927841554
20_20240830 22,1826.9971749035155
20_20240830 23,1799.2388590060764
20_20240831 00,1779.6059452759957
20_20240831 01,1778.4433798910995
20_20240831 02,1777.180565666945
20_20240831 03,1776.146157764344
20_20240831 04,1772.1648534715114
20_20240831 05,1771.8468490662985
20_20240831 06,1828.3296534994004
20_20240831 07,1769.5018664283505
20_20240831 08,1775.3214312337366
20_20240831 09,1768.8278589952147
20_20240831 10,1769.6047314427271
20_20240831 11,1822.9264405388299
20_20240831 12,1823.8404743693789
20_20240831 13,1822.5560828718912
20_20240831 14,1814.5251697521485
20_20240831 15,1784.8677613329025
20_20240831 16,1783.690416623661
20_20240831 17,1768.914168454753
20_20240831 18,1831.067584069706
20_20240831 19,1790.7390396660153
20_20240831 20,1774.1030840219394
20_20240831 21,1774.3437752343486
20_20240831 22,1774.1480215801055
20_20240831 23,1775.4149143755885
21_20240825 00,2601.458617835527
21_20240825 01,2593.5503873051407
21_20240825 02,2582.024143797027
21_20240825 03,2603.578924164493
21_20240825 04,2617.1767343711003
21_20240825 05,2803.081669079594
21_20240825 06,2712.1056845559524
21_20240825 07,2559.4459625864115
21_20240825 08,2784.625400071421
21_20240825 09,2858.2747284462152
21_20240825 10,2942.172919023628
21_20240825 11,2954.0521372864296
21_20240825 12,2909.3141200345062
21_20240825 13,2930.908637913666
21_20240825 14,2916.2895968139787
21_20240825 15,2936.5906786488117
21_20240825 16,2914.8521277731534
21_20240825 17,2904.6755300279765
21_20240825 18,2824.894092676592
21_20240825 19,2852.2305682364013
21_20240825 20,2753.0293062959545
21_20240825 21,2736.4741351233597
21_20240825 22,2696.633854645969
21_20240825 23,2681.781953424761
21_20240826 00,2730.2177777737306
21_20240826 01,2737.15265023608
21_20240826 02,2688.7091523306476
21_20240826 03,2697.9171686830455
21_20240826 04,2734.0100000173784
21_20240826 05,2894.4798982375464
21_20240826 06,3096.5426388889946
21_20240826 07,3429.2980771250664
21_20240826 08,3798.2632426845316
21_20240826 09,3830.6395391380156
21_20240826 10,3891.9599631295728
21_20240826 11,3890.9384129797686
21_20240826 12,3856.1105136206374
21_20240826 13,3821.6363558302737
21_20240826 14,3850.721466759196
21_20240826 15,3842.4950342607285
21_20240826 16,3824.0929509750654
21_20240826 17,3602.472272759263
21_20240826 18,3192.4732670376256
21_20240826 19,3017.115234605203
21_20240826 20,2894.724150688118
21_20240826 21,2833.5391210058897
21_20240826 22,2790.013016131014
21_20240826 23,2740.1165821768336
21_20240827 00,2736.6576886622215
21_20240827 01,2726.581200141719
21_20240827 02,2768.0128915150353
21_20240827 03,2738.0680387165467
21_20240827 04,2805.7202309875834
21_20240827 05,2921.4069865030388
21_20240827 06,3114.9182912397246
21_20240827 07,3427.0782731493023
21_20240827 08,3796.927650944563
21_20240827 09,3788.370594119742
21_20240827 10,3796.236541490541
21_20240827 11,3790.4911568609145
21_20240827 12,3764.761376984832
21_20240827 13,3865.1708585991487
21_20240827 14,3767.176643091874
21_20240827 15,3528.171690423683
21_20240827 16,3704.299593890109
21_20240827 17,3512.642992159819
21_20240827 18,3051.406089645395
21_20240827 19,2902.049681001255
21_20240827 20,2822.8882513421295
21_20240827 21,2755.460629533858
21_20240827 22,2667.0567689802474
21_20240827 23,2644.292252756803
21_20240828 00,2600.3807328045336
21_20240828 01,2588.811346103602
21_20240828 02,2588.1926855315323
21_20240828 03,2589.7725850767497
21_20240828 04,2651.138464949102
21_20240828 05,2866.4951378609335
21_20240828 06,3055.1576565027835
21_20240828 07,3310.7086899554247
21_20240828 08,3589.4645290452318
21_20240828 09,3536.2386897435035
21_20240828 10,3505.0620561319074
21_20240828 11,3519.511666392807
21_20240828 12,3498.4110171966354
21_20240828 13,3620.546208348154
21_20240828 14,3520.2851035679496
21_20240828 15,3646.2414329971857
21_20240828 16,3641.645142765868
21_20240828 17,3294.038924833131
21_20240828 18,2998.4705958018035
21_20240828 19,2917.8414862138543
21_20240828 20,2846.8911601190825
21_20240828 21,2800.7526629533772
21_20240828 22,2732.2775587187903
21_20240828 23,2705.128181007031
21_20240829 00,2703.7667319071184
21_20240829 01,2706.890600228537
21_20240829 02,2683.0192303635604
21_20240829 03,2736.78499897897
21_20240829 04,2759.9406606197076
21_20240829 05,2890.3517644875856
21_20240829 06,3031.144806395678
21_20240829 07,3318.6647573855457
21_20240829 08,3637.3395477041927
21_20240829 09,3757.715145894914
21_20240829 10,3677.925168172857
21_20240829 11,3590.30732360934
21_20240829 12,3563.246807187168
21_20240829 13,3553.7993098525612
21_20240829 14,3570.6230214110024
21_20240829 15,3654.572149055417
21_20240829 16,3655.6984360289944
21_20240829 17,3504.950290536265
21_20240829 18,3110.55232668741
21_20240829 19,2965.92048335735
21_20240829 20,2929.7935233283047
21_20240829 21,2817.5199181626062
21_20240829 22,2764.949932049615
21_20240829 23,2732.773449518823
21_20240830 00,2732.0773762880717
21_20240830 01,2715.176438318978
21_20240830 02,2728.94491727624
21_20240830 03,2731.9863061390315
21_20240830 04,2779.593921217404
21_20240830 05,2890.521283954236
21_20240830 06,3024.3222332538458
21_20240830 07,3281.6127373576805
21_20240830 08,3525.8849695574736
21_20240830 09,3634.3799934471144
21_20240830 10,3693.893611812079
21_20240830 11,3752.169870560977
21_20240830 12,3619.3948836162417
21_20240830 13,3533.7920337172095
21_20240830 14,3542.9342238116783
21_20240830 15,3584.311765021964
21_20240830 16,3457.2387818136185
21_20240830 17,3352.045803418273
21_20240830 18,3118.626652100832
21_20240830 19,3003.0753072629977
21_20240830 20,2946.68412267214
21_20240830 21,2883.8444555047417
21_20240830 22,2791.4888529658747
21_20240830 23,2737.4096748616166
21_20240831 00,2651.3996337802046
21_20240831 01,2553.0794412616797
21_20240831 02,2581.7531665045994
21_20240831 03,2599.6096779799745
21_20240831 04,2616.018597844789
21_20240831 05,2799.2339407741597
21_20240831 06,2803.871597965878
21_20240831 07,2809.967473287068
21_20240831 08,3174.505381989354
21_20240831 09,3127.3785636196167
21_20240831 10,3079.5507161706855
21_20240831 11,3058.9203953412575
21_20240831 12,3054.092266503468
21_20240831 13,2969.7216299226943
21_20240831 14,2918.8710180207195
21_20240831 15,2953.7730895495365
21_20240831 16,2930.3700632169425
21_20240831 17,2894.8327107227797
21_20240831 18,2839.8816634574428
21_20240831 19,2763.4911922214783
21_20240831 20,2638.8446214127143
21_20240831 21,2595.5795583603576
21_20240831 22,2552.252571159202
21_20240831 23,2544.2159532231735
22_20240825 00,1692.1296095026212
22_20240825 01,1661.270651671486
22_20240825 02,1648.5276552133691
22_20240825 03,1635.703080339983
22_20240825 04,1615.6732028945464
22_20240825 05,1582.712251461138
22_20240825 06,1598.974059548355
22_20240825 07,1603.657548285962
22_20240825 08,1769.9346185085776
22_20240825 09,1623.9946788211626
22_20240825 10,1661.722150349271
22_20240825 11,1737.0140944818984
22_20240825 12,1740.1185988819577
22_20240825 13,1853.275640299328
22_20240825 14,1980.1015411838825
22_20240825 15,2064.4869652026678
22_20240825 16,2092.9618868535326
22_20240825 17,2096.18920684408
22_20240825 18,2091.7138393068367
22_20240825 19,2060.901970150684
22_20240825 20,2043.9286982709277
22_20240825 21,2012.2009323290795
22_20240825 22,1966.731234689026
22_20240825 23,1822.0580040179489
22_20240826 00,1849.5566280098997
22_20240826 01,1792.1159221830821
22_20240826 02,1733.3546001103314
22_20240826 03,1713.8270099922695
22_20240826 04,1696.1834490354372
22_20240826 05,1673.4146362043145
22_20240826 06,1669.3265693278547
22_20240826 07,1783.0462770623385
22_20240826 08,2288.948940262492
22_20240826 09,2997.618753032777
22_20240826 10,3495.49672374267
22_20240826 11,3504.6198691698605
22_20240826 12,3458.852330417204
22_20240826 13,3567.549247772001
22_20240826 14,3715.2511057934744
22_20240826 15,3719.3775344394976
22_20240826 16,3660.5645913336025
22_20240826 17,3306.310824468735
22_20240826 18,2722.9096050306193
22_20240826 19,2361.0050659111503
22_20240826 20,2301.762415801131
22_20240826 21,2164.793471850006
22_20240826 22,2070.7312039576113
22_20240826 23,1902.4803364908823
22_20240827 00,1862.6930607698741
22_20240827 01,1809.5519181491118
22_20240827 02,1777.735719675104
22_20240827 03,1767.2840420865639
22_20240827 04,1753.075683840153
22_20240827 05,1702.422763318397
22_20240827 06,1741.865523703981
22_20240827 07,1803.9852380324996
22_20240827 08,2285.9468111214173
22_20240827 09,2898.863138560408
22_20240827 10,3086.9347734924436
22_20240827 11,3079.766300398327
22_20240827 12,2970.5116283933203
22_20240827 13,3461.213969440358
22_20240827 14,3374.996723249199
22_20240827 15,3018.082206776259
22_20240827 16,3208.916846790691
22_20240827 17,3212.685757919286
22_20240827 18,2637.7347071155273
22_20240827 19,2301.904516119355
22_20240827 20,2306.4109209344074
22_20240827 21,2211.7066539361717
22_20240827 22,2102.0646433462657
22_20240827 23,1958.3531788162027
22_20240828 00,1894.618457551642
22_20240828 01,1810.4929606703745
22_20240828 02,1773.945950695086
22_20240828 03,1755.7082077723815
22_20240828 04,1729.684959791034
22_20240828 05,1712.4454054151477
22_20240828 06,1727.003696244102
22_20240828 07,1771.1001233959453
22_20240828 08,2101.3649309763555
22_20240828 09,2710.0494947889
22_20240828 10,2867.244334079172
22_20240828 11,2891.5197017918435
22_20240828 12,2777.1404828592954
22_20240828 13,3156.6581169608658
22_20240828 14,3222.5768257710547
22_20240828 15,3273.2077077926037
22_20240828 16,3281.624417804521
22_20240828 17,3138.027387296991
22_20240828 18,2579.5853143334352
22_20240828 19,2281.7284390310438
22_20240828 20,2264.3839748942287
22_20240828 21,2175.925764091089
22_20240828 22,2087.6217914816643
22_20240828 23,1937.6830641862603
22_20240829 00,1879.3464420093885
22_20240829 01,1803.2210478249553
22_20240829 02,1773.2792188595938
22_20240829 03,1766.602694589234
22_20240829 04,1745.9333910173984
22_20240829 05,1711.3396478936486
22_20240829 06,1693.9142265744563
22_20240829 07,1736.082825883176
22_20240829 08,2230.774403500869
22_20240829 09,2869.084408104109
22_20240829 10,3043.5141669787017
22_20240829 11,3102.5279007170525
22_20240829 12,3016.7370668118947
22_20240829 13,3210.721436810539
22_20240829 14,3310.550161990046
22_20240829 15,3325.4749252203114
22_20240829 16,3297.650264916447
22_20240829 17,3279.759486958288
22_20240829 18,2739.0646661719734
22_20240829 19,2359.066647363123
22_20240829 20,2353.7391295532543
22_20240829 21,2224.0459394917093
22_20240829 22,2110.169720237496
22_20240829 23,1935.0519510878116
22_20240830 00,1886.573871959477
22_20240830 01,1828.5757498294888
22_20240830 02,1796.1154856249484
22_20240830 03,1776.185349790004
22_20240830 04,1756.7140722923466
22_20240830 05,1744.284672764504
22_20240830 06,1784.8811946169706
22_20240830 07,1856.850273820809
22_20240830 08,2144.9557251532465
22_20240830 09,2754.744831811445
22_20240830 10,2962.404748184916
22_20240830 11,3191.0264038680216
22_20240830 12,3206.425169514093
22_20240830 13,3276.542592088745
22_20240830 14,3406.7615897305923
22_20240830 15,3399.8375532002083
22_20240830 16,3407.5567287615213
22_20240830 17,3315.077901606414
22_20240830 18,2933.0194002641947
22_20240830 19,2248.172620481429
22_20240830 20,2240.613036103704
22_20240830 21,2152.4483940250916
22_20240830 22,2025.8357492677758
22_20240830 23,1875.7449020941174
22_20240831 00,1709.3294337212756
22_20240831 01,1628.8556716287114
22_20240831 02,1565.6039528402653
22_20240831 03,1562.3966669204594
22_20240831 04,1527.4910946550579
22_20240831 05,1503.9828320082045
22_20240831 06,1474.808472152478
22_20240831 07,1539.8984546135073
22_20240831 08,1760.2140379761076
22_20240831 09,1685.2584385165453
22_20240831 10,1768.6890460934721
22_20240831 11,1844.6442643761577
22_20240831 12,1851.5135354086372
22_20240831 13,1980.2067394196915
22_20240831 14,2139.158143669424
22_20240831 15,2103.7962311855513
22_20240831 16,2113.102715873304
22_20240831 17,2124.048642450669
22_20240831 18,2076.179746171352
22_20240831 19,1931.1003347626136
22_20240831 20,1851.5122205937903
22_20240831 21,1785.931721423725
22_20240831 22,1764.4573607547763
22_20240831 23,1668.3749277531733
23_20240825 00,1470.2622263393666
23_20240825 01,1467.8803974367781
23_20240825 02,1458.9473088795378
23_20240825 03,1453.432647464762
23_20240825 04,1438.1488150640637
23_20240825 05,1425.5882482979055
23_20240825 06,1426.3845309235646
23_20240825 07,1420.8194207694523
23_20240825 08,1361.2057470704422
23_20240825 09,1234.3473789029551
23_20240825 10,1260.648652233351
23_20240825 11,1335.0682502331608
23_20240825 12,1164.2817429749157
23_20240825 13,1203.218535735931
23_20240825 14,1185.6633115835293
23_20240825 15,1237.6524348315556
23_20240825 16,1368.8740671203723
23_20240825 17,1380.8905817225
23_20240825 18,1512.8995074514578
23_20240825 19,1518.5135843277512
23_20240825 20,1517.4109224767183
23_20240825 21,1516.5446839272513
23_20240825 22,1495.6861204772122
23_20240825 23,1500.832350205536
23_20240826 00,1640.79907477096
23_20240826 01,1637.7875374960056
23_20240826 02,1697.3965471409351
23_20240826 03,1706.4836684828374
23_20240826 04,1693.5384079709997
23_20240826 05,1714.7193657725363
23_20240826 06,1727.3153316443154
23_20240826 07,1798.7631298373133
23_20240826 08,2063.841431886111
23_20240826 09,3500.1271134814556
23_20240826 10,3839.856422382019
23_20240826 11,4181.812255775241
23_20240826 12,4415.4178405885405
23_20240826 13,4773.368128197389
23_20240826 14,4196.9513773109675
23_20240826 15,3705.878670684896
23_20240826 16,3581.9003127982055
23_20240826 17,3790.0904726681556
23_20240826 18,2860.0727909551347
23_20240826 19,2029.468421132399
23_20240826 20,1819.0092184670352
23_20240826 21,1667.9557297282583
23_20240826 22,1595.003656436035
23_20240826 23,1593.5737471440355
23_20240827 00,1646.4649606442913
23_20240827 01,1635.3515156497228
23_20240827 02,1641.6450524724478
23_20240827 03,1640.7613979110968
23_20240827 04,1645.0893295962082
23_20240827 05,1641.0022612984942
23_20240827 06,1668.203478781414
23_20240827 07,1794.7625112845897
23_20240827 08,2065.910416508967
23_20240827 09,3532.358763997965
23_20240827 10,4143.763540735034
23_20240827 11,4335.347138551473
23_20240827 12,4210.416783417477
23_20240827 13,4544.254604908685
23_20240827 14,4488.679654527406
23_20240827 15,4451.806422505793
23_20240827 16,4101.045544455183
23_20240827 17,3461.990817140829
23_20240827 18,2735.7290807420572
23_20240827 19,1813.0267265314674
23_20240827 20,1704.3532547079333
23_20240827 21,1634.1897851425515
23_20240827 22,1603.4884034067452
23_20240827 23,1636.0689841844232
23_20240828 00,1683.8848070128693
23_20240828 01,1650.070028133288
23_20240828 02,1648.1015587192055
23_20240828 03,1675.2228071595034
23_20240828 04,1628.3222603248348
23_20240828 05,1682.73818664309
23_20240828 06,1870.9053666955779
23_20240828 07,1869.1895220645947
23_20240828 08,1998.4092869073309
23_20240828 09,4008.011153223631
23_20240828 10,4727.798968548334
23_20240828 11,4175.2425475640575
23_20240828 12,4804.518352339515
23_20240828 13,4366.397053572376
23_20240828 14,4255.902409045752
23_20240828 15,4669.709759916504
23_20240828 16,4242.7961777985065
23_20240828 17,3716.3618089076085
23_20240828 18,2876.6419545205986
23_20240828 19,2032.8019843541863
23_20240828 20,1931.016845788178
23_20240828 21,1764.154287427019
23_20240828 22,1619.3869476573125
23_20240828 23,1615.1018733131732
23_20240829 00,1696.290637550207
23_20240829 01,1620.445441121755
23_20240829 02,1675.3705975209423
23_20240829 03,1713.8826598004646
23_20240829 04,1685.0933410508815
23_20240829 05,1655.9260492021078
23_20240829 06,1843.0567895522597
23_20240829 07,1805.4186376383877
23_20240829 08,2123.685547134528
23_20240829 09,3622.826257225691
23_20240829 10,4098.287449008457
23_20240829 11,4327.224904406961
23_20240829 12,4283.218748095354
23_20240829 13,4219.108394079048
23_20240829 14,4098.605945953805
23_20240829 15,3946.7050952150353
23_20240829 16,3319.2307820099236
23_20240829 17,3060.8413060838934
23_20240829 18,2354.120922604233
23_20240829 19,1900.42044119006
23_20240829 20,1867.3887378638424
23_20240829 21,1732.5876721964964
23_20240829 22,1677.376894627641
23_20240829 23,1620.9256874006
23_20240830 00,1696.3400313451305
23_20240830 01,1659.6974907975473
23_20240830 02,1667.7729801809542
23_20240830 03,1659.054744621989
23_20240830 04,1668.0967917479247
23_20240830 05,1697.3737421060841
23_20240830 06,1729.058333985946
23_20240830 07,1756.013581128332
23_20240830 08,1817.8399953622904
23_20240830 09,2536.833146187524
23_20240830 10,3036.978883578049
23_20240830 11,2802.4837282856492
23_20240830 12,2926.4910828638854
23_20240830 13,3443.2159697502393
23_20240830 14,3610.124262218061
23_20240830 15,3033.6402522617004
23_20240830 16,3479.579409259935
23_20240830 17,2516.855802487149
23_20240830 18,1891.3572655081528
23_20240830 19,1697.959840828272
23_20240830 20,1697.3566538489904
23_20240830 21,1638.2963807547894
23_20240830 22,1530.9645031673035
23_20240830 23,1508.8099381100042
23_20240831 00,1426.420209161336
23_20240831 01,1390.206591505175
23_20240831 02,1380.1653200005594
23_20240831 03,1373.934198186862
23_20240831 04,1342.21343292378
23_20240831 05,1329.5584074440421
23_20240831 06,1324.9452003778142
23_20240831 07,1313.2030849687656
23_20240831 08,1283.8325001788708
23_20240831 09,1140.9628517366855
23_20240831 10,1007.2748948310827
23_20240831 11,1011.1960965166869
23_20240831 12,977.7064394529509
23_20240831 13,987.7152315448559
23_20240831 14,1106.6318128177602
23_20240831 15,1164.4985487669205
23_20240831 16,1321.8693304316362
23_20240831 17,1364.71786095658
23_20240831 18,1420.660834273599
23_20240831 19,1508.354163265471
23_20240831 20,1444.72374636477
23_20240831 21,1422.05080923547
23_20240831 22,1383.6453591598467
23_20240831 23,1381.9568116881624
24_20240825 00,1192.764129710722
24_20240825 01,1164.2301808557447
24_20240825 02,1107.8244096209328
24_20240825 03,1101.6939892529604
24_20240825 04,1109.8334239311987
24_20240825 05,1086.6999164086376
24_20240825 06,1057.5006947363431
24_20240825 07,1020.1580539031143
24_20240825 08,921.3047679457214
24_20240825 09,944.5447254450443
24_20240825 10,832.8883718423795
24_20240825 11,774.2304552434105
24_20240825 12,763.5827002807438
24_20240825 13,786.0672783221652
24_20240825 14,937.3555569917052
24_20240825 15,1029.2266292765194
24_20240825 16,1208.149241884467
24_20240825 17,1340.9093770210472
24_20240825 18,1354.2060260810788
24_20240825 19,1370.6019549986445
24_20240825 20,1356.7178830466914
24_20240825 21,1357.9821610208235
24_20240825 22,1328.5987311030412
24_20240825 23,1261.234034924903
24_20240826 00,1266.2145709345868
24_20240826 01,1203.3085523563896
24_20240826 02,1171.0625466255105
24_20240826 03,1152.051600934545
24_20240826 04,1133.8766761660772
24_20240826 05,1110.6108277478434
24_20240826 06,1092.97486646031
24_20240826 07,1100.230223972536
24_20240826 08,1161.1878179491505
24_20240826 09,1720.5501606744415
24_20240826 10,1875.0623271133068
24_20240826 11,2092.0833324847267
24_20240826 12,1942.9499924672584
24_20240826 13,2049.2845490038726
24_20240826 14,2174.984805108559
24_20240826 15,2172.9756784221995
24_20240826 16,2236.748055959862
24_20240826 17,2187.85113810771
24_20240826 18,1999.4527212797936
24_20240826 19,1604.5708523942474
24_20240826 20,1574.9903233983666
24_20240826 21,1538.3525530417905
24_20240826 22,1319.360780466998
24_20240826 23,1276.6447049172616
24_20240827 00,1229.7361804988268
24_20240827 01,1184.265068521593
24_20240827 02,1159.1648126925766
24_20240827 03,1143.5923790087224
24_20240827 04,1131.3241239344575
24_20240827 05,1113.1531566043138
24_20240827 06,1096.5884940671071
24_20240827 07,1106.2153714963597
24_20240827 08,1184.5903908491339
24_20240827 09,1778.3321694434155
24_20240827 10,1912.1578402999864
24_20240827 11,2086.0745799867786
24_20240827 12,2015.6985037529084
24_20240827 13,2020.6088396621553
24_20240827 14,2043.3612066800827
24_20240827 15,2102.4738495192664
24_20240827 16,2051.649009065594
24_20240827 17,2000.6850649247513
24_20240827 18,1818.7301701883077
24_20240827 19,1493.88060631336
24_20240827 20,1474.9825288693721
24_20240827 21,1427.106021109811
24_20240827 22,1318.7351349739145
24_20240827 23,1274.1671540985021
24_20240828 00,1196.0169602626825
24_20240828 01,1151.3913986788384
24_20240828 02,1124.6924898967463
24_20240828 03,1101.4192828962669
24_20240828 04,1092.2927851635254
24_20240828 05,1070.7480708766375
24_20240828 06,1048.8671226088202
24_20240828 07,1090.326639026186
24_20240828 08,1111.5153826200797
24_20240828 09,1480.922784092212
24_20240828 10,1767.8002025735366
24_20240828 11,1881.1338106200717
24_20240828 12,1904.2701389816737
24_20240828 13,1908.8052142565375
24_20240828 14,1858.8801715658112
24_20240828 15,2014.9602744088695
24_20240828 16,1996.6002092518263
24_20240828 17,2079.182679925621
24_20240828 18,1763.1216759769209
24_20240828 19,1572.2776147828074
24_20240828 20,1520.8543484416298
24_20240828 21,1481.9973260767642
24_20240828 22,1322.0334028862128
24_20240828 23,1308.4408986976866
24_20240829 00,1272.780368965596
24_20240829 01,1255.3218370801817
24_20240829 02,1237.607548096536
24_20240829 03,1194.2356469170677
24_20240829 04,1155.5307566262784
24_20240829 05,1131.757563759383
24_20240829 06,1096.1925229862507
24_20240829 07,1092.3044035414787
24_20240829 08,1122.4254986966357
24_20240829 09,1506.707861116112
24_20240829 10,1752.4685870457924
24_20240829 11,1882.1089294842325
24_20240829 12,1937.6213203077396
24_20240829 13,1832.1561373901118
24_20240829 14,1907.8554627744315
24_20240829 15,1943.7323856893995
24_20240829 16,1906.8210058813102
24_20240829 17,2153.262893772797
24_20240829 18,1750.762705742443
24_20240829 19,1588.682675214138
24_20240829 20,1549.4999146504485
24_20240829 21,1472.3136809589084
24_20240829 22,1363.2224163981496
24_20240829 23,1283.820025842085
24_20240830 00,1236.55769278982
24_20240830 01,1207.3776456847595
24_20240830 02,1167.4455649034078
24_20240830 03,1141.0415708309347
24_20240830 04,1133.5133939425261
24_20240830 05,1119.8190375255094
24_20240830 06,1091.8771959205737
24_20240830 07,1090.7939230879454
24_20240830 08,1211.5642239393414
24_20240830 09,1615.7601059240335
24_20240830 10,1893.5778080016205
24_20240830 11,1893.5229916281276
24_20240830 12,1773.1805581115962
24_20240830 13,1944.9232374001201
24_20240830 14,2102.5291754187188
24_20240830 15,2112.793978950671
24_20240830 16,2118.112355181049
24_20240830 17,2119.3965320213274
24_20240830 18,1991.1838217382262
24_20240830 19,1696.1863993636969
24_20240830 20,1501.922717051933
24_20240830 21,1481.640730249361
24_20240830 22,1352.3168253848294
24_20240830 23,1305.1235510199238
24_20240831 00,1215.6898239313168
24_20240831 01,1198.6983254442375
24_20240831 02,1154.7279627617486
24_20240831 03,1117.2793588638074
24_20240831 04,1101.940522589583
24_20240831 05,1087.400528173052
24_20240831 06,1055.6529982415614
24_20240831 07,926.7709935197577
24_20240831 08,856.7397492903599
24_20240831 09,840.2006710531842
24_20240831 10,825.294864862174
24_20240831 11,788.8250745137103
24_20240831 12,800.0629465977613
24_20240831 13,806.0792316280622
24_20240831 14,934.7397184409623
24_20240831 15,1027.727674637975
24_20240831 16,1212.4515516446932
24_20240831 17,1334.3445175709758
24_20240831 18,1332.2176034855988
24_20240831 19,1333.4192648307392
24_20240831 20,1284.8277982553477
24_20240831 21,1276.4938647828644
24_20240831 22,1260.2685812322054
24_20240831 23,1289.025425152503
25_20240825 00,1010.1848347148353
25_20240825 01,921.0324799094495
25_20240825 02,860.5887793813736
25_20240825 03,813.9036206258423
25_20240825 04,822.2505682355477
25_20240825 05,839.5234335142582
25_20240825 06,875.3799706957411
25_20240825 07,951.5003278606672
25_20240825 08,1164.6351382792639
25_20240825 09,1279.68510550658
25_20240825 10,1277.5588362543738
25_20240825 11,1304.7487129225615
25_20240825 12,1443.4323876139906
25_20240825 13,1543.9750553852753
25_20240825 14,1528.8315383597153
25_20240825 15,1494.561941421432
25_20240825 16,1656.0603372965313
25_20240825 17,1580.085404621696
25_20240825 18,1654.9856213772682
25_20240825 19,1568.039933709166
25_20240825 20,1524.0057518057397
25_20240825 21,1488.6553344853546
25_20240825 22,1367.5027737998703
25_20240825 23,1144.7528227694158
25_20240826 00,1043.666607880568
25_20240826 01,934.6925585840808
25_20240826 02,888.275752971471
25_20240826 03,855.8195995575268
25_20240826 04,776.0659159939104
25_20240826 05,774.882593159961
25_20240826 06,820.5417098122814
25_20240826 07,904.8773825957352
25_20240826 08,969.3188456301784
25_20240826 09,975.3442697856385
25_20240826 10,1008.9786304968089
25_20240826 11,1035.547240785353
25_20240826 12,1364.458604772658
25_20240826 13,1301.618568290089
25_20240826 14,1322.143645669374
25_20240826 15,1782.5967986938638
25_20240826 16,1760.2303637378538
25_20240826 17,2030.1659659993704
25_20240826 18,2185.858526186235
25_20240826 19,2136.387655584748
25_20240826 20,1939.3166993000605
25_20240826 21,1578.4184117548996
25_20240826 22,1395.014254475812
25_20240826 23,1156.8842057763047
25_20240827 00,1043.0592826999325
25_20240827 01,943.0624926682432
25_20240827 02,884.1794290248863
25_20240827 03,893.9250065518487
25_20240827 04,866.4035684842517
25_20240827 05,865.9206287083779
25_20240827 06,899.2583675437224
25_20240827 07,976.073401727276
25_20240827 08,1039.3815418330719
25_20240827 09,1108.2090030640486
25_20240827 10,1143.730530481399
25_20240827 11,1033.452258624855
25_20240827 12,1175.107843560224
25_20240827 13,1075.9833884248103
25_20240827 14,1072.9580754523513
25_20240827 15,1031.5537818270661
25_20240827 16,1032.625135387097
25_20240827 17,1132.0448894920646
25_20240827 18,1283.113111290476
25_20240827 19,1379.2680481138623
25_20240827 20,1383.7045960593975
25_20240827 21,1319.8463562705952
25_20240827 22,1254.4408486103662
25_20240827 23,1013.574681919582
25_20240828 00,933.3632685865335
25_20240828 01,866.6862575934003
25_20240828 02,763.9599043612781
25_20240828 03,800.8106376769161
25_20240828 04,810.9349985694969
25_20240828 05,813.7746055134737
25_20240828 06,831.0087181302114
25_20240828 07,945.5037554661949
25_20240828 08,948.0504733775366
25_20240828 09,953.5226020767517
25_20240828 10,989.822748868731
25_20240828 11,1137.3976920379728
25_20240828 12,1206.974198416857
25_20240828 13,1209.4001330786884
25_20240828 14,1298.435694534937
25_20240828 15,1399.8576276947608
25_20240828 16,1305.754209314227
25_20240828 17,1240.2641455949556
25_20240828 18,1461.4543369793994
25_20240828 19,1492.9362058132679
25_20240828 20,1462.3212074450726
25_20240828 21,1468.522262946085
25_20240828 22,1376.0167536751958
25_20240828 23,1121.970737067136
25_20240829 00,1042.9647006542239
25_20240829 01,945.3955383767071
25_20240829 02,930.1559595036998
25_20240829 03,915.287787012858
25_20240829 04,902.9476712712296
25_20240829 05,909.8796186481178
25_20240829 06,934.0012539353652
25_20240829 07,984.9285997992674
25_20240829 08,1019.5795983185744
25_20240829 09,1071.96027028787
25_20240829 10,1208.726271519866
25_20240829 11,1231.3139821734198
25_20240829 12,1382.5005502566974
25_20240829 13,1509.812093944561
25_20240829 14,1567.922413696591
25_20240829 15,1590.150193717371
25_20240829 16,1602.5817235363688
25_20240829 17,1706.6779940632957
25_20240829 18,1851.0907406843028
25_20240829 19,1776.0283641887893
25_20240829 20,1698.7186740550721
25_20240829 21,1564.3430223474115
25_20240829 22,1466.843592451936
25_20240829 23,1259.2648863088777
25_20240830 00,1095.6558335597324
25_20240830 01,1012.841348477715
25_20240830 02,957.3891682687712
25_20240830 03,931.4995004976539
25_20240830 04,927.2876778190666
25_20240830 05,913.4154606812021
25_20240830 06,926.874130931532
25_20240830 07,1007.9351961422547
25_20240830 08,1111.2743499290914
25_20240830 09,1207.8373554254258
25_20240830 10,1226.6908169711453
25_20240830 11,1201.5692834220517
25_20240830 12,1438.2798604494046
25_20240830 13,1548.2522181096504
25_20240830 14,1514.0026957962546
25_20240830 15,1483.2982852457383
25_20240830 16,1498.76665334146
25_20240830 17,1640.7827232210823
25_20240830 18,1899.4609583269807
25_20240830 19,1585.5275025990663
25_20240830 20,1464.432198462973
25_20240830 21,1463.1690603913898
25_20240830 22,1373.3684928058417
25_20240830 23,1154.390056512425
25_20240831 00,1016.1788369741525
25_20240831 01,904.9260588042675
25_20240831 02,839.233030607846
25_20240831 03,757.9772151390346
25_20240831 04,729.810487006988
25_20240831 05,729.5096907254477
25_20240831 06,758.5477483457362
25_20240831 07,864.2504988839594
25_20240831 08,934.025243979177
25_20240831 09,1065.0681585270256
25_20240831 10,1055.544459159567
25_20240831 11,1127.9157774405019
25_20240831 12,1126.8286105147706
25_20240831 13,1403.1941246657825
25_20240831 14,1556.1237058656807
25_20240831 15,1536.2848776596434
25_20240831 16,1521.5371823682158
25_20240831 17,1486.601662759076
25_20240831 18,1433.9654532166946
25_20240831 19,1454.0707221134492
25_20240831 20,1423.2564276585167
25_20240831 21,1387.3117973372464
25_20240831 22,1268.2233766529832
25_20240831 23,1078.2920536371246
26_20240825 00,750.7190077305737
26_20240825 01,751.5200109625032
26_20240825 02,748.1962247933895
26_20240825 03,756.394813483874
26_20240825 04,760.4156094285747
26_20240825 05,762.0114660386481
26_20240825 06,845.1356255338299
26_20240825 07,1166.8787610496154
26_20240825 08,2135.5197460295744
26_20240825 09,3060.9848203180313
26_20240825 10,3904.962044573314
26_20240825 11,3920.598150813727
26_20240825 12,4016.895179990079
26_20240825 13,4080.135102174457
26_20240825 14,4113.260086041611
26_20240825 15,4128.417553712699
26_20240825 16,3828.6365319594465
26_20240825 17,3327.551917132148
26_20240825 18,2063.89034329498
26_20240825 19,1242.4327900648602
26_20240825 20,1208.6030199932763
26_20240825 21,1096.1889050450977
26_20240825 22,968.1210450102005
26_20240825 23,813.1132924941752
26_20240826 00,746.5462766293699
26_20240826 01,760.3575984640729
26_20240826 02,759.2912137553147
26_20240826 03,759.36962027805
26_20240826 04,760.3104555206722
26_20240826 05,747.5790202341489
26_20240826 06,866.694387963336
26_20240826 07,1093.6754615412262
26_20240826 08,2022.955295570764
26_20240826 09,2761.2917320137726
26_20240826 10,3165.1426709687994
26_20240826 11,3016.9806976139166
26_20240826 12,3127.7112351950145
26_20240826 13,3037.842992566605
26_20240826 14,3121.8174982499218
26_20240826 15,3095.067804349148
26_20240826 16,3010.555510530045
26_20240826 17,2627.015888586909
26_20240826 18,1693.8889754234476
26_20240826 19,1043.4026809268628
26_20240826 20,1050.1656398539685
26_20240826 21,1026.4375169355521
26_20240826 22,875.9659238853851
26_20240826 23,774.1530975315533
26_20240827 00,738.8504955334233
26_20240827 01,734.0237192216593
26_20240827 02,738.1798520544246
26_20240827 03,742.515084618124
26_20240827 04,742.7413817332404
26_20240827 05,736.3627570116689
26_20240827 06,794.7109177123081
26_20240827 07,1067.1568508556509
26_20240827 08,2018.8854066437539
26_20240827 09,2756.2600412903384
26_20240827 10,3033.4808364694727
26_20240827 11,3186.1088535660015
26_20240827 12,3133.761316133454
26_20240827 13,3134.6722108313434
26_20240827 14,2851.034472036425
26_20240827 15,2782.3917381887945
26_20240827 16,2970.278714961197
26_20240827 17,2579.30903949568
26_20240827 18,1679.9472346714322
26_20240827 19,1138.9960456242263
26_20240827 20,1133.8258744558414
26_20240827 21,1020.1923886801476
26_20240827 22,855.4087565737012
26_20240827 23,726.9137750028765
26_20240828 00,706.9554092137413
26_20240828 01,712.2882210042336
26_20240828 02,683.3246887042477
26_20240828 03,673.1241322662437
26_20240828 04,675.3516869818329
26_20240828 05,669.1015872419864
26_20240828 06,801.8927883331618
26_20240828 07,1003.6357426337363
26_20240828 08,1945.496896777107
26_20240828 09,2736.1250938569397
26_20240828 10,3332.8324494465337
26_20240828 11,3300.277063707996
26_20240828 12,3318.710259710157
26_20240828 13,3473.319224896044
26_20240828 14,3328.0476080551025
26_20240828 15,3587.0073686950036
26_20240828 16,3293.2660345692966
26_20240828 17,3028.0266390847332
26_20240828 18,2147.868174197577
26_20240828 19,1151.8824395664074
26_20240828 20,1137.4408937462836
26_20240828 21,1034.7603864189036
26_20240828 22,880.9303000475005
26_20240828 23,756.5842554057217
26_20240829 00,728.267155855533
26_20240829 01,735.1694639127388
26_20240829 02,743.2522273393187
26_20240829 03,742.9255688832981
26_20240829 04,747.8353328111436
26_20240829 05,738.181485765511
26_20240829 06,875.3813637003723
26_20240829 07,1118.1711300552058
26_20240829 08,1972.3716342628768
26_20240829 09,3058.987456622176
26_20240829 10,3533.882200930698
26_20240829 11,3591.6893586262768
26_20240829 12,3744.3444406851936
26_20240829 13,3818.090412188206
26_20240829 14,3887.6102116916654
26_20240829 15,3898.3516827228414
26_20240829 16,3602.8870522055477
26_20240829 17,3191.2414048918954
26_20240829 18,1996.1263432768665
26_20240829 19,1169.7498691209705
26_20240829 20,1250.3834751868467
26_20240829 21,1140.7028165190159
26_20240829 22,954.8366452908192
26_20240829 23,763.058513028904
26_20240830 00,730.5676594235996
26_20240830 01,733.2986354327367
26_20240830 02,747.0369976468618
26_20240830 03,748.8449189512401
26_20240830 04,753.3777286028508
26_20240830 05,737.3345520255624
26_20240830 06,776.2285347150233
26_20240830 07,1177.6668848903473
26_20240830 08,1962.0066536801955
26_20240830 09,3263.138556466692
26_20240830 10,3772.8919977061537
26_20240830 11,3725.8630011604396
26_20240830 12,4011.4091862337064
26_20240830 13,3735.4667266458932
26_20240830 14,3360.415536087781
26_20240830 15,3417.0497856456964
26_20240830 16,3145.853816161813
26_20240830 17,3564.5332948011587
26_20240830 18,2164.0917018350315
26_20240830 19,1302.7555210712057
26_20240830 20,1330.6510590163116
26_20240830 21,1220.0771228257393
26_20240830 22,982.9547155880801
26_20240830 23,812.0064282470915
26_20240831 00,806.7651332428057
26_20240831 01,805.9795891151991
26_20240831 02,805.4734674602659
26_20240831 03,808.612896717292
26_20240831 04,798.5759661307404
26_20240831 05,745.5128444239313
26_20240831 06,833.3206984636824
26_20240831 07,1129.9989731994428
26_20240831 08,1993.6464834997946
26_20240831 09,3133.4036566251243
26_20240831 10,3702.1678248452
26_20240831 11,3786.590872896694
26_20240831 12,4346.250489265978
26_20240831 13,4013.460035958706
26_20240831 14,3905.9918085374784
26_20240831 15,3751.7293417708956
26_20240831 16,4083.4853443675433
26_20240831 17,3832.6562472279516
26_20240831 18,2261.451587031873
26_20240831 19,1358.5970109996158
26_20240831 20,1332.1665552695715
26_20240831 21,1185.258713960799
26_20240831 22,950.9783131869868
26_20240831 23,792.2355967991247
27_20240825 00,515.9104598663132
27_20240825 01,425.39248512147685
27_20240825 02,430.68383255845765
27_20240825 03,435.65908666471876
27_20240825 04,429.55397198582125
27_20240825 05,430.02526772695563
27_20240825 06,522.1165915973639
27_20240825 07,668.1070917446385
27_20240825 08,1028.3696506063084
27_20240825 09,1212.8014665610942
27_20240825 10,1288.2267118018704
27_20240825 11,1200.1390068290757
27_20240825 12,1046.6098254607612
27_20240825 13,1024.3262197695778
27_20240825 14,1029.608483441897
27_20240825 15,1041.4971406482375
27_20240825 16,997.4354742130665
27_20240825 17,936.4715022027569
27_20240825 18,1050.647794251794
27_20240825 19,1134.9678457756381
27_20240825 20,1217.0969291695744
27_20240825 21,1082.5260793321113
27_20240825 22,806.6024284766797
27_20240825 23,713.4145523287733
27_20240826 00,537.0757590985429
27_20240826 01,434.9453697446613
27_20240826 02,433.90521013699123
27_20240826 03,440.16231363597404
27_20240826 04,436.7358247148201
27_20240826 05,436.24171050853516
27_20240826 06,592.2240944737882
27_20240826 07,813.4401762635831
27_20240826 08,1451.7920404556942
27_20240826 09,1943.1029755278469
27_20240826 10,2239.7136709991573
27_20240826 11,2249.413562091271
27_20240826 12,2304.288652739358
27_20240826 13,2311.6836751800065
27_20240826 14,2307.222340616535
27_20240826 15,2261.277706086276
27_20240826 16,2263.264202096979
27_20240826 17,2343.4519933441775
27_20240826 18,2334.0276079722844
27_20240826 19,1404.383257250812
27_20240826 20,1478.4338328494273
27_20240826 21,1496.2830456733484
27_20240826 22,937.6979096148344
27_20240826 23,760.8129083692605
27_20240827 00,534.1789798946021
27_20240827 01,435.0502801049388
27_20240827 02,434.1629058404722
27_20240827 03,442.23919732999207
27_20240827 04,436.34287703874463
27_20240827 05,435.04396683104756
27_20240827 06,509.55642250059833
27_20240827 07,757.8417518188977
27_20240827 08,1098.9963679127713
27_20240827 09,1761.400771387912
27_20240827 10,2108.5819021299453
27_20240827 11,2123.9725344500057
27_20240827 12,2144.4761109863584
27_20240827 13,2077.3106548487767
27_20240827 14,2099.43267890476
27_20240827 15,2098.9794372593838
27_20240827 16,2116.3082910954054
27_20240827 17,2055.191771512973
27_20240827 18,2098.20440765627
27_20240827 19,1384.7799973835672
27_20240827 20,1300.3140338237433
27_20240827 21,1263.6647492698116
27_20240827 22,858.8153334698987
27_20240827 23,737.6546592206101
27_20240828 00,526.2578927431508
27_20240828 01,434.2499690591328
27_20240828 02,434.20883371411793
27_20240828 03,439.5984018191318
27_20240828 04,435.0043755791066
27_20240828 05,430.01987149735663
27_20240828 06,522.0424664500807
27_20240828 07,663.6095156742873
27_20240828 08,1103.2143238757765
27_20240828 09,1849.8059999658838
27_20240828 10,2135.029957456448
27_20240828 11,2135.6637102747727
27_20240828 12,2127.837422308312
27_20240828 13,2151.107148285084
27_20240828 14,2109.8667735414974
27_20240828 15,2104.034739975481
27_20240828 16,2093.3878371005453
27_20240828 17,2109.5221107234183
27_20240828 18,2063.997499239578
27_20240828 19,1452.003159326754
27_20240828 20,1441.0234920062956
27_20240828 21,1421.6764349623813
27_20240828 22,915.7031594916796
27_20240828 23,761.2276423179933
27_20240829 00,529.3257286044528
27_20240829 01,436.92296960425483
27_20240829 02,436.18414023514237
27_20240829 03,445.2773407765142
27_20240829 04,438.10239897131356
27_20240829 05,433.68051445263154
27_20240829 06,544.8040565874902
27_20240829 07,673.7843663327219
27_20240829 08,1099.4782177857987
27_20240829 09,1855.8664756509204
27_20240829 10,2127.192742911556
27_20240829 11,2151.6029506897444
27_20240829 12,2135.6990529234113
27_20240829 13,2158.568828653357
27_20240829 14,2136.9038859303046
27_20240829 15,2076.775045952191
27_20240829 16,2067.690008982524
27_20240829 17,2073.673417549003
27_20240829 18,2120.6362415054937
27_20240829 19,1445.9778125767812
27_20240829 20,1443.9977837638562
27_20240829 21,1371.5485786440408
27_20240829 22,904.2831035550835
27_20240829 23,746.3661422732582
27_20240830 00,529.1651733483078
27_20240830 01,434.76670256660486
27_20240830 02,435.058934764318
27_20240830 03,443.1766885341135
27_20240830 04,438.23149085462376
27_20240830 05,434.1091107891476
27_20240830 06,544.2986580752396
27_20240830 07,670.6924685436852
27_20240830 08,1103.0094195505299
27_20240830 09,1884.8422070301656
27_20240830 10,2171.5241438910953
27_20240830 11,2172.4906238414833
27_20240830 12,2132.71964066427
27_20240830 13,2174.4026074999265
27_20240830 14,2137.9189169549322
27_20240830 15,2113.2041959644903
27_20240830 16,2059.536071361347
27_20240830 17,2118.246967370296
27_20240830 18,2026.1557033851207
27_20240830 19,1530.807037139558
27_20240830 20,1456.9593447533373
27_20240830 21,1342.1799224584322
27_20240830 22,878.1347436441929
27_20240830 23,741.5390580101945
27_20240831 00,530.2378358752306
27_20240831 01,433.8815196736959
27_20240831 02,433.21938811781723
27_20240831 03,436.5459684963827
27_20240831 04,431.675296697267
27_20240831 05,428.2531974167947
27_20240831 06,517.9391143504519
27_20240831 07,646.6428395277194
27_20240831 08,1050.0187518803214
27_20240831 09,1693.9526268871957
27_20240831 10,2087.770640496052
27_20240831 11,2057.9824142234384
27_20240831 12,2126.1880711232047
27_20240831 13,2161.0588502815217
27_20240831 14,2078.5138655653673
27_20240831 15,2115.5713571797655
27_20240831 16,2067.945540104198
27_20240831 17,2075.3765516261014
27_20240831 18,2022.103364987969
27_20240831 19,1493.591263053477
27_20240831 20,1382.3786627100526
27_20240831 21,1407.1765002083412
27_20240831 22,937.2017173755272
27_20240831 23,746.7742029882372
28_20240825 00,763.7290575461398
28_20240825 01,688.2560318832517
28_20240825 02,637.4355048603951
28_20240825 03,621.786537228025
28_20240825 04,617.5048383338949
28_20240825 05,672.4562828366595
28_20240825 06,850.9057829025795
28_20240825 07,872.0049700709692
28_20240825 08,889.7278263593713
28_20240825 09,947.4400388124985
28_20240825 10,983.1260855879962
28_20240825 11,973.4858733419015
28_20240825 12,1077.0139901296557
28_20240825 13,1077.8770876870678
28_20240825 14,1072.4517572672912
28_20240825 15,1046.2021773769804
28_20240825 16,1072.0581552651024
28_20240825 17,994.2744991342905
28_20240825 18,993.6080715449151
28_20240825 19,901.2039107282349
28_20240825 20,907.5791261336777
28_20240825 21,880.0546207527324
28_20240825 22,827.141080995933
28_20240825 23,756.7620664437294
28_20240826 00,625.9292856616308
28_20240826 01,581.368717627184
28_20240826 02,530.8757440970995
28_20240826 03,494.48296908345884
28_20240826 04,490.3783899349345
28_20240826 05,529.17786804633
28_20240826 06,714.8848441793756
28_20240826 07,785.5473497817384
28_20240826 08,849.0601893646865
28_20240826 09,910.3420943613562
28_20240826 10,967.8261770640557
28_20240826 11,948.6791395390867
28_20240826 12,1016.1960104902511
28_20240826 13,1018.8524151310747
28_20240826 14,1000.4590868547505
28_20240826 15,1016.9153033025669
28_20240826 16,1098.7085807897377
28_20240826 17,1089.1848653265624
28_20240826 18,1023.1510466636521
28_20240826 19,941.2993756079081
28_20240826 20,869.7210970836475
28_20240826 21,810.7135503993545
28_20240826 22,759.5432489979577
28_20240826 23,685.7585577886645
28_20240827 00,608.5531423548767
28_20240827 01,575.1424256583216
28_20240827 02,530.2854242128712
28_20240827 03,519.831295070504
28_20240827 04,489.7271543227019
28_20240827 05,527.6489971737461
28_20240827 06,621.9088213386622
28_20240827 07,725.3156292758855
28_20240827 08,795.2534620853921
28_20240827 09,827.09888451906
28_20240827 10,861.61000702043
28_20240827 11,872.1782523526634
28_20240827 12,875.0737407100015
28_20240827 13,881.1886897693649
28_20240827 14,883.7635585362249
28_20240827 15,900.4048322456138
28_20240827 16,926.6408493332905
28_20240827 17,943.2672775190096
28_20240827 18,931.4352588189926
28_20240827 19,869.8505445112031
28_20240827 20,785.2058684744278
28_20240827 21,774.1408403101443
28_20240827 22,721.3256952018465
28_20240827 23,645.9850588544637
28_20240828 00,544.5317126527824
28_20240828 01,484.1850534973445
28_20240828 02,466.42266454279445
28_20240828 03,443.94860093289265
28_20240828 04,450.04826773514884
28_20240828 05,469.9180887149979
28_20240828 06,610.3284286208336
28_20240828 07,683.0303596207343
28_20240828 08,754.9216117540757
28_20240828 09,867.292270602506
28_20240828 10,885.1745529979678
28_20240828 11,880.0231060051675
28_20240828 12,879.1775355730005
28_20240828 13,879.2721051603652
28_20240828 14,909.399851507186
28_20240828 15,974.4354799274207
28_20240828 16,1031.522430729735
28_20240828 17,969.4011153740953
28_20240828 18,953.8903648802309
28_20240828 19,882.3652860665035
28_20240828 20,882.7353483697974
28_20240828 21,804.0782574979476
28_20240828 22,750.1800195364307
28_20240828 23,682.2392278176554
28_20240829 00,575.8901761590794
28_20240829 01,475.72595837191443
28_20240829 02,449.4637009663009
28_20240829 03,442.28729797743785
28_20240829 04,442.7963974442108
28_20240829 05,464.12834890739146
28_20240829 06,628.5741239528661
28_20240829 07,651.8622589511367
28_20240829 08,670.4569451758608
28_20240829 09,810.0704038846333
28_20240829 10,874.0103768487799
28_20240829 11,900.9207831337068
28_20240829 12,903.802804490755
28_20240829 13,878.9352657430157
28_20240829 14,897.6616754693857
28_20240829 15,889.644180156939
28_20240829 16,848.1297166058698
28_20240829 17,899.4140292516604
28_20240829 18,895.2823203462377
28_20240829 19,896.9640903665652
28_20240829 20,895.5188799182174
28_20240829 21,895.9568663007965
28_20240829 22,845.6249988732488
28_20240829 23,814.596620649116
28_20240830 00,741.0004988022058
28_20240830 01,680.7554169905135
28_20240830 02,593.3277757444476
28_20240830 03,561.8266438987459
28_20240830 04,553.7080498385853
28_20240830 05,551.2013974058501
28_20240830 06,691.9729910761042
28_20240830 07,752.8980241542298
28_20240830 08,785.8720736801318
28_20240830 09,822.7108367526115
28_20240830 10,848.8715434658351
28_20240830 11,876.6362817450631
28_20240830 12,888.3667840701884
28_20240830 13,895.4248889168315
28_20240830 14,938.6682012115377
28_20240830 15,966.5903148266382
28_20240830 16,954.6094360485451
28_20240830 17,971.2684812561848
28_20240830 18,975.0399261809437
28_20240830 19,888.4411311969446
28_20240830 20,836.6147502378545
28_20240830 21,801.7766152620146
28_20240830 22,758.1760397070971
28_20240830 23,689.7155127222426
28_20240831 00,585.7849195808016
28_20240831 01,528.6790971588247
28_20240831 02,484.30942344070564
28_20240831 03,475.0686154934689
28_20240831 04,473.6107622543086
28_20240831 05,504.7028237914009
28_20240831 06,531.6455462387399
28_20240831 07,699.044071159267
28_20240831 08,766.0580994194028
28_20240831 09,809.0601127802925
28_20240831 10,882.1504850957674
28_20240831 11,898.4423061266631
28_20240831 12,893.7595205444665
28_20240831 13,974.7671198628418
28_20240831 14,936.2035487627866
28_20240831 15,881.1258747573614
28_20240831 16,849.9977517062532
28_20240831 17,826.3339826032019
28_20240831 18,828.6219191447633
28_20240831 19,761.961657583545
28_20240831 20,781.5037547182319
28_20240831 21,774.3744224300851
28_20240831 22,712.6829903373648
28_20240831 23,658.4950992648337
29_20240825 00,521.8481199977394
29_20240825 01,513.848773864737
29_20240825 02,507.15946281295487
29_20240825 03,509.22991763572674
29_20240825 04,500.1795324000971
29_20240825 05,501.3681093075611
29_20240825 06,553.3211457493335
29_20240825 07,649.9455331065468
29_20240825 08,802.8991720109634
29_20240825 09,1100.5779573276307
29_20240825 10,1381.8317771291347
29_20240825 11,1220.1088090999938
29_20240825 12,1468.1599094541996
29_20240825 13,1400.7993041733155
29_20240825 14,1421.868561288043
29_20240825 15,1417.824321429337
29_20240825 16,1414.6670553093938
29_20240825 17,1370.6812645459156
29_20240825 18,1363.8374790634502
29_20240825 19,1230.596964416268
29_20240825 20,1169.895324488048
29_20240825 21,1211.1996437655025
29_20240825 22,942.9211571731537
29_20240825 23,647.5789102263791
29_20240826 00,522.1558393361524
29_20240826 01,515.6681389153969
29_20240826 02,517.1548140832431
29_20240826 03,514.145661127238
29_20240826 04,504.7833654771913
29_20240826 05,502.3804568641086
29_20240826 06,520.7808650808562
29_20240826 07,655.9301286153674
29_20240826 08,814.1388135095074
29_20240826 09,1100.7859589788793
29_20240826 10,1476.0283458579715
29_20240826 11,1559.0350457630734
29_20240826 12,1597.2798988584059
29_20240826 13,1436.2812947317332
29_20240826 14,1418.7314138706708
29_20240826 15,1554.5736350313093
29_20240826 16,1574.2061214903586
29_20240826 17,1500.3988029303202
29_20240826 18,1446.6276018976614
29_20240826 19,1246.0689059291994
29_20240826 20,1181.935280641438
29_20240826 21,1217.7207203894293
29_20240826 22,933.1798328183015
29_20240826 23,631.3512125028782
29_20240827 00,524.6973418020561
29_20240827 01,516.5046420881034
29_20240827 02,516.1335952646341
29_20240827 03,517.9826864054196
29_20240827 04,506.6085110623484
29_20240827 05,499.1203254683519
29_20240827 06,559.4409547739396
29_20240827 07,661.326400621264
29_20240827 08,806.4323671945758
29_20240827 09,1066.8240667623259
29_20240827 10,1437.1095079542454
29_20240827 11,1471.8718420881435
29_20240827 12,1491.5781351176033
29_20240827 13,1516.83787105557
29_20240827 14,1564.28473841302
29_20240827 15,1424.8661601041806
29_20240827 16,1501.691533591766
29_20240827 17,1367.0758813835785
29_20240827 18,1340.4868101786853
29_20240827 19,1226.1685493135456
29_20240827 20,1219.6414953631631
29_20240827 21,1207.8786467749633
29_20240827 22,918.1903190838245
29_20240827 23,626.5581029696159
29_20240828 00,500.5323470368195
29_20240828 01,435.00812076665375
29_20240828 02,424.04562010199703
29_20240828 03,439.90522082510665
29_20240828 04,451.5214131261993
29_20240828 05,502.53984477943703
29_20240828 06,573.2213919736088
29_20240828 07,650.5837344259039
29_20240828 08,819.5355252415001
29_20240828 09,1049.418056782976
29_20240828 10,1201.948676541363
29_20240828 11,1158.6567918168819
29_20240828 12,1237.5972100663882
29_20240828 13,1291.217109200997
29_20240828 14,1099.9095315073573
29_20240828 15,1182.8157638789526
29_20240828 16,1338.5066638284413
29_20240828 17,1309.137782274822
29_20240828 18,1254.474469698487
29_20240828 19,1196.2142710684338
29_20240828 20,1243.5153011861792
29_20240828 21,1207.4076143115492
29_20240828 22,829.5188564360888
29_20240828 23,644.4946893546133
29_20240829 00,540.607946976309
29_20240829 01,497.38400592231676
29_20240829 02,510.2618877338099
29_20240829 03,529.3094735899763
29_20240829 04,511.76427442463785
29_20240829 05,507.9616562087718
29_20240829 06,525.5508360103785
29_20240829 07,662.9416844475131
29_20240829 08,818.200231675656
29_20240829 09,1041.4704995392801
29_20240829 10,1313.1705192611307
29_20240829 11,1226.3478375881327
29_20240829 12,1290.579630437663
29_20240829 13,1178.26273707298
29_20240829 14,1302.4592106244702
29_20240829 15,1469.3741315866553
29_20240829 16,1396.7442365590339
29_20240829 17,1414.3743198327597
29_20240829 18,1378.1621931376112
29_20240829 19,1226.8517348900295
29_20240829 20,1261.2779863198111
29_20240829 21,1226.1359605649445
29_20240829 22,944.7533447161478
29_20240829 23,696.5333526416858
29_20240830 00,565.0070483899466
29_20240830 01,501.84981992416033
29_20240830 02,514.5317663619243
29_20240830 03,478.67703020064187
29_20240830 04,511.3498991480505
29_20240830 05,464.51210380096353
29_20240830 06,568.7860221675434
29_20240830 07,652.9500430291207
29_20240830 08,812.751762087524
29_20240830 09,1089.0571693144213
29_20240830 10,1427.044096531983
29_20240830 11,1305.1933518800347
29_20240830 12,1401.3900584190417
29_20240830 13,1398.7100240002633
29_20240830 14,1402.295982265891
29_20240830 15,1441.8981044722013
29_20240830 16,1526.9232065535805
29_20240830 17,1333.1034905499737
29_20240830 18,1280.7677617315264
29_20240830 19,1144.4575626775807
29_20240830 20,1139.1752057852636
29_20240830 21,1148.8281369127733
29_20240830 22,904.6539077603734
29_20240830 23,635.4696024166605
29_20240831 00,509.0549628172593
29_20240831 01,481.67590580344785
29_20240831 02,441.80613313589595
29_20240831 03,514.1250949526619
29_20240831 04,492.8545587138008
29_20240831 05,482.9092696792576
29_20240831 06,513.2885182464754
29_20240831 07,649.5142073004622
29_20240831 08,779.9264617606848
29_20240831 09,1069.9349798206997
29_20240831 10,1227.2931977683281
29_20240831 11,1465.1647835946544
29_20240831 12,1535.0045915754413
29_20240831 13,1295.8222732237332
29_20240831 14,1324.15921086093
29_20240831 15,1255.3408578431931
29_20240831 16,1232.7163178029264
29_20240831 17,1330.88099592002
29_20240831 18,1305.871720254944
29_20240831 19,1183.6187165632239
29_20240831 20,1184.4613876533804
29_20240831 21,1186.9036062492985
29_20240831 22,808.2947185749304
29_20240831 23,589.3041559109064
30_20240825 00,9793.360931130812
30_20240825 01,9782.308852485867
30_20240825 02,9773.943499881503
30_20240825 03,9764.180509736376
30_20240825 04,9739.923295057291
30_20240825 05,9734.759918835822
30_20240825 06,9736.586529443244
30_20240825 07,9741.745828871877
30_20240825 08,9802.021881328423
30_20240825 09,9911.565271765812
30_20240825 10,9938.78264580747
30_20240825 11,9968.195613814072
30_20240825 12,9996.020556694262
30_20240825 13,9998.22766587272
30_20240825 14,10006.288415148307
30_20240825 15,9960.733873847277
30_20240825 16,9937.91812777819
30_20240825 17,9923.658583278495
30_20240825 18,9930.025147876704
30_20240825 19,9892.341690168745
30_20240825 20,9762.174691725979
30_20240825 21,9820.50830774224
30_20240825 22,9791.086504416297
30_20240825 23,9795.718537309787
30_20240826 00,9797.34437545662
30_20240826 01,9797.408526774927
30_20240826 02,9786.053776454906
30_20240826 03,9796.644161448448
30_20240826 04,9795.35639921518
30_20240826 05,9783.582286844343
30_20240826 06,9781.215478493867
30_20240826 07,9792.74514235144
30_20240826 08,9815.704125577455
30_20240826 09,9872.922068041136
30_20240826 10,9904.69251178861
30_20240826 11,9895.480547181254
30_20240826 12,9967.594101593413
30_20240826 13,9965.373740638759
30_20240826 14,9970.49029809567
30_20240826 15,9968.101528145604
30_20240826 16,9967.32470014421
30_20240826 17,9924.966198702417
30_20240826 18,9884.07822843801
30_20240826 19,9886.223107605607
30_20240826 20,9808.314935380653
30_20240826 21,9739.935448076967
30_20240826 22,9754.719464987762
30_20240826 23,9737.884392979822
30_20240827 00,9758.56993067922
30_20240827 01,9754.566665682853
30_20240827 02,9794.215367874662
30_20240827 03,9793.84397448381
30_20240827 04,9792.514930791172
30_20240827 05,9744.33026073832
30_20240827 06,9742.194887257434
30_20240827 07,9717.404140231767
30_20240827 08,9719.556483061675
30_20240827 09,9716.520668386398
30_20240827 10,9734.658153272941
30_20240827 11,9705.215790857244
30_20240827 12,9735.5795167918
30_20240827 13,9740.992669382551
30_20240827 14,9732.012074498449
30_20240827 15,9819.94922512874
30_20240827 16,9855.324649451872
30_20240827 17,9897.026719120306
30_20240827 18,9889.664379561973
30_20240827 19,9842.70389759825
30_20240827 20,9705.914010239609
30_20240827 21,9728.769716840718
30_20240827 22,9727.112730559918
30_20240827 23,9719.866775893286
30_20240828 00,9704.203553282267
30_20240828 01,9704.42563834391
30_20240828 02,9709.009023127039
30_20240828 03,9700.030579151986
30_20240828 04,9679.143556780264
30_20240828 05,9670.454627643549
30_20240828 06,9656.646552885024
30_20240828 07,9653.246785586936
30_20240828 08,9722.253196087984
30_20240828 09,9748.592903605977
30_20240828 10,9843.767081071788
30_20240828 11,9847.032823280997
30_20240828 12,9923.96362902782
30_20240828 13,9975.612508953733
30_20240828 14,9954.890316122648
30_20240828 15,9876.154002148434
30_20240828 16,9976.497690408572
30_20240828 17,9977.001873792735
30_20240828 18,9977.257324233162
30_20240828 19,9969.586284300522
30_20240828 20,9915.41053384586
30_20240828 21,9909.03515938458
30_20240828 22,9861.225366388779
30_20240828 23,9830.205275258899
30_20240829 00,9722.444091708794
30_20240829 01,9727.512858667544
30_20240829 02,9724.878669745589
30_20240829 03,9727.237441024748
30_20240829 04,9662.408824723905
30_20240829 05,9662.318447942527
30_20240829 06,9663.331226639202
30_20240829 07,9698.50543452513
30_20240829 08,9722.445947346983
30_20240829 09,9817.33492837922
30_20240829 10,9882.863845977514
30_20240829 11,9894.532421049838
30_20240829 12,9992.93656022399
30_20240829 13,9949.016165362505
30_20240829 14,9899.700378408636
30_20240829 15,9878.336860021493
30_20240829 16,9977.001873792735
30_20240829 17,10005.311222910916
30_20240829 18,9999.76617769888
30_20240829 19,9961.968260158726
30_20240829 20,9897.444887976948
30_20240829 21,9876.308967527979
30_20240829 22,9808.195893340911
30_20240829 23,9640.7275995178
30_20240830 00,9724.667416350234
30_20240830 01,9722.400851961222
30_20240830 02,9680.684274592968
30_20240830 03,9685.57743206952
30_20240830 04,9681.032994042718
30_20240830 05,9674.644592232678
30_20240830 06,9684.154971113145
30_20240830 07,9681.594721315205
30_20240830 08,9818.841607047494
30_20240830 09,9916.435722168211
30_20240830 10,9967.787900659157
30_20240830 11,9944.804028776778
30_20240830 12,9976.473053004776
30_20240830 13,9975.612508953733
30_20240830 14,9873.28149870527
30_20240830 15,9899.854529079636
30_20240830 16,9993.526653822213
30_20240830 17,9943.544435978356
30_20240830 18,9887.54175878768
30_20240830 19,9800.790192628816
30_20240830 20,9713.242253113614
30_20240830 21,9737.94027525185
30_20240830 22,9718.38186513835
30_20240830 23,9734.814607003544
30_20240831 00,9732.658020666326
30_20240831 01,9714.581699387818
30_20240831 02,9686.2488767465
30_20240831 03,9687.53077420105
30_20240831 04,9695.736407310762
30_20240831 05,9695.077094169179
30_20240831 06,9675.324622536007
30_20240831 07,9662.707713073274
30_20240831 08,9649.718690795733
30_20240831 09,9686.867127496596
30_20240831 10,9768.569822923031
30_20240831 11,9881.400632790217
30_20240831 12,9890.85133157841
30_20240831 13,9962.652826069125
30_20240831 14,9973.5219441063
30_20240831 15,9974.80653837707
30_20240831 16,9911.313180128529
30_20240831 17,9966.798977087004
30_20240831 18,9885.842307589504
30_20240831 19,9837.854098439158
30_20240831 20,9647.444741352687
30_20240831 21,9638.174717262458
30_20240831 22,9719.280661117908
30_20240831 23,9714.436240058105
31_20240825 00,848.0811367487585
31_20240825 01,675.4763927933958
31_20240825 02,580.1117601760777
31_20240825 03,545.5966764433178
31_20240825 04,513.7681392320143
31_20240825 05,512.026949547478
31_20240825 06,537.0220125481587
31_20240825 07,629.8961635123538
31_20240825 08,818.1309727310976
31_20240825 09,931.1047270150971
31_20240825 10,1076.6239642037895
31_20240825 11,1113.0711416717336
31_20240825 12,1163.2138573490968
31_20240825 13,1146.2955630231725
31_20240825 14,1171.7567560251102
31_20240825 15,1075.509585444338
31_20240825 16,1042.9669158499546
31_20240825 17,1048.4633384993826
31_20240825 18,1147.7835076416252
31_20240825 19,1238.9599763089745
31_20240825 20,1092.7533368704967
31_20240825 21,1156.71048763437
31_20240825 22,1087.9172376634908
31_20240825 23,1005.4860034785258
31_20240826 00,872.041743800246
31_20240826 01,721.792175847353
31_20240826 02,616.6100807661621
31_20240826 03,599.7517134685329
31_20240826 04,569.5783002200744
31_20240826 05,551.9999225472042
31_20240826 06,566.14840853828
31_20240826 07,682.1421124800113
31_20240826 08,832.6094602593433
31_20240826 09,850.8915024299117
31_20240826 10,893.5453857407286
31_20240826 11,924.0525925970077
31_20240826 12,1055.874960548477
31_20240826 13,1002.9706871082057
31_20240826 14,1004.8212137259313
31_20240826 15,990.8280897195464
31_20240826 16,1067.3617228095063
31_20240826 17,1068.562499642058
31_20240826 18,1078.3052534226704
31_20240826 19,1109.1223175668308
31_20240826 20,1156.8930101204198
31_20240826 21,1108.1223361985715
31_20240826 22,1129.7404880207857
31_20240826 23,970.190582007317
31_20240827 00,850.1866746653784
31_20240827 01,703.2657361779083
31_20240827 02,655.4242052546716
31_20240827 03,612.3099095984144
31_20240827 04,574.9838136781221
31_20240827 05,558.9157116995864
31_20240827 06,590.7409488047924
31_20240827 07,649.9658688585397
31_20240827 08,780.8592350766894
31_20240827 09,714.621392786529
31_20240827 10,721.4234704348574
31_20240827 11,675.1795302454057
31_20240827 12,699.1506481721568
31_20240827 13,649.8357888852678
31_20240827 14,748.1585637386514
31_20240827 15,790.8917872523706
31_20240827 16,856.5335127232374
31_20240827 17,910.427761759315
31_20240827 18,964.8539034525645
31_20240827 19,1130.4411843607857
31_20240827 20,1013.6725189187785
31_20240827 21,1023.2135037088485
31_20240827 22,1037.431498810643
31_20240827 23,851.7011866417936
31_20240828 00,732.2931583428734
31_20240828 01,609.3940333096142
31_20240828 02,519.3308390351049
31_20240828 03,496.93833762338005
31_20240828 04,499.3491787233966
31_20240828 05,488.22316267300295
31_20240828 06,510.4098244130856
31_20240828 07,565.373465823995
31_20240828 08,693.496486250179
31_20240828 09,725.2228361878365
31_20240828 10,731.941632005056
31_20240828 11,756.3903230627845
31_20240828 12,875.6998139196936
31_20240828 13,974.1107049037199
31_20240828 14,926.904432939184
31_20240828 15,873.8683627132251
31_20240828 16,1054.396729404962
31_20240828 17,1090.7839872667269
31_20240828 18,1159.0495584976106
31_20240828 19,1190.6003633712903
31_20240828 20,1138.2474520111634
31_20240828 21,1077.2697710903371
31_20240828 22,1038.7754702806758
31_20240828 23,890.613044683243
31_20240829 00,798.5977652118667
31_20240829 01,676.9523078272022
31_20240829 02,592.8647676195844
31_20240829 03,544.4692220209159
31_20240829 04,506.68732099114595
31_20240829 05,503.95877866449877
31_20240829 06,515.8681558334513
31_20240829 07,606.3739393948529
31_20240829 08,733.1668594188095
31_20240829 09,719.280345446668
31_20240829 10,759.8196970436588
31_20240829 11,849.9038165636177
31_20240829 12,945.5817103356295
31_20240829 13,995.8805930558892
31_20240829 14,939.2799065041249
31_20240829 15,889.230629045015
31_20240829 16,1124.4033396903096
31_20240829 17,1161.2249946724178
31_20240829 18,1183.1531473268685
31_20240829 19,1173.2044315814096
31_20240829 20,1097.0052522844003
31_20240829 21,1098.6164025815028
31_20240829 22,1112.9222726957726
31_20240829 23,897.6686589248811
31_20240830 00,824.9471444790842
31_20240830 01,697.2978619516986
31_20240830 02,602.6798420705737
31_20240830 03,521.5288293311247
31_20240830 04,522.420742805547
31_20240830 05,523.5810502467868
31_20240830 06,544.2554800732319
31_20240830 07,634.504322420322
31_20240830 08,763.4140473725055
31_20240830 09,900.0497969154612
31_20240830 10,1011.6974699594349
31_20240830 11,957.5388453201612
31_20240830 12,1075.2364035556918
31_20240830 13,1017.9963200087006
31_20240830 14,886.9141967669633
31_20240830 15,925.871423843189
31_20240830 16,1092.9901657695052
31_20240830 17,1062.2305979584933
31_20240830 18,983.0131464128873
31_20240830 19,1066.8047573582623
31_20240830 20,1008.6182819253364
31_20240830 21,939.7803112555221
31_20240830 22,959.3174270407907
31_20240830 23,815.5062646639041
31_20240831 00,685.6766583318669
31_20240831 01,587.5540560436439
31_20240831 02,518.1720691812066
31_20240831 03,499.5547055216365
31_20240831 04,471.77449118184325
31_20240831 05,470.53668059883125
31_20240831 06,491.1993244228244
31_20240831 07,564.9029238556958
31_20240831 08,657.1111112770753
31_20240831 09,702.2983185048007
31_20240831 10,753.7150440194266
31_20240831 11,767.066645042643
31_20240831 12,811.559966991878
31_20240831 13,964.195497832669
31_20240831 14,1099.9993233670277
31_20240831 15,1129.0450465123042
31_20240831 16,915.9313852867988
31_20240831 17,1083.3025028298057
31_20240831 18,954.473313654222
31_20240831 19,1121.6585789258243
31_20240831 20,1022.1044506005518
31_20240831 21,1001.8121867377967
31_20240831 22,965.6314121691419
31_20240831 23,802.8879343494948
32_20240825 00,641.7973435383465
32_20240825 01,515.5759864222836
32_20240825 02,521.301078183698
32_20240825 03,494.75460317584844
32_20240825 04,501.67948390358157
32_20240825 05,521.805304963407
32_20240825 06,564.0117356614801
32_20240825 07,741.2675140878673
32_20240825 08,966.3608725061727
32_20240825 09,1973.7589994970233
32_20240825 10,2538.349894803193
32_20240825 11,2692.932964829132
32_20240825 12,2914.472556278364
32_20240825 13,2893.9661318931926
32_20240825 14,2780.7220358673926
32_20240825 15,2704.0235344416205
32_20240825 16,2751.343601446264
32_20240825 17,2545.537377707108
32_20240825 18,2419.95905283635
32_20240825 19,1852.2659488121585
32_20240825 20,1847.8119547149565
32_20240825 21,1792.7679833239479
32_20240825 22,1071.094814257128
32_20240825 23,855.2734653984588
32_20240826 00,597.8840730132697
32_20240826 01,483.17432756056377
32_20240826 02,487.0874212346184
32_20240826 03,474.0206045423626
32_20240826 04,501.892242537893
32_20240826 05,490.64715859454105
32_20240826 06,528.062035366432
32_20240826 07,630.6527703376423
32_20240826 08,796.0941665649702
32_20240826 09,1182.2592915885396
32_20240826 10,825.9739651231819
32_20240826 11,911.4693335410693
32_20240826 12,1437.1549716573888
32_20240826 13,1155.83053957096
32_20240826 14,1140.6777116347587
32_20240826 15,1149.4059360715244
32_20240826 16,1251.4333066621973
32_20240826 17,1359.0463311785777
32_20240826 18,1137.097787886122
32_20240826 19,908.9936685204809
32_20240826 20,793.5972326698472
32_20240826 21,993.2829059784551
32_20240826 22,932.5213175952823
32_20240826 23,845.3554309421894
32_20240827 00,596.0925706413117
32_20240827 01,492.9858335339158
32_20240827 02,493.2902617520024
32_20240827 03,484.4911918176641
32_20240827 04,494.87471277587537
32_20240827 05,521.9711629196711
32_20240827 06,557.9164909005933
32_20240827 07,754.24937977573
32_20240827 08,967.9484200245791
32_20240827 09,1794.851865726345
32_20240827 10,2421.653958762014
32_20240827 11,2434.1279687852357
32_20240827 12,2635.6423710892354
32_20240827 13,2629.757818506935
32_20240827 14,2454.3557693522735
32_20240827 15,2506.417263877881
32_20240827 16,2454.192272172976
32_20240827 17,2437.4581598655786
32_20240827 18,2425.9269322444734
32_20240827 19,1877.5290117553077
32_20240827 20,1823.4094185924296
32_20240827 21,1774.9029245063
32_20240827 22,1113.630315786915
32_20240827 23,819.9986061355224
32_20240828 00,599.4230916246395
32_20240828 01,484.45165399701193
32_20240828 02,483.14172995756695
32_20240828 03,481.20594011740184
32_20240828 04,491.2592111074473
32_20240828 05,516.7175135462803
32_20240828 06,557.9267147090789
32_20240828 07,717.8817768111248
32_20240828 08,933.818852265257
32_20240828 09,1661.149536225168
32_20240828 10,2228.953865254372
32_20240828 11,2336.1609868697756
32_20240828 12,2375.863197650041
32_20240828 13,2515.0272016145223
32_20240828 14,2391.959790154686
32_20240828 15,2473.3161076820843
32_20240828 16,2381.604099314536
32_20240828 17,2432.07473981599
32_20240828 18,2312.4969249451387
32_20240828 19,1823.8134788062857
32_20240828 20,1625.9425430363654
32_20240828 21,1670.2283104571593
32_20240828 22,1067.5898022094614
32_20240828 23,794.6430935963548
32_20240829 00,580.8701626368999
32_20240829 01,477.30469967490575
32_20240829 02,473.9829411224123
32_20240829 03,477.7999542528836
32_20240829 04,497.5831310941916
32_20240829 05,531.7594938906715
32_20240829 06,562.7288202165525
32_20240829 07,741.3881338569888
32_20240829 08,965.9245395621406
32_20240829 09,1773.2658456301888
32_20240829 10,2405.8843178629177
32_20240829 11,2487.5926468085863
32_20240829 12,2578.3703482055244
32_20240829 13,2488.9744951516213
32_20240829 14,2513.2375374189055
32_20240829 15,2534.2893816537353
32_20240829 16,2591.341162389162
32_20240829 17,2544.8519607220755
32_20240829 18,2341.4842328414534
32_20240829 19,1793.2100447800753
32_20240829 20,1790.98281391085
32_20240829 21,1749.821728277843
32_20240829 22,1118.5080518323289
32_20240829 23,873.1728233877552
32_20240830 00,608.0690027849024
32_20240830 01,502.0883982747607
32_20240830 02,497.81372171773484
32_20240830 03,487.0226372472694
32_20240830 04,537.5726235839882
32_20240830 05,519.3827046062155
32_20240830 06,556.3397448486808
32_20240830 07,784.5332410987494
32_20240830 08,1023.8599188607875
32_20240830 09,1913.6939138250464
32_20240830 10,2392.4446663443755
32_20240830 11,2480.7080088861194
32_20240830 12,2536.730134224589
32_20240830 13,2457.7961819050106
32_20240830 14,2569.3678963108637
32_20240830 15,2510.300741816269
32_20240830 16,2705.8304835675694
32_20240830 17,2827.608451637959
32_20240830 18,2644.042774968716
32_20240830 19,2261.250535286771
32_20240830 20,1957.4281967410366
32_20240830 21,1932.2504001845125
32_20240830 22,1206.0406763880972
32_20240830 23,834.669784744894
32_20240831 00,601.5202662526025
32_20240831 01,488.3008526261851
32_20240831 02,480.9579310341504
32_20240831 03,500.20685172045944
32_20240831 04,524.0041541514219
32_20240831 05,545.4155742891593
32_20240831 06,564.8870690724422
32_20240831 07,758.034295357719
32_20240831 08,992.6742904875397
32_20240831 09,1720.004736304326
32_20240831 10,2267.8382760892046
32_20240831 11,2322.1033362286857
32_20240831 12,2404.7073716745617
32_20240831 13,2413.4777317804273
32_20240831 14,2687.449554717117
32_20240831 15,2251.819183999901
32_20240831 16,2643.467827514233
32_20240831 17,2505.125872089321
32_20240831 18,2458.3991500814686
32_20240831 19,1846.7535103052148
32_20240831 20,1805.3518809797667
32_20240831 21,1770.0428736308204
32_20240831 22,1125.3038058478874
32_20240831 23,862.3911871255351
33_20240825 00,1303.107072815838
33_20240825 01,1278.5309676941984
33_20240825 02,1181.8146248304618
33_20240825 03,1285.5484473388494
33_20240825 04,1466.378487072482
33_20240825 05,700.5254247578436
33_20240825 06,599.1692073151303
33_20240825 07,1686.2655587989661
33_20240825 08,2030.3014894122277
33_20240825 09,2205.920036304235
33_20240825 10,2283.085661127159
33_20240825 11,2559.282438130565
33_20240825 12,2661.9005998746825
33_20240825 13,2707.595789777733
33_20240825 14,2526.738447267728
33_20240825 15,2733.38908171593
33_20240825 16,2765.200611561741
33_20240825 17,2653.4814070027714
33_20240825 18,2151.480498768471
33_20240825 19,1397.9177408815458
33_20240825 20,1327.188214175708
33_20240825 21,843.0448767505768
33_20240825 22,489.3121965635729
33_20240825 23,1097.9161427606577
33_20240826 00,1731.6831564209206
33_20240826 01,1531.8750487914074
33_20240826 02,1386.8790012791696
33_20240826 03,1408.724486748266
33_20240826 04,1658.832458064596
33_20240826 05,790.9698896822421
33_20240826 06,666.1056360429903
33_20240826 07,2062.391297904169
33_20240826 08,2457.2806176486147
33_20240826 09,2780.2691713150034
33_20240826 10,2897.377633278726
33_20240826 11,2953.294396654043
33_20240826 12,2906.505711458493
33_20240826 13,2938.1029708655565
33_20240826 14,2801.778652320248
33_20240826 15,2841.5784848451203
33_20240826 16,2873.249287176358
33_20240826 17,2863.1730755079984
33_20240826 18,2002.1335018770305
33_20240826 19,1245.7935894628765
33_20240826 20,1328.9594804224187
33_20240826 21,823.6093477014972
33_20240826 22,490.7979286805926
33_20240826 23,1081.6232984723874
33_20240827 00,1727.3097267921087
33_20240827 01,1487.3500695120965
33_20240827 02,1440.8619369857
33_20240827 03,1529.3920097108585
33_20240827 04,1689.985462410977
33_20240827 05,725.2082075340599
33_20240827 06,635.7715971687086
33_20240827 07,1784.390909157302
33_20240827 08,1848.985462234303
33_20240827 09,2446.290777629199
33_20240827 10,2211.026587180763
33_20240827 11,2302.670166923235
33_20240827 12,2371.441233481734
33_20240827 13,2116.2388712538805
33_20240827 14,2333.832162363075
33_20240827 15,2140.333723424035
33_20240827 16,2412.4163032297247
33_20240827 17,2168.7605418709295
33_20240827 18,1634.2979110396216
33_20240827 19,1211.9583681894196
33_20240827 20,1258.4145970835268
33_20240827 21,762.1655296181875
33_20240827 22,497.2971889375843
33_20240827 23,1129.362675767519
33_20240828 00,2274.887566294009
33_20240828 01,2154.5208177222225
33_20240828 02,2102.728569145459
33_20240828 03,1913.362447988224
33_20240828 04,1680.4498696199955
33_20240828 05,683.461311738695
33_20240828 06,574.9853165571841
33_20240828 07,1420.7528338079383
33_20240828 08,2034.322822623069
33_20240828 09,2484.6103036542004
33_20240828 10,2355.698442244274
33_20240828 11,2446.724012593346
33_20240828 12,2310.888019291385
33_20240828 13,2532.5988989037437
33_20240828 14,2511.8901337880216
33_20240828 15,2584.7036289688135
33_20240828 16,2463.495132878387
33_20240828 17,2481.299654272319
33_20240828 18,2355.268535628989
33_20240828 19,1622.7973920524046
33_20240828 20,1739.6090902366016
33_20240828 21,1076.0136788108687
33_20240828 22,563.0643735756831
33_20240828 23,1189.1164802952521
33_20240829 00,2170.021026851865
33_20240829 01,2085.100871736347
33_20240829 02,2027.3064075546276
33_20240829 03,2049.6425116220776
33_20240829 04,1824.2059708707568
33_20240829 05,707.6822274398625
33_20240829 06,557.7026232427772
33_20240829 07,1508.2989507004124
33_20240829 08,1941.4615004488894
33_20240829 09,2288.1714853169788
33_20240829 10,2441.229797136008
33_20240829 11,2487.7115830017106
33_20240829 12,2489.848165015951
33_20240829 13,2625.9822402660425
33_20240829 14,2623.5187942220296
33_20240829 15,2657.9639218866077
33_20240829 16,2637.9447950776316
33_20240829 17,2409.8556869294343
33_20240829 18,2004.2097330789993
33_20240829 19,1278.4509810791496
33_20240829 20,1255.1712316071025
33_20240829 21,821.5643079063533
33_20240829 22,491.04135634662657
33_20240829 23,1124.2514432893781
33_20240830 00,2183.6350323817114
33_20240830 01,2104.0726595709766
33_20240830 02,1679.1190207080745
33_20240830 03,1679.2153427635985
33_20240830 04,1576.8383011126143
33_20240830 05,706.3514397564725
33_20240830 06,569.8247264049837
33_20240830 07,1529.4665054300933
33_20240830 08,2186.431311828279
33_20240830 09,2588.8895871565473
33_20240830 10,2666.24984468103
33_20240830 11,2548.436675915237
33_20240830 12,2606.4898971426387
33_20240830 13,2693.223691673896
33_20240830 14,2546.312300087358
33_20240830 15,2536.349519503976
33_20240830 16,2502.3923249939535
33_20240830 17,2244.301818410671
33_20240830 18,1799.451780017029
33_20240830 19,1258.0875850578152
33_20240830 20,1330.7645067699223
33_20240830 21,773.0820884648339
33_20240830 22,496.7368199564585
33_20240830 23,1118.5534182430913
33_20240831 00,1878.672896784442
33_20240831 01,1810.9185654324335
33_20240831 02,1628.6665092401304
33_20240831 03,1273.8678507216114
33_20240831 04,1201.9472071660957
33_20240831 05,593.9238187938564
33_20240831 06,472.68780066851224
33_20240831 07,1240.7079362991099
33_20240831 08,1606.220018665496
33_20240831 09,2058.1321002938503
33_20240831 10,2169.8806802938366
33_20240831 11,2275.562804158161
33_20240831 12,2491.4884561524586
33_20240831 13,2643.352897761958
33_20240831 14,2363.484172546767
33_20240831 15,2199.2514774385027
33_20240831 16,2231.920263670481
33_20240831 17,2133.3193184838715
33_20240831 18,1989.53501450402
33_20240831 19,1306.081507713754
33_20240831 20,1444.9581306784326
33_20240831 21,917.4111039238616
33_20240831 22,542.829302883407
33_20240831 23,1135.8764049732315
34_20240825 00,5140.594012541769
34_20240825 01,4511.38315849923
34_20240825 02,4295.500037771607
34_20240825 03,4145.724482760618
34_20240825 04,4158.781611797072
34_20240825 05,4523.192144174519
34_20240825 06,5285.8373256281
34_20240825 07,5938.158944210751
34_20240825 08,7388.046222872487
34_20240825 09,9993.095540769778
34_20240825 10,13971.91594504862
34_20240825 11,15057.722114449103
34_20240825 12,15381.880839991723
34_20240825 13,15587.76829018233
34_20240825 14,15356.044131585522
34_20240825 15,15775.748857952229
34_20240825 16,16151.924354827172
34_20240825 17,15763.384061097915
34_20240825 18,15357.855723551513
34_20240825 19,11069.773231799652
34_20240825 20,11023.801958254351
34_20240825 21,10650.919259350312
34_20240825 22,7678.704711807608
34_20240825 23,6115.4067109702955
34_20240826 00,5262.204091605103
34_20240826 01,4744.769059365457
34_20240826 02,4474.22355453406
34_20240826 03,4323.18494976798
34_20240826 04,4236.930116467353
34_20240826 05,4555.709456426655
34_20240826 06,5424.681377869574
34_20240826 07,6117.006240607963
34_20240826 08,8317.81533076427
34_20240826 09,10867.859165595384
34_20240826 10,15317.024173479567
34_20240826 11,16041.37665363873
34_20240826 12,16114.965321459911
34_20240826 13,16328.243204550827
34_20240826 14,16198.475983398721
34_20240826 15,16350.02904828721
34_20240826 16,16249.915093657151
34_20240826 17,16300.709435505807
34_20240826 18,16238.899172180538
34_20240826 19,10398.855500653211
34_20240826 20,10712.425908016048
34_20240826 21,10742.068638459925
34_20240826 22,7574.744177313865
34_20240826 23,5985.9342650220315
34_20240827 00,5216.012127347196
34_20240827 01,4690.50584908547
34_20240827 02,4448.018240933454
34_20240827 03,4253.188303128891
34_20240827 04,4148.107107471315
34_20240827 05,4485.583199377259
34_20240827 06,5188.065461381695
34_20240827 07,5896.905906121825
34_20240827 08,7091.059359814621
34_20240827 09,9264.401832883606
34_20240827 10,13079.66996977538
34_20240827 11,14032.462256341632
34_20240827 12,14216.768886538079
34_20240827 13,13730.631165109187
34_20240827 14,14619.108970816362
34_20240827 15,14604.41312053842
34_20240827 16,15224.05595265917
34_20240827 17,14713.25915569539
34_20240827 18,15288.528450852285
34_20240827 19,10519.73565994918
34_20240827 20,9793.827889589153
34_20240827 21,9584.4135454684
34_20240827 22,6861.245202922568
34_20240827 23,5616.689170752913
34_20240828 00,4798.791836885147
34_20240828 01,4344.450969059053
34_20240828 02,4147.044236060521
34_20240828 03,4014.813113725018
34_20240828 04,4037.711630421128
34_20240828 05,4343.864863136286
34_20240828 06,5018.015824435055
34_20240828 07,5844.822008095765
34_20240828 08,7305.640110786568
34_20240828 09,9504.421357089966
34_20240828 10,13865.709306349854
34_20240828 11,15220.459999308963
34_20240828 12,15005.401722809278
34_20240828 13,15690.416693825564
34_20240828 14,15115.123170061399
34_20240828 15,15177.8960832657
34_20240828 16,15033.218524077076
34_20240828 17,15214.435984662632
34_20240828 18,14951.193782905368
34_20240828 19,11116.389638046801
34_20240828 20,10677.49330728687
34_20240828 21,10381.318064436256
34_20240828 22,7439.692589042491
34_20240828 23,5841.8469633024915
34_20240829 00,5046.161762668978
34_20240829 01,4472.536362305108
34_20240829 02,4224.319334504429
34_20240829 03,4063.8681694280986
34_20240829 04,4078.8879622804616
34_20240829 05,4340.6980657441245
34_20240829 06,5100.176597230269
34_20240829 07,5919.375925625253
34_20240829 08,7235.471156896916
34_20240829 09,9360.73018967128
34_20240829 10,13848.966955965452
34_20240829 11,15474.992344524706
34_20240829 12,15398.634075304073
34_20240829 13,16101.646869277063
34_20240829 14,15199.915445069199
34_20240829 15,15344.835675179474
34_20240829 16,15197.106204164465
34_20240829 17,15260.349554821643
34_20240829 18,16637.887315297605
34_20240829 19,11101.526954396846
34_20240829 20,10644.19851411753
34_20240829 21,10132.23665620546
34_20240829 22,7342.023330685282
34_20240829 23,5793.607071768452
34_20240830 00,5079.023271600009
34_20240830 01,4434.6715022021945
34_20240830 02,4269.070928420335
34_20240830 03,4098.221130773819
34_20240830 04,4126.08812017957
34_20240830 05,4404.056954250111
34_20240830 06,5174.051216343063
34_20240830 07,5931.0255088245995
34_20240830 08,7268.39616362765
34_20240830 09,9895.051434951713
34_20240830 10,14396.978825236387
34_20240830 11,15693.259974504384
34_20240830 12,15793.68165819285
34_20240830 13,15868.307046255548
34_20240830 14,15275.357454818446
34_20240830 15,15107.648498533536
34_20240830 16,15011.923491805383
34_20240830 17,15015.479075963282
34_20240830 18,14473.517048464424
34_20240830 19,11215.55546592086
34_20240830 20,10863.79161598455
34_20240830 21,10478.406690417762
34_20240830 22,7431.459578147414
34_20240830 23,5833.047466222317
34_20240831 00,4979.983279709642
34_20240831 01,4426.456666578953
34_20240831 02,4172.220006292364
34_20240831 03,4039.39552508447
34_20240831 04,4063.811784051931
34_20240831 05,4369.2912226066555
34_20240831 06,4822.26157612964
34_20240831 07,5556.937358705586
34_20240831 08,6838.579079508633
34_20240831 09,8741.634226997832
34_20240831 10,13393.236974883881
34_20240831 11,14541.827036482233
34_20240831 12,15550.547812872604
34_20240831 13,16039.214779416921
34_20240831 14,14758.306259564964
34_20240831 15,14968.265634620888
34_20240831 16,14496.522541571341
34_20240831 17,14516.08337245844
34_20240831 18,14352.333136159128
34_20240831 19,11012.6657114305
34_20240831 20,10265.910210250386
34_20240831 21,10172.517081620636
34_20240831 22,7546.36254262662
34_20240831 23,5853.444463156405
35_20240825 00,9465.910389665822
35_20240825 01,9447.829034388395
35_20240825 02,9424.869944253502
35_20240825 03,9380.970846115235
35_20240825 04,9407.652365630498
35_20240825 05,9400.438270026232
35_20240825 06,9396.401975317043
35_20240825 07,9400.961209470976
35_20240825 08,9430.923294464164
35_20240825 09,9501.667588602812
35_20240825 10,9532.440925754305
35_20240825 11,9571.1343327119
35_20240825 12,9606.196721611019
35_20240825 13,9605.70547507702
35_20240825 14,9597.342858169419
35_20240825 15,9605.750522731538
35_20240825 16,9603.549853021523
35_20240825 17,9605.496629372368
35_20240825 18,9604.995618534733
35_20240825 19,9589.194598107713
35_20240825 20,9575.911883857425
35_20240825 21,9541.99442435307
35_20240825 22,9544.610904553614
35_20240825 23,9538.674975411363
35_20240826 00,9548.310748659827
35_20240826 01,9516.302865993319
35_20240826 02,9481.943775554122
35_20240826 03,9460.59174836627
35_20240826 04,9442.214375026955
35_20240826 05,9430.585796648003
35_20240826 06,9415.35490760186
35_20240826 07,9417.994987781987
35_20240826 08,9446.147386206992
35_20240826 09,9514.762325101816
35_20240826 10,9540.034858817073
35_20240826 11,9595.22170167967
35_20240826 12,9616.741053477464
35_20240826 13,9618.590198563794
35_20240826 14,9613.07441292962
35_20240826 15,9624.302369340301
35_20240826 16,9621.75790800496
35_20240826 17,9602.279765947438
35_20240826 18,9595.60038701117
35_20240826 19,9503.291320811923
35_20240826 20,9530.039677294148
35_20240826 21,9566.041695561413
35_20240826 22,9541.433269920291
35_20240826 23,9545.928043177892
35_20240827 00,9543.063366555778
35_20240827 01,9501.129614202517
35_20240827 02,9481.372437351074
35_20240827 03,9453.46638318992
35_20240827 04,9426.217768302502
35_20240827 05,9380.064725504686
35_20240827 06,9332.388130927426
35_20240827 07,9321.87069534224
35_20240827 08,9283.883071695722
35_20240827 09,9337.079142872632
35_20240827 10,9332.824928318838
35_20240827 11,9331.783255784754
35_20240827 12,9352.820610150355
35_20240827 13,9366.462527667201
35_20240827 14,9495.241068129968
35_20240827 15,9501.968173963782
35_20240827 16,9550.442494105751
35_20240827 17,9490.281823201894
35_20240827 18,9495.339870954147
35_20240827 19,9501.154033290513
35_20240827 20,9449.781830049573
35_20240827 21,9434.482341380368
35_20240827 22,9348.583358850809
35_20240827 23,9339.139190940927
35_20240828 00,9329.089377360184
35_20240828 01,9340.676001449667
35_20240828 02,9327.657014101658
35_20240828 03,9280.171235990538
35_20240828 04,9226.726077515808
35_20240828 05,9220.374558031159
35_20240828 06,9205.087258271707
35_20240828 07,9221.953378736838
35_20240828 08,9295.838216677404
35_20240828 09,9415.31836953668
35_20240828 10,9489.618645516171
35_20240828 11,9561.05718813974
35_20240828 12,9496.87264617237
35_20240828 13,9539.085206554755
35_20240828 14,9475.976615593854
35_20240828 15,9474.284358918456
35_20240828 16,9453.869279388799
35_20240828 17,9469.5869744871
35_20240828 18,9458.701557430919
35_20240828 19,9525.116102010805
35_20240828 20,9564.7454746097
35_20240828 21,9558.075781662663
35_20240828 22,9506.254057396387
35_20240828 23,9499.147317008357
35_20240829 00,9442.061636130016
35_20240829 01,9429.410926818944
35_20240829 02,9330.852273143488
35_20240829 03,9286.128623995837
35_20240829 04,9274.207675982241
35_20240829 05,9244.96157460068
35_20240829 06,9206.10763264514
35_20240829 07,9226.154810072776
35_20240829 08,9297.386937782858
35_20240829 09,9427.22401074628
35_20240829 10,9472.345234810908
35_20240829 11,9566.182863487677
35_20240829 12,9538.905820124613
35_20240829 13,9551.484603191268
35_20240829 14,9476.612902983632
35_20240829 15,9478.284107374617
35_20240829 16,9474.314712577201
35_20240829 17,9478.148151830366
35_20240829 18,9559.876039188597
35_20240829 19,9573.796574948801
35_20240829 20,9523.361290092618
35_20240829 21,9503.11567970845
35_20240829 22,9500.286640279848
35_20240829 23,9463.820904665694
35_20240830 00,9440.20844906377
35_20240830 01,9366.291142355567
35_20240830 02,9309.215188186201
35_20240830 03,9282.218076672674
35_20240830 04,9312.47740643574
35_20240830 05,9272.001903748118
35_20240830 06,9223.795295000142
35_20240830 07,9225.006062520471
35_20240830 08,9312.332280744658
35_20240830 09,9462.967193730941
35_20240830 10,9563.692770987118
35_20240830 11,9594.980698747888
35_20240830 12,9552.64298509111
35_20240830 13,9541.344816678833
35_20240830 14,9476.14955313108
35_20240830 15,9475.611964232397
35_20240830 16,9470.383396100857
35_20240830 17,9454.146511109637
35_20240830 18,9452.295769554916
35_20240830 19,9593.245547257917
35_20240830 20,9530.12226478764
35_20240830 21,9498.691467573211
35_20240830 22,9483.698247966146
35_20240830 23,9475.390917365317
35_20240831 00,9418.345272087236
35_20240831 01,9339.17173599941
35_20240831 02,9326.854901316825
35_20240831 03,9279.676770045637
35_20240831 04,9239.221062345177
35_20240831 05,9227.83923750069
35_20240831 06,9211.32886972712
35_20240831 07,9211.394522592029
35_20240831 08,9269.308709639488
35_20240831 09,9362.376939958187
35_20240831 10,9460.093961446311
35_20240831 11,9482.48092537175
35_20240831 12,9577.837351733491
35_20240831 13,9591.780064139244
35_20240831 14,9461.868779259536
35_20240831 15,9451.766169951505
35_20240831 16,9448.07444599234
35_20240831 17,9448.015529865139
35_20240831 18,9452.262231330966
35_20240831 19,9478.227389353959
35_20240831 20,9468.389492960066
35_20240831 21,9480.907351005402
35_20240831 22,9501.940025998661
35_20240831 23,9427.778138702924
36_20240825 00,13875.79214174485
36_20240825 01,13809.237631678217
36_20240825 02,13793.352231597193
36_20240825 03,13751.601653232205
36_20240825 04,13732.36599911903
36_20240825 05,13694.416418749715
36_20240825 06,13750.950459489637
36_20240825 07,13793.073320304402
36_20240825 08,13875.438859856158
36_20240825 09,13901.470602425003
36_20240825 10,14090.361035250544
36_20240825 11,14094.694572290533
36_20240825 12,14174.05524111311
36_20240825 13,14206.072192157768
36_20240825 14,14202.186861680917
36_20240825 15,14199.455444570984
36_20240825 16,14207.678530875322
36_20240825 17,14204.677044354361
36_20240825 18,14197.942309725035
36_20240825 19,14140.598198406335
36_20240825 20,14003.031887275643
36_20240825 21,13924.540510679977
36_20240825 22,13910.081767682397
36_20240825 23,13905.434780204088
36_20240826 00,13917.447671231484
36_20240826 01,13895.845971193936
36_20240826 02,13895.856722890187
36_20240826 03,13895.717758167455
36_20240826 04,13820.261091101815
36_20240826 05,13895.494901526738
36_20240826 06,13816.090466773854
36_20240826 07,13816.92594756194
36_20240826 08,13821.994149892129
36_20240826 09,13907.005627695966
36_20240826 10,14092.756011450496
36_20240826 11,14183.680028010265
36_20240826 12,14226.219113407138
36_20240826 13,14265.497197553253
36_20240826 14,14375.566212462703
36_20240826 15,14383.052711691682
36_20240826 16,14358.195312599804
36_20240826 17,14306.574374725651
36_20240826 18,14054.729153200222
36_20240826 19,14068.12888105884
36_20240826 20,13983.82564015161
36_20240826 21,13937.6967356185
36_20240826 22,13908.07933006299
36_20240826 23,13914.75809803812
36_20240827 00,13876.59518963157
36_20240827 01,13897.872640475996
36_20240827 02,13884.276948623434
36_20240827 03,13786.037386969041
36_20240827 04,13780.172953603907
36_20240827 05,13737.076408205034
36_20240827 06,13671.681514952714
36_20240827 07,13690.426211200363
36_20240827 08,13769.273901198148
36_20240827 09,13799.637534184307
36_20240827 10,13877.36902767757
36_20240827 11,13837.320900299725
36_20240827 12,13864.070622101537
36_20240827 13,14012.688620313553
36_20240827 14,14025.669221383907
36_20240827 15,14046.402853849942
36_20240827 16,14240.212460956827
36_20240827 17,14207.99686008965
36_20240827 18,14200.806877810654
36_20240827 19,13696.253306243761
36_20240827 20,13599.462907712
36_20240827 21,13580.877154760125
36_20240827 22,13543.041583043512
36_20240827 23,13571.349364411828
36_20240828 00,13531.970375116509
36_20240828 01,13541.671076185805
36_20240828 02,13499.665139064362
36_20240828 03,13440.063544407505
36_20240828 04,13437.002945745762
36_20240828 05,13455.951701792466
36_20240828 06,13415.355088000779
36_20240828 07,13413.784909362206
36_20240828 08,13619.389720614843
36_20240828 09,13793.28529809543
36_20240828 10,14026.105508063052
36_20240828 11,14243.199802133502
36_20240828 12,14325.843384564707
36_20240828 13,14334.799523181788
36_20240828 14,14200.356963975104
36_20240828 15,14200.41436692447
36_20240828 16,14350.045848530133
36_20240828 17,14346.615222632321
36_20240828 18,14331.787090289803
36_20240828 19,14035.0948675561
36_20240828 20,13877.766986852575
36_20240828 21,13899.957398099892
36_20240828 22,13813.489640668588
36_20240828 23,13639.007083049524
36_20240829 00,13495.018795834272
36_20240829 01,13474.019335962292
36_20240829 02,13416.500953743362
36_20240829 03,13432.609196003334
36_20240829 04,13433.922913262444
36_20240829 05,13435.430883545001
36_20240829 06,13412.17771538556
36_20240829 07,13399.809216871332
36_20240829 08,13591.535773404918
36_20240829 09,13779.376742821169
36_20240829 10,13941.822947080873
36_20240829 11,14094.218147473834
36_20240829 12,14290.692084703714
36_20240829 13,14305.109513712609
36_20240829 14,14347.85723358506
36_20240829 15,14198.44285693128
36_20240829 16,14198.538078353116
36_20240829 17,14344.430841116964
36_20240829 18,14216.4749758918
36_20240829 19,13961.465436790724
36_20240829 20,13835.02245214071
36_20240829 21,13779.733672576733
36_20240829 22,13596.004043819774
36_20240829 23,13508.383116850371
36_20240830 00,13458.49013571662
36_20240830 01,13449.13566450151
36_20240830 02,13392.902801793236
36_20240830 03,13375.172975320827
36_20240830 04,13370.49584540083
36_20240830 05,13347.5121476683
36_20240830 06,13368.320444780318
36_20240830 07,13377.330827487323
36_20240830 08,13485.071423318497
36_20240830 09,13736.263283960125
36_20240830 10,13923.778332950891
36_20240830 11,14221.638638972874
36_20240830 12,14290.184126764176
36_20240830 13,14341.022192087807
36_20240830 14,14006.1097761268
36_20240830 15,14006.1097761268
36_20240830 16,13911.897415293786
36_20240830 17,13909.714287352093
36_20240830 18,14230.193536948764
36_20240830 19,14010.552004145946
36_20240830 20,13860.264068661576
36_20240830 21,13692.393897722879
36_20240830 22,13579.33088655835
36_20240830 23,13514.392539143408
36_20240831 00,13454.860537802822
36_20240831 01,13466.92437450559
36_20240831 02,13458.929552456453
36_20240831 03,13435.663236534101
36_20240831 04,13435.497910701788
36_20240831 05,13405.694044763924
36_20240831 06,13399.26225721786
36_20240831 07,13442.118548665954
36_20240831 08,13475.32657421565
36_20240831 09,13674.089402815944
36_20240831 10,13886.587279328358
36_20240831 11,13884.71782737847
36_20240831 12,14109.984146945942
36_20240831 13,14148.814026098675
36_20240831 14,13856.837526713747
36_20240831 15,13904.98720994635
36_20240831 16,13899.585836185275
36_20240831 17,13894.98345163009
36_20240831 18,13947.484643185517
36_20240831 19,13812.986949149747
36_20240831 20,13641.221888252745
36_20240831 21,13607.515612877069
36_20240831 22,13577.134383933499
36_20240831 23,13543.948791501109
37_20240825 00,1491.992655796142
37_20240825 01,1458.8028224913805
37_20240825 02,1449.5501552446885
37_20240825 03,1420.5435675816318
37_20240825 04,1418.8233048082936
37_20240825 05,1581.2190350627136
37_20240825 06,1535.3539469553543
37_20240825 07,1547.6438112158355
37_20240825 08,1578.1513735267179
37_20240825 09,1644.8932647946453
37_20240825 10,1685.9285010855215
37_20240825 11,1864.5257647076996
37_20240825 12,1908.8858690796276
37_20240825 13,1932.661414533593
37_20240825 14,1852.7702256679702
37_20240825 15,1931.1002826753179
37_20240825 16,1889.156966377199
37_20240825 17,1918.6324123855197
37_20240825 18,1892.1283748757921
37_20240825 19,1804.6922445528053
37_20240825 20,1754.5741798132758
37_20240825 21,1657.2352305384866
37_20240825 22,1588.4866266428912
37_20240825 23,1555.3843148617616
37_20240826 00,1599.8391006803238
37_20240826 01,1549.150972377711
37_20240826 02,1547.9239594763294
37_20240826 03,1556.4781237738605
37_20240826 04,1579.888603485768
37_20240826 05,1951.4420954261284
37_20240826 06,3100.0310389157144
37_20240826 07,3632.5671583469534
37_20240826 08,4071.8097653817576
37_20240826 09,4306.0109071272145
37_20240826 10,4309.326876161871
37_20240826 11,4364.323722774817
37_20240826 12,4223.098676056007
37_20240826 13,4362.882792330108
37_20240826 14,4350.748297568903
37_20240826 15,4322.959665293413
37_20240826 16,4311.470461313524
37_20240826 17,4173.810569995536
37_20240826 18,3686.232920967148
37_20240826 19,2788.44998752468
37_20240826 20,2079.1920267224864
37_20240826 21,2000.782901029182
37_20240826 22,1778.3021970278526
37_20240826 23,1664.9336476040187
37_20240827 00,1534.9088524836666
37_20240827 01,1515.6350776700456
37_20240827 02,1530.2914277669997
37_20240827 03,1526.8403449068933
37_20240827 04,1516.8067887621746
37_20240827 05,1842.8800972724034
37_20240827 06,2822.5857838666666
37_20240827 07,3373.0273238241357
37_20240827 08,3554.699627513454
37_20240827 09,3784.8059483130583
37_20240827 10,3708.1358990873664
37_20240827 11,3768.0665988975215
37_20240827 12,3770.5478251258064
37_20240827 13,3838.2089295921
37_20240827 14,4141.219148261939
37_20240827 15,3948.2208770037937
37_20240827 16,3963.0492624338517
37_20240827 17,3736.4810245585704
37_20240827 18,3343.772828930925
37_20240827 19,2757.015748790618
37_20240827 20,1900.4419731416303
37_20240827 21,1843.9763035490666
37_20240827 22,1647.7999116735903
37_20240827 23,1554.1803328100061
37_20240828 00,1461.8718968631297
37_20240828 01,1459.2937691028155
37_20240828 02,1460.22661055475
37_20240828 03,1456.4449912546368
37_20240828 04,1465.4260715167725
37_20240828 05,1659.9611264256864
37_20240828 06,2693.353974390408
37_20240828 07,3218.9536294852455
37_20240828 08,3624.615644495053
37_20240828 09,4152.788831667931
37_20240828 10,4010.2513259522016
37_20240828 11,3937.79186647941
37_20240828 12,4029.7300527618286
37_20240828 13,4061.9308488244133
37_20240828 14,3995.6497485757036
37_20240828 15,3989.823627612967
37_20240828 16,4036.322388242555
37_20240828 17,3869.543912389345
37_20240828 18,3454.0444564324575
37_20240828 19,2907.797122316477
37_20240828 20,2205.5200210384824
37_20240828 21,2048.726083369052
37_20240828 22,1754.9965111354873
37_20240828 23,1644.2805671305644
37_20240829 00,1487.784529843339
37_20240829 01,1472.848937350126
37_20240829 02,1446.5734822709514
37_20240829 03,1430.4396110031134
37_20240829 04,1447.2576015151383
37_20240829 05,1687.0923375748582
37_20240829 06,2516.6543983797305
37_20240829 07,3048.1481299446837
37_20240829 08,3373.6031351873794
37_20240829 09,3219.1194726061985
37_20240829 10,3268.26501230822
37_20240829 11,3545.111734461075
37_20240829 12,3524.051674666352
37_20240829 13,3537.622234743684
37_20240829 14,3538.9041529629
37_20240829 15,3553.65211520374
37_20240829 16,3552.766454766719
37_20240829 17,3509.9037139445154
37_20240829 18,3255.5931002680445
37_20240829 19,2802.065803235719
37_20240829 20,2081.6384592603376
37_20240829 21,1887.6161095510406
37_20240829 22,1672.462327812316
37_20240829 23,1560.4061162008147
37_20240830 00,1482.2287568995503
37_20240830 01,1435.0051203191053
37_20240830 02,1448.1606011722636
37_20240830 03,1430.395204567782
37_20240830 04,1451.7791386218903
37_20240830 05,1721.7964821914125
37_20240830 06,2733.4951269763037
37_20240830 07,3190.8257647804794
37_20240830 08,3540.491683872209
37_20240830 09,4029.8065393306283
37_20240830 10,3948.443388512648
37_20240830 11,3996.604353052095
37_20240830 12,3914.2321529488577
37_20240830 13,3885.655703383523
37_20240830 14,3890.967059591235
37_20240830 15,3882.921601219508
37_20240830 16,3881.5285011350193
37_20240830 17,3701.4517058653373
37_20240830 18,3309.195098693808
37_20240830 19,2868.606774737999
37_20240830 20,2005.1402059517432
37_20240830 21,1874.2077385821945
37_20240830 22,1646.4065160817088
37_20240830 23,1553.266787722976
37_20240831 00,1426.5927190694142
37_20240831 01,1404.9748464589466
37_20240831 02,1393.7636676144423
37_20240831 03,1386.7088034205779
37_20240831 04,1391.2090320526427
37_20240831 05,1444.4786634680147
37_20240831 06,1549.1748895517987
37_20240831 07,1545.710210857683
37_20240831 08,1574.2484965310914
37_20240831 09,1623.390007003788
37_20240831 10,1643.9061971907706
37_20240831 11,1715.9482377890479
37_20240831 12,1870.9808655254567
37_20240831 13,1948.7956106739616
37_20240831 14,1965.7080810629238
37_20240831 15,1961.3210434999248
37_20240831 16,1969.4881434887836
37_20240831 17,1930.228512927404
37_20240831 18,1915.532635215833
37_20240831 19,1792.9110316389413
37_20240831 20,1662.4284678537408
37_20240831 21,1595.635657292231
37_20240831 22,1566.4533879737019
37_20240831 23,1461.6503797314292
38_20240825 00,916.982070447395
38_20240825 01,914.0885379999579
38_20240825 02,902.2771027589823
38_20240825 03,887.0354016660393
38_20240825 04,884.8291415138567
38_20240825 05,895.6869455378744
38_20240825 06,966.9563153241583
38_20240825 07,979.0945884277616
38_20240825 08,1001.457202864482
38_20240825 09,1016.8810596645278
38_20240825 10,1052.2519225562257
38_20240825 11,1062.6965412344462
38_20240825 12,1126.553478442108
38_20240825 13,1190.701516122964
38_20240825 14,1190.894117790721
38_20240825 15,1183.7048904632868
38_20240825 16,1172.8179235349858
38_20240825 17,1126.395087595684
38_20240825 18,1110.3702851694889
38_20240825 19,993.9284899292905
38_20240825 20,976.6551094466543
38_20240825 21,975.6977674245406
38_20240825 22,939.7929516275055
38_20240825 23,922.3997305566919
38_20240826 00,935.9089796928007
38_20240826 01,928.3265460696218
38_20240826 02,928.3176630976149
38_20240826 03,928.201989833187
38_20240826 04,934.8032481862687
38_20240826 05,1042.9851253463714
38_20240826 06,1292.564377938769
38_20240826 07,1408.769854676209
38_20240826 08,1529.496147099367
38_20240826 09,1610.2062141860476
38_20240826 10,1684.198471201422
38_20240826 11,1695.4136322503416
38_20240826 12,1695.9579191080095
38_20240826 13,1696.8629635831837
38_20240826 14,1707.0792981127724
38_20240826 15,1710.0163761670124
38_20240826 16,1706.7062110080324
38_20240826 17,1647.0714285113884
38_20240826 18,1398.3721915956737
38_20240826 19,1204.733249544394
38_20240826 20,1058.5115655252393
38_20240826 21,1054.1118798925174
38_20240826 22,1000.2646646911851
38_20240826 23,968.2406413377588
38_20240827 00,936.0465125587665
38_20240827 01,929.6573228738922
38_20240827 02,927.3752216435078
38_20240827 03,926.8348579039332
38_20240827 04,921.4851348036897
38_20240827 05,981.2867779799784
38_20240827 06,1273.2518379405442
38_20240827 07,1402.5127571358441
38_20240827 08,1500.341664484128
38_20240827 09,1589.9380864814384
38_20240827 10,1614.717241123949
38_20240827 11,1616.4166516710366
38_20240827 12,1606.9525225175958
38_20240827 13,1678.8340215510757
38_20240827 14,1653.3739074454093
38_20240827 15,1643.6092133609188
38_20240827 16,1659.7541572138946
38_20240827 17,1591.8438856212126
38_20240827 18,1380.5460172197882
38_20240827 19,1189.5692299333134
38_20240827 20,1038.6901352829675
38_20240827 21,1032.7608787056945
38_20240827 22,973.4229986700828
38_20240827 23,945.6533674582104
38_20240828 00,915.9333452331322
38_20240828 01,904.7832829526182
38_20240828 02,903.6768436782262
38_20240828 03,901.0998630250526
38_20240828 04,906.0033791890901
38_20240828 05,947.402721249385
38_20240828 06,1155.236537581696
38_20240828 07,1276.4860102103926
38_20240828 08,1526.829892782744
38_20240828 09,1590.2958258078652
38_20240828 10,1662.6481174936087
38_20240828 11,1674.176496355736
38_20240828 12,1674.1349622411835
38_20240828 13,1709.1699500427014
38_20240828 14,1708.511211735043
38_20240828 15,1706.865987907042
38_20240828 16,1696.4695910376604
38_20240828 17,1611.4012384474975
38_20240828 18,1377.1508214024163
38_20240828 19,1207.5943471808866
38_20240828 20,1056.0176939585454
38_20240828 21,1058.4135696692085
38_20240828 22,1003.9970360940739
38_20240828 23,957.382546278752
38_20240829 00,905.214020114447
38_20240829 01,892.8099223670338
38_20240829 02,892.0840980932129
38_20240829 03,889.3111641921175
38_20240829 04,888.0761951891647
38_20240829 05,927.8829184662667
38_20240829 06,1132.908308393421
38_20240829 07,1262.6384846226906
38_20240829 08,1508.301854415105
38_20240829 09,1561.0000706661683
38_20240829 10,1609.9382137543837
38_20240829 11,1579.3926253408329
38_20240829 12,1583.2580457261001
38_20240829 13,1601.040504952301
38_20240829 14,1618.8811952553735
38_20240829 15,1616.9058103978377
38_20240829 16,1609.2933246987584
38_20240829 17,1557.8292049450529
38_20240829 18,1331.0259748121925
38_20240829 19,1209.734908517934
38_20240829 20,1060.633312303881
38_20240829 21,1049.195426355891
38_20240829 22,975.5608652240717
38_20240829 23,939.0934231683813
38_20240830 00,901.42102969658
38_20240830 01,893.8797048731036
38_20240830 02,891.7425868461754
38_20240830 03,888.8012482400864
38_20240830 04,883.8666506947292
38_20240830 05,926.1095215115512
38_20240830 06,1131.1402864649178
38_20240830 07,1265.7289738871173
38_20240830 08,1492.8289549705682
38_20240830 09,1582.2435630182742
38_20240830 10,1646.9006603324062
38_20240830 11,1663.7095845930944
38_20240830 12,1664.9637783656772
38_20240830 13,1703.8197256985927
38_20240830 14,1667.4245810682899
38_20240830 15,1656.738184495539
38_20240830 16,1607.5510777749157
38_20240830 17,1543.403864235715
38_20240830 18,1360.1063892369611
38_20240830 19,1210.9145213840432
38_20240830 20,1049.4454934309063
38_20240830 21,1032.0980898481396
38_20240830 22,972.4796696397033
38_20240830 23,934.7941332288937
38_20240831 00,880.785778866786
38_20240831 01,872.9960436152244
38_20240831 02,871.3860483324075
38_20240831 03,869.2364548609702
38_20240831 04,868.332204790354
38_20240831 05,875.5695036050083
38_20240831 06,938.1430692876121
38_20240831 07,967.7369502415637
38_20240831 08,988.9166806985569
38_20240831 09,1035.0365816784697
38_20240831 10,1099.4761334768093
38_20240831 11,1109.2749426138319
38_20240831 12,1137.3721289269074
38_20240831 13,1193.0286430401782
38_20240831 14,1205.13993973831
38_20240831 15,1221.2034469245684
38_20240831 16,1207.9098715567277
38_20240831 17,1173.5526182042731
38_20240831 18,1130.856861733103
38_20240831 19,987.4069096454273
38_20240831 20,948.4271757419872
38_20240831 21,947.8883450829923
38_20240831 22,915.2254649398991
38_20240831 23,891.5925205139977
39_20240825 00,1844.7644212452517
39_20240825 01,1779.7816692981542
39_20240825 02,1807.719530325895
39_20240825 03,1830.3418300028047
39_20240825 04,1793.080755751931
39_20240825 05,1945.9160528501513
39_20240825 06,2047.2772759468307
39_20240825 07,2049.48901370192
39_20240825 08,2099.2218804041418
39_20240825 09,2140.495979686473
39_20240825 10,2120.501634871019
39_20240825 11,2230.4173899162606
39_20240825 12,2288.185704949093
39_20240825 13,2276.385674721705
39_20240825 14,2335.9740355303293
39_20240825 15,2342.5181944392084
39_20240825 16,2334.070010054294
39_20240825 17,2320.4282016608377
39_20240825 18,2274.763809769628
39_20240825 19,2223.8338179853026
39_20240825 20,2099.1734511964837
39_20240825 21,2101.0955630269495
39_20240825 22,2005.4845875683577
39_20240825 23,1959.4050849421185
39_20240826 00,1911.7365038712583
39_20240826 01,1825.5717374200012
39_20240826 02,1847.3778908458323
39_20240826 03,1843.4577965833628
39_20240826 04,1882.616892560502
39_20240826 05,2080.145383853122
39_20240826 06,2622.193988865192
39_20240826 07,2948.829662828641
39_20240826 08,3127.5124147510123
39_20240826 09,3194.55953307706
39_20240826 10,3277.8920403284205
39_20240826 11,3305.0629523878342
39_20240826 12,3295.9733467214287
39_20240826 13,3318.7865709980165
39_20240826 14,3339.0917379311973
39_20240826 15,3357.087272391618
39_20240826 16,3323.995908194661
39_20240826 17,3053.8559114701807
39_20240826 18,2653.8412379970837
39_20240826 19,2385.1664622469525
39_20240826 20,2176.9997337367686
39_20240826 21,2087.634731778923
39_20240826 22,2025.858928524771
39_20240826 23,1953.9343255818328
39_20240827 00,1864.3991775998088
39_20240827 01,1795.3124538714956
39_20240827 02,1794.180775814643
39_20240827 03,1765.667460533584
39_20240827 04,1758.894017824123
39_20240827 05,1930.2407415475868
39_20240827 06,2484.386126740203
39_20240827 07,2689.3839932972505
39_20240827 08,2874.791797929709
39_20240827 09,2977.573292688717
39_20240827 10,2849.434307516107
39_20240827 11,2726.558464654716
39_20240827 12,2803.1732033086555
39_20240827 13,2994.776644576464
39_20240827 14,3033.414459748915
39_20240827 15,3014.1619748638504
39_20240827 16,2910.044328005006
39_20240827 17,2674.665013349792
39_20240827 18,2408.580533981477
39_20240827 19,2265.6506874016477
39_20240827 20,2054.385091146601
39_20240827 21,2031.0805274032869
39_20240827 22,1957.7154753729947
39_20240827 23,1897.0779985997203
39_20240828 00,1783.0420433198258
39_20240828 01,1693.4216385215175
39_20240828 02,1657.183614700889
39_20240828 03,1673.8592261577978
39_20240828 04,1649.4153458362532
39_20240828 05,1777.3115124049154
39_20240828 06,2040.0541557685992
39_20240828 07,2489.3956659746796
39_20240828 08,2821.9205973289295
39_20240828 09,2902.6193795072318
39_20240828 10,3005.07994003772
39_20240828 11,2959.87943480089
39_20240828 12,2922.9127163639014
39_20240828 13,2951.634817589713
39_20240828 14,2919.2844812784997
39_20240828 15,2928.170692913902
39_20240828 16,2910.7081078213014
39_20240828 17,2713.61961751974
39_20240828 18,2458.30549189698
39_20240828 19,2310.565692701024
39_20240828 20,2186.4256903018522
39_20240828 21,2174.7905975792605
39_20240828 22,2137.1689576960503
39_20240828 23,2055.2006231334885
39_20240829 00,1911.024406852507
39_20240829 01,1827.9414059626604
39_20240829 02,1784.2791550948011
39_20240829 03,1697.8460660082874
39_20240829 04,1666.041164596328
39_20240829 05,1853.0843903888353
39_20240829 06,2044.83520659074
39_20240829 07,2387.017132505396
39_20240829 08,2622.1136447842086
39_20240829 09,2630.0281059495596
39_20240829 10,2680.693080859514
39_20240829 11,2712.4987141713514
39_20240829 12,2719.238790578041
39_20240829 13,2731.531872777967
39_20240829 14,2682.540227220929
39_20240829 15,2734.2057833508816
39_20240829 16,2732.3177622320027
39_20240829 17,2605.60313749597
39_20240829 18,2316.8493486900675
39_20240829 19,2251.381136372425
39_20240829 20,2153.1824757321065
39_20240829 21,2142.142474882985
39_20240829 22,2049.9227669557777
39_20240829 23,1966.796139827156
39_20240830 00,1878.3278355589525
39_20240830 01,1805.1207052674413
39_20240830 02,1688.7217563434617
39_20240830 03,1670.8791559039619
39_20240830 04,1687.3568280564123
39_20240830 05,1801.610261972256
39_20240830 06,2067.753072607864
39_20240830 07,2550.1812609016265
39_20240830 08,2836.186450660285
39_20240830 09,3009.250191379441
39_20240830 10,3023.061671120989
39_20240830 11,3111.1615170483037
39_20240830 12,3088.95273268262
39_20240830 13,2977.923730633329
39_20240830 14,3144.237356231888
39_20240830 15,3154.3507369936056
39_20240830 16,3011.3635130055686
39_20240830 17,2995.54660359542
39_20240830 18,2655.0244199810018
39_20240830 19,2273.713870421627
39_20240830 20,2076.4085654474356
39_20240830 21,2042.5382073889025
39_20240830 22,1960.1463520852071
39_20240830 23,1804.9624476863353
39_20240831 00,1693.718699541546
39_20240831 01,1608.2862364393561
39_20240831 02,1527.68322199504
39_20240831 03,1490.9417773121459
39_20240831 04,1458.9866523733963
39_20240831 05,1580.8165182455812
39_20240831 06,1841.8044682900868
39_20240831 07,1923.4386641249548
39_20240831 08,1940.2925089124724
39_20240831 09,2066.824831055101
39_20240831 10,2083.7077864430726
39_20240831 11,2159.018039329798
39_20240831 12,2129.5051292049984
39_20240831 13,2212.051073538394
39_20240831 14,2300.471689292491
39_20240831 15,2292.871864370248
39_20240831 16,2267.2897939726295
39_20240831 17,2253.001702335702
39_20240831 18,2251.858565460756
39_20240831 19,2102.4476572518934
39_20240831 20,2002.8633383579315
39_20240831 21,1986.254550611034
39_20240831 22,1829.6079437048195
39_20240831 23,1794.3085468452575
40_20240825 00,484.92816432927333
40_20240825 01,486.0445148503849
40_20240825 02,485.33110372012936
40_20240825 03,476.4143333219679
40_20240825 04,472.6778261874724
40_20240825 05,484.4169513596876
40_20240825 06,527.8624379749766
40_20240825 07,609.7830272363692
40_20240825 08,756.2437624468154
40_20240825 09,1098.5121741879373
40_20240825 10,1372.2308999469024
40_20240825 11,978.2232626647873
40_20240825 12,1011.3899052890532
40_20240825 13,1004.7762986027728
40_20240825 14,1064.786562484946
40_20240825 15,1394.0308665928337
40_20240825 16,1559.6994342870025
40_20240825 17,1515.5714440364536
40_20240825 18,1377.3246124855418
40_20240825 19,1170.9872301982336
40_20240825 20,1056.5963762201964
40_20240825 21,1071.25663311535
40_20240825 22,881.7940316891929
40_20240825 23,619.0281965496888
40_20240826 00,513.0772355057674
40_20240826 01,492.6411678991852
40_20240826 02,502.1584237389741
40_20240826 03,501.3709999297018
40_20240826 04,492.1346658169487
40_20240826 05,507.0123240369927
40_20240826 06,539.0347227989419
40_20240826 07,653.3861706392596
40_20240826 08,793.9300510181814
40_20240826 09,1139.8726929212564
40_20240826 10,1929.7050325984358
40_20240826 11,1938.7210235680193
40_20240826 12,1979.529338925762
40_20240826 13,1908.169186928552
40_20240826 14,1850.3906590733397
40_20240826 15,1937.214226426121
40_20240826 16,1943.9326034598037
40_20240826 17,1896.24846179079
40_20240826 18,1816.1454665066349
40_20240826 19,1321.2499152799558
40_20240826 20,1255.541044677663
40_20240826 21,1310.7135815786833
40_20240826 22,957.5831588422038
40_20240826 23,633.9297500855447
40_20240827 00,494.49045219980945
40_20240827 01,482.55255125196686
40_20240827 02,498.39093190106775
40_20240827 03,501.1473582770024
40_20240827 04,490.6760601870785
40_20240827 05,495.66821241023223
40_20240827 06,550.8475947732412
40_20240827 07,640.1119092042135
40_20240827 08,771.2780282485908
40_20240827 09,1081.8399946165155
40_20240827 10,1611.3371483902984
40_20240827 11,1562.298376452485
40_20240827 12,1606.241277030857
40_20240827 13,1689.5828294466974
40_20240827 14,1752.3244877889051
40_20240827 15,1764.7750241963806
40_20240827 16,1832.360285305391
40_20240827 17,1737.6096021459898
40_20240827 18,1673.6932648007744
40_20240827 19,1332.171586223371
40_20240827 20,1242.6910638700567
40_20240827 21,1271.9753618167276
40_20240827 22,939.3350343212135
40_20240827 23,634.0625444044715
40_20240828 00,492.81221115641915
40_20240828 01,464.9093811907118
40_20240828 02,494.6247981250021
40_20240828 03,486.1928505857889
40_20240828 04,469.89289063973183
40_20240828 05,475.72138638187147
40_20240828 06,530.7719026839302
40_20240828 07,633.333296817392
40_20240828 08,786.593928986232
40_20240828 09,1110.1430546966603
40_20240828 10,1715.3182352582528
40_20240828 11,1776.3949904004753
40_20240828 12,1823.5743295177742
40_20240828 13,1831.7133952447987
40_20240828 14,1769.3341405554472
40_20240828 15,1780.4935888869074
40_20240828 16,1830.5687058346728
40_20240828 17,1813.2047355862064
40_20240828 18,1752.0262805047319
40_20240828 19,1286.8261355155032
40_20240828 20,1313.8374837357596
40_20240828 21,1246.1427416751062
40_20240828 22,976.8682905499031
40_20240828 23,659.0775061653833
40_20240829 00,537.6433552174424
40_20240829 01,491.61737488627097
40_20240829 02,519.2829149392172
40_20240829 03,516.7996381581476
40_20240829 04,478.3913975486467
40_20240829 05,484.8477984935143
40_20240829 06,526.7622216026656
40_20240829 07,636.3327534869536
40_20240829 08,792.4893536571827
40_20240829 09,1086.0256552289877
40_20240829 10,1750.9472968935045
40_20240829 11,1722.1634803907793
40_20240829 12,1794.3085673523358
40_20240829 13,1797.149190987083
40_20240829 14,1865.7224591291124
40_20240829 15,1786.8725518438737
40_20240829 16,1827.605781398803
40_20240829 17,1800.620795973614
40_20240829 18,1713.4566125465315
40_20240829 19,1260.6444363898186
40_20240829 20,1283.0426565182897
40_20240829 21,1291.0210178780462
40_20240829 22,992.4729802377501
40_20240829 23,670.6806121850278
40_20240830 00,542.2067033275391
40_20240830 01,516.9998719921381
40_20240830 02,499.36009013366004
40_20240830 03,492.1495737850561
40_20240830 04,478.02427890846093
40_20240830 05,488.00461373803535
40_20240830 06,549.0064453450011
40_20240830 07,643.9674513504207
40_20240830 08,794.3524753629437
40_20240830 09,1163.0418459585533
40_20240830 10,1855.0779172526252
40_20240830 11,1843.9123339585008
40_20240830 12,1917.2347077419583
40_20240830 13,1854.245249429571
40_20240830 14,1770.8913267808618
40_20240830 15,1840.4058456771584
40_20240830 16,1822.4172180424373
40_20240830 17,1654.1788968044796
40_20240830 18,1613.0049751678037
40_20240830 19,1201.5211865670071
40_20240830 20,1205.5364586504122
40_20240830 21,1244.2012745263935
40_20240830 22,945.5850263301135
40_20240830 23,620.5039715701893
40_20240831 00,498.09705973091053
40_20240831 01,483.79160779272485
40_20240831 02,492.4744850421545
40_20240831 03,494.15885308755804
40_20240831 04,474.2574523955179
40_20240831 05,481.0454372464633
40_20240831 06,531.4388832575083
40_20240831 07,630.6384387255756
40_20240831 08,768.0057775111547
40_20240831 09,1060.6984493372117
40_20240831 10,1721.5701130459415
40_20240831 11,1760.0305983709977
40_20240831 12,1770.466792273384
40_20240831 13,1771.2619230446337
40_20240831 14,1844.245378721145
40_20240831 15,1902.3435053775695
40_20240831 16,1683.8183283066614
40_20240831 17,1782.5695816649202
40_20240831 18,1708.6529363655932
40_20240831 19,1361.962661819274
40_20240831 20,1287.3517115218224
40_20240831 21,1257.0176462276568
40_20240831 22,990.5050524197587
40_20240831 23,627.941775485436
41_20240825 00,2702.544248625934
41_20240825 01,2710.0026834214395
41_20240825 02,2703.0739974038243
41_20240825 03,2693.3495125297054
41_20240825 04,2701.237152827292
41_20240825 05,2700.640480155792
41_20240825 06,2658.9956310014563
41_20240825 07,2703.373952777649
41_20240825 08,2707.0523083810062
41_20240825 09,2704.9573495790637
41_20240825 10,2705.225668457688
41_20240825 11,2706.0843062380723
41_20240825 12,2706.501174018655
41_20240825 13,2706.6616360468997
41_20240825 14,2706.5974106245844
41_20240825 15,2706.6848016241292
41_20240825 16,2706.9651412531407
41_20240825 17,2706.8825386176663
41_20240825 18,2706.848221577176
41_20240825 19,2705.7872156968174
41_20240825 20,2712.8677991161585
41_20240825 21,2705.4890004626714
41_20240825 22,2703.9161930426544
41_20240825 23,2703.813029601322
41_20240826 00,2706.365851830571
41_20240826 01,2703.087729760951
41_20240826 02,2703.3440531284286
41_20240826 03,2697.0713029145
41_20240826 04,2701.4472335928403
41_20240826 05,2699.601375348641
41_20240826 06,2699.7763730277347
41_20240826 07,2700.4798956869813
41_20240826 08,2702.9776537426173
41_20240826 09,2705.498899948258
41_20240826 10,2706.3841189966734
41_20240826 11,2706.6964904649853
41_20240826 12,2706.7615464206106
41_20240826 13,2706.8757667214627
41_20240826 14,2706.866755275503
41_20240826 15,2697.729343377527
41_20240826 16,2706.7495360012463
41_20240826 17,2697.8110246507485
41_20240826 18,2706.4523446938897
41_20240826 19,2705.8733524385807
41_20240826 20,2705.8857759042876
41_20240826 21,2717.8883912891147
41_20240826 22,2704.528940315919
41_20240826 23,2703.6470322459113
41_20240827 00,2713.633498997362
41_20240827 01,2703.969421393356
41_20240827 02,2702.9384573574794
41_20240827 03,2698.128051581003
41_20240827 04,2701.4760856144726
41_20240827 05,2699.9938674861864
41_20240827 06,2699.6144458237864
41_20240827 07,2700.5500683767455
41_20240827 08,2702.810620853346
41_20240827 09,2704.7090935334377
41_20240827 10,2705.0956563137306
41_20240827 11,2705.586474620179
41_20240827 12,2705.15472510473
41_20240827 13,2705.6604390177276
41_20240827 14,2705.4285562569776
41_20240827 15,2705.9183792165095
41_20240827 16,2705.754765996687
41_20240827 17,2704.9109955500153
41_20240827 18,2705.069824966281
41_20240827 19,2704.6388994598547
41_20240827 20,2704.481960151864
41_20240827 21,2695.5806096664082
41_20240827 22,2703.5584428027873
41_20240827 23,2617.1027210522598
41_20240828 00,2700.2957054947187
41_20240828 01,2700.415470249077
41_20240828 02,2699.0591165480882
41_20240828 03,2685.52790815495
41_20240828 04,2697.6118099847986
41_20240828 05,2697.0139460118016
41_20240828 06,2696.4409139258296
41_20240828 07,2697.8149197671974
41_20240828 08,2701.2624783999026
41_20240828 09,2704.079544145161
41_20240828 10,2704.5807552538263
41_20240828 11,2704.7332800202926
41_20240828 12,2706.1471003259703
41_20240828 13,2706.421596406537
41_20240828 14,2705.5199209868256
41_20240828 15,2706.5905933966305
41_20240828 16,2706.7801653989814
41_20240828 17,2705.3522989612425
41_20240828 18,2705.953434564581
41_20240828 19,2704.887968866811
41_20240828 20,2704.649579237746
41_20240828 21,2703.9488043337988
41_20240828 22,2702.967407215856
41_20240828 23,2702.4873555175436
41_20240829 00,2702.159759215633
41_20240829 01,2702.2573986342954
41_20240829 02,2701.910930162316
41_20240829 03,2694.011010191866
41_20240829 04,2698.068213140181
41_20240829 05,2689.164114815662
41_20240829 06,2697.559213711451
41_20240829 07,2698.7641137233995
41_20240829 08,2701.0135974064497
41_20240829 09,2703.647016698751
41_20240829 10,2704.743774850074
41_20240829 11,2706.573621025528
41_20240829 12,2706.351532372149
41_20240829 13,2706.746811050549
41_20240829 14,2706.4072588496365
41_20240829 15,2704.630167652063
41_20240829 16,2706.695616619379
41_20240829 17,2706.1461794689308
41_20240829 18,2705.7292885250217
41_20240829 19,2705.20011188397
41_20240829 20,2705.257179915579
41_20240829 21,2704.7251384966835
41_20240829 22,2703.750104120412
41_20240829 23,2703.025968604991
41_20240830 00,2681.80826709808
41_20240830 01,2700.461086433503
41_20240830 02,2699.603496618289
41_20240830 03,2699.4014409166316
41_20240830 04,2698.1478217729086
41_20240830 05,2697.560028670757
41_20240830 06,2697.277230365028
41_20240830 07,2698.279060916945
41_20240830 08,2689.242556097107
41_20240830 09,2703.616410378075
41_20240830 10,2704.743774850074
41_20240830 11,2706.573621025528
41_20240830 12,2705.8362477756077
41_20240830 13,2704.188512254415
41_20240830 14,2702.7844011909833
41_20240830 15,2702.8290583369676
41_20240830 16,2705.6805619877628
41_20240830 17,2704.4237172702374
41_20240830 18,2707.1075668297008
41_20240830 19,2705.105131122464
41_20240830 20,2704.3638851274955
41_20240830 21,2703.4222152628977
41_20240830 22,2702.9599660099657
41_20240830 23,2590.9125665978386
41_20240831 00,2695.8407852373966
41_20240831 01,2679.396729546227
41_20240831 02,2695.540281360672
41_20240831 03,2690.6399932094714
41_20240831 04,2696.157166462177
41_20240831 05,2695.9483940720206
41_20240831 06,2698.3861424854013
41_20240831 07,2699.695207970691
41_20240831 08,2663.745559713535
41_20240831 09,2682.205904829255
41_20240831 10,2703.869967828202
41_20240831 11,2703.419219401174
41_20240831 12,2703.5470829395867
41_20240831 13,2703.8820875749193
41_20240831 14,2702.51204176206
41_20240831 15,2702.5553545223534
41_20240831 16,2703.132310047261
41_20240831 17,2704.1383697998167
41_20240831 18,2704.684773414662
41_20240831 19,2702.5726436041327
41_20240831 20,2701.685079401613
41_20240831 21,2689.9633870726725
41_20240831 22,2683.6989165149116
41_20240831 23,2701.7732031843448
42_20240825 00,3684.6547525402284
42_20240825 01,3683.514596130467
42_20240825 02,3644.4436401541566
42_20240825 03,3548.5801817849037
42_20240825 04,3646.636053731852
42_20240825 05,3772.8858651323517
42_20240825 06,4025.0152554149267
42_20240825 07,3855.426013887642
42_20240825 08,3983.44473754201
42_20240825 09,4187.540957889562
42_20240825 10,4299.391142499971
42_20240825 11,4513.03853225889
42_20240825 12,4496.523435172171
42_20240825 13,4482.3311311416865
42_20240825 14,4484.250914786314
42_20240825 15,4478.971635611318
42_20240825 16,4482.760900775501
42_20240825 17,4105.914775958323
42_20240825 18,3929.2729976610617
42_20240825 19,3945.8074512558305
42_20240825 20,3789.1823178978793
42_20240825 21,3797.61139205719
42_20240825 22,3636.4567128999706
42_20240825 23,3529.468467675964
42_20240826 00,3578.658900151291
42_20240826 01,3561.674370759856
42_20240826 02,3538.51127793106
42_20240826 03,3528.6195251004633
42_20240826 04,3733.1208632242106
42_20240826 05,3856.614023257929
42_20240826 06,4179.874634280676
42_20240826 07,4766.4452508435925
42_20240826 08,5302.341214291284
42_20240826 09,5525.576215842663
42_20240826 10,5651.749800083899
42_20240826 11,5651.995582689559
42_20240826 12,5506.946745194185
42_20240826 13,5635.984251498947
42_20240826 14,5631.236680087842
42_20240826 15,5621.06176690489
42_20240826 16,5604.767212993135
42_20240826 17,5434.212928045794
42_20240826 18,4613.022064959622
42_20240826 19,4091.125607969762
42_20240826 20,4013.0527395710624
42_20240826 21,4066.483907933128
42_20240826 22,3743.1280540884795
42_20240826 23,3589.570174127591
42_20240827 00,3581.6719520819474
42_20240827 01,3580.638245211956
42_20240827 02,3573.573885748073
42_20240827 03,3539.754777993043
42_20240827 04,3735.0288722049727
42_20240827 05,3904.163853661998
42_20240827 06,4208.570147658142
42_20240827 07,4809.302311305327
42_20240827 08,5330.522878988916
42_20240827 09,5501.989478522524
42_20240827 10,5667.651912545076
42_20240827 11,5671.381287173904
42_20240827 12,5566.24404076068
42_20240827 13,5561.208165641143
42_20240827 14,5498.921466037655
42_20240827 15,5391.06312950556
42_20240827 16,5369.958782962573
42_20240827 17,5038.728042582904
42_20240827 18,4467.2400934342695
42_20240827 19,3987.4574466845347
42_20240827 20,3825.6609526140414
42_20240827 21,3816.4480233399922
42_20240827 22,3558.5815829358935
42_20240827 23,3463.996969921061
42_20240828 00,3378.308468179218
42_20240828 01,3368.3570319103874
42_20240828 02,3363.6598972775323
42_20240828 03,3364.442084821351
42_20240828 04,3500.899580780148
42_20240828 05,3600.790843454036
42_20240828 06,3851.747865806196
42_20240828 07,4467.805406305734
42_20240828 08,5078.073931210408
42_20240828 09,5308.427838137709
42_20240828 10,5317.276271348535
42_20240828 11,5261.540641827441
42_20240828 12,5296.2024009824445
42_20240828 13,5388.403856181265
42_20240828 14,5229.368602463226
42_20240828 15,5307.926833593583
42_20240828 16,5272.399724775755
42_20240828 17,5039.080750365818
42_20240828 18,4385.037262552015
42_20240828 19,3971.125001019695
42_20240828 20,3745.2211513383495
42_20240828 21,3737.7207489787334
42_20240828 22,3585.483040870512
42_20240828 23,3493.466418957056
42_20240829 00,3513.30370323748
42_20240829 01,3493.959421426752
42_20240829 02,3480.2156515605307
42_20240829 03,3477.715956788897
42_20240829 04,3636.2786283382115
42_20240829 05,3762.691159306203
42_20240829 06,4059.1206030136827
42_20240829 07,4601.55362138064
42_20240829 08,5174.715467963368
42_20240829 09,5411.483896686533
42_20240829 10,5558.359822687564
42_20240829 11,5673.633971517252
42_20240829 12,5474.545752402652
42_20240829 13,5497.406723324613
42_20240829 14,5497.176577691302
42_20240829 15,5492.945059356623
42_20240829 16,5246.829786419357
42_20240829 17,5134.023960550798
42_20240829 18,4390.597294814979
42_20240829 19,4053.347232620846
42_20240829 20,4000.3662348153807
42_20240829 21,3998.11704261626
42_20240829 22,3733.9090781614786
42_20240829 23,3538.0915040569375
42_20240830 00,3517.83858505848
42_20240830 01,3482.634737777264
42_20240830 02,3467.4728734113987
42_20240830 03,3517.4426648979615
42_20240830 04,3684.301709614759
42_20240830 05,3820.0256631303246
42_20240830 06,4103.640213260257
42_20240830 07,4607.049930995788
42_20240830 08,5104.57332756027
42_20240830 09,5283.024188189622
42_20240830 10,5400.183222004658
42_20240830 11,5459.818342292375
42_20240830 12,5541.518317380391
42_20240830 13,5519.232796012658
42_20240830 14,5621.27747678654
42_20240830 15,5637.32848702236
42_20240830 16,5595.500833666423
42_20240830 17,5417.979360657864
42_20240830 18,4713.839478732137
42_20240830 19,4251.990676439845
42_20240830 20,4150.5624427494295
42_20240830 21,4061.243527991726
42_20240830 22,3668.145424552445
42_20240830 23,3515.386537859175
42_20240831 00,3456.6163467818847
42_20240831 01,3420.5103536149827
42_20240831 02,3433.7138641491965
42_20240831 03,3465.325252160822
42_20240831 04,3575.9168671580214
42_20240831 05,3699.787738187299
42_20240831 06,3755.957885324092
42_20240831 07,3758.7374890318893
42_20240831 08,3765.2542559388107
42_20240831 09,3898.1458029092973
42_20240831 10,4116.061566105625
42_20240831 11,4162.858491887482
42_20240831 12,4182.981927492132
42_20240831 13,4343.528441050609
42_20240831 14,4475.22067543948
42_20240831 15,4482.930617767135
42_20240831 16,4372.660165122412
42_20240831 17,4160.697430081771
42_20240831 18,4076.5745620161115
42_20240831 19,3926.658414428433
42_20240831 20,3773.981987177337
42_20240831 21,3744.4666083341863
42_20240831 22,3546.638640590603
42_20240831 23,3446.3229015301367
43_20240825 00,13962.883901770701
43_20240825 01,13976.426740491866
43_20240825 02,13928.694575673366
43_20240825 03,13897.191496431775
43_20240825 04,13879.240531003416
43_20240825 05,13878.858401373967
43_20240825 06,13885.318507792
43_20240825 07,13879.057633853206
43_20240825 08,13780.262353978364
43_20240825 09,13759.718663419535
43_20240825 10,13812.857982036428
43_20240825 11,13738.532180716276
43_20240825 12,13775.79184330257
43_20240825 13,13826.13935321719
43_20240825 14,13758.897246726767
43_20240825 15,13705.837527701317
43_20240825 16,13816.439872481782
43_20240825 17,13811.808505554214
43_20240825 18,13813.94654255271
43_20240825 19,13803.367664351475
43_20240825 20,13795.977662692301
43_20240825 21,13796.406838603314
43_20240825 22,13879.635562430049
43_20240825 23,13972.259012342905
43_20240826 00,14198.371742048272
43_20240826 01,14182.343692963035
43_20240826 02,13997.73488398118
43_20240826 03,13945.603614522171
43_20240826 04,13911.591976162708
43_20240826 05,13909.368132569958
43_20240826 06,13909.432129056835
43_20240826 07,13912.758983285114
43_20240826 08,13908.711418750363
43_20240826 09,13969.673378812822
43_20240826 10,13829.54804535849
43_20240826 11,13962.222840419841
43_20240826 12,14002.85443538533
43_20240826 13,13962.912738433
43_20240826 14,13942.816341775948
43_20240826 15,13957.233768858026
43_20240826 16,13956.339097103504
43_20240826 17,13994.516399391687
43_20240826 18,13993.553891126012
43_20240826 19,13986.041484899844
43_20240826 20,14027.117763168844
43_20240826 21,14077.723117389898
43_20240826 22,14150.613061918219
43_20240826 23,14255.692599081995
43_20240827 00,14388.704155432224
43_20240827 01,14372.193990383066
43_20240827 02,14158.81020443082
43_20240827 03,14025.365086333579
43_20240827 04,13961.581743059025
43_20240827 05,13958.996411757886
43_20240827 06,13959.95366731271
43_20240827 07,13971.798167897188
43_20240827 08,13972.958704244566
43_20240827 09,13940.391914034793
43_20240827 10,14118.663167819524
43_20240827 11,14158.871859521
43_20240827 12,14212.728998700533
43_20240827 13,14247.022451386158
43_20240827 14,14199.459942182442
43_20240827 15,14105.631872115882
43_20240827 16,13957.371177378272
43_20240827 17,14191.588404655404
43_20240827 18,14169.780051302056
43_20240827 19,14153.36703746087
43_20240827 20,14132.669349708009
43_20240827 21,14128.34232880864
43_20240827 22,14272.712948300083
43_20240827 23,14393.753870229413
43_20240828 00,14395.868386574948
43_20240828 01,14381.22190881482
43_20240828 02,14196.548783040462
43_20240828 03,14039.841685795609
43_20240828 04,13976.054897424341
43_20240828 05,13973.763013240969
43_20240828 06,13973.9117407683
43_20240828 07,13992.134374783398
43_20240828 08,14020.513945174544
43_20240828 09,14100.983184851682
43_20240828 10,14072.41411541139
43_20240828 11,14058.806974785692
43_20240828 12,14128.589031557776
43_20240828 13,14064.465996023764
43_20240828 14,14222.446689944913
43_20240828 15,14246.408986237306
43_20240828 16,13574.450313615389
43_20240828 17,14069.17574087851
43_20240828 18,14113.203038095007
43_20240828 19,14172.32473404209
43_20240828 20,14143.161208811593
43_20240828 21,14149.909522989037
43_20240828 22,14257.026938363095
43_20240828 23,14350.980715240601
43_20240829 00,14349.892874215257
43_20240829 01,14392.629520806155
43_20240829 02,14181.81287912249
43_20240829 03,14057.062067947434
43_20240829 04,13966.9246048206
43_20240829 05,13966.21796286983
43_20240829 06,13970.954332462641
43_20240829 07,13993.623575352101
43_20240829 08,14004.028758669057
43_20240829 09,13832.301168885628
43_20240829 10,14088.227917892185
43_20240829 11,14080.284450444775
43_20240829 12,14069.241380073681
43_20240829 13,14226.479544142609
43_20240829 14,14186.866594011064
43_20240829 15,13803.774612750489
43_20240829 16,14195.931410347725
43_20240829 17,13993.457000631097
43_20240829 18,14179.732338440945
43_20240829 19,14187.350784002656
43_20240829 20,14132.8726301665
43_20240829 21,14083.84474874129
43_20240829 22,14262.909785689852
43_20240829 23,14349.363963043501
43_20240830 00,14367.112289188275
43_20240830 01,14387.824183328225
43_20240830 02,14165.509931834533
43_20240830 03,14026.620752543557
43_20240830 04,13963.457010704471
43_20240830 05,13962.825673705664
43_20240830 06,13961.312896247184
43_20240830 07,13970.133091157437
43_20240830 08,13997.221594166758
43_20240830 09,14066.419737658527
43_20240830 10,14052.228822047784
43_20240830 11,14041.415855496381
43_20240830 12,13994.10288798504
43_20240830 13,13644.747245835015
43_20240830 14,14252.321690040593
43_20240830 15,13793.053853056255
43_20240830 16,14075.15470080033
43_20240830 17,14067.834686211645
43_20240830 18,14216.544254046083
43_20240830 19,14141.138826445653
43_20240830 20,14121.962800810672
43_20240830 21,14131.659981510016
43_20240830 22,14274.21960334977
43_20240830 23,14394.9749855716
43_20240831 00,14186.27332977033
43_20240831 01,14175.176222508167
43_20240831 02,14012.554719030313
43_20240831 03,13926.080986925972
43_20240831 04,13878.146018093006
43_20240831 05,13876.642455770118
43_20240831 06,13881.567692247108
43_20240831 07,13876.359753279108
43_20240831 08,13870.354959241373
43_20240831 09,13929.204236430285
43_20240831 10,13933.986723348999
43_20240831 11,13942.46159492863
43_20240831 12,13943.804324456327
43_20240831 13,13819.137163559259
43_20240831 14,13949.247579545223
43_20240831 15,13909.462547666724
43_20240831 16,13679.790104313077
43_20240831 17,13751.054795318962
43_20240831 18,13820.646103246369
43_20240831 19,13935.095993818804
43_20240831 20,13931.475531146805
43_20240831 21,13917.44029318153
43_20240831 22,14027.895426015311
43_20240831 23,14175.542649220675
44_20240825 00,1591.188064911406
44_20240825 01,1576.4627683609667
44_20240825 02,1582.1447307008973
44_20240825 03,1593.1068589266538
44_20240825 04,1583.135257767326
44_20240825 05,1599.6753030980449
44_20240825 06,1652.6056545155795
44_20240825 07,1649.6123761277377
44_20240825 08,1697.6064543569887
44_20240825 09,1850.5874331236441
44_20240825 10,1872.3027041626801
44_20240825 11,1891.662897322607
44_20240825 12,1889.6963967802283
44_20240825 13,1864.3513126607968
44_20240825 14,1889.6498429150029
44_20240825 15,1890.8353938411406
44_20240825 16,1884.359812955202
44_20240825 17,1840.8567702757541
44_20240825 18,1755.3195163611697
44_20240825 19,1697.9863483671247
44_20240825 20,1662.4360557837592
44_20240825 21,1655.0256995371346
44_20240825 22,1579.1313587845025
44_20240825 23,1535.5189655753552
44_20240826 00,1631.7456410547336
44_20240826 01,1630.6650380205551
44_20240826 02,1629.630841662564
44_20240826 03,1628.4034028759438
44_20240826 04,1631.759253171931
44_20240826 05,1642.2034891451624
44_20240826 06,1925.1277753465442
44_20240826 07,2321.385567371374
44_20240826 08,2489.8072823370417
44_20240826 09,2613.000415835549
44_20240826 10,2610.9876767103415
44_20240826 11,2603.5706244129474
44_20240826 12,2629.980374357371
44_20240826 13,2601.728491230475
44_20240826 14,2606.6758348915473
44_20240826 15,2620.5637558862827
44_20240826 16,2618.306951438443
44_20240826 17,2434.577214512693
44_20240826 18,1897.5916848930515
44_20240826 19,1766.2472347877435
44_20240826 20,1712.7563376102523
44_20240826 21,1677.5553893474892
44_20240826 22,1661.0424579331939
44_20240826 23,1663.1299756270043
44_20240827 00,1665.5194939543585
44_20240827 01,1667.9614254176513
44_20240827 02,1669.7500157583909
44_20240827 03,1660.3522981329463
44_20240827 04,1669.6094604228233
44_20240827 05,1648.9945036267354
44_20240827 06,1934.5767280511159
44_20240827 07,2335.7873387814857
44_20240827 08,2507.5406069699493
44_20240827 09,2630.708196980885
44_20240827 10,2631.217884753326
44_20240827 11,2621.3142409282527
44_20240827 12,2630.0720377022444
44_20240827 13,2606.338265046466
44_20240827 14,2607.7100430471805
44_20240827 15,2602.856998808741
44_20240827 16,2613.376998218458
44_20240827 17,2307.2747938849807
44_20240827 18,1730.3983803007789
44_20240827 19,1626.9718160652249
44_20240827 20,1597.5923833357954
44_20240827 21,1628.3193846744198
44_20240827 22,1631.06129068057
44_20240827 23,1618.6980179500913
44_20240828 00,1620.1618986455812
44_20240828 01,1618.4395633680292
44_20240828 02,1583.7165127380486
44_20240828 03,1578.218264592194
44_20240828 04,1571.1540442224605
44_20240828 05,1601.969501997124
44_20240828 06,1912.1014256159733
44_20240828 07,2281.579687436031
44_20240828 08,2393.8504741561187
44_20240828 09,2462.800666727286
44_20240828 10,2463.0054606414733
44_20240828 11,2452.5900238826803
44_20240828 12,2486.570728258059
44_20240828 13,2516.085178896053
44_20240828 14,2571.2940881797167
44_20240828 15,2508.7202882786605
44_20240828 16,2535.5086355046233
44_20240828 17,2363.882904502954
44_20240828 18,1855.703890482272
44_20240828 19,1733.2541970929112
44_20240828 20,1654.7414735197322
44_20240828 21,1657.1819282313813
44_20240828 22,1636.5177052300048
44_20240828 23,1638.444901005926
44_20240829 00,1622.8145554522305
44_20240829 01,1622.4073881292422
44_20240829 02,1629.5267417832645
44_20240829 03,1629.5545499091127
44_20240829 04,1630.0748821135608
44_20240829 05,1648.6958294275282
44_20240829 06,1953.173144279965
44_20240829 07,2324.7415563886675
44_20240829 08,2437.4742340004773
44_20240829 09,2473.112912892311
44_20240829 10,2540.025962493322
44_20240829 11,2518.4545837960404
44_20240829 12,2520.4555089805503
44_20240829 13,2487.6316896340827
44_20240829 14,2483.9146915961605
44_20240829 15,2530.3086170028373
44_20240829 16,2533.381511497165
44_20240829 17,2344.6957131528607
44_20240829 18,1862.5322410794001
44_20240829 19,1746.661806169507
44_20240829 20,1636.2956279980233
44_20240829 21,1633.6490410555332
44_20240829 22,1627.5762526528501
44_20240829 23,1585.2155513027215
44_20240830 00,1621.5410435626825
44_20240830 01,1623.6287862240004
44_20240830 02,1628.7147150623246
44_20240830 03,1629.6289866237303
44_20240830 04,1628.0557305890472
44_20240830 05,1638.1440106785346
44_20240830 06,1912.043106779996
44_20240830 07,2297.096733914612
44_20240830 08,2434.17412211319
44_20240830 09,2532.8976582433274
44_20240830 10,2611.0974590551637
44_20240830 11,2567.3391525910565
44_20240830 12,2546.525426640823
44_20240830 13,2414.367481906775
44_20240830 14,2426.157949462792
44_20240830 15,2437.2089871995954
44_20240830 16,2432.3363322091163
44_20240830 17,2384.873795177894
44_20240830 18,1876.4618631581643
44_20240830 19,1736.4946484956101
44_20240830 20,1682.7501105167366
44_20240830 21,1674.0888958468338
44_20240830 22,1644.0631021166473
44_20240830 23,1606.2368316416428
44_20240831 00,1540.8497015998937
44_20240831 01,1527.1346491945512
44_20240831 02,1544.051067658546
44_20240831 03,1569.097976814026
44_20240831 04,1570.082531287225
44_20240831 05,1573.1969280719807
44_20240831 06,1580.8943023440024
44_20240831 07,1511.9306349519784
44_20240831 08,1605.016189652061
44_20240831 09,1585.6013100419684
44_20240831 10,1604.5152750740115
44_20240831 11,1871.8716819068054
44_20240831 12,1880.8353999622157
44_20240831 13,1872.608876796003
44_20240831 14,1861.8593221622857
44_20240831 15,1830.6446166677472
44_20240831 16,1836.6243032311238
44_20240831 17,1619.664672135452
44_20240831 18,1637.6745829278336
44_20240831 19,1542.2555937760364
44_20240831 20,1563.4355913188722
44_20240831 21,1561.6276400888646
44_20240831 22,1508.5941699516648
44_20240831 23,1503.6017114664241
45_20240825 00,2017.210919156175
45_20240825 01,1699.0919514771583
45_20240825 02,1678.5487651023893
45_20240825 03,1576.382354196673
45_20240825 04,1483.3040776201044
45_20240825 05,1482.4377837987065
45_20240825 06,1695.9572828802168
45_20240825 07,2026.3405612358783
45_20240825 08,2683.704886351484
45_20240825 09,4622.196025211227
45_20240825 10,8990.510710717073
45_20240825 11,9534.733102868666
45_20240825 12,9507.68667261693
45_20240825 13,9448.052801094025
45_20240825 14,9639.031099121037
45_20240825 15,9615.872426606433
45_20240825 16,9200.180517306737
45_20240825 17,9111.238818177984
45_20240825 18,9151.531109296831
45_20240825 19,7014.056349925625
45_20240825 20,6071.830755791297
45_20240825 21,3987.7783187061195
45_20240825 22,2638.469631120807
45_20240825 23,2199.1623061043238
45_20240826 00,1895.2520737093473
45_20240826 01,1659.983064125187
45_20240826 02,1617.7659163420174
45_20240826 03,1582.3218343007977
45_20240826 04,1495.0136153889514
45_20240826 05,1478.594762831289
45_20240826 06,1729.737580087623
45_20240826 07,2029.8094297815235
45_20240826 08,2657.764525952783
45_20240826 09,4434.820454172552
45_20240826 10,6887.85951530624
45_20240826 11,7157.568476674983
45_20240826 12,7016.423262246664
45_20240826 13,6646.682181863439
45_20240826 14,6954.395593098066
45_20240826 15,7244.958024260554
45_20240826 16,6853.299030049475
45_20240826 17,6455.758076824074
45_20240826 18,6687.021352458151
45_20240826 19,6523.485018652502
45_20240826 20,5743.813171746848
45_20240826 21,3812.12879927806
45_20240826 22,2797.5705002285226
45_20240826 23,2263.824130320966
45_20240827 00,1993.1905489959602
45_20240827 01,1709.8443788398893
45_20240827 02,1730.4227993439374
45_20240827 03,1671.1019569469424
45_20240827 04,1617.1574805873522
45_20240827 05,1542.304174644295
45_20240827 06,1686.2679302020092
45_20240827 07,2032.5039888644349
45_20240827 08,2517.90296893841
45_20240827 09,4665.653057041018
45_20240827 10,8837.087666073961
45_20240827 11,9085.802376958203
45_20240827 12,9282.925037602008
45_20240827 13,9140.894928466923
45_20240827 14,9311.270832176153
45_20240827 15,9403.431032477558
45_20240827 16,9165.705678555318
45_20240827 17,8595.438709449296
45_20240827 18,7974.703338758124
45_20240827 19,5516.3570756859435
45_20240827 20,4941.437807986658
45_20240827 21,3561.186721422662
45_20240827 22,2597.715930091052
45_20240827 23,2081.691377845543
45_20240828 00,1842.970573510471
45_20240828 01,1588.444060866789
45_20240828 02,1583.4400560269276
45_20240828 03,1553.7399399100066
45_20240828 04,1456.3418183345375
45_20240828 05,1468.6829900186842
45_20240828 06,1764.711050768857
45_20240828 07,2023.4974082959889
45_20240828 08,2429.361304270037
45_20240828 09,3723.8559809175313
45_20240828 10,7652.710156437325
45_20240828 11,8152.949259517426
45_20240828 12,8201.445283026345
45_20240828 13,8432.05993143704
45_20240828 14,9299.69304008831
45_20240828 15,8762.829507033952
45_20240828 16,9093.93491009136
45_20240828 17,8864.485560503908
45_20240828 18,8467.653741692893
45_20240828 19,6128.192220480993
45_20240828 20,5181.436656525081
45_20240828 21,3643.8869601266156
45_20240828 22,2605.359405738528
45_20240828 23,2147.7585817197746
45_20240829 00,1886.1538358192279
45_20240829 01,1618.493745752902
45_20240829 02,1614.2290008128684
45_20240829 03,1591.9805805956225
45_20240829 04,1501.526891416188
45_20240829 05,1481.7902151276012
45_20240829 06,1804.5804259601655
45_20240829 07,2048.6649195195373
45_20240829 08,2548.1693438272505
45_20240829 09,4723.255383977798
45_20240829 10,8866.038366630399
45_20240829 11,9252.58757446657
45_20240829 12,9226.76939472211
45_20240829 13,9340.98305237982
45_20240829 14,9289.13322854896
45_20240829 15,9292.875721229848
45_20240829 16,9331.863560771731
45_20240829 17,8973.544777429694
45_20240829 18,9018.292538317175
45_20240829 19,6330.706687557459
45_20240829 20,5190.063207999824
45_20240829 21,3661.1017531572443
45_20240829 22,2624.872344355594
45_20240829 23,2131.2916060374296
45_20240830 00,1884.2691316831958
45_20240830 01,1607.4440201236446
45_20240830 02,1631.068445465696
45_20240830 03,1575.5790725920256
45_20240830 04,1497.996701513687
45_20240830 05,1496.2235309449507
45_20240830 06,1645.6100950992213
45_20240830 07,2087.2350957225017
45_20240830 08,2462.358291825054
45_20240830 09,4480.12327716119
45_20240830 10,8794.790481222471
45_20240830 11,9126.763750148506
45_20240830 12,9253.837755261788
45_20240830 13,9077.059435037183
45_20240830 14,8935.759311876516
45_20240830 15,9059.834711861706
45_20240830 16,8497.44528193915
45_20240830 17,9061.593691628355
45_20240830 18,9071.461254962049
45_20240830 19,6831.555372568199
45_20240830 20,6225.331344765776
45_20240830 21,3959.8253049083655
45_20240830 22,2884.777862622287
45_20240830 23,2245.50734760351
45_20240831 00,1962.1817069416209
45_20240831 01,1648.712096922554
45_20240831 02,1626.7026184231784
45_20240831 03,1574.8399177235824
45_20240831 04,1498.777577047566
45_20240831 05,1472.6891446710501
45_20240831 06,1755.6006395911943
45_20240831 07,2016.2498364989794
45_20240831 08,2428.2375527871577
45_20240831 09,4072.81916805271
45_20240831 10,8269.063364786976
45_20240831 11,9118.466260885663
45_20240831 12,9277.376614938263
45_20240831 13,9014.967378045163
45_20240831 14,8980.388100135537
45_20240831 15,8748.997482096322
45_20240831 16,8917.394123382792
45_20240831 17,8757.857823342649
45_20240831 18,8150.825029889571
45_20240831 19,5623.078612964135
45_20240831 20,5155.563082198898
45_20240831 21,3619.1702496661846
45_20240831 22,2563.534185182032
45_20240831 23,2114.6283034581643
46_20240825 00,860.632685695573
46_20240825 01,843.7695051028937
46_20240825 02,828.7856874581925
46_20240825 03,830.811554773798
46_20240825 04,807.0498896501226
46_20240825 05,815.127561914723
46_20240825 06,773.7349452189391
46_20240825 07,717.2661884397397
46_20240825 08,728.980899285914
46_20240825 09,674.7226797703264
46_20240825 10,723.5922015938465
46_20240825 11,600.3996726820471
46_20240825 12,618.7632836622156
46_20240825 13,585.7697618814831
46_20240825 14,663.3448301605699
46_20240825 15,760.4814847621933
46_20240825 16,787.7572472917185
46_20240825 17,863.0351407594341
46_20240825 18,915.5513427963891
46_20240825 19,946.981451329549
46_20240825 20,940.2617990767204
46_20240825 21,915.5028851541684
46_20240825 22,907.2207701166473
46_20240825 23,899.5900142645045
46_20240826 00,896.3823101786687
46_20240826 01,866.2685420792571
46_20240826 02,830.3141084593933
46_20240826 03,827.3325207082344
46_20240826 04,816.685746283168
46_20240826 05,798.529171811914
46_20240826 06,802.6421668639358
46_20240826 07,811.1020362256376
46_20240826 08,1001.8738241110018
46_20240826 09,1363.9919001897008
46_20240826 10,1377.2447007097967
46_20240826 11,1551.9469829442448
46_20240826 12,1324.378199365891
46_20240826 13,1572.502972470677
46_20240826 14,1583.725397518084
46_20240826 15,1562.6426688541167
46_20240826 16,1567.0149883273955
46_20240826 17,1430.9861187513711
46_20240826 18,1206.7652449610346
46_20240826 19,1039.2150174524647
46_20240826 20,1033.0014655902721
46_20240826 21,1017.6714751767381
46_20240826 22,971.1879332427523
46_20240826 23,941.5119947693169
46_20240827 00,919.0873768991412
46_20240827 01,865.5964265503961
46_20240827 02,846.0056007975381
46_20240827 03,839.5321902452903
46_20240827 04,825.1128818480664
46_20240827 05,823.0708776037798
46_20240827 06,831.7348006410931
46_20240827 07,821.926347081713
46_20240827 08,1008.4345346011205
46_20240827 09,1409.0992948785802
46_20240827 10,1435.998436594759
46_20240827 11,1463.6315514334324
46_20240827 12,1279.1427008511662
46_20240827 13,1458.7404136865719
46_20240827 14,1456.1989443087132
46_20240827 15,1463.482996594104
46_20240827 16,1456.440576566085
46_20240827 17,1314.4717467655116
46_20240827 18,1195.967902027054
46_20240827 19,1079.3594286877799
46_20240827 20,1006.4805941431242
46_20240827 21,977.0070451822592
46_20240827 22,952.4558668388083
46_20240827 23,939.4143992805818
46_20240828 00,940.4505744507586
46_20240828 01,878.0237737817815
46_20240828 02,877.9614405115932
46_20240828 03,840.7147906542156
46_20240828 04,818.6027224757867
46_20240828 05,791.769344917057
46_20240828 06,793.4214279408683
46_20240828 07,751.2089450893135
46_20240828 08,894.566274011524
46_20240828 09,1113.4120380890868
46_20240828 10,1239.19196904044
46_20240828 11,1195.3843998716418
46_20240828 12,1144.759160434459
46_20240828 13,1378.8242799524544
46_20240828 14,1526.6593488076035
46_20240828 15,1497.915582603354
46_20240828 16,1470.315700449501
46_20240828 17,1435.0009882925146
46_20240828 18,1266.7310684649485
46_20240828 19,1180.658858112074
46_20240828 20,1157.2278046497431
46_20240828 21,1078.9491717051562
46_20240828 22,1032.935876813876
46_20240828 23,947.0479901230965
46_20240829 00,970.9675670121802
46_20240829 01,901.6634925434853
46_20240829 02,850.5593570792757
46_20240829 03,839.5389414114532
46_20240829 04,824.4365815043532
46_20240829 05,810.357486605182
46_20240829 06,771.4581338543591
46_20240829 07,789.4085783072654
46_20240829 08,928.5872588090941
46_20240829 09,1002.8203785213813
46_20240829 10,1060.0214238461451
46_20240829 11,1316.8228736787057
46_20240829 12,1073.9889893923794
46_20240829 13,1230.493080848141
46_20240829 14,1352.2219185444362
46_20240829 15,1386.739738391019
46_20240829 16,1372.5719252145216
46_20240829 17,1295.2867754540912
46_20240829 18,1168.0955321142376
46_20240829 19,1165.988026013442
46_20240829 20,1151.557490107749
46_20240829 21,1077.8619686739028
46_20240829 22,998.0296151013113
46_20240829 23,945.4887062706318
46_20240830 00,918.9554567563345
46_20240830 01,855.7687948217327
46_20240830 02,818.4619564781572
46_20240830 03,816.593539411964
46_20240830 04,806.6646102864805
46_20240830 05,787.2451918245283
46_20240830 06,796.7780901622193
46_20240830 07,776.44051237074
46_20240830 08,886.8331596059054
46_20240830 09,1149.8708676573626
46_20240830 10,1171.7291534866954
46_20240830 11,1269.1573706492532
46_20240830 12,1136.3387937293257
46_20240830 13,1312.0804001481642
46_20240830 14,1379.4987791400065
46_20240830 15,1356.4402374982562
46_20240830 16,1369.894087846198
46_20240830 17,1262.1500939507823
46_20240830 18,1117.7086081586694
46_20240830 19,1111.3314625394844
46_20240830 20,1041.9644557682109
46_20240830 21,1031.0387650342345
46_20240830 22,930.40074276027
46_20240830 23,921.2701385488641
46_20240831 00,884.3402223238475
46_20240831 01,845.3185722744767
46_20240831 02,831.9245095496129
46_20240831 03,851.2542382755582
46_20240831 04,807.7999988666751
46_20240831 05,778.3106042988843
46_20240831 06,753.4274718576493
46_20240831 07,751.4498081401439
46_20240831 08,634.1330848175957
46_20240831 09,565.3964937056861
46_20240831 10,517.4520797505528
46_20240831 11,564.0594355134333
46_20240831 12,516.2480517023818
46_20240831 13,620.42195746699
46_20240831 14,702.668795871876
46_20240831 15,784.1215643067978
46_20240831 16,835.5609653327891
46_20240831 17,873.3278104345968
46_20240831 18,892.3902131996174
46_20240831 19,956.786970693926
46_20240831 20,938.5169083714418
46_20240831 21,926.8043317963628
46_20240831 22,899.0636572937848
46_20240831 23,908.1078804542216
47_20240825 00,487.68296004765335
47_20240825 01,455.8961552725853
47_20240825 02,445.9441116092478
47_20240825 03,440.3928417011156
47_20240825 04,438.6776543381093
47_20240825 05,440.9847514099158
47_20240825 06,539.4710029246314
47_20240825 07,585.2319274046379
47_20240825 08,631.2898298336004
47_20240825 09,755.4831553636661
47_20240825 10,796.9955137359029
47_20240825 11,845.4759001885105
47_20240825 12,872.6053588090376
47_20240825 13,885.6574646045754
47_20240825 14,881.0487225814782
47_20240825 15,874.1471247450966
47_20240825 16,865.6807505056422
47_20240825 17,766.5602256237772
47_20240825 18,718.6670773633779
47_20240825 19,599.6476047930549
47_20240825 20,546.9483600721271
47_20240825 21,515.8378406479526
47_20240825 22,506.5298606913678
47_20240825 23,494.5011061524351
47_20240826 00,522.2721328979442
47_20240826 01,465.38763215456197
47_20240826 02,457.4777322219284
47_20240826 03,457.3812910997629
47_20240826 04,466.9313888106915
47_20240826 05,503.6699684147575
47_20240826 06,738.7405019620286
47_20240826 07,1317.305994415037
47_20240826 08,1490.249431558031
47_20240826 09,1683.9189127037566
47_20240826 10,1749.2865866218094
47_20240826 11,1782.1830958433757
47_20240826 12,1704.2239027750359
47_20240826 13,1789.9732689418165
47_20240826 14,1737.576360990216
47_20240826 15,1632.0959732671515
47_20240826 16,1576.6922522627567
47_20240826 17,1497.8673952425456
47_20240826 18,1328.407923556535
47_20240826 19,1024.440675402328
47_20240826 20,739.3954113482928
47_20240826 21,639.3610713116516
47_20240826 22,572.3221171257575
47_20240826 23,524.6932563067238
47_20240827 00,532.3173822353644
47_20240827 01,477.96159727021654
47_20240827 02,472.02916360096197
47_20240827 03,471.875625184181
47_20240827 04,484.38859475985004
47_20240827 05,509.4190883624289
47_20240827 06,732.6139802948275
47_20240827 07,1296.7832477649301
47_20240827 08,1417.078469354123
47_20240827 09,1643.195850947197
47_20240827 10,1670.7337301440205
47_20240827 11,1718.5850784728138
47_20240827 12,1726.0464973088294
47_20240827 13,1736.3858061992748
47_20240827 14,1686.0528348077455
47_20240827 15,1603.765961102886
47_20240827 16,1590.5444488114981
47_20240827 17,1427.7141030882929
47_20240827 18,1331.7539125661553
47_20240827 19,1083.4448697900702
47_20240827 20,742.0733229663265
47_20240827 21,643.9380727133704
47_20240827 22,578.7746442928099
47_20240827 23,534.5110680020555
47_20240828 00,529.5960971567041
47_20240828 01,473.22620157266476
47_20240828 02,459.5268622000805
47_20240828 03,458.4871757503414
47_20240828 04,470.5191711883384
47_20240828 05,497.07409434079943
47_20240828 06,656.3281899821459
47_20240828 07,1184.4474893614026
47_20240828 08,1477.3814147135056
47_20240828 09,1667.681370339762
47_20240828 10,1738.8510692242312
47_20240828 11,1732.2364273515996
47_20240828 12,1756.69705755521
47_20240828 13,1760.199657543734
47_20240828 14,1719.9267536900854
47_20240828 15,1655.1532734104028
47_20240828 16,1586.885573977736
47_20240828 17,1456.1941672605012
47_20240828 18,1339.8804097811033
47_20240828 19,1067.8391380255537
47_20240828 20,791.5870480349096
47_20240828 21,668.3306463896768
47_20240828 22,592.0072381898528
47_20240828 23,542.2761191056452
47_20240829 00,522.8971450906866
47_20240829 01,467.1147680378426
47_20240829 02,461.10744201931533
47_20240829 03,457.5311780401177
47_20240829 04,460.492944786592
47_20240829 05,487.52518623804156
47_20240829 06,650.5744466455207
47_20240829 07,1175.0049539111208
47_20240829 08,1374.0147239063301
47_20240829 09,1394.97079131496
47_20240829 10,1464.4092922851473
47_20240829 11,1508.3936991474473
47_20240829 12,1506.5967671857602
47_20240829 13,1511.4266335707407
47_20240829 14,1495.1597014645274
47_20240829 15,1461.4349485830292
47_20240829 16,1424.430098968109
47_20240829 17,1295.8837997247656
47_20240829 18,1230.8410660831169
47_20240829 19,1082.632407651344
47_20240829 20,761.5620864344787
47_20240829 21,644.9934977448644
47_20240829 22,573.4313979974207
47_20240829 23,524.047603033446
47_20240830 00,526.931927382213
47_20240830 01,470.9071871942304
47_20240830 02,464.7356057651458
47_20240830 03,459.7361874987244
47_20240830 04,467.58639320617533
47_20240830 05,491.3689514130149
47_20240830 06,644.8760099415275
47_20240830 07,1211.7659832226848
47_20240830 08,1478.1923226880842
47_20240830 09,1664.2797818083693
47_20240830 10,1728.2537461005804
47_20240830 11,1782.3682977593903
47_20240830 12,1756.9810918251492
47_20240830 13,1756.6053808053896
47_20240830 14,1716.3809795667903
47_20240830 15,1653.5418948108
47_20240830 16,1599.9153857066167
47_20240830 17,1449.586266519745
47_20240830 18,1336.6991939902694
47_20240830 19,1098.2570559459807
47_20240830 20,745.0069278340477
47_20240830 21,635.0351964982701
47_20240830 22,569.2610382747577
47_20240830 23,526.1203011707689
47_20240831 00,508.6954214029983
47_20240831 01,458.4487589347389
47_20240831 02,449.73579606187434
47_20240831 03,440.3856259951077
47_20240831 04,450.2194267171189
47_20240831 05,463.8272555622874
47_20240831 06,556.9165204179869
47_20240831 07,887.9590600387315
47_20240831 08,1013.3246180707278
47_20240831 09,1139.7235654128083
47_20240831 10,1181.732917216346
47_20240831 11,1173.7278954688286
47_20240831 12,1211.929968366047
47_20240831 13,1227.231475411103
47_20240831 14,1203.5594394136983
47_20240831 15,1121.8599835246387
47_20240831 16,1060.3494792971987
47_20240831 17,905.1399232888655
47_20240831 18,890.8441838658135
47_20240831 19,742.2734675624391
47_20240831 20,626.0010498014725
47_20240831 21,584.1446348116831
47_20240831 22,530.0398443324004
47_20240831 23,504.8950128468409
48_20240825 00,4254.946146372585
48_20240825 01,4244.5981438332765
48_20240825 02,4157.467538852838
48_20240825 03,4118.356952369848
48_20240825 04,4067.5986214320983
48_20240825 05,4070.844985016716
48_20240825 06,4075.0560768154974
48_20240825 07,3797.6437353316037
48_20240825 08,3797.523455909246
48_20240825 09,3678.4437757894775
48_20240825 10,3755.4800806215367
48_20240825 11,3748.2557674849113
48_20240825 12,3793.7112457701173
48_20240825 13,3787.9261930609396
48_20240825 14,3794.3672523926803
48_20240825 15,3657.646807797398
48_20240825 16,3656.8744918938405
48_20240825 17,3629.6233371241333
48_20240825 18,3600.814374483569
48_20240825 19,3679.955914609599
48_20240825 20,3582.318341020641
48_20240825 21,3630.5298147610697
48_20240825 22,4112.849745063382
48_20240825 23,4261.30701760808
48_20240826 00,4281.283577416186
48_20240826 01,4238.429174874526
48_20240826 02,4232.039075445403
48_20240826 03,4238.845801316077
48_20240826 04,4169.016304382188
48_20240826 05,4190.408988911162
48_20240826 06,4251.281329979838
48_20240826 07,4238.6755766649485
48_20240826 08,4283.684616250535
48_20240826 09,4551.799102353584
48_20240826 10,4534.876897078251
48_20240826 11,4586.478513302971
48_20240826 12,4640.569262960315
48_20240826 13,4597.291377839038
48_20240826 14,4609.717028409541
48_20240826 15,4551.5382505513935
48_20240826 16,4472.861076717932
48_20240826 17,4407.21851055082
48_20240826 18,3966.8576321730375
48_20240826 19,3540.9231379782404
48_20240826 20,3642.2014023806205
48_20240826 21,3673.852751754074
48_20240826 22,4151.3165899236665
48_20240826 23,4267.797908546772
48_20240827 00,4297.791186202513
48_20240827 01,4269.041296768256
48_20240827 02,4327.08104706944
48_20240827 03,4322.553891641216
48_20240827 04,4243.861612970311
48_20240827 05,4171.876853889761
48_20240827 06,4234.200612297865
48_20240827 07,4230.994340355486
48_20240827 08,4230.842820086383
48_20240827 09,4204.306249300147
48_20240827 10,4300.523064110085
48_20240827 11,4247.721220622806
48_20240827 12,4254.8234050626525
48_20240827 13,4292.472886127541
48_20240827 14,4262.233367967348
48_20240827 15,4161.8230945792
48_20240827 16,4198.119076337868
48_20240827 17,4145.034957385475
48_20240827 18,3804.640339545083
48_20240827 19,3574.4003885373986
48_20240827 20,3601.3043411464164
48_20240827 21,3632.8260978387475
48_20240827 22,4134.355576489908
48_20240827 23,4210.498781143162
48_20240828 00,4132.243829364238
48_20240828 01,4072.0293574108637
48_20240828 02,4021.5274610769693
48_20240828 03,3994.5264892894606
48_20240828 04,3951.5952031001984
48_20240828 05,3892.312019903801
48_20240828 06,3918.214349538324
48_20240828 07,4010.111712451231
48_20240828 08,4032.462452804182
48_20240828 09,4270.609999056472
48_20240828 10,4409.547233322396
48_20240828 11,4231.583775784166
48_20240828 12,4297.293646779936
48_20240828 13,4439.049838223622
48_20240828 14,4408.015277155964
48_20240828 15,4311.915341867283
48_20240828 16,4475.181250832284
48_20240828 17,4464.669181090587
48_20240828 18,4045.9968989936488
48_20240828 19,3893.403709789627
48_20240828 20,3769.0688906788896
48_20240828 21,3751.8587499907007
48_20240828 22,4101.912697329019
48_20240828 23,4234.089005999572
48_20240829 00,4034.0322656498033
48_20240829 01,4209.144639562031
48_20240829 02,4037.274297553918
48_20240829 03,4084.495605109989
48_20240829 04,3916.2639869136
48_20240829 05,3899.5231983114904
48_20240829 06,3897.1427486157463
48_20240829 07,3960.958981603487
48_20240829 08,3969.2311956817734
48_20240829 09,4279.648685194251
48_20240829 10,4297.67311455034
48_20240829 11,4202.387175601469
48_20240829 12,4309.058407842352
48_20240829 13,4326.317369602209
48_20240829 14,4241.015988814742
48_20240829 15,4210.222443395308
48_20240829 16,4416.602297322597
48_20240829 17,4425.874089579024
48_20240829 18,4028.1020083598237
48_20240829 19,3785.9381179697925
48_20240829 20,3695.4429306110837
48_20240829 21,3516.2037276347264
48_20240829 22,4052.143587075639
48_20240829 23,4045.3316989361947
48_20240830 00,4062.1017205910966
48_20240830 01,4153.338217360172
48_20240830 02,4054.17209012434
48_20240830 03,4001.4228857451967
48_20240830 04,3975.4826000224803
48_20240830 05,3937.2536885135496
48_20240830 06,4039.5889422538544
48_20240830 07,4158.351729979065
48_20240830 08,4183.329370381959
48_20240830 09,4515.929432154994
48_20240830 10,4578.44705218259
48_20240830 11,4358.627218025144
48_20240830 12,4435.02841646374
48_20240830 13,4418.326545801397
48_20240830 14,4267.573873762501
48_20240830 15,4319.992730516761
48_20240830 16,4555.273370149706
48_20240830 17,4462.93340685059
48_20240830 18,3895.9453104955564
48_20240830 19,3632.2318649186527
48_20240830 20,3585.072859897263
48_20240830 21,3546.8621263805353
48_20240830 22,3987.522479183691
48_20240830 23,4208.83365883565
48_20240831 00,4142.784835372765
48_20240831 01,4110.415997784156
48_20240831 02,4000.4011889362023
48_20240831 03,3770.510027162509
48_20240831 04,3763.524478296065
48_20240831 05,3738.4197879594126
48_20240831 06,3685.4116896083883
48_20240831 07,3463.6271983938805
48_20240831 08,3426.2226785817325
48_20240831 09,3692.0540885401383
48_20240831 10,3656.772372157735
48_20240831 11,3758.838625412746
48_20240831 12,3657.2961213365475
48_20240831 13,3754.1992888207924
48_20240831 14,3814.2706673584926
48_20240831 15,3805.08854179335
48_20240831 16,3542.6523879095903
48_20240831 17,3556.3606690320744
48_20240831 18,3421.939327741622
48_20240831 19,3423.3840155351463
48_20240831 20,3465.615059952171
48_20240831 21,3445.345571375697
48_20240831 22,3739.445584164278
48_20240831 23,4131.304174785766
49_20240825 00,632.7866043541188
49_20240825 01,610.358987932639
49_20240825 02,613.6362895800172
49_20240825 03,573.5938882686943
49_20240825 04,573.5089875198481
49_20240825 05,575.6241437465718
49_20240825 06,578.1896911295697
49_20240825 07,588.0966934461379
49_20240825 08,567.8215709747368
49_20240825 09,579.8922136247833
49_20240825 10,582.9661120143065
49_20240825 11,648.5515983686292
49_20240825 12,642.0631767676556
49_20240825 13,615.1491091887033
49_20240825 14,688.8164728992942
49_20240825 15,686.6095553819051
49_20240825 16,685.9735506673802
49_20240825 17,691.6906694358349
49_20240825 18,692.6860538630699
49_20240825 19,760.6364840810471
49_20240825 20,678.3414125608263
49_20240825 21,694.3030281451229
49_20240825 22,899.6289721677002
49_20240825 23,897.8111301450609
49_20240826 00,1559.4417538314349
49_20240826 01,1554.9359812776634
49_20240826 02,1581.7527562765808
49_20240826 03,1529.3327507495412
49_20240826 04,1555.018225495285
49_20240826 05,1503.8601945854925
49_20240826 06,1647.6175940052535
49_20240826 07,1719.3109644235108
49_20240826 08,1726.3378840021012
49_20240826 09,1718.5489544346428
49_20240826 10,1637.7046056694155
49_20240826 11,1586.7679554531321
49_20240826 12,1535.7305835072964
49_20240826 13,1547.9439692037552
49_20240826 14,1683.2161731977171
49_20240826 15,1707.1346563842728
49_20240826 16,1791.285233284474
49_20240826 17,1806.8551099548376
49_20240826 18,1719.4019283111434
49_20240826 19,1022.169970517781
49_20240826 20,849.8453960163283
49_20240826 21,847.932867931287
49_20240826 22,1145.8764731987806
49_20240826 23,1210.3452849868154
49_20240827 00,1551.787023765397
49_20240827 01,1541.4944899653983
49_20240827 02,1568.7130047334558
49_20240827 03,1518.2613645901254
49_20240827 04,1518.6474135202016
49_20240827 05,1474.4312236253306
49_20240827 06,1671.2100669941074
49_20240827 07,1646.840488326086
49_20240827 08,1641.593570930453
49_20240827 09,1511.155690608556
49_20240827 10,1556.394955249202
49_20240827 11,1480.545819568882
49_20240827 12,1457.812415918423
49_20240827 13,1468.0126523663957
49_20240827 14,1532.3434159272817
49_20240827 15,1570.5276394809791
49_20240827 16,1595.4997684673704
49_20240827 17,1631.8054178161008
49_20240827 18,1518.152918363291
49_20240827 19,1055.539766213262
49_20240827 20,829.4321969766711
49_20240827 21,856.8939255131344
49_20240827 22,1151.3274167131365
49_20240827 23,1133.941790071328
49_20240828 00,1349.6242601996346
49_20240828 01,1347.9694117075512
49_20240828 02,1361.8954610764633
49_20240828 03,1260.8563394168602
49_20240828 04,1328.6335832807972
49_20240828 05,1247.0987596124942
49_20240828 06,1355.1480983397648
49_20240828 07,1439.5846933483976
49_20240828 08,1429.210646675862
49_20240828 09,1535.0637799979104
49_20240828 10,1488.5694920453102
49_20240828 11,1442.4610913876763
49_20240828 12,1424.4039933980528
49_20240828 13,1574.9562040347603
49_20240828 14,1646.4635741507086
49_20240828 15,1654.4100663082065
49_20240828 16,1798.4012904084534
49_20240828 17,1756.6315447668899
49_20240828 18,1704.9511033560818
49_20240828 19,1135.9411517615058
49_20240828 20,865.3912964189881
49_20240828 21,870.0118256662735
49_20240828 22,1054.0097490418875
49_20240828 23,1124.9027205075968
49_20240829 00,1104.7090465194008
49_20240829 01,1230.639617476251
49_20240829 02,1186.2104919727565
49_20240829 03,1125.934172217681
49_20240829 04,1158.5253531286426
49_20240829 05,1192.5332752904242
49_20240829 06,1204.8352325456676
49_20240829 07,1193.6937423847316
49_20240829 08,940.8475317627122
49_20240829 09,942.6183640359767
49_20240829 10,998.9762540003168
49_20240829 11,1100.1718321920991
49_20240829 12,1233.2315146922263
49_20240829 13,1196.3596533217976
49_20240829 14,1274.8695771831433
49_20240829 15,1287.4965166580005
49_20240829 16,1385.503618459804
49_20240829 17,1343.74764355991
49_20240829 18,1342.422967450639
49_20240829 19,998.9630515871371
49_20240829 20,819.2822981373675
49_20240829 21,726.2870747628316
49_20240829 22,1000.4637350595848
49_20240829 23,1064.895600688873
49_20240830 00,1260.9168603924932
49_20240830 01,1298.2056642286093
49_20240830 02,1308.4402164182798
49_20240830 03,1236.4754797534024
49_20240830 04,1293.7041961988987
49_20240830 05,1326.650418881764
49_20240830 06,1467.4435376607003
49_20240830 07,1582.68102377362
49_20240830 08,1522.3186564115883
49_20240830 09,1515.1375129299736
49_20240830 10,1508.4441769201371
49_20240830 11,1463.7760822465168
49_20240830 12,1527.0898301991076
49_20240830 13,1588.213010877479
49_20240830 14,1596.11038492273
49_20240830 15,1686.4250353651535
49_20240830 16,1806.9677543646726
49_20240830 17,1743.9296469856827
49_20240830 18,1433.486571300314
49_20240830 19,910.8939672072098
49_20240830 20,679.9372081044872
49_20240830 21,633.9273928985356
49_20240830 22,782.8755040108057
49_20240830 23,893.4395394248535
49_20240831 00,559.6742177887542
49_20240831 01,571.3422273673926
49_20240831 02,555.0675963714556
49_20240831 03,543.5816101739812
49_20240831 04,547.6716586530634
49_20240831 05,547.0171287422958
49_20240831 06,535.9203916780971
49_20240831 07,546.185446276442
49_20240831 08,537.5679927386344
49_20240831 09,532.0537301609073
49_20240831 10,511.1780928226504
49_20240831 11,538.5187072759663
49_20240831 12,535.8507413779336
49_20240831 13,564.9152457618856
49_20240831 14,626.7422937083589
49_20240831 15,602.1847233915884
49_20240831 16,613.2046396534995
49_20240831 17,631.8964245579864
49_20240831 18,553.9178595783196
49_20240831 19,638.4132363045826
49_20240831 20,576.1295797131145
49_20240831 21,569.3352023902551
49_20240831 22,671.6266125751721
49_20240831 23,673.1571073895282
50_20240825 00,1530.265002403954
50_20240825 01,1528.342317161202
50_20240825 02,1506.2329236685596
50_20240825 03,1533.3571852991956
50_20240825 04,1511.0426293222808
50_20240825 05,1498.7265108822144
50_20240825 06,1484.3961899922328
50_20240825 07,1436.277622679604
50_20240825 08,1222.39342379386
50_20240825 09,1110.4285521458812
50_20240825 10,1012.3654269797711
50_20240825 11,1017.2381421253582
50_20240825 12,1072.2442024565667
50_20240825 13,1119.47810767449
50_20240825 14,1136.0842030288065
50_20240825 15,1164.486263394972
50_20240825 16,1248.0897632039316
50_20240825 17,1329.3917927559905
50_20240825 18,1357.1226853194678
50_20240825 19,1551.3730276366266
50_20240825 20,1550.5362925930015
50_20240825 21,1536.2420403301362
50_20240825 22,1543.5724619282282
50_20240825 23,1552.31566229525
50_20240826 00,1716.5263964471621
50_20240826 01,1714.5536525445984
50_20240826 02,1694.693776938938
50_20240826 03,1669.8027805094546
50_20240826 04,1721.689874220544
50_20240826 05,1782.6685006526698
50_20240826 06,2172.1167361557905
50_20240826 07,2346.4453465960605
50_20240826 08,2498.4533872365937
50_20240826 09,2620.2490735808938
50_20240826 10,2512.3585296338592
50_20240826 11,2337.0416469915563
50_20240826 12,2411.5888016163453
50_20240826 13,2281.9832551646127
50_20240826 14,2342.0767276871898
50_20240826 15,2381.544527396121
50_20240826 16,2447.9306741721143
50_20240826 17,2443.07729194787
50_20240826 18,2107.9583392385243
50_20240826 19,1828.7224148735534
50_20240826 20,1692.884167900657
50_20240826 21,1688.2525623967351
50_20240826 22,1660.583450635493
50_20240826 23,1682.5689896311517
50_20240827 00,1718.6568939111557
50_20240827 01,1705.8694019086627
50_20240827 02,1691.7150524402684
50_20240827 03,1642.5009204512878
50_20240827 04,1731.5243863468781
50_20240827 05,1817.278054291437
50_20240827 06,2204.7438773102967
50_20240827 07,2376.8629526124396
50_20240827 08,2521.655908924473
50_20240827 09,2634.4179314390326
50_20240827 10,2601.275610436342
50_20240827 11,2502.3452992823513
50_20240827 12,2417.9774531370717
50_20240827 13,2445.7677741847683
50_20240827 14,2487.6015744441956
50_20240827 15,2532.3091122666333
50_20240827 16,2566.955763553988
50_20240827 17,2533.066467791424
50_20240827 18,2190.1246126824026
50_20240827 19,1777.8459422758697
50_20240827 20,1629.3090222003889
50_20240827 21,1602.4740717894667
50_20240827 22,1587.1402158729761
50_20240827 23,1627.8471439033394
50_20240828 00,1588.7056783240146
50_20240828 01,1581.2861336536396
50_20240828 02,1579.078020832439
50_20240828 03,1567.1280103891468
50_20240828 04,1564.763531395285
50_20240828 05,1686.8591334379084
50_20240828 06,2030.255183417225
50_20240828 07,2192.450097640766
50_20240828 08,2403.140384994514
50_20240828 09,2428.7677608978606
50_20240828 10,2324.744410670145
50_20240828 11,2329.6760131960723
50_20240828 12,2329.1626193061684
50_20240828 13,2356.1208531336224
50_20240828 14,2393.8671779961956
50_20240828 15,2462.766803485753
50_20240828 16,2440.9567503325175
50_20240828 17,2429.9360308875193
50_20240828 18,1987.1058009888538
50_20240828 19,1737.064727590419
50_20240828 20,1608.3109482989244
50_20240828 21,1581.5890911966342
50_20240828 22,1595.698502711037
50_20240828 23,1653.9250167765772
50_20240829 00,1611.0959714684404
50_20240829 01,1610.2347669859682
50_20240829 02,1585.226818131166
50_20240829 03,1577.8836145515402
50_20240829 04,1591.6830890115393
50_20240829 05,1685.56602786735
50_20240829 06,2066.2379287493204
50_20240829 07,2184.8220385982413
50_20240829 08,2198.5745953833957
50_20240829 09,2017.356390457589
50_20240829 10,2024.9186068278104
50_20240829 11,2010.1317401725344
50_20240829 12,1912.9200737955055
50_20240829 13,2037.2677508595505
50_20240829 14,1878.5961217710883
50_20240829 15,1868.1072701615863
50_20240829 16,1857.6813769147625
50_20240829 17,1904.1245370259287
50_20240829 18,1874.6228080458322
50_20240829 19,1725.4156748331225
50_20240829 20,1678.75900453887
50_20240829 21,1650.5771156621734
50_20240829 22,1663.1623221359625
50_20240829 23,1688.8566914500832
50_20240830 00,1662.5865055862234
50_20240830 01,1649.7248789693297
50_20240830 02,1625.4380181429785
50_20240830 03,1616.0564572346516
50_20240830 04,1625.5417259978237
50_20240830 05,1684.8253810362005
50_20240830 06,1976.8852245069193
50_20240830 07,2142.5840516438534
50_20240830 08,2271.0683565143077
50_20240830 09,2232.572145534476
50_20240830 10,2237.356561693996
50_20240830 11,2181.5943092668635
50_20240830 12,2162.30182309784
50_20240830 13,2173.4122415386228
50_20240830 14,2246.709795617714
50_20240830 15,2257.352029187324
50_20240830 16,2231.3519904902128
50_20240830 17,2276.4020062026552
50_20240830 18,2046.787725762937
50_20240830 19,1730.7844858531619
50_20240830 20,1624.5268093645911
50_20240830 21,1549.2102504007469
50_20240830 22,1545.9280198205201
50_20240830 23,1524.5703694157728
50_20240831 00,1464.5014069349352
50_20240831 01,1434.2374394914086
50_20240831 02,1451.9292767286197
50_20240831 03,1426.736663028228
50_20240831 04,1406.7306590248502
50_20240831 05,1415.1218780308297
50_20240831 06,1372.044601171955
50_20240831 07,1311.4274384480095
50_20240831 08,1186.0160407610567
50_20240831 09,987.8358347180497
50_20240831 10,986.230976956965
50_20240831 11,944.4603666661756
50_20240831 12,1076.8896669825435
50_20240831 13,1134.569432449104
50_20240831 14,1152.8605765098416
50_20240831 15,1195.4148974532532
50_20240831 16,1272.311067599212
50_20240831 17,1276.2404645413487
50_20240831 18,1359.1262560380446
50_20240831 19,1422.6026016154142
50_20240831 20,1458.8493252273258
50_20240831 21,1426.4886393524305
50_20240831 22,1455.0386916422417
50_20240831 23,1471.2329934947209
51_20240825 00,3241.584446188799
51_20240825 01,3220.1987657944806
51_20240825 02,3207.3071231941612
51_20240825 03,3179.3184605692704
51_20240825 04,3174.68877235433
51_20240825 05,3171.471461040508
51_20240825 06,3166.7883813603476
51_20240825 07,3172.9920080593024
51_20240825 08,3251.0572335005268
51_20240825 09,3276.288706703048
51_20240825 10,3294.231264730523
51_20240825 11,3308.192113776644
51_20240825 12,3309.060311763987
51_20240825 13,3309.9594718903795
51_20240825 14,3311.2558535766257
51_20240825 15,3304.105350808028
51_20240825 16,3283.2703597448753
51_20240825 17,3282.073643677217
51_20240825 18,3276.3696475213487
51_20240825 19,3259.4006286907047
51_20240825 20,3251.464397543219
51_20240825 21,3261.585559415085
51_20240825 22,3249.0863256145126
51_20240825 23,3256.413790706678
51_20240826 00,3305.3595836191453
51_20240826 01,3294.169293521961
51_20240826 02,3276.9466936690164
51_20240826 03,3297.5732605353037
51_20240826 04,3287.555570132224
51_20240826 05,3274.5313263726985
51_20240826 06,3271.9929429598187
51_20240826 07,3322.146356878786
51_20240826 08,3364.649487172027
51_20240826 09,3435.0222083071358
51_20240826 10,3464.918770553177
51_20240826 11,3455.972368111344
51_20240826 12,3496.810881861915
51_20240826 13,3497.143440407
51_20240826 14,3501.1145965906653
51_20240826 15,3501.3488342689216
51_20240826 16,3496.824987520693
51_20240826 17,3459.074662540193
51_20240826 18,3443.0049694293134
51_20240826 19,3332.570427449287
51_20240826 20,3304.4575869563223
51_20240826 21,3318.5959215624366
51_20240826 22,3317.643608905665
51_20240826 23,3307.083242556993
51_20240827 00,3305.492157409938
51_20240827 01,3305.2522930305013
51_20240827 02,3309.648813049242
51_20240827 03,3307.0962913333897
51_20240827 04,3302.4370617526856
51_20240827 05,3296.5064205583476
51_20240827 06,3301.5156615115075
51_20240827 07,3330.862754605832
51_20240827 08,3353.6218963806323
51_20240827 09,3387.167665932344
51_20240827 10,3390.0046617162075
51_20240827 11,3348.873592705187
51_20240827 12,3356.2132456030727
51_20240827 13,3391.4067911490706
51_20240827 14,3406.5206874634687
51_20240827 15,3419.429529697233
51_20240827 16,3449.088146272526
51_20240827 17,3450.7605867881466
51_20240827 18,3442.28428732696
51_20240827 19,3329.281659773006
51_20240827 20,3308.708854914423
51_20240827 21,3315.986382619023
51_20240827 22,3313.409589939924
51_20240827 23,3299.7322774281342
51_20240828 00,3272.070781955951
51_20240828 01,3240.721375990678
51_20240828 02,3230.5495919654304
51_20240828 03,3218.344319015812
51_20240828 04,3216.236220830625
51_20240828 05,3182.351468476609
51_20240828 06,3182.6291586266557
51_20240828 07,3229.115241398905
51_20240828 08,3340.971949696472
51_20240828 09,3390.184874545948
51_20240828 10,3445.59041798339
51_20240828 11,3398.8083243382025
51_20240828 12,3435.920107964809
51_20240828 13,3441.8671243605
51_20240828 14,3439.1125739709673
51_20240828 15,3429.1812406379304
51_20240828 16,3445.755626922216
51_20240828 17,3443.358876866482
51_20240828 18,3436.6988278318836
51_20240828 19,3401.862089577237
51_20240828 20,3361.0744173130056
51_20240828 21,3360.271256278011
51_20240828 22,3352.973597579419
51_20240828 23,3309.300356494521
51_20240829 00,3284.276204411299
51_20240829 01,3281.48942772285
51_20240829 02,3282.7747757645316
51_20240829 03,3268.9508735696963
51_20240829 04,3202.138206409755
51_20240829 05,3202.095492020753
51_20240829 06,3201.462960719387
51_20240829 07,3264.153734865635
51_20240829 08,3339.7148799262864
51_20240829 09,3396.464847352957
51_20240829 10,3443.8661086546344
51_20240829 11,3422.340699666778
51_20240829 12,3452.1767042599563
51_20240829 13,3439.1125739709673
51_20240829 14,3428.42279197089
51_20240829 15,3417.528732539687
51_20240829 16,3445.591265959565
51_20240829 17,3458.051859343222
51_20240829 18,3459.2127898316517
51_20240829 19,3382.330377817052
51_20240829 20,3355.112353883265
51_20240829 21,3331.8788743467785
51_20240829 22,3302.666847417918
51_20240829 23,3288.668050869975
51_20240830 00,3284.56654565618
51_20240830 01,3281.332965381965
51_20240830 02,3255.7269873724135
51_20240830 03,3212.503570858862
51_20240830 04,3210.602189933375
51_20240830 05,3202.6831332779907
51_20240830 06,3210.180156581881
51_20240830 07,3286.9652113706043
51_20240830 08,3362.333099560307
51_20240830 09,3454.5248161529944
51_20240830 10,3494.6939936806994
51_20240830 11,3437.6873854445694
51_20240830 12,3439.4893403889623
51_20240830 13,3441.90284943427
51_20240830 14,3415.878990157877
51_20240830 15,3432.8259075109286
51_20240830 16,3469.0798410085513
51_20240830 17,3489.755399068503
51_20240830 18,3444.669550527874
51_20240830 19,3312.8163726749576
51_20240830 20,3300.495175074893
51_20240830 21,3291.8924671698137
51_20240830 22,3278.4411766393973
51_20240830 23,3232.2741701778614
51_20240831 00,3194.50920895089
51_20240831 01,3190.6727253274717
51_20240831 02,3185.4817141918425
51_20240831 03,3173.3324858434657
51_20240831 04,3164.5954120911592
51_20240831 05,3162.143776484003
51_20240831 06,3156.343550879991
51_20240831 07,3158.6231301006183
51_20240831 08,3210.777321261431
51_20240831 09,3250.881555130087
51_20240831 10,3275.582782678471
51_20240831 11,3290.5300908030813
51_20240831 12,3283.93678085434
51_20240831 13,3340.0881482791297
51_20240831 14,3341.47401186774
51_20240831 15,3344.890698585678
51_20240831 16,3341.8076270625534
51_20240831 17,3347.4150079429924
51_20240831 18,3287.354624507543
51_20240831 19,3276.858847585868
51_20240831 20,3272.7910855389864
51_20240831 21,3265.1509981568634
51_20240831 22,3237.8769455335014
51_20240831 23,3200.9544734560345
52_20240825 00,4866.58089819488
52_20240825 01,4995.971382473262
52_20240825 02,5052.5692493759225
52_20240825 03,5051.503388709179
52_20240825 04,5048.631377642011
52_20240825 05,5048.279260494403
52_20240825 06,5021.338654606089
52_20240825 07,5058.259214845339
52_20240825 08,5067.612352626033
52_20240825 09,5055.423883066527
52_20240825 10,5061.696025375596
52_20240825 11,5070.2867983278165
52_20240825 12,5069.407400351838
52_20240825 13,5069.801434827998
52_20240825 14,5071.333031846483
52_20240825 15,5066.066811255581
52_20240825 16,5055.293790982177
52_20240825 17,5052.1838084250585
52_20240825 18,5053.629253672092
52_20240825 19,5060.581887066381
52_20240825 20,5064.875269848651
52_20240825 21,5055.202084463097
52_20240825 22,5041.77448825218
52_20240825 23,5001.5190554496
52_20240826 00,4972.216555676912
52_20240826 01,4977.514583235745
52_20240826 02,4998.631303079752
52_20240826 03,5081.989347497523
52_20240826 04,4962.79474877716
52_20240826 05,5072.147376824888
52_20240826 06,5074.207184453345
52_20240826 07,4717.851303582492
52_20240826 08,5131.215283791774
52_20240826 09,5154.829682895623
52_20240826 10,5144.794018547722
52_20240826 11,5149.2303141255425
52_20240826 12,5158.858062329802
52_20240826 13,5155.864945106167
52_20240826 14,5154.900482346891
52_20240826 15,5157.401895285602
52_20240826 16,5136.454582441712
52_20240826 17,5125.376797001589
52_20240826 18,5102.00374556778
52_20240826 19,5088.079833534772
52_20240826 20,5085.774414738064
52_20240826 21,5085.562010737095
52_20240826 22,5090.912734358565
52_20240826 23,5095.028376917162
52_20240827 00,5111.32667485125
52_20240827 01,5112.948091335488
52_20240827 02,5101.834778979683
52_20240827 03,4967.417173133058
52_20240827 04,4959.222983792295
52_20240827 05,5081.095856646247
52_20240827 06,5085.198888157351
52_20240827 07,4970.3211927686825
52_20240827 08,5100.364610998847
52_20240827 09,5141.338996450509
52_20240827 10,5114.224703940101
52_20240827 11,5111.946486998165
52_20240827 12,5113.607273107468
52_20240827 13,5118.877041377575
52_20240827 14,5150.749232367271
52_20240827 15,5148.456527628572
52_20240827 16,5131.169562224723
52_20240827 17,5129.7476391943865
52_20240827 18,5106.916902464812
52_20240827 19,5098.040707727461
52_20240827 20,5095.659297622797
52_20240827 21,5073.280866439539
52_20240827 22,4949.96448410453
52_20240827 23,5074.139341865608
52_20240828 00,5055.170173177766
52_20240828 01,5058.333270839607
52_20240828 02,5043.029899096379
52_20240828 03,5037.60983497739
52_20240828 04,5035.7284439597715
52_20240828 05,5028.376407942989
52_20240828 06,5029.00018805658
52_20240828 07,5053.083689928602
52_20240828 08,5091.338162051706
52_20240828 09,5134.702206402817
52_20240828 10,5111.821016261853
52_20240828 11,5107.229448853805
52_20240828 12,5115.512482011369
52_20240828 13,5122.074650260428
52_20240828 14,5120.206814213665
52_20240828 15,5116.516920816238
52_20240828 16,5119.752130045862
52_20240828 17,5116.69705355361
52_20240828 18,5098.720703360019
52_20240828 19,5094.222195464431
52_20240828 20,5091.456961910214
52_20240828 21,5091.139214733053
52_20240828 22,5106.822331726228
52_20240828 23,5127.008469075825
52_20240829 00,5120.810694540271
52_20240829 01,5085.8387389211875
52_20240829 02,5070.276322727008
52_20240829 03,5053.744587920227
52_20240829 04,5037.046803457157
52_20240829 05,5037.395609638304
52_20240829 06,5039.415695678514
52_20240829 07,5063.306054287502
52_20240829 08,5117.8390562065915
52_20240829 09,5133.802786044934
52_20240829 10,5136.60362786586
52_20240829 11,5107.53886577866
52_20240829 12,5117.809660115035
52_20240829 13,5120.408340934409
52_20240829 14,5116.478790197213
52_20240829 15,5111.604203831538
52_20240829 16,5120.251651373105
52_20240829 17,5117.576408010415
52_20240829 18,5100.806853185475
52_20240829 19,5095.411556379659
52_20240829 20,5091.308331601299
52_20240829 21,5088.099482744077
52_20240829 22,5113.466601030924
52_20240829 23,5126.7415113319
52_20240830 00,5099.547880510675
52_20240830 01,5087.011349392524
52_20240830 02,5052.755042784699
52_20240830 03,5038.311977588003
52_20240830 04,5051.8372537988835
52_20240830 05,4975.416368496214
52_20240830 06,5042.280071650063
52_20240830 07,5073.391691690148
52_20240830 08,5126.206521768243
52_20240830 09,5137.144306529729
52_20240830 10,5127.06555176418
52_20240830 11,5116.319853088566
52_20240830 12,5122.515163652919
52_20240830 13,5121.254338634189
52_20240830 14,5108.85481567296
52_20240830 15,5118.245913315675
52_20240830 16,5121.539878379802
52_20240830 17,5119.478111144053
52_20240830 18,5099.822628935282
52_20240830 19,5089.3822632125775
52_20240830 20,5087.575922512093
52_20240830 21,5049.558696969928
52_20240830 22,5051.77956050711
52_20240830 23,5058.575106167875
52_20240831 00,4878.53261342
52_20240831 01,4891.028417428794
52_20240831 02,5049.368807994442
52_20240831 03,5047.524867598953
52_20240831 04,5057.6309144399875
52_20240831 05,5054.63823847699
52_20240831 06,5028.986115682862
52_20240831 07,5034.297907946711
52_20240831 08,5035.311875769336
52_20240831 09,5034.844445775543
52_20240831 10,5066.53344600735
52_20240831 11,5063.130872455115
52_20240831 12,5055.920942685419
52_20240831 13,5056.985443402279
52_20240831 14,5061.656049167046
52_20240831 15,5063.841440048043
52_20240831 16,5055.628133888873
52_20240831 17,5057.078213292659
52_20240831 18,5053.015980279959
52_20240831 19,5057.33455005579
52_20240831 20,5027.275835702114
52_20240831 21,5024.309499013415
52_20240831 22,5036.326956174079
52_20240831 23,4897.502037462866
53_20240825 00,1489.6076914832086
53_20240825 01,1523.3465335054568
53_20240825 02,1523.4339443233591
53_20240825 03,1491.1788260816363
53_20240825 04,1489.875303644458
53_20240825 05,1506.9548434616859
53_20240825 06,1514.6709038468898
53_20240825 07,1379.3067485522615
53_20240825 08,1491.7498097068424
53_20240825 09,991.8668812325909
53_20240825 10,1345.2407266215307
53_20240825 11,933.5557852971936
53_20240825 12,902.5776667421569
53_20240825 13,1461.231383019513
53_20240825 14,1457.4364230116923
53_20240825 15,1410.9331407145548
53_20240825 16,1060.1924870082353
53_20240825 17,1264.5510696268739
53_20240825 18,1096.4018922470977
53_20240825 19,1353.773698616848
53_20240825 20,1383.0446854856746
53_20240825 21,1421.0819084875493
53_20240825 22,1461.7313528411632
53_20240825 23,1480.1709465148115
53_20240826 00,1300.9564618904938
53_20240826 01,1300.4142759225515
53_20240826 02,1303.1830550610198
53_20240826 03,1298.7801612190706
53_20240826 04,1314.3767796738764
53_20240826 05,1341.5659713483758
53_20240826 06,1437.0169993746626
53_20240826 07,1566.8069087782146
53_20240826 08,1738.9373450094229
53_20240826 09,1856.4902535520055
53_20240826 10,2023.024525751216
53_20240826 11,2042.9947266337908
53_20240826 12,2114.9240379486755
53_20240826 13,2052.8219110447594
53_20240826 14,2058.921880597342
53_20240826 15,2150.6264702460862
53_20240826 16,2130.9551160278625
53_20240826 17,2080.7362837533965
53_20240826 18,1919.1079696599486
53_20240826 19,1647.3292380048974
53_20240826 20,1580.0894604758828
53_20240826 21,1579.1093285024713
53_20240826 22,1540.1671071011851
53_20240826 23,1507.971886584794
53_20240827 00,1608.850164059783
53_20240827 01,1578.4415075275456
53_20240827 02,1612.2131247343304
53_20240827 03,1631.142878844728
53_20240827 04,1631.4995234952833
53_20240827 05,1632.2066004554738
53_20240827 06,1735.0515010027138
53_20240827 07,1787.7650576360772
53_20240827 08,1917.2190005970758
53_20240827 09,1728.570261088591
53_20240827 10,1951.1560568421603
53_20240827 11,2103.3821975060546
53_20240827 12,2105.29867078712
53_20240827 13,2128.7048451793667
53_20240827 14,2109.065754076633
53_20240827 15,2140.9017547015055
53_20240827 16,2167.3917157618316
53_20240827 17,2071.966167188829
53_20240827 18,1896.6601638835823
53_20240827 19,1749.0598245204237
53_20240827 20,1578.4578606609334
53_20240827 21,1633.3105338580622
53_20240827 22,1641.7285879661904
53_20240827 23,1557.3630533440253
53_20240828 00,1556.488278209368
53_20240828 01,1552.2683483945184
53_20240828 02,1506.9043058675538
53_20240828 03,1500.7230656002898
53_20240828 04,1589.190199884898
53_20240828 05,1580.0065919082356
53_20240828 06,1528.510880723969
53_20240828 07,1660.517430426447
53_20240828 08,1806.4924038666936
53_20240828 09,1954.0815646748242
53_20240828 10,2056.5066100863473
53_20240828 11,1883.0737428610078
53_20240828 12,2003.8369829343158
53_20240828 13,2061.9843140623943
53_20240828 14,2059.8666543558334
53_20240828 15,2058.5705363214925
53_20240828 16,2070.45521267915
53_20240828 17,1919.5344656522964
53_20240828 18,1810.691790419334
53_20240828 19,1767.0828014266367
53_20240828 20,1710.0020209604963
53_20240828 21,1690.373336775771
53_20240828 22,1635.0011893548858
53_20240828 23,1576.03032499145
53_20240829 00,1552.1027320912838
53_20240829 01,1506.9088339275256
53_20240829 02,1495.9773951185164
53_20240829 03,1493.830166305353
53_20240829 04,1475.1433799055217
53_20240829 05,1487.8073859781746
53_20240829 06,1464.1064043289393
53_20240829 07,1661.255737378365
53_20240829 08,1701.9498682888998
53_20240829 09,1881.2383698602177
53_20240829 10,2045.649558577797
53_20240829 11,1908.4061956391502
53_20240829 12,1949.6567838375704
53_20240829 13,1989.6971099440063
53_20240829 14,2010.0957343482428
53_20240829 15,2003.0871885485624
53_20240829 16,1963.7586534121856
53_20240829 17,1870.0675364669028
53_20240829 18,1789.779823590837
53_20240829 19,1745.2535515147258
53_20240829 20,1682.3468927465763
53_20240829 21,1673.3358651860087
53_20240829 22,1595.9903099703538
53_20240829 23,1557.426101380073
53_20240830 00,1518.9138132768026
53_20240830 01,1477.418369754674
53_20240830 02,1544.9116132924423
53_20240830 03,1408.185740187196
53_20240830 04,1590.354885350641
53_20240830 05,1581.1407902821813
53_20240830 06,1710.195282595819
53_20240830 07,1701.8322889977135
53_20240830 08,1603.1223537933781
53_20240830 09,1972.8070567789207
53_20240830 10,1965.7014662988684
53_20240830 11,1928.9066577894334
53_20240830 12,1903.2064187669946
53_20240830 13,1993.4279782735007
53_20240830 14,2002.4017215148378
53_20240830 15,1998.512658830281
53_20240830 16,2008.6881533294782
53_20240830 17,1971.896253210156
53_20240830 18,1882.960656770405
53_20240830 19,1668.9337377856195
53_20240830 20,1539.0361937223824
53_20240830 21,1507.5183036141493
53_20240830 22,1625.8452088288127
53_20240830 23,1642.529033518466
53_20240831 00,1508.6647113023448
53_20240831 01,1372.7694777437455
53_20240831 02,1277.7575069814684
53_20240831 03,1068.6721165025283
53_20240831 04,1186.4610470369842
53_20240831 05,1076.609819406093
53_20240831 06,1138.4786376420054
53_20240831 07,923.9883898476392
53_20240831 08,1300.0624096306365
53_20240831 09,1101.763749032181
53_20240831 10,826.0599199142175
53_20240831 11,809.6011064062185
53_20240831 12,1334.0639373156762
53_20240831 13,1504.8145210647544
53_20240831 14,1497.5350179690697
53_20240831 15,1548.5402454922362
53_20240831 16,1471.7937133496196
53_20240831 17,1520.439852222557
53_20240831 18,1409.9991653643306
53_20240831 19,1279.6955479593637
53_20240831 20,1118.1325625488814
53_20240831 21,1348.7621387637937
53_20240831 22,1429.7132115883978
53_20240831 23,1403.8633875155172
54_20240825 00,3503.7800339620985
54_20240825 01,3331.9477231442133
54_20240825 02,2810.547327755731
54_20240825 03,2578.361516376703
54_20240825 04,2111.312697565228
54_20240825 05,1583.101372056354
54_20240825 06,924.6666428247133
54_20240825 07,974.5655906624027
54_20240825 08,1390.2763318975706
54_20240825 09,2108.5200666062797
54_20240825 10,3990.9411653289367
54_20240825 11,4663.21045565667
54_20240825 12,4622.039741177211
54_20240825 13,4681.583354651778
54_20240825 14,4582.6795525659145
54_20240825 15,4124.176720324988
54_20240825 16,4277.622484533448
54_20240825 17,4240.249482595748
54_20240825 18,4200.891213857794
54_20240825 19,3638.669035863615
54_20240825 20,3059.3831819555944
54_20240825 21,1675.7097050483376
54_20240825 22,2440.422282460522
54_20240825 23,3479.221694377034
54_20240826 00,3359.4199658660514
54_20240826 01,3204.38155899731
54_20240826 02,2728.3860702412726
54_20240826 03,2500.5704601054254
54_20240826 04,2215.640010256879
54_20240826 05,1605.6923882003177
54_20240826 06,956.0342697567983
54_20240826 07,1039.4146124085596
54_20240826 08,1387.831037878591
54_20240826 09,2058.170612498687
54_20240826 10,3224.482228171404
54_20240826 11,3575.75021720781
54_20240826 12,3342.109879774827
54_20240826 13,3330.6312835117715
54_20240826 14,3457.5379407833448
54_20240826 15,3414.205872534467
54_20240826 16,3154.127653396961
54_20240826 17,3143.354448586092
54_20240826 18,3170.0830246088503
54_20240826 19,2831.997184942347
54_20240826 20,2510.4803087103032
54_20240826 21,1561.9116194475826
54_20240826 22,2326.1878760656923
54_20240826 23,3240.938457642065
54_20240827 00,2802.2936922630156
54_20240827 01,2658.653925509204
54_20240827 02,2346.971289542852
54_20240827 03,2145.6770768730603
54_20240827 04,1885.6370001334196
54_20240827 05,1391.078713999189
54_20240827 06,848.2636782952688
54_20240827 07,958.0019927766241
54_20240827 08,1467.9527937204075
54_20240827 09,2064.932655141875
54_20240827 10,3325.8194331201876
54_20240827 11,3945.1127535832397
54_20240827 12,4071.5288754644303
54_20240827 13,4015.887032314196
54_20240827 14,3966.178562762409
54_20240827 15,3867.411139444924
54_20240827 16,4111.105482654592
54_20240827 17,4000.565182693305
54_20240827 18,3866.4010411524905
54_20240827 19,3195.888878588312
54_20240827 20,2573.3347005963033
54_20240827 21,1468.8381273475577
54_20240827 22,2247.0273335029574
54_20240827 23,2794.0338991530525
54_20240828 00,3106.6193750594985
54_20240828 01,2886.8268885557322
54_20240828 02,2301.546424874455
54_20240828 03,1949.9990286177585
54_20240828 04,1626.6775931074264
54_20240828 05,1220.290956908644
54_20240828 06,770.0191795055009
54_20240828 07,943.2728517227335
54_20240828 08,1351.656530048169
54_20240828 09,2009.4410179745612
54_20240828 10,3437.441082447199
54_20240828 11,4084.657588129991
54_20240828 12,4164.379516268411
54_20240828 13,4594.820546839292
54_20240828 14,4518.232268325535
54_20240828 15,4323.564779315846
54_20240828 16,4415.7272760857495
54_20240828 17,4087.936544702945
54_20240828 18,3907.556924861992
54_20240828 19,3351.4605373406284
54_20240828 20,2727.5409403921926
54_20240828 21,1563.8077626834956
54_20240828 22,2422.7826826343085
54_20240828 23,3315.430822764974
54_20240829 00,3207.678578493524
54_20240829 01,3069.475244779007
54_20240829 02,2372.726822955975
54_20240829 03,1532.5598883697583
54_20240829 04,1177.497264761845
54_20240829 05,1051.4038596778496
54_20240829 06,784.379241207113
54_20240829 07,915.6482484401973
54_20240829 08,1416.3979172720733
54_20240829 09,2095.0061861941053
54_20240829 10,3338.8631893349066
54_20240829 11,3993.493469091177
54_20240829 12,4195.773601725195
54_20240829 13,4131.0314291337345
54_20240829 14,4165.698532653379
54_20240829 15,4081.8547244737233
54_20240829 16,4159.515431519402
54_20240829 17,4080.765798963957
54_20240829 18,3935.552064452374
54_20240829 19,3383.2793312728486
54_20240829 20,2814.6363502023955
54_20240829 21,1600.8752009473426
54_20240829 22,2387.2659413660917
54_20240829 23,3516.400178229079
54_20240830 00,3464.471622745355
54_20240830 01,3270.3687163208583
54_20240830 02,2814.544071918425
54_20240830 03,2445.5128167365706
54_20240830 04,1993.6476069929126
54_20240830 05,1414.4430432506826
54_20240830 06,791.5920627057654
54_20240830 07,927.7238419157113
54_20240830 08,1369.030396626124
54_20240830 09,2025.7216320756631
54_20240830 10,3362.289390469589
54_20240830 11,3996.173355195529
54_20240830 12,4099.055883846899
54_20240830 13,4144.946212422246
54_20240830 14,4120.364107921976
54_20240830 15,4010.2247601798067
54_20240830 16,4001.321723774086
54_20240830 17,4100.561861950016
54_20240830 18,3970.0617937143634
54_20240830 19,3324.4375540881597
54_20240830 20,2668.825539056127
54_20240830 21,1529.8400185719938
54_20240830 22,2436.4208084610277
54_20240830 23,3348.168569715359
54_20240831 00,3230.750537316458
54_20240831 01,3224.147152589003
54_20240831 02,2609.372110970785
54_20240831 03,1720.1539876532552
54_20240831 04,1102.8360671246273
54_20240831 05,803.181182672037
54_20240831 06,673.1153541930032
54_20240831 07,868.4316158148591
54_20240831 08,1307.3292039635865
54_20240831 09,1999.9113653316608
54_20240831 10,3585.4074608740552
54_20240831 11,4456.279719085954
54_20240831 12,4307.553167706111
54_20240831 13,4592.198227110567
54_20240831 14,4416.753451316088
54_20240831 15,4256.358922479109
54_20240831 16,4108.097984310519
54_20240831 17,4049.5613617226304
54_20240831 18,3955.9649391840476
54_20240831 19,3484.3578011346417
54_20240831 20,2766.089821217805
54_20240831 21,1574.0823648993771
54_20240831 22,2514.655273689989
54_20240831 23,3407.0560987628924
55_20240825 00,8958.296048078055
55_20240825 01,8948.55571674363
55_20240825 02,8780.381761799837
55_20240825 03,8648.72192721231
55_20240825 04,8444.310045721786
55_20240825 05,8273.001538613606
55_20240825 06,8272.793476965695
55_20240825 07,8415.20683091651
55_20240825 08,8416.523492296688
55_20240825 09,8636.367138315356
55_20240825 10,8800.663552541955
55_20240825 11,8984.931991889682
55_20240825 12,9342.23116900048
55_20240825 13,9328.92912890908
55_20240825 14,9360.151623778987
55_20240825 15,9532.122951279816
55_20240825 16,9516.215464295716
55_20240825 17,9532.72012189414
55_20240825 18,9340.777229260057
55_20240825 19,9221.061980235203
55_20240825 20,9221.679635345496
55_20240825 21,9135.302702601304
55_20240825 22,9032.86016194093
55_20240825 23,9019.36851071542
55_20240826 00,9393.246127845783
55_20240826 01,9291.505930569272
55_20240826 02,8989.877742365863
55_20240826 03,8890.096523404665
55_20240826 04,8727.60293219604
55_20240826 05,8721.99611712289
55_20240826 06,8760.984963949591
55_20240826 07,8781.254540035212
55_20240826 08,9127.3311701752
55_20240826 09,10307.155310240943
55_20240826 10,10359.283159373384
55_20240826 11,10155.906214331188
55_20240826 12,10837.512274768247
55_20240826 13,11119.228702707118
55_20240826 14,11060.59601059849
55_20240826 15,10989.09957284202
55_20240826 16,11279.7913139453
55_20240826 17,11131.317162007586
55_20240826 18,10713.78974032476
55_20240826 19,10165.673029268444
55_20240826 20,10050.41603548888
55_20240826 21,9845.145141814031
55_20240826 22,9652.478130672402
55_20240826 23,9434.493991285783
55_20240827 00,9390.073287342382
55_20240827 01,9300.604706197564
55_20240827 02,9070.49927120822
55_20240827 03,9047.80782992256
55_20240827 04,8830.460733494645
55_20240827 05,8807.117854374446
55_20240827 06,8811.866555511031
55_20240827 07,8915.362037957862
55_20240827 08,9138.840302641285
55_20240827 09,10082.772523950587
55_20240827 10,10425.106343971045
55_20240827 11,10176.280309048814
55_20240827 12,9961.490112062242
55_20240827 13,9999.860346871179
55_20240827 14,9992.501088796413
55_20240827 15,9950.27485362728
55_20240827 16,9813.828668934028
55_20240827 17,9563.383604174122
55_20240827 18,9481.632809168244
55_20240827 19,9443.957715745099
55_20240827 20,9416.330473520908
55_20240827 21,9439.355649615996
55_20240827 22,9316.629974238413
55_20240827 23,9262.994959728483
55_20240828 00,9186.297794937016
55_20240828 01,8819.366496873425
55_20240828 02,8739.515416764678
55_20240828 03,8762.962902249976
55_20240828 04,8603.220168867592
55_20240828 05,8670.809734386525
55_20240828 06,8670.769063298043
55_20240828 07,8739.159354960153
55_20240828 08,8816.026406156512
55_20240828 09,9482.61429983924
55_20240828 10,9591.446758124452
55_20240828 11,9657.636015979451
55_20240828 12,9926.118254480562
55_20240828 13,9925.670897109345
55_20240828 14,9987.647433027661
55_20240828 15,9957.79802308601
55_20240828 16,10123.151023977045
55_20240828 17,10056.367973314109
55_20240828 18,10088.612228826885
55_20240828 19,9687.40681651725
55_20240828 20,9699.7387801161
55_20240828 21,9577.844354048424
55_20240828 22,9519.888086125815
55_20240828 23,9361.183155995024
55_20240829 00,9331.78307724156
55_20240829 01,9288.285321857014
55_20240829 02,9061.569428248336
55_20240829 03,9023.012644195875
55_20240829 04,8876.241568522493
55_20240829 05,8886.345015860254
55_20240829 06,8884.18022505522
55_20240829 07,9063.241826629188
55_20240829 08,9229.775126176524
55_20240829 09,10068.996032525829
55_20240829 10,10419.779197978425
55_20240829 11,10266.37197059962
55_20240829 12,10266.071817470778
55_20240829 13,10373.967681288126
55_20240829 14,10396.166912349032
55_20240829 15,10262.705050579882
55_20240829 16,10549.963454038738
55_20240829 17,10417.014919616196
55_20240829 18,10342.537902433525
55_20240829 19,9690.059680163109
55_20240829 20,9686.487331120074
55_20240829 21,9691.351759243345
55_20240829 22,9592.24260525436
55_20240829 23,9327.597295925321
55_20240830 00,9368.980530240517
55_20240830 01,9336.040525545863
55_20240830 02,9156.978269203111
55_20240830 03,9068.690549288887
55_20240830 04,8808.867350048395
55_20240830 05,8719.191312956616
55_20240830 06,8714.462759191789
55_20240830 07,8774.733349073782
55_20240830 08,8769.403127135785
55_20240830 09,9617.419830737059
55_20240830 10,9767.136302625848
55_20240830 11,9750.040242492627
55_20240830 12,10013.872027756803
55_20240830 13,10189.802330765133
55_20240830 14,10414.395590299282
55_20240830 15,10619.696369506717
55_20240830 16,10902.055442180665
55_20240830 17,10978.391990574673
55_20240830 18,10502.291265589845
55_20240830 19,9855.322378839151
55_20240830 20,9511.933915334663
55_20240830 21,9252.741225751002
55_20240830 22,9162.280222636684
55_20240830 23,9180.34259747739
55_20240831 00,8734.632217353586
55_20240831 01,8597.607114080483
55_20240831 02,8400.517335179182
55_20240831 03,8310.771496005196
55_20240831 04,8314.196311526384
55_20240831 05,8074.059141389942
55_20240831 06,7938.914050720744
55_20240831 07,8141.086658351736
55_20240831 08,8320.067153123946
55_20240831 09,8258.385393333723
55_20240831 10,8352.263845872896
55_20240831 11,8455.368262986212
55_20240831 12,8684.945808512002
55_20240831 13,8674.435012584892
55_20240831 14,8723.327681370763
55_20240831 15,8872.925199093113
55_20240831 16,9222.570958547329
55_20240831 17,9040.858864597769
55_20240831 18,8885.222065747941
55_20240831 19,8813.017826448806
55_20240831 20,8715.116798833067
55_20240831 21,8712.589399074623
55_20240831 22,8531.87110614389
55_20240831 23,8485.456211231785
56_20240825 00,5551.97301211011
56_20240825 01,5530.390050833621
56_20240825 02,5531.680965848096
56_20240825 03,5493.9793648733375
56_20240825 04,5485.838955089829
56_20240825 05,5484.462111108042
56_20240825 06,5490.51231416796
56_20240825 07,5532.8427090176
56_20240825 08,5562.960819442815
56_20240825 09,5576.922941951382
56_20240825 10,5675.679652908691
56_20240825 11,5727.322905222301
56_20240825 12,5768.830876701253
56_20240825 13,5778.494569822983
56_20240825 14,5778.494569822983
56_20240825 15,5778.325939555785
56_20240825 16,5772.446175729927
56_20240825 17,5760.941387285867
56_20240825 18,5722.714913880287
56_20240825 19,5643.010759693734
56_20240825 20,5598.94223316184
56_20240825 21,5574.230678720336
56_20240825 22,5562.041523649814
56_20240825 23,5559.499123928782
56_20240826 00,5556.682401938888
56_20240826 01,5558.193593505421
56_20240826 02,5561.390814409285
56_20240826 03,5562.530893311994
56_20240826 04,5533.5853511522655
56_20240826 05,5562.530893311994
56_20240826 06,5533.812333554921
56_20240826 07,5534.154397981682
56_20240826 08,5540.872279902676
56_20240826 09,5583.444410099337
56_20240826 10,5721.443150172988
56_20240826 11,5796.749806783972
56_20240826 12,5797.176721331745
56_20240826 13,5838.471219340207
56_20240826 14,5888.994924666871
56_20240826 15,5888.781439313322
56_20240826 16,5835.938578773875
56_20240826 17,5796.125894084395
56_20240826 18,5669.04351257312
56_20240826 19,5628.49830720483
56_20240826 20,5577.764309199046
56_20240826 21,5566.937289011624
56_20240826 22,5569.575997005087
56_20240826 23,5556.923100695257
56_20240827 00,5554.876124450673
56_20240827 01,5563.376956394612
56_20240827 02,5559.446750995886
56_20240827 03,5533.020517989153
56_20240827 04,5538.768326563298
56_20240827 05,5491.6103384827
56_20240827 06,5484.863862955994
56_20240827 07,5486.851193277959
56_20240827 08,5533.749452457003
56_20240827 09,5548.421663388763
56_20240827 10,5586.95187786704
56_20240827 11,5585.706033118579
56_20240827 12,5602.117030256382
56_20240827 13,5716.4837768813295
56_20240827 14,5730.161528465063
56_20240827 15,5758.557913021795
56_20240827 16,5825.55003058017
56_20240827 17,5796.672885958401
56_20240827 18,5722.886962187664
56_20240827 19,5524.194806467094
56_20240827 20,5471.960583049091
56_20240827 21,5413.344773839482
56_20240827 22,5406.593128181355
56_20240827 23,5419.898183758642
56_20240828 00,5454.028271899225
56_20240828 01,5475.758308980869
56_20240828 02,5454.566845550432
56_20240828 03,5367.1047181796375
56_20240828 04,5396.005371674333
56_20240828 05,5400.399761578052
56_20240828 06,5333.930830456715
56_20240828 07,5396.413887411917
56_20240828 08,5493.413712848781
56_20240828 09,5617.637671939705
56_20240828 10,5755.356363931883
56_20240828 11,5836.170379313285
56_20240828 12,5871.4331091353315
56_20240828 13,5888.994924666871
56_20240828 14,5884.940820219103
56_20240828 15,5884.727481808293
56_20240828 16,5878.6938441236425
56_20240828 17,5849.9177091604
56_20240828 18,5771.479005208258
56_20240828 19,5647.189924000163
56_20240828 20,5568.5351418816745
56_20240828 21,5587.365051004933
56_20240828 22,5564.956224059243
56_20240828 23,5504.4148289705945
56_20240829 00,5416.105183928278
56_20240829 01,5403.068583222358
56_20240829 02,5415.860601261617
56_20240829 03,5356.265895062468
56_20240829 04,5339.597409073913
56_20240829 05,5370.689964420282
56_20240829 06,5332.771149262567
56_20240829 07,5367.7594426032
56_20240829 08,5493.404740756986
56_20240829 09,5619.547052791948
56_20240829 10,5703.536595756351
56_20240829 11,5786.297025888541
56_20240829 12,5841.626461435557
56_20240829 13,5886.637522602518
56_20240829 14,5888.994924666871
56_20240829 15,5884.727481808293
56_20240829 16,5874.646829946258
56_20240829 17,5850.361517610422
56_20240829 18,5731.459818153692
56_20240829 19,5638.149123398644
56_20240829 20,5581.811756580056
56_20240829 21,5553.699944348163
56_20240829 22,5472.275868044361
56_20240829 23,5417.543461507882
56_20240830 00,5407.116580401317
56_20240830 01,5412.397059490425
56_20240830 02,5385.662299074192
56_20240830 03,5374.768749678198
56_20240830 04,5330.918956156641
56_20240830 05,5330.7072166755415
56_20240830 06,5297.2918071722115
56_20240830 07,5364.296419508048
56_20240830 08,5432.666014061516
56_20240830 09,5587.603474306772
56_20240830 10,5703.426993355451
56_20240830 11,5812.320438280262
56_20240830 12,5879.178386704634
56_20240830 13,5888.994924666871
56_20240830 14,5865.23492185364
56_20240830 15,5865.022297691427
56_20240830 16,5827.388900944812
56_20240830 17,5798.563053468383
56_20240830 18,5731.479824443049
56_20240830 19,5650.2360045403275
56_20240830 20,5560.388792331067
56_20240830 21,5481.664151847494
56_20240830 22,5413.464991550165
56_20240830 23,5404.9126304012525
56_20240831 00,5349.740485416607
56_20240831 01,5329.175647973249
56_20240831 02,5297.88232205241
56_20240831 03,5266.761412039165
56_20240831 04,5266.8068367364085
56_20240831 05,5264.99220553126
56_20240831 06,5255.902373996563
56_20240831 07,5282.013263506244
56_20240831 08,5416.748399239778
56_20240831 09,5538.818186951425
56_20240831 10,5623.8675676181
56_20240831 11,5642.456502518662
56_20240831 12,5752.343813164021
56_20240831 13,5751.034872268956
56_20240831 14,5765.467683920867
56_20240831 15,5767.819510106025
56_20240831 16,5769.953140086475
56_20240831 17,5750.233282897643
56_20240831 18,5697.86538357665
56_20240831 19,5574.5219886641335
56_20240831 20,5504.795026357118
56_20240831 21,5417.676718143037
56_20240831 22,5416.021805216926
56_20240831 23,5388.254640348177
57_20240825 00,20137.792306396244
57_20240825 01,20126.65005989777
57_20240825 02,20009.573010806344
57_20240825 03,20042.39694158276
57_20240825 04,19386.661078471356
57_20240825 05,19755.61815054249
57_20240825 06,18306.79806124552
57_20240825 07,18116.39384495232
57_20240825 08,16520.674624999596
57_20240825 09,16453.05763288614
57_20240825 10,16935.52822560664
57_20240825 11,17182.503438586078
57_20240825 12,17346.414166508494
57_20240825 13,17464.75900585696
57_20240825 14,17503.07616853039
57_20240825 15,17531.652973774515
57_20240825 16,17449.931522997016
57_20240825 17,17371.541977908906
57_20240825 18,17411.189109371342
57_20240825 19,17241.688517278104
57_20240825 20,17231.53761525409
57_20240825 21,16891.42577522157
57_20240825 22,19209.518537707594
57_20240825 23,20529.86383733847
57_20240826 00,20366.93834569472
57_20240826 01,20301.729085993982
57_20240826 02,20172.251708163407
57_20240826 03,20074.947414190403
57_20240826 04,19579.677075186748
57_20240826 05,19793.49503613368
57_20240826 06,18351.77355153586
57_20240826 07,18235.726207669988
57_20240826 08,16527.872034418746
57_20240826 09,16471.563744169118
57_20240826 10,16790.9844812488
57_20240826 11,16868.515673708418
57_20240826 12,16934.45138188145
57_20240826 13,17139.07465485235
57_20240826 14,17142.287754382214
57_20240826 15,17371.018833569844
57_20240826 16,17129.396278440723
57_20240826 17,17137.862212654272
57_20240826 18,17188.479700476015
57_20240826 19,17302.949989331075
57_20240826 20,17274.735995332765
57_20240826 21,16926.309596765266
57_20240826 22,19212.1549066189
57_20240826 23,20447.393843141836
57_20240827 00,20550.88399048646
57_20240827 01,20573.798619814257
57_20240827 02,20441.300867865913
57_20240827 03,20399.542180943852
57_20240827 04,19713.490737479617
57_20240827 05,19759.249776965826
57_20240827 06,18298.246010448136
57_20240827 07,18118.065209281514
57_20240827 08,16326.422523877887
57_20240827 09,16351.22786040174
57_20240827 10,16444.016169110866
57_20240827 11,16602.933180319596
57_20240827 12,16539.58286402799
57_20240827 13,16586.366221908444
57_20240827 14,16614.303595631976
57_20240827 15,16794.086332640927
57_20240827 16,16701.714085212578
57_20240827 17,16771.669618339936
57_20240827 18,16643.477290362604
57_20240827 19,17063.34875172003
57_20240827 20,17097.962592714695
57_20240827 21,16627.575582915833
57_20240827 22,18468.50434206218
57_20240827 23,19633.32998049508
57_20240828 00,19643.497567105722
57_20240828 01,19495.476585067496
57_20240828 02,19437.328599497265
57_20240828 03,19480.029763902097
57_20240828 04,18706.21917666729
57_20240828 05,18702.440991618183
57_20240828 06,17814.934526118406
57_20240828 07,17642.080032642323
57_20240828 08,16162.339746368649
57_20240828 09,16336.31389585386
57_20240828 10,16709.043005820833
57_20240828 11,16891.669421181567
57_20240828 12,16888.30292356945
57_20240828 13,16907.397663562166
57_20240828 14,17089.848587196928
57_20240828 15,17208.934501921252
57_20240828 16,17120.16553208472
57_20240828 17,17070.57774306859
57_20240828 18,17029.86085663445
57_20240828 19,16938.105742778527
57_20240828 20,16950.651409892416
57_20240828 21,16592.6015783991
57_20240828 22,18810.740161180212
57_20240828 23,19913.352133928263
57_20240829 00,19531.220509763403
57_20240829 01,19544.503009257125
57_20240829 02,19474.936857799043
57_20240829 03,19431.49414133614
57_20240829 04,18670.32379023624
57_20240829 05,18618.05387588916
57_20240829 06,17712.22220364597
57_20240829 07,17410.22289216425
57_20240829 08,15894.389395861057
57_20240829 09,16316.139208475328
57_20240829 10,16704.41225583837
57_20240829 11,16917.755646982194
57_20240829 12,16942.953061184093
57_20240829 13,16989.6670371386
57_20240829 14,16978.860629137394
57_20240829 15,17034.032397081774
57_20240829 16,16954.996155622033
57_20240829 17,16941.693486506105
57_20240829 18,16677.165932380056
57_20240829 19,16954.259483037065
57_20240829 20,16992.9984926799
57_20240829 21,16662.373838201504
57_20240829 22,18591.24166886589
57_20240829 23,19771.62166997117
57_20240830 00,19608.674647158005
57_20240830 01,19628.967841754824
57_20240830 02,19566.04790461456
57_20240830 03,19552.315662620156
57_20240830 04,18682.855322934225
57_20240830 05,18635.981554638907
57_20240830 06,17772.416401701914
57_20240830 07,17429.309721044618
57_20240830 08,15959.251308819787
57_20240830 09,16352.226924477005
57_20240830 10,16738.158170455412
57_20240830 11,17195.70952646723
57_20240830 12,17278.586813266655
57_20240830 13,17438.276079750754
57_20240830 14,17441.85763281816
57_20240830 15,17479.047432525083
57_20240830 16,17234.950217301863
57_20240830 17,17144.053118095235
57_20240830 18,17006.932340921077
57_20240830 19,17043.734690844598
57_20240830 20,17036.53015277238
57_20240830 21,16726.263090877943
57_20240830 22,18718.38923766163
57_20240830 23,19661.408809949564
57_20240831 00,19544.27479220102
57_20240831 01,19498.552470713184
57_20240831 02,19451.214105443614
57_20240831 03,19271.155970730408
57_20240831 04,18430.113398362584
57_20240831 05,18416.1327740175
57_20240831 06,17711.27541828335
57_20240831 07,17601.327536294968
57_20240831 08,16311.617270627328
57_20240831 09,16108.3961529065
57_20240831 10,16534.874426358758
57_20240831 11,16651.787460511398
57_20240831 12,16775.512148320387
57_20240831 13,17038.967359603932
57_20240831 14,17063.11116860951
57_20240831 15,17087.978961417863
57_20240831 16,17177.219751881148
57_20240831 17,16982.62325041752
57_20240831 18,16985.681354341836
57_20240831 19,16980.49564364146
57_20240831 20,17062.273565106894
57_20240831 21,16674.476812807086
57_20240831 22,18606.337389594555
57_20240831 23,19787.423836360296
58_20240825 00,1079.1470508980574
58_20240825 01,929.7839603654289
58_20240825 02,815.0634987540931
58_20240825 03,736.7684516664726
58_20240825 04,695.915236899414
58_20240825 05,688.0487870885548
58_20240825 06,833.2228757288336
58_20240825 07,1415.3699257055994
58_20240825 08,1928.893654520512
58_20240825 09,2186.652412652861
58_20240825 10,2502.329424948251
58_20240825 11,2599.6194586473725
58_20240825 12,2755.5527857637867
58_20240825 13,2843.6668601230613
58_20240825 14,2868.0395451961367
58_20240825 15,2847.179290021166
58_20240825 16,2835.8825954751733
58_20240825 17,2845.573695438141
58_20240825 18,2586.478779151737
58_20240825 19,2114.9256868627804
58_20240825 20,2081.892449630193
58_20240825 21,1749.9958632439048
58_20240825 22,1315.8679703592811
58_20240825 23,1156.0295107003979
58_20240826 00,1021.0704195566492
58_20240826 01,900.6623928037918
58_20240826 02,788.1678320406631
58_20240826 03,708.5704990592496
58_20240826 04,672.6155394420566
58_20240826 05,669.7085444128055
58_20240826 06,813.8019327396024
58_20240826 07,1392.7026073881273
58_20240826 08,1904.3349265194897
58_20240826 09,2220.1936371157026
58_20240826 10,2519.5951195451953
58_20240826 11,2527.4904907101222
58_20240826 12,2646.100653157763
58_20240826 13,2750.111600373176
58_20240826 14,2754.1762360381244
58_20240826 15,2757.492793286697
58_20240826 16,2713.0059292308747
58_20240826 17,2692.6730391431706
58_20240826 18,2444.441844407554
58_20240826 19,1813.7879493928695
58_20240826 20,1743.4060676941554
58_20240826 21,1638.0911604955431
58_20240826 22,1216.5035570815191
58_20240826 23,1071.4250536307516
58_20240827 00,956.8286346522895
58_20240827 01,851.8859907736512
58_20240827 02,756.8140677275319
58_20240827 03,708.416101898237
58_20240827 04,669.7706118887481
58_20240827 05,668.5847374719666
58_20240827 06,811.4429377091928
58_20240827 07,1303.6354460350447
58_20240827 08,1776.5595844116258
58_20240827 09,1982.496170592354
58_20240827 10,2319.5737107525874
58_20240827 11,2377.6534093650203
58_20240827 12,2507.5436294725087
58_20240827 13,2568.7278551702843
58_20240827 14,2751.695902566989
58_20240827 15,2677.1899750715947
58_20240827 16,2514.662712769873
58_20240827 17,2468.3217620968353
58_20240827 18,2391.3945300551895
58_20240827 19,1985.4409449486238
58_20240827 20,1716.4207976147989
58_20240827 21,1651.8549161298138
58_20240827 22,1215.6631983272164
58_20240827 23,1063.8165558128303
58_20240828 00,956.2050392713628
58_20240828 01,852.799480684784
58_20240828 02,749.2713363644307
58_20240828 03,678.9787897690231
58_20240828 04,659.6875062957126
58_20240828 05,662.3342183833413
58_20240828 06,837.2086677016799
58_20240828 07,1093.4787389061596
58_20240828 08,1647.5961283961
58_20240828 09,1996.6174834156723
58_20240828 10,2520.955647480731
58_20240828 11,2646.050985517681
58_20240828 12,2798.58608748333
58_20240828 13,2823.4353934049195
58_20240828 14,2824.676065769803
58_20240828 15,2826.460215226845
58_20240828 16,2792.124271712338
58_20240828 17,2650.790946085387
58_20240828 18,2487.1200663720333
58_20240828 19,2012.1308353512704
58_20240828 20,1717.4374173807555
58_20240828 21,1654.047677005454
58_20240828 22,1247.0670857713035
58_20240828 23,1092.2653805116383
58_20240829 00,1008.6125805359856
58_20240829 01,892.2478166526296
58_20240829 02,754.5828753561209
58_20240829 03,710.515634879862
58_20240829 04,670.2520771156726
58_20240829 05,667.3824099255515
58_20240829 06,1059.267451190166
58_20240829 07,1401.6377283223453
58_20240829 08,1842.2669905170542
58_20240829 09,2238.266414028915
58_20240829 10,2564.9375659628286
58_20240829 11,2727.4911111278275
58_20240829 12,2819.309806527993
58_20240829 13,2752.9366812370245
58_20240829 14,2515.003167003183
58_20240829 15,2519.4450427834618
58_20240829 16,2498.5016802443624
58_20240829 17,2445.5547592623416
58_20240829 18,2654.8865633837963
58_20240829 19,1921.5563503681271
58_20240829 20,1897.406190703664
58_20240829 21,1759.856545647853
58_20240829 22,1366.2259994157657
58_20240829 23,1131.2240664254464
58_20240830 00,1036.6809021869485
58_20240830 01,902.1164345153002
58_20240830 02,782.4314753365825
58_20240830 03,716.1999064036938
58_20240830 04,672.9194198912047
58_20240830 05,669.7278670266214
58_20240830 06,793.5872761459889
58_20240830 07,1267.5262016435006
58_20240830 08,1722.241849659633
58_20240830 09,2147.570492169374
58_20240830 10,2543.7226364914404
58_20240830 11,2707.5024235242436
58_20240830 12,2732.026465482147
58_20240830 13,2742.6654853888977
58_20240830 14,2748.7906745748282
58_20240830 15,2770.096093665627
58_20240830 16,2743.764525402782
58_20240830 17,2777.49896399116
58_20240830 18,2458.139443825316
58_20240830 19,1998.0786163179264
58_20240830 20,1738.1553545829047
58_20240830 21,1673.6050380826737
58_20240830 22,1243.2529621025033
58_20240830 23,1061.761094251181
58_20240831 00,972.6182910508462
58_20240831 01,863.2833774040531
58_20240831 02,747.9889971315143
58_20240831 03,711.2862794966644
58_20240831 04,668.7486473675373
58_20240831 05,667.3475020533388
58_20240831 06,770.8400455549751
58_20240831 07,1127.2386081217967
58_20240831 08,1573.5066646559883
58_20240831 09,1934.3653459598581
58_20240831 10,2257.5800542900756
58_20240831 11,2327.4700270245503
58_20240831 12,2540.508362690795
58_20240831 13,2440.86234376328
58_20240831 14,2543.471357212535
58_20240831 15,2664.502068912334
58_20240831 16,2563.784666465703
58_20240831 17,2792.947148994087
58_20240831 18,2388.2343836792766
58_20240831 19,1961.6218556574897
58_20240831 20,1709.0639492041262
58_20240831 21,1666.5129591353657
58_20240831 22,1286.1963793394182
58_20240831 23,1135.5346492328817
59_20240825 00,410.3080841670935
59_20240825 01,399.0076729858847
59_20240825 02,427.56833317663086
59_20240825 03,428.3879853752534
59_20240825 04,424.2560401778793
59_20240825 05,418.27880988190674
59_20240825 06,550.7633705719551
59_20240825 07,672.5127598779475
59_20240825 08,977.168301010855
59_20240825 09,1193.904404742478
59_20240825 10,1317.7441312781737
59_20240825 11,1013.951166102475
59_20240825 12,842.4656517992495
59_20240825 13,813.4653525152172
59_20240825 14,1017.7351729031665
59_20240825 15,1052.0391058880812
59_20240825 16,1025.429745594531
59_20240825 17,1098.339929269687
59_20240825 18,960.9120702627116
59_20240825 19,1017.0252605824764
59_20240825 20,862.5437751953558
59_20240825 21,935.4733823343879
59_20240825 22,845.9927440927772
59_20240825 23,643.4056120105632
59_20240826 00,456.3965052062057
59_20240826 01,419.2110167208779
59_20240826 02,436.371422724255
59_20240826 03,430.30748913647886
59_20240826 04,425.4653681778621
59_20240826 05,427.9526569518498
59_20240826 06,595.3323447729346
59_20240826 07,729.5484572676608
59_20240826 08,1056.0396216072506
59_20240826 09,1378.471079097741
59_20240826 10,1661.6276519038045
59_20240826 11,1739.7829960179993
59_20240826 12,1767.3221693134562
59_20240826 13,1764.0056690349181
59_20240826 14,1769.2378181572287
59_20240826 15,1785.8235112860737
59_20240826 16,1769.5330638834653
59_20240826 17,1733.2046381323462
59_20240826 18,1700.0084736041313
59_20240826 19,1118.9074266971609
59_20240826 20,1103.0864974998137
59_20240826 21,1139.7709335518255
59_20240826 22,940.4617035452821
59_20240826 23,629.6785994713147
59_20240827 00,447.94711714811973
59_20240827 01,420.1147352969992
59_20240827 02,438.4793162059537
59_20240827 03,438.59171649088546
59_20240827 04,417.14692125656296
59_20240827 05,406.309050489636
59_20240827 06,568.4679086135118
59_20240827 07,644.7651470706518
59_20240827 08,897.9709527794771
59_20240827 09,1113.3097857848757
59_20240827 10,1481.7364838449237
59_20240827 11,1422.578860289754
59_20240827 12,1431.977553362124
59_20240827 13,1599.0674114829974
59_20240827 14,1501.450659095202
59_20240827 15,1498.6904079233666
59_20240827 16,1562.6822901275218
59_20240827 17,1588.9279027269558
59_20240827 18,1574.2365777467517
59_20240827 19,1105.854160461969
59_20240827 20,1051.0848317104922
59_20240827 21,1096.7447375868624
59_20240827 22,921.8583202021773
59_20240827 23,628.1124753594167
59_20240828 00,447.9523453250816
59_20240828 01,414.90956387830244
59_20240828 02,422.6169674453535
59_20240828 03,425.4561002942173
59_20240828 04,409.8500435079338
59_20240828 05,408.3366723640802
59_20240828 06,524.4899840019815
59_20240828 07,622.9606258324086
59_20240828 08,875.4675244581753
59_20240828 09,1164.378430269149
59_20240828 10,1518.696608534985
59_20240828 11,1562.9235811787044
59_20240828 12,1607.80612208585
59_20240828 13,1639.339700746281
59_20240828 14,1674.3134632728097
59_20240828 15,1636.9684629270268
59_20240828 16,1634.2523452709931
59_20240828 17,1706.116268739387
59_20240828 18,1695.8389764638468
59_20240828 19,1200.7755438078746
59_20240828 20,1195.2264423171634
59_20240828 21,1187.8549600368087
59_20240828 22,957.7171736659207
59_20240828 23,658.2646231709004
59_20240829 00,457.47920152492173
59_20240829 01,429.10521413578465
59_20240829 02,453.50312354045025
59_20240829 03,454.4535287908435
59_20240829 04,417.6520516954574
59_20240829 05,413.02684129917134
59_20240829 06,524.5264039207012
59_20240829 07,634.004027809312
59_20240829 08,899.0245763943332
59_20240829 09,1174.1243514958337
59_20240829 10,1531.0033356704723
59_20240829 11,1567.9164947120278
59_20240829 12,1556.0132300516489
59_20240829 13,1620.3143719837608
59_20240829 14,1640.1034055539074
59_20240829 15,1688.2385600739624
59_20240829 16,1664.2292982944784
59_20240829 17,1693.8537567256137
59_20240829 18,1664.1804857118386
59_20240829 19,1167.6008921731307
59_20240829 20,1151.5258690264188
59_20240829 21,1126.495804469838
59_20240829 22,925.083414152269
59_20240829 23,643.9405599612747
59_20240830 00,458.4443967120795
59_20240830 01,423.8105150575287
59_20240830 02,441.51502769716285
59_20240830 03,432.96510029768274
59_20240830 04,416.77855701086503
59_20240830 05,416.87454645146636
59_20240830 06,520.7440171028932
59_20240830 07,636.4472534714713
59_20240830 08,899.1169898445148
59_20240830 09,1166.0310540254104
59_20240830 10,1476.3231155940425
59_20240830 11,1543.1915294940657
59_20240830 12,1521.446457367487
59_20240830 13,1549.4420445507235
59_20240830 14,1658.7817735333447
59_20240830 15,1672.1992041693
59_20240830 16,1658.2709520676208
59_20240830 17,1524.7229750431675
59_20240830 18,1613.4935967199006
59_20240830 19,1083.700634970651
59_20240830 20,1092.7544956640536
59_20240830 21,1178.3428984718819
59_20240830 22,958.2414594621943
59_20240830 23,615.6135525587995
59_20240831 00,428.4684234842822
59_20240831 01,412.90084925392665
59_20240831 02,428.7055481086183
59_20240831 03,430.13434933268735
59_20240831 04,406.13476483983914
59_20240831 05,399.7438999803594
59_20240831 06,518.8371419447968
59_20240831 07,646.6132143310987
59_20240831 08,843.5036876678647
59_20240831 09,1110.3441820766188
59_20240831 10,1488.210558413162
59_20240831 11,1542.9350864007945
59_20240831 12,1595.3486711429625
59_20240831 13,1544.492388289777
59_20240831 14,1626.3856059634666
59_20240831 15,1611.8177023331375
59_20240831 16,1634.393659772808
59_20240831 17,1658.353050308637
59_20240831 18,1753.629462817467
59_20240831 19,1150.2338990273038
59_20240831 20,1163.7299778220818
59_20240831 21,1220.6243721218013
59_20240831 22,967.118825090898
59_20240831 23,629.1802396640807
60_20240825 00,3198.696079051881
60_20240825 01,3021.496404302638
60_20240825 02,2960.3196597358615
60_20240825 03,2943.1583279586443
60_20240825 04,2913.8553444909185
60_20240825 05,2898.276032895368
60_20240825 06,2898.3589112411205
60_20240825 07,3008.9148314530353
60_20240825 08,3587.783940964368
60_20240825 09,3627.485334453419
60_20240825 10,3722.0472176904136
60_20240825 11,3840.655607769416
60_20240825 12,3900.122818941573
60_20240825 13,3965.395278679812
60_20240825 14,3963.194051992359
60_20240825 15,3832.1732943870493
60_20240825 16,3714.5883321650736
60_20240825 17,3717.396868059267
60_20240825 18,3702.3600719691362
60_20240825 19,3688.919642499063
60_20240825 20,3517.055859264345
60_20240825 21,3484.940593130606
60_20240825 22,3389.3328107619286
60_20240825 23,3312.7565612874732
60_20240826 00,3307.845212717418
60_20240826 01,3172.0972885479778
60_20240826 02,3050.6297132589507
60_20240826 03,3077.336162444389
60_20240826 04,3084.400620701114
60_20240826 05,2980.249205762332
60_20240826 06,2974.892625121546
60_20240826 07,3334.4100463349796
60_20240826 08,3944.9302627341317
60_20240826 09,4739.276783999335
60_20240826 10,5217.005127962673
60_20240826 11,5329.6870297962
60_20240826 12,5462.643554349912
60_20240826 13,5466.85136829208
60_20240826 14,5513.86764912518
60_20240826 15,5477.73726761894
60_20240826 16,5379.709815459887
60_20240826 17,5029.049856987715
60_20240826 18,4439.4343746771965
60_20240826 19,3985.20595427316
60_20240826 20,3939.8125287612716
60_20240826 21,3919.69364286472
60_20240826 22,3603.668199394034
60_20240826 23,3453.086153291102
60_20240827 00,3302.7489304415267
60_20240827 01,3203.8076476084675
60_20240827 02,3164.6305221362136
60_20240827 03,3100.009212906946
60_20240827 04,3080.762383213478
60_20240827 05,3100.561036822987
60_20240827 06,3091.015923005798
60_20240827 07,3358.3767081825686
60_20240827 08,3839.5159626008203
60_20240827 09,4385.777634670073
60_20240827 10,4936.500637816706
60_20240827 11,4869.065024988389
60_20240827 12,4909.891513320939
60_20240827 13,4948.354537965999
60_20240827 14,5039.016974836853
60_20240827 15,5038.291569273306
60_20240827 16,4996.488215986858
60_20240827 17,4838.462450564516
60_20240827 18,4314.041316540094
60_20240827 19,3986.479487411853
60_20240827 20,3913.2499515637405
60_20240827 21,3784.4692964823275
60_20240827 22,3517.03054195853
60_20240827 23,3359.8083295200267
60_20240828 00,3234.28482886355
60_20240828 01,3094.8618771721144
60_20240828 02,3025.912146569878
60_20240828 03,2934.6115449769873
60_20240828 04,2905.495833026908
60_20240828 05,2863.9020287308354
60_20240828 06,2894.0368667695507
60_20240828 07,3022.2301685014545
60_20240828 08,3775.583054601774
60_20240828 09,4478.218389934337
60_20240828 10,5040.114207187919
60_20240828 11,4994.647741673588
60_20240828 12,5137.353673776441
60_20240828 13,5283.661682909605
60_20240828 14,5301.741370827226
60_20240828 15,5423.5834297949095
60_20240828 16,5407.993544954529
60_20240828 17,5176.6816654297245
60_20240828 18,4788.104716224565
60_20240828 19,3989.7863921002167
60_20240828 20,3997.7142087592756
60_20240828 21,3979.5751290352396
60_20240828 22,3704.9543968124963
60_20240828 23,3534.8288644166187
60_20240829 00,3343.4329945450386
60_20240829 01,3201.5740443998593
60_20240829 02,3187.528039520016
60_20240829 03,3068.3206081652934
60_20240829 04,2917.060828578625
60_20240829 05,2885.5078615335997
60_20240829 06,2883.31098880428
60_20240829 07,3119.0589094453703
60_20240829 08,3814.9003278699456
60_20240829 09,4417.404598801787
60_20240829 10,4873.632940312117
60_20240829 11,4862.951009411607
60_20240829 12,5024.672816498703
60_20240829 13,5057.48608579191
60_20240829 14,5141.7033935332265
60_20240829 15,5143.465453576724
60_20240829 16,5134.945380649571
60_20240829 17,4974.331069294533
60_20240829 18,4620.226432690623
60_20240829 19,3961.371242779452
60_20240829 20,3971.1737715434047
60_20240829 21,3957.2171500750333
60_20240829 22,3670.191255071938
60_20240829 23,3507.46992552071
60_20240830 00,3354.3606951200777
60_20240830 01,3242.062784989258
60_20240830 02,3040.708458679266
60_20240830 03,2935.8934995363034
60_20240830 04,2925.875060615749
60_20240830 05,2918.68449152051
60_20240830 06,2914.422251696402
60_20240830 07,3269.836723650092
60_20240830 08,3918.636161943941
60_20240830 09,4878.157881475862
60_20240830 10,5410.862454284414
60_20240830 11,5234.4581466711525
60_20240830 12,5341.67658748018
60_20240830 13,5346.654759302977
60_20240830 14,5425.318623713173
60_20240830 15,5428.708156893722
60_20240830 16,5422.626792606948
60_20240830 17,5185.641188033937
60_20240830 18,4477.598763274101
60_20240830 19,3930.922106713137
60_20240830 20,3899.806715995591
60_20240830 21,3759.607924657669
60_20240830 22,3452.6681865491287
60_20240830 23,3285.8785185577453
60_20240831 00,3110.915903996217
60_20240831 01,3004.817628654892
60_20240831 02,2926.169314106678
60_20240831 03,2875.220752069198
60_20240831 04,2804.619871941731
60_20240831 05,2783.0061382606127
60_20240831 06,2741.122254359602
60_20240831 07,2856.8360381977664
60_20240831 08,3307.6859094577953
60_20240831 09,3571.876734422333
60_20240831 10,3733.7880839727563
60_20240831 11,3794.7387987335574
60_20240831 12,3788.4792033764543
60_20240831 13,3926.050288410706
60_20240831 14,4006.2012740225528
60_20240831 15,4070.993105719274
60_20240831 16,3957.6611943977427
60_20240831 17,3952.8360985563627
60_20240831 18,3776.875550760403
60_20240831 19,3648.657456004966
60_20240831 20,3574.2999428622143
60_20240831 21,3434.9460331164446
60_20240831 22,3273.1136056758664
60_20240831 23,3174.424464311482
61_20240825 00,1215.0580130247565
61_20240825 01,1152.5323279824227
61_20240825 02,1134.4433110420473
61_20240825 03,1108.043676508249
61_20240825 04,1096.4932191514208
61_20240825 05,1096.257191922782
61_20240825 06,1100.3745722237873
61_20240825 07,1299.1175220947705
61_20240825 08,1935.9311655454371
61_20240825 09,3343.9705753917424
61_20240825 10,3874.090206046127
61_20240825 11,4106.584778170507
61_20240825 12,4044.5110622792527
61_20240825 13,4122.190939178296
61_20240825 14,3987.3132992811707
61_20240825 15,3817.9624398044116
61_20240825 16,4080.7781506109363
61_20240825 17,3847.397061283133
61_20240825 18,2807.6924817855697
61_20240825 19,2284.7949257401415
61_20240825 20,1654.6740901386231
61_20240825 21,1427.1767633435427
61_20240825 22,1246.555827276855
61_20240825 23,1219.7984824719683
61_20240826 00,1214.7278261165877
61_20240826 01,1122.6907202472976
61_20240826 02,1120.5667023719468
61_20240826 03,1090.2605049654628
61_20240826 04,1055.3577582882556
61_20240826 05,1017.9015740986392
61_20240826 06,1078.5633298352445
61_20240826 07,1267.624314187412
61_20240826 08,1756.3192470497181
61_20240826 09,2943.5164711795405
61_20240826 10,3376.67627773945
61_20240826 11,3525.544366899462
61_20240826 12,3285.205774144003
61_20240826 13,3860.1336044096583
61_20240826 14,3872.755889143721
61_20240826 15,3863.228057192053
61_20240826 16,3794.4458604465276
61_20240826 17,3199.740060091975
61_20240826 18,3419.2365994459356
61_20240826 19,2202.996916397096
61_20240826 20,1846.0378386646703
61_20240826 21,1406.5390078197222
61_20240826 22,1217.1243902040328
61_20240826 23,1207.1052033050714
61_20240827 00,1143.853830472596
61_20240827 01,1168.9776775136959
61_20240827 02,1202.6844917520527
61_20240827 03,1136.7882605861732
61_20240827 04,1049.0540034917126
61_20240827 05,1062.6915636537958
61_20240827 06,1056.0945794425825
61_20240827 07,1290.521828145862
61_20240827 08,1664.7580328713907
61_20240827 09,3475.695028237231
61_20240827 10,3494.445634564345
61_20240827 11,3479.6346035192223
61_20240827 12,3423.6169675234582
61_20240827 13,3488.244725988075
61_20240827 14,3440.046876425398
61_20240827 15,3462.633533845151
61_20240827 16,3205.5133438038515
61_20240827 17,2115.886572244757
61_20240827 18,1147.7843810798156
61_20240827 19,1113.9738894308825
61_20240827 20,1064.371671712747
61_20240827 21,961.2178812522418
61_20240827 22,937.0490619092517
61_20240827 23,1055.9425119018547
61_20240828 00,1050.3743470555023
61_20240828 01,1125.479949974221
61_20240828 02,1098.029880251479
61_20240828 03,986.2255010344436
61_20240828 04,1040.989429617371
61_20240828 05,982.2280978262839
61_20240828 06,1072.6316090200582
61_20240828 07,1154.9499260596856
61_20240828 08,1622.3156472660971
61_20240828 09,2101.3956663581453
61_20240828 10,3001.526220733837
61_20240828 11,3058.5060010547786
61_20240828 12,2965.60750381714
61_20240828 13,3384.728845192834
61_20240828 14,3075.554952237974
61_20240828 15,3572.888466669485
61_20240828 16,2566.2377891606943
61_20240828 17,2133.2986403668738
61_20240828 18,2141.7574635804135
61_20240828 19,1466.672786763799
61_20240828 20,1283.6902287157054
61_20240828 21,1261.5277410969584
61_20240828 22,1114.718735638533
61_20240828 23,1215.9696294429878
61_20240829 00,1117.1098343458673
61_20240829 01,1099.3820048960997
61_20240829 02,1130.945894675447
61_20240829 03,1136.6363111969367
61_20240829 04,1122.66493598797
61_20240829 05,1138.9520516934015
61_20240829 06,1028.0208332943178
61_20240829 07,1389.8193997834032
61_20240829 08,2265.4047402881624
61_20240829 09,3299.471666411313
61_20240829 10,3323.991081440613
61_20240829 11,3290.8471773442975
61_20240829 12,3923.6820037446546
61_20240829 13,3337.486627483314
61_20240829 14,3363.2572662779953
61_20240829 15,3333.5881172208587
61_20240829 16,3436.699037334574
61_20240829 17,2790.630435197127
61_20240829 18,2468.54650479964
61_20240829 19,2321.6665561702794
61_20240829 20,1200.7250252037024
61_20240829 21,1406.2108283057757
61_20240829 22,1242.2791411271019
61_20240829 23,1219.3139758273355
61_20240830 00,1237.5743653006741
61_20240830 01,1161.444904485217
61_20240830 02,1125.798512802835
61_20240830 03,1082.1892590887624
61_20240830 04,1086.9457406905558
61_20240830 05,1071.9427182250733
61_20240830 06,1086.6838455762202
61_20240830 07,1467.3864211621012
61_20240830 08,1677.509729532077
61_20240830 09,2321.8505488497744
61_20240830 10,3402.8150409252326
61_20240830 11,2967.697995023117
61_20240830 12,3776.1193491469103
61_20240830 13,2862.6176748826
61_20240830 14,2912.2399541772843
61_20240830 15,2936.12987700769
61_20240830 16,2888.923412257243
61_20240830 17,2938.0846134607923
61_20240830 18,3545.824329192423
61_20240830 19,2783.0244646814685
61_20240830 20,2165.357402910159
61_20240830 21,1663.2128014833313
61_20240830 22,1325.2240871326512
61_20240830 23,1248.909371283301
61_20240831 00,1221.1154784069793
61_20240831 01,1165.7335904176443
61_20240831 02,1167.4340493374032
61_20240831 03,1154.6419329173498
61_20240831 04,1008.9090939201562
61_20240831 05,979.7963897302395
61_20240831 06,989.303780260266
61_20240831 07,1242.5172172884584
61_20240831 08,1448.7522778419827
61_20240831 09,2419.946350723723
61_20240831 10,2678.350298027268
61_20240831 11,2880.870805197576
61_20240831 12,3521.3014484650857
61_20240831 13,2517.76544779643
61_20240831 14,3805.8533151021284
61_20240831 15,3348.9289878055283
61_20240831 16,3019.573897519552
61_20240831 17,2815.797052825629
61_20240831 18,2056.061422022153
61_20240831 19,1648.1780100016442
61_20240831 20,1338.7263481182265
61_20240831 21,1045.2060440592766
61_20240831 22,974.5017234711017
61_20240831 23,908.1001537168509
62_20240825 00,1500.825525840704
62_20240825 01,1501.9654088447242
62_20240825 02,1499.3756678082646
62_20240825 03,1486.912117727963
62_20240825 04,1495.7539452902329
62_20240825 05,1498.8991031021353
62_20240825 06,1506.944090237124
62_20240825 07,1496.3720139008335
62_20240825 08,1580.8413575991956
62_20240825 09,1646.1804997875079
62_20240825 10,1652.4257304783778
62_20240825 11,1654.3012206998962
62_20240825 12,1658.1576786558642
62_20240825 13,1672.1888451136722
62_20240825 14,1618.5621127062384
62_20240825 15,1572.949388331453
62_20240825 16,1709.9316392651206
62_20240825 17,1603.001708098691
62_20240825 18,1561.5107352406774
62_20240825 19,1659.5871046837956
62_20240825 20,1633.803532171608
62_20240825 21,1583.5506871554085
62_20240825 22,1509.006114302027
62_20240825 23,1487.881952515638
62_20240826 00,1536.0530821816799
62_20240826 01,1557.8199691686375
62_20240826 02,1558.5050478026205
62_20240826 03,1523.371284172537
62_20240826 04,1488.2862675976805
62_20240826 05,1478.861486946718
62_20240826 06,1523.0707674180262
62_20240826 07,1833.752682816951
62_20240826 08,2108.5730842410103
62_20240826 09,2240.005703581379
62_20240826 10,2249.694962023042
62_20240826 11,2250.9776813747126
62_20240826 12,2376.8048942255928
62_20240826 13,2327.800456338022
62_20240826 14,2292.683595399187
62_20240826 15,2512.3876854152486
62_20240826 16,2511.466248264184
62_20240826 17,2462.923962718108
62_20240826 18,2206.908020867682
62_20240826 19,1805.6549483024512
62_20240826 20,1782.2308468441324
62_20240826 21,1682.3903314354611
62_20240826 22,1662.1453151328196
62_20240826 23,1569.6572369965784
62_20240827 00,1564.6429022088537
62_20240827 01,1574.4243857367205
62_20240827 02,1570.774475295288
62_20240827 03,1604.6639061945248
62_20240827 04,1571.8469859542752
62_20240827 05,1542.4404468211771
62_20240827 06,1625.3201847492765
62_20240827 07,1944.8879160169292
62_20240827 08,2146.435236635924
62_20240827 09,2307.039324101456
62_20240827 10,2314.4674628090434
62_20240827 11,2262.0372119518847
62_20240827 12,2272.9856268226845
62_20240827 13,2224.9011746270153
62_20240827 14,2244.9089758324217
62_20240827 15,2219.8458259952995
62_20240827 16,2216.6480540764046
62_20240827 17,2126.727297711807
62_20240827 18,2017.4674091938498
62_20240827 19,1674.6227097743056
62_20240827 20,1658.864763580746
62_20240827 21,1568.1803465413195
62_20240827 22,1601.5876572990192
62_20240827 23,1520.5822364739042
62_20240828 00,1494.4255148624875
62_20240828 01,1504.5055914085222
62_20240828 02,1485.8115520280264
62_20240828 03,1504.5104013370021
62_20240828 04,1504.3790447147142
62_20240828 05,1512.399085099923
62_20240828 06,1535.099514593395
62_20240828 07,1912.57653448384
62_20240828 08,2089.0103767310297
62_20240828 09,2203.464733097326
62_20240828 10,2232.2306269941473
62_20240828 11,2282.8633829847117
62_20240828 12,2261.9688891189403
62_20240828 13,2265.5775546979003
62_20240828 14,2272.148773470516
62_20240828 15,2276.503269699819
62_20240828 16,2297.09195316653
62_20240828 17,2142.8741637577527
62_20240828 18,2027.249769961258
62_20240828 19,1739.4784508696684
62_20240828 20,1721.3239048279836
62_20240828 21,1680.09003858792
62_20240828 22,1665.785904503583
62_20240828 23,1566.059437200604
62_20240829 00,1532.562571351762
62_20240829 01,1527.2581170683889
62_20240829 02,1554.2604734078855
62_20240829 03,1552.1937981304177
62_20240829 04,1552.243459469295
62_20240829 05,1553.71027751163
62_20240829 06,1582.1570177098927
62_20240829 07,1805.2101745855116
62_20240829 08,2109.634472630434
62_20240829 09,2223.5334610510104
62_20240829 10,2389.956401961147
62_20240829 11,2393.355175830747
62_20240829 12,2394.4457094901086
62_20240829 13,2408.9772374128675
62_20240829 14,2394.005303234276
62_20240829 15,2442.984688148816
62_20240829 16,2418.3111898183915
62_20240829 17,2339.7675372885183
62_20240829 18,2083.9496171669257
62_20240829 19,1784.938334953642
62_20240829 20,1745.5183307857815
62_20240829 21,1671.5598674630758
62_20240829 22,1658.222194363004
62_20240829 23,1599.3673766237075
62_20240830 00,1547.5375965430924
62_20240830 01,1550.1535581421301
62_20240830 02,1546.7250773026155
62_20240830 03,1538.9285303758295
62_20240830 04,1541.6562875690556
62_20240830 05,1547.841537932537
62_20240830 06,1577.3827229801427
62_20240830 07,1919.8393025822609
62_20240830 08,2126.4022198308894
62_20240830 09,2269.6358935843064
62_20240830 10,2318.6967227367204
62_20240830 11,2306.428080758776
62_20240830 12,2316.0658473317085
62_20240830 13,2280.988981790792
62_20240830 14,2262.365931267085
62_20240830 15,2256.203675719406
62_20240830 16,2253.762014249081
62_20240830 17,2223.867617738258
62_20240830 18,2063.178727263735
62_20240830 19,1713.2335570266948
62_20240830 20,1689.3016022692857
62_20240830 21,1645.6951967217105
62_20240830 22,1630.1086946526987
62_20240830 23,1586.5410833202238
62_20240831 00,1477.611382508995
62_20240831 01,1475.4279222338087
62_20240831 02,1457.7034312084502
62_20240831 03,1435.6222319140468
62_20240831 04,1408.8558086430075
62_20240831 05,1397.9589278161816
62_20240831 06,1393.0425304336002
62_20240831 07,1452.0566226394099
62_20240831 08,1518.2016514329523
62_20240831 09,1514.6204378492787
62_20240831 10,1648.691093898597
62_20240831 11,1655.1422145313586
62_20240831 12,1683.4953420312163
62_20240831 13,1689.8863827779564
62_20240831 14,1702.8611376843137
62_20240831 15,1666.081166780648
62_20240831 16,1669.8977020283783
62_20240831 17,1608.0594699985836
62_20240831 18,1545.4239586040121
62_20240831 19,1634.6790257453683
62_20240831 20,1616.2995248204993
62_20240831 21,1558.4369502033458
62_20240831 22,1542.2893285298985
62_20240831 23,1474.7050887805128
63_20240825 00,612.0123138526789
63_20240825 01,575.1360684232678
63_20240825 02,534.2275799507578
63_20240825 03,533.7804062108878
63_20240825 04,567.961821486898
63_20240825 05,600.6668589564256
63_20240825 06,734.6940024313808
63_20240825 07,892.6386724275986
63_20240825 08,1041.3780973968244
63_20240825 09,1291.0040868074516
63_20240825 10,1116.425666755886
63_20240825 11,1107.5829375356507
63_20240825 12,1040.9669754807703
63_20240825 13,1053.785357644013
63_20240825 14,1048.746032360958
63_20240825 15,1228.5435245307212
63_20240825 16,1585.3933260433528
63_20240825 17,1558.3105140563089
63_20240825 18,1446.3255604014466
63_20240825 19,1285.9465909881817
63_20240825 20,1148.65996043762
63_20240825 21,1154.0097583280901
63_20240825 22,915.6266890192893
63_20240825 23,780.4737327767814
63_20240826 00,631.3795240736686
63_20240826 01,572.8134910476634
63_20240826 02,549.6246989466374
63_20240826 03,536.5139274787564
63_20240826 04,588.1698920958089
63_20240826 05,621.9447890283366
63_20240826 06,748.3793340936471
63_20240826 07,1058.5068419623633
63_20240826 08,1237.063921350595
63_20240826 09,1507.8443747750368
63_20240826 10,1862.1126201757015
63_20240826 11,1867.9907703650745
63_20240826 12,1914.7750135450085
63_20240826 13,1909.4409243606099
63_20240826 14,1894.6931481372183
63_20240826 15,1925.0172080305747
63_20240826 16,1937.3760397850635
63_20240826 17,1919.4345852428366
63_20240826 18,1896.9669803812678
63_20240826 19,1438.2719938097728
63_20240826 20,1474.2869998760004
63_20240826 21,1545.005209638862
63_20240826 22,1097.6352683841678
63_20240826 23,802.7359225774361
63_20240827 00,608.436231344996
63_20240827 01,550.7421130284142
63_20240827 02,545.1624988146922
63_20240827 03,540.9282684766657
63_20240827 04,583.9240168106836
63_20240827 05,613.7311360576493
63_20240827 06,812.6782235105786
63_20240827 07,1043.9194369123004
63_20240827 08,1191.2222981446919
63_20240827 09,1344.142821777602
63_20240827 10,1607.0315571082156
63_20240827 11,1602.8010423017975
63_20240827 12,1626.34097460716
63_20240827 13,1683.3188395278853
63_20240827 14,1720.3007980573013
63_20240827 15,1751.871319693942
63_20240827 16,1864.865943004138
63_20240827 17,1848.2421226343763
63_20240827 18,1822.6650706767325
63_20240827 19,1496.3875077621108
63_20240827 20,1410.7381585276178
63_20240827 21,1508.030536105575
63_20240827 22,1073.805994627591
63_20240827 23,774.4959870805329
63_20240828 00,589.0912765555308
63_20240828 01,533.9565178386755
63_20240828 02,509.0924817104328
63_20240828 03,503.2280287622132
63_20240828 04,555.4014245065683
63_20240828 05,575.1582439881771
63_20240828 06,742.943746816121
63_20240828 07,922.9137046928937
63_20240828 08,1122.1443267041311
63_20240828 09,1443.348807976485
63_20240828 10,1736.8060142235959
63_20240828 11,1765.6844163438088
63_20240828 12,1787.9122021109836
63_20240828 13,1777.4981564383145
63_20240828 14,1749.0811120911987
63_20240828 15,1747.4140424533427
63_20240828 16,1778.9273631138572
63_20240828 17,1778.279958542202
63_20240828 18,1772.031343744502
63_20240828 19,1395.0780294038786
63_20240828 20,1430.6349954483042
63_20240828 21,1382.8021051634692
63_20240828 22,1093.363911590104
63_20240828 23,802.8297377099519
63_20240829 00,637.297624579782
63_20240829 01,551.0849294808592
63_20240829 02,547.20468138679
63_20240829 03,530.1390542130658
63_20240829 04,550.7550231427194
63_20240829 05,590.5016442910868
63_20240829 06,707.9646629973794
63_20240829 07,976.8611258786501
63_20240829 08,1154.7421675931623
63_20240829 09,1414.083180018724
63_20240829 10,1790.590535251252
63_20240829 11,1783.8513594674214
63_20240829 12,1784.3715972641758
63_20240829 13,1771.749536316868
63_20240829 14,1795.516191764354
63_20240829 15,1780.5401087393655
63_20240829 16,1813.3212322358195
63_20240829 17,1802.6098230537993
63_20240829 18,1771.7347329729062
63_20240829 19,1380.0286770540417
63_20240829 20,1420.956426736751
63_20240829 21,1465.88451836113
63_20240829 22,1096.9060262297241
63_20240829 23,820.1519362629484
63_20240830 00,645.6345624810057
63_20240830 01,572.2849898863333
63_20240830 02,526.8715431111178
63_20240830 03,511.52381761898005
63_20240830 04,559.7970634455106
63_20240830 05,606.076556050687
63_20240830 06,747.6063576523821
63_20240830 07,1008.469790102895
63_20240830 08,1227.481578378721
63_20240830 09,1579.8401739328183
63_20240830 10,1862.9500262495114
63_20240830 11,1820.983252588726
63_20240830 12,1853.0590496239297
63_20240830 13,1822.3743693238653
63_20240830 14,1806.4357351054355
63_20240830 15,1779.3920161496965
63_20240830 16,1800.7193971325967
63_20240830 17,1687.2310525032206
63_20240830 18,1760.2784454703494
63_20240830 19,1437.2773164616633
63_20240830 20,1412.8858586574643
63_20240830 21,1456.7865741585722
63_20240830 22,1070.954510166799
63_20240830 23,801.0231519940687
63_20240831 00,609.3270498389674
63_20240831 01,534.782936901987
63_20240831 02,506.74017325225196
63_20240831 03,511.3984979109388
63_20240831 04,536.5405982175429
63_20240831 05,572.5696105740027
63_20240831 06,707.3136094577993
63_20240831 07,895.9766927194663
63_20240831 08,1120.6744683834677
63_20240831 09,1337.299189163186
63_20240831 10,1730.4879531250874
63_20240831 11,1752.5000848954317
63_20240831 12,1784.9386105634208
63_20240831 13,1794.718141025561
63_20240831 14,1845.3482999003534
63_20240831 15,1845.855559681758
63_20240831 16,1741.528294952955
63_20240831 17,1888.5003938641796
63_20240831 18,1851.5028688414106
63_20240831 19,1440.423152319875
63_20240831 20,1388.4804123368135
63_20240831 21,1378.4777669297885
63_20240831 22,1113.1688944792331
63_20240831 23,794.067237888105
64_20240825 00,10750.032870638472
64_20240825 01,10664.449111540602
64_20240825 02,10917.384886755184
64_20240825 03,10911.71387441767
64_20240825 04,10888.545833506732
64_20240825 05,10894.478889759715
64_20240825 06,10905.682298792657
64_20240825 07,10899.739663822817
64_20240825 08,10571.010605875528
64_20240825 09,10423.835033344123
64_20240825 10,10445.420176129624
64_20240825 11,10494.488308414037
64_20240825 12,10350.56531462352
64_20240825 13,10278.859462689637
64_20240825 14,10299.08188247147
64_20240825 15,10446.463959826697
64_20240825 16,10659.069011840475
64_20240825 17,10453.49780229037
64_20240825 18,10432.153050374698
64_20240825 19,10618.87241129205
64_20240825 20,10612.19507054573
64_20240825 21,10643.294911444238
64_20240825 22,10625.941061173786
64_20240825 23,10667.65312158045
64_20240826 00,10769.474996256324
64_20240826 01,10770.074524846757
64_20240826 02,10773.463859679709
64_20240826 03,10678.653989935716
64_20240826 04,10698.70165489639
64_20240826 05,10658.032597017114
64_20240826 06,10655.13884974734
64_20240826 07,10686.091600861162
64_20240826 08,10538.214765567365
64_20240826 09,10830.6226543835
64_20240826 10,11367.754433497194
64_20240826 11,11363.153647473984
64_20240826 12,11155.555532144985
64_20240826 13,11195.175724715858
64_20240826 14,11544.959641178039
64_20240826 15,11630.775623418394
64_20240826 16,11767.272941702562
64_20240826 17,11688.780279011375
64_20240826 18,11480.414938249445
64_20240826 19,11141.710295569184
64_20240826 20,11072.8351086482
64_20240826 21,11064.497837446439
64_20240826 22,10982.988456709287
64_20240826 23,10858.427215625998
64_20240827 00,11021.178115006167
64_20240827 01,10997.853656707808
64_20240827 02,11013.830441714086
64_20240827 03,10967.000330975094
64_20240827 04,10903.189065588478
64_20240827 05,10858.000696695695
64_20240827 06,10877.502818729141
64_20240827 07,10909.012525573226
64_20240827 08,10890.290181691977
64_20240827 09,11032.042508583372
64_20240827 10,11679.953757325795
64_20240827 11,11535.15891950331
64_20240827 12,11321.765724962925
64_20240827 13,11362.476742733976
64_20240827 14,11655.912460028401
64_20240827 15,11449.208416542198
64_20240827 16,11947.92545920806
64_20240827 17,11798.883523685477
64_20240827 18,11590.590087374692
64_20240827 19,11289.884097450109
64_20240827 20,11256.717643899861
64_20240827 21,11260.842566715923
64_20240827 22,11179.216552750278
64_20240827 23,11115.638415091214
64_20240828 00,11045.285987847044
64_20240828 01,11014.8952334729
64_20240828 02,10984.660806231452
64_20240828 03,10945.71153540315
64_20240828 04,10961.30958872913
64_20240828 05,10969.114062232673
64_20240828 06,10939.32493412506
64_20240828 07,10929.193524209764
64_20240828 08,10851.30023591151
64_20240828 09,11109.259833676711
64_20240828 10,11095.668295544216
64_20240828 11,11067.081192966234
64_20240828 12,10996.777995973496
64_20240828 13,11017.45879840254
64_20240828 14,11192.726392727114
64_20240828 15,11379.866987520294
64_20240828 16,11449.661263098395
64_20240828 17,11466.503788658933
64_20240828 18,11321.873396922932
64_20240828 19,11210.511792977668
64_20240828 20,11232.847330809349
64_20240828 21,11202.081494992752
64_20240828 22,11128.150847726814
64_20240828 23,11076.713927472207
64_20240829 00,10945.568543538793
64_20240829 01,10945.963514185814
64_20240829 02,10923.372561657685
64_20240829 03,10863.591079884056
64_20240829 04,10923.658122700914
64_20240829 05,10935.152607478292
64_20240829 06,10918.114909865213
64_20240829 07,10862.22782407903
64_20240829 08,10817.275538134647
64_20240829 09,10872.585362461963
64_20240829 10,11047.559828499845
64_20240829 11,11022.97645958994
64_20240829 12,10964.343048965335
64_20240829 13,10947.044943621073
64_20240829 14,11199.348045885883
64_20240829 15,11373.520479115019
64_20240829 16,11476.050332603303
64_20240829 17,11462.560812506003
64_20240829 18,11274.404585337861
64_20240829 19,11156.625983890493
64_20240829 20,11168.581329373832
64_20240829 21,11180.343836010621
64_20240829 22,11183.63065522237
64_20240829 23,11091.247976282584
64_20240830 00,11041.679590538914
64_20240830 01,11008.912343606848
64_20240830 02,11090.134817430388
64_20240830 03,11022.050068880862
64_20240830 04,11021.641698069918
64_20240830 05,11010.099072140105
64_20240830 06,10982.028698857483
64_20240830 07,10925.597381197253
64_20240830 08,10919.560173706424
64_20240830 09,11183.989991077358
64_20240830 10,11118.46980762981
64_20240830 11,10992.270247213983
64_20240830 12,10961.205342712638
64_20240830 13,10995.129620163114
64_20240830 14,11261.63102443786
64_20240830 15,11392.99066293862
64_20240830 16,11502.178970939756
64_20240830 17,11409.150591867236
64_20240830 18,11618.656200450627
64_20240830 19,11259.956805676597
64_20240830 20,11217.405763777533
64_20240830 21,11229.844436773219
64_20240830 22,11197.854104145557
64_20240830 23,11146.290118824449
64_20240831 00,10954.32570881313
64_20240831 01,10866.13888669282
64_20240831 02,10917.820354009084
64_20240831 03,10883.723231123065
64_20240831 04,10857.71612450825
64_20240831 05,10850.562176741776
64_20240831 06,10818.111636530433
64_20240831 07,10845.76247639276
64_20240831 08,10667.03795592548
64_20240831 09,10778.694161014226
64_20240831 10,10846.926248850703
64_20240831 11,10772.553904409822
64_20240831 12,10709.110351427884
64_20240831 13,10713.693028113516
64_20240831 14,10779.13429045343
64_20240831 15,10773.484199930828
64_20240831 16,10778.01773671026
64_20240831 17,10930.349281658542
64_20240831 18,10798.351950518536
64_20240831 19,10942.409315376266
64_20240831 20,10959.669187573498
64_20240831 21,10963.898508791215
64_20240831 22,10938.319713875375
64_20240831 23,10950.120021675652
65_20240825 00,37.54612133265487
65_20240825 01,30.149156781892366
65_20240825 02,23.951993418151183
65_20240825 03,21.520102488567723
65_20240825 04,20.460093395263343
65_20240825 05,17.422506616056005
65_20240825 06,21.737833581753517
65_20240825 07,31.56102027630263
65_20240825 08,40.233357649735474
65_20240825 09,50.77609640407855
65_20240825 10,52.79002651466582
65_20240825 11,48.05750676417166
65_20240825 12,45.535016320129266
65_20240825 13,43.54603765403673
65_20240825 14,39.15498313324268
65_20240825 15,38.12590919244838
65_20240825 16,38.6737817844467
65_20240825 17,42.025371486110416
65_20240825 18,44.49071223910142
65_20240825 19,47.37141850773169
65_20240825 20,55.613066906769404
65_20240825 21,60.036745406485544
65_20240825 22,57.3658488826093
65_20240825 23,47.73745962453958
65_20240826 00,35.66572024392849
65_20240826 01,27.571197607834822
65_20240826 02,23.509337101794696
65_20240826 03,21.484907158263578
65_20240826 04,20.791062775375643
65_20240826 05,19.1589480766876
65_20240826 06,26.53636717680337
65_20240826 07,43.51541441886715
65_20240826 08,45.52253122824099
65_20240826 09,39.54811294030096
65_20240826 10,37.48535215714755
65_20240826 11,32.39884263766127
65_20240826 12,30.10724460269995
65_20240826 13,32.20894907934195
65_20240826 14,28.29849405804837
65_20240826 15,28.047049815100685
65_20240826 16,28.143342644057203
65_20240826 17,32.18146650659636
65_20240826 18,39.12810121936913
65_20240826 19,44.931143151703125
65_20240826 20,51.854348810759916
65_20240826 21,58.32391251156222
65_20240826 22,57.717549089382466
65_20240826 23,47.72287029426693
65_20240827 00,35.5807963046772
65_20240827 01,27.446516620427428
65_20240827 02,23.454299136841737
65_20240827 03,21.197206821950516
65_20240827 04,20.403981332568502
65_20240827 05,18.591176562825257
65_20240827 06,25.60642301624718
65_20240827 07,42.01899714934143
65_20240827 08,41.41745278863492
65_20240827 09,34.808486360351615
65_20240827 10,37.15859096719784
65_20240827 11,30.386199515559042
65_20240827 12,29.338837160826063
65_20240827 13,29.75325398178809
65_20240827 14,26.97294219678302
65_20240827 15,29.724654552904603
65_20240827 16,29.59584027243674
65_20240827 17,35.6069911829977
65_20240827 18,40.986012056154216
65_20240827 19,46.74790370997085
65_20240827 20,58.27342552846434
65_20240827 21,60.53910715177096
65_20240827 22,59.06730374713319
65_20240827 23,47.92076430688287
65_20240828 00,36.029052445775946
65_20240828 01,27.571954771886855
65_20240828 02,23.32213070957461
65_20240828 03,21.094343808099367
65_20240828 04,20.18948296721681
65_20240828 05,18.17444000274559
65_20240828 06,26.48456990276964
65_20240828 07,49.94239785916549
65_20240828 08,51.27470930036879
65_20240828 09,42.928909241682206
65_20240828 10,39.0464990641082
65_20240828 11,32.758137548541804
65_20240828 12,28.65290502498353
65_20240828 13,30.167668554264473
65_20240828 14,29.49664537303945
65_20240828 15,29.370692713761017
65_20240828 16,27.760928017703115
65_20240828 17,33.5004963688527
65_20240828 18,39.4337863464231
65_20240828 19,50.850046983128095
65_20240828 20,59.213103268998466
65_20240828 21,61.907131073070985
65_20240828 22,61.70651848387772
65_20240828 23,48.85164574581491
65_20240829 00,36.35908511415645
65_20240829 01,28.576407365760286
65_20240829 02,24.869281630260165
65_20240829 03,21.931795025063757
65_20240829 04,22.03050130876558
65_20240829 05,19.29487658751315
65_20240829 06,27.21129202840685
65_20240829 07,49.70433108295342
65_20240829 08,52.50642231034561
65_20240829 09,35.87379492045387
65_20240829 10,37.54672663575327
65_20240829 11,30.2420092207461
65_20240829 12,30.769469765358934
65_20240829 13,30.933892334015006
65_20240829 14,28.9246553682305
65_20240829 15,28.668920273196328
65_20240829 16,28.075117508829265
65_20240829 17,32.71893308612857
65_20240829 18,39.10995680688192
65_20240829 19,50.161020886194585
65_20240829 20,59.4593215008088
65_20240829 21,62.17999254490089
65_20240829 22,61.33263143686659
65_20240829 23,48.179879925465485
65_20240830 00,35.85991561120034
65_20240830 01,27.515863705271503
65_20240830 02,23.135400606162893
65_20240830 03,21.884486330778273
65_20240830 04,23.742187794948254
65_20240830 05,21.62402963276323
65_20240830 06,28.687527544767264
65_20240830 07,49.650942564614326
65_20240830 08,48.173003981533235
65_20240830 09,39.16078333886065
65_20240830 10,36.377859691923554
65_20240830 11,31.342396463359652
65_20240830 12,30.105284315858313
65_20240830 13,31.066348791643026
65_20240830 14,28.771355438683347
65_20240830 15,27.464130204926477
65_20240830 16,27.608666925716207
65_20240830 17,31.575408666213324
65_20240830 18,37.352756406458525
65_20240830 19,43.00759119815367
65_20240830 20,50.68129426964674
65_20240830 21,53.06362237800518
65_20240830 22,52.411106205171485
65_20240830 23,43.90926714914855
65_20240831 00,35.82786609105
65_20240831 01,28.254889569195566
65_20240831 02,23.716683865741558
65_20240831 03,24.60167539188521
65_20240831 04,24.494625682108083
65_20240831 05,21.262291085288144
65_20240831 06,23.34300987393723
65_20240831 07,43.251555684229146
65_20240831 08,50.4115411452207
65_20240831 09,51.79524785781113
65_20240831 10,48.48710538181159
65_20240831 11,47.63378763275338
65_20240831 12,43.72073848289839
65_20240831 13,43.588377393106335
65_20240831 14,35.81313774622138
65_20240831 15,33.239308547130165
65_20240831 16,34.75008007131834
65_20240831 17,35.31054472757005
65_20240831 18,38.27755137667575
65_20240831 19,45.80961192701769
65_20240831 20,52.40830410814811
65_20240831 21,53.71832455883569
65_20240831 22,53.238953350481815
65_20240831 23,45.42647972666047
66_20240825 00,1533.4516035620522
66_20240825 01,1518.7297304100578
66_20240825 02,1505.3962003210181
66_20240825 03,1513.0162745140547
66_20240825 04,1496.3225466854235
66_20240825 05,1496.0705765830648
66_20240825 06,1674.696260366894
66_20240825 07,1625.8462791436384
66_20240825 08,1701.160480148676
66_20240825 09,2138.9221510478087
66_20240825 10,2301.478278634103
66_20240825 11,2312.0684813784487
66_20240825 12,2302.267707283811
66_20240825 13,2346.398805110333
66_20240825 14,2349.3329885655585
66_20240825 15,2384.6239276646706
66_20240825 16,2382.5711911852013
66_20240825 17,2345.6669856470653
66_20240825 18,2160.564651450375
66_20240825 19,1716.6725668527163
66_20240825 20,1710.6195584267323
66_20240825 21,1647.231923631662
66_20240825 22,1629.6592550987814
66_20240825 23,1608.7151701384528
66_20240826 00,1544.2752478157136
66_20240826 01,1518.1015127893293
66_20240826 02,1581.715793285356
66_20240826 03,1533.7509375572783
66_20240826 04,1579.337041408994
66_20240826 05,1564.3335649874073
66_20240826 06,1820.5064561774836
66_20240826 07,2547.7927868077045
66_20240826 08,2834.925435131979
66_20240826 09,2925.1185865054676
66_20240826 10,2849.4472058602864
66_20240826 11,2902.467130117503
66_20240826 12,2922.229419735115
66_20240826 13,3018.6707081883346
66_20240826 14,3025.9808812119572
66_20240826 15,3057.9711819199406
66_20240826 16,3064.6708436490676
66_20240826 17,3001.5126374580527
66_20240826 18,2986.359356402813
66_20240826 19,2701.2880469112984
66_20240826 20,2686.1787267917284
66_20240826 21,2605.4846126665434
66_20240826 22,2061.811147546328
66_20240826 23,1638.4512146684608
66_20240827 00,1585.9789530002913
66_20240827 01,1582.1543269701633
66_20240827 02,1643.1680770728663
66_20240827 03,1656.1703149830728
66_20240827 04,1657.3787690072727
66_20240827 05,1642.3760068727213
66_20240827 06,1883.5089480512631
66_20240827 07,2548.900916793539
66_20240827 08,2869.3591401951444
66_20240827 09,2975.5252971301293
66_20240827 10,2935.477891239262
66_20240827 11,2962.281625640161
66_20240827 12,2927.40080167283
66_20240827 13,3029.1470437611547
66_20240827 14,2958.675353426417
66_20240827 15,2968.8727185389266
66_20240827 16,2943.6899359659055
66_20240827 17,2943.487943241143
66_20240827 18,2957.961218466888
66_20240827 19,2515.0297881534316
66_20240827 20,2426.0287349355985
66_20240827 21,2420.7095927825885
66_20240827 22,1905.4271237354774
66_20240827 23,1509.0150928575574
66_20240828 00,1372.5124322362735
66_20240828 01,1371.784490130851
66_20240828 02,1392.0751926423864
66_20240828 03,1368.0072416660425
66_20240828 04,1417.1886052803666
66_20240828 05,1418.4782655808092
66_20240828 06,1501.3743427001173
66_20240828 07,2316.890014431142
66_20240828 08,2677.8316880141015
66_20240828 09,2767.2358333183497
66_20240828 10,2756.4841581840806
66_20240828 11,2764.4143289497356
66_20240828 12,2804.7249825098875
66_20240828 13,2836.4250533654285
66_20240828 14,2851.2185572967815
66_20240828 15,2863.5451376487767
66_20240828 16,2851.1102425374365
66_20240828 17,2846.962157309685
66_20240828 18,2724.7750844448215
66_20240828 19,2283.3904487031386
66_20240828 20,2172.332989655257
66_20240828 21,2178.7619734876157
66_20240828 22,1762.2762820189168
66_20240828 23,1480.5292180449296
66_20240829 00,1436.6216441814613
66_20240829 01,1433.0438578507167
66_20240829 02,1430.4075261404207
66_20240829 03,1417.5808132215343
66_20240829 04,1425.418181489081
66_20240829 05,1451.44908836505
66_20240829 06,1702.4913643154136
66_20240829 07,2399.9074373850863
66_20240829 08,2818.1518438487296
66_20240829 09,2877.8878542870266
66_20240829 10,2898.37268857911
66_20240829 11,2827.5853798594694
66_20240829 12,2902.4046163870853
66_20240829 13,2998.4801147849807
66_20240829 14,2932.8305264593782
66_20240829 15,2942.7007550270578
66_20240829 16,2937.228959480181
66_20240829 17,2948.9834212786163
66_20240829 18,2888.5921807118752
66_20240829 19,2450.426500794283
66_20240829 20,2396.658465586319
66_20240829 21,2388.998261716463
66_20240829 22,1902.3671786415018
66_20240829 23,1556.0011036027063
66_20240830 00,1477.682757271464
66_20240830 01,1499.6854189622159
66_20240830 02,1431.9881120872903
66_20240830 03,1446.9071752405962
66_20240830 04,1454.1462535688574
66_20240830 05,1438.4801609932765
66_20240830 06,1627.746654509118
66_20240830 07,2398.281621161352
66_20240830 08,2725.91860361974
66_20240830 09,2830.4423193205544
66_20240830 10,2814.9263790447453
66_20240830 11,2811.696337928575
66_20240830 12,2866.8292381337947
66_20240830 13,2898.461948715668
66_20240830 14,2995.004589481843
66_20240830 15,2983.1297724585093
66_20240830 16,2981.9657637353525
66_20240830 17,2923.375032237414
66_20240830 18,2912.482327506274
66_20240830 19,2435.7708853864947
66_20240830 20,2422.442484367204
66_20240830 21,2442.3947134754394
66_20240830 22,1927.6296707876465
66_20240830 23,1548.612276997508
66_20240831 00,1489.1592758162
66_20240831 01,1479.0378079688262
66_20240831 02,1421.6414682624097
66_20240831 03,1373.6434909893073
66_20240831 04,1375.2975001113332
66_20240831 05,1321.7557107944428
66_20240831 06,1380.901814228178
66_20240831 07,1454.5613219813558
66_20240831 08,1541.8141729525644
66_20240831 09,2074.3902585342817
66_20240831 10,2022.0878708166958
66_20240831 11,2060.783240759569
66_20240831 12,2186.2063543426993
66_20240831 13,2265.00440155077
66_20240831 14,2253.5905161105375
66_20240831 15,2321.6254466225555
66_20240831 16,2336.9252511215764
66_20240831 17,2283.758076099524
66_20240831 18,2083.106031649855
66_20240831 19,1598.2299418070095
66_20240831 20,1573.6595066168113
66_20240831 21,1543.5057499534034
66_20240831 22,1560.4729798227559
66_20240831 23,1484.1754089167566
67_20240825 00,10829.092923201106
67_20240825 01,10839.08563933239
67_20240825 02,10806.734323605755
67_20240825 03,10792.618495175475
67_20240825 04,10755.688188729335
67_20240825 05,10216.72872624952
67_20240825 06,10664.635583556676
67_20240825 07,10629.417344152504
67_20240825 08,10756.788009414568
67_20240825 09,10725.069255592725
67_20240825 10,10921.76534151202
67_20240825 11,10788.964849249003
67_20240825 12,10672.444386441228
67_20240825 13,10808.597131307355
67_20240825 14,11130.89397131492
67_20240825 15,10901.7025010084
67_20240825 16,10897.33587220884
67_20240825 17,10992.252348590877
67_20240825 18,10926.597083495994
67_20240825 19,10976.598688637461
67_20240825 20,10903.909978442196
67_20240825 21,10969.889857610548
67_20240825 22,10822.9573704464
67_20240825 23,9961.140553611976
67_20240826 00,10953.44384424042
67_20240826 01,10999.28458099903
67_20240826 02,11041.110442649126
67_20240826 03,11036.364008528224
67_20240826 04,11023.085947975742
67_20240826 05,11071.028112517397
67_20240826 06,11263.28802998794
67_20240826 07,11344.432086526991
67_20240826 08,11336.340036005262
67_20240826 09,11462.122282198923
67_20240826 10,11500.432079128273
67_20240826 11,11391.88105040154
67_20240826 12,10394.691938954882
67_20240826 13,11544.598229907833
67_20240826 14,11210.788323987548
67_20240826 15,11585.014958876323
67_20240826 16,11539.634030491465
67_20240826 17,11035.987566433547
67_20240826 18,10924.968509342038
67_20240826 19,10649.49762445319
67_20240826 20,11023.692803026031
67_20240826 21,11043.485585545244
67_20240826 22,11116.2152914917
67_20240826 23,11019.282830649967
67_20240827 00,11030.182085166749
67_20240827 01,11043.632264003914
67_20240827 02,11021.219474602834
67_20240827 03,11048.702518256274
67_20240827 04,11079.0742693801
67_20240827 05,11030.624879889367
67_20240827 06,11096.825875692371
67_20240827 07,10661.167994278634
67_20240827 08,10800.841786591525
67_20240827 09,11212.884803495046
67_20240827 10,11180.57421950422
67_20240827 11,10975.095927215567
67_20240827 12,11460.008537804666
67_20240827 13,11321.984470988516
67_20240827 14,11482.259705183964
67_20240827 15,11509.35921521739
67_20240827 16,11538.45551866847
67_20240827 17,11115.151850522956
67_20240827 18,11257.342848168828
67_20240827 19,11031.68854358362
67_20240827 20,11028.385963409843
67_20240827 21,11030.130153419772
67_20240827 22,10983.174200440946
67_20240827 23,10243.639274771693
67_20240828 00,10529.789509486305
67_20240828 01,10599.226717604228
67_20240828 02,10564.78491646492
67_20240828 03,10463.40165270203
67_20240828 04,10434.114862805749
67_20240828 05,10467.27246160618
67_20240828 06,10763.197202111527
67_20240828 07,10816.155500814742
67_20240828 08,10635.905381037692
67_20240828 09,11395.9379174303
67_20240828 10,11473.98850829655
67_20240828 11,11111.343487934411
67_20240828 12,10991.015173626298
67_20240828 13,10921.561279122347
67_20240828 14,10723.19057766358
67_20240828 15,10927.41080370564
67_20240828 16,11112.686917121757
67_20240828 17,10812.376683378428
67_20240828 18,10722.864118317737
67_20240828 19,10880.188561795583
67_20240828 20,11055.216015451924
67_20240828 21,11016.224609232204
67_20240828 22,11050.981855419443
67_20240828 23,11038.082067217721
67_20240829 00,10996.407689807496
67_20240829 01,11004.463715943433
67_20240829 02,10965.525981136152
67_20240829 03,10153.89940045366
67_20240829 04,10552.352956129569
67_20240829 05,10468.446837742556
67_20240829 06,10773.564282576393
67_20240829 07,10856.243501462362
67_20240829 08,11272.625929688402
67_20240829 09,11390.384897251151
67_20240829 10,11430.945973294442
67_20240829 11,11204.16450619058
67_20240829 12,10852.010526973168
67_20240829 13,10927.438547531136
67_20240829 14,10194.086356991977
67_20240829 15,10949.764268601935
67_20240829 16,10857.38382989464
67_20240829 17,9769.805132750742
67_20240829 18,11246.285387752117
67_20240829 19,11021.985051000189
67_20240829 20,11022.610229588521
67_20240829 21,10459.886804184884
67_20240829 22,11055.828466372803
67_20240829 23,11008.657288941124
67_20240830 00,10893.148223037897
67_20240830 01,10686.262760165468
67_20240830 02,9940.402011118062
67_20240830 03,10413.50650482077
67_20240830 04,10594.199263003264
67_20240830 05,10496.723058161653
67_20240830 06,10703.211901062907
67_20240830 07,10723.482064329095
67_20240830 08,10783.186848837042
67_20240830 09,11137.420946429984
67_20240830 10,10991.07142837365
67_20240830 11,10787.798995232384
67_20240830 12,10672.412075743785
67_20240830 13,10828.50735294734
67_20240830 14,10817.660793980049
67_20240830 15,10413.83770313945
67_20240830 16,10600.699403879464
67_20240830 17,10277.684284580437
67_20240830 18,10446.106967376505
67_20240830 19,10875.948114211067
67_20240830 20,10964.120297439862
67_20240830 21,10929.33840814033
67_20240830 22,10959.259183877059
67_20240830 23,10953.262790379229
67_20240831 00,10593.90902043841
67_20240831 01,10146.82086571923
67_20240831 02,10365.553252051403
67_20240831 03,10343.666694530779
67_20240831 04,10249.910960816404
67_20240831 05,10341.217161273804
67_20240831 06,10416.402928994838
67_20240831 07,10321.64732462592
67_20240831 08,10334.659079902296
67_20240831 09,10559.40811033346
67_20240831 10,10705.228975488022
67_20240831 11,10421.474666325454
67_20240831 12,10458.475331848216
67_20240831 13,10641.037858991069
67_20240831 14,10543.38019711499
67_20240831 15,10758.23739753028
67_20240831 16,10845.074696388865
67_20240831 17,10663.717773759678
67_20240831 18,10090.693419626488
67_20240831 19,10024.589722912473
67_20240831 20,10500.556649767841
67_20240831 21,10436.633582030452
67_20240831 22,10790.162467802673
67_20240831 23,10706.542349847485
68_20240825 00,1708.2901060638305
68_20240825 01,1792.6558304253113
68_20240825 02,1847.6107069091547
68_20240825 03,1596.156501444486
68_20240825 04,1568.9040970583435
68_20240825 05,1512.8934103207748
68_20240825 06,1267.4002742145328
68_20240825 07,1356.1279274109315
68_20240825 08,1354.427774161421
68_20240825 09,1493.9648232334014
68_20240825 10,1549.0015716893192
68_20240825 11,1549.686422354331
68_20240825 12,1587.0278114563423
68_20240825 13,1631.2721052192526
68_20240825 14,1682.780739117241
68_20240825 15,1667.2537547143713
68_20240825 16,1681.5276903644879
68_20240825 17,1530.3972300664966
68_20240825 18,1507.8336284844627
68_20240825 19,1523.056811339455
68_20240825 20,1533.9539275844752
68_20240825 21,1568.289920211004
68_20240825 22,1753.9359504844836
68_20240825 23,1870.017598182146
68_20240826 00,1823.6954422884678
68_20240826 01,1883.0808789546743
68_20240826 02,1767.4783921970002
68_20240826 03,1709.7569330345905
68_20240826 04,1693.9139549685485
68_20240826 05,1594.2516233691897
68_20240826 06,1691.9974942962956
68_20240826 07,1846.4060343913854
68_20240826 08,2247.7413992224688
68_20240826 09,3028.095810022778
68_20240826 10,3194.701549338786
68_20240826 11,3249.184292480684
68_20240826 12,3363.711705371887
68_20240826 13,3459.555304881833
68_20240826 14,3439.6527768269366
68_20240826 15,3308.221337574925
68_20240826 16,3236.6581388529557
68_20240826 17,2971.689283838762
68_20240826 18,2094.3352826316072
68_20240826 19,1697.485255261966
68_20240826 20,1637.5820000809156
68_20240826 21,1652.4253245985929
68_20240826 22,1930.5498980923342
68_20240826 23,1989.0048893789665
68_20240827 00,2133.828123178397
68_20240827 01,2174.4302979884237
68_20240827 02,2057.843773971646
68_20240827 03,1999.6023182485033
68_20240827 04,1960.901351731766
68_20240827 05,1969.9817570401087
68_20240827 06,2068.024836326788
68_20240827 07,2064.799352796146
68_20240827 08,2449.862021994504
68_20240827 09,2839.037078424333
68_20240827 10,3081.4087383360907
68_20240827 11,3139.6181032652285
68_20240827 12,2994.0413279724326
68_20240827 13,3164.304952570113
68_20240827 14,3218.552348845618
68_20240827 15,3186.7472062841293
68_20240827 16,3126.4807705135295
68_20240827 17,2741.2872852681003
68_20240827 18,2052.2103618754536
68_20240827 19,1684.0649243239675
68_20240827 20,1543.7675640415841
68_20240827 21,1504.5319995656953
68_20240827 22,1653.548767607988
68_20240827 23,1668.8446813482876
68_20240828 00,1823.2867859766661
68_20240828 01,1888.5761631545608
68_20240828 02,1715.7779826828998
68_20240828 03,1679.0181052576092
68_20240828 04,1694.5316415846742
68_20240828 05,1699.2181869258402
68_20240828 06,1755.2932098359856
68_20240828 07,1781.8832518717554
68_20240828 08,2219.4374521018412
68_20240828 09,2809.404186581264
68_20240828 10,3011.5990734115385
68_20240828 11,3162.036172842962
68_20240828 12,3171.1773457694253
68_20240828 13,3188.666767255982
68_20240828 14,3192.469473557792
68_20240828 15,3242.77087801319
68_20240828 16,3197.030932802642
68_20240828 17,2959.661485708595
68_20240828 18,2067.0719433294444
68_20240828 19,1606.9465576431928
68_20240828 20,1564.9857205970277
68_20240828 21,1519.3761568106452
68_20240828 22,1737.689557612951
68_20240828 23,1821.386647498814
68_20240829 00,1767.0450466739533
68_20240829 01,1873.8757430447179
68_20240829 02,1709.6583201974156
68_20240829 03,1510.0966299272363
68_20240829 04,1492.6479788369497
68_20240829 05,1518.1221881928966
68_20240829 06,1555.7863557813175
68_20240829 07,1695.653409070714
68_20240829 08,2088.3748784253144
68_20240829 09,2720.458928004159
68_20240829 10,2930.639738573171
68_20240829 11,3002.9535709972683
68_20240829 12,3148.3166754946988
68_20240829 13,3239.92899351223
68_20240829 14,3235.4221374891604
68_20240829 15,3226.1202835670347
68_20240829 16,3205.180149357158
68_20240829 17,2853.547734536832
68_20240829 18,2059.389484953581
68_20240829 19,1580.3130058261002
68_20240829 20,1496.2935059071394
68_20240829 21,1443.471765146064
68_20240829 22,1700.1028429265034
68_20240829 23,1912.66630543888
68_20240830 00,1669.6733568172883
68_20240830 01,1746.4925705087794
68_20240830 02,1503.6899827814864
68_20240830 03,1435.2457715973217
68_20240830 04,1523.4197884839664
68_20240830 05,1410.7579787452066
68_20240830 06,1508.0960970588028
68_20240830 07,1572.6584121246601
68_20240830 08,2240.4500039799864
68_20240830 09,2765.1003550727432
68_20240830 10,3040.121870433544
68_20240830 11,3142.896457991131
68_20240830 12,3347.7424091483213
68_20240830 13,3356.381378163731
68_20240830 14,3156.640068406988
68_20240830 15,3155.1688125765722
68_20240830 16,3415.9446452263946
68_20240830 17,2931.3678640072217
68_20240830 18,2159.65463233087
68_20240830 19,1635.6415460288763
68_20240830 20,1505.7561947524264
68_20240830 21,1383.6157214562406
68_20240830 22,1548.7130651729956
68_20240830 23,1420.1738711445075
68_20240831 00,1182.9259919385102
68_20240831 01,1418.0208948465024
68_20240831 02,1444.2798371594424
68_20240831 03,1406.669691838367
68_20240831 04,1391.7468179764355
68_20240831 05,1375.2236618190918
68_20240831 06,1356.964762674868
68_20240831 07,1380.5278995575384
68_20240831 08,1289.509498183489
68_20240831 09,1509.080068461518
68_20240831 10,1492.4905054267276
68_20240831 11,1497.6451360674228
68_20240831 12,1476.7408220013563
68_20240831 13,1525.233875477695
68_20240831 14,1616.7661270954
68_20240831 15,1713.6417075604884
68_20240831 16,1645.2621672754376
68_20240831 17,1596.327699074297
68_20240831 18,1429.4640776367023
68_20240831 19,1497.5859137652894
68_20240831 20,1511.8881354129146
68_20240831 21,1467.6249922705638
68_20240831 22,1784.3240561881353
68_20240831 23,1735.3246122897253
69_20240825 00,7353.198682898816
69_20240825 01,7339.515321326677
69_20240825 02,7347.1561335044835
69_20240825 03,7335.085320321028
69_20240825 04,7150.834636899041
69_20240825 05,7177.547083404898
69_20240825 06,7046.336240698232
69_20240825 07,6993.515547058236
69_20240825 08,7245.473119866952
69_20240825 09,7228.584683651314
69_20240825 10,7359.661234711185
69_20240825 11,7469.0732872294775
69_20240825 12,7674.930194192873
69_20240825 13,7685.6920703313845
69_20240825 14,7679.871459362564
69_20240825 15,7896.925719244484
69_20240825 16,7755.646587628647
69_20240825 17,7836.080818759714
69_20240825 18,7834.047036802747
69_20240825 19,7816.46089658963
69_20240825 20,7756.823164342819
69_20240825 21,7648.918062238044
69_20240825 22,7535.890610743142
69_20240825 23,7390.858252136808
69_20240826 00,7568.406226073654
69_20240826 01,7552.510997055402
69_20240826 02,7455.858747711613
69_20240826 03,7511.734688790928
69_20240826 04,7519.477052091554
69_20240826 05,7521.53365788258
69_20240826 06,8444.739751041345
69_20240826 07,9599.020338437187
69_20240826 08,9934.131140443422
69_20240826 09,10010.051086290097
69_20240826 10,10034.271989148916
69_20240826 11,10034.358503678033
69_20240826 12,10072.629583863192
69_20240826 13,10081.457277647261
69_20240826 14,10071.847027699012
69_20240826 15,10075.084134664163
69_20240826 16,10077.988446286272
69_20240826 17,10057.29331303529
69_20240826 18,9534.244023276418
69_20240826 19,8704.457694214389
69_20240826 20,8374.959152259771
69_20240826 21,8111.224204075205
69_20240826 22,7899.949075626502
69_20240826 23,7707.171742094087
69_20240827 00,7635.115977773534
69_20240827 01,7628.508589007076
69_20240827 02,7546.857953071131
69_20240827 03,7561.301758769652
69_20240827 04,7591.714630664699
69_20240827 05,7608.857764321547
69_20240827 06,8546.563602310269
69_20240827 07,9666.845728908393
69_20240827 08,9902.059242030633
69_20240827 09,10038.12438066775
69_20240827 10,10052.166503153147
69_20240827 11,9984.174287234237
69_20240827 12,9958.839142527355
69_20240827 13,10023.671650618093
69_20240827 14,10017.302580493235
69_20240827 15,10016.767865441121
69_20240827 16,9995.081483990358
69_20240827 17,9945.590310929927
69_20240827 18,9331.82002491729
69_20240827 19,8333.679783112982
69_20240827 20,7779.751241849127
69_20240827 21,7565.6620847549575
69_20240827 22,7119.482772056026
69_20240827 23,6881.290826806127
69_20240828 00,6847.304845895729
69_20240828 01,6562.689877439711
69_20240828 02,6296.135260092309
69_20240828 03,6115.215952621415
69_20240828 04,6120.306007441409
69_20240828 05,6194.371385845851
69_20240828 06,6932.916015817805
69_20240828 07,8045.530702678386
69_20240828 08,8618.12222638826
69_20240828 09,9241.263698331786
69_20240828 10,9674.533619667498
69_20240828 11,9436.68211215973
69_20240828 12,9672.772733162548
69_20240828 13,9795.361979032763
69_20240828 14,9856.34731756747
69_20240828 15,9870.715231185
69_20240828 16,9900.003169188145
69_20240828 17,9892.630540885266
69_20240828 18,9084.056639134125
69_20240828 19,8279.860623500408
69_20240828 20,7520.274551619773
69_20240828 21,7423.111069864228
69_20240828 22,6893.805227974246
69_20240828 23,6866.459246863264
69_20240829 00,6760.761330623653
69_20240829 01,6733.077952433428
69_20240829 02,6701.427014110708
69_20240829 03,6554.987017420136
69_20240829 04,6254.750005162926
69_20240829 05,6213.236893702181
69_20240829 06,6855.291103077207
69_20240829 07,7636.774752782298
69_20240829 08,8455.735806471672
69_20240829 09,9250.448430079749
69_20240829 10,9090.894610917625
69_20240829 11,9148.109252367642
69_20240829 12,9205.380343226157
69_20240829 13,9296.01320972649
69_20240829 14,9328.168895067669
69_20240829 15,8853.058370213736
69_20240829 16,9042.788921916568
69_20240829 17,9387.606647928988
69_20240829 18,8982.813145828097
69_20240829 19,8036.139645672482
69_20240829 20,7911.1997389993785
69_20240829 21,7564.408161360713
69_20240829 22,7372.299340253196
69_20240829 23,7170.076657650327
69_20240830 00,7010.36670513782
69_20240830 01,6834.9083112605995
69_20240830 02,6825.491892921591
69_20240830 03,6585.74946235691
69_20240830 04,6600.011650585769
69_20240830 05,6341.172041191617
69_20240830 06,7072.088988592
69_20240830 07,8746.1875433687
69_20240830 08,9033.900366985077
69_20240830 09,9527.671862354617
69_20240830 10,9613.641154476834
69_20240830 11,9903.022442768424
69_20240830 12,9773.943414865465
69_20240830 13,9909.034726911623
69_20240830 14,9906.318917261999
69_20240830 15,9552.717797556274
69_20240830 16,10020.649296414043
69_20240830 17,10017.281747862675
69_20240830 18,9253.620539532623
69_20240830 19,8354.097586005919
69_20240830 20,7466.498550747308
69_20240830 21,7374.365989970827
69_20240830 22,7207.351028060517
69_20240830 23,7088.761846924199
69_20240831 00,6854.604492909293
69_20240831 01,6873.075108653656
69_20240831 02,6507.373758484427
69_20240831 03,6138.584095110862
69_20240831 04,6124.988946852421
69_20240831 05,6210.521807941624
69_20240831 06,6440.624525535987
69_20240831 07,6390.267401882334
69_20240831 08,6546.0935623698515
69_20240831 09,6940.774111635867
69_20240831 10,6809.288353127851
69_20240831 11,6192.846158754011
69_20240831 12,6445.1328053828365
69_20240831 13,6811.4550798416985
69_20240831 14,7497.69792281935
69_20240831 15,7514.600883379586
69_20240831 16,7529.156281567
69_20240831 17,7601.496186871723
69_20240831 18,7646.170031430037
69_20240831 19,7111.881017863033
69_20240831 20,7002.909445827379
69_20240831 21,7123.370625290453
69_20240831 22,7253.200999866151
69_20240831 23,7057.535990691378
70_20240825 00,3168.023782573358
70_20240825 01,2514.642444841526
70_20240825 02,2070.158444007568
70_20240825 03,1932.6990372111318
70_20240825 04,1832.0650881419297
70_20240825 05,1825.3635872374336
70_20240825 06,1823.3862630302121
70_20240825 07,2093.041709301007
70_20240825 08,2708.3050156381264
70_20240825 09,2965.6350680873757
70_20240825 10,3028.584531429911
70_20240825 11,3151.995409866375
70_20240825 12,3388.563508788522
70_20240825 13,3484.660440680415
70_20240825 14,3588.7969193628396
70_20240825 15,3590.149336737065
70_20240825 16,3585.0286763093836
70_20240825 17,3766.417419364847
70_20240825 18,3933.1733276088808
70_20240825 19,4179.3429645332835
70_20240825 20,4145.496469967138
70_20240825 21,4106.426404706708
70_20240825 22,3408.5586647811792
70_20240825 23,3198.8888306273943
70_20240826 00,2656.065718423452
70_20240826 01,2125.5155649487683
70_20240826 02,1884.4830600574737
70_20240826 03,1856.856319915919
70_20240826 04,1834.8736028306405
70_20240826 05,1756.2182436789774
70_20240826 06,1801.2792365719836
70_20240826 07,2079.4139912321407
70_20240826 08,2718.8733374048375
70_20240826 09,2960.608091122129
70_20240826 10,3042.5133658195687
70_20240826 11,3142.7668013530715
70_20240826 12,3376.1640039521058
70_20240826 13,3489.5527754714494
70_20240826 14,3577.9280960344777
70_20240826 15,3595.3055942145897
70_20240826 16,3587.4118989900035
70_20240826 17,3680.1048676224973
70_20240826 18,3912.9228388115343
70_20240826 19,4173.905402382841
70_20240826 20,4141.17279544309
70_20240826 21,4129.5032846400345
70_20240826 22,4127.506626436521
70_20240826 23,3757.1236757070815
70_20240827 00,3274.0161449168604
70_20240827 01,2561.346180021989
70_20240827 02,2292.8088418294137
70_20240827 03,2127.877061065843
70_20240827 04,2141.351790245958
70_20240827 05,1943.608995730848
70_20240827 06,1945.2551480605791
70_20240827 07,2362.2647081633604
70_20240827 08,2611.3935548945747
70_20240827 09,2899.6354544990972
70_20240827 10,2963.393604911065
70_20240827 11,3007.6085898907836
70_20240827 12,3268.552828658732
70_20240827 13,3430.921818857544
70_20240827 14,3296.980230905195
70_20240827 15,3150.9570320181265
70_20240827 16,3370.5238121404927
70_20240827 17,3277.503552480664
70_20240827 18,2874.088798358838
70_20240827 19,2969.175187394677
70_20240827 20,3145.338197251806
70_20240827 21,3167.9488123625374
70_20240827 22,3186.462717751418
70_20240827 23,3070.0222447968285
70_20240828 00,2543.3782708176723
70_20240828 01,1994.933399010591
70_20240828 02,1713.432076750583
70_20240828 03,1677.6308821839136
70_20240828 04,1626.5785364151277
70_20240828 05,1617.8565760617953
70_20240828 06,1682.299355669146
70_20240828 07,1914.858587449173
70_20240828 08,2018.146976337113
70_20240828 09,2089.369912154983
70_20240828 10,2321.9682839851694
70_20240828 11,2113.4508156808647
70_20240828 12,2249.0854270516543
70_20240828 13,2933.3946208921716
70_20240828 14,3344.884608007656
70_20240828 15,3077.609413567782
70_20240828 16,3274.24321310743
70_20240828 17,3489.1049464282055
70_20240828 18,3830.1344465170832
70_20240828 19,3749.7937331000444
70_20240828 20,3535.961941164373
70_20240828 21,3572.142535750944
70_20240828 22,3418.063925637517
70_20240828 23,3239.9812279125454
70_20240829 00,2571.6358971016098
70_20240829 01,2099.408009475343
70_20240829 02,1857.6097436432701
70_20240829 03,1789.385305056083
70_20240829 04,1768.1517341804363
70_20240829 05,1822.0514245797067
70_20240829 06,1968.7695728542785
70_20240829 07,2282.02643009448
70_20240829 08,2618.396529578705
70_20240829 09,2814.8515800353794
70_20240829 10,3001.705747870198
70_20240829 11,3061.136582039393
70_20240829 12,3266.994233943092
70_20240829 13,3429.0278928593416
70_20240829 14,3161.590363935322
70_20240829 15,3458.590258992462
70_20240829 16,3478.4513122313524
70_20240829 17,3528.4732664771254
70_20240829 18,3829.9593315037587
70_20240829 19,3855.1383425125837
70_20240829 20,3265.8014671059123
70_20240829 21,3296.2639859729925
70_20240829 22,3288.4846133016713
70_20240829 23,2983.1380315344
70_20240830 00,2554.053718546074
70_20240830 01,2096.521286283522
70_20240830 02,1857.8988508627342
70_20240830 03,1788.9272139696118
70_20240830 04,1768.5522601743137
70_20240830 05,1750.2216167769875
70_20240830 06,1742.9070042302642
70_20240830 07,1999.7782156715843
70_20240830 08,2149.558403524333
70_20240830 09,2782.812854841804
70_20240830 10,2976.029272145241
70_20240830 11,3034.8581321585134
70_20240830 12,3264.163347906752
70_20240830 13,2662.5998157489926
70_20240830 14,2570.9102206163775
70_20240830 15,2694.7594925877033
70_20240830 16,2628.901751202316
70_20240830 17,3565.202915013845
70_20240830 18,3920.972246746956
70_20240830 19,4140.279340020734
70_20240830 20,4156.846289352397
70_20240830 21,4136.136779561118
70_20240830 22,4020.547847806937
70_20240830 23,3307.8098084300486
70_20240831 00,2745.5944453548573
70_20240831 01,2146.448523198543
70_20240831 02,1920.2290389741777
70_20240831 03,1798.359854876735
70_20240831 04,1766.0770018902094
70_20240831 05,1684.1452377687
70_20240831 06,1714.0014096022053
70_20240831 07,1983.3118925922913
70_20240831 08,2088.095668053821
70_20240831 09,2577.519181714409
70_20240831 10,2761.0902902053635
70_20240831 11,2567.3544563964324
70_20240831 12,3292.8218347338266
70_20240831 13,2670.070473768325
70_20240831 14,2607.2226355436896
70_20240831 15,2748.759688142518
70_20240831 16,3109.1534848820534
70_20240831 17,3438.278746640247
70_20240831 18,3423.824319636409
70_20240831 19,3213.0547090855957
70_20240831 20,3159.0179188870347
70_20240831 21,3213.888857614136
70_20240831 22,3113.082724490797
70_20240831 23,2921.8939407213916
71_20240825 00,1305.506997079116
71_20240825 01,1055.5539154822002
71_20240825 02,883.7698275080928
71_20240825 03,808.014232950121
71_20240825 04,772.1648655684824
71_20240825 05,764.0769284821822
71_20240825 06,834.9719004610455
71_20240825 07,956.0344851298605
71_20240825 08,1006.1407476191148
71_20240825 09,1045.895852254497
71_20240825 10,1248.3624230227535
71_20240825 11,1265.9191305107718
71_20240825 12,1565.294799698311
71_20240825 13,1619.3875820844073
71_20240825 14,1597.176508601127
71_20240825 15,1346.6889856889993
71_20240825 16,1163.5976367856026
71_20240825 17,1520.7910218040754
71_20240825 18,1705.7753452856211
71_20240825 19,1871.3045708917518
71_20240825 20,1839.741540614436
71_20240825 21,1851.7618450059322
71_20240825 22,1731.8639366314283
71_20240825 23,1507.735307860722
71_20240826 00,1261.4454571744295
71_20240826 01,1058.9812650732008
71_20240826 02,938.6302962856015
71_20240826 03,827.1970194964637
71_20240826 04,790.1294282308481
71_20240826 05,758.4726115602522
71_20240826 06,785.8911733456914
71_20240826 07,969.739155037455
71_20240826 08,1037.146391484665
71_20240826 09,1107.7254363924656
71_20240826 10,1178.5969484936531
71_20240826 11,1379.6104795637568
71_20240826 12,1083.5216709682848
71_20240826 13,1311.3014861962743
71_20240826 14,1184.9861120233575
71_20240826 15,1175.8255328218438
71_20240826 16,1235.3979281107652
71_20240826 17,1435.201897562733
71_20240826 18,1544.7612288469775
71_20240826 19,1846.9499172022984
71_20240826 20,1847.5982057003764
71_20240826 21,1876.4235740260974
71_20240826 22,1725.2749918491054
71_20240826 23,1540.1235783263505
71_20240827 00,1252.7040711344393
71_20240827 01,1119.5376695290458
71_20240827 02,975.8022490841341
71_20240827 03,893.2396456003337
71_20240827 04,866.364206398205
71_20240827 05,830.6680746006018
71_20240827 06,881.7913535807055
71_20240827 07,1009.154931964101
71_20240827 08,1041.8381253432317
71_20240827 09,989.5017442098981
71_20240827 10,955.0527748839876
71_20240827 11,955.3355519705933
71_20240827 12,923.1451573684807
71_20240827 13,1005.0691564793336
71_20240827 14,1102.2591476171835
71_20240827 15,1060.4472771156493
71_20240827 16,1136.28054080048
71_20240827 17,1195.602393912046
71_20240827 18,1345.5396537658191
71_20240827 19,1583.3156109278723
71_20240827 20,1610.2796911512257
71_20240827 21,1576.3807638627436
71_20240827 22,1265.5217475245015
71_20240827 23,1076.2419022866727
71_20240828 00,965.7084404051227
71_20240828 01,846.5026928112887
71_20240828 02,728.613439270776
71_20240828 03,682.3833782739391
71_20240828 04,657.1879982053514
71_20240828 05,645.9121501572516
71_20240828 06,645.7288651653365
71_20240828 07,790.3446107837653
71_20240828 08,880.463288819648
71_20240828 09,878.4695593502997
71_20240828 10,821.3175223488139
71_20240828 11,1028.8845812529084
71_20240828 12,1049.1730545517423
71_20240828 13,1141.1584967045494
71_20240828 14,959.7223954030223
71_20240828 15,1024.3335760121772
71_20240828 16,1181.1605000935333
71_20240828 17,1316.0193889192037
71_20240828 18,1492.7159974915883
71_20240828 19,1679.4449108902706
71_20240828 20,1784.9782285696447
71_20240828 21,1705.6729528856774
71_20240828 22,1536.9325703911966
71_20240828 23,1204.6831151466083
71_20240829 00,1043.4001371249062
71_20240829 01,979.3765055994564
71_20240829 02,806.5504576771173
71_20240829 03,723.394542863398
71_20240829 04,672.4061525730679
71_20240829 05,654.4724756105868
71_20240829 06,701.536618997426
71_20240829 07,796.4701491645222
71_20240829 08,895.6591310793508
71_20240829 09,846.4279527203939
71_20240829 10,903.1156866721652
71_20240829 11,1033.7774728961288
71_20240829 12,1119.4408304783817
71_20240829 13,1286.608105330057
71_20240829 14,1408.6558349373372
71_20240829 15,1463.8474369630526
71_20240829 16,1384.4744511413996
71_20240829 17,1385.6157984151594
71_20240829 18,1530.8601094780056
71_20240829 19,1713.318278577863
71_20240829 20,1760.2831853696612
71_20240829 21,1755.9644716027926
71_20240829 22,1626.6425544805393
71_20240829 23,1377.5215472452364
71_20240830 00,1074.5911268553239
71_20240830 01,987.1248071435396
71_20240830 02,831.2168252235614
71_20240830 03,744.9360163015516
71_20240830 04,663.0300426348851
71_20240830 05,649.7133897007282
71_20240830 06,692.1540241838521
71_20240830 07,837.2716666453246
71_20240830 08,930.8510116649818
71_20240830 09,851.3084257330989
71_20240830 10,899.6238429562661
71_20240830 11,1132.7898103924638
71_20240830 12,1154.4060786310483
71_20240830 13,1313.8152387739385
71_20240830 14,1385.4583360453269
71_20240830 15,1436.0391571594002
71_20240830 16,1512.8875208148156
71_20240830 17,1440.0978047211097
71_20240830 18,1510.5824428208578
71_20240830 19,1819.5159410160625
71_20240830 20,1676.6816048570092
71_20240830 21,1515.7161336151944
71_20240830 22,1362.682288482324
71_20240830 23,1111.2393244226807
71_20240831 00,944.5699947763137
71_20240831 01,792.2768565678621
71_20240831 02,665.9579222117761
71_20240831 03,627.004754022903
71_20240831 04,621.688122607683
71_20240831 05,631.3353527018497
71_20240831 06,671.2377710198551
71_20240831 07,821.6406572244975
71_20240831 08,881.481004611444
71_20240831 09,965.7256922327628
71_20240831 10,985.9535915912743
71_20240831 11,1086.3631461263788
71_20240831 12,1089.8727443900088
71_20240831 13,1223.3845290904953
71_20240831 14,1382.83166103979
71_20240831 15,1279.8524537836256
71_20240831 16,1508.0150367747392
71_20240831 17,1466.5888774331502
71_20240831 18,1491.7879067825318
71_20240831 19,1647.2195496741463
71_20240831 20,1580.3578960541515
71_20240831 21,1551.3219057853419
71_20240831 22,1402.2280700678498
71_20240831 23,1174.5229633797637
72_20240825 00,1259.4019426835252
72_20240825 01,1243.6576027218523
72_20240825 02,1231.396370601906
72_20240825 03,1232.1956454059884
72_20240825 04,1196.689647071963
72_20240825 05,1203.4956660928615
72_20240825 06,1249.7214127262955
72_20240825 07,1168.110223912683
72_20240825 08,1049.778569424231
72_20240825 09,865.8814047183572
72_20240825 10,769.6211406009214
72_20240825 11,712.540308329044
72_20240825 12,735.5239315697747
72_20240825 13,743.6758659537073
72_20240825 14,889.9033666228898
72_20240825 15,898.0278328853746
72_20240825 16,994.9038432158765
72_20240825 17,1069.5237295302793
72_20240825 18,1102.5244912029116
72_20240825 19,1208.3522838181186
72_20240825 20,1278.374983630114
72_20240825 21,1280.408458525696
72_20240825 22,1289.5058250612194
72_20240825 23,1304.9300992976698
72_20240826 00,1583.5697426715947
72_20240826 01,1658.362527509501
72_20240826 02,1653.7057742757804
72_20240826 03,1567.5178921771148
72_20240826 04,1317.98997382794
72_20240826 05,1337.1138972938074
72_20240826 06,1418.5429811293166
72_20240826 07,1567.4049854678594
72_20240826 08,1656.209684493406
72_20240826 09,1822.2223317092137
72_20240826 10,1791.2595628885367
72_20240826 11,1746.1415868291608
72_20240826 12,1732.4208177254905
72_20240826 13,1765.4366633562017
72_20240826 14,1631.5692023340089
72_20240826 15,1560.274553517436
72_20240826 16,1524.7661379083504
72_20240826 17,1603.875723620905
72_20240826 18,1592.4514973995913
72_20240826 19,1395.062126670893
72_20240826 20,1320.7469409380521
72_20240826 21,1324.5896575924687
72_20240826 22,1435.6135526269009
72_20240826 23,1464.2053267114582
72_20240827 00,1742.9638619997256
72_20240827 01,1853.0626920143472
72_20240827 02,1834.9458500473067
72_20240827 03,1777.1625571472282
72_20240827 04,1479.2309950158883
72_20240827 05,1497.565285980023
72_20240827 06,1597.2777770573061
72_20240827 07,1684.53566476788
72_20240827 08,1693.9939244425925
72_20240827 09,1901.0148550066574
72_20240827 10,1900.2281101464237
72_20240827 11,1891.8609140035603
72_20240827 12,1877.3405243674285
72_20240827 13,1887.62967362541
72_20240827 14,1643.4997116223503
72_20240827 15,1547.5304273071745
72_20240827 16,1461.3543578970841
72_20240827 17,1498.8746688024896
72_20240827 18,1496.8665393721492
72_20240827 19,1349.5042903139522
72_20240827 20,1294.1516592537646
72_20240827 21,1325.0502363749488
72_20240827 22,1462.1244537012296
72_20240827 23,1522.4818115065605
72_20240828 00,1717.3187453159978
72_20240828 01,1813.3958431679234
72_20240828 02,1834.8249432018392
72_20240828 03,1767.0339138437614
72_20240828 04,1437.0837545978993
72_20240828 05,1424.5497165215204
72_20240828 06,1512.4895868942144
72_20240828 07,1687.4503933981923
72_20240828 08,1708.1668092211387
72_20240828 09,1897.6603119663014
72_20240828 10,1888.2099301302121
72_20240828 11,1885.4221777546954
72_20240828 12,1863.0393795783189
72_20240828 13,1874.8226855331652
72_20240828 14,1623.3572440125934
72_20240828 15,1509.5695531875385
72_20240828 16,1476.3788269505978
72_20240828 17,1546.7566802893004
72_20240828 18,1516.48173598923
72_20240828 19,1375.6736998048857
72_20240828 20,1339.8328064235282
72_20240828 21,1339.562176615406
72_20240828 22,1458.4962655270842
72_20240828 23,1500.9359173369264
72_20240829 00,1703.4568616906558
72_20240829 01,1812.5837010819191
72_20240829 02,1808.8722880666176
72_20240829 03,1739.2097402649506
72_20240829 04,1468.362969353929
72_20240829 05,1462.8842721610088
72_20240829 06,1531.3056521633775
72_20240829 07,1674.0986009403084
72_20240829 08,1695.030793724594
72_20240829 09,1842.5268274209184
72_20240829 10,1843.9280090804414
72_20240829 11,1789.0027878432438
72_20240829 12,1801.495121734509
72_20240829 13,1824.2276143960257
72_20240829 14,1573.5613783262163
72_20240829 15,1484.8124687655386
72_20240829 16,1387.3963450504828
72_20240829 17,1487.1911276620433
72_20240829 18,1464.5064030574918
72_20240829 19,1362.7890552179379
72_20240829 20,1320.5197416443254
72_20240829 21,1321.6222969507644
72_20240829 22,1443.8626457723983
72_20240829 23,1502.713610875753
72_20240830 00,1739.4051265447404
72_20240830 01,1846.9609596383154
72_20240830 02,1849.801814286757
72_20240830 03,1778.2060910289033
72_20240830 04,1451.160528801984
72_20240830 05,1461.5088980593025
72_20240830 06,1566.9040567698041
72_20240830 07,1668.7674492533902
72_20240830 08,1684.8483596626634
72_20240830 09,1820.267403809949
72_20240830 10,1822.9427362753381
72_20240830 11,1732.3965650865061
72_20240830 12,1657.0785126961794
72_20240830 13,1672.6291418990477
72_20240830 14,1467.7585892269715
72_20240830 15,1336.8489000808
72_20240830 16,1335.4801727401552
72_20240830 17,1424.882973275941
72_20240830 18,1404.7757602695592
72_20240830 19,1265.414861956535
72_20240830 20,1256.3199388786077
72_20240830 21,1250.2135358042653
72_20240830 22,1367.1409062198018
72_20240830 23,1409.1094845984346
72_20240831 00,1367.1783994527907
72_20240831 01,1384.3725760180039
72_20240831 02,1395.6833045240521
72_20240831 03,1351.8818627804342
72_20240831 04,1341.1828972630417
72_20240831 05,1347.4280509231762
72_20240831 06,1290.7177957708486
72_20240831 07,1209.1500532310213
72_20240831 08,1022.7913090593677
72_20240831 09,953.0477950937001
72_20240831 10,898.077366735194
72_20240831 11,860.3551455590898
72_20240831 12,878.5876025379594
72_20240831 13,880.7131130413038
72_20240831 14,941.7581213031716
72_20240831 15,959.934622625581
72_20240831 16,993.9670600598678
72_20240831 17,1052.1189068586648
72_20240831 18,1060.4800583317897
72_20240831 19,1157.0636164270975
72_20240831 20,1164.149610356034
72_20240831 21,1170.0624577734693
72_20240831 22,1185.7408578472398
72_20240831 23,1254.448927868084
73_20240825 00,674.7676834903308
73_20240825 01,668.2419610324731
73_20240825 02,662.044193580515
73_20240825 03,630.7103640261736
73_20240825 04,587.2352119304682
73_20240825 05,563.9598371180633
73_20240825 06,597.557184546618
73_20240825 07,675.0108079090207
73_20240825 08,1137.9842657495083
73_20240825 09,2177.8627589758207
73_20240825 10,3926.9096189473703
73_20240825 11,4703.212330449905
73_20240825 12,4975.664010345031
73_20240825 13,5024.395511389513
73_20240825 14,5100.032893960273
73_20240825 15,5097.278206841347
73_20240825 16,5099.796158509174
73_20240825 17,5098.98356250085
73_20240825 18,5022.519594094053
73_20240825 19,3059.9135260102025
73_20240825 20,2805.9677837746076
73_20240825 21,1403.173466584143
73_20240825 22,779.8267982740595
73_20240825 23,718.6909092697858
73_20240826 00,694.9248145865016
73_20240826 01,684.3017479998637
73_20240826 02,671.5433414209361
73_20240826 03,629.6286762274977
73_20240826 04,590.3689459174822
73_20240826 05,583.9061774710107
73_20240826 06,617.3876413003944
73_20240826 07,693.6964801776945
73_20240826 08,1150.0078696623984
73_20240826 09,2146.593503216567
73_20240826 10,4057.3791805377905
73_20240826 11,4601.566973834154
73_20240826 12,4523.048117829434
73_20240826 13,4625.843148815039
73_20240826 14,4662.962160736609
73_20240826 15,4850.64835699735
73_20240826 16,4662.379532934236
73_20240826 17,4629.00222728511
73_20240826 18,4619.461002692672
73_20240826 19,2836.9718818632664
73_20240826 20,2754.3195780107753
73_20240826 21,1390.6564947245206
73_20240826 22,785.868599837771
73_20240826 23,707.5772373451532
73_20240827 00,694.8063376568705
73_20240827 01,672.8068601264398
73_20240827 02,651.0058548271353
73_20240827 03,617.704024394562
73_20240827 04,564.4525744290448
73_20240827 05,559.3000527089431
73_20240827 06,624.9450728776117
73_20240827 07,670.7369267213868
73_20240827 08,959.0112767787124
73_20240827 09,1624.0005684295324
73_20240827 10,3171.085904620147
73_20240827 11,3540.669135035917
73_20240827 12,3697.6768794684094
73_20240827 13,4073.0512096393863
73_20240827 14,4288.426643197314
73_20240827 15,4379.530057822109
73_20240827 16,4180.9877667321525
73_20240827 17,4105.30473958655
73_20240827 18,4186.267054784164
73_20240827 19,2674.126920497199
73_20240827 20,2503.1804831098552
73_20240827 21,1401.2830768498382
73_20240827 22,771.2358817224841
73_20240827 23,700.9334400038622
73_20240828 00,686.1812397536254
73_20240828 01,639.1980659953352
73_20240828 02,615.3292846850185
73_20240828 03,594.6711852819674
73_20240828 04,557.5317756503081
73_20240828 05,541.4218156479698
73_20240828 06,586.8917194959495
73_20240828 07,643.6516399108492
73_20240828 08,1001.8886701197194
73_20240828 09,1972.671911637844
73_20240828 10,3758.3279288216595
73_20240828 11,4210.408875922454
73_20240828 12,4461.409937078842
73_20240828 13,4463.37495062406
73_20240828 14,4112.431526899084
73_20240828 15,4229.603850107142
73_20240828 16,4117.5224651042145
73_20240828 17,4125.018287774572
73_20240828 18,4111.819911262693
73_20240828 19,2791.957253167797
73_20240828 20,2749.8227735357987
73_20240828 21,1490.9136240060186
73_20240828 22,837.833026603409
73_20240828 23,738.4461336011318
73_20240829 00,695.3729381835294
73_20240829 01,692.7268220853986
73_20240829 02,664.607835946871
73_20240829 03,619.4631439213956
73_20240829 04,560.036319789356
73_20240829 05,547.7542595863872
73_20240829 06,575.6081669601836
73_20240829 07,640.5016608973792
73_20240829 08,1099.481135043736
73_20240829 09,1980.8631022987026
73_20240829 10,3692.944942575973
73_20240829 11,4303.188771249433
73_20240829 12,4419.195293948691
73_20240829 13,4496.303793899311
73_20240829 14,4413.95033974522
73_20240829 15,4496.086221883231
73_20240829 16,4493.192461610217
73_20240829 17,4540.202290708716
73_20240829 18,4471.058840647185
73_20240829 19,2801.2125588469016
73_20240829 20,2754.53816144778
73_20240829 21,1473.1309599353535
73_20240829 22,795.5020506823842
73_20240829 23,730.9041691115212
73_20240830 00,707.4192604638565
73_20240830 01,679.9151704376256
73_20240830 02,623.4238173079085
73_20240830 03,600.837199015562
73_20240830 04,557.1840051852304
73_20240830 05,543.4321235910944
73_20240830 06,576.7655912214481
73_20240830 07,654.253640188314
73_20240830 08,949.0419493103707
73_20240830 09,1922.6753854573574
73_20240830 10,3775.40534820888
73_20240830 11,4600.684902158768
73_20240830 12,4746.864611239189
73_20240830 13,4453.7008521872085
73_20240830 14,4624.030397486432
73_20240830 15,4625.242982722099
73_20240830 16,4529.851977899901
73_20240830 17,4894.100116882359
73_20240830 18,4646.794522412599
73_20240830 19,2630.6759597049863
73_20240830 20,2690.2519815109213
73_20240830 21,1393.444553570813
73_20240830 22,769.5207387349062
73_20240830 23,659.1952371195144
73_20240831 00,633.2398916679509
73_20240831 01,620.3169218578893
73_20240831 02,600.5867257887942
73_20240831 03,584.6993214402854
73_20240831 04,541.378110700586
73_20240831 05,537.6982219668969
73_20240831 06,553.513670775853
73_20240831 07,654.791255152716
73_20240831 08,937.0194833487384
73_20240831 09,1635.5010240417846
73_20240831 10,3450.872873702834
73_20240831 11,4435.331280995644
73_20240831 12,4605.587857765697
73_20240831 13,4707.264932333364
73_20240831 14,4946.535479702198
73_20240831 15,5024.498066121286
73_20240831 16,4866.669863149525
73_20240831 17,4883.959772957873
73_20240831 18,4787.069361210508
73_20240831 19,2735.578579092885
73_20240831 20,2715.54713512903
73_20240831 21,1378.7552341266887
73_20240831 22,715.7406058319224
73_20240831 23,646.4380528336867
74_20240825 00,903.7243814018127
74_20240825 01,902.473866372362
74_20240825 02,888.8159388395916
74_20240825 03,873.2740381418085
74_20240825 04,835.3522724553117
74_20240825 05,823.5276009725757
74_20240825 06,872.4314196625405
74_20240825 07,984.315344755745
74_20240825 08,1109.0986580997812
74_20240825 09,2722.1424230114417
74_20240825 10,4223.3006551294375
74_20240825 11,5060.856995089261
74_20240825 12,5131.140699107233
74_20240825 13,5095.0089563686515
74_20240825 14,4863.459690093107
74_20240825 15,4818.565394098977
74_20240825 16,4957.9789014893
74_20240825 17,4768.832484857906
74_20240825 18,4785.406364430555
74_20240825 19,4142.606249764352
74_20240825 20,3670.1241032768858
74_20240825 21,1998.8550742409657
74_20240825 22,942.8921993125759
74_20240825 23,833.2553578484496
74_20240826 00,1453.6435271986245
74_20240826 01,1555.636588119046
74_20240826 02,1540.5995515241436
74_20240826 03,1567.2289634714184
74_20240826 04,1480.5540311205493
74_20240826 05,1190.8360386876334
74_20240826 06,1135.7131692460496
74_20240826 07,1138.293891661504
74_20240826 08,1528.5326252223642
74_20240826 09,2756.5817796209203
74_20240826 10,3938.545119937165
74_20240826 11,4549.310264668785
74_20240826 12,4426.419100450207
74_20240826 13,4848.906230942549
74_20240826 14,4708.912822369327
74_20240826 15,4727.295591182865
74_20240826 16,4664.920095662084
74_20240826 17,3543.8177174327616
74_20240826 18,3602.1230323484015
74_20240826 19,4236.629995741931
74_20240826 20,3568.7423536662304
74_20240826 21,2182.9268001762966
74_20240826 22,1202.1343245967093
74_20240826 23,932.2042321928303
74_20240827 00,1476.8410783901045
74_20240827 01,1474.9884608178706
74_20240827 02,1512.0752233346716
74_20240827 03,1521.827274897544
74_20240827 04,1477.6926575459042
74_20240827 05,1203.5212680894283
74_20240827 06,1122.5026495429568
74_20240827 07,1158.4309374947886
74_20240827 08,1480.409987034309
74_20240827 09,2737.1857086036707
74_20240827 10,4335.9003049648745
74_20240827 11,4660.467997784482
74_20240827 12,4846.881270873564
74_20240827 13,4822.1196728244
74_20240827 14,4503.518627854989
74_20240827 15,4422.884725541159
74_20240827 16,4427.045842433865
74_20240827 17,4380.802127041052
74_20240827 18,4383.648107337837
74_20240827 19,3550.5384981147126
74_20240827 20,2990.7185136190965
74_20240827 21,1923.9606534747068
74_20240827 22,1135.9534186417245
74_20240827 23,880.0723926328795
74_20240828 00,1430.7254310080853
74_20240828 01,1455.630747807934
74_20240828 02,1435.9029809927536
74_20240828 03,1535.7905838203453
74_20240828 04,1421.0716519945495
74_20240828 05,1195.1689678415896
74_20240828 06,1098.6130290824244
74_20240828 07,1163.3637560699108
74_20240828 08,1423.7671230210124
74_20240828 09,2593.3492189724375
74_20240828 10,4145.820952214846
74_20240828 11,4618.335400297262
74_20240828 12,4696.871401384238
74_20240828 13,4897.224857622906
74_20240828 14,4370.14282508652
74_20240828 15,4816.539686422654
74_20240828 16,4391.988688403989
74_20240828 17,4319.416696560471
74_20240828 18,4539.097688843028
74_20240828 19,3950.9516455817293
74_20240828 20,3270.9269211475053
74_20240828 21,2100.1182965577013
74_20240828 22,1194.9009413277875
74_20240828 23,905.3071494145366
74_20240829 00,1425.2407406342022
74_20240829 01,1510.053622827912
74_20240829 02,1458.2717019976105
74_20240829 03,1518.5075299349314
74_20240829 04,1403.6736712886284
74_20240829 05,1142.464819866854
74_20240829 06,1117.1735903486058
74_20240829 07,1122.237691530841
74_20240829 08,1659.2960014226533
74_20240829 09,2653.33242920089
74_20240829 10,4160.669597717825
74_20240829 11,4893.83834574421
74_20240829 12,5035.655928300624
74_20240829 13,4928.733562813079
74_20240829 14,4643.228657910924
74_20240829 15,4708.867804468934
74_20240829 16,4772.368319836132
74_20240829 17,4491.6235072099935
74_20240829 18,4623.89926872554
74_20240829 19,3907.5218360174244
74_20240829 20,3463.1719392011846
74_20240829 21,2229.6255453027006
74_20240829 22,1199.0189363168415
74_20240829 23,970.9807988086081
74_20240830 00,1464.9500799478822
74_20240830 01,1457.8780979764747
74_20240830 02,1433.3871634774107
74_20240830 03,1482.5222442023223
74_20240830 04,1416.430276441337
74_20240830 05,1160.2131582408301
74_20240830 06,1097.3412787932173
74_20240830 07,1139.0448088674996
74_20240830 08,1403.5699342024998
74_20240830 09,2616.244131487995
74_20240830 10,4136.039611285418
74_20240830 11,4477.714814609648
74_20240830 12,4935.7515677495785
74_20240830 13,4451.598327265863
74_20240830 14,4384.628949110651
74_20240830 15,4218.851228098344
74_20240830 16,4197.99537028789
74_20240830 17,4383.327726771568
74_20240830 18,4654.681080928267
74_20240830 19,3807.0155398428897
74_20240830 20,3436.3708144329544
74_20240830 21,2222.2697894125904
74_20240830 22,1159.0142314880327
74_20240830 23,880.2711987301202
74_20240831 00,1363.5035895616204
74_20240831 01,1462.3266233081526
74_20240831 02,1398.6085354444951
74_20240831 03,1492.6641381974712
74_20240831 04,1430.50701319776
74_20240831 05,1179.9656914885597
74_20240831 06,1104.6172429591263
74_20240831 07,1087.977154775998
74_20240831 08,1392.4159095703417
74_20240831 09,2556.121913453304
74_20240831 10,3992.374203690561
74_20240831 11,4366.963818352623
74_20240831 12,4899.891332305322
74_20240831 13,4271.150881339081
74_20240831 14,4707.030857609965
74_20240831 15,4451.280353777406
74_20240831 16,4375.121474936841
74_20240831 17,4536.157104724158
74_20240831 18,4694.816258218419
74_20240831 19,4194.7039034648715
74_20240831 20,3096.549070655969
74_20240831 21,2031.602983857582
74_20240831 22,1075.8408027111514
74_20240831 23,880.4906448551234
75_20240825 00,2607.92337285347
75_20240825 01,2531.7118520698846
75_20240825 02,2538.3780824426904
75_20240825 03,2569.322918147988
75_20240825 04,2710.2227035573455
75_20240825 05,2812.033685163357
75_20240825 06,2846.708335389924
75_20240825 07,2891.5430415310243
75_20240825 08,2837.2894509992134
75_20240825 09,2901.830346707562
75_20240825 10,2907.869919818321
75_20240825 11,3070.064500604584
75_20240825 12,3086.6441414655965
75_20240825 13,3015.854615112113
75_20240825 14,3050.397076325241
75_20240825 15,3022.0698387245566
75_20240825 16,2995.3053491609103
75_20240825 17,3044.793766043674
75_20240825 18,3002.538949376107
75_20240825 19,2851.1735547806875
75_20240825 20,2837.361501074997
75_20240825 21,2715.461624725307
75_20240825 22,2588.581438317433
75_20240825 23,2569.736222344925
75_20240826 00,2597.6756311720233
75_20240826 01,2536.597681132546
75_20240826 02,2531.692266691978
75_20240826 03,2560.7469997796416
75_20240826 04,2776.8584036210673
75_20240826 05,2832.5505648089224
75_20240826 06,2941.5452097553693
75_20240826 07,3364.819677824206
75_20240826 08,3723.0341853926343
75_20240826 09,3896.5738700701068
75_20240826 10,3940.5489660186063
75_20240826 11,3946.4301111010363
75_20240826 12,3947.5067005569695
75_20240826 13,3977.2101110968015
75_20240826 14,3994.214146922746
75_20240826 15,3973.1952977030114
75_20240826 16,3932.8824040497693
75_20240826 17,3691.5108640855415
75_20240826 18,3465.004323006287
75_20240826 19,3023.0196742041453
75_20240826 20,2800.6301270788217
75_20240826 21,2768.8662943303075
75_20240826 22,2579.273147133177
75_20240826 23,2583.09374101082
75_20240827 00,2458.118449809077
75_20240827 01,2424.554032387865
75_20240827 02,2408.8424527665047
75_20240827 03,2372.8561481379156
75_20240827 04,2485.5745986733173
75_20240827 05,2710.8452408908765
75_20240827 06,2840.741664284743
75_20240827 07,3250.6662781811992
75_20240827 08,3649.0381454917633
75_20240827 09,3832.8248150826917
75_20240827 10,3846.0167707594005
75_20240827 11,3854.724458154704
75_20240827 12,3885.8716414079836
75_20240827 13,3937.4696030616756
75_20240827 14,3971.8235453685265
75_20240827 15,3940.222310484233
75_20240827 16,3834.633490910139
75_20240827 17,3459.96097619211
75_20240827 18,3322.3126299270043
75_20240827 19,3167.0372427134294
75_20240827 20,2770.7098593359383
75_20240827 21,2798.346131874265
75_20240827 22,2578.7865956390997
75_20240827 23,2351.9090281947065
75_20240828 00,2416.9708545724884
75_20240828 01,2407.071923320556
75_20240828 02,2251.4692041370336
75_20240828 03,2095.6468761593505
75_20240828 04,2008.562229640345
75_20240828 05,2148.3232300467375
75_20240828 06,2330.179085363604
75_20240828 07,2906.0473624805863
75_20240828 08,3565.2219059407557
75_20240828 09,3753.9023649275846
75_20240828 10,3895.7031306595386
75_20240828 11,3951.877336492554
75_20240828 12,3915.4263556384494
75_20240828 13,3978.3888706138237
75_20240828 14,3955.1912849940927
75_20240828 15,3951.9989758770657
75_20240828 16,3915.766571243007
75_20240828 17,3566.949917356566
75_20240828 18,3405.167543666313
75_20240828 19,3109.9231527905363
75_20240828 20,2809.4885944476223
75_20240828 21,2706.4932691414697
75_20240828 22,2482.908516581102
75_20240828 23,2432.678749994484
75_20240829 00,2405.6328734098356
75_20240829 01,2382.9221571794287
75_20240829 02,2369.289717088515
75_20240829 03,2393.0604976557124
75_20240829 04,2539.1911964730075
75_20240829 05,2654.0922460159377
75_20240829 06,2829.5421452558135
75_20240829 07,3193.2198291599902
75_20240829 08,3587.3205478486643
75_20240829 09,3677.8034311164147
75_20240829 10,3834.5885213812576
75_20240829 11,3876.41566820356
75_20240829 12,3903.7641392541573
75_20240829 13,3787.020439154288
75_20240829 14,3732.0697356027845
75_20240829 15,3732.561760475386
75_20240829 16,3673.6893429733786
75_20240829 17,3404.706550145083
75_20240829 18,3376.745378535374
75_20240829 19,3188.531931743119
75_20240829 20,2936.0553091095453
75_20240829 21,2850.5545736980835
75_20240829 22,2718.7782428523
75_20240829 23,2549.028439796831
75_20240830 00,2500.181324372238
75_20240830 01,2442.454984931855
75_20240830 02,2425.725201478824
75_20240830 03,2475.028847707455
75_20240830 04,2580.8433990010153
75_20240830 05,2723.6315212472987
75_20240830 06,2778.49750939148
75_20240830 07,3060.189007845272
75_20240830 08,3553.8861739944655
75_20240830 09,3833.922620971113
75_20240830 10,3853.0817090966348
75_20240830 11,3861.3384731246015
75_20240830 12,3830.7844004441886
75_20240830 13,3848.5901694410427
75_20240830 14,3852.930722673895
75_20240830 15,3852.5424134793493
75_20240830 16,3825.704539239832
75_20240830 17,3622.3900767310893
75_20240830 18,3391.745894832588
75_20240830 19,3099.469407341004
75_20240830 20,2750.77472811467
75_20240830 21,2740.1048652671807
75_20240830 22,2560.8528917443787
75_20240830 23,2533.259185228543
75_20240831 00,2436.22271850082
75_20240831 01,2363.373673329174
75_20240831 02,2155.0648440455257
75_20240831 03,2147.963727787098
75_20240831 04,2030.2959522447666
75_20240831 05,2129.9592597272126
75_20240831 06,2375.4978302670743
75_20240831 07,2709.234069525996
75_20240831 08,2764.22159581144
75_20240831 09,2865.983419723826
75_20240831 10,2938.2342769807583
75_20240831 11,2994.3229011946337
75_20240831 12,3010.0819068984306
75_20240831 13,3195.8727695780126
75_20240831 14,3218.2466341450286
75_20240831 15,3231.7108113956383
75_20240831 16,3153.630316912422
75_20240831 17,3170.055569927466
75_20240831 18,3058.3568076762303
75_20240831 19,2724.8225901431
75_20240831 20,2613.2056849179216
75_20240831 21,2522.2703756234137
75_20240831 22,2376.0680889506116
75_20240831 23,2440.235081179125
76_20240825 00,3163.6839643107674
76_20240825 01,3124.5407655042955
76_20240825 02,3100.1454166879803
76_20240825 03,3090.6609568552017
76_20240825 04,3069.8122691821395
76_20240825 05,3061.8833544573677
76_20240825 06,3054.406372456614
76_20240825 07,3090.6719003977514
76_20240825 08,3234.6210843624654
76_20240825 09,3304.5659267590054
76_20240825 10,3354.9684750639394
76_20240825 11,3352.8158888530106
76_20240825 12,3405.140948576927
76_20240825 13,3480.551911897212
76_20240825 14,3447.896128847482
76_20240825 15,3381.4953023238613
76_20240825 16,3352.942748492899
76_20240825 17,3343.266947350035
76_20240825 18,3344.4815430035032
76_20240825 19,3296.002603872606
76_20240825 20,3255.096883867917
76_20240825 21,3237.7290967418967
76_20240825 22,3210.1632799486724
76_20240825 23,3201.566529752954
76_20240826 00,3211.2615463929183
76_20240826 01,3183.9879533645653
76_20240826 02,3141.355336986718
76_20240826 03,3148.0729247369027
76_20240826 04,3144.1364514330585
76_20240826 05,3139.250726737681
76_20240826 06,3136.325313149778
76_20240826 07,3199.923380996543
76_20240826 08,3256.214497991884
76_20240826 09,3284.660425667265
76_20240826 10,3311.2938954762203
76_20240826 11,3341.820855542001
76_20240826 12,3381.2821891031263
76_20240826 13,3360.3116881531873
76_20240826 14,3373.485803584836
76_20240826 15,3406.9316901378143
76_20240826 16,3436.9002002088364
76_20240826 17,3390.9265333732033
76_20240826 18,3376.54818818622
76_20240826 19,3093.52236635688
76_20240826 20,3211.7555172542634
76_20240826 21,3209.7688824709026
76_20240826 22,3189.0652243415507
76_20240826 23,3157.9163631486044
76_20240827 00,3178.637764251553
76_20240827 01,3171.8008415993927
76_20240827 02,3202.274791443676
76_20240827 03,3200.9084519511784
76_20240827 04,3200.6343752061266
76_20240827 05,3162.8127354246217
76_20240827 06,3153.447690581736
76_20240827 07,3121.3630744150273
76_20240827 08,3122.7331096772996
76_20240827 09,2937.2249773479066
76_20240827 10,3057.1268989615655
76_20240827 11,3007.4846824698607
76_20240827 12,3015.3665961935967
76_20240827 13,3050.039632347748
76_20240827 14,3137.786541947355
76_20240827 15,3170.842189985273
76_20240827 16,3264.9122242437634
76_20240827 17,3250.741799793622
76_20240827 18,3210.5582723502794
76_20240827 19,3140.5254867336703
76_20240827 20,3113.1917864613615
76_20240827 21,3115.99520364832
76_20240827 22,3112.491426495234
76_20240827 23,3057.204343114776
76_20240828 00,3010.6391945312166
76_20240828 01,2969.071288078706
76_20240828 02,2933.5797660010294
76_20240828 03,2912.758581868403
76_20240828 04,2901.058620898203
76_20240828 05,2854.4721087074095
76_20240828 06,2841.9929768236548
76_20240828 07,2894.4026872566774
76_20240828 08,2954.6952987373197
76_20240828 09,3009.0816460088126
76_20240828 10,3102.474976323465
76_20240828 11,3177.3644704590324
76_20240828 12,3350.887956961288
76_20240828 13,3079.212149597263
76_20240828 14,3436.4205349668277
76_20240828 15,2212.9139908797306
76_20240828 16,2336.3301305636646
76_20240828 17,2285.099151619359
76_20240828 18,3463.7141542088584
76_20240828 19,3311.253530342288
76_20240828 20,3220.6561841002754
76_20240828 21,3214.9885724933656
76_20240828 22,3174.3899927577822
76_20240828 23,3103.3465363547234
76_20240829 00,3029.371995054802
76_20240829 01,3022.153257542266
76_20240829 02,2999.037985207737
76_20240829 03,2995.9993669937367
76_20240829 04,2908.4332407843244
76_20240829 05,2897.954527853557
76_20240829 06,2898.7870352682235
76_20240829 07,2960.4245679590294
76_20240829 08,2955.813502095152
76_20240829 09,3009.010022622692
76_20240829 10,3134.9943873123657
76_20240829 11,3259.2568560043114
76_20240829 12,3054.9404398785787
76_20240829 13,2990.8522358812465
76_20240829 14,1972.0831349849366
76_20240829 15,1937.2851873354505
76_20240829 16,2099.4628879107345
76_20240829 17,2699.967633292519
76_20240829 18,3189.920091166804
76_20240829 19,3366.0260181508656
76_20240829 20,3218.684690031535
76_20240829 21,3109.2834583165254
76_20240829 22,3064.2001337015986
76_20240829 23,2994.723562610199
76_20240830 00,3011.498889503937
76_20240830 01,3011.2879124413175
76_20240830 02,2956.272228683152
76_20240830 03,2909.072122394839
76_20240830 04,2905.6266449750374
76_20240830 05,2899.222869754008
76_20240830 06,2901.8883254008147
76_20240830 07,3012.8078983746627
76_20240830 08,3102.326568440809
76_20240830 09,3191.8524024786643
76_20240830 10,3276.3360074512284
76_20240830 11,3180.7399282375854
76_20240830 12,3323.7758468328875
76_20240830 13,3328.479307413777
76_20240830 14,2023.3467489627808
76_20240830 15,2235.4371553393507
76_20240830 16,3144.174704865903
76_20240830 17,3425.678141731127
76_20240830 18,3260.965811177582
76_20240830 19,3235.2935332342126
76_20240830 20,3122.68561842069
76_20240830 21,3049.9554473496387
76_20240830 22,3028.5442316661647
76_20240830 23,2993.353105693413
76_20240831 00,2982.002208287942
76_20240831 01,2947.8107576790803
76_20240831 02,2920.515445157985
76_20240831 03,2905.4182940862684
76_20240831 04,2867.1776678742053
76_20240831 05,2866.248983305252
76_20240831 06,2833.38017502811
76_20240831 07,2867.813989962465
76_20240831 08,2936.883842865409
76_20240831 09,2984.747927036072
76_20240831 10,3076.2295280501075
76_20240831 11,2796.8461893915537
76_20240831 12,3057.4202104850237
76_20240831 13,3293.840066727601
76_20240831 14,3271.472032281324
76_20240831 15,3364.1557168127283
76_20240831 16,3314.7013397102887
76_20240831 17,3328.5388409071284
76_20240831 18,3248.691606691778
76_20240831 19,3120.2886225497614
76_20240831 20,3054.537200601011
76_20240831 21,3051.036068008761
76_20240831 22,3012.179913284681
76_20240831 23,2960.0207712778447
77_20240825 00,1201.9501576921423
77_20240825 01,1266.9583805364414
77_20240825 02,1265.2859129938788
77_20240825 03,1215.4689282300587
77_20240825 04,1212.781808914437
77_20240825 05,1178.028220610396
77_20240825 06,1183.7902598452781
77_20240825 07,1291.3622098492224
77_20240825 08,1587.2931513874848
77_20240825 09,1720.688789034008
77_20240825 10,1919.8378941972633
77_20240825 11,1783.4510744491824
77_20240825 12,1764.8312962484767
77_20240825 13,1764.2390274957884
77_20240825 14,1944.6013996426332
77_20240825 15,2057.7857769001434
77_20240825 16,2145.5842808459374
77_20240825 17,1991.9482592765528
77_20240825 18,1541.5095913057473
77_20240825 19,1340.8286057142743
77_20240825 20,1427.6332709767125
77_20240825 21,1327.2753332971874
77_20240825 22,1187.2001693216296
77_20240825 23,1171.3084947041125
77_20240826 00,1129.3164942931583
77_20240826 01,1144.2495234110936
77_20240826 02,1178.0885080779667
77_20240826 03,1162.6652130670086
77_20240826 04,1118.1902842524182
77_20240826 05,1043.0273047527871
77_20240826 06,981.8818851676234
77_20240826 07,1122.8856258173325
77_20240826 08,1430.9537096683387
77_20240826 09,1668.7698718977779
77_20240826 10,1782.2199897837331
77_20240826 11,1767.277216395361
77_20240826 12,1795.2695641271146
77_20240826 13,1846.8329697209547
77_20240826 14,1854.5295776119572
77_20240826 15,2002.5910626401796
77_20240826 16,2051.5467088923933
77_20240826 17,1888.9203268178253
77_20240826 18,1525.0095949263448
77_20240826 19,1261.6142116270212
77_20240826 20,1258.8189883390369
77_20240826 21,1239.9049500925912
77_20240826 22,1108.617987139735
77_20240826 23,1060.8105029031963
77_20240827 00,1149.583467742376
77_20240827 01,1257.4158037423904
77_20240827 02,1204.6457071533123
77_20240827 03,1182.2657651330046
77_20240827 04,1103.3269993947138
77_20240827 05,1123.5282166974036
77_20240827 06,1111.2029144184871
77_20240827 07,1190.8741348995281
77_20240827 08,1540.5058293035117
77_20240827 09,1569.3259213058425
77_20240827 10,1755.0802097773824
77_20240827 11,1763.3343123024765
77_20240827 12,1762.9382682211915
77_20240827 13,1801.9229144623212
77_20240827 14,1867.7967289907072
77_20240827 15,1831.7078134644685
77_20240827 16,1853.7856339895045
77_20240827 17,1802.962788180325
77_20240827 18,1275.914870492311
77_20240827 19,1292.0012492959092
77_20240827 20,1295.9799014582757
77_20240827 21,1056.6129828150665
77_20240827 22,1002.3660596908065
77_20240827 23,1064.6487440007388
77_20240828 00,1056.037424396154
77_20240828 01,1067.0394219651525
77_20240828 02,1003.380887962521
77_20240828 03,922.1489482317255
77_20240828 04,799.1742040833043
77_20240828 05,708.8632987862987
77_20240828 06,708.4235595993304
77_20240828 07,764.2984545769568
77_20240828 08,999.1841972317853
77_20240828 09,1348.3608427080146
77_20240828 10,1525.6870134416702
77_20240828 11,1606.6941368019225
77_20240828 12,1732.0812452508753
77_20240828 13,1766.4144929837807
77_20240828 14,1787.464559031753
77_20240828 15,1896.5735339093437
77_20240828 16,1790.0483864497864
77_20240828 17,1766.3214409756067
77_20240828 18,1554.8777470944567
77_20240828 19,1402.350023349256
77_20240828 20,1102.5286036406612
77_20240828 21,878.0471582905944
77_20240828 22,859.2471593865031
77_20240828 23,841.2694747626018
77_20240829 00,972.0391060615686
77_20240829 01,1000.2741600505897
77_20240829 02,953.3361418929769
77_20240829 03,901.5114979347023
77_20240829 04,847.5351237019711
77_20240829 05,700.7319447104692
77_20240829 06,698.3687019285932
77_20240829 07,930.5076714681582
77_20240829 08,1276.6904863715906
77_20240829 09,1446.4271207147733
77_20240829 10,1655.348293185419
77_20240829 11,1629.8081783395778
77_20240829 12,1754.6694043863163
77_20240829 13,1811.6632004299938
77_20240829 14,1891.370593856859
77_20240829 15,1837.8163800077327
77_20240829 16,1830.1615087745643
77_20240829 17,1909.8487589026174
77_20240829 18,1839.2962453242258
77_20240829 19,1255.8334154592465
77_20240829 20,1166.9089521951096
77_20240829 21,1015.1807864061502
77_20240829 22,1130.6544432670012
77_20240829 23,1089.9175169091575
77_20240830 00,1151.0576205268496
77_20240830 01,1172.6467238685675
77_20240830 02,1156.6957484880159
77_20240830 03,1102.8464868122956
77_20240830 04,1085.5238910497367
77_20240830 05,1066.2920902056605
77_20240830 06,1002.4430292613854
77_20240830 07,1185.6790175647875
77_20240830 08,1385.881526647485
77_20240830 09,1475.2150065859162
77_20240830 10,1663.1213027939118
77_20240830 11,1848.996639404377
77_20240830 12,1771.7840457867273
77_20240830 13,1753.410750906583
77_20240830 14,1840.3352769562507
77_20240830 15,1823.8916879188048
77_20240830 16,1791.049516298437
77_20240830 17,1503.3849440778267
77_20240830 18,1371.5415282739657
77_20240830 19,1077.9290961509644
77_20240830 20,1156.497264759276
77_20240830 21,1121.5460989662736
77_20240830 22,1055.035190944271
77_20240830 23,1048.1677356401817
77_20240831 00,1182.7431628379074
77_20240831 01,1110.8047532618752
77_20240831 02,1074.3300990893092
77_20240831 03,1011.5851555621992
77_20240831 04,950.5747149597851
77_20240831 05,788.3235664614169
77_20240831 06,838.043652873211
77_20240831 07,865.1346459072312
77_20240831 08,1126.5481007262142
77_20240831 09,1497.910328752665
77_20240831 10,1626.7044827383113
77_20240831 11,1482.644780758346
77_20240831 12,1449.870443286595
77_20240831 13,1607.9964451716219
77_20240831 14,1701.1403075500994
77_20240831 15,1677.6990472973696
77_20240831 16,1675.044851795798
77_20240831 17,1630.1449187763342
77_20240831 18,1548.6536419786994
77_20240831 19,1298.59582884819
77_20240831 20,1329.98198258715
77_20240831 21,1223.6617854484023
77_20240831 22,1133.4693856835024
77_20240831 23,1101.7984162502298
78_20240825 00,1374.5593451852972
78_20240825 01,1211.0231907494208
78_20240825 02,1084.9221886024409
78_20240825 03,931.7674932340288
78_20240825 04,879.4179789652605
78_20240825 05,879.3156438145414
78_20240825 06,971.4154352124625
78_20240825 07,1122.8269292841678
78_20240825 08,1323.504252070769
78_20240825 09,1557.6625595018738
78_20240825 10,1894.1616261057004
78_20240825 11,1900.452914412896
78_20240825 12,1951.4676734173954
78_20240825 13,1973.8294355707733
78_20240825 14,1968.387142595961
78_20240825 15,1930.047938720969
78_20240825 16,1722.395488875118
78_20240825 17,1915.9145855811705
78_20240825 18,2038.9645897282926
78_20240825 19,2076.7047867701226
78_20240825 20,1864.0134223334605
78_20240825 21,1920.2609454117053
78_20240825 22,1831.4440237027798
78_20240825 23,1674.2904176663756
78_20240826 00,1458.1344932511329
78_20240826 01,1231.427505892745
78_20240826 02,1117.6064780678023
78_20240826 03,1027.5933309713403
78_20240826 04,1019.2366591354819
78_20240826 05,1001.2274832238735
78_20240826 06,1133.2064730387972
78_20240826 07,1271.100646345914
78_20240826 08,1433.8979241984268
78_20240826 09,1607.9479117523838
78_20240826 10,1692.2665203623435
78_20240826 11,1680.6481338046026
78_20240826 12,1948.5593342638488
78_20240826 13,1916.6717470531585
78_20240826 14,1844.163397978968
78_20240826 15,1869.8260330917594
78_20240826 16,1981.3366579397496
78_20240826 17,1964.3075102108726
78_20240826 18,2008.3765692746251
78_20240826 19,1904.5850704289546
78_20240826 20,1926.0283253323173
78_20240826 21,1969.831255955876
78_20240826 22,1919.415373801336
78_20240826 23,1672.278524922784
78_20240827 00,1432.905831585291
78_20240827 01,1207.3529088990826
78_20240827 02,1178.9110732140275
78_20240827 03,1057.5592306421381
78_20240827 04,1011.9128985122583
78_20240827 05,995.7823928863893
78_20240827 06,1178.5647656649394
78_20240827 07,1260.7764987826583
78_20240827 08,1367.176604365102
78_20240827 09,1374.9485414552964
78_20240827 10,1446.0845262834068
78_20240827 11,1353.3560375787508
78_20240827 12,1416.3947784021889
78_20240827 13,1499.6401251940345
78_20240827 14,1400.7515336106694
78_20240827 15,1551.7498322381664
78_20240827 16,1691.8144097932577
78_20240827 17,1810.8725936063177
78_20240827 18,1828.3727275779472
78_20240827 19,1922.1081333198156
78_20240827 20,1788.3191024003263
78_20240827 21,1810.064754160266
78_20240827 22,1760.2221943266488
78_20240827 23,1529.2839072009817
78_20240828 00,1304.6650253333028
78_20240828 01,1081.3086341862463
78_20240828 02,878.833164859569
78_20240828 03,842.161931661057
78_20240828 04,846.9136199477728
78_20240828 05,831.9173998353953
78_20240828 06,957.3265315127097
78_20240828 07,1089.1324784854091
78_20240828 08,1271.8885719288126
78_20240828 09,1395.8163819393164
78_20240828 10,1397.765889208252
78_20240828 11,1260.5003398034892
78_20240828 12,1626.260760146189
78_20240828 13,1761.187495199858
78_20240828 14,1627.40106643754
78_20240828 15,1688.3007554645842
78_20240828 16,1959.944187159421
78_20240828 17,2024.0174922296746
78_20240828 18,2119.1551016965045
78_20240828 19,2030.9771017011537
78_20240828 20,1736.9457537893
78_20240828 21,1866.9108327084248
78_20240828 22,1551.9846184345986
78_20240828 23,1495.457695926363
78_20240829 00,1413.938685631237
78_20240829 01,1153.383710929466
78_20240829 02,1082.1173151457403
78_20240829 03,948.7042566490533
78_20240829 04,849.065363197357
78_20240829 05,847.9679918622683
78_20240829 06,943.2062206969149
78_20240829 07,1175.4938198628288
78_20240829 08,1340.3268316161898
78_20240829 09,1388.8081405626374
78_20240829 10,1516.1501321287658
78_20240829 11,1643.6499418134713
78_20240829 12,1788.2208990157285
78_20240829 13,1822.9160704931885
78_20240829 14,1788.16022145091
78_20240829 15,1717.4815559403303
78_20240829 16,2030.6314065436095
78_20240829 17,2070.140806347842
78_20240829 18,2116.149450118085
78_20240829 19,2046.414713286445
78_20240829 20,1918.3316537754256
78_20240829 21,1898.6396821645312
78_20240829 22,1854.920088244915
78_20240829 23,1540.243871689707
78_20240830 00,1410.5009786745672
78_20240830 01,1196.4503759367337
78_20240830 02,1095.797453043649
78_20240830 03,868.7365104689471
78_20240830 04,876.5952173317208
78_20240830 05,893.6116860801914
78_20240830 06,999.0201432517048
78_20240830 07,1219.7136964383494
78_20240830 08,1395.5967256149802
78_20240830 09,1613.9646081498734
78_20240830 10,1871.6403796398486
78_20240830 11,1766.0384427321108
78_20240830 12,1934.0361199699623
78_20240830 13,1911.2994262863854
78_20240830 14,1689.9661886114814
78_20240830 15,1849.2018130480385
78_20240830 16,2020.7545132072926
78_20240830 17,1841.865320190524
78_20240830 18,1579.2520025889091
78_20240830 19,1849.3241402794165
78_20240830 20,1807.0887662433927
78_20240830 21,1657.0811388795155
78_20240830 22,1672.1948009888633
78_20240830 23,1442.9730902721003
78_20240831 00,1212.1377618948666
78_20240831 01,990.5842301642607
78_20240831 02,893.3728129624067
78_20240831 03,843.666888642701
78_20240831 04,804.3589965704632
78_20240831 05,800.1943533566607
78_20240831 06,867.8165000905179
78_20240831 07,1034.6200839026587
78_20240831 08,1203.9541562071884
78_20240831 09,1325.339761562928
78_20240831 10,1456.8405357691104
78_20240831 11,1484.6494817453215
78_20240831 12,1313.717600179262
78_20240831 13,1779.0547915156337
78_20240831 14,1818.431646245063
78_20240831 15,2023.435542166104
78_20240831 16,1667.228246623963
78_20240831 17,1910.3087261669534
78_20240831 18,1807.25185746259
78_20240831 19,1866.5407835432748
78_20240831 20,1743.990097282287
78_20240831 21,1782.9409215598355
78_20240831 22,1661.3532214894697
78_20240831 23,1423.2272062210147
79_20240825 00,2252.5707873478095
79_20240825 01,2157.675531112306
79_20240825 02,2064.8288559026873
79_20240825 03,1995.3780050047978
79_20240825 04,1946.870183621929
79_20240825 05,2041.6036096230298
79_20240825 06,2720.8763544609096
79_20240825 07,3683.61187761165
79_20240825 08,5240.226420287119
79_20240825 09,6834.6540108857735
79_20240825 10,10134.062283929537
79_20240825 11,10871.62603656393
79_20240825 12,11117.588408127773
79_20240825 13,10826.306507639149
79_20240825 14,11445.772607314759
79_20240825 15,10845.46301776635
79_20240825 16,11441.465041434232
79_20240825 17,10872.992370988008
79_20240825 18,10380.314176655877
79_20240825 19,7017.955619880408
79_20240825 20,6458.668039357493
79_20240825 21,4127.7434950331335
79_20240825 22,2847.747851446494
79_20240825 23,2392.0069086262533
79_20240826 00,2096.6340219935587
79_20240826 01,2004.8814400080794
79_20240826 02,1868.5350288541213
79_20240826 03,1852.7855065832196
79_20240826 04,1779.4654481499335
79_20240826 05,1796.9120956724353
79_20240826 06,2311.5318630686534
79_20240826 07,3302.9997502316915
79_20240826 08,4005.9288985846197
79_20240826 09,5990.939909425121
79_20240826 10,7078.597289726197
79_20240826 11,8033.326658210632
79_20240826 12,8379.388161761912
79_20240826 13,8070.087891322148
79_20240826 14,8113.109810848421
79_20240826 15,7786.514417773393
79_20240826 16,7878.157312230739
79_20240826 17,7629.181844699861
79_20240826 18,8594.21845011217
79_20240826 19,5893.589119867902
79_20240826 20,5367.009447857528
79_20240826 21,3983.550236467522
79_20240826 22,2927.970289507204
79_20240826 23,2413.1946893479485
79_20240827 00,2177.702110675356
79_20240827 01,2072.192435193038
79_20240827 02,2022.5762848960708
79_20240827 03,2015.7026888056625
79_20240827 04,2008.0937886601687
79_20240827 05,2050.8005936872187
79_20240827 06,2603.0403174114267
79_20240827 07,3733.2357339418004
79_20240827 08,4962.108506034611
79_20240827 09,6402.581255923541
79_20240827 10,9881.623832911953
79_20240827 11,10917.09500531998
79_20240827 12,11265.392596160662
79_20240827 13,11157.551132987506
79_20240827 14,10510.527477436199
79_20240827 15,10348.551259715126
79_20240827 16,10324.402256096448
79_20240827 17,10161.763091359366
79_20240827 18,10055.489995459211
79_20240827 19,6343.142953392101
79_20240827 20,5597.349519870796
79_20240827 21,3916.5130708846846
79_20240827 22,2683.289497036869
79_20240827 23,2230.030406344973
79_20240828 00,2020.1621751053592
79_20240828 01,1925.2277353770235
79_20240828 02,1855.572006355227
79_20240828 03,1837.7506678530121
79_20240828 04,1809.730570434529
79_20240828 05,1855.4889466715256
79_20240828 06,2256.6980614902263
79_20240828 07,2695.1745576577373
79_20240828 08,3704.0202584668564
79_20240828 09,5158.2855000682475
79_20240828 10,8666.364142573937
79_20240828 11,10386.189883505955
79_20240828 12,10190.816455312952
79_20240828 13,10265.163442100336
79_20240828 14,10065.45678332042
79_20240828 15,10246.741959797628
79_20240828 16,10253.9675809488
79_20240828 17,10191.588348749874
79_20240828 18,9971.94545123873
79_20240828 19,6748.187499790489
79_20240828 20,5647.271877669636
79_20240828 21,3730.3099407663917
79_20240828 22,2743.607955167746
79_20240828 23,2284.0412364306535
79_20240829 00,2110.437713191275
79_20240829 01,2031.179812920002
79_20240829 02,1969.328161622719
79_20240829 03,1965.4705565133784
79_20240829 04,1947.0917806304062
79_20240829 05,1905.5814697623994
79_20240829 06,2536.555283767222
79_20240829 07,3323.8872962283704
79_20240829 08,4224.097751213323
79_20240829 09,5384.618622066307
79_20240829 10,9373.93999197623
79_20240829 11,10712.348689418475
79_20240829 12,10942.87412565681
79_20240829 13,10798.487697232686
79_20240829 14,10739.759803040053
79_20240829 15,10658.369965454709
79_20240829 16,10611.902853993262
79_20240829 17,10497.484502597943
79_20240829 18,9800.616258053415
79_20240829 19,6817.98490906412
79_20240829 20,5867.112936314343
79_20240829 21,3982.0809665561897
79_20240829 22,2963.9394804119374
79_20240829 23,2373.9095061886937
79_20240830 00,2138.844720055505
79_20240830 01,2033.2952725510952
79_20240830 02,1962.0612155491453
79_20240830 03,1952.2429849903294
79_20240830 04,1935.1328599534609
79_20240830 05,1963.7354932988114
79_20240830 06,2567.73406565608
79_20240830 07,3552.4333759028345
79_20240830 08,4715.73336210956
79_20240830 09,6281.078724568979
79_20240830 10,9883.712217956418
79_20240830 11,10491.653373172367
79_20240830 12,10647.547549718614
79_20240830 13,10994.855225182679
79_20240830 14,10975.30497219584
79_20240830 15,11326.393572146671
79_20240830 16,11246.420384646233
79_20240830 17,11452.91252958764
79_20240830 18,10952.101793301033
79_20240830 19,7044.289241326596
79_20240830 20,6688.629008437486
79_20240830 21,4378.403077128479
79_20240830 22,2881.853250281965
79_20240830 23,2405.7372631710864
79_20240831 00,2127.312390622032
79_20240831 01,1955.0808440117808
79_20240831 02,1858.8373955262061
79_20240831 03,1955.0714724584202
79_20240831 04,1927.0687561908437
79_20240831 05,1893.8510321109418
79_20240831 06,2264.0775773691876
79_20240831 07,3089.137547450053
79_20240831 08,3855.4391571192186
79_20240831 09,5687.763077754965
79_20240831 10,8643.106288070832
79_20240831 11,9694.937626818168
79_20240831 12,10233.110219702225
79_20240831 13,10282.017621083683
79_20240831 14,10693.193607879002
79_20240831 15,10290.665136021991
79_20240831 16,10672.169528765415
79_20240831 17,10760.354078274755
79_20240831 18,9980.194583379569
79_20240831 19,7162.169969108113
79_20240831 20,6314.068283751935
79_20240831 21,4122.765194517321
79_20240831 22,2816.026314225043
79_20240831 23,2280.5634061078226
80_20240825 00,1816.2278379002346
80_20240825 01,1799.590449164697
80_20240825 02,1811.9190917144697
80_20240825 03,1806.961863542949
80_20240825 04,1803.5412110670181
80_20240825 05,1805.2411682476777
80_20240825 06,1769.0665844358505
80_20240825 07,1662.3819690388743
80_20240825 08,1744.625171506039
80_20240825 09,1854.048323738246
80_20240825 10,1781.0746514772704
80_20240825 11,2061.666415739772
80_20240825 12,1997.0845095273835
80_20240825 13,2027.9023576001937
80_20240825 14,2061.5475644235826
80_20240825 15,2018.5352838192182
80_20240825 16,2042.3823526469334
80_20240825 17,2037.7092930780586
80_20240825 18,1994.7925402316962
80_20240825 19,1863.2082730373183
80_20240825 20,1828.3507680267371
80_20240825 21,1818.5840661727752
80_20240825 22,1816.3778049995906
80_20240825 23,1813.924735869926
80_20240826 00,1900.3455829678464
80_20240826 01,1891.7056267687256
80_20240826 02,1896.7963828189627
80_20240826 03,1896.622187829257
80_20240826 04,1882.8900574308338
80_20240826 05,1886.121584684103
80_20240826 06,1889.0210566902463
80_20240826 07,1971.6129313326182
80_20240826 08,2389.199641832508
80_20240826 09,2991.8014819961727
80_20240826 10,3208.785655621784
80_20240826 11,3212.9948034371687
80_20240826 12,3230.0431160203184
80_20240826 13,3243.68804074997
80_20240826 14,3230.0864410007443
80_20240826 15,3205.698323188489
80_20240826 16,3214.1892001169253
80_20240826 17,3217.8479122304198
80_20240826 18,2430.1230224818873
80_20240826 19,2158.0717757889715
80_20240826 20,2083.1912774002863
80_20240826 21,1883.682615483314
80_20240826 22,1885.8011220620538
80_20240826 23,1880.8515290495493
80_20240827 00,1885.7058762124977
80_20240827 01,1885.1432331194749
80_20240827 02,1884.1582275009407
80_20240827 03,1883.4215788806982
80_20240827 04,1879.0829458757873
80_20240827 05,1877.6196327389182
80_20240827 06,1882.8218419933023
80_20240827 07,1998.7388416470264
80_20240827 08,2452.2935320390866
80_20240827 09,2792.598140806346
80_20240827 10,2996.4099154257356
80_20240827 11,3064.2430554862894
80_20240827 12,3244.6285680614083
80_20240827 13,3197.8082183607107
80_20240827 14,3259.2967991669993
80_20240827 15,3263.9358700917364
80_20240827 16,3164.4609830289955
80_20240827 17,3108.286631248635
80_20240827 18,2503.856195296335
80_20240827 19,2144.4013938014473
80_20240827 20,2028.5051906709346
80_20240827 21,1989.0066725301251
80_20240827 22,1873.4530671815294
80_20240827 23,1885.7264543643976
80_20240828 00,1888.4236107705322
80_20240828 01,1875.0251921985155
80_20240828 02,1878.3329727035123
80_20240828 03,1873.4595056681817
80_20240828 04,1793.8157640072739
80_20240828 05,1748.100184565624
80_20240828 06,1773.9204045069816
80_20240828 07,1982.0127345386495
80_20240828 08,2441.1327634542586
80_20240828 09,2761.229020034573
80_20240828 10,3171.6836910217785
80_20240828 11,3098.112348144638
80_20240828 12,3146.049004284902
80_20240828 13,3169.107585765393
80_20240828 14,3151.197240205026
80_20240828 15,3222.152588402284
80_20240828 16,3204.330175063898
80_20240828 17,3108.0525887213407
80_20240828 18,2399.698043565469
80_20240828 19,2104.1368417511794
80_20240828 20,2031.722910695319
80_20240828 21,1907.0263217456118
80_20240828 22,1871.8091185148041
80_20240828 23,1889.335981011465
80_20240829 00,1877.9902602586537
80_20240829 01,1754.49795118528
80_20240829 02,1755.4226934230971
80_20240829 03,1753.7753901245921
80_20240829 04,1733.223275547536
80_20240829 05,1705.1509248775476
80_20240829 06,1708.7535550509315
80_20240829 07,1799.378533054329
80_20240829 08,2594.327162396956
80_20240829 09,3185.243339483685
80_20240829 10,3157.56028472539
80_20240829 11,3160.6237122958687
80_20240829 12,3085.869110907157
80_20240829 13,3036.255565457858
80_20240829 14,3090.7224037936567
80_20240829 15,3127.260904994953
80_20240829 16,3119.1697192686547
80_20240829 17,3052.5749214842563
80_20240829 18,2445.9342935333207
80_20240829 19,2048.2806512429543
80_20240829 20,2057.1147455128707
80_20240829 21,1993.983925192327
80_20240829 22,1961.3202769912123
80_20240829 23,1877.1199379440402
80_20240830 00,1882.1603956758483
80_20240830 01,1878.3595134585162
80_20240830 02,1798.293070759655
80_20240830 03,1869.7524256665533
80_20240830 04,1733.9883939711635
80_20240830 05,1702.75240375191
80_20240830 06,1710.463387156733
80_20240830 07,1826.6099146942918
80_20240830 08,2420.3393597868485
80_20240830 09,2995.450650231279
80_20240830 10,3192.8268998930266
80_20240830 11,3200.0609302617313
80_20240830 12,3174.240063089807
80_20240830 13,3157.0557019721136
80_20240830 14,3166.784247646441
80_20240830 15,3173.037173922986
80_20240830 16,3171.675411497583
80_20240830 17,3144.4423342541804
80_20240830 18,2503.055210986725
80_20240830 19,2125.036017248523
80_20240830 20,2005.5475165913685
80_20240830 21,1887.1582864421378
80_20240830 22,1880.045945258462
80_20240830 23,1872.7754400235694
80_20240831 00,1797.0812165463176
80_20240831 01,1772.5247350347738
80_20240831 02,1689.9984392822248
80_20240831 03,1693.4073439054596
80_20240831 04,1592.3637437999364
80_20240831 05,1632.7365598024803
80_20240831 06,1590.1407159917746
80_20240831 07,1592.8015159631318
80_20240831 08,1494.7746030707222
80_20240831 09,1513.165129603432
80_20240831 10,1478.574436036651
80_20240831 11,1482.1994035752373
80_20240831 12,1485.93369668359
80_20240831 13,1955.5302751900367
80_20240831 14,2012.2967143834226
80_20240831 15,2029.7998365773133
80_20240831 16,2020.0137428346213
80_20240831 17,2019.3624551197852
80_20240831 18,1674.961651298708
80_20240831 19,1695.471216236261
80_20240831 20,1805.8360698014346
80_20240831 21,1785.4095972388043
80_20240831 22,1682.2876553338983
80_20240831 23,1694.7173620270485
81_20240825 00,1209.5594327167912
81_20240825 01,1219.3301205683033
81_20240825 02,1229.6582565197268
81_20240825 03,1213.4788712409877
81_20240825 04,1219.3509270009595
81_20240825 05,1211.6358126254363
81_20240825 06,1208.6866770793747
81_20240825 07,1216.8967710746667
81_20240825 08,1244.1398489943656
81_20240825 09,1225.0910062135251
81_20240825 10,1187.3390541779117
81_20240825 11,1222.8641548267608
81_20240825 12,1244.4223452204192
81_20240825 13,1153.2606350688789
81_20240825 14,1175.3161521153463
81_20240825 15,1175.5188558272666
81_20240825 16,1120.4631536543602
81_20240825 17,1174.5241663959685
81_20240825 18,1246.2948066796757
81_20240825 19,1195.2950783021422
81_20240825 20,1254.34856562688
81_20240825 21,1232.1636712067836
81_20240825 22,1186.0644888572442
81_20240825 23,1217.3686259336805
81_20240826 00,1215.4292891416235
81_20240826 01,1237.3216260549318
81_20240826 02,1224.9508514466138
81_20240826 03,1230.7357853639312
81_20240826 04,1211.6418537132124
81_20240826 05,1217.0214695327127
81_20240826 06,1221.7926296649007
81_20240826 07,1223.0723750686952
81_20240826 08,1243.2600164382084
81_20240826 09,1214.817302197049
81_20240826 10,1178.987080362953
81_20240826 11,1201.2623431064253
81_20240826 12,1236.7861063437806
81_20240826 13,1131.0974472652579
81_20240826 14,1049.838396725501
81_20240826 15,1005.4958222138571
81_20240826 16,1082.3001650184174
81_20240826 17,1213.9034556961954
81_20240826 18,1224.6347317534473
81_20240826 19,1244.2600677677835
81_20240826 20,1190.8155267105458
81_20240826 21,1201.095355071608
81_20240826 22,1225.3841148319852
81_20240826 23,1222.380866973552
81_20240827 00,1226.722947491405
81_20240827 01,1223.2029422043847
81_20240827 02,1215.0221425466486
81_20240827 03,1217.6217343327432
81_20240827 04,1213.7042944722964
81_20240827 05,1217.0857863698686
81_20240827 06,1202.9682528712763
81_20240827 07,1219.0064480990227
81_20240827 08,1248.4128164830959
81_20240827 09,1202.9109804481611
81_20240827 10,1225.94923184907
81_20240827 11,1232.2268824182684
81_20240827 12,1240.0402134457474
81_20240827 13,1222.3909800640108
81_20240827 14,1199.565938632457
81_20240827 15,1192.2274710809006
81_20240827 16,1205.9628717884214
81_20240827 17,1229.3751148318286
81_20240827 18,1266.7396363895218
81_20240827 19,1184.2194385457153
81_20240827 20,1184.5490839937615
81_20240827 21,1171.4962739511177
81_20240827 22,1163.3126787593158
81_20240827 23,1157.7841149262508
81_20240828 00,1162.3379052383182
81_20240828 01,1158.3846013997759
81_20240828 02,1156.800500019988
81_20240828 03,1168.4366434953752
81_20240828 04,1155.1540285750402
81_20240828 05,1163.2675114170195
81_20240828 06,1168.0721201169506
81_20240828 07,1256.2882703378032
81_20240828 08,1205.97340954404
81_20240828 09,1233.5112981503723
81_20240828 10,1230.963674853214
81_20240828 11,1264.7705104834613
81_20240828 12,1236.4831305280786
81_20240828 13,1155.4251311016687
81_20240828 14,1215.5157555275564
81_20240828 15,1134.8505559019459
81_20240828 16,1216.8585310293258
81_20240828 17,1229.9190007846425
81_20240828 18,1227.5365854913132
81_20240828 19,1171.5596681128268
81_20240828 20,1166.0884540743818
81_20240828 21,1167.4122365758647
81_20240828 22,1180.8777837246093
81_20240828 23,1161.3525602751808
81_20240829 00,1225.810944519756
81_20240829 01,1232.3967556118923
81_20240829 02,1227.324602352569
81_20240829 03,1212.2902228030732
81_20240829 04,1172.677165921361
81_20240829 05,1188.784728805388
81_20240829 06,1200.5555110305534
81_20240829 07,1192.8566173344855
81_20240829 08,1213.8077045839086
81_20240829 09,1205.5299435034592
81_20240829 10,1205.3643824129438
81_20240829 11,1222.5075514311006
81_20240829 12,1188.9953934777832
81_20240829 13,1212.38268791188
81_20240829 14,1154.8277768000535
81_20240829 15,1152.7356429513738
81_20240829 16,1151.5979808343152
81_20240829 17,1206.3112060209821
81_20240829 18,1231.700347167141
81_20240829 19,1227.0290276042272
81_20240829 20,1242.5449602602025
81_20240829 21,1232.2845057721904
81_20240829 22,1218.3125637488101
81_20240829 23,1226.6612123370548
81_20240830 00,1216.4127981461281
81_20240830 01,1161.7814619864948
81_20240830 02,1161.530082268369
81_20240830 03,1175.2061092147665
81_20240830 04,1158.4762759688012
81_20240830 05,1176.3544404629633
81_20240830 06,1176.4082122942016
81_20240830 07,1202.5931878747683
81_20240830 08,1194.343434346492
81_20240830 09,1262.1780102649593
81_20240830 10,1166.4194127749736
81_20240830 11,1211.8409110613097
81_20240830 12,1100.4397999118069
81_20240830 13,1030.7477082542036
81_20240830 14,1061.875452527487
81_20240830 15,1086.5087769267564
81_20240830 16,1071.1550762756167
81_20240830 17,1063.1306211945728
81_20240830 18,1115.7620892593272
81_20240830 19,1211.6777312625109
81_20240830 20,1209.79273285193
81_20240830 21,1198.6966003427956
81_20240830 22,1163.2115691835077
81_20240830 23,1158.851607489297
81_20240831 00,1150.9584417209485
81_20240831 01,1173.4007832205373
81_20240831 02,1153.8367827903483
81_20240831 03,1167.7976770047958
81_20240831 04,1200.980098727435
81_20240831 05,1205.5622246261157
81_20240831 06,1209.2337740701862
81_20240831 07,1204.2600667207437
81_20240831 08,1185.1069956134124
81_20240831 09,1227.5825840116056
81_20240831 10,1208.5185998655338
81_20240831 11,1215.207492353411
81_20240831 12,1174.9164641246196
81_20240831 13,1144.4289230362278
81_20240831 14,1126.3093025396113
81_20240831 15,1176.797476779366
81_20240831 16,1202.6429873841962
81_20240831 17,1203.6016435797953
81_20240831 18,1235.5439724998726
81_20240831 19,1177.1256785805022
81_20240831 20,1204.8420117314133
81_20240831 21,1160.8229826353554
81_20240831 22,1155.3349393867868
81_20240831 23,1176.0652008636305
82_20240825 00,528.7114950231663
82_20240825 01,520.1273410440014
82_20240825 02,507.172192114301
82_20240825 03,515.7301438322988
82_20240825 04,498.28253658525324
82_20240825 05,502.45836256247225
82_20240825 06,534.48022989453
82_20240825 07,592.8091368346375
82_20240825 08,777.7950797435649
82_20240825 09,1372.2268840686047
82_20240825 10,1990.361026288501
82_20240825 11,2155.9404838623627
82_20240825 12,2169.9168859357337
82_20240825 13,2156.859331966128
82_20240825 14,2159.116578471041
82_20240825 15,2166.9111448028793
82_20240825 16,2154.4133543871485
82_20240825 17,2118.2811166018487
82_20240825 18,2044.4154591447827
82_20240825 19,1651.288363524636
82_20240825 20,1633.4267516982468
82_20240825 21,1492.4425862200067
82_20240825 22,808.1823779214578
82_20240825 23,540.4580617954747
82_20240826 00,512.8715421803983
82_20240826 01,499.3932052662934
82_20240826 02,506.37109690766516
82_20240826 03,517.0988710514548
82_20240826 04,498.2886561295519
82_20240826 05,497.62626094632736
82_20240826 06,518.1436752162717
82_20240826 07,571.005554044956
82_20240826 08,715.1348772957688
82_20240826 09,1278.2928912342095
82_20240826 10,1669.1838051868804
82_20240826 11,1685.2379757883903
82_20240826 12,1720.6451249706136
82_20240826 13,1848.678840675846
82_20240826 14,1838.2217449384946
82_20240826 15,1835.0996415393674
82_20240826 16,1837.7093443867861
82_20240826 17,1774.2557676886029
82_20240826 18,1680.5797806639728
82_20240826 19,1637.126052716161
82_20240826 20,1557.2183027728104
82_20240826 21,1423.8131487975968
82_20240826 22,821.4508228483053
82_20240826 23,540.8156201267161
82_20240827 00,517.8007367663045
82_20240827 01,508.31495060322186
82_20240827 02,509.50021543213495
82_20240827 03,518.7984087018915
82_20240827 04,500.4202348068621
82_20240827 05,501.2034447252083
82_20240827 06,514.1912917738465
82_20240827 07,571.2335368353902
82_20240827 08,725.5967306269565
82_20240827 09,1296.1772098480915
82_20240827 10,1805.198072993095
82_20240827 11,1905.0433681333284
82_20240827 12,1805.8385092338315
82_20240827 13,1821.5257852371483
82_20240827 14,1847.1578010646194
82_20240827 15,1794.3026707969373
82_20240827 16,1828.5321249755225
82_20240827 17,1798.6788380684632
82_20240827 18,1820.1585532433141
82_20240827 19,1495.8276602282053
82_20240827 20,1479.212288179169
82_20240827 21,1433.365313251587
82_20240827 22,809.6022694710193
82_20240827 23,528.574907134153
82_20240828 00,501.61732302469943
82_20240828 01,471.21481458807773
82_20240828 02,477.5485507590834
82_20240828 03,487.63128709362076
82_20240828 04,470.4010392009447
82_20240828 05,486.2303873495717
82_20240828 06,490.65341663797346
82_20240828 07,557.4188045254829
82_20240828 08,682.8112006839061
82_20240828 09,1002.2158889203296
82_20240828 10,1587.7811047838286
82_20240828 11,1762.035048937946
82_20240828 12,1781.6443617609839
82_20240828 13,1773.4851145132398
82_20240828 14,1800.56567978095
82_20240828 15,1750.4753223331325
82_20240828 16,1776.4651072330148
82_20240828 17,1736.5732381284251
82_20240828 18,1777.7896081685774
82_20240828 19,1443.6972231422544
82_20240828 20,1442.572594318255
82_20240828 21,1391.6964886670937
82_20240828 22,805.0302820817411
82_20240828 23,529.5632404415658
82_20240829 00,503.3021385283535
82_20240829 01,506.4951823965393
82_20240829 02,503.02550928259706
82_20240829 03,512.3713011792959
82_20240829 04,500.0552346202712
82_20240829 05,501.90667612149724
82_20240829 06,513.4033572925931
82_20240829 07,582.949487297592
82_20240829 08,745.3118660299958
82_20240829 09,1273.0368100008172
82_20240829 10,1803.6681943958683
82_20240829 11,1905.4525522063382
82_20240829 12,1911.7028847778167
82_20240829 13,1909.9456714107664
82_20240829 14,1903.1001537620511
82_20240829 15,1872.586788297108
82_20240829 16,1915.570230968809
82_20240829 17,1880.797815489048
82_20240829 18,1900.3243146249213
82_20240829 19,1456.952616790651
82_20240829 20,1475.1371207571551
82_20240829 21,1464.7332672981897
82_20240829 22,819.6229767048738
82_20240829 23,527.4695692214583
82_20240830 00,513.2889085023027
82_20240830 01,510.44477737786684
82_20240830 02,510.91459590568667
82_20240830 03,530.0697221912823
82_20240830 04,495.1564519635569
82_20240830 05,501.32940527977837
82_20240830 06,507.15289494546954
82_20240830 07,548.9187389459337
82_20240830 08,703.7248197068445
82_20240830 09,1161.527976897114
82_20240830 10,1728.6267420970235
82_20240830 11,1873.988702933806
82_20240830 12,1912.199166261768
82_20240830 13,1927.0887010100837
82_20240830 14,1918.996293488131
82_20240830 15,2008.030247304414
82_20240830 16,2013.168988742789
82_20240830 17,2020.393025224138
82_20240830 18,1935.5200864063463
82_20240830 19,1612.0555480545338
82_20240830 20,1511.5851316464152
82_20240830 21,1461.3148193953643
82_20240830 22,815.2984845096565
82_20240830 23,520.711467266486
82_20240831 00,499.7133240487679
82_20240831 01,477.4654210915134
82_20240831 02,485.36118387786837
82_20240831 03,495.30929000782555
82_20240831 04,479.48277284733314
82_20240831 05,480.030609261623
82_20240831 06,500.2707238867406
82_20240831 07,580.7379583802052
82_20240831 08,749.7922884766114
82_20240831 09,1122.7590170539024
82_20240831 10,1878.6994497066921
82_20240831 11,2039.9788639843118
82_20240831 12,2100.7461684737914
82_20240831 13,2089.8676499555504
82_20240831 14,2083.453074538672
82_20240831 15,2092.563885460032
82_20240831 16,2096.682012186873
82_20240831 17,2032.1926737800634
82_20240831 18,1995.8319658915896
82_20240831 19,1574.9156412866107
82_20240831 20,1577.754375689913
82_20240831 21,1523.8074603991345
82_20240831 22,814.632671927396
82_20240831 23,506.2900992918281
83_20240825 00,2558.7002333846694
83_20240825 01,2541.8890811709825
83_20240825 02,2539.991297133124
83_20240825 03,2543.2124492635985
83_20240825 04,2531.6946349275277
83_20240825 05,2518.8351250954856
83_20240825 06,2515.9985492201336
83_20240825 07,2525.849781355727
83_20240825 08,2586.9720984323603
83_20240825 09,2633.3085866087463
83_20240825 10,2573.9370945762835
83_20240825 11,2576.187126365834
83_20240825 12,2583.566309675318
83_20240825 13,2651.918446230982
83_20240825 14,2656.3490167149375
83_20240825 15,2670.302923510088
83_20240825 16,2717.838313930078
83_20240825 17,2702.5192726631653
83_20240825 18,2694.001431354354
83_20240825 19,2679.3040218403335
83_20240825 20,2638.7532415353103
83_20240825 21,2619.9349298584616
83_20240825 22,2590.8370484136444
83_20240825 23,2561.2048856337083
83_20240826 00,2633.9600848249584
83_20240826 01,2613.7635671461603
83_20240826 02,2611.6330809452006
83_20240826 03,2619.464052192147
83_20240826 04,2603.1545694399197
83_20240826 05,2583.376689436389
83_20240826 06,2599.146610048117
83_20240826 07,2636.9052131558565
83_20240826 08,2854.5306514352847
83_20240826 09,3206.7446584802374
83_20240826 10,3198.3384878034835
83_20240826 11,3151.4601390595067
83_20240826 12,3137.557436492447
83_20240826 13,3139.9903260138117
83_20240826 14,3140.7665306923377
83_20240826 15,3200.234822069774
83_20240826 16,3209.59006002657
83_20240826 17,3210.1405291808246
83_20240826 18,3192.1157638819836
83_20240826 19,2830.2821924177424
83_20240826 20,2782.3205190694625
83_20240826 21,2777.9189029083723
83_20240826 22,2694.9783545860546
83_20240826 23,2646.136840962897
83_20240827 00,2636.391558799048
83_20240827 01,2628.649752968085
83_20240827 02,2628.80470859922
83_20240827 03,2632.2618647893414
83_20240827 04,2617.0327012142934
83_20240827 05,2590.8226446910658
83_20240827 06,2592.0511546189437
83_20240827 07,2650.445730803491
83_20240827 08,2853.3637473981926
83_20240827 09,3180.7450946758468
83_20240827 10,3181.3531075919473
83_20240827 11,3173.636587617361
83_20240827 12,3162.3654584190404
83_20240827 13,3166.029129861827
83_20240827 14,3162.503388813151
83_20240827 15,3197.393052149061
83_20240827 16,3207.3153351222845
83_20240827 17,3156.950388497478
83_20240827 18,3139.8090374761796
83_20240827 19,2719.483982471555
83_20240827 20,2673.370834125427
83_20240827 21,2583.291868039543
83_20240827 22,2461.7705924757706
83_20240827 23,2413.142988233964
83_20240828 00,2384.791419348316
83_20240828 01,2378.984610221693
83_20240828 02,2328.1300456366207
83_20240828 03,2319.233417356823
83_20240828 04,2294.5168013204197
83_20240828 05,2268.83001143264
83_20240828 06,2233.6551607905367
83_20240828 07,2304.8226013914996
83_20240828 08,2670.8802586827696
83_20240828 09,3109.4283282749407
83_20240828 10,2993.8775398321413
83_20240828 11,3035.110312637876
83_20240828 12,3019.143825894611
83_20240828 13,3009.564240461786
83_20240828 14,3034.838890594774
83_20240828 15,3122.4269900029367
83_20240828 16,3107.867010655439
83_20240828 17,3140.5641802598134
83_20240828 18,3104.321173397865
83_20240828 19,2752.2011953880124
83_20240828 20,2723.623704533483
83_20240828 21,2686.4881408753463
83_20240828 22,2573.7044082585153
83_20240828 23,2487.751581648022
83_20240829 00,2433.073895771211
83_20240829 01,2425.219566579719
83_20240829 02,2350.0952275966965
83_20240829 03,2339.2340331777086
83_20240829 04,2303.8770460803516
83_20240829 05,2324.8281463956528
83_20240829 06,2257.8122892132014
83_20240829 07,2355.905647251424
83_20240829 08,2512.2131877026472
83_20240829 09,2990.432435854131
83_20240829 10,2979.3728374786297
83_20240829 11,2990.574802351943
83_20240829 12,3072.4693130287596
83_20240829 13,2974.046499653694
83_20240829 14,3035.868555820931
83_20240829 15,3077.3593351056297
83_20240829 16,3113.0862225475635
83_20240829 17,3172.3968667651284
83_20240829 18,3157.6130301554704
83_20240829 19,2770.0906628513517
83_20240829 20,2690.57152085309
83_20240829 21,2604.9117594662666
83_20240829 22,2523.1144606866137
83_20240829 23,2501.0702587099863
83_20240830 00,2497.677717866755
83_20240830 01,2457.057026811234
83_20240830 02,2394.884295652553
83_20240830 03,2368.6399431391824
83_20240830 04,2444.089996695853
83_20240830 05,2314.595708252228
83_20240830 06,2296.539380003224
83_20240830 07,2408.0808851792785
83_20240830 08,2664.5985990888184
83_20240830 09,2982.331644511547
83_20240830 10,3028.0317945551838
83_20240830 11,2994.0123981566453
83_20240830 12,3049.440696519286
83_20240830 13,3016.3269346523302
83_20240830 14,2887.364314708224
83_20240830 15,2935.6360999543153
83_20240830 16,3107.0081554176713
83_20240830 17,3107.264907731996
83_20240830 18,3131.317394416455
83_20240830 19,2799.278507418283
83_20240830 20,2736.4530914168427
83_20240830 21,2580.0480828666427
83_20240830 22,2477.2706272238715
83_20240830 23,2378.9618220584475
83_20240831 00,2335.738511465447
83_20240831 01,2275.1026407572413
83_20240831 02,2256.8840752818573
83_20240831 03,2261.7224081796285
83_20240831 04,2238.082870716042
83_20240831 05,2210.7781139133663
83_20240831 06,2216.621322168888
83_20240831 07,2249.152890072274
83_20240831 08,2458.476744268544
83_20240831 09,2415.5902982217126
83_20240831 10,2462.113630830882
83_20240831 11,2430.153722559775
83_20240831 12,2409.679917940155
83_20240831 13,2526.659858785663
83_20240831 14,2477.208693072391
83_20240831 15,2662.5425823739547
83_20240831 16,2689.8255397783205
83_20240831 17,2621.8355364335102
83_20240831 18,2541.397208363725
83_20240831 19,2565.768068343574
83_20240831 20,2481.4251965907138
83_20240831 21,2443.4558683414866
83_20240831 22,2451.979149968447
83_20240831 23,2455.5943820375933
84_20240825 00,1239.90543659295
84_20240825 01,1153.886294943823
84_20240825 02,1156.528420937375
84_20240825 03,1151.2082111578204
84_20240825 04,1158.8690412703413
84_20240825 05,1309.853668373089
84_20240825 06,1388.1713476805025
84_20240825 07,1506.003956331478
84_20240825 08,1638.8360913256518
84_20240825 09,1763.9397010593311
84_20240825 10,2151.252140708603
84_20240825 11,2453.6902459278035
84_20240825 12,2330.258982701638
84_20240825 13,2457.094299452402
84_20240825 14,2381.988137199452
84_20240825 15,2350.2620554194295
84_20240825 16,2339.1241283955524
84_20240825 17,2331.824739555029
84_20240825 18,2148.022348790275
84_20240825 19,1915.6606868040546
84_20240825 20,1801.2062772069983
84_20240825 21,1804.0016318870112
84_20240825 22,1588.8553520444957
84_20240825 23,1435.9741865596004
84_20240826 00,1225.2421170094906
84_20240826 01,1137.2588900033338
84_20240826 02,1134.1429854206406
84_20240826 03,1127.2631339664078
84_20240826 04,1137.0486232540677
84_20240826 05,1294.7693088840226
84_20240826 06,1368.192116290366
84_20240826 07,1404.4887113033446
84_20240826 08,1610.7054875429649
84_20240826 09,1713.1192749100605
84_20240826 10,2057.625787938808
84_20240826 11,2287.0494670802073
84_20240826 12,2200.5167117156398
84_20240826 13,2207.3210207982975
84_20240826 14,2203.4924497671004
84_20240826 15,2253.7122795570976
84_20240826 16,2133.069737181079
84_20240826 17,2096.2603940765034
84_20240826 18,1909.7503630116835
84_20240826 19,1846.1551270576829
84_20240826 20,1677.9593564499
84_20240826 21,1633.7702202015641
84_20240826 22,1432.3127483431322
84_20240826 23,1378.3147738168198
84_20240827 00,1234.1779735547493
84_20240827 01,1154.6197042931121
84_20240827 02,1138.6622010004326
84_20240827 03,1129.5243683843717
84_20240827 04,1144.914557303822
84_20240827 05,1275.5188410534965
84_20240827 06,1357.2927517574028
84_20240827 07,1381.4823089114536
84_20240827 08,1485.9368984524694
84_20240827 09,1648.2305056345456
84_20240827 10,1895.6424376234263
84_20240827 11,2063.680950499783
84_20240827 12,1981.2057173971893
84_20240827 13,2048.1419775752784
84_20240827 14,2046.922051272088
84_20240827 15,2071.696947755388
84_20240827 16,2170.375424917398
84_20240827 17,2060.3016584528564
84_20240827 18,1814.0758619221592
84_20240827 19,1590.734049846046
84_20240827 20,1481.3956263943796
84_20240827 21,1471.6074951125918
84_20240827 22,1371.9289356164977
84_20240827 23,1229.6426931055832
84_20240828 00,1057.4006613775912
84_20240828 01,1019.4423779175547
84_20240828 02,1019.2928492913804
84_20240828 03,1021.6675268094383
84_20240828 04,1068.071641700064
84_20240828 05,1157.3538741474772
84_20240828 06,1288.187729175947
84_20240828 07,1364.9722472037176
84_20240828 08,1485.51287171097
84_20240828 09,1696.8371095669079
84_20240828 10,1926.6629816668383
84_20240828 11,2061.155768223362
84_20240828 12,2107.4216378071583
84_20240828 13,2296.588580825192
84_20240828 14,2239.612327176396
84_20240828 15,2183.527327341676
84_20240828 16,2234.856817334698
84_20240828 17,2051.185577532974
84_20240828 18,1859.8332718194508
84_20240828 19,1747.0245962549727
84_20240828 20,1607.9333816708963
84_20240828 21,1483.1801302550691
84_20240828 22,1384.5588457954104
84_20240828 23,1290.0228270005664
84_20240829 00,1097.3137070365958
84_20240829 01,984.4060564699065
84_20240829 02,965.05076269617
84_20240829 03,974.9128114504272
84_20240829 04,970.7697853580163
84_20240829 05,1139.0100013913896
84_20240829 06,1232.8754499467861
84_20240829 07,1343.6789733859844
84_20240829 08,1464.295362034346
84_20240829 09,1644.5242591711556
84_20240829 10,1931.1468484837656
84_20240829 11,2032.347979757428
84_20240829 12,2076.4551038916907
84_20240829 13,2147.061609974427
84_20240829 14,2069.89843220975
84_20240829 15,2096.4863617027445
84_20240829 16,2082.8722307838575
84_20240829 17,2156.7917741656456
84_20240829 18,1890.2342673394323
84_20240829 19,1821.743652311601
84_20240829 20,1718.4252812858347
84_20240829 21,1675.7722689285088
84_20240829 22,1470.8567888085609
84_20240829 23,1326.0641749263855
84_20240830 00,1197.2838590434496
84_20240830 01,1118.5304357181976
84_20240830 02,1134.4507047479021
84_20240830 03,1068.601604527437
84_20240830 04,1071.098193331182
84_20240830 05,1244.3620700192544
84_20240830 06,1344.9000874161684
84_20240830 07,1366.2581075329742
84_20240830 08,1483.4155165446175
84_20240830 09,1697.5725458740856
84_20240830 10,1917.1961945259154
84_20240830 11,2071.550904092821
84_20240830 12,2023.2819898658047
84_20240830 13,2131.290557958616
84_20240830 14,2074.200012596066
84_20240830 15,2047.4181831598123
84_20240830 16,1912.9851488261086
84_20240830 17,2004.2266271747274
84_20240830 18,1858.3684868693317
84_20240830 19,1597.2296786420693
84_20240830 20,1487.1948823841021
84_20240830 21,1447.2716699589184
84_20240830 22,1367.35728694904
84_20240830 23,1151.9916111720438
84_20240831 00,1076.1584358718253
84_20240831 01,991.5292985128193
84_20240831 02,980.3481772386967
84_20240831 03,972.1812471151369
84_20240831 04,970.1543702691611
84_20240831 05,1070.8950133200988
84_20240831 06,1154.198998256242
84_20240831 07,1306.7267363909914
84_20240831 08,1488.555061027228
84_20240831 09,1662.1573301775745
84_20240831 10,1970.2741325643776
84_20240831 11,2331.5090296081294
84_20240831 12,2258.898164606311
84_20240831 13,2384.5065002390143
84_20240831 14,2277.785461280742
84_20240831 15,2211.148373295028
84_20240831 16,2013.4348724281353
84_20240831 17,2001.8394582720905
84_20240831 18,1751.9568169373376
84_20240831 19,1534.5351075033848
84_20240831 20,1408.6416951416843
84_20240831 21,1381.3513173730998
84_20240831 22,1344.9720757286107
84_20240831 23,1113.7421247261875
85_20240825 00,22.623008397126682
85_20240825 01,17.933064486638592
85_20240825 02,15.435662675517856
85_20240825 03,13.874231094034872
85_20240825 04,13.915380469656476
85_20240825 05,11.313123844248803
85_20240825 06,14.375584887793078
85_20240825 07,20.864799687750235
85_20240825 08,28.431811330568333
85_20240825 09,38.38340308361964
85_20240825 10,34.09139756568734
85_20240825 11,34.736850659802904
85_20240825 12,31.531852344467747
85_20240825 13,28.15008855599769
85_20240825 14,27.70052520443587
85_20240825 15,26.28527018166324
85_20240825 16,27.521484289602498
85_20240825 17,30.119292607092703
85_20240825 18,35.26506108372124
85_20240825 19,35.997322938931156
85_20240825 20,42.33719019773402
85_20240825 21,47.93148182652792
85_20240825 22,39.850115366826046
85_20240825 23,30.985759758938286
85_20240826 00,21.944903781204484
85_20240826 01,17.298278778684878
85_20240826 02,15.002515189463264
85_20240826 03,13.708475447567015
85_20240826 04,14.052150027486622
85_20240826 05,13.053101526183179
85_20240826 06,17.479806539260604
85_20240826 07,32.5308942251918
85_20240826 08,32.71490914706691
85_20240826 09,31.11682141698589
85_20240826 10,27.152103616933434
85_20240826 11,25.798742775417647
85_20240826 12,22.162656381501968
85_20240826 13,20.395986583884532
85_20240826 14,20.219721548839907
85_20240826 15,20.171098945894073
85_20240826 16,20.34214301041345
85_20240826 17,26.899479007776335
85_20240826 18,33.8982463405973
85_20240826 19,35.12549288424706
85_20240826 20,42.05269688281568
85_20240826 21,47.61393845639938
85_20240826 22,39.409068988541556
85_20240826 23,30.671596807142247
85_20240827 00,21.81505953811419
85_20240827 01,17.207003881982605
85_20240827 02,15.144567761741198
85_20240827 03,13.593686973872446
85_20240827 04,13.875992529414368
85_20240827 05,12.916865313814482
85_20240827 06,17.174766376242243
85_20240827 07,27.79178376246417
85_20240827 08,32.04743887781351
85_20240827 09,30.45167844026791
85_20240827 10,25.681873666981428
85_20240827 11,23.446570258101513
85_20240827 12,20.57935156260244
85_20240827 13,19.115852328592847
85_20240827 14,18.0461516465733
85_20240827 15,18.215558542513463
85_20240827 16,19.703698723179183
85_20240827 17,26.172502280425434
85_20240827 18,33.67634404397464
85_20240827 19,32.23394532570218
85_20240827 20,39.047434804011054
85_20240827 21,47.39711316773616
85_20240827 22,40.38301582076298
85_20240827 23,30.941992539776987
85_20240828 00,22.435130081912266
85_20240828 01,17.4182493121244
85_20240828 02,15.192978685507503
85_20240828 03,13.910817205859622
85_20240828 04,14.084478817543522
85_20240828 05,13.043201712496394
85_20240828 06,18.884337295602798
85_20240828 07,33.99871179557444
85_20240828 08,36.9432358942451
85_20240828 09,30.852401906922378
85_20240828 10,24.264279554491235
85_20240828 11,21.561127402570676
85_20240828 12,18.715004661141272
85_20240828 13,18.931555091357566
85_20240828 14,18.27057849018482
85_20240828 15,18.396688103503784
85_20240828 16,19.430225688865455
85_20240828 17,26.401753080797448
85_20240828 18,35.20320735227372
85_20240828 19,31.7155249997849
85_20240828 20,38.878235979134416
85_20240828 21,48.207475184807514
85_20240828 22,39.05310109234396
85_20240828 23,30.90067651098513
85_20240829 00,21.996853495758096
85_20240829 01,17.398490907402852
85_20240829 02,15.170513957357805
85_20240829 03,13.718650854286622
85_20240829 04,13.903699137309689
85_20240829 05,12.889139391944639
85_20240829 06,15.783746098402402
85_20240829 07,28.904874601876074
85_20240829 08,35.402137030335325
85_20240829 09,31.16098143905021
85_20240829 10,26.874342222362564
85_20240829 11,24.14130096688119
85_20240829 12,19.132191357254303
85_20240829 13,19.134650269112406
85_20240829 14,18.94383597557875
85_20240829 15,18.488626289684394
85_20240829 16,20.255418415232747
85_20240829 17,25.59931226061568
85_20240829 18,32.98295798765331
85_20240829 19,34.32410313276298
85_20240829 20,37.56654735357903
85_20240829 21,47.11736891582165
85_20240829 22,38.625073275217886
85_20240829 23,30.3686510193131
85_20240830 00,21.74672915964785
85_20240830 01,17.387198064961435
85_20240830 02,15.259706665359255
85_20240830 03,13.836663687868542
85_20240830 04,14.696420288046653
85_20240830 05,12.956721859776984
85_20240830 06,15.621573622339005
85_20240830 07,33.115976140720086
85_20240830 08,34.054465603141935
85_20240830 09,30.87396668779187
85_20240830 10,26.739892741768617
85_20240830 11,23.689834714684274
85_20240830 12,19.87203541423896
85_20240830 13,19.90395453432391
85_20240830 14,19.012474386704117
85_20240830 15,19.249179526640045
85_20240830 16,20.32872902347153
85_20240830 17,25.161281857730952
85_20240830 18,31.53077090238555
85_20240830 19,33.9748044912098
85_20240830 20,40.79036530421162
85_20240830 21,45.82689981083161
85_20240830 22,39.92153669074761
85_20240830 23,30.814441716760374
85_20240831 00,23.433476358159908
85_20240831 01,17.954286396701804
85_20240831 02,15.503747666806225
85_20240831 03,13.851177349961796
85_20240831 04,13.730887006759367
85_20240831 05,11.147736233151832
85_20240831 06,14.317661011778439
85_20240831 07,22.183446304702386
85_20240831 08,31.528415691835548
85_20240831 09,37.883303685012955
85_20240831 10,33.242120353181576
85_20240831 11,34.307486171605795
85_20240831 12,28.121133389196896
85_20240831 13,26.77817758167202
85_20240831 14,25.57199649373067
85_20240831 15,22.607460741111097
85_20240831 16,22.91541626209025
85_20240831 17,26.804591938345535
85_20240831 18,33.05675445946061
85_20240831 19,34.26185513715094
85_20240831 20,38.52926921281251
85_20240831 21,46.83395444499061
85_20240831 22,40.5442690805113
85_20240831 23,30.881323948661198
86_20240825 00,637.1201157207707
86_20240825 01,611.1003252119394
86_20240825 02,596.4694245759239
86_20240825 03,590.5312997477436
86_20240825 04,589.149344663773
86_20240825 05,584.5324438493471
86_20240825 06,668.7670753437058
86_20240825 07,736.3523671649972
86_20240825 08,946.1052005016452
86_20240825 09,1035.3698588543139
86_20240825 10,1129.2469466791197
86_20240825 11,1206.948493452445
86_20240825 12,1251.907566041787
86_20240825 13,1286.0416492127886
86_20240825 14,1281.377258400411
86_20240825 15,1296.3966301235023
86_20240825 16,1319.878801491012
86_20240825 17,1327.8122925232235
86_20240825 18,1329.8334494587864
86_20240825 19,1095.7846507095587
86_20240825 20,1064.5031569922432
86_20240825 21,996.5010984229707
86_20240825 22,834.2573969579082
86_20240825 23,691.9415039211148
86_20240826 00,673.4010384480683
86_20240826 01,642.294462822302
86_20240826 02,622.5565210750236
86_20240826 03,617.9719043831899
86_20240826 04,626.6281881960895
86_20240826 05,614.0229293865386
86_20240826 06,755.2905775422813
86_20240826 07,1264.303477009083
86_20240826 08,2108.189789241861
86_20240826 09,2759.735558634627
86_20240826 10,3073.026077336934
86_20240826 11,3014.022809616521
86_20240826 12,2879.994453442936
86_20240826 13,2965.900779867026
86_20240826 14,2953.204264373584
86_20240826 15,2938.715742639105
86_20240826 16,2832.718789877782
86_20240826 17,2793.6019969617414
86_20240826 18,2253.289317559642
86_20240826 19,1415.8107335876537
86_20240826 20,1368.2932730359175
86_20240826 21,1281.1403958876085
86_20240826 22,973.8194644307865
86_20240826 23,766.9649315019719
86_20240827 00,675.8611612780354
86_20240827 01,644.8431710253353
86_20240827 02,627.2583912375231
86_20240827 03,620.7926585247396
86_20240827 04,628.3542624658468
86_20240827 05,618.1718498558315
86_20240827 06,633.6772626036942
86_20240827 07,1187.8820527309904
86_20240827 08,1807.8620420005711
86_20240827 09,2587.1434718593014
86_20240827 10,2729.8994694107355
86_20240827 11,2687.9916966431642
86_20240827 12,2737.6620008220802
86_20240827 13,2728.807507216939
86_20240827 14,2810.5316400875167
86_20240827 15,2783.26504319928
86_20240827 16,2706.9968413299703
86_20240827 17,2544.8031915698634
86_20240827 18,2144.1428302913914
86_20240827 19,1428.3928484668245
86_20240827 20,1353.8756399175502
86_20240827 21,1262.9187418130402
86_20240827 22,946.961920056963
86_20240827 23,752.1698802123323
86_20240828 00,667.6298883639456
86_20240828 01,642.3109040685308
86_20240828 02,613.3952758799918
86_20240828 03,598.8161735577881
86_20240828 04,611.1039677585421
86_20240828 05,598.8335945013843
86_20240828 06,670.1872617584463
86_20240828 07,1038.5053766711928
86_20240828 08,1879.346858634445
86_20240828 09,2653.1990632268817
86_20240828 10,2828.432858217348
86_20240828 11,2718.0502109847744
86_20240828 12,2773.517401538932
86_20240828 13,2881.9252589333605
86_20240828 14,2886.9956652686615
86_20240828 15,2867.0086644443018
86_20240828 16,2764.214149684729
86_20240828 17,2713.033770326721
86_20240828 18,2260.73928066191
86_20240828 19,1436.1655051415023
86_20240828 20,1451.9287834919212
86_20240828 21,1360.9654204678845
86_20240828 22,989.9136095180211
86_20240828 23,785.1431583822971
86_20240829 00,663.0412143580025
86_20240829 01,635.0526755499973
86_20240829 02,611.5077637111492
86_20240829 03,597.5985676484084
86_20240829 04,595.4022522115647
86_20240829 05,576.5583490142635
86_20240829 06,664.9606785740789
86_20240829 07,1065.6641789908147
86_20240829 08,1744.8866177198083
86_20240829 09,2122.1490488561067
86_20240829 10,2303.598009867564
86_20240829 11,2320.4110286943587
86_20240829 12,2389.2682975302914
86_20240829 13,2451.8875088451314
86_20240829 14,2444.510835660915
86_20240829 15,2423.8792369657476
86_20240829 16,2337.7558280498706
86_20240829 17,2281.368953977259
86_20240829 18,2018.3718292932838
86_20240829 19,1471.162945072082
86_20240829 20,1430.3346123025344
86_20240829 21,1263.2043182177358
86_20240829 22,962.0520050066708
86_20240829 23,757.4928070270734
86_20240830 00,664.679525059076
86_20240830 01,628.2125394062227
86_20240830 02,604.7958019164034
86_20240830 03,595.0189267773648
86_20240830 04,610.1351306101199
86_20240830 05,580.0672549154599
86_20240830 06,666.2080096400292
86_20240830 07,1060.7689661622765
86_20240830 08,1799.0655158516174
86_20240830 09,2547.2887488381493
86_20240830 10,2780.377754164361
86_20240830 11,2916.4045632210787
86_20240830 12,2823.216905259166
86_20240830 13,2873.734868621225
86_20240830 14,2882.4110212688206
86_20240830 15,2857.3295620562276
86_20240830 16,2792.6412456944186
86_20240830 17,2623.8906007133655
86_20240830 18,2203.2353572181833
86_20240830 19,1526.7439133652936
86_20240830 20,1374.867457261287
86_20240830 21,1275.2233399557135
86_20240830 22,956.3380071202079
86_20240830 23,755.970269078359
86_20240831 00,645.9556853220163
86_20240831 01,610.3815185444997
86_20240831 02,587.8599793816993
86_20240831 03,567.1710493733228
86_20240831 04,566.9226954585206
86_20240831 05,563.976988597047
86_20240831 06,608.4382608390495
86_20240831 07,723.9893040691657
86_20240831 08,876.7866785344453
86_20240831 09,1052.1409411428187
86_20240831 10,1052.3127223620793
86_20240831 11,1174.0679534013316
86_20240831 12,1309.945698790945
86_20240831 13,1354.9508125871112
86_20240831 14,1347.178328750572
86_20240831 15,1279.4143278257773
86_20240831 16,1287.3407661017764
86_20240831 17,1298.1707965041264
86_20240831 18,1338.9931354419057
86_20240831 19,1134.9171903403098
86_20240831 20,1041.826856211802
86_20240831 21,994.9999813681745
86_20240831 22,848.1584132019423
86_20240831 23,695.6772767408348
87_20240825 00,1505.4851553675057
87_20240825 01,1385.7908230283535
87_20240825 02,1171.8142186832374
87_20240825 03,1185.2783874707493
87_20240825 04,1199.5287135753704
87_20240825 05,1203.717301267109
87_20240825 06,1213.51249764022
87_20240825 07,1171.1019270646893
87_20240825 08,1159.2874867609582
87_20240825 09,1121.0738607823505
87_20240825 10,1253.9981657674796
87_20240825 11,1230.3950568493178
87_20240825 12,1199.7131356923064
87_20240825 13,1159.1189236746889
87_20240825 14,988.4052704604328
87_20240825 15,967.0511149459289
87_20240825 16,978.3877092305343
87_20240825 17,971.846205937946
87_20240825 18,938.7840134626591
87_20240825 19,1347.9771433070325
87_20240825 20,1908.4888472804475
87_20240825 21,1996.7429519977545
87_20240825 22,1899.2454848820241
87_20240825 23,1709.669602631252
87_20240826 00,2878.4331457969192
87_20240826 01,2879.1906704051294
87_20240826 02,2896.695777753213
87_20240826 03,2883.3601208372725
87_20240826 04,2645.8141562972733
87_20240826 05,2294.6292699576466
87_20240826 06,1791.0150705436579
87_20240826 07,1489.758511673564
87_20240826 08,1553.131381224958
87_20240826 09,1467.1918083108233
87_20240826 10,1283.0162483721804
87_20240826 11,1210.479661749062
87_20240826 12,1127.3069248290215
87_20240826 13,1089.7169917217798
87_20240826 14,1109.2742563215356
87_20240826 15,1077.493426980661
87_20240826 16,1079.2227451739936
87_20240826 17,1046.8007157682569
87_20240826 18,1003.7883437796207
87_20240826 19,1462.6827979050397
87_20240826 20,1636.6597296578127
87_20240826 21,1853.202443637394
87_20240826 22,2214.20652892354
87_20240826 23,2561.1398211893143
87_20240827 00,2405.727986007988
87_20240827 01,2468.623725706856
87_20240827 02,2514.906181085762
87_20240827 03,2519.821451664528
87_20240827 04,2437.094342067662
87_20240827 05,2113.7999079754645
87_20240827 06,1710.786921074979
87_20240827 07,1395.592148679911
87_20240827 08,1421.8297960195116
87_20240827 09,1269.2627188031374
87_20240827 10,1234.7803985623268
87_20240827 11,1147.5772842306499
87_20240827 12,1094.4940874128988
87_20240827 13,1047.3959928689521
87_20240827 14,1003.3576939969412
87_20240827 15,985.9087618546243
87_20240827 16,975.6369672393928
87_20240827 17,939.335233914666
87_20240827 18,951.3069684276282
87_20240827 19,1664.8888818466319
87_20240827 20,2198.438880633365
87_20240827 21,2457.3333644346467
87_20240827 22,2632.859040493543
87_20240827 23,2507.065766253901
87_20240828 00,2316.405253411467
87_20240828 01,2157.8233691581986
87_20240828 02,2362.823857919004
87_20240828 03,2358.473860411883
87_20240828 04,2011.447274677023
87_20240828 05,1959.9954734214612
87_20240828 06,1562.0412441193344
87_20240828 07,1429.5893160663134
87_20240828 08,1440.413033104294
87_20240828 09,1359.5469506758327
87_20240828 10,1351.9332229287345
87_20240828 11,1303.0840158712379
87_20240828 12,1077.8676190884987
87_20240828 13,1111.2177380637338
87_20240828 14,1057.6819627079533
87_20240828 15,1047.389335177588
87_20240828 16,990.6624403000745
87_20240828 17,1038.8742112007262
87_20240828 18,961.04961027545
87_20240828 19,1362.1735434124664
87_20240828 20,1574.3149442951633
87_20240828 21,1535.527449607867
87_20240828 22,1550.989859082877
87_20240828 23,1708.6332656008196
87_20240829 00,1660.95593821862
87_20240829 01,1574.4088338578897
87_20240829 02,2057.785588816323
87_20240829 03,2026.6007501486454
87_20240829 04,1989.208631989067
87_20240829 05,1950.8570099939445
87_20240829 06,1992.9848239043827
87_20240829 07,1573.131351050984
87_20240829 08,1574.776970637831
87_20240829 09,1708.933250526562
87_20240829 10,1690.5526687753145
87_20240829 11,1327.261754403037
87_20240829 12,1280.5598671082644
87_20240829 13,1435.6936695213933
87_20240829 14,1213.1846052879484
87_20240829 15,1071.018753739123
87_20240829 16,1040.718497955481
87_20240829 17,1033.7592651595241
87_20240829 18,1029.8046924173004
87_20240829 19,1379.0616590286872
87_20240829 20,1455.4045675950113
87_20240829 21,1506.7767519218646
87_20240829 22,1743.073706788783
87_20240829 23,1517.4421502339294
87_20240830 00,1355.8014817491548
87_20240830 01,1569.6617682881647
87_20240830 02,2084.0344457117053
87_20240830 03,1870.9765077480447
87_20240830 04,1963.095074402482
87_20240830 05,1965.9483811331354
87_20240830 06,1864.8027559811894
87_20240830 07,1539.5521152838621
87_20240830 08,1414.074137307435
87_20240830 09,1443.1693705107882
87_20240830 10,1580.9745048253562
87_20240830 11,1313.7313289282079
87_20240830 12,1164.5563108850788
87_20240830 13,1302.6853275692358
87_20240830 14,1006.0121453261936
87_20240830 15,1020.2638461101726
87_20240830 16,1049.5944776280794
87_20240830 17,1027.5951597635965
87_20240830 18,929.0285220513881
87_20240830 19,1142.0740428890515
87_20240830 20,1186.0378365677652
87_20240830 21,1199.7292171106674
87_20240830 22,1308.0604710562013
87_20240830 23,1324.3242329970797
87_20240831 00,1016.7018208954886
87_20240831 01,1007.3994296242682
87_20240831 02,1196.310188970391
87_20240831 03,1171.5709435800252
87_20240831 04,1287.5376630033195
87_20240831 05,1108.7391155607395
87_20240831 06,1296.0617271672047
87_20240831 07,1297.062662875766
87_20240831 08,1351.6030348133168
87_20240831 09,1145.885809188924
87_20240831 10,1171.4678509035832
87_20240831 11,1278.8592668377555
87_20240831 12,1285.2234282560241
87_20240831 13,1163.0572500559908
87_20240831 14,1199.573880175194
87_20240831 15,1058.7544337075408
87_20240831 16,1073.4317761062039
87_20240831 17,1046.113947117648
87_20240831 18,950.4581944330982
87_20240831 19,1282.220518039468
87_20240831 20,1177.8150394023075
87_20240831 21,1102.1338923265876
87_20240831 22,1098.7479181565402
87_20240831 23,1160.6163678900348
88_20240825 00,939.3552182136409
88_20240825 01,810.5659498599799
88_20240825 02,763.7512288805326
88_20240825 03,674.5960680573403
88_20240825 04,682.3683891398455
88_20240825 05,720.1362292920961
88_20240825 06,721.9317363734666
88_20240825 07,892.7845850053976
88_20240825 08,1290.9332745360898
88_20240825 09,2669.9671214291634
88_20240825 10,5094.071929661044
88_20240825 11,5636.500897440383
88_20240825 12,5711.634607774896
88_20240825 13,5795.973979637711
88_20240825 14,5890.063535970983
88_20240825 15,5906.75747083065
88_20240825 16,5920.372890151383
88_20240825 17,5827.7822900087795
88_20240825 18,5582.490155510844
88_20240825 19,3116.463042221333
88_20240825 20,3077.6781954631765
88_20240825 21,2354.303869572758
88_20240825 22,1313.9570584648434
88_20240825 23,1107.1995786260952
88_20240826 00,936.7146567397374
88_20240826 01,805.1546706961402
88_20240826 02,764.6221880561628
88_20240826 03,671.4362983095754
88_20240826 04,692.907090625115
88_20240826 05,729.4155959220053
88_20240826 06,734.6121516922938
88_20240826 07,847.0919691957243
88_20240826 08,1272.655298299548
88_20240826 09,2391.320757620112
88_20240826 10,4413.88400374701
88_20240826 11,4757.93483976428
88_20240826 12,5030.2939249149385
88_20240826 13,4882.346367040108
88_20240826 14,5017.092936260372
88_20240826 15,4599.879224142773
88_20240826 16,4559.5692777800205
88_20240826 17,4520.798643827204
88_20240826 18,4545.470739186342
88_20240826 19,3024.4463059626164
88_20240826 20,2938.66280309755
88_20240826 21,2286.6231511023852
88_20240826 22,1314.9314808189536
88_20240826 23,1108.00653521556
88_20240827 00,953.3518778579846
88_20240827 01,843.2175956419253
88_20240827 02,777.6399829784395
88_20240827 03,770.5647764302504
88_20240827 04,715.3389695937173
88_20240827 05,689.7461237920324
88_20240827 06,685.1342666272171
88_20240827 07,791.77676027093
88_20240827 08,1236.0105297698444
88_20240827 09,2409.0285636827757
88_20240827 10,4214.0588143321775
88_20240827 11,4685.715591850878
88_20240827 12,4618.52891513305
88_20240827 13,4681.49213234673
88_20240827 14,4680.64214787371
88_20240827 15,4606.212874434093
88_20240827 16,4650.773882873636
88_20240827 17,4454.093446278641
88_20240827 18,4451.698383586695
88_20240827 19,2931.7390942813736
88_20240827 20,2917.9107422095826
88_20240827 21,2134.261452882184
88_20240827 22,1158.8856120731489
88_20240827 23,959.262771156513
88_20240828 00,809.998247320699
88_20240828 01,734.4336474368178
88_20240828 02,693.7663725151579
88_20240828 03,689.7349341961096
88_20240828 04,666.3284741297211
88_20240828 05,659.028760580397
88_20240828 06,670.0610486113842
88_20240828 07,987.7124109147862
88_20240828 08,1326.5699580660935
88_20240828 09,2556.3431746228907
88_20240828 10,4448.852557373543
88_20240828 11,4901.049582116054
88_20240828 12,5053.59603166697
88_20240828 13,4911.671903739051
88_20240828 14,4881.016260678039
88_20240828 15,5034.199305018259
88_20240828 16,4867.5122353101015
88_20240828 17,4735.011420154689
88_20240828 18,4654.061061698819
88_20240828 19,2964.9795670804347
88_20240828 20,2869.3792015327094
88_20240828 21,2125.8805822501154
88_20240828 22,1207.8179638565512
88_20240828 23,997.1995395244361
88_20240829 00,857.9367919239024
88_20240829 01,749.8057035567541
88_20240829 02,681.846258615954
88_20240829 03,676.4243185402503
88_20240829 04,650.1729860769598
88_20240829 05,669.4866625152895
88_20240829 06,656.4213860667668
88_20240829 07,1027.025520804866
88_20240829 08,1311.6020578795294
88_20240829 09,2514.4968429636797
88_20240829 10,4464.90889692695
88_20240829 11,4937.336999681843
88_20240829 12,5149.407329383891
88_20240829 13,5072.230001165773
88_20240829 14,5071.819322930214
88_20240829 15,5414.926687202869
88_20240829 16,5150.622972981379
88_20240829 17,4537.592779834495
88_20240829 18,4506.015356300967
88_20240829 19,2982.380333957159
88_20240829 20,2922.6114801048734
88_20240829 21,2245.993351176441
88_20240829 22,1247.2239008737151
88_20240829 23,1003.9524036201848
88_20240830 00,893.9885665822183
88_20240830 01,750.0459267660349
88_20240830 02,695.4844140402556
88_20240830 03,685.4179404927368
88_20240830 04,669.4189904201985
88_20240830 05,627.5540968607547
88_20240830 06,633.3660860595224
88_20240830 07,882.8824774506835
88_20240830 08,1267.3851866413377
88_20240830 09,2462.7288256610614
88_20240830 10,4551.157584440801
88_20240830 11,4941.738270674921
88_20240830 12,5221.391835024989
88_20240830 13,5350.668065680827
88_20240830 14,5277.292296071592
88_20240830 15,5259.615123699186
88_20240830 16,5192.075281980548
88_20240830 17,5393.255664737036
88_20240830 18,4950.357031061273
88_20240830 19,2983.4893424605934
88_20240830 20,2926.5457671795825
88_20240830 21,2173.9939846720495
88_20240830 22,1193.8135410933728
88_20240830 23,983.0380720163139
88_20240831 00,847.1373942680912
88_20240831 01,759.1019563066973
88_20240831 02,720.3076565573714
88_20240831 03,722.1031993643285
88_20240831 04,668.2866836076986
88_20240831 05,692.1693496822069
88_20240831 06,715.8527840853881
88_20240831 07,1158.9560249637957
88_20240831 08,1589.2302555996182
88_20240831 09,2465.5856514313414
88_20240831 10,4853.0854599981185
88_20240831 11,5272.503003368311
88_20240831 12,5486.3847076045695
88_20240831 13,5578.625263085836
88_20240831 14,5448.912301230527
88_20240831 15,5624.003326368551
88_20240831 16,5683.264004928306
88_20240831 17,5588.092013219859
88_20240831 18,5443.623813093622
88_20240831 19,2998.404333757425
88_20240831 20,2999.5890006087416
88_20240831 21,2230.7294166334923
88_20240831 22,1274.2204563084474
88_20240831 23,1063.6098523324667
89_20240825 00,8592.638173528389
89_20240825 01,8170.169273245197
89_20240825 02,7771.2026260652065
89_20240825 03,7590.925422791504
89_20240825 04,7498.227261245316
89_20240825 05,7447.631176352723
89_20240825 06,7492.608816541158
89_20240825 07,7628.064462856923
89_20240825 08,7650.936500850547
89_20240825 09,8110.325063043953
89_20240825 10,8289.535441041002
89_20240825 11,8506.041300323162
89_20240825 12,8448.583487079522
89_20240825 13,8567.759000035217
89_20240825 14,8591.922925315272
89_20240825 15,8644.311109857006
89_20240825 16,8669.296545487607
89_20240825 17,8602.622899617862
89_20240825 18,8671.463142284576
89_20240825 19,8692.223207807558
89_20240825 20,8745.210579601762
89_20240825 21,8740.955015475942
89_20240825 22,8803.907022364498
89_20240825 23,8836.95001742118
89_20240826 00,8461.75990319701
89_20240826 01,8013.951172309722
89_20240826 02,7718.7326904167785
89_20240826 03,7364.072734334105
89_20240826 04,7524.433546808808
89_20240826 05,7550.466272236791
89_20240826 06,7413.193529775122
89_20240826 07,7596.9929353337
89_20240826 08,7626.907916968196
89_20240826 09,8057.734488589551
89_20240826 10,8329.934927179675
89_20240826 11,8369.06976809171
89_20240826 12,8351.984212182235
89_20240826 13,8353.596266126533
89_20240826 14,8281.088049036936
89_20240826 15,8339.815318586325
89_20240826 16,8447.901165696643
89_20240826 17,8492.09298894774
89_20240826 18,8527.28977053252
89_20240826 19,8528.206669008267
89_20240826 20,8544.841915647832
89_20240826 21,8478.46570731399
89_20240826 22,8366.48202806073
89_20240826 23,8523.09041630495
89_20240827 00,8472.017196754297
89_20240827 01,7910.532209160037
89_20240827 02,7607.752244900635
89_20240827 03,7343.640309468595
89_20240827 04,7426.762888359453
89_20240827 05,7311.475059504679
89_20240827 06,7325.406733728597
89_20240827 07,7387.329376867145
89_20240827 08,7430.4007968975475
89_20240827 09,7673.577074724757
89_20240827 10,7913.537302039999
89_20240827 11,8344.082471804702
89_20240827 12,8384.517637552311
89_20240827 13,8568.828982133899
89_20240827 14,8644.706110181045
89_20240827 15,8720.538751194625
89_20240827 16,8691.699603511634
89_20240827 17,8819.896084718432
89_20240827 18,8499.241110182493
89_20240827 19,8574.625577245835
89_20240827 20,8822.41757101429
89_20240827 21,8822.622087729458
89_20240827 22,8796.139151049834
89_20240827 23,8705.943122573186
89_20240828 00,8168.776852750819
89_20240828 01,7589.267100853932
89_20240828 02,7136.6925351273785
89_20240828 03,6829.539623048596
89_20240828 04,6768.387296357666
89_20240828 05,7148.95410231913
89_20240828 06,7210.344889755886
89_20240828 07,7298.354733116477
89_20240828 08,7074.620790085564
89_20240828 09,6744.793543530061
89_20240828 10,8109.760533573833
89_20240828 11,8134.906172876506
89_20240828 12,8228.836072481146
89_20240828 13,8091.1791336441065
89_20240828 14,8098.258561614423
89_20240828 15,8302.907865391193
89_20240828 16,8369.01543014614
89_20240828 17,8086.379654431466
89_20240828 18,8219.237624786274
89_20240828 19,8383.224649537367
89_20240828 20,8237.104688736677
89_20240828 21,8215.140035017674
89_20240828 22,8349.375472692253
89_20240828 23,8346.775007743825
89_20240829 00,8053.399184153002
89_20240829 01,7506.507242060138
89_20240829 02,7273.754367284537
89_20240829 03,7152.579549416219
89_20240829 04,6863.473485295259
89_20240829 05,7210.924712198535
89_20240829 06,7257.577153720965
89_20240829 07,7288.76741878112
89_20240829 08,7264.060394480669
89_20240829 09,7522.172545976524
89_20240829 10,8091.881275754068
89_20240829 11,8182.108181209252
89_20240829 12,7904.591865286751
89_20240829 13,7570.052504982218
89_20240829 14,7459.007962733552
89_20240829 15,8234.472378761711
89_20240829 16,8383.819217737877
89_20240829 17,8342.984128868315
89_20240829 18,8314.614173695029
89_20240829 19,8465.585103926887
89_20240829 20,8462.3625690163
89_20240829 21,8334.548243078396
89_20240829 22,8323.207922102747
89_20240829 23,8308.923359818657
89_20240830 00,8162.993230081559
89_20240830 01,7512.160014954085
89_20240830 02,7338.120930481438
89_20240830 03,6926.9001112215765
89_20240830 04,6918.047069551678
89_20240830 05,7224.644044100442
89_20240830 06,7281.150362008152
89_20240830 07,7287.208562185266
89_20240830 08,7231.155609162027
89_20240830 09,7014.873743510345
89_20240830 10,8326.841684405697
89_20240830 11,8212.606347822551
89_20240830 12,8093.5704811608775
89_20240830 13,8206.264154459566
89_20240830 14,8299.142535775793
89_20240830 15,8086.249501311332
89_20240830 16,8075.400523177962
89_20240830 17,8628.129021938394
89_20240830 18,8610.603344068995
89_20240830 19,8562.980646423252
89_20240830 20,8434.451698644622
89_20240830 21,8711.245467200542
89_20240830 22,8505.422650933657
89_20240830 23,8258.05642811841
89_20240831 00,7828.195451332655
89_20240831 01,7320.497438631815
89_20240831 02,6998.987073572471
89_20240831 03,6812.603432722657
89_20240831 04,6809.585013096208
89_20240831 05,7248.875143999072
89_20240831 06,7322.91783183796
89_20240831 07,7319.818169112287
89_20240831 08,6728.657730369399
89_20240831 09,6753.200472714466
89_20240831 10,7067.0144546938245
89_20240831 11,7227.878242784982
89_20240831 12,7359.966684430217
89_20240831 13,7486.693485745795
89_20240831 14,7833.040506761694
89_20240831 15,8037.197723977855
89_20240831 16,8069.881371710738
89_20240831 17,8210.166188515479
89_20240831 18,8247.089524599103
89_20240831 19,8334.343452955403
89_20240831 20,8444.5670759384
89_20240831 21,8299.333628892398
89_20240831 22,8586.690293907403
89_20240831 23,8546.096603860484
90_20240825 00,1804.3894495932966
90_20240825 01,1801.7797048003945
90_20240825 02,1794.4451585097283
90_20240825 03,1785.847443598037
90_20240825 04,1773.4188656527747
90_20240825 05,1813.5109541967322
90_20240825 06,1960.319703135639
90_20240825 07,1913.1065003027065
90_20240825 08,1956.5329634726745
90_20240825 09,1955.5125777117046
90_20240825 10,1932.8817873640016
90_20240825 11,1970.7294125871838
90_20240825 12,1969.7533047273323
90_20240825 13,2049.6206851340908
90_20240825 14,1943.0927068764968
90_20240825 15,2097.572252824237
90_20240825 16,2082.771629549489
90_20240825 17,2079.7786161349945
90_20240825 18,2023.1931475450046
90_20240825 19,1985.7717126152413
90_20240825 20,1918.0739240613686
90_20240825 21,1929.414711231955
90_20240825 22,1860.7756875827934
90_20240825 23,1819.285761872928
90_20240826 00,1811.2743492601599
90_20240826 01,1803.84734370552
90_20240826 02,1786.1927804855857
90_20240826 03,1779.398975856612
90_20240826 04,1782.382768650402
90_20240826 05,1846.7387611450508
90_20240826 06,1981.792504125451
90_20240826 07,2546.03533308008
90_20240826 08,3007.7862664174186
90_20240826 09,3129.8589944758946
90_20240826 10,3155.127495660446
90_20240826 11,3143.5116190671606
90_20240826 12,3124.1311737993087
90_20240826 13,3129.5954203593237
90_20240826 14,2990.5542285165698
90_20240826 15,3093.2504873707903
90_20240826 16,2999.38526935949
90_20240826 17,2791.952545278751
90_20240826 18,2330.2444604705497
90_20240826 19,2019.233363182876
90_20240826 20,2009.9841575974885
90_20240826 21,1909.0007417492182
90_20240826 22,1810.3686930644026
90_20240826 23,1809.9298199445495
90_20240827 00,1763.0874400580935
90_20240827 01,1778.966953976863
90_20240827 02,1771.0151215488372
90_20240827 03,1756.6322483617157
90_20240827 04,1751.9334089698787
90_20240827 05,1794.0602029598642
90_20240827 06,2025.050537805424
90_20240827 07,2508.1959388317546
90_20240827 08,3002.474724826815
90_20240827 09,3134.6556673151113
90_20240827 10,3138.3083952221627
90_20240827 11,3147.930032330709
90_20240827 12,3119.485422541834
90_20240827 13,3143.3069516719856
90_20240827 14,3144.5795287614424
90_20240827 15,3138.5441178292217
90_20240827 16,3085.3219863507725
90_20240827 17,2821.5027401494845
90_20240827 18,2376.450503075374
90_20240827 19,2065.0695385007934
90_20240827 20,2004.2231063714476
90_20240827 21,1975.6383825736104
90_20240827 22,1918.5767678827624
90_20240827 23,1823.0978785053364
90_20240828 00,1748.6089549620672
90_20240828 01,1713.2205128750475
90_20240828 02,1669.9764265773222
90_20240828 03,1645.4247342100184
90_20240828 04,1529.6533994704196
90_20240828 05,1637.9676077922586
90_20240828 06,1774.092157866172
90_20240828 07,2355.7858550397455
90_20240828 08,2981.9652986166193
90_20240828 09,3089.785195477516
90_20240828 10,3092.6509298934893
90_20240828 11,3130.2611231780033
90_20240828 12,3046.44046466053
90_20240828 13,2990.1740797635266
90_20240828 14,2848.457914739793
90_20240828 15,2977.7561824814766
90_20240828 16,2970.1478973002013
90_20240828 17,2728.419749996036
90_20240828 18,2356.7171901737106
90_20240828 19,1966.4421948370814
90_20240828 20,1809.3177194676043
90_20240828 21,1810.7396579124604
90_20240828 22,1809.7104623452974
90_20240828 23,1729.3938512481366
90_20240829 00,1724.110774346012
90_20240829 01,1696.5209747395345
90_20240829 02,1692.0369385393763
90_20240829 03,1686.808142845553
90_20240829 04,1610.7996828962002
90_20240829 05,1708.0100947731191
90_20240829 06,1724.6150728128891
90_20240829 07,2332.4802109906727
90_20240829 08,2972.256260335903
90_20240829 09,3032.488157755189
90_20240829 10,3040.130860101505
90_20240829 11,2901.412475081459
90_20240829 12,2868.953961734925
90_20240829 13,2747.9120260647437
90_20240829 14,2597.7918758086216
90_20240829 15,2881.000644658827
90_20240829 16,2865.1937443375423
90_20240829 17,2656.4126163991314
90_20240829 18,2310.722435853756
90_20240829 19,2031.6269910370565
90_20240829 20,1931.7129148671056
90_20240829 21,1795.8797405394225
90_20240829 22,1760.94587627156
90_20240829 23,1724.5500395846684
90_20240830 00,1727.236085684065
90_20240830 01,1726.9527643266954
90_20240830 02,1717.8031111497476
90_20240830 03,1649.245453292229
90_20240830 04,1558.5628646318646
90_20240830 05,1663.110966810593
90_20240830 06,1797.6680947965754
90_20240830 07,2374.257396672643
90_20240830 08,2982.230044473902
90_20240830 09,3087.0078990861402
90_20240830 10,3107.1017402941125
90_20240830 11,3119.969952373439
90_20240830 12,2943.959890842862
90_20240830 13,3054.185508386427
90_20240830 14,2950.7759414901416
90_20240830 15,2805.2739187657357
90_20240830 16,2801.4542585793474
90_20240830 17,2817.594479609298
90_20240830 18,2382.7418322166327
90_20240830 19,2057.0634627005848
90_20240830 20,1925.209351197942
90_20240830 21,1944.4924644881253
90_20240830 22,1886.7614028221133
90_20240830 23,1782.7870851096102
90_20240831 00,1708.8603059831355
90_20240831 01,1573.70280867475
90_20240831 02,1561.448795174463
90_20240831 03,1557.99094866179
90_20240831 04,1509.051804558672
90_20240831 05,1667.7086498357776
90_20240831 06,1719.8555954783014
90_20240831 07,1924.4420373282246
90_20240831 08,1859.8789953654214
90_20240831 09,1964.1614679587315
90_20240831 10,2017.4046469160576
90_20240831 11,2022.1561997905962
90_20240831 12,2118.16089148416
90_20240831 13,2161.1303296126725
90_20240831 14,2162.2016742391843
90_20240831 15,2183.5771180145734
90_20240831 16,2201.9511060736418
90_20240831 17,2116.345156294383
90_20240831 18,1982.8872698960881
90_20240831 19,1861.6919407405353
90_20240831 20,1884.453062315512
90_20240831 21,1876.8014537401434
90_20240831 22,1808.966451546004
90_20240831 23,1759.7849395531184
91_20240825 00,1901.940940471065
91_20240825 01,1655.2887042107745
91_20240825 02,1541.7133415759067
91_20240825 03,1394.0159489967025
91_20240825 04,1336.2979972184094
91_20240825 05,1291.244700427624
91_20240825 06,1351.8616811137463
91_20240825 07,1489.1138441172081
91_20240825 08,1672.2010213411404
91_20240825 09,1736.8924569444466
91_20240825 10,1976.23454779406
91_20240825 11,2209.2694716384444
91_20240825 12,2272.6648730151596
91_20240825 13,2169.885484697129
91_20240825 14,2363.557706287108
91_20240825 15,2311.6072645744634
91_20240825 16,2358.4128029161325
91_20240825 17,2466.6495212399623
91_20240825 18,2496.306693517845
91_20240825 19,2834.529971496307
91_20240825 20,2800.0063939138145
91_20240825 21,2507.8493043283365
91_20240825 22,2372.918564491358
91_20240825 23,2194.1551387235654
91_20240826 00,1827.7376258898369
91_20240826 01,1627.6872108955342
91_20240826 02,1447.7674190311243
91_20240826 03,1312.453456821554
91_20240826 04,1285.0857864901589
91_20240826 05,1253.741296917755
91_20240826 06,1292.4714201082013
91_20240826 07,1480.507768797407
91_20240826 08,1592.0967348791196
91_20240826 09,1611.1610965645593
91_20240826 10,1662.0568101009635
91_20240826 11,1718.2431309516473
91_20240826 12,1770.4934959424509
91_20240826 13,1970.8250704534994
91_20240826 14,1924.9612336116238
91_20240826 15,2107.5566130713455
91_20240826 16,2118.8167598352215
91_20240826 17,2248.836607005384
91_20240826 18,2363.3302949899235
91_20240826 19,1930.5094043573827
91_20240826 20,2275.6009071991484
91_20240826 21,2149.72125468602
91_20240826 22,2076.6494732765295
91_20240826 23,1807.9392239302995
91_20240827 00,1654.4051738185965
91_20240827 01,1451.3707523665857
91_20240827 02,1306.1358087793546
91_20240827 03,1194.2272317121615
91_20240827 04,1169.2662041970452
91_20240827 05,1185.4371802446526
91_20240827 06,1249.162533571019
91_20240827 07,1471.1035371405578
91_20240827 08,1459.7568362874197
91_20240827 09,1424.9077867677747
91_20240827 10,1463.3022739676435
91_20240827 11,1473.2696525167073
91_20240827 12,1522.5473594264524
91_20240827 13,1579.8413509160077
91_20240827 14,1838.8508417368073
91_20240827 15,1779.2578615876823
91_20240827 16,1672.095865846524
91_20240827 17,1732.0627405477173
91_20240827 18,2127.2118182222885
91_20240827 19,2728.870989791862
91_20240827 20,2217.568443574282
91_20240827 21,2460.459350218411
91_20240827 22,2115.746198957446
91_20240827 23,1786.3915812943924
91_20240828 00,1594.5592152921374
91_20240828 01,1478.278815835446
91_20240828 02,1221.979134230941
91_20240828 03,1056.6596550652014
91_20240828 04,995.1251528784924
91_20240828 05,989.3648652245092
91_20240828 06,1030.5189737239134
91_20240828 07,1209.9152807454939
91_20240828 08,1361.4913299801572
91_20240828 09,1328.8664459201525
91_20240828 10,1618.4928178491355
91_20240828 11,1748.7717043544335
91_20240828 12,1873.6206699253805
91_20240828 13,1844.5780376283296
91_20240828 14,1900.170788390885
91_20240828 15,2015.98189825954
91_20240828 16,2081.45973995965
91_20240828 17,1945.1802991234158
91_20240828 18,2272.2789011174805
91_20240828 19,2530.1567310658097
91_20240828 20,2290.5939868684677
91_20240828 21,2205.6859708612956
91_20240828 22,2106.9711856218296
91_20240828 23,1956.3324835606743
91_20240829 00,1562.1790313055528
91_20240829 01,1474.7322661388737
91_20240829 02,1272.8124151700465
91_20240829 03,1207.2313909309837
91_20240829 04,1165.7401222055348
91_20240829 05,1089.6857059403928
91_20240829 06,1247.6953374956977
91_20240829 07,1358.0604222502518
91_20240829 08,1488.3747087728862
91_20240829 09,1544.7973046271786
91_20240829 10,1665.453744568569
91_20240829 11,1697.9980881332535
91_20240829 12,1704.516459336056
91_20240829 13,1646.6469461867703
91_20240829 14,1397.7940956375337
91_20240829 15,1507.1060024683813
91_20240829 16,1598.1070801613553
91_20240829 17,1624.5994531057718
91_20240829 18,2156.5029206328177
91_20240829 19,2481.668100624979
91_20240829 20,2667.3606337700126
91_20240829 21,2578.7650214393534
91_20240829 22,2473.777261482691
91_20240829 23,2135.6165034847895
91_20240830 00,1626.801282292751
91_20240830 01,1503.8223243072264
91_20240830 02,1310.6376058191713
91_20240830 03,1275.0478544004386
91_20240830 04,1223.6972857217436
91_20240830 05,1147.913723123196
91_20240830 06,1143.117018006988
91_20240830 07,1307.9826911695147
91_20240830 08,1412.7180080916194
91_20240830 09,1457.9420151083002
91_20240830 10,1577.5814918404294
91_20240830 11,1552.33154348541
91_20240830 12,1566.451353208317
91_20240830 13,1569.722440260408
91_20240830 14,1776.5216799768598
91_20240830 15,1936.7239292284103
91_20240830 16,1986.6321391832291
91_20240830 17,2113.404176824498
91_20240830 18,2070.5825665836273
91_20240830 19,2479.5941330382375
91_20240830 20,2181.7805054709784
91_20240830 21,2209.4715837775952
91_20240830 22,2167.86739874789
91_20240830 23,1679.4871262912666
91_20240831 00,1602.7206544815774
91_20240831 01,1444.9009294608893
91_20240831 02,1209.0706078061569
91_20240831 03,1096.4786407823653
91_20240831 04,1031.2452095699864
91_20240831 05,1007.5504273921686
91_20240831 06,1064.1231586608228
91_20240831 07,1256.4668795380735
91_20240831 08,1404.4799831392659
91_20240831 09,1317.8608919210626
91_20240831 10,1505.1716790745475
91_20240831 11,1589.998382545539
91_20240831 12,1624.6540326215888
91_20240831 13,1769.1477983267507
91_20240831 14,1753.5949288389993
91_20240831 15,1856.5061487228702
91_20240831 16,1850.8810703182157
91_20240831 17,2082.3405573915243
91_20240831 18,1874.381253712668
91_20240831 19,2320.867397001138
91_20240831 20,2147.4172238869614
91_20240831 21,2191.619315574572
91_20240831 22,2103.6104408177066
91_20240831 23,1993.9089857107315
92_20240825 00,276.4231274555986
92_20240825 01,276.90982789200564
92_20240825 02,279.1520731660359
92_20240825 03,280.1566783730775
92_20240825 04,303.44617861708707
92_20240825 05,494.7495215037438
92_20240825 06,518.3174357354216
92_20240825 07,735.429101334867
92_20240825 08,769.5434247153635
92_20240825 09,795.2326307901077
92_20240825 10,756.3348369740219
92_20240825 11,819.882110559979
92_20240825 12,811.2099856526796
92_20240825 13,771.7070348877512
92_20240825 14,814.1327871102675
92_20240825 15,777.866144635027
92_20240825 16,620.9369643222152
92_20240825 17,507.89262717861226
92_20240825 18,316.580200677979
92_20240825 19,282.46721200202643
92_20240825 20,287.00693070301446
92_20240825 21,301.9563694453143
92_20240825 22,298.0735828149384
92_20240825 23,281.1534339208284
92_20240826 00,278.0384925839744
92_20240826 01,276.76801678542586
92_20240826 02,279.37196616370034
92_20240826 03,278.8190133987115
92_20240826 04,303.3658796080695
92_20240826 05,494.71879394010085
92_20240826 06,526.3476556409365
92_20240826 07,759.5078726945292
92_20240826 08,792.8307507068379
92_20240826 09,801.3675174196412
92_20240826 10,821.1533677794487
92_20240826 11,827.6758377973438
92_20240826 12,832.1687942965866
92_20240826 13,818.40181267341
92_20240826 14,818.7855465108422
92_20240826 15,751.9328336260085
92_20240826 16,602.0241573840824
92_20240826 17,470.93333825389885
92_20240826 18,304.5194441804943
92_20240826 19,276.4124378857386
92_20240826 20,286.35463404146617
92_20240826 21,298.16737127651817
92_20240826 22,294.3728998234677
92_20240826 23,277.0641871317486
92_20240827 00,281.28939867379546
92_20240827 01,279.6551018310938
92_20240827 02,282.3680199587503
92_20240827 03,280.6154453696711
92_20240827 04,302.3155759549758
92_20240827 05,477.7405606413847
92_20240827 06,508.8463308414331
92_20240827 07,660.4775822561678
92_20240827 08,692.7217447732538
92_20240827 09,692.0386673523691
92_20240827 10,688.7403783730523
92_20240827 11,662.1369340717414
92_20240827 12,676.4061822675966
92_20240827 13,709.2852294247841
92_20240827 14,754.0904078658057
92_20240827 15,688.3388141719903
92_20240827 16,549.7656235433373
92_20240827 17,452.3236052253468
92_20240827 18,303.3913579781852
92_20240827 19,274.6398862874213
92_20240827 20,282.2713340376697
92_20240827 21,293.852022985483
92_20240827 22,293.3375549054177
92_20240827 23,278.18716873690545
92_20240828 00,278.0958467222954
92_20240828 01,277.7681341903094
92_20240828 02,273.9845262140342
92_20240828 03,267.1635373331441
92_20240828 04,273.3756975004028
92_20240828 05,447.1499012093416
92_20240828 06,452.9834521151627
92_20240828 07,637.1069304464455
92_20240828 08,681.4289503273756
92_20240828 09,739.722267930456
92_20240828 10,764.8107292048186
92_20240828 11,732.8817904813067
92_20240828 12,719.0615439125461
92_20240828 13,736.996895517752
92_20240828 14,672.4760554027271
92_20240828 15,668.3641293783992
92_20240828 16,545.2993235683444
92_20240828 17,483.6721478535764
92_20240828 18,303.9749527869579
92_20240828 19,272.815078967932
92_20240828 20,278.5765966578589
92_20240828 21,300.36583513076886
92_20240828 22,306.5650339680318
92_20240828 23,286.319654981467
92_20240829 00,284.6632776961503
92_20240829 01,276.5986452490083
92_20240829 02,276.3571604544019
92_20240829 03,276.5720424611442
92_20240829 04,296.889670995609
92_20240829 05,467.09316985555756
92_20240829 06,464.0068243770744
92_20240829 07,614.3372862836485
92_20240829 08,698.1679647081941
92_20240829 09,730.5466754695647
92_20240829 10,751.2918899003377
92_20240829 11,757.216124630864
92_20240829 12,741.8932842465609
92_20240829 13,750.2415759556801
92_20240829 14,718.0048412459506
92_20240829 15,733.0819208250574
92_20240829 16,606.5591754452912
92_20240829 17,502.1775991120518
92_20240829 18,323.1318497081739
92_20240829 19,285.0680080772646
92_20240829 20,291.39981472643467
92_20240829 21,301.8272081646399
92_20240829 22,301.0193946105537
92_20240829 23,285.04527644757775
92_20240830 00,277.936658189744
92_20240830 01,275.26494298563307
92_20240830 02,275.37221264686417
92_20240830 03,273.1513616283889
92_20240830 04,288.40476190163605
92_20240830 05,458.26144303112847
92_20240830 06,463.06247586616354
92_20240830 07,629.852483225904
92_20240830 08,696.4675609887489
92_20240830 09,738.9144519553741
92_20240830 10,772.0886910839768
92_20240830 11,805.8369410710196
92_20240830 12,786.2850099668572
92_20240830 13,756.0676490857343
92_20240830 14,802.8606266727858
92_20240830 15,770.7423227303063
92_20240830 16,600.3899070566282
92_20240830 17,464.0496423568524
92_20240830 18,305.7686710353976
92_20240830 19,273.65361215918875
92_20240830 20,279.6685302542741
92_20240830 21,292.8558777408761
92_20240830 22,294.540434222479
92_20240830 23,276.66885721021134
92_20240831 00,272.511312439777
92_20240831 01,255.67008604669326
92_20240831 02,262.89143939291154
92_20240831 03,265.63047360083186
92_20240831 04,285.2815005962748
92_20240831 05,430.4563470029756
92_20240831 06,435.3305204472169
92_20240831 07,621.0661515495474
92_20240831 08,680.655974723142
92_20240831 09,714.320184852109
92_20240831 10,736.5281118110709
92_20240831 11,763.8711091225176
92_20240831 12,777.6857800663023
92_20240831 13,783.5072711593709
92_20240831 14,790.1439300246286
92_20240831 15,726.7671589601365
92_20240831 16,572.3356877778245
92_20240831 17,460.33188615655354
92_20240831 18,303.72118725345234
92_20240831 19,274.55688969518576
92_20240831 20,278.82717502947236
92_20240831 21,292.16689064925094
92_20240831 22,291.5315057522167
92_20240831 23,276.0130030674771
93_20240825 00,1488.778927265613
93_20240825 01,1321.2595445934282
93_20240825 02,1214.3774584664968
93_20240825 03,1141.9399186633025
93_20240825 04,1026.0023129230601
93_20240825 05,1025.4354092829092
93_20240825 06,1006.7432147499479
93_20240825 07,1226.9626095047802
93_20240825 08,1283.2408229946736
93_20240825 09,1481.8661025671229
93_20240825 10,1723.8571815418004
93_20240825 11,2003.2739413019904
93_20240825 12,2104.211676603264
93_20240825 13,2215.972908075878
93_20240825 14,1995.0684881608818
93_20240825 15,1869.2238044686696
93_20240825 16,1889.104792139531
93_20240825 17,2197.1803171978017
93_20240825 18,2297.835723613375
93_20240825 19,2529.7075422080375
93_20240825 20,2442.5312417993746
93_20240825 21,2379.701868799496
93_20240825 22,2061.840565193194
93_20240825 23,1815.8714796436834
93_20240826 00,1564.105330382765
93_20240826 01,1351.4629910666367
93_20240826 02,1231.325054646561
93_20240826 03,1170.6275205353836
93_20240826 04,1043.3745907165692
93_20240826 05,1005.1270980553398
93_20240826 06,1098.1470427566353
93_20240826 07,1290.3833713619056
93_20240826 08,1432.164910731233
93_20240826 09,1542.7632569212446
93_20240826 10,1457.478536530462
93_20240826 11,1796.4709066660016
93_20240826 12,1815.6999587109271
93_20240826 13,1887.888161745483
93_20240826 14,1770.9644432152413
93_20240826 15,1673.2277321917682
93_20240826 16,1822.7561008751795
93_20240826 17,2074.3422634344015
93_20240826 18,2273.1325327056175
93_20240826 19,2470.1471813673297
93_20240826 20,2411.968234736734
93_20240826 21,2401.853608545713
93_20240826 22,2208.1417834962986
93_20240826 23,1904.022582913467
93_20240827 00,1652.4384751687473
93_20240827 01,1471.8061095658452
93_20240827 02,1341.4226324731064
93_20240827 03,1210.045305330251
93_20240827 04,1148.7373343338247
93_20240827 05,1152.7332198752986
93_20240827 06,1219.1584868698715
93_20240827 07,1343.547222098723
93_20240827 08,1445.6871249303606
93_20240827 09,1511.9104166848306
93_20240827 10,1360.3820066212797
93_20240827 11,1329.3561613742738
93_20240827 12,1382.8724402452258
93_20240827 13,1398.5653463883218
93_20240827 14,1448.755388845891
93_20240827 15,1407.3664252523201
93_20240827 16,1545.4116066253782
93_20240827 17,1653.6693252743466
93_20240827 18,1893.7165154530983
93_20240827 19,2046.428906485276
93_20240827 20,1932.2241513135095
93_20240827 21,2004.5385296096883
93_20240827 22,1825.6120045437333
93_20240827 23,1526.2783079619053
93_20240828 00,1318.9129317166696
93_20240828 01,1123.99774782223
93_20240828 02,1047.0780030335306
93_20240828 03,904.6180194364734
93_20240828 04,890.3207542384962
93_20240828 05,873.6571214954636
93_20240828 06,923.2283256795374
93_20240828 07,1151.2868877884266
93_20240828 08,1130.778237377044
93_20240828 09,1162.9255606654683
93_20240828 10,1125.8552175973136
93_20240828 11,1276.2677305626469
93_20240828 12,1308.776481132406
93_20240828 13,1535.6971193206582
93_20240828 14,1674.2135995277238
93_20240828 15,1778.3273661019175
93_20240828 16,1811.579536562834
93_20240828 17,1854.699068051082
93_20240828 18,1862.1622060829138
93_20240828 19,1826.2994976511695
93_20240828 20,1894.466582734156
93_20240828 21,2078.5463098531714
93_20240828 22,1812.7301026976982
93_20240828 23,1577.8266674761808
93_20240829 00,1370.1452002911062
93_20240829 01,1189.8703850971845
93_20240829 02,1024.0072928457387
93_20240829 03,958.5702645405229
93_20240829 04,926.7236177840812
93_20240829 05,924.3751083076139
93_20240829 06,940.9149045285359
93_20240829 07,1131.8313555278082
93_20240829 08,1185.429863997694
93_20240829 09,1202.6201768115811
93_20240829 10,1290.4298822112642
93_20240829 11,1504.3221060430158
93_20240829 12,1527.323381283887
93_20240829 13,1745.4143678964117
93_20240829 14,1724.7995272503344
93_20240829 15,1784.4160152773763
93_20240829 16,1919.5329553468598
93_20240829 17,1945.9077500644837
93_20240829 18,1978.9333141903046
93_20240829 19,2049.974071668179
93_20240829 20,1899.4944650934012
93_20240829 21,2168.491364942416
93_20240829 22,1883.4201162134975
93_20240829 23,1608.2212048313436
93_20240830 00,1350.5575461710082
93_20240830 01,1173.062271662529
93_20240830 02,1055.809010788178
93_20240830 03,989.8381148021516
93_20240830 04,923.7356789380187
93_20240830 05,917.9809237420603
93_20240830 06,958.1790041806652
93_20240830 07,1228.5331422176564
93_20240830 08,1245.8926641100963
93_20240830 09,1212.9489800215404
93_20240830 10,1417.1718997512214
93_20240830 11,1814.1893061624207
93_20240830 12,1905.3601815661505
93_20240830 13,1530.6022054385617
93_20240830 14,1641.303419181753
93_20240830 15,1969.6827684280431
93_20240830 16,2048.8129061728137
93_20240830 17,1946.3277883866199
93_20240830 18,1944.3166256224308
93_20240830 19,1987.2558389544251
93_20240830 20,2081.001328288222
93_20240830 21,1982.9490742544003
93_20240830 22,1837.4367741722988
93_20240830 23,1564.143164671666
93_20240831 00,1361.6310398964577
93_20240831 01,1200.4782995043538
93_20240831 02,1105.9986499833476
93_20240831 03,1098.954678390576
93_20240831 04,1042.421204656089
93_20240831 05,956.9592597805733
93_20240831 06,1014.7536078809236
93_20240831 07,1225.1691777219153
93_20240831 08,1200.5479771231155
93_20240831 09,1300.5327963138852
93_20240831 10,1354.8933447794923
93_20240831 11,1401.2729295697118
93_20240831 12,1535.7919344426268
93_20240831 13,1633.8682460792877
93_20240831 14,1864.6700245074187
93_20240831 15,1576.1605867952503
93_20240831 16,1621.2826102715164
93_20240831 17,1804.3922085502463
93_20240831 18,1864.4912377294588
93_20240831 19,2119.9017669095124
93_20240831 20,1859.4233306107315
93_20240831 21,1773.6235394794692
93_20240831 22,1753.0208356031067
93_20240831 23,1432.5696908687203
94_20240825 00,1384.0677149711184
94_20240825 01,1404.5530980814292
94_20240825 02,1422.6717121283286
94_20240825 03,1454.3964168129576
94_20240825 04,1412.9525880840602
94_20240825 05,1445.2145653252653
94_20240825 06,1389.3078903504568
94_20240825 07,1362.0947046086098
94_20240825 08,1453.6543292806082
94_20240825 09,1416.8643628358225
94_20240825 10,1261.8072168633469
94_20240825 11,1366.088077508083
94_20240825 12,1329.8034609155545
94_20240825 13,1485.285323287394
94_20240825 14,1514.3471659164372
94_20240825 15,1426.2751265319175
94_20240825 16,1375.3780129412248
94_20240825 17,1454.8285837247372
94_20240825 18,1449.7878913323357
94_20240825 19,1288.4998741689567
94_20240825 20,1399.4158926221087
94_20240825 21,1278.4557759419718
94_20240825 22,1427.9789585843225
94_20240825 23,1377.6690208630948
94_20240826 00,1532.971456603433
94_20240826 01,1486.222343767651
94_20240826 02,1453.1429632796167
94_20240826 03,1432.1791527828984
94_20240826 04,1440.496144809818
94_20240826 05,1422.3981587550702
94_20240826 06,1539.6546202359566
94_20240826 07,1624.0111995428556
94_20240826 08,1715.1022496782462
94_20240826 09,2126.425016642972
94_20240826 10,2492.663685864901
94_20240826 11,2544.705353072345
94_20240826 12,2573.4362487152202
94_20240826 13,2585.7519962242054
94_20240826 14,2628.9168925209888
94_20240826 15,2688.22307771883
94_20240826 16,2541.1909201476574
94_20240826 17,2638.096719470643
94_20240826 18,2226.169073882682
94_20240826 19,1713.7364650118284
94_20240826 20,1659.6016002135575
94_20240826 21,1662.2244622993146
94_20240826 22,1723.3083199437037
94_20240826 23,1699.890454962064
94_20240827 00,1728.218216071363
94_20240827 01,1702.982533225774
94_20240827 02,1709.348852192612
94_20240827 03,1697.4613141378713
94_20240827 04,1689.9088678821172
94_20240827 05,1684.335806411929
94_20240827 06,1733.2619928083686
94_20240827 07,1794.262328700382
94_20240827 08,1948.9355743315864
94_20240827 09,2297.6866355145503
94_20240827 10,2454.2926364109207
94_20240827 11,2520.825319175453
94_20240827 12,2527.992373826422
94_20240827 13,2594.108054383482
94_20240827 14,2651.3236671939962
94_20240827 15,2587.9914582903257
94_20240827 16,2548.565145662162
94_20240827 17,2506.975648916289
94_20240827 18,2298.2569078053084
94_20240827 19,1969.4924735807913
94_20240827 20,1809.5932902517973
94_20240827 21,1776.4964147096985
94_20240827 22,1751.7249533645247
94_20240827 23,1702.6398505874631
94_20240828 00,1624.940761536911
94_20240828 01,1579.2723018867932
94_20240828 02,1593.6165012705953
94_20240828 03,1489.3109289868987
94_20240828 04,1469.505877139093
94_20240828 05,1467.200800337768
94_20240828 06,1493.7742662884223
94_20240828 07,1587.154418682421
94_20240828 08,1705.2331377938171
94_20240828 09,2021.3226468658472
94_20240828 10,2424.132935934556
94_20240828 11,2503.4429542968965
94_20240828 12,2439.5831344814974
94_20240828 13,2481.616316899102
94_20240828 14,2503.101105943322
94_20240828 15,2445.2728336463883
94_20240828 16,2438.934568849629
94_20240828 17,2325.455127549681
94_20240828 18,2315.4013095689997
94_20240828 19,1929.8603464340263
94_20240828 20,1783.4441960749975
94_20240828 21,1875.4786232396818
94_20240828 22,1886.5106301287933
94_20240828 23,1695.7446698564472
94_20240829 00,1626.8127084565274
94_20240829 01,1594.6668776137717
94_20240829 02,1551.9883051228385
94_20240829 03,1522.2894169081046
94_20240829 04,1513.4281195320348
94_20240829 05,1507.1586156143753
94_20240829 06,1493.8092675765959
94_20240829 07,1635.4360781401735
94_20240829 08,1755.662938980258
94_20240829 09,1974.726966216666
94_20240829 10,2194.342922769791
94_20240829 11,2461.893678334099
94_20240829 12,2225.5246800207938
94_20240829 13,2208.1267241900023
94_20240829 14,2186.283956583884
94_20240829 15,2239.3100860517566
94_20240829 16,2234.043869252515
94_20240829 17,2149.8742333363266
94_20240829 18,2180.412206824402
94_20240829 19,1810.1674447016546
94_20240829 20,1684.4372785563196
94_20240829 21,1754.0082247511064
94_20240829 22,1730.95178283863
94_20240829 23,1662.5730567638268
94_20240830 00,1615.1327752714114
94_20240830 01,1597.5578070185318
94_20240830 02,1490.7747923553657
94_20240830 03,1475.5493169521014
94_20240830 04,1473.076340652229
94_20240830 05,1460.7285622286968
94_20240830 06,1510.4547675600716
94_20240830 07,1622.9036449365005
94_20240830 08,1734.3572554454513
94_20240830 09,1940.6971134243613
94_20240830 10,2246.371929170499
94_20240830 11,2291.1200356088234
94_20240830 12,2057.072913162629
94_20240830 13,2083.5495348200916
94_20240830 14,2110.2929516093454
94_20240830 15,2036.984005271862
94_20240830 16,2167.727805281584
94_20240830 17,1899.9877245184434
94_20240830 18,1894.0055467933935
94_20240830 19,1400.6062605109314
94_20240830 20,1448.6373209752087
94_20240830 21,1530.4970936004734
94_20240830 22,1530.244507523324
94_20240830 23,1529.1395880279729
94_20240831 00,1377.7233453736494
94_20240831 01,1421.4161253961868
94_20240831 02,1373.9991634575513
94_20240831 03,1452.9731788263673
94_20240831 04,1417.1351093882122
94_20240831 05,1357.4495053567816
94_20240831 06,1348.699177996064
94_20240831 07,1419.4167767271358
94_20240831 08,1296.209449651265
94_20240831 09,1353.827995559327
94_20240831 10,1344.3123188430498
94_20240831 11,1488.236547038057
94_20240831 12,1569.529275300457
94_20240831 13,1556.1992589776557
94_20240831 14,1570.4268413487605
94_20240831 15,1524.6264876307603
94_20240831 16,1578.6184121797194
94_20240831 17,1535.8336566412527
94_20240831 18,1636.780185562883
94_20240831 19,1450.6877293015614
94_20240831 20,1474.4998272831615
94_20240831 21,1470.0048857629486
94_20240831 22,1385.195642094673
94_20240831 23,1304.336037434264
95_20240825 00,2049.848685092931
95_20240825 01,1786.382041841262
95_20240825 02,1478.3526521886986
95_20240825 03,1326.856306028307
95_20240825 04,780.4920106678103
95_20240825 05,539.0227585374032
95_20240825 06,547.2410646092183
95_20240825 07,602.7890682258427
95_20240825 08,874.6205871567571
95_20240825 09,1731.1586715015508
95_20240825 10,3162.583232896774
95_20240825 11,3631.8970593154163
95_20240825 12,4255.4373532318
95_20240825 13,4584.030519829209
95_20240825 14,4699.013574978519
95_20240825 15,4658.32332405223
95_20240825 16,4738.97132959167
95_20240825 17,4707.62599121252
95_20240825 18,4601.2690896711
95_20240825 19,3052.2120050296476
95_20240825 20,1397.207155257041
95_20240825 21,915.9727055400605
95_20240825 22,1789.5734007621802
95_20240825 23,2148.8618092531187
95_20240826 00,1751.1409962351654
95_20240826 01,1554.5804147336412
95_20240826 02,1396.4556277222339
95_20240826 03,1157.9649731583938
95_20240826 04,741.6827562286072
95_20240826 05,541.563119652885
95_20240826 06,537.8892524739377
95_20240826 07,568.0671616663898
95_20240826 08,812.2098835567419
95_20240826 09,1484.5319173017783
95_20240826 10,2580.5532115896394
95_20240826 11,2284.7728400177325
95_20240826 12,2621.6966851932357
95_20240826 13,2501.927492588333
95_20240826 14,2228.0494836622593
95_20240826 15,2788.1026512381586
95_20240826 16,2533.3295712067106
95_20240826 17,2871.631492299535
95_20240826 18,2779.813143140032
95_20240826 19,1830.7746902181766
95_20240826 20,1211.9073405290387
95_20240826 21,820.5581339589195
95_20240826 22,1579.5819773427295
95_20240826 23,1904.8027386487856
95_20240827 00,2172.8803675243107
95_20240827 01,1915.5849106427654
95_20240827 02,1632.6957298663071
95_20240827 03,1370.7487196207371
95_20240827 04,811.1252835314664
95_20240827 05,556.1839039566454
95_20240827 06,567.2475224827224
95_20240827 07,625.2102283747988
95_20240827 08,872.0377217991311
95_20240827 09,1710.8593616255826
95_20240827 10,3149.2752486778713
95_20240827 11,3527.0767772812114
95_20240827 12,3795.7117336417864
95_20240827 13,3940.115241872277
95_20240827 14,3935.4217960030646
95_20240827 15,3876.7856198927943
95_20240827 16,3986.207139456802
95_20240827 17,4125.618635658819
95_20240827 18,4049.6811519733646
95_20240827 19,2495.8005751025908
95_20240827 20,1270.1013837416458
95_20240827 21,877.6671345065532
95_20240827 22,1829.9373116822
95_20240827 23,2175.3868593478983
95_20240828 00,2123.240563322397
95_20240828 01,1882.7479294143145
95_20240828 02,1493.5772347255681
95_20240828 03,1216.7922885462772
95_20240828 04,698.9730583836114
95_20240828 05,490.3160553642963
95_20240828 06,496.43186455690034
95_20240828 07,588.1255224491995
95_20240828 08,908.9215966861567
95_20240828 09,1727.4733711267015
95_20240828 10,3253.900785716634
95_20240828 11,3662.6265766702354
95_20240828 12,4114.773953803847
95_20240828 13,4426.074123184341
95_20240828 14,4331.4062805622925
95_20240828 15,4329.907283325984
95_20240828 16,4508.40093256109
95_20240828 17,4518.672329733435
95_20240828 18,4421.727175080888
95_20240828 19,3111.379849193493
95_20240828 20,1409.2076020142827
95_20240828 21,910.2207114617114
95_20240828 22,1777.86507411553
95_20240828 23,2210.085675438221
95_20240829 00,2150.659120960278
95_20240829 01,1897.1004942084223
95_20240829 02,1489.4137889317124
95_20240829 03,1362.172432404866
95_20240829 04,799.364757207935
95_20240829 05,518.5971640499758
95_20240829 06,511.8718113124634
95_20240829 07,614.9418340099128
95_20240829 08,912.053182369512
95_20240829 09,1852.781116518702
95_20240829 10,3253.4079081454247
95_20240829 11,3769.367226895285
95_20240829 12,4250.3479364467485
95_20240829 13,4597.9227323249825
95_20240829 14,4508.231430694855
95_20240829 15,4314.472820939914
95_20240829 16,4340.893333293554
95_20240829 17,4601.927137436656
95_20240829 18,4458.770180273061
95_20240829 19,3066.4445923905387
95_20240829 20,1420.2634046526887
95_20240829 21,907.2317137640553
95_20240829 22,1743.1358470051737
95_20240829 23,2272.3959714107177
95_20240830 00,2233.1129713877076
95_20240830 01,1923.9046124532367
95_20240830 02,1583.8469133809754
95_20240830 03,1335.2484788702945
95_20240830 04,757.2327092212676
95_20240830 05,518.3378264202759
95_20240830 06,521.7447071726885
95_20240830 07,622.5195451365639
95_20240830 08,900.3087640033633
95_20240830 09,1657.1480684824708
95_20240830 10,3276.00276503611
95_20240830 11,3385.490586381836
95_20240830 12,4539.235401645353
95_20240830 13,4460.694056379425
95_20240830 14,4355.608571451158
95_20240830 15,4714.184900530701
95_20240830 16,4752.506252486766
95_20240830 17,4580.632646609877
95_20240830 18,4400.949209704251
95_20240830 19,2728.3461853777594
95_20240830 20,1386.3489713753347
95_20240830 21,948.9182862168306
95_20240830 22,1860.1361429990116
95_20240830 23,2231.7456758722033
95_20240831 00,2073.8890053763575
95_20240831 01,1898.304804931691
95_20240831 02,1444.3271875008281
95_20240831 03,1344.8766009149197
95_20240831 04,780.1098438270983
95_20240831 05,523.5374823784823
95_20240831 06,532.7755238289295
95_20240831 07,606.8594498172488
95_20240831 08,859.3308718529938
95_20240831 09,1689.3383070335744
95_20240831 10,3228.3968923891525
95_20240831 11,3556.327419306258
95_20240831 12,4031.690765236967
95_20240831 13,4233.169053081602
95_20240831 14,4461.644135280399
95_20240831 15,4469.773765548156
95_20240831 16,4485.9839323279275
95_20240831 17,4463.850259141909
95_20240831 18,4401.04029084535
95_20240831 19,2669.963285926254
95_20240831 20,1399.7944124992473
95_20240831 21,954.0228165799525
95_20240831 22,1836.4024984309617
95_20240831 23,2303.3631661404124
96_20240825 00,1224.1269067830942
96_20240825 01,1036.4895523452933
96_20240825 02,906.8568798610235
96_20240825 03,810.6572772360691
96_20240825 04,744.7339222894374
96_20240825 05,684.4816640994039
96_20240825 06,702.3570597892115
96_20240825 07,760.3518014695971
96_20240825 08,877.2748861007842
96_20240825 09,974.4908481815409
96_20240825 10,1010.8900800414185
96_20240825 11,1101.1014053393346
96_20240825 12,1118.3817896644953
96_20240825 13,1198.9554621538023
96_20240825 14,1228.7802851126994
96_20240825 15,1263.1078697652054
96_20240825 16,1348.737302564649
96_20240825 17,1350.1326609887449
96_20240825 18,1388.15864682285
96_20240825 19,1721.3580364238333
96_20240825 20,1699.4380454476498
96_20240825 21,1643.015497441271
96_20240825 22,1629.768644388814
96_20240825 23,1507.859665938792
96_20240826 00,1215.5523358315277
96_20240826 01,1030.0179343552213
96_20240826 02,877.1997774735015
96_20240826 03,800.0780984769934
96_20240826 04,757.1231307057917
96_20240826 05,738.5750035598584
96_20240826 06,784.5494239725658
96_20240826 07,870.0762523908497
96_20240826 08,891.242319531144
96_20240826 09,867.552538937665
96_20240826 10,811.8077263629086
96_20240826 11,646.6292740058674
96_20240826 12,708.5270952134688
96_20240826 13,772.7457795121003
96_20240826 14,698.6017818290808
96_20240826 15,778.3115364820649
96_20240826 16,826.4165655127424
96_20240826 17,1014.9184716801426
96_20240826 18,1147.0504902874832
96_20240826 19,1500.4327603346712
96_20240826 20,1553.1620102174045
96_20240826 21,1595.7097481338096
96_20240826 22,1537.0063451600613
96_20240826 23,1409.287096777941
96_20240827 00,1254.8972071287444
96_20240827 01,1058.3572046850238
96_20240827 02,882.2795177327054
96_20240827 03,788.2943681423972
96_20240827 04,738.2016182546447
96_20240827 05,714.5269934347615
96_20240827 06,675.859813680407
96_20240827 07,717.3881936711177
96_20240827 08,637.132175405987
96_20240827 09,705.911570511029
96_20240827 10,662.9106227532551
96_20240827 11,634.2363542537059
96_20240827 12,641.4707187528315
96_20240827 13,509.7227150824487
96_20240827 14,561.9845222690263
96_20240827 15,582.6333952472926
96_20240827 16,701.705023099926
96_20240827 17,846.9560749494218
96_20240827 18,1044.0234016413028
96_20240827 19,1407.4934995138938
96_20240827 20,1410.5667096445843
96_20240827 21,1363.967145372255
96_20240827 22,1306.0791016142475
96_20240827 23,1195.7611622964598
96_20240828 00,1000.671690246489
96_20240828 01,822.9431763466446
96_20240828 02,733.6806187535306
96_20240828 03,642.3261224795109
96_20240828 04,615.2443479630213
96_20240828 05,601.5596489983992
96_20240828 06,620.5220477685497
96_20240828 07,678.4864375134163
96_20240828 08,657.6252328870224
96_20240828 09,681.2453372813927
96_20240828 10,595.4984031513155
96_20240828 11,587.5689398275348
96_20240828 12,601.5592405697988
96_20240828 13,698.2814756601251
96_20240828 14,621.0252073381484
96_20240828 15,703.9253698419512
96_20240828 16,740.8027663513258
96_20240828 17,908.757797952434
96_20240828 18,1014.0829448946773
96_20240828 19,1447.558589970852
96_20240828 20,1510.440574422659
96_20240828 21,1524.7635473872913
96_20240828 22,1526.2220993561407
96_20240828 23,1375.5334129615949
96_20240829 00,1175.8620727742168
96_20240829 01,919.5281670611843
96_20240829 02,731.4097890057553
96_20240829 03,653.9296893999024
96_20240829 04,632.5767195778424
96_20240829 05,608.357269263727
96_20240829 06,638.1838304502426
96_20240829 07,676.3364744082222
96_20240829 08,653.9643427171306
96_20240829 09,576.334453305373
96_20240829 10,580.5110114989177
96_20240829 11,628.9805237703038
96_20240829 12,665.0757207251089
96_20240829 13,636.4879800597844
96_20240829 14,645.7157794159258
96_20240829 15,931.2088768649321
96_20240829 16,817.4027541227141
96_20240829 17,885.070278232039
96_20240829 18,1174.8759387866933
96_20240829 19,1494.5411076309858
96_20240829 20,1591.0382917998425
96_20240829 21,1551.102080642353
96_20240829 22,1514.09706992094
96_20240829 23,1336.7178596694837
96_20240830 00,1157.7561464443952
96_20240830 01,896.0021911932807
96_20240830 02,721.1023128074671
96_20240830 03,656.0350171249456
96_20240830 04,656.6570724041757
96_20240830 05,612.1766809718176
96_20240830 06,636.7998044316763
96_20240830 07,674.8394258069346
96_20240830 08,713.509635868496
96_20240830 09,706.0820260928803
96_20240830 10,674.2965203868306
96_20240830 11,717.4560548381002
96_20240830 12,770.0442236464787
96_20240830 13,721.2609491471321
96_20240830 14,669.6525944138002
96_20240830 15,667.6248225726964
96_20240830 16,732.3150470100346
96_20240830 17,834.3755033032558
96_20240830 18,929.1058766435408
96_20240830 19,1625.1093223011446
96_20240830 20,1561.8239035275533
96_20240830 21,1501.694437138174
96_20240830 22,1437.6346655694165
96_20240830 23,1296.5371670322288
96_20240831 00,1167.2528558888255
96_20240831 01,875.3876764506107
96_20240831 02,779.9445548106019
96_20240831 03,668.3392085562857
96_20240831 04,626.1478963638139
96_20240831 05,608.4266992396763
96_20240831 06,620.1639659417673
96_20240831 07,672.0213312335505
96_20240831 08,674.1406259491431
96_20240831 09,820.2441374684864
96_20240831 10,764.1812521991396
96_20240831 11,790.0575057965314
96_20240831 12,1048.050734983744
96_20240831 13,1168.1201573522944
96_20240831 14,764.5305891544729
96_20240831 15,915.1224470356619
96_20240831 16,897.1836517537973
96_20240831 17,982.6511377193918
96_20240831 18,1065.7574337750584
96_20240831 19,1373.8205284956825
96_20240831 20,1367.6100138522067
96_20240831 21,1517.8340268003708
96_20240831 22,1500.158902336036
96_20240831 23,1307.3019302987839
97_20240825 00,1283.6441535451088
97_20240825 01,1253.0445372683412
97_20240825 02,1213.2758568466384
97_20240825 03,1198.2837756451538
97_20240825 04,1153.9940260307712
97_20240825 05,1169.30371615762
97_20240825 06,1192.9150401124737
97_20240825 07,1215.744813337802
97_20240825 08,1246.6984118359173
97_20240825 09,1419.6663204572035
97_20240825 10,1591.931546140869
97_20240825 11,1688.0686623812326
97_20240825 12,1696.788273732115
97_20240825 13,1785.3221799858868
97_20240825 14,1721.5808355100253
97_20240825 15,1827.904420093572
97_20240825 16,1759.470083399246
97_20240825 17,1757.3688292122742
97_20240825 18,1822.9464933049276
97_20240825 19,1594.7254530224811
97_20240825 20,1607.6496870617334
97_20240825 21,1573.8341346619557
97_20240825 22,1415.4304328392889
97_20240825 23,1349.8727571070644
97_20240826 00,1321.2011474040794
97_20240826 01,1276.445917096759
97_20240826 02,1217.1734699162203
97_20240826 03,1214.0590695407845
97_20240826 04,1185.6732397901744
97_20240826 05,1194.3637376414927
97_20240826 06,1200.4756966522336
97_20240826 07,1216.4088700757277
97_20240826 08,1286.9276255909679
97_20240826 09,1488.5554092846555
97_20240826 10,1662.6681898409302
97_20240826 11,1745.138364613471
97_20240826 12,1746.775642159904
97_20240826 13,1762.7175210920916
97_20240826 14,1732.5721465364563
97_20240826 15,1778.1998242035713
97_20240826 16,1791.3784430317162
97_20240826 17,1795.47735828363
97_20240826 18,1765.8358333525998
97_20240826 19,1691.941828633196
97_20240826 20,1651.0551052164324
97_20240826 21,1602.6519876406771
97_20240826 22,1452.5548322986376
97_20240826 23,1408.5185333299
97_20240827 00,1331.1827466847021
97_20240827 01,1281.1479713135952
97_20240827 02,1194.4250949386392
97_20240827 03,1189.1087309461952
97_20240827 04,1175.6638807632014
97_20240827 05,1168.7694933720861
97_20240827 06,1180.197179482584
97_20240827 07,1220.9959535388914
97_20240827 08,1257.7842676822152
97_20240827 09,1426.6009434216915
97_20240827 10,1609.2814347669546
97_20240827 11,1696.681575208332
97_20240827 12,1668.8483369272794
97_20240827 13,1518.5521863260897
97_20240827 14,1658.546126759324
97_20240827 15,1727.4193518832806
97_20240827 16,1724.306474834202
97_20240827 17,1721.4127165646962
97_20240827 18,1712.4985246201293
97_20240827 19,1567.0694996191298
97_20240827 20,1466.1010763167405
97_20240827 21,1406.3984109248124
97_20240827 22,1422.3807150936111
97_20240827 23,1369.9926191389432
97_20240828 00,1191.8174250749655
97_20240828 01,1140.3639941904241
97_20240828 02,1116.6440635852803
97_20240828 03,1109.2899656698776
97_20240828 04,1100.2558115009474
97_20240828 05,1040.932947016341
97_20240828 06,1088.9339634139708
97_20240828 07,1107.0469463113284
97_20240828 08,1201.4412694035793
97_20240828 09,1334.9624094733463
97_20240828 10,1564.3802268798656
97_20240828 11,1576.0434591733872
97_20240828 12,1670.731853226913
97_20240828 13,1695.2357112634286
97_20240828 14,1668.7168745650226
97_20240828 15,1802.0324458126959
97_20240828 16,1805.868950364828
97_20240828 17,1790.5554549696442
97_20240828 18,1733.0206648307558
97_20240828 19,1673.2335407908195
97_20240828 20,1487.1151554719038
97_20240828 21,1551.8790257700637
97_20240828 22,1391.6130795307304
97_20240828 23,1335.8793685732787
97_20240829 00,1258.6262461820224
97_20240829 01,1209.8931923567523
97_20240829 02,1145.1800752710637
97_20240829 03,1169.8750941826988
97_20240829 04,1137.5894043364167
97_20240829 05,1131.931391079412
97_20240829 06,1133.9561541849882
97_20240829 07,1142.4466479087612
97_20240829 08,1267.6077640478222
97_20240829 09,1414.638481032041
97_20240829 10,1640.7505966450758
97_20240829 11,1115.3579305627197
97_20240829 12,1727.4871342673684
97_20240829 13,1706.0412574244342
97_20240829 14,1395.5205898067495
97_20240829 15,1775.9918289918655
97_20240829 16,1646.956904578488
97_20240829 17,1772.5809691688207
97_20240829 18,1716.88812054265
97_20240829 19,1628.2073874297564
97_20240829 20,1627.262703926206
97_20240829 21,1531.2411422862097
97_20240829 22,1438.7699606021097
97_20240829 23,1318.9944402548217
97_20240830 00,1165.7904549500108
97_20240830 01,1139.732990348402
97_20240830 02,1128.6051285173396
97_20240830 03,1135.1893085225481
97_20240830 04,1093.509036357599
97_20240830 05,1090.168789558603
97_20240830 06,1117.031083801222
97_20240830 07,1110.9797705344913
97_20240830 08,1211.2242102585724
97_20240830 09,1369.2001746140863
97_20240830 10,1612.4282943750452
97_20240830 11,1681.9453313108738
97_20240830 12,1607.8112318603646
97_20240830 13,1791.8675409804273
97_20240830 14,1480.3856067720405
97_20240830 15,1800.359189756764
97_20240830 16,1772.4767946966326
97_20240830 17,1758.4888346005964
97_20240830 18,1806.6791819864045
97_20240830 19,1655.1684530976156
97_20240830 20,1603.198343862915
97_20240830 21,1582.982106168898
97_20240830 22,1416.1713298781253
97_20240830 23,1325.1813769614494
97_20240831 00,1176.34332074819
97_20240831 01,1126.2434911442024
97_20240831 02,1117.568554055326
97_20240831 03,1112.0472891235854
97_20240831 04,1088.3497060953919
97_20240831 05,1118.4186734209745
97_20240831 06,1114.4877743029085
97_20240831 07,1111.756597647996
97_20240831 08,1172.7030356090106
97_20240831 09,1325.7158455505767
97_20240831 10,1422.6433013903052
97_20240831 11,1488.1349953651534
97_20240831 12,1495.792112228833
97_20240831 13,1500.0190503186186
97_20240831 14,1449.0316856639279
97_20240831 15,1611.1614055882728
97_20240831 16,1619.563331693788
97_20240831 17,1591.8475277681882
97_20240831 18,1547.2498536377923
97_20240831 19,1401.2535624281522
97_20240831 20,1377.1503214181141
97_20240831 21,1363.0094724601827
97_20240831 22,1302.1666854322082
97_20240831 23,1288.185793388418
98_20240825 00,1570.6001103291378
98_20240825 01,1500.2364925157249
98_20240825 02,1463.2752503118281
98_20240825 03,1440.6043595552396
98_20240825 04,1437.4314138097866
98_20240825 05,1438.3137432297162
98_20240825 06,1726.6491099783548
98_20240825 07,1902.775683458697
98_20240825 08,2167.291159580978
98_20240825 09,2268.769862452504
98_20240825 10,2403.7311141260548
98_20240825 11,2330.5957889294536
98_20240825 12,2183.023925837523
98_20240825 13,2709.0477953289683
98_20240825 14,2949.72430343708
98_20240825 15,3023.8760423456256
98_20240825 16,3143.795016059565
98_20240825 17,3128.9867904305743
98_20240825 18,2557.769143878288
98_20240825 19,2348.068797263342
98_20240825 20,2303.7148032629493
98_20240825 21,2213.989689123667
98_20240825 22,1948.5491105105755
98_20240825 23,1825.8564465485567
98_20240826 00,1584.0301646309358
98_20240826 01,1471.496833518969
98_20240826 02,1431.8853894507035
98_20240826 03,1420.8670203435422
98_20240826 04,1404.8840825950956
98_20240826 05,1406.2955611750342
98_20240826 06,1652.3907577364832
98_20240826 07,1828.1265825833834
98_20240826 08,2140.190761551248
98_20240826 09,2328.1479863322406
98_20240826 10,2383.9887368608
98_20240826 11,2272.9903883140955
98_20240826 12,2148.0916135173898
98_20240826 13,2536.3071717939033
98_20240826 14,2776.040359263757
98_20240826 15,2854.392002387694
98_20240826 16,2876.2817903877117
98_20240826 17,2932.1293078926897
98_20240826 18,2518.114558777156
98_20240826 19,1883.3580499674804
98_20240826 20,1915.4032406079555
98_20240826 21,1910.0299765547734
98_20240826 22,1821.13808664422
98_20240826 23,1771.3682529660596
98_20240827 00,1562.046405388843
98_20240827 01,1499.23187121641
98_20240827 02,1414.1810732754468
98_20240827 03,1409.5350675475052
98_20240827 04,1381.8919265872662
98_20240827 05,1384.4205501151644
98_20240827 06,1659.6945566900924
98_20240827 07,1813.6209955158158
98_20240827 08,1881.3068490621579
98_20240827 09,2266.8252466663816
98_20240827 10,2300.56586880481
98_20240827 11,2150.3105994365887
98_20240827 12,2127.610978665902
98_20240827 13,2273.4970849204306
98_20240827 14,2302.6034387672103
98_20240827 15,2440.4802273462456
98_20240827 16,2369.5869962610177
98_20240827 17,2399.044782373029
98_20240827 18,2013.5948506558962
98_20240827 19,1729.7504248488906
98_20240827 20,1683.9312714874904
98_20240827 21,1678.110837068854
98_20240827 22,1599.1349981069964
98_20240827 23,1527.0364152801847
98_20240828 00,1380.6099246651715
98_20240828 01,1374.5493022930802
98_20240828 02,1330.868370262759
98_20240828 03,1318.163717367428
98_20240828 04,1280.367115402475
98_20240828 05,1313.2335486999043
98_20240828 06,1510.4665882597808
98_20240828 07,1549.843483734613
98_20240828 08,1823.8230712299414
98_20240828 09,2054.971425095994
98_20240828 10,2089.9480425849674
98_20240828 11,2089.3227861795604
98_20240828 12,2087.5215797395936
98_20240828 13,2372.163022445831
98_20240828 14,2562.405104359639
98_20240828 15,2597.5337897417066
98_20240828 16,2646.853595657072
98_20240828 17,2700.15220905077
98_20240828 18,2194.3283548678683
98_20240828 19,1903.9468705580487
98_20240828 20,1765.7527613633335
98_20240828 21,1722.2396820553265
98_20240828 22,1642.1974795671547
98_20240828 23,1513.8502284377873
98_20240829 00,1522.5955307054712
98_20240829 01,1407.1099188884182
98_20240829 02,1361.5658382430156
98_20240829 03,1338.6197615749481
98_20240829 04,1339.6462870171301
98_20240829 05,1356.1834095623094
98_20240829 06,1549.5053443561374
98_20240829 07,1778.0305125121856
98_20240829 08,2113.7715957543223
98_20240829 09,2247.910780687015
98_20240829 10,2304.2780451786125
98_20240829 11,2230.647735221515
98_20240829 12,2119.924541609131
98_20240829 13,2407.6729411448
98_20240829 14,2408.432398615587
98_20240829 15,2584.9534595308696
98_20240829 16,2690.044622039077
98_20240829 17,2526.2459930994996
98_20240829 18,2296.9680150636564
98_20240829 19,2002.1455496148114
98_20240829 20,1820.1998295915234
98_20240829 21,1820.9437010800507
98_20240829 22,1636.6325549964495
98_20240829 23,1603.6422088644651
98_20240830 00,1525.5630034455125
98_20240830 01,1463.1082769930913
98_20240830 02,1404.0079021578129
98_20240830 03,1391.6436854659078
98_20240830 04,1389.2972703414712
98_20240830 05,1383.3237401965162
98_20240830 06,1596.8782268059251
98_20240830 07,1783.1635952366912
98_20240830 08,2123.4825488112206
98_20240830 09,2390.743869839127
98_20240830 10,2416.702015761319
98_20240830 11,2306.074746780652
98_20240830 12,2164.582375569372
98_20240830 13,2704.4481630220407
98_20240830 14,2534.793596559727
98_20240830 15,2818.6534554205973
98_20240830 16,2805.792888790153
98_20240830 17,3058.2840657713273
98_20240830 18,2406.63256621444
98_20240830 19,2080.455563506138
98_20240830 20,1992.5762895002642
98_20240830 21,1804.0578638863108
98_20240830 22,1635.635246378014
98_20240830 23,1601.0892990102475
98_20240831 00,1477.9359707059102
98_20240831 01,1444.1783395470668
98_20240831 02,1418.268981111919
98_20240831 03,1352.0183293196492
98_20240831 04,1355.120537803065
98_20240831 05,1352.709661784025
98_20240831 06,1613.0920155123138
98_20240831 07,1655.0184155862564
98_20240831 08,1874.800840039181
98_20240831 09,2145.9091551679935
98_20240831 10,2301.530390488614
98_20240831 11,2111.428237353204
98_20240831 12,2091.0772053809364
98_20240831 13,2396.1246516579067
98_20240831 14,2548.75197565002
98_20240831 15,2626.9500009995113
98_20240831 16,2712.2386119002713
98_20240831 17,2792.8181066462585
98_20240831 18,2443.3698804079795
98_20240831 19,2234.505370618422
98_20240831 20,2111.162103168991
98_20240831 21,1994.9120466878032
98_20240831 22,1884.3493322771808
98_20240831 23,1607.6209890797652
99_20240825 00,1189.2186645957127
99_20240825 01,1198.2127379056178
99_20240825 02,1155.782805329666
99_20240825 03,1150.6312378164566
99_20240825 04,1046.0223407426997
99_20240825 05,913.2799745059334
99_20240825 06,852.1468919733396
99_20240825 07,847.6436154726002
99_20240825 08,948.6610889775536
99_20240825 09,1108.7802076139908
99_20240825 10,1143.4578109735362
99_20240825 11,1169.5959894771586
99_20240825 12,1133.6395966726534
99_20240825 13,1158.05109900791
99_20240825 14,1167.774078057497
99_20240825 15,1167.5921306896769
99_20240825 16,1167.9172513799806
99_20240825 17,1127.7371337447066
99_20240825 18,1036.661983404656
99_20240825 19,1117.8165868674942
99_20240825 20,1160.8432573501566
99_20240825 21,1174.9634155969843
99_20240825 22,1160.5502598286967
99_20240825 23,1163.8898698434427
99_20240826 00,1173.7478628847175
99_20240826 01,1184.3132355490495
99_20240826 02,1152.6161852198989
99_20240826 03,1142.3919096255959
99_20240826 04,1039.9134724402427
99_20240826 05,908.1234482161112
99_20240826 06,825.1202840632934
99_20240826 07,816.3340483517877
99_20240826 08,941.125376267533
99_20240826 09,1112.2249247562988
99_20240826 10,1176.1032098870971
99_20240826 11,1232.1272991832247
99_20240826 12,1156.871111127094
99_20240826 13,1218.584971055095
99_20240826 14,1225.4703011017118
99_20240826 15,1222.6697371134755
99_20240826 16,1223.7479640673414
99_20240826 17,1217.066521645895
99_20240826 18,1165.0179160097084
99_20240826 19,1170.9695722335052
99_20240826 20,1194.0652691264486
99_20240826 21,1239.6449313886746
99_20240826 22,1213.4643027254988
99_20240826 23,1214.5409791720124
99_20240827 00,1191.1479275023235
99_20240827 01,1183.320065150893
99_20240827 02,1145.233004699651
99_20240827 03,1137.692841244555
99_20240827 04,1039.420864845949
99_20240827 05,922.1865060095926
99_20240827 06,838.9704492978723
99_20240827 07,832.0489085590099
99_20240827 08,958.4930990705425
99_20240827 09,1113.1222703506276
99_20240827 10,1166.0041876394962
99_20240827 11,1228.8062486105916
99_20240827 12,1166.5550609954457
99_20240827 13,1233.4212322453466
99_20240827 14,1182.7135057112387
99_20240827 15,1139.6515309396696
99_20240827 16,1169.3549409784841
99_20240827 17,1129.0095418822089
99_20240827 18,1098.192695834094
99_20240827 19,1119.7168218987038
99_20240827 20,1122.1338183360556
99_20240827 21,1139.7192479066716
99_20240827 22,1119.1946272598898
99_20240827 23,1123.101687398791
99_20240828 00,1106.913044813258
99_20240828 01,1101.7452804458133
99_20240828 02,1083.6908506901755
99_20240828 03,1081.1602014746077
99_20240828 04,840.1443792952725
99_20240828 05,671.6594149814233
99_20240828 06,621.2515505587851
99_20240828 07,621.0189367703625
99_20240828 08,825.7139549581066
99_20240828 09,1060.6089928770048
99_20240828 10,1111.8671650446006
99_20240828 11,1171.4300924229426
99_20240828 12,1132.2755963807233
99_20240828 13,1204.9769419499132
99_20240828 14,1154.2767651996303
99_20240828 15,1193.663910515322
99_20240828 16,1186.5814108188392
99_20240828 17,1173.044951290545
99_20240828 18,1111.6600596145495
99_20240828 19,1148.4931615562318
99_20240828 20,1178.2260442661425
99_20240828 21,1204.7595168443272
99_20240828 22,1203.5238569867934
99_20240828 23,1167.7749046605538
99_20240829 00,1151.3836839580667
99_20240829 01,1151.0281127584758
99_20240829 02,1117.474102309881
99_20240829 03,1153.379383578777
99_20240829 04,1045.1423155520426
99_20240829 05,918.2279485545466
99_20240829 06,829.2370568712424
99_20240829 07,832.1334738692364
99_20240829 08,947.1922772521191
99_20240829 09,1102.0254222897652
99_20240829 10,1160.708804029691
99_20240829 11,1209.7075612485194
99_20240829 12,1142.4705470403158
99_20240829 13,1187.024573776825
99_20240829 14,1156.7396871542824
99_20240829 15,1198.5108735821098
99_20240829 16,1185.082163263094
99_20240829 17,1186.7024905756762
99_20240829 18,1096.3108860043378
99_20240829 19,1158.3973947928343
99_20240829 20,1211.381490227081
99_20240829 21,1237.1507267523712
99_20240829 22,1216.2540114681424
99_20240829 23,1194.3165211949654
99_20240830 00,1174.7521203197114
99_20240830 01,1185.8284701006544
99_20240830 02,1145.4846223379634
99_20240830 03,1158.9799320958002
99_20240830 04,1061.6691366312934
99_20240830 05,904.5097438445187
99_20240830 06,804.6204046164173
99_20240830 07,816.2749195141723
99_20240830 08,972.308283937018
99_20240830 09,1109.903898612344
99_20240830 10,1177.4194687847084
99_20240830 11,1187.9629761873634
99_20240830 12,1138.7406375825044
99_20240830 13,1156.0659078886663
99_20240830 14,1216.9575915823245
99_20240830 15,1216.8627721297983
99_20240830 16,1206.7416102127283
99_20240830 17,1206.7690422845624
99_20240830 18,1147.0130128404244
99_20240830 19,1204.6013627411453
99_20240830 20,1245.0082608424013
99_20240830 21,1253.3550792874057
99_20240830 22,1210.1541075326784
99_20240830 23,1197.367171856626
99_20240831 00,1158.6907932083227
99_20240831 01,1162.9131876277968
99_20240831 02,1111.6046046279155
99_20240831 03,1115.6853469313403
99_20240831 04,1036.2295368202354
99_20240831 05,911.9551873822103
99_20240831 06,777.0005748082693
99_20240831 07,808.9995370939347
99_20240831 08,924.7068560344737
99_20240831 09,1059.9412320260185
99_20240831 10,1093.4019789160623
99_20240831 11,1108.288986856883
99_20240831 12,1048.7316330941655
99_20240831 13,1123.0129350445748
99_20240831 14,1147.803186576825
99_20240831 15,1137.3119348606708
99_20240831 16,1179.5704046581689
99_20240831 17,1163.1803299282515
99_20240831 18,1087.681799510808
99_20240831 19,1149.203851827651
99_20240831 20,1152.9909992196533
99_20240831 21,1132.3990210124775
99_20240831 22,1115.637116264384
99_20240831 23,1116.0860309952175
100_20240825 00,2676.508101747508
100_20240825 01,2631.53263600085
100_20240825 02,2522.730735992677
100_20240825 03,2152.8246277699254
100_20240825 04,2289.6473555695034
100_20240825 05,2195.1302940086566
100_20240825 06,2429.7658833611513
100_20240825 07,2608.436402589097
100_20240825 08,1540.0723999990835
100_20240825 09,1510.2478545499807
100_20240825 10,1454.1425816260048
100_20240825 11,1571.5551892975016
100_20240825 12,1647.072533846967
100_20240825 13,2064.1733250744087
100_20240825 14,2401.7415413627023
100_20240825 15,2739.5879872191194
100_20240825 16,2467.8980341344572
100_20240825 17,2774.9992533216514
100_20240825 18,2734.972782217464
100_20240825 19,2551.0866829180586
100_20240825 20,2355.6408193738553
100_20240825 21,2059.4323793204817
100_20240825 22,2438.474225574981
100_20240825 23,2393.3334448474325
100_20240826 00,2532.2336275102093
100_20240826 01,2284.290208679469
100_20240826 02,2174.097631837634
100_20240826 03,2099.869306177664
100_20240826 04,2138.089362425422
100_20240826 05,2177.5908063741426
100_20240826 06,2269.521957441934
100_20240826 07,2339.433839288667
100_20240826 08,1350.6275792339902
100_20240826 09,1290.5615671885998
100_20240826 10,1285.882984696363
100_20240826 11,1322.377500001853
100_20240826 12,1380.4196848831061
100_20240826 13,1515.6618015145284
100_20240826 14,2165.962703958935
100_20240826 15,2280.7670835922954
100_20240826 16,2329.871453909664
100_20240826 17,2423.32988964287
100_20240826 18,2442.0554108084084
100_20240826 19,2165.7547177494694
100_20240826 20,2058.763782246468
100_20240826 21,2097.4430829378666
100_20240826 22,2280.0078247155375
100_20240826 23,2565.2800008420986
100_20240827 00,2549.251812151512
100_20240827 01,2531.4074701000195
100_20240827 02,2488.146950161383
100_20240827 03,2153.3385305267943
100_20240827 04,2069.989412760395
100_20240827 05,2080.8880610826427
100_20240827 06,2287.7746365201883
100_20240827 07,2220.696055550055
100_20240827 08,1327.143388544771
100_20240827 09,1235.802894562344
100_20240827 10,1235.8406708516504
100_20240827 11,1275.663737930429
100_20240827 12,1354.0027643611995
100_20240827 13,1868.1013165235424
100_20240827 14,2326.1550500632084
100_20240827 15,1746.8135776872648
100_20240827 16,1785.987073030654
100_20240827 17,1899.2030698743972
100_20240827 18,1355.2452295391831
100_20240827 19,1889.1550666247979
100_20240827 20,1836.4007557985428
100_20240827 21,1871.2943190522824
100_20240827 22,2381.118381231749
100_20240827 23,2579.202147932564
100_20240828 00,2560.948026467098
100_20240828 01,2533.8772813173296
100_20240828 02,2394.8112154426103
100_20240828 03,2005.9360648207423
100_20240828 04,1788.4508019079888
100_20240828 05,1684.8733778938117
100_20240828 06,1689.2614106468163
100_20240828 07,1675.4755755844205
100_20240828 08,1276.9937920753837
100_20240828 09,1149.611068083849
100_20240828 10,1178.132365696196
100_20240828 11,1289.4687803274749
100_20240828 12,1302.616164028609
100_20240828 13,1271.8441488217202
100_20240828 14,1588.401984158438
100_20240828 15,1452.4853798493875
100_20240828 16,1663.9856522042799
100_20240828 17,2205.6547929295452
100_20240828 18,1804.2038003749433
100_20240828 19,2006.7407957244598
100_20240828 20,2040.9350572190149
100_20240828 21,2069.241016667038
100_20240828 22,2444.054354876732
100_20240828 23,2696.65182921925
100_20240829 00,2474.5692653568253
100_20240829 01,2467.132791490228
100_20240829 02,2475.3105155557323
100_20240829 03,2133.015559507301
100_20240829 04,1950.953390077571
100_20240829 05,2221.96001640192
100_20240829 06,2393.692313949222
100_20240829 07,2152.7693403306125
100_20240829 08,1295.8549819707507
100_20240829 09,1255.8626684108165
100_20240829 10,1267.1868127145144
100_20240829 11,1225.4508902455236
100_20240829 12,1488.9872775609845
100_20240829 13,1888.5378519585036
100_20240829 14,2323.850644512398
100_20240829 15,2484.667590288164
100_20240829 16,1858.444073285606
100_20240829 17,2573.4631636775543
100_20240829 18,2530.0197744132442
100_20240829 19,2087.8039165833657
100_20240829 20,1909.684447119144
100_20240829 21,1902.1091498448739
100_20240829 22,2356.0607972772345
100_20240829 23,2507.963202273238
100_20240830 00,2457.8286509557433
100_20240830 01,2461.533705749422
100_20240830 02,2475.332978564474
100_20240830 03,2354.3761671802513
100_20240830 04,2194.334103939474
100_20240830 05,2118.6342608248056
100_20240830 06,2037.709972529342
100_20240830 07,1856.2554170236497
100_20240830 08,1208.741721779498
100_20240830 09,1202.0146489368565
100_20240830 10,1273.8348716615294
100_20240830 11,1251.822561899745
100_20240830 12,1552.0177076687075
100_20240830 13,1882.086636942095
100_20240830 14,2222.187628847079
100_20240830 15,2297.594127567866
100_20240830 16,2246.195524226823
100_20240830 17,2420.436548168663
100_20240830 18,2421.0452972616777
100_20240830 19,2208.545430021588
100_20240830 20,1964.097107426624
100_20240830 21,1941.7457574910911
100_20240830 22,2122.0343513012745
100_20240830 23,2531.326635505122
100_20240831 00,2154.4337798666584
100_20240831 01,2373.656460411087
100_20240831 02,2424.2352504229816
100_20240831 03,2230.296215951345
100_20240831 04,2234.6655555590123
100_20240831 05,2046.6048886556312
100_20240831 06,1756.0118589908095
100_20240831 07,1655.7129490630589
100_20240831 08,1383.1375490845646
100_20240831 09,1214.920801050148
100_20240831 10,1285.3649325798822
100_20240831 11,1622.9877477385244
100_20240831 12,1662.2658169199196
100_20240831 13,1993.205873434348
100_20240831 14,2159.4516619378614
100_20240831 15,1534.4920211742476
100_20240831 16,1634.9370667035448
100_20240831 17,2392.243066004237
100_20240831 18,1719.7266603783557
100_20240831 19,2242.9174376247774
100_20240831 20,2141.275746401102
100_20240831 21,2091.3729728078742
100_20240831 22,2330.8345046015306
100_20240831 23,2510.0401021023345
