num_date_time,answer
1_20240825 00,4302.22199953637
1_20240825 01,4033.187809023407
1_20240825 02,3882.6369730475626
1_20240825 03,3411.937659318946
1_20240825 04,3535.4607028086625
1_20240825 05,3649.2196225224743
1_20240825 06,3763.5374771200504
1_20240825 07,4121.039125807103
1_20240825 08,4475.0260867248335
1_20240825 09,6123.376449601972
1_20240825 10,6171.617540863425
1_20240825 11,6424.885588280646
1_20240825 12,6600.5849077534585
1_20240825 13,6744.635073242856
1_20240825 14,6816.407352374028
1_20240825 15,6823.011738042005
1_20240825 16,6910.323401438999
1_20240825 17,7062.605278674194
1_20240825 18,6840.183390246793
1_20240825 19,6696.511918447283
1_20240825 20,5653.917426485288
1_20240825 21,4477.532163041704
1_20240825 22,4584.055420099801
1_20240825 23,4800.0349054757235
1_20240826 00,4462.159604646817
1_20240826 01,3848.0358549917214
1_20240826 02,3564.404005429948
1_20240826 03,3577.217047327476
1_20240826 04,3442.755673483566
1_20240826 05,3632.858340045359
1_20240826 06,3707.112544543412
1_20240826 07,4129.941790105113
1_20240826 08,4726.183335339246
1_20240826 09,5194.462470596249
1_20240826 10,5296.896906906611
1_20240826 11,5058.899772917687
1_20240826 12,5830.828822004848
1_20240826 13,5959.48883957549
1_20240826 14,5965.790997895303
1_20240826 15,5992.709788308835
1_20240826 16,5894.925702486357
1_20240826 17,6262.81613060298
1_20240826 18,6475.964161260558
1_20240826 19,5859.583901527807
1_20240826 20,4959.191500583721
1_20240826 21,4292.899627320367
1_20240826 22,5062.221335269045
1_20240826 23,5189.7563881908645
1_20240827 00,5084.818179779392
1_20240827 01,4841.306636282676
1_20240827 02,4329.541479614292
1_20240827 03,3885.9550859765995
1_20240827 04,3902.161742246225
1_20240827 05,3689.392594841952
1_20240827 06,3819.004481906308
1_20240827 07,4408.548799284449
1_20240827 08,5176.985048345079
1_20240827 09,5361.553208493221
1_20240827 10,5105.35711577297
1_20240827 11,4760.936204704172
1_20240827 12,5290.104249077072
1_20240827 13,5470.974139142295
1_20240827 14,5514.117348347371
1_20240827 15,5383.118234932211
1_20240827 16,5345.279739008536
1_20240827 17,5686.976951384503
1_20240827 18,5789.867015690341
1_20240827 19,5688.6894133561655
1_20240827 20,5170.277244096304
1_20240827 21,4354.157004222817
1_20240827 22,5380.105129165959
1_20240827 23,5592.664266760212
1_20240828 00,5236.098368916224
1_20240828 01,4946.660596329694
1_20240828 02,4619.983466256316
1_20240828 03,4201.507369486048
1_20240828 04,4094.502352542972
1_20240828 05,4303.1252031134645
1_20240828 06,4466.300647000725
1_20240828 07,4389.529983689509
1_20240828 08,4738.7893514294265
1_20240828 09,5553.555613677352
1_20240828 10,5380.284580986603
1_20240828 11,5021.410798119802
1_20240828 12,5665.087896915013
1_20240828 13,6104.218301917372
1_20240828 14,6150.559008128859
1_20240828 15,6089.016705203847
1_20240828 16,6163.8541254937245
1_20240828 17,6404.310453449998
1_20240828 18,6463.432081889898
1_20240828 19,5751.632053866707
1_20240828 20,4801.16098234391
1_20240828 21,4128.972417483222
1_20240828 22,5328.977211828496
1_20240828 23,5257.386079499718
1_20240829 00,4989.527763948726
1_20240829 01,4380.153780124274
1_20240829 02,4172.211298368386
1_20240829 03,3842.4343159101204
1_20240829 04,3905.5524139609115
1_20240829 05,3735.2972303080637
1_20240829 06,3755.304359503065
1_20240829 07,4141.401419324585
1_20240829 08,4916.129587387122
1_20240829 09,5372.75959430426
1_20240829 10,5306.9059724991885
1_20240829 11,5322.985438209841
1_20240829 12,5857.386123951105
1_20240829 13,6073.492729623938
1_20240829 14,6040.367666634556
1_20240829 15,5972.580916071545
1_20240829 16,6133.45322600765
1_20240829 17,6395.466853775097
1_20240829 18,6486.6637598450725
1_20240829 19,6110.817799717942
1_20240829 20,5198.487047519269
1_20240829 21,4172.516087098232
1_20240829 22,4368.667817579154
1_20240829 23,4671.663484322064
1_20240830 00,4740.923056228999
1_20240830 01,4146.567053836292
1_20240830 02,4135.639755224723
1_20240830 03,3881.6542035
1_20240830 04,3627.4900450414634
1_20240830 05,3743.414124533978
1_20240830 06,3711.316334323133
1_20240830 07,4126.997144103554
1_20240830 08,4771.827875526956
1_20240830 09,5443.702629561029
1_20240830 10,5342.338638764469
1_20240830 11,5262.3497995710495
1_20240830 12,5683.388018275355
1_20240830 13,5916.5433998166145
1_20240830 14,5958.271290835401
1_20240830 15,6009.7816996786005
1_20240830 16,6083.519244327328
1_20240830 17,6522.302647647093
1_20240830 18,6454.293721167198
1_20240830 19,6244.46002767448
1_20240830 20,5362.811520449359
1_20240830 21,4324.728888946412
1_20240830 22,5136.572994802
1_20240830 23,5196.23614893495
1_20240831 00,5192.668658280578
1_20240831 01,4966.541908938303
1_20240831 02,4556.370575924593
1_20240831 03,3935.581808482944
1_20240831 04,4044.49832848597
1_20240831 05,4041.697519151777
1_20240831 06,3973.3293836026187
1_20240831 07,4301.758490106428
1_20240831 08,5124.926955163684
1_20240831 09,5632.540900371554
1_20240831 10,5741.703592936069
1_20240831 11,5878.774356083526
1_20240831 12,6194.134053667111
1_20240831 13,6648.833996269019
1_20240831 14,6643.1153241961565
1_20240831 15,6488.4299881796305
1_20240831 16,6514.054903683615
1_20240831 17,6620.809894365782
1_20240831 18,6713.440156555289
1_20240831 19,6455.437944455165
1_20240831 20,5505.948594885949
1_20240831 21,4204.966361677647
1_20240831 22,4512.797010614144
1_20240831 23,4465.808623696828
2_20240825 00,1075.8477089301355
2_20240825 01,1049.7824234589143
2_20240825 02,1044.6426451364205
2_20240825 03,1051.6914463660323
2_20240825 04,1057.2391142275148
2_20240825 05,1132.0555839975068
2_20240825 06,1219.7392190842813
2_20240825 07,1329.8575790827465
2_20240825 08,1454.4357340447789
2_20240825 09,1590.1026986192346
2_20240825 10,1742.0546270815441
2_20240825 11,1742.6541141815928
2_20240825 12,1598.6936253900599
2_20240825 13,1579.914028906413
2_20240825 14,1624.2151116477016
2_20240825 15,1666.9998260195916
2_20240825 16,1714.8773657873026
2_20240825 17,1832.2913034947394
2_20240825 18,2335.4234623287916
2_20240825 19,1577.71843865389
2_20240825 20,1893.716098401403
2_20240825 21,2846.138771558061
2_20240825 22,1861.9348916561135
2_20240825 23,1969.3331672479962
2_20240826 00,1637.853973829441
2_20240826 01,1306.8221938450652
2_20240826 02,1260.04378164829
2_20240826 03,1263.024433513723
2_20240826 04,1256.4777755158293
2_20240826 05,1361.7379401967282
2_20240826 06,1526.6599028474193
2_20240826 07,1787.392321863708
2_20240826 08,1870.235037711367
2_20240826 09,1988.0660461441223
2_20240826 10,2187.399865880498
2_20240826 11,2174.7961289195387
2_20240826 12,1892.1921241512212
2_20240826 13,1910.2274159703368
2_20240826 14,1992.089227205613
2_20240826 15,1983.3771433312618
2_20240826 16,2030.3515346058439
2_20240826 17,2104.5267512844725
2_20240826 18,2645.009003722569
2_20240826 19,1870.3547678635382
2_20240826 20,1925.9086471218748
2_20240826 21,2843.9703895785883
2_20240826 22,1855.346261495808
2_20240826 23,1891.8010821237895
2_20240827 00,1677.6045955306922
2_20240827 01,1324.4719192095947
2_20240827 02,1264.8949995351923
2_20240827 03,1263.8312205854681
2_20240827 04,1247.0322190043803
2_20240827 05,1335.0040886486163
2_20240827 06,1532.7288177133673
2_20240827 07,1734.7486101370987
2_20240827 08,1840.2329988395907
2_20240827 09,1971.3942440040994
2_20240827 10,2127.558196028483
2_20240827 11,2082.865246573945
2_20240827 12,1906.4194945449199
2_20240827 13,1928.499449659606
2_20240827 14,1967.4304429408644
2_20240827 15,1961.1381029623133
2_20240827 16,2009.1706820608983
2_20240827 17,2091.6464053264044
2_20240827 18,2656.8538742759483
2_20240827 19,1841.5520627545357
2_20240827 20,2049.3598749928124
2_20240827 21,2891.9602730099245
2_20240827 22,1660.0125387055498
2_20240827 23,1992.9892270384698
2_20240828 00,1489.7564705212023
2_20240828 01,1252.18664939553
2_20240828 02,1195.7529000579484
2_20240828 03,1224.389758120994
2_20240828 04,1235.8790585826432
2_20240828 05,1294.5744051501792
2_20240828 06,1468.094264712964
2_20240828 07,1718.1768166734673
2_20240828 08,1823.8749332384043
2_20240828 09,1920.3849188505762
2_20240828 10,2163.6804741409933
2_20240828 11,2155.503966121908
2_20240828 12,1891.8283919886494
2_20240828 13,1873.355621904821
2_20240828 14,1928.6877304477175
2_20240828 15,1957.6474980221765
2_20240828 16,2044.0718008449385
2_20240828 17,2102.4769619315402
2_20240828 18,2639.972685178962
2_20240828 19,1824.4643833364526
2_20240828 20,1873.5037340972813
2_20240828 21,2807.972699774551
2_20240828 22,1715.0533661472916
2_20240828 23,1908.272678564096
2_20240829 00,1585.3921646129475
2_20240829 01,1350.1674310045792
2_20240829 02,1226.8443012642033
2_20240829 03,1222.9591262343595
2_20240829 04,1219.5524469918068
2_20240829 05,1286.723484616767
2_20240829 06,1439.4971132010814
2_20240829 07,1623.2831815283544
2_20240829 08,1749.0370105292354
2_20240829 09,1879.3600897405572
2_20240829 10,2015.4508985849616
2_20240829 11,1990.7835640324654
2_20240829 12,1823.4995623488621
2_20240829 13,1840.1875366772395
2_20240829 14,1900.7747518137708
2_20240829 15,1944.3325958745133
2_20240829 16,1996.369640697235
2_20240829 17,2056.632165179615
2_20240829 18,2621.789337676133
2_20240829 19,1819.2520885403203
2_20240829 20,1878.3883301101691
2_20240829 21,2900.188691466852
2_20240829 22,1807.326614905387
2_20240829 23,1887.5428701124226
2_20240830 00,1594.362293693002
2_20240830 01,1238.905785257417
2_20240830 02,1212.2507156772472
2_20240830 03,1217.6435299900463
2_20240830 04,1205.438170227932
2_20240830 05,1273.5979991136476
2_20240830 06,1436.5882377790226
2_20240830 07,1677.3486507341845
2_20240830 08,1776.5287160592068
2_20240830 09,1871.5459033475918
2_20240830 10,2040.7769658191717
2_20240830 11,1932.5703755950829
2_20240830 12,1795.3612378948606
2_20240830 13,1842.6901560487256
2_20240830 14,1903.2327029285566
2_20240830 15,1915.7052519611111
2_20240830 16,1984.9088446598541
2_20240830 17,1980.3259040158564
2_20240830 18,2322.189459716923
2_20240830 19,1767.1289395733877
2_20240830 20,1823.5015020928408
2_20240830 21,2478.815756660991
2_20240830 22,1504.6937904009387
2_20240830 23,1870.5080335332466
2_20240831 00,1456.582344457391
2_20240831 01,1286.5933387221855
2_20240831 02,1213.355415065866
2_20240831 03,1204.9722096962232
2_20240831 04,1174.1949071598679
2_20240831 05,1194.1257234543834
2_20240831 06,1186.4506280810378
2_20240831 07,1182.102045062199
2_20240831 08,1175.5515746444346
2_20240831 09,1203.2585243149178
2_20240831 10,1283.1494819499337
2_20240831 11,1312.1403301235005
2_20240831 12,1307.3312195726382
2_20240831 13,1310.9444296278957
2_20240831 14,1332.3760177190245
2_20240831 15,1362.7292988645759
2_20240831 16,1361.935389371659
2_20240831 17,1246.9511640833364
2_20240831 18,1288.1998502171207
2_20240831 19,1243.3138157291842
2_20240831 20,1202.8493188657599
2_20240831 21,1159.1754795429888
2_20240831 22,1099.2691654736616
2_20240831 23,1053.040422170951
3_20240825 00,13656.356544684806
3_20240825 01,13567.85909031918
3_20240825 02,13429.490083647412
3_20240825 03,13236.925418299867
3_20240825 04,13342.794981334277
3_20240825 05,13446.096085004301
3_20240825 06,14364.663565382627
3_20240825 07,14989.863296366553
3_20240825 08,15429.620160591703
3_20240825 09,16028.268221639617
3_20240825 10,16598.632949237803
3_20240825 11,17110.5642833808
3_20240825 12,17200.600620587757
3_20240825 13,17583.190580545695
3_20240825 14,17567.04460919027
3_20240825 15,17678.014735175428
3_20240825 16,17421.486709995475
3_20240825 17,16540.714769584636
3_20240825 18,15794.594266058793
3_20240825 19,15315.5962043269
3_20240825 20,15009.206725584685
3_20240825 21,14419.300666042687
3_20240825 22,14296.608419834294
3_20240825 23,14074.156430956247
3_20240826 00,13841.043770174221
3_20240826 01,13615.149306233574
3_20240826 02,13565.244940358389
3_20240826 03,13595.356580404788
3_20240826 04,13771.231270574408
3_20240826 05,14996.041535235267
3_20240826 06,17986.15804330504
3_20240826 07,20934.402273075582
3_20240826 08,23473.62822125639
3_20240826 09,24271.40444742441
3_20240826 10,24487.255190353804
3_20240826 11,24748.426911424398
3_20240826 12,24758.78562882204
3_20240826 13,24681.53014244733
3_20240826 14,24722.36170484114
3_20240826 15,24729.073152453726
3_20240826 16,24276.132282495106
3_20240826 17,23190.06001064521
3_20240826 18,20682.64961928859
3_20240826 19,18718.965002593686
3_20240826 20,17935.563477246338
3_20240826 21,16899.832787258194
3_20240826 22,15757.105873000493
3_20240826 23,15109.360265158897
3_20240827 00,14752.894033170694
3_20240827 01,14674.718251113118
3_20240827 02,14659.701977915069
3_20240827 03,14366.730415809789
3_20240827 04,14580.956822365995
3_20240827 05,15430.475113412653
3_20240827 06,16878.677555187867
3_20240827 07,20708.151260599465
3_20240827 08,22666.544127222518
3_20240827 09,23694.36806017482
3_20240827 10,23570.43114124747
3_20240827 11,23697.52700908192
3_20240827 12,23693.684546583703
3_20240827 13,23695.288152658453
3_20240827 14,23872.758017456108
3_20240827 15,23938.240698202226
3_20240827 16,23570.656315079166
3_20240827 17,22652.98267237374
3_20240827 18,20265.716039809595
3_20240827 19,18835.239386746693
3_20240827 20,17858.53123060322
3_20240827 21,15656.388233020985
3_20240827 22,14709.584989967945
3_20240827 23,14177.097462629878
3_20240828 00,13610.19144988569
3_20240828 01,13603.789407466738
3_20240828 02,13520.608146559725
3_20240828 03,13313.907793219829
3_20240828 04,13316.978747302299
3_20240828 05,13879.879650593062
3_20240828 06,15864.10660756535
3_20240828 07,20435.948463647197
3_20240828 08,22937.6928377028
3_20240828 09,23820.70775872754
3_20240828 10,24232.48031094894
3_20240828 11,24237.73218677252
3_20240828 12,24378.319664659728
3_20240828 13,24515.669729308218
3_20240828 14,24592.365878509474
3_20240828 15,24371.995126190825
3_20240828 16,23977.38942238291
3_20240828 17,23073.59343764618
3_20240828 18,20619.179201996725
3_20240828 19,19003.48298312106
3_20240828 20,17929.648678178502
3_20240828 21,16739.066538753268
3_20240828 22,15538.88351296337
3_20240828 23,15035.305010485508
3_20240829 00,14162.595513263152
3_20240829 01,13770.324700058121
3_20240829 02,13416.068661925707
3_20240829 03,13377.124143301258
3_20240829 04,13422.154729855676
3_20240829 05,14139.643635526741
3_20240829 06,16070.964290915903
3_20240829 07,20340.16109868271
3_20240829 08,22545.815090608376
3_20240829 09,23448.439266099587
3_20240829 10,23884.07634705118
3_20240829 11,24116.887867525336
3_20240829 12,24243.368655799197
3_20240829 13,24262.712822162564
3_20240829 14,24247.894063413798
3_20240829 15,24186.545837123405
3_20240829 16,23699.990959717965
3_20240829 17,22507.07648556995
3_20240829 18,20253.04179642365
3_20240829 19,18137.103432722342
3_20240829 20,17560.923596709556
3_20240829 21,15835.11085376185
3_20240829 22,15354.03798489798
3_20240829 23,14607.96637579882
3_20240830 00,14128.431838921239
3_20240830 01,13775.636372801293
3_20240830 02,13822.768964047438
3_20240830 03,13569.253601504002
3_20240830 04,13659.324312325572
3_20240830 05,13987.227676640561
3_20240830 06,15924.814062840036
3_20240830 07,20298.098967084923
3_20240830 08,22355.292292941827
3_20240830 09,23357.313628596792
3_20240830 10,23812.509111769454
3_20240830 11,23948.736678894573
3_20240830 12,23968.10442881037
3_20240830 13,24073.873939179823
3_20240830 14,23989.64600442413
3_20240830 15,23912.683968525354
3_20240830 16,23504.00050358496
3_20240830 17,22480.43548658566
3_20240830 18,19653.587807139695
3_20240830 19,18347.948846807943
3_20240830 20,17666.477482149483
3_20240830 21,16229.073086936096
3_20240830 22,14958.54270598769
3_20240830 23,14580.903275890927
3_20240831 00,13802.274910334056
3_20240831 01,13363.042670280722
3_20240831 02,13071.129603837759
3_20240831 03,12948.72230478923
3_20240831 04,13174.174979264635
3_20240831 05,13332.542899281107
3_20240831 06,14917.574385521042
3_20240831 07,16374.177226687792
3_20240831 08,17305.31891161656
3_20240831 09,18773.01493555411
3_20240831 10,19271.058526321154
3_20240831 11,19470.270635665853
3_20240831 12,19446.453043284768
3_20240831 13,19166.474603644394
3_20240831 14,19039.348128230893
3_20240831 15,18456.444651807527
3_20240831 16,17893.417183568577
3_20240831 17,17310.21756184379
3_20240831 18,15960.919388449565
3_20240831 19,15083.223937496026
3_20240831 20,14491.752119932353
3_20240831 21,14077.42381855593
3_20240831 22,13776.02489821604
3_20240831 23,13497.507625307268
4_20240825 00,645.0602678556925
4_20240825 01,609.3510025101997
4_20240825 02,604.1542921517294
4_20240825 03,610.892662015923
4_20240825 04,631.7923891062261
4_20240825 05,774.095064821497
4_20240825 06,854.2091670496523
4_20240825 07,900.3403842357554
4_20240825 08,946.8293660217098
4_20240825 09,1032.4793612126143
4_20240825 10,1092.1308707703201
4_20240825 11,1119.2153125754492
4_20240825 12,1139.1840747138576
4_20240825 13,1179.2525039575003
4_20240825 14,1159.1953934226078
4_20240825 15,1132.7999792131423
4_20240825 16,1124.3203883675992
4_20240825 17,1114.8077270794306
4_20240825 18,1105.5613576706396
4_20240825 19,1089.5855696364456
4_20240825 20,1055.308895345319
4_20240825 21,990.2709797753878
4_20240825 22,767.7801573415153
4_20240825 23,665.5734684777947
4_20240826 00,623.7137993716005
4_20240826 01,614.4423810265273
4_20240826 02,590.1091961811113
4_20240826 03,592.7804442981658
4_20240826 04,615.1874648266426
4_20240826 05,744.6172021932814
4_20240826 06,822.2843606643695
4_20240826 07,895.3584976224015
4_20240826 08,983.7145313830879
4_20240826 09,1066.3741511536107
4_20240826 10,1135.040722291885
4_20240826 11,1117.3018993495948
4_20240826 12,1102.282664286999
4_20240826 13,1100.2643030613815
4_20240826 14,1091.6610508335875
4_20240826 15,1063.8867033224283
4_20240826 16,1050.1112169908295
4_20240826 17,1043.0752252866332
4_20240826 18,1013.273067957874
4_20240826 19,962.0546463526128
4_20240826 20,921.0719706415861
4_20240826 21,906.0681000575605
4_20240826 22,743.847766635715
4_20240826 23,622.9783037097359
4_20240827 00,602.6330748275665
4_20240827 01,595.5813197653714
4_20240827 02,584.8882408817125
4_20240827 03,590.7532290910481
4_20240827 04,617.0004561726681
4_20240827 05,734.6738152062476
4_20240827 06,778.0716871534036
4_20240827 07,855.8410339003286
4_20240827 08,866.5843366554611
4_20240827 09,950.1153745838685
4_20240827 10,1000.7002887242099
4_20240827 11,994.5108464713229
4_20240827 12,1020.2090131382151
4_20240827 13,1021.6356660575093
4_20240827 14,1053.8985666847796
4_20240827 15,1066.62636674328
4_20240827 16,1077.789152348049
4_20240827 17,1074.0857882011594
4_20240827 18,1050.5411641184103
4_20240827 19,1023.7986263302735
4_20240827 20,934.5012270308247
4_20240827 21,873.1370567968456
4_20240827 22,706.7715361520748
4_20240827 23,620.5501591409059
4_20240828 00,594.6961965412195
4_20240828 01,569.9271208509144
4_20240828 02,557.1064573283946
4_20240828 03,560.3331344635612
4_20240828 04,582.063942088207
4_20240828 05,683.561788304658
4_20240828 06,762.3577064098512
4_20240828 07,855.4027970465893
4_20240828 08,900.448212463872
4_20240828 09,986.3722795703079
4_20240828 10,1107.5811778483476
4_20240828 11,1113.6494656069035
4_20240828 12,1154.8779474065716
4_20240828 13,1157.5475600837306
4_20240828 14,1182.5231244844772
4_20240828 15,1159.0379098798562
4_20240828 16,1159.2118041359674
4_20240828 17,1167.0705106811417
4_20240828 18,1123.0183586120706
4_20240828 19,1125.1450357411572
4_20240828 20,1097.0893217088005
4_20240828 21,992.6081005291499
4_20240828 22,727.3859798281437
4_20240828 23,651.0110211661373
4_20240829 00,615.9250966073519
4_20240829 01,589.2962716476502
4_20240829 02,579.0423106365148
4_20240829 03,597.0173610332932
4_20240829 04,620.0105023088717
4_20240829 05,703.6988104304523
4_20240829 06,764.2983876835635
4_20240829 07,844.1284417749398
4_20240829 08,893.2318787157844
4_20240829 09,990.4047565120597
4_20240829 10,1088.7606695563231
4_20240829 11,1114.3907533931158
4_20240829 12,1107.851259262808
4_20240829 13,1144.2819826297145
4_20240829 14,1144.2281983525245
4_20240829 15,1111.9154041055003
4_20240829 16,1108.835984409829
4_20240829 17,1134.513313458258
4_20240829 18,1111.0027846327466
4_20240829 19,1106.5910394026027
4_20240829 20,1068.442998646164
4_20240829 21,974.0756466099739
4_20240829 22,773.3224666991268
4_20240829 23,631.0800789892371
4_20240830 00,605.1311039168183
4_20240830 01,570.5480559160508
4_20240830 02,568.6078894976077
4_20240830 03,566.6338435373975
4_20240830 04,599.6686297126076
4_20240830 05,693.978277571442
4_20240830 06,734.2557710117666
4_20240830 07,837.3415908684433
4_20240830 08,905.5002492743356
4_20240830 09,1017.8033505363587
4_20240830 10,1084.59963583658
4_20240830 11,1138.834857146529
4_20240830 12,1174.3279409865686
4_20240830 13,1188.1957001510807
4_20240830 14,1185.8861445346593
4_20240830 15,1179.3659224772043
4_20240830 16,1172.6106158314296
4_20240830 17,1188.2035606494176
4_20240830 18,1163.2785608090599
4_20240830 19,1131.19402782938
4_20240830 20,1073.6956312893392
4_20240830 21,994.1592595861937
4_20240830 22,734.430308131117
4_20240830 23,647.4263022583442
4_20240831 00,608.4829381479944
4_20240831 01,568.7501436672139
4_20240831 02,556.1091041254185
4_20240831 03,559.1650160958856
4_20240831 04,570.9186348008998
4_20240831 05,677.9732380974428
4_20240831 06,736.8763147658075
4_20240831 07,832.9869836461637
4_20240831 08,855.9100165063787
4_20240831 09,965.9003454471545
4_20240831 10,1042.620371176543
4_20240831 11,1104.3328027609773
4_20240831 12,1141.707158878855
4_20240831 13,1165.248206852255
4_20240831 14,1170.0622535473503
4_20240831 15,1157.2581431690635
4_20240831 16,1170.5381295835102
4_20240831 17,1187.3422218272594
4_20240831 18,1162.779141405259
4_20240831 19,1121.4175599565642
4_20240831 20,1076.1020145696918
4_20240831 21,998.0984737546803
4_20240831 22,798.4776674304032
4_20240831 23,669.4784036914793
5_20240825 00,4054.5501171842607
5_20240825 01,3917.1781626562997
5_20240825 02,3847.0078386280775
5_20240825 03,3750.9934937136827
5_20240825 04,3706.826829778026
5_20240825 05,3692.589559938757
5_20240825 06,3677.0805575124064
5_20240825 07,3803.378891846211
5_20240825 08,4007.3942053776855
5_20240825 09,4246.9100962186885
5_20240825 10,4371.296466295496
5_20240825 11,4440.837376914256
5_20240825 12,4607.744177853553
5_20240825 13,4679.6691108351215
5_20240825 14,4700.194579540672
5_20240825 15,4731.197019387852
5_20240825 16,4689.78728815685
5_20240825 17,4676.665122767316
5_20240825 18,4566.606903565347
5_20240825 19,4463.933712400814
5_20240825 20,4374.161422179459
5_20240825 21,4356.419437939931
5_20240825 22,4231.853577070016
5_20240825 23,4152.07987951877
5_20240826 00,4091.1894510502816
5_20240826 01,3950.005015748795
5_20240826 02,3873.9369393910997
5_20240826 03,3816.1405296133926
5_20240826 04,3745.1373138231447
5_20240826 05,3750.7770870084596
5_20240826 06,3783.9069064482183
5_20240826 07,4190.982740376732
5_20240826 08,4696.535235680394
5_20240826 09,5249.297812914223
5_20240826 10,5984.322924637869
5_20240826 11,6251.521361272438
5_20240826 12,6328.969648985718
5_20240826 13,6567.98039202814
5_20240826 14,6591.634996325546
5_20240826 15,6580.133189142763
5_20240826 16,6308.808817603871
5_20240826 17,5829.514331020697
5_20240826 18,5378.955172452745
5_20240826 19,5102.267619929331
5_20240826 20,4967.050842349217
5_20240826 21,4684.490903546231
5_20240826 22,4471.642784840762
5_20240826 23,4284.381753338705
5_20240827 00,4112.468685166082
5_20240827 01,3994.108745549818
5_20240827 02,3914.285830717358
5_20240827 03,3852.6166090338156
5_20240827 04,3782.342942351714
5_20240827 05,3726.0207595849656
5_20240827 06,3743.2261213675183
5_20240827 07,4058.0121310103395
5_20240827 08,4500.048586354493
5_20240827 09,5096.6724749518435
5_20240827 10,5726.98322699483
5_20240827 11,5849.071751136336
5_20240827 12,5902.897704265963
5_20240827 13,6025.297372099563
5_20240827 14,6263.756302849391
5_20240827 15,6305.370541386337
5_20240827 16,6221.443544990058
5_20240827 17,5825.406483450889
5_20240827 18,5431.289240158065
5_20240827 19,5131.401310972673
5_20240827 20,4857.9717963059675
5_20240827 21,4557.328294638355
5_20240827 22,4346.602479844049
5_20240827 23,4160.877393484757
5_20240828 00,4033.084817388574
5_20240828 01,3948.2093439297532
5_20240828 02,3865.2344176167117
5_20240828 03,3771.033901263103
5_20240828 04,3696.3984981380445
5_20240828 05,3678.979706016311
5_20240828 06,3653.1977000430934
5_20240828 07,3982.7807254796426
5_20240828 08,4544.605979621637
5_20240828 09,5196.776275502378
5_20240828 10,5894.366203468709
5_20240828 11,6140.822144938619
5_20240828 12,6319.624290951355
5_20240828 13,6515.381582633154
5_20240828 14,6662.601614893354
5_20240828 15,6634.254038148006
5_20240828 16,6416.765302125166
5_20240828 17,5943.942431471431
5_20240828 18,5491.768317160664
5_20240828 19,5213.217597471216
5_20240828 20,5031.0982901505395
5_20240828 21,4724.922169225588
5_20240828 22,4453.41934195859
5_20240828 23,4209.29255323298
5_20240829 00,4074.72984222577
5_20240829 01,3955.202061378919
5_20240829 02,3855.6847027492877
5_20240829 03,3758.4845672407264
5_20240829 04,3712.9116571746617
5_20240829 05,3642.592744670931
5_20240829 06,3659.7538615930903
5_20240829 07,3951.4538263603977
5_20240829 08,4507.098585036314
5_20240829 09,5124.237596858068
5_20240829 10,5689.429339471133
5_20240829 11,6061.704486658276
5_20240829 12,6206.156368817046
5_20240829 13,6441.153086391733
5_20240829 14,6495.73307817403
5_20240829 15,6502.549388151219
5_20240829 16,6344.677693652444
5_20240829 17,5834.169726540784
5_20240829 18,5387.78123568034
5_20240829 19,5103.951203760836
5_20240829 20,4896.263304911443
5_20240829 21,4547.506863231948
5_20240829 22,4323.294427664698
5_20240829 23,4114.626828843101
5_20240830 00,3982.9096625595475
5_20240830 01,3872.2806603130066
5_20240830 02,3763.3173071733636
5_20240830 03,3678.6589551290404
5_20240830 04,3632.9151390715024
5_20240830 05,3572.4745636898897
5_20240830 06,3591.0942445849687
5_20240830 07,3882.6595223101763
5_20240830 08,4410.8365034243725
5_20240830 09,5048.594037427661
5_20240830 10,5704.1157217866585
5_20240830 11,6045.73077050329
5_20240830 12,6087.586343661036
5_20240830 13,6262.844561822468
5_20240830 14,6412.3924111228625
5_20240830 15,6371.674617681614
5_20240830 16,6131.838597118593
5_20240830 17,5636.884375994659
5_20240830 18,5248.073524299162
5_20240830 19,4931.245942785751
5_20240830 20,4739.4881516914875
5_20240830 21,4447.904091790314
5_20240830 22,4185.0842544033585
5_20240830 23,4030.9825750363825
5_20240831 00,3907.153624868556
5_20240831 01,3752.9663143180605
5_20240831 02,3658.7705146290336
5_20240831 03,3586.1202668990572
5_20240831 04,3559.156364918864
5_20240831 05,3482.8048125372447
5_20240831 06,3429.6259216799735
5_20240831 07,3542.954598339743
5_20240831 08,3782.704993092233
5_20240831 09,3985.2598676156604
5_20240831 10,4279.497598414499
5_20240831 11,4380.975337075999
5_20240831 12,4578.498421912049
5_20240831 13,4577.968724197757
5_20240831 14,4585.5598883388275
5_20240831 15,4631.296422985922
5_20240831 16,4573.887233286995
5_20240831 17,4562.97150526479
5_20240831 18,4456.594987063196
5_20240831 19,4374.707485468887
5_20240831 20,4271.017461008301
5_20240831 21,4192.5511508458385
5_20240831 22,4079.4742749485044
5_20240831 23,3976.687437859092
6_20240825 00,1646.579186203636
6_20240825 01,1519.4520676049556
6_20240825 02,1551.6578342525786
6_20240825 03,1506.0620635243943
6_20240825 04,1587.1788752628356
6_20240825 05,1682.2970613848988
6_20240825 06,1906.7378242943619
6_20240825 07,2311.661229589326
6_20240825 08,2725.6533329599292
6_20240825 09,3023.68337860508
6_20240825 10,3081.811269530156
6_20240825 11,2935.789322268205
6_20240825 12,3027.5254337862307
6_20240825 13,2952.77761236726
6_20240825 14,3065.911955874514
6_20240825 15,3019.5194338271167
6_20240825 16,3194.00595802929
6_20240825 17,3096.126898409444
6_20240825 18,3012.7541025984997
6_20240825 19,2774.957300203886
6_20240825 20,2631.896040070109
6_20240825 21,2235.260037946885
6_20240825 22,1786.9544842512946
6_20240825 23,1640.793648768297
6_20240826 00,1763.6094568862086
6_20240826 01,1706.7693315922952
6_20240826 02,1753.7479127025833
6_20240826 03,2160.139948722875
6_20240826 04,2993.176798585429
6_20240826 05,3281.678770790119
6_20240826 06,3569.5465716272683
6_20240826 07,3839.373782814351
6_20240826 08,4756.004746062054
6_20240826 09,5122.675694921616
6_20240826 10,5356.9011937240275
6_20240826 11,5475.521272224467
6_20240826 12,5468.617937945096
6_20240826 13,5625.050229411332
6_20240826 14,5524.90340450617
6_20240826 15,5616.099752204569
6_20240826 16,5557.03762268344
6_20240826 17,5206.541932961968
6_20240826 18,4662.602179412293
6_20240826 19,3883.9909930917092
6_20240826 20,3488.5168334706436
6_20240826 21,3113.086004587677
6_20240826 22,2404.650081051147
6_20240826 23,2005.203675928384
6_20240827 00,2053.35203672475
6_20240827 01,1986.946349259741
6_20240827 02,2142.170451531727
6_20240827 03,1990.3572489475146
6_20240827 04,2921.4473038947585
6_20240827 05,3243.602177411982
6_20240827 06,3464.7575277109036
6_20240827 07,3607.8454191856445
6_20240827 08,4430.53432791366
6_20240827 09,4897.8667247956155
6_20240827 10,4971.2644706610445
6_20240827 11,5011.912561657318
6_20240827 12,4987.769470784478
6_20240827 13,5033.426330416876
6_20240827 14,5129.605931306906
6_20240827 15,5154.622223569518
6_20240827 16,5210.4959356151885
6_20240827 17,5000.230579036629
6_20240827 18,4523.539572711676
6_20240827 19,3897.3061177456866
6_20240827 20,3424.9877993763453
6_20240827 21,2906.2802775693817
6_20240827 22,2303.684507972565
6_20240827 23,1874.826557519084
6_20240828 00,1890.8873441308347
6_20240828 01,1756.7437035846897
6_20240828 02,1690.5808507947677
6_20240828 03,1546.943003173723
6_20240828 04,2888.1915176692846
6_20240828 05,2963.7069019113906
6_20240828 06,3218.2188913345562
6_20240828 07,3432.0270021605047
6_20240828 08,4496.903920665462
6_20240828 09,4966.811665084011
6_20240828 10,5242.188981633997
6_20240828 11,5290.924997762742
6_20240828 12,5319.783985873394
6_20240828 13,5516.554758071168
6_20240828 14,5587.691649743858
6_20240828 15,5541.648374409346
6_20240828 16,5494.476200165362
6_20240828 17,5243.8194161786305
6_20240828 18,4712.172880845712
6_20240828 19,3991.044254635978
6_20240828 20,3459.464170076989
6_20240828 21,2990.645751791878
6_20240828 22,2287.647611926026
6_20240828 23,1952.424566903188
6_20240829 00,1702.8559654406718
6_20240829 01,1539.6019061417596
6_20240829 02,1610.2366983407342
6_20240829 03,1509.7088627776977
6_20240829 04,3011.2713215154768
6_20240829 05,2991.060960662131
6_20240829 06,3210.122169832046
6_20240829 07,3424.3061506893937
6_20240829 08,4454.790780247464
6_20240829 09,4923.955140924743
6_20240829 10,5186.692705875252
6_20240829 11,5261.821869056887
6_20240829 12,5451.2829931169945
6_20240829 13,5638.009299743326
6_20240829 14,5671.971963007942
6_20240829 15,5640.207714932644
6_20240829 16,5613.158075068628
6_20240829 17,5276.847698825302
6_20240829 18,4740.472155976855
6_20240829 19,3951.8912908628663
6_20240829 20,3463.842124361545
6_20240829 21,2911.126900240533
6_20240829 22,2362.677241920854
6_20240829 23,1864.4523768889426
6_20240830 00,1660.0614303967775
6_20240830 01,1474.9124877964018
6_20240830 02,1547.577340989606
6_20240830 03,1452.1353814887298
6_20240830 04,2875.7960906874678
6_20240830 05,3019.1300834275257
6_20240830 06,3273.063122241586
6_20240830 07,3441.4690988568277
6_20240830 08,4420.3540667728175
6_20240830 09,4888.431695091055
6_20240830 10,5203.136815176905
6_20240830 11,5249.850240044136
6_20240830 12,5297.564478324031
6_20240830 13,5476.673252432388
6_20240830 14,5511.4325035728625
6_20240830 15,5434.3600369680535
6_20240830 16,5380.614421435302
6_20240830 17,5070.36781823343
6_20240830 18,4498.188941850989
6_20240830 19,3766.5835110577136
6_20240830 20,3271.7064860895716
6_20240830 21,2677.2359655905066
6_20240830 22,2051.8170073368037
6_20240830 23,1571.6355230799259
6_20240831 00,1483.7720440836913
6_20240831 01,1389.4583495607703
6_20240831 02,1429.6973026804383
6_20240831 03,1395.129068442132
6_20240831 04,1476.873378117219
6_20240831 05,1490.027284708634
6_20240831 06,1845.039242416977
6_20240831 07,1977.6396763378907
6_20240831 08,2565.092085563894
6_20240831 09,2860.147097211493
6_20240831 10,2890.7888352713458
6_20240831 11,2791.2437479917826
6_20240831 12,2949.7031973213925
6_20240831 13,2855.3169782113573
6_20240831 14,2888.822212238745
6_20240831 15,2897.1300782317685
6_20240831 16,2970.7599898262974
6_20240831 17,2878.357829702615
6_20240831 18,2862.64402354293
6_20240831 19,2578.71309930178
6_20240831 20,2536.572315460672
6_20240831 21,2314.2990733936626
6_20240831 22,1805.9906393413034
6_20240831 23,1527.8795127405506
7_20240825 00,4929.686906156417
7_20240825 01,4894.56266544903
7_20240825 02,4910.409147858255
7_20240825 03,5029.7182286264015
7_20240825 04,4947.2722448433115
7_20240825 05,4947.541768214885
7_20240825 06,4902.737804509389
7_20240825 07,4842.318135710225
7_20240825 08,4757.396038204352
7_20240825 09,4854.208273464317
7_20240825 10,4812.688632163377
7_20240825 11,4871.785540687699
7_20240825 12,4900.953018993525
7_20240825 13,4949.3016518756585
7_20240825 14,4963.989726249394
7_20240825 15,4958.090509113234
7_20240825 16,5065.525769364029
7_20240825 17,5107.638232979661
7_20240825 18,5092.129314856551
7_20240825 19,4987.480977682326
7_20240825 20,4972.920267626636
7_20240825 21,4824.105175227503
7_20240825 22,4952.4408862911805
7_20240825 23,4809.816810044261
7_20240826 00,5153.130409942287
7_20240826 01,5372.929006953146
7_20240826 02,5376.4075807136
7_20240826 03,5368.216400042541
7_20240826 04,5391.526636074242
7_20240826 05,5397.751141470323
7_20240826 06,5380.693372312976
7_20240826 07,5312.97828756101
7_20240826 08,5166.040888710519
7_20240826 09,5226.727559172068
7_20240826 10,5279.123218154589
7_20240826 11,5331.0145399382345
7_20240826 12,5318.2364567844
7_20240826 13,5313.824420398135
7_20240826 14,5284.431721858893
7_20240826 15,5229.209379985108
7_20240826 16,5201.216622565975
7_20240826 17,5272.288683963423
7_20240826 18,5236.020453501556
7_20240826 19,5073.330467473854
7_20240826 20,4991.05655942379
7_20240826 21,4980.108234706786
7_20240826 22,4994.646247446306
7_20240826 23,5017.5871500824815
7_20240827 00,5307.492746500104
7_20240827 01,5432.768519356667
7_20240827 02,5435.693833304858
7_20240827 03,5430.906661553617
7_20240827 04,5508.673302194051
7_20240827 05,5490.13804148076
7_20240827 06,5489.030090954506
7_20240827 07,5446.668902475159
7_20240827 08,5237.320747773227
7_20240827 09,5265.385391156445
7_20240827 10,5219.216951010923
7_20240827 11,5284.175703488302
7_20240827 12,5211.392220821595
7_20240827 13,5151.176663217732
7_20240827 14,5191.428778781091
7_20240827 15,5194.020672192194
7_20240827 16,5211.1766311946485
7_20240827 17,5255.902926124326
7_20240827 18,5248.8917867541995
7_20240827 19,5153.158428782952
7_20240827 20,5063.9217685758085
7_20240827 21,5000.638664775195
7_20240827 22,5055.453275315783
7_20240827 23,5014.971940325317
7_20240828 00,5227.284566296308
7_20240828 01,5348.303212734196
7_20240828 02,5329.6930276578005
7_20240828 03,5338.469332815391
7_20240828 04,5358.5395998355125
7_20240828 05,5345.4936239696435
7_20240828 06,5327.879076516154
7_20240828 07,5311.74832262347
7_20240828 08,5153.841697783813
7_20240828 09,5182.0169755590505
7_20240828 10,5243.719377815945
7_20240828 11,5302.5649902530895
7_20240828 12,5258.820962932208
7_20240828 13,5249.050045308265
7_20240828 14,5258.035003714434
7_20240828 15,5255.991486628895
7_20240828 16,5224.504952177906
7_20240828 17,5286.652174160967
7_20240828 18,5252.08622738816
7_20240828 19,5243.0119848623435
7_20240828 20,5213.6400243299195
7_20240828 21,5167.5785160020005
7_20240828 22,5130.218986622613
7_20240828 23,5090.652956955152
7_20240829 00,5261.462574249146
7_20240829 01,5365.3109889108055
7_20240829 02,5349.548755270932
7_20240829 03,5343.120926952767
7_20240829 04,5368.951459740338
7_20240829 05,5364.620784823101
7_20240829 06,5361.111869282931
7_20240829 07,5345.450129001085
7_20240829 08,5175.969049134941
7_20240829 09,5229.892039268338
7_20240829 10,5235.058567077026
7_20240829 11,5326.635922908561
7_20240829 12,5277.632235770615
7_20240829 13,5286.306705309418
7_20240829 14,5294.30176529534
7_20240829 15,5252.745201113844
7_20240829 16,5230.124677646674
7_20240829 17,5289.216256189154
7_20240829 18,5284.064892330139
7_20240829 19,5211.222306830132
7_20240829 20,5201.653713371146
7_20240829 21,5087.495079963317
7_20240829 22,5138.147822285218
7_20240829 23,5014.464696644866
7_20240830 00,5228.380184124544
7_20240830 01,5329.495976621787
7_20240830 02,5303.425933268745
7_20240830 03,5291.266146878896
7_20240830 04,5320.525603992552
7_20240830 05,5324.377055400446
7_20240830 06,5313.380517794128
7_20240830 07,5322.317574284006
7_20240830 08,5160.0321802026365
7_20240830 09,5207.589144057092
7_20240830 10,5231.62629633346
7_20240830 11,5313.072742174977
7_20240830 12,5234.246603065663
7_20240830 13,5248.933699271906
7_20240830 14,5218.934632023181
7_20240830 15,5214.104907680998
7_20240830 16,5206.968175594946
7_20240830 17,5258.85384283888
7_20240830 18,5202.863649951772
7_20240830 19,5128.842251874611
7_20240830 20,5110.615338819467
7_20240830 21,4967.680247783785
7_20240830 22,5034.393226722417
7_20240830 23,4965.671676382835
7_20240831 00,5176.9270214880735
7_20240831 01,5318.8258101986285
7_20240831 02,5325.1001660322
7_20240831 03,5322.119462777824
7_20240831 04,5353.296654600805
7_20240831 05,5364.259892777215
7_20240831 06,5333.422959941632
7_20240831 07,5341.587726790631
7_20240831 08,5110.551699581792
7_20240831 09,5138.837916586811
7_20240831 10,5161.352918569813
7_20240831 11,5253.418916313467
7_20240831 12,5248.570084999641
7_20240831 13,5233.441266880934
7_20240831 14,5246.304928851398
7_20240831 15,5222.563003308662
7_20240831 16,5240.532579203368
7_20240831 17,5289.839844435373
7_20240831 18,5258.207913806686
7_20240831 19,5142.020413396518
7_20240831 20,5077.404304836171
7_20240831 21,4990.99530991883
7_20240831 22,4990.709519323206
7_20240831 23,4810.116947039634
8_20240825 00,706.0484830725045
8_20240825 01,596.8416524654679
8_20240825 02,576.28867353016
8_20240825 03,559.8160415233488
8_20240825 04,551.692708365132
8_20240825 05,535.2005821721991
8_20240825 06,520.2464962470603
8_20240825 07,519.0881430307963
8_20240825 08,535.5123785824892
8_20240825 09,624.213031816691
8_20240825 10,634.2676946222642
8_20240825 11,672.7789589524225
8_20240825 12,721.6119936511782
8_20240825 13,757.8016261518069
8_20240825 14,759.3001290338424
8_20240825 15,765.3309573910924
8_20240825 16,779.1462879178071
8_20240825 17,774.7263256966319
8_20240825 18,740.6487633338013
8_20240825 19,742.8433124962614
8_20240825 20,755.1106056111134
8_20240825 21,780.5289315567268
8_20240825 22,730.1675263874835
8_20240825 23,753.5814004278909
8_20240826 00,710.7567726208113
8_20240826 01,593.9819176872495
8_20240826 02,595.8395295167068
8_20240826 03,590.145715267032
8_20240826 04,558.0800478019369
8_20240826 05,549.8710506133561
8_20240826 06,539.3315765369807
8_20240826 07,670.927678275398
8_20240826 08,762.5024586126505
8_20240826 09,1033.3665870973828
8_20240826 10,1275.964886623803
8_20240826 11,1360.822104810884
8_20240826 12,1386.1614295946874
8_20240826 13,1464.5689130476146
8_20240826 14,1465.0271726062695
8_20240826 15,1411.6894859524928
8_20240826 16,1237.6919650750392
8_20240826 17,1064.8404306218158
8_20240826 18,888.4766477348892
8_20240826 19,781.4607262691588
8_20240826 20,735.0888558177508
8_20240826 21,717.6781114299223
8_20240826 22,738.1198374662422
8_20240826 23,711.7085537038511
8_20240827 00,722.3825022097766
8_20240827 01,731.2269258475905
8_20240827 02,717.7858016419899
8_20240827 03,709.3031370259699
8_20240827 04,625.0180778906647
8_20240827 05,564.7503727312372
8_20240827 06,555.9570086347451
8_20240827 07,676.2783878029264
8_20240827 08,744.8657640216999
8_20240827 09,1020.061606945651
8_20240827 10,1185.8286244502983
8_20240827 11,1284.442245021443
8_20240827 12,1314.2551567031703
8_20240827 13,1362.43025394211
8_20240827 14,1350.7977376160288
8_20240827 15,1288.7128345194856
8_20240827 16,1172.9713375211604
8_20240827 17,1056.7042850186838
8_20240827 18,900.3944566087349
8_20240827 19,794.6128979604804
8_20240827 20,744.6541599875718
8_20240827 21,715.4807256162421
8_20240827 22,741.0965958939111
8_20240827 23,713.0918181920192
8_20240828 00,717.3105379610396
8_20240828 01,729.332971404264
8_20240828 02,715.9327244099984
8_20240828 03,711.3122680073839
8_20240828 04,634.5318530363504
8_20240828 05,571.7099483805621
8_20240828 06,555.5858221328067
8_20240828 07,688.0040568216245
8_20240828 08,738.8296464016391
8_20240828 09,1016.7165879579381
8_20240828 10,1209.2913898309475
8_20240828 11,1300.4788950254447
8_20240828 12,1375.3235001265584
8_20240828 13,1428.154361738038
8_20240828 14,1453.9423990958412
8_20240828 15,1391.554427472145
8_20240828 16,1226.0154615531665
8_20240828 17,1059.5252383640695
8_20240828 18,906.6390955209093
8_20240828 19,780.3967011218017
8_20240828 20,735.4331432322049
8_20240828 21,709.6820378300253
8_20240828 22,734.2621822479285
8_20240828 23,704.9086813443838
8_20240829 00,709.7152720764706
8_20240829 01,718.141170089004
8_20240829 02,724.9758279740763
8_20240829 03,707.5891143855811
8_20240829 04,648.7905543623488
8_20240829 05,569.2829561112925
8_20240829 06,559.1018212295864
8_20240829 07,659.4447569028084
8_20240829 08,731.8864449590508
8_20240829 09,982.3069670312507
8_20240829 10,1177.0675853548696
8_20240829 11,1293.270433059883
8_20240829 12,1334.1949938218042
8_20240829 13,1364.5969437600675
8_20240829 14,1366.312055370298
8_20240829 15,1305.2583099406686
8_20240829 16,1124.6268360392442
8_20240829 17,1010.4953643956494
8_20240829 18,843.2389971897821
8_20240829 19,755.6850677644454
8_20240829 20,707.2714188003913
8_20240829 21,697.2209858556074
8_20240829 22,727.4036447547558
8_20240829 23,693.9307681189014
8_20240830 00,698.8460618450083
8_20240830 01,708.9918509918176
8_20240830 02,702.6325720021207
8_20240830 03,678.1530628825501
8_20240830 04,612.8986486068959
8_20240830 05,549.7475962211718
8_20240830 06,537.4692689429639
8_20240830 07,672.2166301210656
8_20240830 08,709.4782629522381
8_20240830 09,973.4512400625999
8_20240830 10,1125.0595359020103
8_20240830 11,1209.6557831762655
8_20240830 12,1256.5080886273042
8_20240830 13,1306.544023958636
8_20240830 14,1312.2778969333713
8_20240830 15,1238.54122969937
8_20240830 16,1079.9576589289754
8_20240830 17,960.5798283011371
8_20240830 18,809.4017461138178
8_20240830 19,723.234676369524
8_20240830 20,686.1493269298765
8_20240830 21,670.1924982843384
8_20240830 22,685.8049270657123
8_20240830 23,667.4765326809207
8_20240831 00,700.211243615317
8_20240831 01,684.6017688951588
8_20240831 02,672.3626414067443
8_20240831 03,638.0931000600748
8_20240831 04,562.0182678784711
8_20240831 05,531.3260521092058
8_20240831 06,521.6029576907308
8_20240831 07,516.1668416543914
8_20240831 08,545.7497778813441
8_20240831 09,789.7548515189362
8_20240831 10,777.2633823555274
8_20240831 11,849.1810497964774
8_20240831 12,787.7068181410659
8_20240831 13,795.4077015663127
8_20240831 14,727.0362857610592
8_20240831 15,711.6679906619113
8_20240831 16,736.5471373386688
8_20240831 17,771.7588497921147
8_20240831 18,693.4859726654855
8_20240831 19,684.1896313128763
8_20240831 20,764.87582651576
8_20240831 21,796.8226684570529
8_20240831 22,675.518637759742
8_20240831 23,686.2661443963618
9_20240825 00,2152.5842474139595
9_20240825 01,1974.0522033037842
9_20240825 02,1908.8408126899958
9_20240825 03,1830.3199474594162
9_20240825 04,1896.7765919490093
9_20240825 05,2007.664412913875
9_20240825 06,2199.8573464374763
9_20240825 07,2708.990713999915
9_20240825 08,3215.436538220372
9_20240825 09,3838.63200874384
9_20240825 10,4179.111615640004
9_20240825 11,4221.553632583889
9_20240825 12,4193.818454828167
9_20240825 13,4356.573457947707
9_20240825 14,4467.402721009621
9_20240825 15,4402.2097773156
9_20240825 16,4327.948304364476
9_20240825 17,3980.125482570464
9_20240825 18,3540.728261178081
9_20240825 19,3123.5345641644253
9_20240825 20,2868.1029945832106
9_20240825 21,2696.246195220504
9_20240825 22,2532.3094132320803
9_20240825 23,2285.7757308259143
9_20240826 00,1973.087254541778
9_20240826 01,1831.2598401366135
9_20240826 02,1770.1473574638408
9_20240826 03,1719.4787410750553
9_20240826 04,1780.5120096386959
9_20240826 05,1918.9376389806012
9_20240826 06,2003.874046473239
9_20240826 07,2504.237508083518
9_20240826 08,2952.33847591844
9_20240826 09,3553.142968447168
9_20240826 10,3864.5235222039737
9_20240826 11,3939.4660490304964
9_20240826 12,3956.1000104180775
9_20240826 13,4070.2970401356088
9_20240826 14,4313.249968665272
9_20240826 15,4263.397748887103
9_20240826 16,3953.0443514258295
9_20240826 17,3672.5399113350004
9_20240826 18,3191.1254671483625
9_20240826 19,2846.9110554554163
9_20240826 20,2645.048885480938
9_20240826 21,2526.5319505982166
9_20240826 22,2419.7839241357206
9_20240826 23,2141.5868647367183
9_20240827 00,1901.6024563761443
9_20240827 01,1768.9235124305346
9_20240827 02,1717.7845051995314
9_20240827 03,1683.6236016307187
9_20240827 04,1722.065178465117
9_20240827 05,1821.519689714853
9_20240827 06,1903.711575013442
9_20240827 07,2353.2955243650467
9_20240827 08,2748.210574432912
9_20240827 09,3345.1027752692053
9_20240827 10,3599.534916523243
9_20240827 11,3628.9272141636
9_20240827 12,3590.3152487077514
9_20240827 13,3709.152427368206
9_20240827 14,3769.253350997266
9_20240827 15,3831.42672615602
9_20240827 16,3655.281053320225
9_20240827 17,3336.010794187576
9_20240827 18,2985.2732144810216
9_20240827 19,2746.482026051462
9_20240827 20,2500.6849817017182
9_20240827 21,2330.572912395624
9_20240827 22,2148.942848596191
9_20240827 23,2015.0130137440658
9_20240828 00,1884.2108284117735
9_20240828 01,1730.8019121566192
9_20240828 02,1677.9513292801757
9_20240828 03,1652.2595102941887
9_20240828 04,1675.3230891243588
9_20240828 05,1800.5083867643148
9_20240828 06,1919.5343232771852
9_20240828 07,2205.402226089209
9_20240828 08,2594.0206868107293
9_20240828 09,3227.8964596520505
9_20240828 10,3718.1367285986225
9_20240828 11,3739.2209705944433
9_20240828 12,3754.714589294162
9_20240828 13,3842.9208183875194
9_20240828 14,4012.189554041821
9_20240828 15,3977.455955179261
9_20240828 16,3847.9742573945746
9_20240828 17,3478.5176349727467
9_20240828 18,3014.9246837101346
9_20240828 19,2610.3449982398847
9_20240828 20,2393.9888449385426
9_20240828 21,2312.3956403120246
9_20240828 22,2127.8367710960674
9_20240828 23,1911.6007138843042
9_20240829 00,1767.089789279269
9_20240829 01,1657.875146747757
9_20240829 02,1603.775020210276
9_20240829 03,1585.4591564406949
9_20240829 04,1623.47258492928
9_20240829 05,1681.594674375889
9_20240829 06,1822.1862765216506
9_20240829 07,2060.947637264062
9_20240829 08,2572.771660150334
9_20240829 09,3325.1672090000225
9_20240829 10,3758.076398254052
9_20240829 11,3895.4765876183124
9_20240829 12,3943.7727045184392
9_20240829 13,4019.6158764325273
9_20240829 14,4032.5160448943534
9_20240829 15,4083.9079745907275
9_20240829 16,3879.1251298596558
9_20240829 17,3573.713871372794
9_20240829 18,3075.572821681206
9_20240829 19,2806.9592865023196
9_20240829 20,2644.418709673524
9_20240829 21,2404.930663297228
9_20240829 22,2201.5445864562294
9_20240829 23,1963.3866046890876
9_20240830 00,1769.7352399868773
9_20240830 01,1684.2361190828074
9_20240830 02,1592.6644011320031
9_20240830 03,1545.8105041255708
9_20240830 04,1658.5539823562367
9_20240830 05,1816.659351900416
9_20240830 06,1851.2919301106904
9_20240830 07,2108.493854704139
9_20240830 08,2737.4077392290983
9_20240830 09,3427.931225797381
9_20240830 10,3751.97435718011
9_20240830 11,3965.053936468879
9_20240830 12,4000.6014331076367
9_20240830 13,4079.1146388019824
9_20240830 14,4199.405460585922
9_20240830 15,4201.900783510039
9_20240830 16,4057.53738957539
9_20240830 17,3738.6858299935993
9_20240830 18,3362.82978775994
9_20240830 19,3014.28723681494
9_20240830 20,2888.898873188767
9_20240830 21,2644.7655446338804
9_20240830 22,2369.8654251915914
9_20240830 23,2143.234237739766
9_20240831 00,1888.9403786775606
9_20240831 01,1781.482199411481
9_20240831 02,1728.2945236899961
9_20240831 03,1688.3405598565282
9_20240831 04,1750.3460130778012
9_20240831 05,1907.755205496351
9_20240831 06,1963.0349540505204
9_20240831 07,2278.1034117650847
9_20240831 08,2703.5783830024393
9_20240831 09,3408.1594997625366
9_20240831 10,3846.375682486316
9_20240831 11,3949.9257761291447
9_20240831 12,3928.216729311201
9_20240831 13,4044.3039009858253
9_20240831 14,4242.551729975154
9_20240831 15,4218.202752553241
9_20240831 16,4181.312236172445
9_20240831 17,3908.9003907391316
9_20240831 18,3545.233038229491
9_20240831 19,2964.392892237412
9_20240831 20,2751.842718501144
9_20240831 21,2637.304905186074
9_20240831 22,2447.4860782659707
9_20240831 23,2200.4843048503817
10_20240825 00,5957.956154979214
10_20240825 01,5156.409290791298
10_20240825 02,4768.574526724706
10_20240825 03,4494.829459795283
10_20240825 04,4555.160301659781
10_20240825 05,4658.573345824263
10_20240825 06,5015.275701141203
10_20240825 07,5677.812935862612
10_20240825 08,6490.966091114682
10_20240825 09,6704.478995199552
10_20240825 10,7192.3258605177925
10_20240825 11,6787.6814463393985
10_20240825 12,6839.484572393254
10_20240825 13,7023.262599719059
10_20240825 14,7036.684696915861
10_20240825 15,7138.21115614934
10_20240825 16,7326.929900179964
10_20240825 17,7065.130090375828
10_20240825 18,6830.4764058734845
10_20240825 19,7086.840578469792
10_20240825 20,7019.983796851516
10_20240825 21,6702.609088770685
10_20240825 22,6526.493110316638
10_20240825 23,5925.75566261593
10_20240826 00,5207.000582325189
10_20240826 01,4622.204071211124
10_20240826 02,4278.3155638045155
10_20240826 03,4166.598372153412
10_20240826 04,4208.602980891514
10_20240826 05,4263.234033157788
10_20240826 06,4329.904444817146
10_20240826 07,5150.3943432903925
10_20240826 08,6161.100123807203
10_20240826 09,6372.47437593333
10_20240826 10,6618.168219747975
10_20240826 11,6578.841828459935
10_20240826 12,6613.972460075862
10_20240826 13,6642.3989906857405
10_20240826 14,6682.487493634699
10_20240826 15,6623.441315984596
10_20240826 16,6515.088789928039
10_20240826 17,6449.459246418186
10_20240826 18,6304.582744845313
10_20240826 19,6424.936496488723
10_20240826 20,6218.606299558538
10_20240826 21,5732.020519501686
10_20240826 22,5234.19656134497
10_20240826 23,5256.839998130516
10_20240827 00,4683.811503251093
10_20240827 01,4144.298695756013
10_20240827 02,3929.770003966968
10_20240827 03,3843.489470757935
10_20240827 04,3941.8240852064996
10_20240827 05,4055.763811826904
10_20240827 06,4120.811245366847
10_20240827 07,4731.832741402601
10_20240827 08,5907.161191075811
10_20240827 09,6156.919296645505
10_20240827 10,6128.442826770015
10_20240827 11,6239.323749979444
10_20240827 12,6219.312232970524
10_20240827 13,6175.098578573725
10_20240827 14,6234.39921111329
10_20240827 15,6342.226358138326
10_20240827 16,6301.583448072277
10_20240827 17,6284.620534575448
10_20240827 18,6167.65433973242
10_20240827 19,6110.923806979954
10_20240827 20,5685.253963764675
10_20240827 21,5057.201089890677
10_20240827 22,4738.958052322798
10_20240827 23,4693.740661344468
10_20240828 00,4250.470622219373
10_20240828 01,3895.9355076453676
10_20240828 02,3746.2930417642588
10_20240828 03,3541.8748120297214
10_20240828 04,3756.238984501133
10_20240828 05,3749.457289714179
10_20240828 06,3900.8015191748377
10_20240828 07,4425.781237378675
10_20240828 08,5644.998597990455
10_20240828 09,6114.890483419227
10_20240828 10,6339.118941790507
10_20240828 11,6332.390998376213
10_20240828 12,6473.210414859906
10_20240828 13,6465.451063757902
10_20240828 14,6556.30095250322
10_20240828 15,6650.912593295394
10_20240828 16,6557.435172465606
10_20240828 17,6457.409007698068
10_20240828 18,6230.227057454023
10_20240828 19,6349.126952250602
10_20240828 20,6083.595689248081
10_20240828 21,5299.0018024085575
10_20240828 22,4875.981077847411
10_20240828 23,4769.1865797049995
10_20240829 00,4449.692857948811
10_20240829 01,4092.9792125965387
10_20240829 02,3811.5236984809644
10_20240829 03,3701.480511537302
10_20240829 04,3718.9287410971874
10_20240829 05,3774.057409884055
10_20240829 06,3851.5884638958346
10_20240829 07,4271.480380539028
10_20240829 08,5474.336628709564
10_20240829 09,6035.764562362811
10_20240829 10,6428.416954582739
10_20240829 11,6529.993567347985
10_20240829 12,6550.6070106909265
10_20240829 13,6629.321352847594
10_20240829 14,6657.389227597088
10_20240829 15,6674.115172238785
10_20240829 16,6468.602448526586
10_20240829 17,6460.6454976989135
10_20240829 18,6250.453008390945
10_20240829 19,6589.984586360496
10_20240829 20,6464.0400050076605
10_20240829 21,6004.559997489381
10_20240829 22,5322.807294453477
10_20240829 23,5159.045775639241
10_20240830 00,4581.899974799575
10_20240830 01,4142.450460482552
10_20240830 02,3945.4094763242692
10_20240830 03,3860.969247434986
10_20240830 04,3944.238590370785
10_20240830 05,3912.0074748495645
10_20240830 06,4026.790664501871
10_20240830 07,4720.600545329642
10_20240830 08,5784.672312644769
10_20240830 09,6141.393850633695
10_20240830 10,6464.5909495056585
10_20240830 11,6440.2981711379125
10_20240830 12,6568.384472869244
10_20240830 13,6626.958636705342
10_20240830 14,6690.3170566357185
10_20240830 15,6797.16463034682
10_20240830 16,6882.116389462914
10_20240830 17,6691.951088350455
10_20240830 18,6518.907628259557
10_20240830 19,6847.862721817018
10_20240830 20,6629.596283500922
10_20240830 21,6422.535411233638
10_20240830 22,6004.118845946832
10_20240830 23,5806.272772110171
10_20240831 00,5032.852653966616
10_20240831 01,4477.635482119247
10_20240831 02,4139.764215523788
10_20240831 03,3964.6382859166315
10_20240831 04,3940.769892131085
10_20240831 05,3938.6114865582663
10_20240831 06,4008.2334092433766
10_20240831 07,5018.813829156468
10_20240831 08,5879.270049383173
10_20240831 09,5967.432905167798
10_20240831 10,6288.931145986728
10_20240831 11,6326.555886256247
10_20240831 12,6449.187129904329
10_20240831 13,6549.538751142937
10_20240831 14,6682.139190825647
10_20240831 15,6818.082051369853
10_20240831 16,7055.540623612373
10_20240831 17,7077.526519391041
10_20240831 18,6830.333939950295
10_20240831 19,7188.856950019965
10_20240831 20,7053.6924539872125
10_20240831 21,6726.918207954488
10_20240831 22,6568.1028640168015
10_20240831 23,6298.595469067939
11_20240825 00,1492.4990642612577
11_20240825 01,1198.9928652253313
11_20240825 02,1056.8078046666355
11_20240825 03,935.9543785412204
11_20240825 04,849.4545432350922
11_20240825 05,813.2320731659977
11_20240825 06,833.6065877739213
11_20240825 07,950.1594326101082
11_20240825 08,1115.8655680616048
11_20240825 09,1305.7769212785838
11_20240825 10,1457.0378210599788
11_20240825 11,1548.839816224384
11_20240825 12,1718.4067945489496
11_20240825 13,1791.598773194296
11_20240825 14,1832.279335935551
11_20240825 15,1823.7972852945823
11_20240825 16,1852.7874258311165
11_20240825 17,1854.1074611243066
11_20240825 18,2001.4774675991953
11_20240825 19,2047.756476889415
11_20240825 20,2054.551458547111
11_20240825 21,2075.430611154931
11_20240825 22,1974.2237590365662
11_20240825 23,1721.149383494051
11_20240826 00,1406.4674205568372
11_20240826 01,1161.1847693285963
11_20240826 02,1002.3864543756192
11_20240826 03,912.5951064162452
11_20240826 04,832.7063823106996
11_20240826 05,806.5590579676451
11_20240826 06,874.8370611485841
11_20240826 07,1120.3853436039155
11_20240826 08,1196.5221152638064
11_20240826 09,1212.998303984981
11_20240826 10,1207.9400584729087
11_20240826 11,1231.4214737045681
11_20240826 12,1423.7715944489455
11_20240826 13,1500.6366104539902
11_20240826 14,1497.4020955568612
11_20240826 15,1506.4255144519052
11_20240826 16,1524.761016473548
11_20240826 17,1661.4467522151658
11_20240826 18,1837.1372122222008
11_20240826 19,1971.0222741379991
11_20240826 20,1978.9927520860854
11_20240826 21,1986.4832604889539
11_20240826 22,1935.8645469518278
11_20240826 23,1712.1358017904188
11_20240827 00,1424.3613347367664
11_20240827 01,1150.115768992451
11_20240827 02,995.1393047138902
11_20240827 03,910.905239910438
11_20240827 04,843.2860405986635
11_20240827 05,810.0066081188446
11_20240827 06,867.3198555640888
11_20240827 07,1108.4350005580454
11_20240827 08,1155.7012765542902
11_20240827 09,1121.9807115105073
11_20240827 10,1095.3427727550518
11_20240827 11,1124.9744343969278
11_20240827 12,1165.679703688804
11_20240827 13,1280.6197339997073
11_20240827 14,1327.640457603205
11_20240827 15,1313.6951191343276
11_20240827 16,1340.0924809222665
11_20240827 17,1480.1799275469803
11_20240827 18,1667.3172281091074
11_20240827 19,1768.199619299508
11_20240827 20,1785.92267937056
11_20240827 21,1758.109255418603
11_20240827 22,1685.1207280832377
11_20240827 23,1538.653815087729
11_20240828 00,1213.1771895981753
11_20240828 01,984.0414454672419
11_20240828 02,842.4216854214568
11_20240828 03,778.1307772099467
11_20240828 04,707.1965831271841
11_20240828 05,691.9172301657142
11_20240828 06,759.0517119788303
11_20240828 07,1003.3041702972326
11_20240828 08,1098.5895737355297
11_20240828 09,1078.4741624848175
11_20240828 10,1041.7528794282205
11_20240828 11,1077.7390914468094
11_20240828 12,1172.6311660534254
11_20240828 13,1228.7298465925523
11_20240828 14,1242.2844806512567
11_20240828 15,1291.4618008466873
11_20240828 16,1344.4060704741862
11_20240828 17,1418.5140321047872
11_20240828 18,1552.2132008679937
11_20240828 19,1699.278866071958
11_20240828 20,1726.7029452641214
11_20240828 21,1718.9300401310488
11_20240828 22,1665.5833117469456
11_20240828 23,1508.5012672199573
11_20240829 00,1217.1982551353967
11_20240829 01,1029.7713456861347
11_20240829 02,903.528894459427
11_20240829 03,802.3244814755342
11_20240829 04,710.982935966503
11_20240829 05,710.6763968173177
11_20240829 06,766.4954025838517
11_20240829 07,996.371671266348
11_20240829 08,1079.0501595976689
11_20240829 09,1049.2787658981536
11_20240829 10,1038.0943063118975
11_20240829 11,1087.526292576135
11_20240829 12,1184.9124304836437
11_20240829 13,1253.1686776762422
11_20240829 14,1265.5900169057886
11_20240829 15,1356.0457488585093
11_20240829 16,1364.1852562760669
11_20240829 17,1385.0777417534948
11_20240829 18,1511.454300717115
11_20240829 19,1636.3218983235686
11_20240829 20,1681.6098858557232
11_20240829 21,1660.1738387975909
11_20240829 22,1607.453313902236
11_20240829 23,1474.220450245316
11_20240830 00,1211.0201507746056
11_20240830 01,1000.9716699369861
11_20240830 02,877.1394158290511
11_20240830 03,791.2309829966082
11_20240830 04,703.3112703619036
11_20240830 05,689.5866494696968
11_20240830 06,747.7416983295988
11_20240830 07,1004.2990377816895
11_20240830 08,1059.1628412209643
11_20240830 09,1041.4300952116064
11_20240830 10,1039.4714319289833
11_20240830 11,1049.1187162704728
11_20240830 12,1197.4853003369433
11_20240830 13,1310.6231356368858
11_20240830 14,1349.5771653996612
11_20240830 15,1407.5776113942538
11_20240830 16,1406.0257733829683
11_20240830 17,1460.7318144466528
11_20240830 18,1531.3796350806037
11_20240830 19,1655.3685826998678
11_20240830 20,1656.954299696477
11_20240830 21,1640.9872975145067
11_20240830 22,1581.4257456278685
11_20240830 23,1466.2433529737032
11_20240831 00,1223.8218381696574
11_20240831 01,981.2573934526308
11_20240831 02,810.495749763935
11_20240831 03,768.4291107910074
11_20240831 04,687.7512384946526
11_20240831 05,672.5746156627689
11_20240831 06,718.368705831009
11_20240831 07,856.3716936973069
11_20240831 08,1030.858430094113
11_20240831 09,1165.039391526528
11_20240831 10,1264.236985836244
11_20240831 11,1273.1104691612868
11_20240831 12,1341.4611210877524
11_20240831 13,1381.2185926653437
11_20240831 14,1338.6269138838165
11_20240831 15,1386.598948095125
11_20240831 16,1386.155143075915
11_20240831 17,1433.9793567314662
11_20240831 18,1481.7504309225542
11_20240831 19,1574.6333856226884
11_20240831 20,1595.5087780610534
11_20240831 21,1614.505053642279
11_20240831 22,1571.759731736119
11_20240831 23,1448.7512108215726
12_20240825 00,4897.347221441339
12_20240825 01,4796.113302268375
12_20240825 02,4712.967795118223
12_20240825 03,4654.957295731723
12_20240825 04,4616.181338001203
12_20240825 05,4620.732574643511
12_20240825 06,4644.251892475073
12_20240825 07,4828.55330158695
12_20240825 08,4797.865910028331
12_20240825 09,5048.253014832751
12_20240825 10,5145.3010393937175
12_20240825 11,5177.748040929953
12_20240825 12,5178.563283419139
12_20240825 13,5317.829589275216
12_20240825 14,5477.341179323422
12_20240825 15,5591.970477000948
12_20240825 16,5889.092281993303
12_20240825 17,5896.339483258952
12_20240825 18,5760.681355574731
12_20240825 19,5742.8390544253425
12_20240825 20,5657.328876094451
12_20240825 21,5603.0860498103
12_20240825 22,5403.0442481798245
12_20240825 23,5018.961816635416
12_20240826 00,4945.8218155610975
12_20240826 01,4847.956852795164
12_20240826 02,4723.289224959475
12_20240826 03,4670.0617323909555
12_20240826 04,4645.701223830847
12_20240826 05,4712.199425989962
12_20240826 06,4873.651468232126
12_20240826 07,5298.323587932402
12_20240826 08,6255.749637154606
12_20240826 09,8045.613911076208
12_20240826 10,8427.762228383788
12_20240826 11,8556.208270433572
12_20240826 12,8339.50251246665
12_20240826 13,8618.162686514492
12_20240826 14,8914.43270900539
12_20240826 15,8887.648213510149
12_20240826 16,8715.168100674417
12_20240826 17,8343.517390837162
12_20240826 18,7442.506468625876
12_20240826 19,6908.812992170511
12_20240826 20,6494.231220753761
12_20240826 21,6218.080417428327
12_20240826 22,5701.935747777323
12_20240826 23,5176.7502291812525
12_20240827 00,4987.827513302328
12_20240827 01,4876.56698242737
12_20240827 02,4790.943492711955
12_20240827 03,4735.052575212855
12_20240827 04,4719.324388694043
12_20240827 05,4763.050660136019
12_20240827 06,4853.0950547758475
12_20240827 07,5279.477822625666
12_20240827 08,6221.602437052399
12_20240827 09,7759.592577689178
12_20240827 10,8264.647924593943
12_20240827 11,8432.357085673131
12_20240827 12,8222.067758067818
12_20240827 13,8576.666794817822
12_20240827 14,8832.934496637177
12_20240827 15,8793.514095661905
12_20240827 16,8699.548613423227
12_20240827 17,8254.633509010953
12_20240827 18,7334.576957755972
12_20240827 19,6771.198697499929
12_20240827 20,6397.528162736199
12_20240827 21,6021.298422920252
12_20240827 22,5622.675247508751
12_20240827 23,5117.082444022857
12_20240828 00,4936.80259627689
12_20240828 01,4824.507477546933
12_20240828 02,4718.975320079485
12_20240828 03,4639.643168002753
12_20240828 04,4626.77281049521
12_20240828 05,4701.33018545003
12_20240828 06,4771.843048163832
12_20240828 07,5256.913203507844
12_20240828 08,6014.963133816234
12_20240828 09,7717.943217494363
12_20240828 10,8202.972546490406
12_20240828 11,8312.864907589135
12_20240828 12,8214.323171531352
12_20240828 13,8441.27733269754
12_20240828 14,8627.544683860657
12_20240828 15,8769.627369428212
12_20240828 16,8703.345170840947
12_20240828 17,8275.71939009767
12_20240828 18,7374.8363870888315
12_20240828 19,6911.353180997059
12_20240828 20,6422.639531677365
12_20240828 21,6075.9287841830355
12_20240828 22,5641.655092426832
12_20240828 23,5103.618099401811
12_20240829 00,4922.390983166676
12_20240829 01,4816.874668162764
12_20240829 02,4696.99382965987
12_20240829 03,4678.482215280378
12_20240829 04,4658.280753062641
12_20240829 05,4702.906798904216
12_20240829 06,4760.31596352007
12_20240829 07,5223.657263392766
12_20240829 08,5957.216873579363
12_20240829 09,7405.785752610727
12_20240829 10,7979.309547307495
12_20240829 11,8084.884774646178
12_20240829 12,7970.099541411508
12_20240829 13,8343.605066119708
12_20240829 14,8427.48282387798
12_20240829 15,8550.501984844108
12_20240829 16,8391.951605847364
12_20240829 17,7979.518802183203
12_20240829 18,7159.89390172962
12_20240829 19,6667.607375174337
12_20240829 20,6303.228209165106
12_20240829 21,5909.970296421738
12_20240829 22,5546.683319660392
12_20240829 23,5029.70720402078
12_20240830 00,4854.159105235063
12_20240830 01,4771.629259423327
12_20240830 02,4656.033201065094
12_20240830 03,4618.821039834681
12_20240830 04,4595.597219751546
12_20240830 05,4652.346745714045
12_20240830 06,4698.9464680727015
12_20240830 07,5165.6119327353435
12_20240830 08,5865.64871468694
12_20240830 09,7327.811748319602
12_20240830 10,7883.934239626396
12_20240830 11,8018.33617103892
12_20240830 12,7863.536818567101
12_20240830 13,8227.653183042179
12_20240830 14,8503.031533001402
12_20240830 15,8494.476375205279
12_20240830 16,8252.214829548493
12_20240830 17,7975.819121879867
12_20240830 18,7069.329048443004
12_20240830 19,6496.10737916964
12_20240830 20,6093.5688412643285
12_20240830 21,5747.5100965795455
12_20240830 22,5377.0990558988115
12_20240830 23,4950.749257778132
12_20240831 00,4763.34324022138
12_20240831 01,4669.947405211146
12_20240831 02,4571.058551746951
12_20240831 03,4516.761221856885
12_20240831 04,4466.886684136284
12_20240831 05,4500.398600443711
12_20240831 06,4532.715629618935
12_20240831 07,4689.7552304352985
12_20240831 08,4800.051194039983
12_20240831 09,4948.837129865644
12_20240831 10,5066.683889753387
12_20240831 11,5044.974845754059
12_20240831 12,5166.471095300787
12_20240831 13,5377.9298363814505
12_20240831 14,5495.998974606168
12_20240831 15,5615.867324636453
12_20240831 16,5799.719118646319
12_20240831 17,5809.597244361432
12_20240831 18,5687.157585774654
12_20240831 19,5545.4667880023235
12_20240831 20,5432.5364975838975
12_20240831 21,5384.009316751431
12_20240831 22,5154.577896445697
12_20240831 23,4844.029924155668
13_20240825 00,2129.9701675922342
13_20240825 01,2058.6300449357514
13_20240825 02,2031.687879796673
13_20240825 03,2024.6900372004693
13_20240825 04,1990.7450736759029
13_20240825 05,1933.5713575588497
13_20240825 06,1923.402539417597
13_20240825 07,1890.8340269739258
13_20240825 08,1837.709612615198
13_20240825 09,1808.7340643264856
13_20240825 10,1812.0317808585146
13_20240825 11,1791.9607279860065
13_20240825 12,1793.4901620860867
13_20240825 13,1816.7832161382435
13_20240825 14,1852.0470853963307
13_20240825 15,1871.9255028638272
13_20240825 16,1975.943061693806
13_20240825 17,2015.659754417439
13_20240825 18,2036.8179571374262
13_20240825 19,2051.158775016932
13_20240825 20,2055.383612244068
13_20240825 21,2056.9909001235796
13_20240825 22,2030.72957903781
13_20240825 23,2054.750519189257
13_20240826 00,2385.261855071737
13_20240826 01,2487.063000295992
13_20240826 02,2448.586448999775
13_20240826 03,2444.4864651163616
13_20240826 04,2168.5104191270707
13_20240826 05,2043.039883230384
13_20240826 06,2089.15756883814
13_20240826 07,2164.8101311747046
13_20240826 08,2361.0425181746728
13_20240826 09,2821.238216092527
13_20240826 10,3214.7179027081934
13_20240826 11,3129.535304269821
13_20240826 12,2811.2291475605844
13_20240826 13,3173.8603615570496
13_20240826 14,2697.607974307387
13_20240826 15,2918.734030622464
13_20240826 16,2757.129914006945
13_20240826 17,2804.0022976735445
13_20240826 18,2549.6404064108556
13_20240826 19,2462.168320751559
13_20240826 20,2350.0143283245075
13_20240826 21,2267.000815988623
13_20240826 22,2162.057710667679
13_20240826 23,2353.570283352119
13_20240827 00,2490.139346190795
13_20240827 01,2506.452384145705
13_20240827 02,2480.25798236621
13_20240827 03,2468.715791705429
13_20240827 04,2170.136252162424
13_20240827 05,2052.973853996865
13_20240827 06,2068.419261278698
13_20240827 07,2110.160848512973
13_20240827 08,2289.36968129004
13_20240827 09,2749.8227557683595
13_20240827 10,3171.5355822545243
13_20240827 11,3114.5515492795485
13_20240827 12,2856.596748792099
13_20240827 13,3182.61053627431
13_20240827 14,2763.8327714449897
13_20240827 15,2980.11685064426
13_20240827 16,2736.757475545196
13_20240827 17,2761.0671015951098
13_20240827 18,2549.2114392597096
13_20240827 19,2417.8380056681663
13_20240827 20,2326.971345690469
13_20240827 21,2225.2449133359605
13_20240827 22,2081.7400544494994
13_20240827 23,2284.260445765761
13_20240828 00,2467.7317336084975
13_20240828 01,2482.066763549808
13_20240828 02,2458.8532445721467
13_20240828 03,2453.560590980568
13_20240828 04,2104.9190353775903
13_20240828 05,1969.1233100547747
13_20240828 06,1977.1921339284584
13_20240828 07,2044.4947129758525
13_20240828 08,2277.8862762982803
13_20240828 09,2729.2554722641007
13_20240828 10,3152.7981672803294
13_20240828 11,3094.305892487696
13_20240828 12,2849.879145063479
13_20240828 13,3129.817985484553
13_20240828 14,2666.0061162851243
13_20240828 15,2853.104865323727
13_20240828 16,2673.0589790702065
13_20240828 17,2744.2331910400744
13_20240828 18,2512.3509641133537
13_20240828 19,2378.16579894819
13_20240828 20,2275.74624865432
13_20240828 21,2191.096438978503
13_20240828 22,2101.638801087325
13_20240828 23,2289.7157916010387
13_20240829 00,2441.2864532282665
13_20240829 01,2432.1582914120945
13_20240829 02,2402.6435304806687
13_20240829 03,2397.407611458278
13_20240829 04,2097.4599730075975
13_20240829 05,1950.3112348542109
13_20240829 06,1965.0404960621108
13_20240829 07,2010.2807449734012
13_20240829 08,2177.9373169546443
13_20240829 09,2711.026185673359
13_20240829 10,3081.014573187405
13_20240829 11,3012.527991979582
13_20240829 12,2791.116985628047
13_20240829 13,3064.466881890993
13_20240829 14,2556.3147189157617
13_20240829 15,2754.9940746831016
13_20240829 16,2610.465590191523
13_20240829 17,2704.601643975158
13_20240829 18,2492.2350201452546
13_20240829 19,2336.3148616168282
13_20240829 20,2276.489058790174
13_20240829 21,2182.389090153417
13_20240829 22,2089.010000564192
13_20240829 23,2278.2269364467484
13_20240830 00,2443.1554111644773
13_20240830 01,2464.0878474321785
13_20240830 02,2450.423753204664
13_20240830 03,2451.007150865925
13_20240830 04,2110.2687614551696
13_20240830 05,1937.324123285458
13_20240830 06,1947.2969929799058
13_20240830 07,1969.7813801501115
13_20240830 08,2174.6539983309826
13_20240830 09,2627.0424481142654
13_20240830 10,3049.708201221977
13_20240830 11,2939.526101420532
13_20240830 12,2640.264352474866
13_20240830 13,2912.083320372096
13_20240830 14,2371.3085939618763
13_20240830 15,2558.592555614064
13_20240830 16,2320.5238263130786
13_20240830 17,2503.5726136368894
13_20240830 18,2301.7457169971594
13_20240830 19,2183.276697429583
13_20240830 20,2111.2206146058506
13_20240830 21,2055.497309489593
13_20240830 22,2000.35051064255
13_20240830 23,2237.135107911531
13_20240831 00,2385.9570192324163
13_20240831 01,2379.711037976159
13_20240831 02,2363.531319430543
13_20240831 03,2365.4560315420877
13_20240831 04,2003.7946273660598
13_20240831 05,1855.1120664996201
13_20240831 06,1833.4938852917628
13_20240831 07,1808.86640839338
13_20240831 08,1784.6975019491338
13_20240831 09,1766.0311318240474
13_20240831 10,1777.6059252755454
13_20240831 11,1670.2268356146683
13_20240831 12,1746.4216329680758
13_20240831 13,1726.638559600569
13_20240831 14,1252.5732622057344
13_20240831 15,1441.5605398426537
13_20240831 16,1370.9094859666648
13_20240831 17,1705.0162543970348
13_20240831 18,1951.8129904156212
13_20240831 19,1967.9788605682575
13_20240831 20,1967.8154057461502
13_20240831 21,1963.5882563664302
13_20240831 22,1952.9602477818362
13_20240831 23,2164.3268248822105
14_20240825 00,3286.6288020706006
14_20240825 01,3171.902100056299
14_20240825 02,3117.492710154562
14_20240825 03,3092.768167150919
14_20240825 04,3062.96449223428
14_20240825 05,3013.2129499300477
14_20240825 06,2947.150923004344
14_20240825 07,2980.369269398599
14_20240825 08,3268.637998028134
14_20240825 09,3503.076937943705
14_20240825 10,3545.550996341838
14_20240825 11,3614.5574911718313
14_20240825 12,3623.668678109516
14_20240825 13,3698.2854488513653
14_20240825 14,3838.9501578971103
14_20240825 15,4063.22892366811
14_20240825 16,4052.6752013100067
14_20240825 17,4022.5884118429103
14_20240825 18,3951.610159052073
14_20240825 19,3913.41587243109
14_20240825 20,3895.115021189891
14_20240825 21,3734.3078567689026
14_20240825 22,3509.882681693977
14_20240825 23,3436.1032904181293
14_20240826 00,3343.6373773622204
14_20240826 01,3256.8293611341887
14_20240826 02,3176.2183451943647
14_20240826 03,3148.2096488111456
14_20240826 04,3132.9447630007535
14_20240826 05,3181.676021857208
14_20240826 06,3310.1171531980444
14_20240826 07,3482.903804658597
14_20240826 08,4187.242451662388
14_20240826 09,6287.2610184907535
14_20240826 10,6808.431693461971
14_20240826 11,6811.25447066575
14_20240826 12,6601.79430086882
14_20240826 13,6838.721174886239
14_20240826 14,7033.936785154158
14_20240826 15,7105.106088165548
14_20240826 16,6954.4098368114655
14_20240826 17,6383.396318134818
14_20240826 18,5113.8568474927615
14_20240826 19,4685.699938613438
14_20240826 20,4481.313735953846
14_20240826 21,4149.705131579908
14_20240826 22,3710.6042267867956
14_20240826 23,3511.908185871752
14_20240827 00,3313.822451091439
14_20240827 01,3228.692570842928
14_20240827 02,3187.8560295096677
14_20240827 03,3090.434535039672
14_20240827 04,3109.145915003942
14_20240827 05,3124.0165982246344
14_20240827 06,3271.5625836349254
14_20240827 07,3429.5905405472254
14_20240827 08,3992.631952216733
14_20240827 09,6191.15529312906
14_20240827 10,6669.027181044658
14_20240827 11,6633.715909057351
14_20240827 12,6315.2550299427185
14_20240827 13,6688.580229028613
14_20240827 14,6771.125562596688
14_20240827 15,6858.814865735876
14_20240827 16,6718.641147394677
14_20240827 17,6101.576038386001
14_20240827 18,5005.436762903244
14_20240827 19,4493.39717383067
14_20240827 20,4275.993291626826
14_20240827 21,4034.464947695086
14_20240827 22,3613.8224392323496
14_20240827 23,3387.2195697167244
14_20240828 00,3171.9257134412896
14_20240828 01,3095.792604124278
14_20240828 02,3081.018299742724
14_20240828 03,3049.6262162449502
14_20240828 04,3033.3530672643956
14_20240828 05,3068.3581204957145
14_20240828 06,3170.898013722534
14_20240828 07,3295.144001846669
14_20240828 08,4022.7073561638886
14_20240828 09,6002.615491126986
14_20240828 10,6539.393006451321
14_20240828 11,6588.374348167645
14_20240828 12,6482.5053606522315
14_20240828 13,6774.975346111422
14_20240828 14,6970.379867825921
14_20240828 15,7051.376167128217
14_20240828 16,6898.651830352237
14_20240828 17,6295.0175242722
14_20240828 18,5127.607989415965
14_20240828 19,4660.299989724159
14_20240828 20,4344.60822696389
14_20240828 21,4038.6113326148893
14_20240828 22,3629.481904023856
14_20240828 23,3453.312494702494
14_20240829 00,3205.4391791641056
14_20240829 01,3132.312054901732
14_20240829 02,3070.084837851728
14_20240829 03,3015.06687590536
14_20240829 04,3008.3755873808923
14_20240829 05,3019.6078409988954
14_20240829 06,3117.0055812446544
14_20240829 07,3232.6266060636876
14_20240829 08,3920.361789713589
14_20240829 09,5898.780618012545
14_20240829 10,6330.365354023808
14_20240829 11,6421.2988065552945
14_20240829 12,6258.673488097568
14_20240829 13,6515.44413239502
14_20240829 14,6705.2711265435555
14_20240829 15,6827.056554390423
14_20240829 16,6711.012556219723
14_20240829 17,6161.13099010579
14_20240829 18,4973.870228017141
14_20240829 19,4409.303236195237
14_20240829 20,4155.287851489753
14_20240829 21,3856.772841074709
14_20240829 22,3522.907773253478
14_20240829 23,3313.358378055259
14_20240830 00,3094.137026825885
14_20240830 01,2995.524385754544
14_20240830 02,2998.369873394796
14_20240830 03,2967.6699338626304
14_20240830 04,2946.6500994414905
14_20240830 05,3000.7271369982104
14_20240830 06,3089.6410265435234
14_20240830 07,3144.3387811970647
14_20240830 08,3867.867845191151
14_20240830 09,5836.892969794369
14_20240830 10,6191.0527128562835
14_20240830 11,6349.845827716788
14_20240830 12,6181.522560282697
14_20240830 13,6386.394740234826
14_20240830 14,6523.145453467855
14_20240830 15,6592.14193576552
14_20240830 16,6586.641106103599
14_20240830 17,6091.336733403539
14_20240830 18,4840.513662453768
14_20240830 19,4404.555039496485
14_20240830 20,4081.5817866008456
14_20240830 21,3805.4880907901133
14_20240830 22,3383.078331996808
14_20240830 23,3228.5531306705143
14_20240831 00,3044.0067772829234
14_20240831 01,2971.5986894140296
14_20240831 02,2951.397518381027
14_20240831 03,2942.7328622633436
14_20240831 04,2912.9669194090093
14_20240831 05,2870.798335031145
14_20240831 06,2832.625319535481
14_20240831 07,2835.9837725727157
14_20240831 08,3068.2104193165806
14_20240831 09,3381.002575752947
14_20240831 10,3455.359964675502
14_20240831 11,3557.79255449179
14_20240831 12,3580.9447789090186
14_20240831 13,3659.5453025097668
14_20240831 14,3865.5599110197772
14_20240831 15,4007.9676632753954
14_20240831 16,4013.346864615717
14_20240831 17,3934.8012393134704
14_20240831 18,3779.1214730696643
14_20240831 19,3649.764439915363
14_20240831 20,3648.958959247012
14_20240831 21,3475.3619445438144
14_20240831 22,3316.4476890940464
14_20240831 23,3229.100016242516
15_20240825 00,2842.9044323187104
15_20240825 01,2826.500219058412
15_20240825 02,2810.1674292315984
15_20240825 03,2800.1160132896775
15_20240825 04,2802.9773949570454
15_20240825 05,2799.0614303390503
15_20240825 06,2776.9748213983257
15_20240825 07,2752.6966172813873
15_20240825 08,2677.0394248410616
15_20240825 09,2456.5621343748176
15_20240825 10,2313.3377015424285
15_20240825 11,2366.315398679923
15_20240825 12,2336.8146644323233
15_20240825 13,2278.490790105089
15_20240825 14,2338.787654063107
15_20240825 15,2551.13496956502
15_20240825 16,2712.996620774921
15_20240825 17,2769.0743180410927
15_20240825 18,2882.4179284380484
15_20240825 19,2952.171614904417
15_20240825 20,2947.3332228971344
15_20240825 21,2916.628798722177
15_20240825 22,2911.701727879493
15_20240825 23,2870.2851400772934
15_20240826 00,2959.321644980767
15_20240826 01,2952.8578256804603
15_20240826 02,2955.773279975113
15_20240826 03,2955.7662341075707
15_20240826 04,2960.9880246871794
15_20240826 05,3050.07871013436
15_20240826 06,3136.830999246418
15_20240826 07,3392.8222472724483
15_20240826 08,3517.4588356218937
15_20240826 09,4244.018985162247
15_20240826 10,4376.820423972369
15_20240826 11,4324.957642629104
15_20240826 12,4275.0235759558345
15_20240826 13,4373.288510185971
15_20240826 14,4611.32347875002
15_20240826 15,4612.4884014141235
15_20240826 16,4609.540496665288
15_20240826 17,4595.4720831296845
15_20240826 18,3839.8189488178273
15_20240826 19,3535.6950089288134
15_20240826 20,3424.7061096816174
15_20240826 21,3304.405974806998
15_20240826 22,3188.789592473522
15_20240826 23,3171.2372603979984
15_20240827 00,3102.251253861783
15_20240827 01,3072.987023206811
15_20240827 02,3071.0026565797716
15_20240827 03,3057.592856584131
15_20240827 04,3014.7335159844633
15_20240827 05,3078.8802119881484
15_20240827 06,3196.613359109445
15_20240827 07,3284.4201069696546
15_20240827 08,3561.235403640761
15_20240827 09,4136.516637069701
15_20240827 10,4357.3119076795765
15_20240827 11,3990.694429196515
15_20240827 12,4014.887226606401
15_20240827 13,4339.538812704144
15_20240827 14,4510.797920273657
15_20240827 15,4494.272300854202
15_20240827 16,4520.382707723906
15_20240827 17,4474.684554063152
15_20240827 18,3760.121469372881
15_20240827 19,3471.583850235896
15_20240827 20,3354.844148707627
15_20240827 21,3250.206011195194
15_20240827 22,3150.1428199681013
15_20240827 23,3081.5167392970893
15_20240828 00,3009.8014496051946
15_20240828 01,2988.913945702315
15_20240828 02,3022.6256685488697
15_20240828 03,3015.358311799834
15_20240828 04,3018.1913009390537
15_20240828 05,3095.995441695494
15_20240828 06,3176.745768042426
15_20240828 07,3249.189406613895
15_20240828 08,3494.4904723254995
15_20240828 09,4311.26120574384
15_20240828 10,4291.759078833645
15_20240828 11,4216.8324361908835
15_20240828 12,4067.0680548842515
15_20240828 13,4168.611263755864
15_20240828 14,4310.785770824719
15_20240828 15,4371.273018576884
15_20240828 16,4398.423897950884
15_20240828 17,4171.837182490828
15_20240828 18,3619.4197536285265
15_20240828 19,3342.1307187174393
15_20240828 20,3297.8126176689566
15_20240828 21,3256.8787563255455
15_20240828 22,3176.4796495604915
15_20240828 23,3109.5587583630045
15_20240829 00,3052.7545912775413
15_20240829 01,3026.465524603903
15_20240829 02,2962.9709193275035
15_20240829 03,2947.63405553567
15_20240829 04,2986.0689295206053
15_20240829 05,3058.0374934790498
15_20240829 06,3142.255791570565
15_20240829 07,3169.9827311881327
15_20240829 08,3436.591964623102
15_20240829 09,3922.311724562662
15_20240829 10,3946.121142992732
15_20240829 11,3732.97359424243
15_20240829 12,3823.309523060673
15_20240829 13,3929.37971606765
15_20240829 14,3949.5022353446757
15_20240829 15,4002.5747960786825
15_20240829 16,4037.095306500001
15_20240829 17,4035.997028245101
15_20240829 18,3545.4967701732508
15_20240829 19,3351.5207020963976
15_20240829 20,3245.3033459331564
15_20240829 21,3185.1930634332493
15_20240829 22,3068.4286125012795
15_20240829 23,2995.4389205145644
15_20240830 00,2927.713627353156
15_20240830 01,2915.020989424796
15_20240830 02,2848.1171207288244
15_20240830 03,2886.987757331991
15_20240830 04,2888.0621340420516
15_20240830 05,2970.0062540222525
15_20240830 06,3015.5951309662923
15_20240830 07,3065.7012144620903
15_20240830 08,3269.8571414368057
15_20240830 09,3828.6872397746756
15_20240830 10,3756.4565055074945
15_20240830 11,3622.8866032787173
15_20240830 12,3556.5028855813875
15_20240830 13,3667.686036579601
15_20240830 14,3822.834422531525
15_20240830 15,3796.3301244382055
15_20240830 16,3766.2835756696995
15_20240830 17,3730.778809981908
15_20240830 18,3247.3780954937365
15_20240830 19,3062.8730738775294
15_20240830 20,3033.9341112157344
15_20240830 21,2942.1910335720377
15_20240830 22,2899.279264723531
15_20240830 23,2864.70409358321
15_20240831 00,2773.4861203901164
15_20240831 01,2750.80602223223
15_20240831 02,2740.5348895123343
15_20240831 03,2739.1966677240093
15_20240831 04,2744.2463727485565
15_20240831 05,2747.7570338509845
15_20240831 06,2704.6348388364195
15_20240831 07,2669.7387107417403
15_20240831 08,2553.7341824672085
15_20240831 09,2383.7757032604018
15_20240831 10,2269.998728012829
15_20240831 11,2232.0284280334063
15_20240831 12,2272.424776212442
15_20240831 13,2189.451385821944
15_20240831 14,2292.839962101948
15_20240831 15,2353.225018013391
15_20240831 16,2568.1409390692907
15_20240831 17,2670.2960006569574
15_20240831 18,2786.4962876199706
15_20240831 19,2867.59539879805
15_20240831 20,2860.1327553894016
15_20240831 21,2842.0563089673688
15_20240831 22,2816.7430412361327
15_20240831 23,2797.286440230372
16_20240825 00,760.9639410701009
16_20240825 01,757.5626525868446
16_20240825 02,760.8454350875218
16_20240825 03,757.0036302132341
16_20240825 04,758.4816038298236
16_20240825 05,755.1303422067551
16_20240825 06,753.4588054888118
16_20240825 07,763.0241433484989
16_20240825 08,774.4997505952772
16_20240825 09,788.3946373504235
16_20240825 10,801.1437335868161
16_20240825 11,800.1973678506799
16_20240825 12,802.6631373876821
16_20240825 13,807.0958933712454
16_20240825 14,811.3923563098431
16_20240825 15,808.8170347266924
16_20240825 16,804.6396238014307
16_20240825 17,797.4039195403402
16_20240825 18,788.3516207629099
16_20240825 19,780.316067860134
16_20240825 20,770.1560398904561
16_20240825 21,765.2221562497743
16_20240825 22,759.6408428600207
16_20240825 23,753.3766112123135
16_20240826 00,758.0956629435748
16_20240826 01,754.7506058781448
16_20240826 02,757.4467039772055
16_20240826 03,758.0608056938248
16_20240826 04,810.0992901319913
16_20240826 05,1002.1295569162264
16_20240826 06,1236.8671094960382
16_20240826 07,1386.2657635248565
16_20240826 08,1572.2515508461347
16_20240826 09,1673.0476751539882
16_20240826 10,1672.4802968029478
16_20240826 11,1665.9968896443913
16_20240826 12,1691.7504141229988
16_20240826 13,1693.4224244703737
16_20240826 14,1651.5406371245363
16_20240826 15,1645.5163355424525
16_20240826 16,1625.396180116427
16_20240826 17,1554.4374010757451
16_20240826 18,1187.7135625070368
16_20240826 19,953.7618971056296
16_20240826 20,862.9957216765633
16_20240826 21,807.0284553758934
16_20240826 22,781.2913979317527
16_20240826 23,762.6655579741807
16_20240827 00,753.3140398510732
16_20240827 01,753.7957810541349
16_20240827 02,756.8888866014032
16_20240827 03,758.1948641734683
16_20240827 04,763.8138174962743
16_20240827 05,926.8275855720865
16_20240827 06,1178.6590475077974
16_20240827 07,1326.875604142902
16_20240827 08,1492.4119037600194
16_20240827 09,1587.8813303408244
16_20240827 10,1566.8123489565746
16_20240827 11,1555.668377150639
16_20240827 12,1592.2586310801012
16_20240827 13,1602.269979614111
16_20240827 14,1568.7156314993365
16_20240827 15,1528.2190236210743
16_20240827 16,1531.0231940983347
16_20240827 17,1486.280634650072
16_20240827 18,1165.1972082487014
16_20240827 19,936.3324090802187
16_20240827 20,845.190414871962
16_20240827 21,798.1747815298716
16_20240827 22,772.530683357079
16_20240827 23,760.3201970278478
16_20240828 00,749.2333089213192
16_20240828 01,750.286313190808
16_20240828 02,748.0541136908898
16_20240828 03,751.8043188435614
16_20240828 04,757.8803387540745
16_20240828 05,866.0434700616111
16_20240828 06,1135.0775522222448
16_20240828 07,1283.4254106933708
16_20240828 08,1441.218600393467
16_20240828 09,1567.2144231789666
16_20240828 10,1565.6900894342475
16_20240828 11,1621.2199823568133
16_20240828 12,1659.4293666538458
16_20240828 13,1654.1629141864664
16_20240828 14,1620.3361593991353
16_20240828 15,1581.7578039534137
16_20240828 16,1582.9122089182733
16_20240828 17,1504.7584554841253
16_20240828 18,1165.1398938619332
16_20240828 19,928.2825506682861
16_20240828 20,847.095998536345
16_20240828 21,807.3161992190311
16_20240828 22,780.3850235558015
16_20240828 23,759.0437646200032
16_20240829 00,751.4085107249348
16_20240829 01,749.3156925987532
16_20240829 02,748.6107645605041
16_20240829 03,752.2337786069957
16_20240829 04,757.0640032603303
16_20240829 05,872.9168176034993
16_20240829 06,1117.7298805783894
16_20240829 07,1251.1830249210718
16_20240829 08,1421.4060767493697
16_20240829 09,1537.6984233988892
16_20240829 10,1545.769371743165
16_20240829 11,1599.028200485255
16_20240829 12,1609.802142808203
16_20240829 13,1612.853272252658
16_20240829 14,1591.272759938875
16_20240829 15,1574.179617919509
16_20240829 16,1570.0302042069954
16_20240829 17,1484.867770992147
16_20240829 18,1142.7151689536918
16_20240829 19,943.2460888791178
16_20240829 20,842.0873778090684
16_20240829 21,794.1181130040313
16_20240829 22,768.9627703064963
16_20240829 23,755.823135286913
16_20240830 00,746.9505140082088
16_20240830 01,747.1734815782389
16_20240830 02,743.4048097743112
16_20240830 03,745.2335565244526
16_20240830 04,754.4302983229554
16_20240830 05,854.9335457686911
16_20240830 06,1142.1563140466517
16_20240830 07,1273.1374210546278
16_20240830 08,1428.042570953999
16_20240830 09,1528.6651061747148
16_20240830 10,1517.526950658508
16_20240830 11,1565.7222733488804
16_20240830 12,1583.9205415357246
16_20240830 13,1587.9834466078526
16_20240830 14,1565.3100204470807
16_20240830 15,1549.1218416291613
16_20240830 16,1537.4360441106674
16_20240830 17,1457.9951340457842
16_20240830 18,1137.6060711830962
16_20240830 19,900.7435072340838
16_20240830 20,836.1213975728642
16_20240830 21,787.8037300557852
16_20240830 22,765.6753967397253
16_20240830 23,749.6631737798516
16_20240831 00,746.6206409111978
16_20240831 01,746.8686773330637
16_20240831 02,745.6030418946174
16_20240831 03,747.8775064179567
16_20240831 04,747.3259083982018
16_20240831 05,743.9473503230658
16_20240831 06,744.7495258187128
16_20240831 07,755.1204586880093
16_20240831 08,761.0377544381831
16_20240831 09,789.584488718777
16_20240831 10,826.9148409584645
16_20240831 11,833.2323895710675
16_20240831 12,837.9221806997443
16_20240831 13,839.7110444266903
16_20240831 14,837.2137325796207
16_20240831 15,836.6158866202045
16_20240831 16,834.357897662605
16_20240831 17,805.8047460465089
16_20240831 18,787.6518660974428
16_20240831 19,773.0841414663405
16_20240831 20,764.5186537536123
16_20240831 21,761.8601023273635
16_20240831 22,756.4340900254331
16_20240831 23,752.359732823564
17_20240825 00,2060.60991632172
17_20240825 01,2034.9410533082455
17_20240825 02,1997.1757436127018
17_20240825 03,1981.6877498328322
17_20240825 04,1997.1657890493516
17_20240825 05,2052.10065038268
17_20240825 06,2164.8885626487618
17_20240825 07,2261.298947146898
17_20240825 08,2378.8435512710234
17_20240825 09,2459.362994768034
17_20240825 10,2516.449055964248
17_20240825 11,2577.3408502343345
17_20240825 12,2507.1940304125137
17_20240825 13,2525.5127613354093
17_20240825 14,2549.2359775697396
17_20240825 15,2523.5499233831238
17_20240825 16,2497.2093448195474
17_20240825 17,2434.9110479562723
17_20240825 18,2373.1795984261016
17_20240825 19,2303.859447015894
17_20240825 20,2248.467456731134
17_20240825 21,2223.175412820653
17_20240825 22,2199.767078044938
17_20240825 23,2137.3468857010967
17_20240826 00,2102.127682204536
17_20240826 01,2056.758435517732
17_20240826 02,2035.9083516941823
17_20240826 03,2035.7372653545967
17_20240826 04,2064.363497850657
17_20240826 05,2223.9863108974905
17_20240826 06,2616.117443064854
17_20240826 07,3040.028387944216
17_20240826 08,3472.129712975405
17_20240826 09,3778.3261695276233
17_20240826 10,3827.073868165803
17_20240826 11,3874.9839255982824
17_20240826 12,3872.1828558152292
17_20240826 13,3868.248489879622
17_20240826 14,3890.3670358913887
17_20240826 15,3800.762646684802
17_20240826 16,3712.40612349762
17_20240826 17,3456.0537529962176
17_20240826 18,2891.688130623642
17_20240826 19,2630.077760239877
17_20240826 20,2492.8471523684257
17_20240826 21,2362.166406822623
17_20240826 22,2287.922309296264
17_20240826 23,2188.5429116182713
17_20240827 00,2104.9282792204103
17_20240827 01,2066.757267425167
17_20240827 02,2046.8147982702033
17_20240827 03,2032.4235131242424
17_20240827 04,2079.984219465351
17_20240827 05,2235.709996558487
17_20240827 06,2613.5956721254806
17_20240827 07,3008.503597545998
17_20240827 08,3390.359764140919
17_20240827 09,3550.901174268959
17_20240827 10,3624.3337137933554
17_20240827 11,3605.477939227205
17_20240827 12,3567.7282764936026
17_20240827 13,3589.4238594176204
17_20240827 14,3646.4665967476285
17_20240827 15,3576.945696287692
17_20240827 16,3554.4635236279155
17_20240827 17,3374.303547534837
17_20240827 18,2774.7337680326227
17_20240827 19,2530.2183447499697
17_20240827 20,2419.0001560761384
17_20240827 21,2324.4846895378587
17_20240827 22,2218.3284486953235
17_20240827 23,2129.9905390753297
17_20240828 00,2064.724397599507
17_20240828 01,2005.204497948757
17_20240828 02,1951.1733635705482
17_20240828 03,1937.1741708955578
17_20240828 04,1981.5296046367525
17_20240828 05,2106.1335430357717
17_20240828 06,2417.2771967094645
17_20240828 07,2892.2277184825975
17_20240828 08,3305.165243788338
17_20240828 09,3533.222113165346
17_20240828 10,3606.762332498267
17_20240828 11,3661.3621552145078
17_20240828 12,3708.8939582355065
17_20240828 13,3754.620114590034
17_20240828 14,3780.776426160938
17_20240828 15,3679.0808060119034
17_20240828 16,3641.4167193535754
17_20240828 17,3370.006854440569
17_20240828 18,2859.0026000006674
17_20240828 19,2546.2081144976128
17_20240828 20,2436.4403260004165
17_20240828 21,2349.8013738558107
17_20240828 22,2283.6963323895834
17_20240828 23,2163.6426694481224
17_20240829 00,2079.0214454179404
17_20240829 01,2008.8221916877822
17_20240829 02,1983.2474258669442
17_20240829 03,1950.2628917943023
17_20240829 04,1966.932967117423
17_20240829 05,2094.365051117446
17_20240829 06,2389.355410381011
17_20240829 07,2879.397262403861
17_20240829 08,3215.6240436781227
17_20240829 09,3475.8646333450884
17_20240829 10,3565.8799642931635
17_20240829 11,3636.793976185864
17_20240829 12,3696.656001199461
17_20240829 13,3726.7932936440657
17_20240829 14,3740.3247133814225
17_20240829 15,3638.6280486603046
17_20240829 16,3591.132567305163
17_20240829 17,3359.787769129292
17_20240829 18,2816.2151858575553
17_20240829 19,2504.885975494819
17_20240829 20,2401.799953054427
17_20240829 21,2286.936641601942
17_20240829 22,2237.1564720565
17_20240829 23,2118.3320822463447
17_20240830 00,2015.2905129182432
17_20240830 01,1979.7761867839577
17_20240830 02,1941.231194388992
17_20240830 03,1912.3412186004416
17_20240830 04,1939.0162123538469
17_20240830 05,2064.295941133746
17_20240830 06,2383.0829585756337
17_20240830 07,2912.3306825648287
17_20240830 08,3279.164249959813
17_20240830 09,3578.137620933449
17_20240830 10,3664.4294177709235
17_20240830 11,3665.8800147257643
17_20240830 12,3679.3769864393043
17_20240830 13,3662.251053560368
17_20240830 14,3674.3399791429847
17_20240830 15,3608.0297211533893
17_20240830 16,3543.6431420819354
17_20240830 17,3260.423164560072
17_20240830 18,2755.3008646228604
17_20240830 19,2460.9892160008008
17_20240830 20,2320.381616149526
17_20240830 21,2170.232272283532
17_20240830 22,2151.6241030141473
17_20240830 23,2066.196782481825
17_20240831 00,1990.803821666922
17_20240831 01,1957.5096681151674
17_20240831 02,1924.284590598285
17_20240831 03,1900.7353344392823
17_20240831 04,1928.1263878933448
17_20240831 05,1977.260790138857
17_20240831 06,2146.1198560363946
17_20240831 07,2359.1629231116904
17_20240831 08,2472.0803274215823
17_20240831 09,2662.060340702711
17_20240831 10,2718.1054444845995
17_20240831 11,2771.791353540488
17_20240831 12,2736.583666689917
17_20240831 13,2648.1925358883946
17_20240831 14,2545.39068621394
17_20240831 15,2512.95919312441
17_20240831 16,2509.119539736864
17_20240831 17,2433.452336515983
17_20240831 18,2304.755013310023
17_20240831 19,2222.927200151429
17_20240831 20,2163.925029193788
17_20240831 21,2107.6847549769745
17_20240831 22,2083.469464366006
17_20240831 23,2031.9963889158175
18_20240825 00,575.2506821527172
18_20240825 01,560.1410179209502
18_20240825 02,539.9524435375929
18_20240825 03,547.5854347736425
18_20240825 04,560.1532029565456
18_20240825 05,690.6004724677285
18_20240825 06,911.4344217728988
18_20240825 07,1103.6872375332446
18_20240825 08,1405.010561267506
18_20240825 09,1594.6066155334156
18_20240825 10,1715.733025876456
18_20240825 11,1735.8289427342136
18_20240825 12,1761.9631762452436
18_20240825 13,1725.069034176007
18_20240825 14,1704.1006290094178
18_20240825 15,1645.4461907083587
18_20240825 16,1428.8970885865976
18_20240825 17,1210.484443676176
18_20240825 18,956.135610249884
18_20240825 19,901.6362583655861
18_20240825 20,843.7996181643696
18_20240825 21,752.3903263897885
18_20240825 22,644.1186517593188
18_20240825 23,567.4406441029416
18_20240826 00,540.5909072680979
18_20240826 01,535.0914819583229
18_20240826 02,535.5057411817469
18_20240826 03,536.5612552485553
18_20240826 04,544.7327780039582
18_20240826 05,633.954130177282
18_20240826 06,764.4311442646188
18_20240826 07,989.2824145999666
18_20240826 08,1359.138262676263
18_20240826 09,1693.471795713267
18_20240826 10,2083.5668453243634
18_20240826 11,2139.106050024847
18_20240826 12,2155.240750328271
18_20240826 13,2128.690857767742
18_20240826 14,2107.9130277826707
18_20240826 15,2076.3337560529662
18_20240826 16,2039.969878890258
18_20240826 17,2020.603991391911
18_20240826 18,2010.5895599739881
18_20240826 19,1988.2966027246125
18_20240826 20,1943.031455749011
18_20240826 21,1673.2297512979926
18_20240826 22,880.4979833262809
18_20240826 23,608.1726410731757
18_20240827 00,560.0378395773785
18_20240827 01,541.0153021813692
18_20240827 02,539.4033764839464
18_20240827 03,547.2551061748782
18_20240827 04,555.1009603473574
18_20240827 05,639.0956078803575
18_20240827 06,760.5400195983641
18_20240827 07,1036.8646670966998
18_20240827 08,1327.3168444248195
18_20240827 09,1698.7873635393603
18_20240827 10,2055.1961367303165
18_20240827 11,2137.1846313401834
18_20240827 12,2153.481549659104
18_20240827 13,2176.5825659098896
18_20240827 14,2159.431950266382
18_20240827 15,2136.629611978402
18_20240827 16,2102.5277691582874
18_20240827 17,2063.6122010878835
18_20240827 18,2037.8492438398198
18_20240827 19,2003.787402926358
18_20240827 20,1951.2002291331655
18_20240827 21,1650.8013881776528
18_20240827 22,933.3392520751945
18_20240827 23,631.5218682170857
18_20240828 00,590.1299548876606
18_20240828 01,566.6556524148077
18_20240828 02,548.2905239766336
18_20240828 03,563.3989603138267
18_20240828 04,573.5198904632755
18_20240828 05,654.3517120387568
18_20240828 06,746.0902933853348
18_20240828 07,956.0275253590174
18_20240828 08,1331.907456179308
18_20240828 09,1811.1930418847264
18_20240828 10,2218.4599094816253
18_20240828 11,2316.7418271476754
18_20240828 12,2326.997857197085
18_20240828 13,2255.7342983829953
18_20240828 14,2222.05316228187
18_20240828 15,2190.797837378171
18_20240828 16,2136.2651247850736
18_20240828 17,2132.2822904986497
18_20240828 18,2187.934706766682
18_20240828 19,2197.5667152537103
18_20240828 20,2107.9552848303592
18_20240828 21,1849.5036386378592
18_20240828 22,942.7306988660625
18_20240828 23,633.8481523025539
18_20240829 00,572.3251749178826
18_20240829 01,567.4767106008445
18_20240829 02,559.9920622885005
18_20240829 03,557.5135979426204
18_20240829 04,575.0886900033438
18_20240829 05,653.1802177685493
18_20240829 06,743.1414122491726
18_20240829 07,1012.986779744565
18_20240829 08,1302.5825039247238
18_20240829 09,1668.9569580678358
18_20240829 10,2060.7511366126737
18_20240829 11,2157.259658670001
18_20240829 12,2192.3409540053544
18_20240829 13,2193.14787668342
18_20240829 14,2170.3258669071924
18_20240829 15,2118.02531162422
18_20240829 16,2070.444390514332
18_20240829 17,2041.6525189180945
18_20240829 18,2010.7444374378815
18_20240829 19,1992.1832408171097
18_20240829 20,1935.3607651348912
18_20240829 21,1645.226510075508
18_20240829 22,930.3656614987104
18_20240829 23,623.961092085286
18_20240830 00,571.0770529617956
18_20240830 01,563.7963913176472
18_20240830 02,550.4131043594027
18_20240830 03,555.0429338805028
18_20240830 04,570.4409553722033
18_20240830 05,642.0837998286027
18_20240830 06,755.6681486185338
18_20240830 07,1027.0511146960266
18_20240830 08,1340.6413171100664
18_20240830 09,1715.9109746765962
18_20240830 10,2065.247419769186
18_20240830 11,2163.7034567624114
18_20240830 12,2161.5569086557207
18_20240830 13,2169.512813984694
18_20240830 14,2158.871283451804
18_20240830 15,2139.0900142754517
18_20240830 16,2105.4226460748696
18_20240830 17,2123.5424112685364
18_20240830 18,2146.50244699641
18_20240830 19,2199.9754125492204
18_20240830 20,2114.693693185159
18_20240830 21,1815.3731379581654
18_20240830 22,1025.164174802988
18_20240830 23,650.9593530531288
18_20240831 00,586.3387861320014
18_20240831 01,566.423195072028
18_20240831 02,562.2457881724013
18_20240831 03,556.6975865809503
18_20240831 04,559.1772074801349
18_20240831 05,647.3358825944192
18_20240831 06,754.6743586916475
18_20240831 07,1012.8079868375611
18_20240831 08,1359.1604504738784
18_20240831 09,1766.8121009859515
18_20240831 10,2173.487810705488
18_20240831 11,2268.4428448532
18_20240831 12,2308.0387536230146
18_20240831 13,2304.097301053739
18_20240831 14,2284.013081123984
18_20240831 15,2225.894043570276
18_20240831 16,2200.1016834516677
18_20240831 17,2120.845697748681
18_20240831 18,2059.807662273991
18_20240831 19,2020.4636462208646
18_20240831 20,1939.9570968166095
18_20240831 21,1658.0992745447527
18_20240831 22,963.5785431095636
18_20240831 23,654.3372715133615
19_20240825 00,501.4391182995747
19_20240825 01,434.10935890491714
19_20240825 02,411.5786613313458
19_20240825 03,410.13728052614636
19_20240825 04,409.73015307034746
19_20240825 05,444.4494009801449
19_20240825 06,585.3685884680597
19_20240825 07,657.1018907323378
19_20240825 08,1083.055856757654
19_20240825 09,1807.3575983958992
19_20240825 10,2680.7348016200854
19_20240825 11,2886.787551391341
19_20240825 12,2888.2592928095933
19_20240825 13,2926.1784712130884
19_20240825 14,2971.5146369445747
19_20240825 15,2977.1444153117377
19_20240825 16,2961.2733122486625
19_20240825 17,2947.6405825853008
19_20240825 18,2916.8398419787563
19_20240825 19,2816.893960010081
19_20240825 20,2363.077564407556
19_20240825 21,1014.317533095249
19_20240825 22,736.0880583472995
19_20240825 23,594.409545749847
19_20240826 00,464.09384075476595
19_20240826 01,422.7617004601126
19_20240826 02,408.4611054642446
19_20240826 03,406.0265858894447
19_20240826 04,407.3159817820375
19_20240826 05,432.3285391622767
19_20240826 06,581.9674865791983
19_20240826 07,628.1564724332884
19_20240826 08,1038.0060226585547
19_20240826 09,1747.3856565043473
19_20240826 10,2598.101321743219
19_20240826 11,2873.8952824923454
19_20240826 12,2875.2136051456628
19_20240826 13,2839.7111166264467
19_20240826 14,2821.1693511651897
19_20240826 15,2805.002645448492
19_20240826 16,2783.044015174384
19_20240826 17,2781.087981548294
19_20240826 18,2756.625029437048
19_20240826 19,2525.1840458378088
19_20240826 20,1662.0736068211477
19_20240826 21,876.4694151179375
19_20240826 22,711.421281507776
19_20240826 23,577.4484819975874
19_20240827 00,472.1096128784779
19_20240827 01,419.25819887988996
19_20240827 02,403.4494041770107
19_20240827 03,399.0736272813183
19_20240827 04,407.0480202670923
19_20240827 05,439.0627828139895
19_20240827 06,581.2035829553679
19_20240827 07,640.5295635937474
19_20240827 08,1073.2275034148058
19_20240827 09,1785.6613362880516
19_20240827 10,2641.352048204092
19_20240827 11,2910.5734847836625
19_20240827 12,2913.6797622874633
19_20240827 13,2860.560929399746
19_20240827 14,2880.772759157747
19_20240827 15,2831.4644331030813
19_20240827 16,2813.9771270811584
19_20240827 17,2813.5978335620657
19_20240827 18,2813.7836735342894
19_20240827 19,2720.7602662738554
19_20240827 20,1814.3123265552697
19_20240827 21,866.6601149581475
19_20240827 22,709.5456687578264
19_20240827 23,626.5634789419337
19_20240828 00,504.4743686374626
19_20240828 01,439.22788461576783
19_20240828 02,416.08894479274375
19_20240828 03,424.2400304671946
19_20240828 04,422.8176361214514
19_20240828 05,442.584272852021
19_20240828 06,597.5187109803978
19_20240828 07,628.6814278556878
19_20240828 08,1046.837162759978
19_20240828 09,1830.5045608498015
19_20240828 10,2655.1724606080434
19_20240828 11,3016.224987326068
19_20240828 12,2951.7576773405312
19_20240828 13,2956.804003357988
19_20240828 14,3006.6357499336445
19_20240828 15,2972.6717632197096
19_20240828 16,2878.1280661988467
19_20240828 17,2831.468197498415
19_20240828 18,2810.9138760239744
19_20240828 19,2717.3162763156765
19_20240828 20,1770.0725929522205
19_20240828 21,884.5596508492625
19_20240828 22,731.0805098852036
19_20240828 23,593.8333626505869
19_20240829 00,486.77094940254386
19_20240829 01,438.7837814338235
19_20240829 02,414.29532093855835
19_20240829 03,415.3276187487253
19_20240829 04,422.73821533700755
19_20240829 05,472.4493318555103
19_20240829 06,605.9624187770983
19_20240829 07,660.5517107665539
19_20240829 08,1060.7587229717856
19_20240829 09,1808.5711918471015
19_20240829 10,2669.156339904573
19_20240829 11,2995.8689615780872
19_20240829 12,2939.193641386006
19_20240829 13,2921.8485309714097
19_20240829 14,2907.134535212089
19_20240829 15,2873.0439430998636
19_20240829 16,2833.2112923586283
19_20240829 17,2838.996715690194
19_20240829 18,2875.4910556201085
19_20240829 19,2715.899865955998
19_20240829 20,1778.4202089214534
19_20240829 21,973.5227485741442
19_20240829 22,742.4430053298051
19_20240829 23,596.2270746835926
19_20240830 00,520.0075009586919
19_20240830 01,457.9397419431929
19_20240830 02,421.4512686555801
19_20240830 03,405.1398506102794
19_20240830 04,414.5999943580732
19_20240830 05,463.32179323752126
19_20240830 06,606.2152481736384
19_20240830 07,657.5589499996904
19_20240830 08,1030.7266122341546
19_20240830 09,1773.2411551198638
19_20240830 10,2641.272954335986
19_20240830 11,2951.246436873429
19_20240830 12,2919.5894468261104
19_20240830 13,2942.80177702008
19_20240830 14,2915.1608499102103
19_20240830 15,2877.9905152051133
19_20240830 16,2802.098615930255
19_20240830 17,2835.505760422144
19_20240830 18,2801.6704769887347
19_20240830 19,2705.005490869098
19_20240830 20,2261.010917110803
19_20240830 21,941.5329841055798
19_20240830 22,737.9397744556121
19_20240830 23,603.4465699332557
19_20240831 00,511.01507007408856
19_20240831 01,444.19209870160796
19_20240831 02,417.2984956191753
19_20240831 03,413.400645527322
19_20240831 04,417.0558832607112
19_20240831 05,451.7420777225335
19_20240831 06,594.2151180957396
19_20240831 07,627.1510504445986
19_20240831 08,1050.7822697572715
19_20240831 09,1758.2982519785096
19_20240831 10,2627.692264693933
19_20240831 11,2967.556310861525
19_20240831 12,2968.462061019694
19_20240831 13,2985.387594492312
19_20240831 14,3007.4326774333103
19_20240831 15,2980.876488727474
19_20240831 16,2974.3828031053304
19_20240831 17,2966.2390467219984
19_20240831 18,2941.340312620131
19_20240831 19,2708.6081975739944
19_20240831 20,2272.1711005107495
19_20240831 21,987.025678540455
19_20240831 22,735.0812522011825
19_20240831 23,599.4799175463039
20_20240825 00,1801.657671649327
20_20240825 01,1800.6645100536991
20_20240825 02,1799.5932213847839
20_20240825 03,1797.5821376565239
20_20240825 04,1805.0443583721924
20_20240825 05,1800.1356231157818
20_20240825 06,1803.1060193133862
20_20240825 07,1782.1654587784574
20_20240825 08,1783.772347391834
20_20240825 09,1812.5382820333748
20_20240825 10,1817.3148563037626
20_20240825 11,1825.0984781172422
20_20240825 12,1822.0512685603062
20_20240825 13,1826.5541896345285
20_20240825 14,1823.6534204366378
20_20240825 15,1825.7300582959429
20_20240825 16,1829.0378915834413
20_20240825 17,1842.7011136504273
20_20240825 18,1819.3960993332319
20_20240825 19,1809.8655724043206
20_20240825 20,1809.191016773451
20_20240825 21,1803.2102358384193
20_20240825 22,1805.4027457670102
20_20240825 23,1800.2983833921492
20_20240826 00,1820.985094857422
20_20240826 01,1819.2664134223037
20_20240826 02,1819.2285501275378
20_20240826 03,1818.1172639834026
20_20240826 04,1803.727977184488
20_20240826 05,1805.7909468999073
20_20240826 06,1986.8585892601564
20_20240826 07,2141.20946574852
20_20240826 08,2182.349516496804
20_20240826 09,2317.7717851500533
20_20240826 10,2344.043290482294
20_20240826 11,2332.3230422752285
20_20240826 12,2322.428141677369
20_20240826 13,2330.4350935761377
20_20240826 14,2350.7673743237174
20_20240826 15,2308.9786854680424
20_20240826 16,2252.5708158701373
20_20240826 17,2193.8605636581506
20_20240826 18,2026.9122522195776
20_20240826 19,1923.8544333912341
20_20240826 20,1891.652476817415
20_20240826 21,1861.8759293794546
20_20240826 22,1851.7433633733185
20_20240826 23,1844.5649866211459
20_20240827 00,1823.8219315089138
20_20240827 01,1822.1518048068986
20_20240827 02,1820.7726668608054
20_20240827 03,1814.7692524797226
20_20240827 04,1814.3958053639658
20_20240827 05,1806.3872565286429
20_20240827 06,1977.4933459886215
20_20240827 07,2124.9923121557426
20_20240827 08,2169.950835982223
20_20240827 09,2287.0303646204325
20_20240827 10,2314.325935543505
20_20240827 11,2313.981009181011
20_20240827 12,2308.387365882213
20_20240827 13,2314.169604710164
20_20240827 14,2318.94963426978
20_20240827 15,2267.162344964316
20_20240827 16,2220.891759345641
20_20240827 17,2162.767275673297
20_20240827 18,1994.2737712185306
20_20240827 19,1919.793692028448
20_20240827 20,1878.740103685452
20_20240827 21,1854.181685020892
20_20240827 22,1841.2169794394897
20_20240827 23,1835.174507551338
20_20240828 00,1814.578883230176
20_20240828 01,1812.6373301408798
20_20240828 02,1799.8049251686507
20_20240828 03,1800.5849535911327
20_20240828 04,1812.0736062254807
20_20240828 05,1806.3570939781332
20_20240828 06,1963.6575525451074
20_20240828 07,2086.2202889419073
20_20240828 08,2140.1490673752196
20_20240828 09,2235.9752823954823
20_20240828 10,2277.0956391227983
20_20240828 11,2269.953394382636
20_20240828 12,2272.9227661964924
20_20240828 13,2279.7971571892676
20_20240828 14,2308.6310926806564
20_20240828 15,2238.5502631309837
20_20240828 16,2213.426331678367
20_20240828 17,2169.5174066614495
20_20240828 18,2006.5500271281371
20_20240828 19,1906.6955523661654
20_20240828 20,1862.5830406681466
20_20240828 21,1849.8761100427482
20_20240828 22,1833.0662522842003
20_20240828 23,1830.629574057644
20_20240829 00,1823.8504352918787
20_20240829 01,1818.2628307741506
20_20240829 02,1815.785215825796
20_20240829 03,1814.8415256271992
20_20240829 04,1811.9152022703172
20_20240829 05,1810.886044267767
20_20240829 06,1964.5627557559933
20_20240829 07,2106.9704664766177
20_20240829 08,2152.890805503453
20_20240829 09,2249.540453359565
20_20240829 10,2310.860691563631
20_20240829 11,2289.690157372629
20_20240829 12,2282.1483883982155
20_20240829 13,2297.318783294636
20_20240829 14,2317.312963254681
20_20240829 15,2238.9191722240985
20_20240829 16,2226.033544522118
20_20240829 17,2171.673537689152
20_20240829 18,2008.5101193137277
20_20240829 19,1928.39518699302
20_20240829 20,1890.600564769155
20_20240829 21,1862.7384826575476
20_20240829 22,1851.292330501907
20_20240829 23,1853.0727458698243
20_20240830 00,1824.4753042025166
20_20240830 01,1817.9402022643317
20_20240830 02,1816.3516706474124
20_20240830 03,1816.0809078592656
20_20240830 04,1814.234330801598
20_20240830 05,1817.364978085929
20_20240830 06,1974.5330067354448
20_20240830 07,2114.6725102022456
20_20240830 08,2141.768509168537
20_20240830 09,2267.73626428289
20_20240830 10,2301.85229914783
20_20240830 11,2304.599305571106
20_20240830 12,2291.903066083236
20_20240830 13,2298.690191863068
20_20240830 14,2313.9145418206044
20_20240830 15,2264.244105132715
20_20240830 16,2221.669046364872
20_20240830 17,2173.598722020607
20_20240830 18,2003.1068594376463
20_20240830 19,1908.9800244641042
20_20240830 20,1884.4202367341895
20_20240830 21,1849.5778808227963
20_20240830 22,1842.737889767328
20_20240830 23,1842.5347794863228
20_20240831 00,1804.9989935963617
20_20240831 01,1804.5335668234504
20_20240831 02,1804.4520568100681
20_20240831 03,1803.5872905238562
20_20240831 04,1799.1573519377182
20_20240831 05,1797.1607388553539
20_20240831 06,1800.7602876094911
20_20240831 07,1801.3271708995303
20_20240831 08,1803.8799098959648
20_20240831 09,1804.607945796772
20_20240831 10,1806.2569285890775
20_20240831 11,1823.8516906654409
20_20240831 12,1836.426336129058
20_20240831 13,1831.9240218838306
20_20240831 14,1832.47932042305
20_20240831 15,1836.085175527185
20_20240831 16,1842.9521593796444
20_20240831 17,1851.0953065162266
20_20240831 18,1822.3184972603442
20_20240831 19,1813.5701405834557
20_20240831 20,1811.3833732050832
20_20240831 21,1804.2989399970575
20_20240831 22,1803.8958868999937
20_20240831 23,1797.288227255144
21_20240825 00,2665.8476582953826
21_20240825 01,2649.006253176391
21_20240825 02,2618.704365772766
21_20240825 03,2633.9336272861815
21_20240825 04,2667.444583450009
21_20240825 05,2743.936871550192
21_20240825 06,2804.052450237278
21_20240825 07,2892.2650409600706
21_20240825 08,2940.0751116706147
21_20240825 09,2929.776310744188
21_20240825 10,2990.0481834133943
21_20240825 11,2982.3049742247745
21_20240825 12,2947.4942664379564
21_20240825 13,2939.5747950687037
21_20240825 14,2922.753016152712
21_20240825 15,2961.960674707764
21_20240825 16,2960.1306620791584
21_20240825 17,2967.144091718139
21_20240825 18,2954.625050656394
21_20240825 19,2868.3740254355544
21_20240825 20,2835.7949421068615
21_20240825 21,2749.5473322821053
21_20240825 22,2716.529910764768
21_20240825 23,2714.305073026353
21_20240826 00,2712.1691144838865
21_20240826 01,2719.185218052692
21_20240826 02,2698.8069226858843
21_20240826 03,2708.314145325774
21_20240826 04,2738.4080121342963
21_20240826 05,2945.137447408115
21_20240826 06,3122.605865888537
21_20240826 07,3408.185768182967
21_20240826 08,3750.235543801232
21_20240826 09,3825.7672359135677
21_20240826 10,3881.16302393835
21_20240826 11,3874.4980711039407
21_20240826 12,3849.928583157419
21_20240826 13,3827.0017328046297
21_20240826 14,3859.5814730790353
21_20240826 15,3852.8347005797264
21_20240826 16,3836.6968687423414
21_20240826 17,3622.7062252517994
21_20240826 18,3267.5018603219523
21_20240826 19,3080.2646561936763
21_20240826 20,2986.3074315756003
21_20240826 21,2875.116844372189
21_20240826 22,2773.405254409109
21_20240826 23,2744.32067779091
21_20240827 00,2729.013378525844
21_20240827 01,2726.336664717552
21_20240827 02,2718.10950953368
21_20240827 03,2724.338393238196
21_20240827 04,2729.1861974057897
21_20240827 05,2908.639423923335
21_20240827 06,3118.952612389736
21_20240827 07,3397.455919987546
21_20240827 08,3698.926961364867
21_20240827 09,3787.1066821158347
21_20240827 10,3816.840174495316
21_20240827 11,3790.263178659798
21_20240827 12,3778.634502606178
21_20240827 13,3766.1268347735504
21_20240827 14,3768.8691909999034
21_20240827 15,3718.702143693902
21_20240827 16,3731.8991078153244
21_20240827 17,3536.6139880112946
21_20240827 18,3171.5998965537115
21_20240827 19,3012.9781888493276
21_20240827 20,2862.9639611696775
21_20240827 21,2777.27997993197
21_20240827 22,2709.4695885911
21_20240827 23,2610.3918192454867
21_20240828 00,2568.3360837337077
21_20240828 01,2552.600430363825
21_20240828 02,2545.565221445714
21_20240828 03,2564.6939727132803
21_20240828 04,2623.3265522310817
21_20240828 05,2781.0879453825073
21_20240828 06,2976.424422760899
21_20240828 07,3243.9976972456407
21_20240828 08,3569.4875912453144
21_20240828 09,3669.9874096705
21_20240828 10,3698.2320182157114
21_20240828 11,3740.174532675332
21_20240828 12,3685.771402485173
21_20240828 13,3690.574839431164
21_20240828 14,3705.749161596478
21_20240828 15,3740.4697757719578
21_20240828 16,3704.033024351944
21_20240828 17,3505.8282146029683
21_20240828 18,3182.485085233706
21_20240828 19,3026.7898488082997
21_20240828 20,2941.8035898509133
21_20240828 21,2812.52951960891
21_20240828 22,2743.849506312111
21_20240828 23,2694.4645486534278
21_20240829 00,2644.7089430820906
21_20240829 01,2641.632701931499
21_20240829 02,2631.3903901127214
21_20240829 03,2590.41855086714
21_20240829 04,2673.302564452233
21_20240829 05,2850.680728296332
21_20240829 06,3044.4404824022913
21_20240829 07,3241.6224393089633
21_20240829 08,3616.8947382126516
21_20240829 09,3706.927791098643
21_20240829 10,3744.195859813369
21_20240829 11,3731.4752628380757
21_20240829 12,3694.7785148148714
21_20240829 13,3682.288883299324
21_20240829 14,3711.8730687281795
21_20240829 15,3729.1373181853896
21_20240829 16,3708.847912820461
21_20240829 17,3489.904396951638
21_20240829 18,3168.279412525667
21_20240829 19,3045.5350773672153
21_20240829 20,2903.6120727026664
21_20240829 21,2813.758565892841
21_20240829 22,2719.7280130451877
21_20240829 23,2685.7706137524256
21_20240830 00,2652.2769572130433
21_20240830 01,2651.855829355529
21_20240830 02,2633.2866772248044
21_20240830 03,2641.6148619099013
21_20240830 04,2671.9154918898785
21_20240830 05,2859.217466268652
21_20240830 06,3054.0189858659323
21_20240830 07,3234.607994713794
21_20240830 08,3605.650659352537
21_20240830 09,3687.435688268106
21_20240830 10,3730.6195724556774
21_20240830 11,3749.5566505175784
21_20240830 12,3711.4011463694897
21_20240830 13,3700.5632696008015
21_20240830 14,3726.0450548846693
21_20240830 15,3736.053267410838
21_20240830 16,3717.7710908226773
21_20240830 17,3477.578024161246
21_20240830 18,3175.517042904229
21_20240830 19,3026.3071864993735
21_20240830 20,2912.8364818099008
21_20240830 21,2815.4300909734466
21_20240830 22,2741.5994316770466
21_20240830 23,2687.7482689640824
21_20240831 00,2626.1534577532325
21_20240831 01,2595.0138137745816
21_20240831 02,2562.8657947584325
21_20240831 03,2585.1513175306345
21_20240831 04,2592.8163321126767
21_20240831 05,2669.0082312299323
21_20240831 06,2806.167216686165
21_20240831 07,3083.5391626344135
21_20240831 08,3243.2767364092797
21_20240831 09,3274.8494582936087
21_20240831 10,3302.934835953185
21_20240831 11,3303.3169128926857
21_20240831 12,3156.6340081433787
21_20240831 13,2987.699279214249
21_20240831 14,2877.9985210198943
21_20240831 15,2927.214753555373
21_20240831 16,2961.8386284371168
21_20240831 17,2910.6483370410815
21_20240831 18,2863.393467851529
21_20240831 19,2765.471715823427
21_20240831 20,2709.9906363626974
21_20240831 21,2645.6964107333706
21_20240831 22,2573.841293747467
21_20240831 23,2510.4836933994684
22_20240825 00,1765.4276742820393
22_20240825 01,1741.773547456477
22_20240825 02,1725.0346806433947
22_20240825 03,1713.8289394572307
22_20240825 04,1682.186994866875
22_20240825 05,1653.7160869222269
22_20240825 06,1646.8151681466213
22_20240825 07,1667.9555297043244
22_20240825 08,1686.8072025170989
22_20240825 09,1690.7587289283397
22_20240825 10,1727.7554552350757
22_20240825 11,1794.7015216585469
22_20240825 12,1853.4905910263524
22_20240825 13,1915.4429982815327
22_20240825 14,1975.7819487619813
22_20240825 15,2083.200516687144
22_20240825 16,2135.5504947876634
22_20240825 17,2095.29449941241
22_20240825 18,2090.814515808237
22_20240825 19,2065.4688533415147
22_20240825 20,2052.844577627474
22_20240825 21,2022.387264997232
22_20240825 22,1950.2855822214842
22_20240825 23,1846.0748842835776
22_20240826 00,1821.5521224399713
22_20240826 01,1750.5643695431922
22_20240826 02,1727.5566528170748
22_20240826 03,1723.939194728635
22_20240826 04,1701.0203245945502
22_20240826 05,1657.0926647157257
22_20240826 06,1657.6989011323822
22_20240826 07,1796.6956902825873
22_20240826 08,2300.254582921174
22_20240826 09,3044.0110014004777
22_20240826 10,3374.2746037228508
22_20240826 11,3426.20146706129
22_20240826 12,3365.3929568297463
22_20240826 13,3551.1549179981544
22_20240826 14,3694.0321509476275
22_20240826 15,3704.308726872564
22_20240826 16,3622.979858023391
22_20240826 17,3306.8674267725437
22_20240826 18,2779.7553923410937
22_20240826 19,2510.3683403530426
22_20240826 20,2399.6910932276023
22_20240826 21,2253.81159518955
22_20240826 22,2127.1996784121434
22_20240826 23,1956.4172911502928
22_20240827 00,1880.6648871452396
22_20240827 01,1802.153216248654
22_20240827 02,1755.7709975327682
22_20240827 03,1788.0499798686578
22_20240827 04,1764.056728976848
22_20240827 05,1703.9199097947014
22_20240827 06,1729.0381423812928
22_20240827 07,1853.275822786834
22_20240827 08,2279.980334158749
22_20240827 09,2911.348328316918
22_20240827 10,3173.2770250291546
22_20240827 11,3199.9796735497644
22_20240827 12,3157.7617122038355
22_20240827 13,3445.8973716297105
22_20240827 14,3565.6217555544154
22_20240827 15,3326.3567399690705
22_20240827 16,3278.814737775514
22_20240827 17,3060.055123133012
22_20240827 18,2731.108170488456
22_20240827 19,2493.799243458522
22_20240827 20,2368.9665893600795
22_20240827 21,2237.7650601206874
22_20240827 22,2121.5493687189005
22_20240827 23,1942.0913349108184
22_20240828 00,1830.0705131476357
22_20240828 01,1765.3387763092628
22_20240828 02,1711.3193709093841
22_20240828 03,1694.9032989193179
22_20240828 04,1720.6192754504114
22_20240828 05,1685.9560539692998
22_20240828 06,1704.7699658688794
22_20240828 07,1818.5794945627201
22_20240828 08,2294.4389116131406
22_20240828 09,2777.313256026883
22_20240828 10,2949.066862268272
22_20240828 11,2990.5106160887494
22_20240828 12,2934.231515857442
22_20240828 13,3156.182822374387
22_20240828 14,3315.85086956751
22_20240828 15,3371.369093688324
22_20240828 16,3213.8274418052397
22_20240828 17,2987.322618746357
22_20240828 18,2678.1472816236164
22_20240828 19,2427.4089368294945
22_20240828 20,2346.4516881622744
22_20240828 21,2232.020370838409
22_20240828 22,2107.7560323219905
22_20240828 23,1959.7013781679088
22_20240829 00,1883.5012144985933
22_20240829 01,1822.54464835852
22_20240829 02,1796.9741019533474
22_20240829 03,1749.8442872501541
22_20240829 04,1747.5850904046788
22_20240829 05,1699.7770650404634
22_20240829 06,1685.4511131620434
22_20240829 07,1812.0081889520657
22_20240829 08,2235.1414199167266
22_20240829 09,2774.9441203004817
22_20240829 10,3059.4526688960527
22_20240829 11,3077.319529332744
22_20240829 12,3026.689329271322
22_20240829 13,3231.4196178872735
22_20240829 14,3355.925519487824
22_20240829 15,3345.4850431279324
22_20240829 16,3307.798304880623
22_20240829 17,3021.2281319747663
22_20240829 18,2672.400635403294
22_20240829 19,2420.25059870217
22_20240829 20,2312.1752372111905
22_20240829 21,2197.917665403098
22_20240829 22,2067.8441778092647
22_20240829 23,1930.9387410361605
22_20240830 00,1838.318532733635
22_20240830 01,1775.0865888116446
22_20240830 02,1737.6477957169532
22_20240830 03,1717.272205383315
22_20240830 04,1728.8641878355872
22_20240830 05,1689.6784298248558
22_20240830 06,1695.6447616163891
22_20240830 07,1803.1566819812142
22_20240830 08,2204.5670900017208
22_20240830 09,2725.9655314941915
22_20240830 10,2955.0963423372987
22_20240830 11,2989.720110500856
22_20240830 12,2925.429035880031
22_20240830 13,3099.9360164015757
22_20240830 14,3237.637507119881
22_20240830 15,3241.2033944622763
22_20240830 16,3189.9024283267972
22_20240830 17,2957.492038319354
22_20240830 18,2617.204573352329
22_20240830 19,2322.626920018146
22_20240830 20,2193.6346102351463
22_20240830 21,2098.14031281595
22_20240830 22,1994.6325375525132
22_20240830 23,1842.8716718449123
22_20240831 00,1710.8488334890874
22_20240831 01,1669.818741434478
22_20240831 02,1652.9265744968534
22_20240831 03,1659.4155631389322
22_20240831 04,1628.9294738707
22_20240831 05,1586.013292049071
22_20240831 06,1561.1174751820731
22_20240831 07,1609.151976129839
22_20240831 08,1631.1605521289482
22_20240831 09,1659.7489870802096
22_20240831 10,1793.6138799440023
22_20240831 11,1811.512635353035
22_20240831 12,1822.052358409564
22_20240831 13,1909.8686442431294
22_20240831 14,2071.132491898161
22_20240831 15,2094.28359083527
22_20240831 16,2097.5845314849
22_20240831 17,2009.2136986311143
22_20240831 18,1981.5587385087174
22_20240831 19,1932.3236189516915
22_20240831 20,1951.4776641975468
22_20240831 21,1884.5681540092337
22_20240831 22,1797.1921556072698
22_20240831 23,1689.0418712018177
23_20240825 00,1582.0466077189685
23_20240825 01,1568.6496023212662
23_20240825 02,1560.1325575357234
23_20240825 03,1551.7119263525456
23_20240825 04,1553.3514040471305
23_20240825 05,1544.459860872672
23_20240825 06,1528.2366241527825
23_20240825 07,1497.8225216695705
23_20240825 08,1417.9772958117405
23_20240825 09,1319.860087466523
23_20240825 10,1296.696893328904
23_20240825 11,1312.6605997301895
23_20240825 12,1221.3774731115104
23_20240825 13,1256.3814423795
23_20240825 14,1250.4676878285409
23_20240825 15,1327.6392410091466
23_20240825 16,1397.193041555682
23_20240825 17,1495.7599344985065
23_20240825 18,1584.3390157142474
23_20240825 19,1614.8856365946033
23_20240825 20,1631.0522193325896
23_20240825 21,1607.7083813026215
23_20240825 22,1598.877039075766
23_20240825 23,1577.7352636845133
23_20240826 00,1729.8501688391798
23_20240826 01,1735.8965676055045
23_20240826 02,1731.0164314702586
23_20240826 03,1731.234986208659
23_20240826 04,1730.614581814157
23_20240826 05,1728.2860312055745
23_20240826 06,1742.3597993395945
23_20240826 07,1870.9641950312787
23_20240826 08,2128.3977736315082
23_20240826 09,2646.8134043503915
23_20240826 10,2714.9163482367826
23_20240826 11,2563.1880821625336
23_20240826 12,3522.560681737266
23_20240826 13,3790.0910000475674
23_20240826 14,4000.3660801426695
23_20240826 15,3794.1628307424608
23_20240826 16,3620.1728117104944
23_20240826 17,3304.92428407198
23_20240826 18,2374.622855336456
23_20240826 19,2217.537272765473
23_20240826 20,2087.9721235513584
23_20240826 21,1912.1235845293368
23_20240826 22,1704.439729280703
23_20240826 23,1659.227334173059
23_20240827 00,1798.660380966231
23_20240827 01,1809.2253528308345
23_20240827 02,1804.4424190555246
23_20240827 03,1803.3320072606934
23_20240827 04,1798.6957411200042
23_20240827 05,1799.2317942077395
23_20240827 06,1818.199304677309
23_20240827 07,1910.19761500001
23_20240827 08,2167.6072708223855
23_20240827 09,3088.9920725354505
23_20240827 10,3731.184230489381
23_20240827 11,3731.1800796522575
23_20240827 12,4170.818420496364
23_20240827 13,4296.103353747991
23_20240827 14,4031.0679846725743
23_20240827 15,3774.893647829533
23_20240827 16,3848.8415920442753
23_20240827 17,2941.656881083858
23_20240827 18,2259.9712385441326
23_20240827 19,1903.5003851984773
23_20240827 20,1838.1706810818278
23_20240827 21,1773.8899666687646
23_20240827 22,1667.1479493309853
23_20240827 23,1627.002076134042
23_20240828 00,1775.8195589828933
23_20240828 01,1796.3710152040783
23_20240828 02,1798.7954248416968
23_20240828 03,1791.7955459539678
23_20240828 04,1791.7088937111123
23_20240828 05,1767.3594300084317
23_20240828 06,1798.3912097598773
23_20240828 07,1876.8479865469449
23_20240828 08,2047.8668863907074
23_20240828 09,3194.9390849210668
23_20240828 10,3903.4463868220787
23_20240828 11,3744.0661222672616
23_20240828 12,4055.896942915327
23_20240828 13,4073.4435120719636
23_20240828 14,3884.667970506029
23_20240828 15,3716.6633816746535
23_20240828 16,3395.0146352809334
23_20240828 17,3269.082148933766
23_20240828 18,2446.3636989192723
23_20240828 19,2284.5556529350924
23_20240828 20,2057.8063369051088
23_20240828 21,1841.5772779113247
23_20240828 22,1674.1082668518925
23_20240828 23,1636.085878846477
23_20240829 00,1725.495379470741
23_20240829 01,1750.6481436427619
23_20240829 02,1746.1395619429243
23_20240829 03,1721.2062976204006
23_20240829 04,1740.1364029438387
23_20240829 05,1735.2454891645168
23_20240829 06,1755.6188521827962
23_20240829 07,1853.2341404423619
23_20240829 08,2027.0803466109307
23_20240829 09,2770.224528215298
23_20240829 10,3358.376472890869
23_20240829 11,3293.278571209452
23_20240829 12,3913.0254202854767
23_20240829 13,3831.057206266418
23_20240829 14,3867.459392719774
23_20240829 15,3551.147325688813
23_20240829 16,3273.521730207597
23_20240829 17,3047.315890216009
23_20240829 18,2356.0608450493187
23_20240829 19,2212.965126417122
23_20240829 20,2049.2240451315447
23_20240829 21,1853.3306692612164
23_20240829 22,1686.4403503354451
23_20240829 23,1639.6536465113618
23_20240830 00,1710.2876732355533
23_20240830 01,1738.2463302092513
23_20240830 02,1738.5522723925988
23_20240830 03,1721.4496882333199
23_20240830 04,1735.7030891748493
23_20240830 05,1719.3755153824898
23_20240830 06,1724.325102132467
23_20240830 07,1782.4823269086858
23_20240830 08,2066.405901309641
23_20240830 09,2305.5666708350336
23_20240830 10,2124.305725109006
23_20240830 11,2176.9853720675874
23_20240830 12,2698.544273930663
23_20240830 13,2299.892362950972
23_20240830 14,2209.6853399864276
23_20240830 15,2035.9018173725804
23_20240830 16,2219.6925445067086
23_20240830 17,2107.4803047162814
23_20240830 18,1863.3345190610457
23_20240830 19,1738.6631995986772
23_20240830 20,1701.5536121300906
23_20240830 21,1633.6273821592213
23_20240830 22,1604.400999250616
23_20240830 23,1597.8815844826636
23_20240831 00,1563.1134546780133
23_20240831 01,1552.144820002007
23_20240831 02,1527.177718345727
23_20240831 03,1511.7829483018543
23_20240831 04,1501.0001982580816
23_20240831 05,1500.2793951947378
23_20240831 06,1469.5405225229006
23_20240831 07,1433.6440629763538
23_20240831 08,1333.5140842677415
23_20240831 09,1238.7214607221292
23_20240831 10,1195.4782891498728
23_20240831 11,1171.381480993995
23_20240831 12,1134.4476261123118
23_20240831 13,1138.8296552853176
23_20240831 14,1155.8756265047605
23_20240831 15,1266.1810481170573
23_20240831 16,1331.1544854624933
23_20240831 17,1427.46254977075
23_20240831 18,1526.530786692243
23_20240831 19,1570.5283269039094
23_20240831 20,1565.6467071937122
23_20240831 21,1552.6200033354135
23_20240831 22,1541.974322412427
23_20240831 23,1537.6154229790193
24_20240825 00,1210.725194278477
24_20240825 01,1184.9318496584403
24_20240825 02,1156.025510193611
24_20240825 03,1141.7972423810224
24_20240825 04,1133.8612351707832
24_20240825 05,1105.11376658872
24_20240825 06,1070.240167006271
24_20240825 07,1040.77008996367
24_20240825 08,991.2412729764915
24_20240825 09,911.8801414098293
24_20240825 10,810.5706047595547
24_20240825 11,839.3045747498697
24_20240825 12,797.4517811060042
24_20240825 13,837.4991724490058
24_20240825 14,963.3514449684737
24_20240825 15,1064.0604724522416
24_20240825 16,1180.4284154752095
24_20240825 17,1341.1281988364062
24_20240825 18,1371.3246380704259
24_20240825 19,1378.6339517252907
24_20240825 20,1406.7590125445386
24_20240825 21,1376.1592911092014
24_20240825 22,1339.0735276107464
24_20240825 23,1288.7721699735744
24_20240826 00,1246.5422868883732
24_20240826 01,1198.7251151589894
24_20240826 02,1173.7785273812644
24_20240826 03,1149.307094819365
24_20240826 04,1146.655201382578
24_20240826 05,1121.5485972388522
24_20240826 06,1095.4740299826349
24_20240826 07,1091.7968169481096
24_20240826 08,1230.657393237125
24_20240826 09,1679.2795725459223
24_20240826 10,1878.9125461126882
24_20240826 11,2117.272865103922
24_20240826 12,1984.5251839351224
24_20240826 13,2091.713358726392
24_20240826 14,2142.725156085078
24_20240826 15,2289.3685340631873
24_20240826 16,2391.7106607540572
24_20240826 17,2282.360193923884
24_20240826 18,1935.5603083341907
24_20240826 19,1768.075354969565
24_20240826 20,1697.7774841097212
24_20240826 21,1597.2513056880587
24_20240826 22,1452.7294966749068
24_20240826 23,1356.0156260082967
24_20240827 00,1276.3960491798496
24_20240827 01,1225.3198634378623
24_20240827 02,1192.6888169846968
24_20240827 03,1153.0971306262418
24_20240827 04,1136.4159498565864
24_20240827 05,1115.9766467355348
24_20240827 06,1092.2685628010126
24_20240827 07,1092.7681300916245
24_20240827 08,1237.8530058757128
24_20240827 09,1686.3696056170263
24_20240827 10,1862.903512863913
24_20240827 11,1993.8786755567671
24_20240827 12,1875.3867509748845
24_20240827 13,2057.81972155123
24_20240827 14,2113.532700411549
24_20240827 15,2217.435561065211
24_20240827 16,2270.9633793977273
24_20240827 17,2208.134366276331
24_20240827 18,1913.0105200351636
24_20240827 19,1725.8733685366203
24_20240827 20,1643.3384862373528
24_20240827 21,1570.3703789930187
24_20240827 22,1428.032295586511
24_20240827 23,1332.830998722305
24_20240828 00,1275.2482142867425
24_20240828 01,1214.9310246719906
24_20240828 02,1163.1663193128752
24_20240828 03,1139.2078639491092
24_20240828 04,1130.9678295744593
24_20240828 05,1108.8735295981846
24_20240828 06,1085.318429459657
24_20240828 07,1068.1820240097948
24_20240828 08,1198.839281336839
24_20240828 09,1627.710854765885
24_20240828 10,1742.024206999032
24_20240828 11,1916.0309838951503
24_20240828 12,1805.7571962874179
24_20240828 13,1946.144104324118
24_20240828 14,1999.8366251695836
24_20240828 15,2143.839575446793
24_20240828 16,2266.9506853160647
24_20240828 17,2218.3863365621683
24_20240828 18,1896.136624161943
24_20240828 19,1749.332216864147
24_20240828 20,1637.6945065240848
24_20240828 21,1559.6656480364802
24_20240828 22,1415.8869872291425
24_20240828 23,1334.7162870562236
24_20240829 00,1261.5675263271937
24_20240829 01,1214.1910857644664
24_20240829 02,1183.2281077957368
24_20240829 03,1158.6361811384281
24_20240829 04,1138.046988146323
24_20240829 05,1109.7262269433763
24_20240829 06,1086.44341615668
24_20240829 07,1075.2839375297897
24_20240829 08,1193.5004294491782
24_20240829 09,1504.704287556308
24_20240829 10,1633.9002158334315
24_20240829 11,1807.1807020636948
24_20240829 12,1787.9036031789028
24_20240829 13,1930.3354798894973
24_20240829 14,2029.614046315404
24_20240829 15,2182.728538354668
24_20240829 16,2155.6499532596554
24_20240829 17,2125.0728705151923
24_20240829 18,1793.019334355947
24_20240829 19,1638.8031317878203
24_20240829 20,1585.6373449360774
24_20240829 21,1529.9124140665663
24_20240829 22,1409.0501214892793
24_20240829 23,1338.9793438916015
24_20240830 00,1230.1057391863505
24_20240830 01,1195.1893908330935
24_20240830 02,1177.6113433026458
24_20240830 03,1146.3997465903926
24_20240830 04,1136.138554165645
24_20240830 05,1101.1801499138367
24_20240830 06,1075.6290347831234
24_20240830 07,1064.5936896327348
24_20240830 08,1135.0746736109475
24_20240830 09,1493.3423243916955
24_20240830 10,1675.3436425497891
24_20240830 11,1810.354013684534
24_20240830 12,1751.4845990841611
24_20240830 13,1858.0296511611282
24_20240830 14,1939.812496449796
24_20240830 15,2055.626871264735
24_20240830 16,2125.44817640293
24_20240830 17,2041.2446120905356
24_20240830 18,1797.9491444697599
24_20240830 19,1605.7082301981336
24_20240830 20,1507.4584293726496
24_20240830 21,1464.2956219253024
24_20240830 22,1329.0916026675404
24_20240830 23,1274.3640924825077
24_20240831 00,1178.5654127762452
24_20240831 01,1144.256341679346
24_20240831 02,1113.9190056645605
24_20240831 03,1091.609278166315
24_20240831 04,1083.053662939564
24_20240831 05,1041.9899783406913
24_20240831 06,1006.9540785148154
24_20240831 07,959.8483300585164
24_20240831 08,842.9882019573613
24_20240831 09,737.5174422706177
24_20240831 10,724.9259144100168
24_20240831 11,741.2019332226887
24_20240831 12,752.9459414991691
24_20240831 13,745.7199218496166
24_20240831 14,869.6018050136256
24_20240831 15,967.0548381925151
24_20240831 16,1138.4229781536005
24_20240831 17,1275.9783088803417
24_20240831 18,1272.7169280325138
24_20240831 19,1274.4196439782945
24_20240831 20,1290.4168226736238
24_20240831 21,1271.4096366152526
24_20240831 22,1242.0155530845745
24_20240831 23,1215.4792684102467
25_20240825 00,1308.6405256207513
25_20240825 01,1153.1139470317462
25_20240825 02,1055.031410100009
25_20240825 03,940.1041398474723
25_20240825 04,900.1579123110109
25_20240825 05,905.1206570529273
25_20240825 06,966.7289705469202
25_20240825 07,1134.6472217004625
25_20240825 08,1275.1833105511744
25_20240825 09,1411.3874862575137
25_20240825 10,1535.1446088386692
25_20240825 11,1603.5735600455716
25_20240825 12,1677.3583465106835
25_20240825 13,1731.6006819573513
25_20240825 14,1690.1635955513798
25_20240825 15,1691.6771012096
25_20240825 16,1747.6034984360379
25_20240825 17,1812.5158484519147
25_20240825 18,1967.8143650734205
25_20240825 19,2143.18884467829
25_20240825 20,2086.357155406463
25_20240825 21,2002.4880841268662
25_20240825 22,1779.8258134386328
25_20240825 23,1523.9887245927343
25_20240826 00,1256.5724790525192
25_20240826 01,1168.4203870575734
25_20240826 02,1031.5645659035972
25_20240826 03,916.2913254564573
25_20240826 04,865.5098672498275
25_20240826 05,862.4534195586074
25_20240826 06,941.7367720447129
25_20240826 07,1142.9184000610476
25_20240826 08,1266.8803554337533
25_20240826 09,1177.8355769851578
25_20240826 10,1161.2945763802736
25_20240826 11,1152.2619361174511
25_20240826 12,1379.694612346634
25_20240826 13,1326.9533137949693
25_20240826 14,1354.5035326520165
25_20240826 15,1675.7583523375997
25_20240826 16,1767.4226316261165
25_20240826 17,1927.349973040544
25_20240826 18,2208.657265815512
25_20240826 19,2429.0442439067097
25_20240826 20,2226.8304333121105
25_20240826 21,2026.131154308175
25_20240826 22,1751.1568132690436
25_20240826 23,1456.8056364199651
25_20240827 00,1250.0527870762403
25_20240827 01,1159.6354832743586
25_20240827 02,985.4222773137521
25_20240827 03,953.9034428398069
25_20240827 04,907.9697913071286
25_20240827 05,872.9166493820337
25_20240827 06,977.7154091560534
25_20240827 07,1191.2144024662261
25_20240827 08,1284.3608148368494
25_20240827 09,1162.469616995082
25_20240827 10,1123.1133377220679
25_20240827 11,1034.8625016052035
25_20240827 12,1118.1018305675445
25_20240827 13,1151.8077054341102
25_20240827 14,1137.7959772277495
25_20240827 15,1080.2243423006405
25_20240827 16,1173.4163503030677
25_20240827 17,1399.7519973883827
25_20240827 18,1538.4365824214087
25_20240827 19,1631.3608033319701
25_20240827 20,1646.1949092658015
25_20240827 21,1628.9120101487842
25_20240827 22,1491.7313854899194
25_20240827 23,1210.9859113137577
25_20240828 00,1122.5250487565054
25_20240828 01,1022.2443052746542
25_20240828 02,889.5858300165171
25_20240828 03,837.4833850891182
25_20240828 04,803.0179621624034
25_20240828 05,799.062172730441
25_20240828 06,844.5410600885739
25_20240828 07,1079.4390325244754
25_20240828 08,1090.6049987619945
25_20240828 09,1032.5135721422337
25_20240828 10,994.0704702777156
25_20240828 11,986.262599930075
25_20240828 12,1008.3922805510686
25_20240828 13,1112.6902434278973
25_20240828 14,1181.1288186695729
25_20240828 15,1242.5213305130487
25_20240828 16,1284.2090154785649
25_20240828 17,1448.7274999643262
25_20240828 18,1655.1975185363158
25_20240828 19,1723.4211265760564
25_20240828 20,1703.5459173895786
25_20240828 21,1670.6996672205598
25_20240828 22,1540.7418037409634
25_20240828 23,1259.7327309609302
25_20240829 00,1142.36128175585
25_20240829 01,1027.8538762229782
25_20240829 02,933.2426339548743
25_20240829 03,879.7984583398928
25_20240829 04,842.6980830006289
25_20240829 05,864.0571322144057
25_20240829 06,924.2144722776987
25_20240829 07,1127.919798981059
25_20240829 08,1196.1560879744657
25_20240829 09,1114.8790750210158
25_20240829 10,1088.9737804571992
25_20240829 11,1074.8829673133077
25_20240829 12,1161.0107632616048
25_20240829 13,1253.08151324326
25_20240829 14,1255.0591905898737
25_20240829 15,1475.6244719339174
25_20240829 16,1480.8706117210081
25_20240829 17,1570.8735445755274
25_20240829 18,1753.0661948978122
25_20240829 19,1872.0620997886742
25_20240829 20,1920.823347219508
25_20240829 21,1864.5047895910875
25_20240829 22,1699.4961549447553
25_20240829 23,1354.4090351899845
25_20240830 00,1208.2056558101929
25_20240830 01,1061.6121624027046
25_20240830 02,935.5657261227067
25_20240830 03,877.1290549746612
25_20240830 04,820.3247959275917
25_20240830 05,809.2163646369381
25_20240830 06,898.3958133466638
25_20240830 07,1141.2838251661065
25_20240830 08,1207.2540894239783
25_20240830 09,1094.3706133518658
25_20240830 10,1075.4928084663188
25_20240830 11,1035.2021979892734
25_20240830 12,1175.479126391716
25_20240830 13,1241.2198670527541
25_20240830 14,1331.3366552502414
25_20240830 15,1358.9177706862204
25_20240830 16,1425.200310962238
25_20240830 17,1574.0420912373227
25_20240830 18,1713.8819753078037
25_20240830 19,1697.4960161894842
25_20240830 20,1654.9974961303524
25_20240830 21,1616.4667134718052
25_20240830 22,1528.2750490947176
25_20240830 23,1279.693623740623
25_20240831 00,1137.9014896973767
25_20240831 01,991.7288542011393
25_20240831 02,880.3885193908022
25_20240831 03,830.0186790666252
25_20240831 04,792.6840923872808
25_20240831 05,791.5180342758259
25_20240831 06,806.3614704105621
25_20240831 07,964.4481789941578
25_20240831 08,1057.4213244354069
25_20240831 09,1156.8024822885038
25_20240831 10,1257.6077576598175
25_20240831 11,1353.9552511172697
25_20240831 12,1310.949475454363
25_20240831 13,1361.3350941508102
25_20240831 14,1360.4477519496277
25_20240831 15,1322.7283300140816
25_20240831 16,1352.3174888273288
25_20240831 17,1430.4931838126809
25_20240831 18,1507.0857560152356
25_20240831 19,1616.8005706021509
25_20240831 20,1609.5702746598852
25_20240831 21,1591.071793860796
25_20240831 22,1464.3323125001966
25_20240831 23,1256.0631196980353
26_20240825 00,788.7885707500641
26_20240825 01,754.2027425160849
26_20240825 02,774.2415163854253
26_20240825 03,781.2789023619567
26_20240825 04,748.0301623372409
26_20240825 05,743.4348028988404
26_20240825 06,826.3309217573067
26_20240825 07,1172.1490393149074
26_20240825 08,2091.7920833370467
26_20240825 09,3130.441618009201
26_20240825 10,3774.3869247306075
26_20240825 11,3939.0407456755343
26_20240825 12,3965.8944425836203
26_20240825 13,3998.8445154656247
26_20240825 14,4092.101160013597
26_20240825 15,4085.8529883636425
26_20240825 16,3852.6209882598296
26_20240825 17,3438.5635056491355
26_20240825 18,2306.3852769065966
26_20240825 19,1557.165754414792
26_20240825 20,1342.288223445869
26_20240825 21,1113.5796599977573
26_20240825 22,950.4247284502663
26_20240825 23,823.6095846606167
26_20240826 00,759.4056109341144
26_20240826 01,745.5739863148493
26_20240826 02,761.6254356343347
26_20240826 03,756.5928876530568
26_20240826 04,732.7038103287008
26_20240826 05,720.0834711112914
26_20240826 06,837.2645446806677
26_20240826 07,1187.7536671038342
26_20240826 08,1963.0682261916284
26_20240826 09,2776.7154431243307
26_20240826 10,3166.219270122765
26_20240826 11,3203.9848746482335
26_20240826 12,3106.8565535409557
26_20240826 13,3165.841227378132
26_20240826 14,3277.1561168212947
26_20240826 15,3169.3733411533003
26_20240826 16,3032.7869633121018
26_20240826 17,2830.644404236543
26_20240826 18,1748.4536474400993
26_20240826 19,1300.8248227665313
26_20240826 20,1232.4847033245503
26_20240826 21,1072.2434541809052
26_20240826 22,911.8922380362948
26_20240826 23,775.5367479272455
26_20240827 00,727.5746911907033
26_20240827 01,716.6186499791653
26_20240827 02,737.550772177234
26_20240827 03,742.8576786293415
26_20240827 04,717.8464915718257
26_20240827 05,713.0006255350944
26_20240827 06,804.3212695631642
26_20240827 07,1111.8073390089107
26_20240827 08,1790.7417903370174
26_20240827 09,2717.9126861503587
26_20240827 10,3124.795544527985
26_20240827 11,3166.0423181377737
26_20240827 12,3055.646315424282
26_20240827 13,3210.7413515100197
26_20240827 14,3280.9146353769347
26_20240827 15,3216.131830934849
26_20240827 16,2968.579999503478
26_20240827 17,2784.3586249533328
26_20240827 18,1870.3544577713608
26_20240827 19,1335.2069294559478
26_20240827 20,1228.7857675253874
26_20240827 21,1071.4180812702693
26_20240827 22,901.1066398292554
26_20240827 23,779.554847203201
26_20240828 00,719.8065998503517
26_20240828 01,714.6977218339226
26_20240828 02,732.0420481529237
26_20240828 03,740.1716062919259
26_20240828 04,722.6133768176012
26_20240828 05,720.3120870262396
26_20240828 06,814.1336923721129
26_20240828 07,1157.0203645033066
26_20240828 08,1985.7889415055793
26_20240828 09,2733.263099342226
26_20240828 10,3163.759913795977
26_20240828 11,3220.8695393215603
26_20240828 12,3152.038668523005
26_20240828 13,3277.4842973723917
26_20240828 14,3347.8672494276984
26_20240828 15,3295.532479774728
26_20240828 16,3168.5423032854005
26_20240828 17,2873.8253015733735
26_20240828 18,1997.864554144528
26_20240828 19,1416.6127103869237
26_20240828 20,1252.0176464405988
26_20240828 21,1079.5702275702638
26_20240828 22,921.7698044432415
26_20240828 23,762.3627956758695
26_20240829 00,722.2852763483825
26_20240829 01,713.940809893589
26_20240829 02,743.1003464261141
26_20240829 03,746.7761729178536
26_20240829 04,723.3662473943687
26_20240829 05,715.7656594701116
26_20240829 06,862.1473961351317
26_20240829 07,1225.5231622492383
26_20240829 08,2117.0312700811023
26_20240829 09,2957.7389521118034
26_20240829 10,3284.115150391892
26_20240829 11,3575.267597286357
26_20240829 12,3373.0793102479865
26_20240829 13,3488.0883200004764
26_20240829 14,3686.6301534411277
26_20240829 15,3692.9854374225956
26_20240829 16,3457.8709985501146
26_20240829 17,3158.3640686853123
26_20240829 18,2232.255436107953
26_20240829 19,1495.522032673966
26_20240829 20,1251.2284758879277
26_20240829 21,1073.0861188189797
26_20240829 22,913.1551919618926
26_20240829 23,778.258895030077
26_20240830 00,722.1536858777588
26_20240830 01,713.7865075272803
26_20240830 02,744.6364136624755
26_20240830 03,747.3198151764535
26_20240830 04,722.4798527490412
26_20240830 05,716.7851568942701
26_20240830 06,824.3568621416011
26_20240830 07,1177.4682147508363
26_20240830 08,2107.6735046395893
26_20240830 09,3165.074140914495
26_20240830 10,3658.8335659731356
26_20240830 11,3872.8273861687794
26_20240830 12,3834.7118226893203
26_20240830 13,4001.7754724904266
26_20240830 14,4042.728311617415
26_20240830 15,3993.6086195455373
26_20240830 16,3842.0771077583004
26_20240830 17,3556.148438246246
26_20240830 18,2483.205903757329
26_20240830 19,1683.6511526107056
26_20240830 20,1313.119584559639
26_20240830 21,1110.0486318736741
26_20240830 22,922.2588270800104
26_20240830 23,798.5653295765323
26_20240831 00,762.8588727848128
26_20240831 01,755.932210852715
26_20240831 02,775.0186862904318
26_20240831 03,779.9072839876817
26_20240831 04,760.2103448165866
26_20240831 05,775.3859824352537
26_20240831 06,883.524005011345
26_20240831 07,1176.3559875634694
26_20240831 08,2209.6342292864165
26_20240831 09,3094.6593148123297
26_20240831 10,3781.158368872784
26_20240831 11,4023.092198207958
26_20240831 12,4102.514174941085
26_20240831 13,4230.168164280514
26_20240831 14,4192.372675472539
26_20240831 15,4213.798390110471
26_20240831 16,4122.523094997046
26_20240831 17,3761.914194082809
26_20240831 18,2462.524500628938
26_20240831 19,1766.2787552445607
26_20240831 20,1354.1328937563214
26_20240831 21,1128.7316632909271
26_20240831 22,960.1941562962604
26_20240831 23,819.1233345730518
27_20240825 00,602.6445606882493
27_20240825 01,430.26166952600596
27_20240825 02,430.89242844230404
27_20240825 03,433.16571560417896
27_20240825 04,433.88222648575425
27_20240825 05,438.2328937514152
27_20240825 06,469.154117880412
27_20240825 07,510.938171701076
27_20240825 08,519.276202649555
27_20240825 09,553.8292295733356
27_20240825 10,618.1489881389989
27_20240825 11,614.5576984093508
27_20240825 12,609.3330846548491
27_20240825 13,602.0735101208993
27_20240825 14,627.6143926644813
27_20240825 15,637.1988892593888
27_20240825 16,605.807462461845
27_20240825 17,617.9229611245712
27_20240825 18,614.2518119722665
27_20240825 19,610.8150746342176
27_20240825 20,598.244423971631
27_20240825 21,612.4331299966069
27_20240825 22,606.7963134411101
27_20240825 23,557.8730392593588
27_20240826 00,543.0345547501636
27_20240826 01,443.84055670408634
27_20240826 02,444.35632062309753
27_20240826 03,451.5432124268681
27_20240826 04,453.0879089852582
27_20240826 05,453.7413343856975
27_20240826 06,566.1591076409672
27_20240826 07,1178.127488384218
27_20240826 08,1492.1116375020756
27_20240826 09,1871.169109365496
27_20240826 10,2220.8894113396673
27_20240826 11,2283.408640026188
27_20240826 12,2277.9507397495586
27_20240826 13,2271.667186470021
27_20240826 14,2305.323243698734
27_20240826 15,2294.684461189823
27_20240826 16,2258.455417254089
27_20240826 17,2252.547864692125
27_20240826 18,2214.297195907302
27_20240826 19,2102.1465663005138
27_20240826 20,1994.391763355714
27_20240826 21,1625.1716268878408
27_20240826 22,986.3837285166819
27_20240826 23,788.0431359947116
27_20240827 00,560.0268637093217
27_20240827 01,435.315434483113
27_20240827 02,433.97205884303304
27_20240827 03,440.1361638790767
27_20240827 04,442.8362458778383
27_20240827 05,440.7717256383666
27_20240827 06,554.6031771970088
27_20240827 07,1103.1188304884736
27_20240827 08,1421.1421251201548
27_20240827 09,1821.8173435559504
27_20240827 10,2141.455669870633
27_20240827 11,2160.5975076511904
27_20240827 12,2191.3997540187524
27_20240827 13,2203.615274325181
27_20240827 14,2219.8647171207613
27_20240827 15,2215.8929744738625
27_20240827 16,2230.8577504829
27_20240827 17,2207.5083658987623
27_20240827 18,2118.965954977073
27_20240827 19,2073.5657416962404
27_20240827 20,1860.8830170703616
27_20240827 21,1481.8383822750566
27_20240827 22,916.0924008428141
27_20240827 23,784.4060968301582
27_20240828 00,571.9633980880405
27_20240828 01,445.3203132997871
27_20240828 02,444.3236633221077
27_20240828 03,444.69428458185996
27_20240828 04,456.59928565821724
27_20240828 05,453.69202708826714
27_20240828 06,561.9070670237716
27_20240828 07,1029.3251677667279
27_20240828 08,1408.9471703117433
27_20240828 09,1839.7797917152066
27_20240828 10,2202.937412644267
27_20240828 11,2255.510111514762
27_20240828 12,2245.7307215499422
27_20240828 13,2273.1580289342464
27_20240828 14,2287.3606801505534
27_20240828 15,2301.319437823542
27_20240828 16,2258.0503949726426
27_20240828 17,2233.3893744220786
27_20240828 18,2209.9228102454317
27_20240828 19,2113.001010333297
27_20240828 20,1984.2617327138203
27_20240828 21,1560.7193447495642
27_20240828 22,912.5851814219119
27_20240828 23,776.5384997099172
27_20240829 00,555.6821149758407
27_20240829 01,443.0147470338557
27_20240829 02,447.4883488100298
27_20240829 03,455.1797885485558
27_20240829 04,459.88902722274713
27_20240829 05,459.95528934595643
27_20240829 06,572.7919568405384
27_20240829 07,1056.6471946699207
27_20240829 08,1388.2466004035268
27_20240829 09,1806.7278433506954
27_20240829 10,2156.234318740643
27_20240829 11,2211.211918777472
27_20240829 12,2204.5933286352733
27_20240829 13,2217.2408795431893
27_20240829 14,2250.47005400571
27_20240829 15,2236.3242196938604
27_20240829 16,2198.7502778258086
27_20240829 17,2179.469345048019
27_20240829 18,2174.669206178333
27_20240829 19,2118.1882888953933
27_20240829 20,1975.106785534988
27_20240829 21,1590.9350695633123
27_20240829 22,935.8026886416495
27_20240829 23,771.0086705312999
27_20240830 00,557.6589973343064
27_20240830 01,449.59000650037945
27_20240830 02,456.00357929007146
27_20240830 03,457.0724546519808
27_20240830 04,459.4201445468202
27_20240830 05,452.77592061235737
27_20240830 06,575.3995534214376
27_20240830 07,1046.0880783558866
27_20240830 08,1406.066036955706
27_20240830 09,1817.94489928913
27_20240830 10,2174.7847966020095
27_20240830 11,2204.6467546781396
27_20240830 12,2221.9263016803234
27_20240830 13,2205.060132250155
27_20240830 14,2251.777925142591
27_20240830 15,2268.666241190176
27_20240830 16,2245.3037825662636
27_20240830 17,2203.5116650136074
27_20240830 18,2174.7604824413966
27_20240830 19,2144.146162961271
27_20240830 20,1982.3015187597111
27_20240830 21,1541.8551588008195
27_20240830 22,908.8772036325215
27_20240830 23,784.4938685333736
27_20240831 00,555.1567094444173
27_20240831 01,440.9880077405137
27_20240831 02,441.32020426063
27_20240831 03,448.43170322279843
27_20240831 04,451.77442934352314
27_20240831 05,455.2449787256547
27_20240831 06,557.1026924092882
27_20240831 07,1028.6557638743323
27_20240831 08,1357.344004283946
27_20240831 09,1768.6570256539
27_20240831 10,2145.764503540779
27_20240831 11,2198.6028081111567
27_20240831 12,2238.2500251164365
27_20240831 13,2248.865333822915
27_20240831 14,2275.016358646828
27_20240831 15,2271.164144020159
27_20240831 16,2240.675608703754
27_20240831 17,2209.566764685462
27_20240831 18,2200.7865401831327
27_20240831 19,2136.569080736351
27_20240831 20,1971.0229797972452
27_20240831 21,1702.5782968900262
27_20240831 22,993.147546296716
27_20240831 23,808.7960480875852
28_20240825 00,713.4499673785787
28_20240825 01,656.5860819295642
28_20240825 02,585.7811489452148
28_20240825 03,552.1369022300543
28_20240825 04,552.600490137815
28_20240825 05,610.3818367037427
28_20240825 06,748.3779138409762
28_20240825 07,839.5607364473794
28_20240825 08,893.8208700442019
28_20240825 09,970.0552590620414
28_20240825 10,1044.602519160268
28_20240825 11,1010.958677019161
28_20240825 12,1013.3456963139413
28_20240825 13,1009.2096642091653
28_20240825 14,1042.1025566159603
28_20240825 15,1049.2638090478795
28_20240825 16,1085.4393359069445
28_20240825 17,1091.9606340861633
28_20240825 18,1098.6887455351311
28_20240825 19,1078.296658550446
28_20240825 20,1058.3158671127549
28_20240825 21,963.3817422834659
28_20240825 22,898.1312938088602
28_20240825 23,816.9176129015885
28_20240826 00,709.3441284655132
28_20240826 01,633.2358193825667
28_20240826 02,576.998302729038
28_20240826 03,543.8392442710052
28_20240826 04,553.9338864235827
28_20240826 05,599.7094842482848
28_20240826 06,713.2248248072794
28_20240826 07,790.13754845329
28_20240826 08,863.7046536812209
28_20240826 09,953.3134919099971
28_20240826 10,1036.6322681027054
28_20240826 11,1024.1714756019655
28_20240826 12,1018.772640873921
28_20240826 13,1012.8842042879522
28_20240826 14,1040.2911936974497
28_20240826 15,1055.7450969473261
28_20240826 16,1071.319693881162
28_20240826 17,1083.4660939729947
28_20240826 18,1087.5800389868605
28_20240826 19,1053.325533649375
28_20240826 20,1025.8303201161211
28_20240826 21,922.3926475214146
28_20240826 22,834.402088956955
28_20240826 23,763.1744563103832
28_20240827 00,668.9573858088509
28_20240827 01,589.1143768446516
28_20240827 02,528.0981040770216
28_20240827 03,510.65903826032627
28_20240827 04,513.8234615108712
28_20240827 05,573.7153670661419
28_20240827 06,728.4950250350109
28_20240827 07,776.1206803664147
28_20240827 08,827.1781705507859
28_20240827 09,904.5037434622807
28_20240827 10,972.9960074407727
28_20240827 11,967.6865603978213
28_20240827 12,961.4688058863265
28_20240827 13,960.5308942121794
28_20240827 14,977.031592410922
28_20240827 15,990.1660153801037
28_20240827 16,999.8173216864678
28_20240827 17,1027.7096608286915
28_20240827 18,1033.955769024442
28_20240827 19,1006.5483023679147
28_20240827 20,965.8230625470738
28_20240827 21,871.30898477473
28_20240827 22,788.3941137778177
28_20240827 23,702.1358295540999
28_20240828 00,620.4326640449473
28_20240828 01,540.8899536782285
28_20240828 02,482.74032587508987
28_20240828 03,467.32203595525556
28_20240828 04,472.83649901674806
28_20240828 05,528.796610360725
28_20240828 06,669.7430869632594
28_20240828 07,744.4441319601863
28_20240828 08,809.1270384767136
28_20240828 09,918.3273392484566
28_20240828 10,984.0357491390499
28_20240828 11,963.2972866695771
28_20240828 12,970.5745331561219
28_20240828 13,977.4189679871948
28_20240828 14,999.907278517516
28_20240828 15,1018.662419888142
28_20240828 16,1043.8222386022153
28_20240828 17,1050.6651526159972
28_20240828 18,1057.8140616240082
28_20240828 19,1035.7882034487036
28_20240828 20,1027.5393772532152
28_20240828 21,920.555058570507
28_20240828 22,841.60060351745
28_20240828 23,767.7335778138411
28_20240829 00,647.6783621582936
28_20240829 01,540.6076521657071
28_20240829 02,494.9314839641872
28_20240829 03,473.3848047344992
28_20240829 04,478.1128092660781
28_20240829 05,515.317264573911
28_20240829 06,628.6217256249074
28_20240829 07,722.0140688076586
28_20240829 08,771.8218016374395
28_20240829 09,918.5566543591325
28_20240829 10,987.3533823076037
28_20240829 11,999.4743235424096
28_20240829 12,1003.0318285173846
28_20240829 13,998.7437454099853
28_20240829 14,1007.1328195799249
28_20240829 15,1004.0299466623695
28_20240829 16,989.0383306427569
28_20240829 17,1019.1507242360619
28_20240829 18,1019.6345608852997
28_20240829 19,1035.0227970571937
28_20240829 20,1035.6430650630673
28_20240829 21,967.6789922315254
28_20240829 22,833.782485276398
28_20240829 23,764.8048958187869
28_20240830 00,664.0436475691415
28_20240830 01,593.4067488692035
28_20240830 02,532.7914427808557
28_20240830 03,517.7214776470735
28_20240830 04,525.7919680373327
28_20240830 05,558.3712211830864
28_20240830 06,680.7688525239657
28_20240830 07,779.306320242335
28_20240830 08,846.8918265647523
28_20240830 09,926.7689639455539
28_20240830 10,972.3066469592296
28_20240830 11,979.0308476602452
28_20240830 12,981.7656677000355
28_20240830 13,988.353231123783
28_20240830 14,1001.063305409014
28_20240830 15,1017.7874933315413
28_20240830 16,1019.7634786378534
28_20240830 17,1034.5367563203297
28_20240830 18,1049.5810787033079
28_20240830 19,1023.8035528832374
28_20240830 20,1013.5478337905802
28_20240830 21,932.8125370359978
28_20240830 22,845.8642546053717
28_20240830 23,744.8488260906984
28_20240831 00,625.8917339818513
28_20240831 01,557.8895361173536
28_20240831 02,507.01945672822717
28_20240831 03,484.4583689281168
28_20240831 04,485.7873649405483
28_20240831 05,529.6745441250345
28_20240831 06,649.3180468272838
28_20240831 07,730.1690611833005
28_20240831 08,808.2627891818714
28_20240831 09,895.230181128886
28_20240831 10,983.4291225660069
28_20240831 11,961.9102553316142
28_20240831 12,926.345167299233
28_20240831 13,944.7760521110131
28_20240831 14,942.9516066861039
28_20240831 15,944.8744357949577
28_20240831 16,941.6609274370094
28_20240831 17,958.3505459137768
28_20240831 18,956.1952443594113
28_20240831 19,940.0522763310016
28_20240831 20,931.9076329141062
28_20240831 21,862.4539944748101
28_20240831 22,776.0042886444371
28_20240831 23,694.9392950423562
29_20240825 00,517.9945390112305
29_20240825 01,507.29591507041596
29_20240825 02,483.27575443654706
29_20240825 03,497.2656501700986
29_20240825 04,505.01779349703503
29_20240825 05,502.15411944299353
29_20240825 06,520.9545028377661
29_20240825 07,502.8670353306571
29_20240825 08,560.1840212242906
29_20240825 09,560.7341011360172
29_20240825 10,559.3520853963444
29_20240825 11,569.9455677704841
29_20240825 12,588.1089117820053
29_20240825 13,592.0122959425149
29_20240825 14,569.8532226576843
29_20240825 15,578.8719607141711
29_20240825 16,571.8477222945074
29_20240825 17,538.0915274721038
29_20240825 18,528.4359889795855
29_20240825 19,557.0753382369523
29_20240825 20,564.928023909607
29_20240825 21,552.3967351844257
29_20240825 22,527.3772110308562
29_20240825 23,500.9911021864062
29_20240826 00,526.0860512796355
29_20240826 01,514.7797350701678
29_20240826 02,495.5059036280031
29_20240826 03,507.64944138671956
29_20240826 04,513.5009806969397
29_20240826 05,505.55698052752496
29_20240826 06,549.3530180169038
29_20240826 07,670.7469875957264
29_20240826 08,852.4672496877084
29_20240826 09,1126.2883610875097
29_20240826 10,1569.7203150313983
29_20240826 11,1592.8945284028202
29_20240826 12,1630.852531140097
29_20240826 13,1617.98258891654
29_20240826 14,1579.8864194735543
29_20240826 15,1590.823972827422
29_20240826 16,1563.7030287442356
29_20240826 17,1518.9216847207956
29_20240826 18,1465.8906517778723
29_20240826 19,1429.518842320208
29_20240826 20,1358.381561625862
29_20240826 21,1258.4562810091056
29_20240826 22,956.871859558081
29_20240826 23,663.0388394926118
29_20240827 00,525.4888669953359
29_20240827 01,514.7412167410828
29_20240827 02,493.35479725767664
29_20240827 03,506.17996613672074
29_20240827 04,510.20525337277047
29_20240827 05,502.46699424633664
29_20240827 06,545.2282857812833
29_20240827 07,660.4392687130675
29_20240827 08,842.9022742899865
29_20240827 09,1069.0747075354172
29_20240827 10,1498.8465191059163
29_20240827 11,1514.4942116372024
29_20240827 12,1538.6645040678745
29_20240827 13,1540.071174908414
29_20240827 14,1510.6575972377234
29_20240827 15,1513.9445477827062
29_20240827 16,1514.1063895568448
29_20240827 17,1482.3028622902268
29_20240827 18,1442.946295174214
29_20240827 19,1417.6460910315257
29_20240827 20,1377.6116517843857
29_20240827 21,1236.9360872215107
29_20240827 22,958.6686922176923
29_20240827 23,672.5183773387657
29_20240828 00,537.9640660506127
29_20240828 01,518.5756502041701
29_20240828 02,490.24837122564145
29_20240828 03,519.4090361965924
29_20240828 04,525.1881621866787
29_20240828 05,518.3533053543065
29_20240828 06,565.9753316928272
29_20240828 07,679.6698810548769
29_20240828 08,850.1899843447849
29_20240828 09,1081.2614617348768
29_20240828 10,1515.627014415132
29_20240828 11,1569.270016649396
29_20240828 12,1591.4804756493213
29_20240828 13,1586.9750549847545
29_20240828 14,1561.8013265009035
29_20240828 15,1570.437261515219
29_20240828 16,1556.6915715325813
29_20240828 17,1510.1876508733844
29_20240828 18,1474.256066826185
29_20240828 19,1452.6066992607552
29_20240828 20,1378.5900632641353
29_20240828 21,1252.1534095246109
29_20240828 22,966.3817230896534
29_20240828 23,665.8150442310713
29_20240829 00,545.2947576722859
29_20240829 01,522.7432173808628
29_20240829 02,506.69942058610076
29_20240829 03,515.6528866774865
29_20240829 04,528.3594712673182
29_20240829 05,522.4659198751825
29_20240829 06,579.6538627807728
29_20240829 07,683.3286648055505
29_20240829 08,867.7079463023967
29_20240829 09,1113.428314196451
29_20240829 10,1515.1717541785529
29_20240829 11,1556.1775271574857
29_20240829 12,1579.3905703094651
29_20240829 13,1573.4628782005811
29_20240829 14,1548.2552972269887
29_20240829 15,1560.764325380967
29_20240829 16,1555.905534654498
29_20240829 17,1511.7778771774479
29_20240829 18,1476.4964570428297
29_20240829 19,1467.8807690720985
29_20240829 20,1409.7512081683678
29_20240829 21,1262.9601898251387
29_20240829 22,970.9477380408863
29_20240829 23,666.875573330688
29_20240830 00,532.0858514925866
29_20240830 01,522.6517001990288
29_20240830 02,504.5858360352905
29_20240830 03,521.2078233388561
29_20240830 04,528.9742966131785
29_20240830 05,520.5720882816371
29_20240830 06,570.810338313626
29_20240830 07,683.158806300841
29_20240830 08,859.9699048859574
29_20240830 09,1125.9405085479855
29_20240830 10,1547.8749355737382
29_20240830 11,1571.5806339454323
29_20240830 12,1613.6868672008477
29_20240830 13,1582.584536766601
29_20240830 14,1566.7412485165519
29_20240830 15,1569.9674035643534
29_20240830 16,1559.5172697806292
29_20240830 17,1519.4174086589244
29_20240830 18,1477.4136837306432
29_20240830 19,1461.921747770178
29_20240830 20,1413.5142021548086
29_20240830 21,1276.5841697559658
29_20240830 22,991.5388778037336
29_20240830 23,696.1853596404109
29_20240831 00,552.5766392902324
29_20240831 01,533.9142148754202
29_20240831 02,515.685191189582
29_20240831 03,523.9957833796534
29_20240831 04,528.6040832208513
29_20240831 05,522.2757624589626
29_20240831 06,588.6423569942654
29_20240831 07,696.6903718850646
29_20240831 08,869.114890417982
29_20240831 09,1086.9067314429303
29_20240831 10,1562.2507292173318
29_20240831 11,1607.5998650841743
29_20240831 12,1620.2387650449145
29_20240831 13,1641.6169043612942
29_20240831 14,1632.8824152136765
29_20240831 15,1654.275632703682
29_20240831 16,1622.959888553864
29_20240831 17,1582.5886094089901
29_20240831 18,1529.0940752092206
29_20240831 19,1495.6047623234333
29_20240831 20,1434.2878585092162
29_20240831 21,1266.5152230244225
29_20240831 22,974.2657158084471
29_20240831 23,691.9240133222419
30_20240825 00,9869.917621649754
30_20240825 01,9872.457644863147
30_20240825 02,9877.380444942224
30_20240825 03,9879.693871854204
30_20240825 04,9883.784301345204
30_20240825 05,9882.90087479825
30_20240825 06,9850.932819209322
30_20240825 07,9862.197934635604
30_20240825 08,9881.008069317115
30_20240825 09,9926.60811165766
30_20240825 10,10012.084407083343
30_20240825 11,10027.249520528065
30_20240825 12,10019.825548831186
30_20240825 13,10036.597133382249
30_20240825 14,10038.88796833171
30_20240825 15,10041.873995644197
30_20240825 16,10049.452936718897
30_20240825 17,9994.36160368019
30_20240825 18,10028.561797892447
30_20240825 19,9992.731210756507
30_20240825 20,9978.481743737
30_20240825 21,9972.272490131665
30_20240825 22,9950.250410717406
30_20240825 23,9908.662214999671
30_20240826 00,9918.0814972652
30_20240826 01,9906.045106957346
30_20240826 02,9910.737995333548
30_20240826 03,9914.561638230467
30_20240826 04,9920.745892097239
30_20240826 05,9918.2948504642
30_20240826 06,9891.51633130655
30_20240826 07,9913.975973503777
30_20240826 08,9916.468903847965
30_20240826 09,9979.434805447512
30_20240826 10,10002.44365347326
30_20240826 11,9994.29044658996
30_20240826 12,10036.851511767913
30_20240826 13,10025.168131670764
30_20240826 14,10048.781142606338
30_20240826 15,10055.018045475892
30_20240826 16,10065.219240428078
30_20240826 17,10010.264481879114
30_20240826 18,10003.53213978016
30_20240826 19,9997.17358888115
30_20240826 20,9842.667332827325
30_20240826 21,9954.828435651396
30_20240826 22,9939.635520595324
30_20240826 23,9899.105618147125
30_20240827 00,9913.29767399686
30_20240827 01,9909.283574865582
30_20240827 02,9924.450525245073
30_20240827 03,9906.37195457284
30_20240827 04,9912.24101568244
30_20240827 05,9911.803812684928
30_20240827 06,9875.311455152045
30_20240827 07,9889.32652136557
30_20240827 08,9913.321289786943
30_20240827 09,9933.99421115451
30_20240827 10,9935.302122952782
30_20240827 11,9928.363310093515
30_20240827 12,9930.472366533186
30_20240827 13,9948.672557439571
30_20240827 14,9961.273640440195
30_20240827 15,10017.125261148387
30_20240827 16,10021.99990961712
30_20240827 17,10009.639133239461
30_20240827 18,10008.497886308833
30_20240827 19,9994.17000977282
30_20240827 20,9818.279755766243
30_20240827 21,9954.053613587954
30_20240827 22,9939.737992479972
30_20240827 23,9906.971999782745
30_20240828 00,9896.103598476306
30_20240828 01,9902.161153358258
30_20240828 02,9914.804397688376
30_20240828 03,9880.086117457888
30_20240828 04,9882.413172169665
30_20240828 05,9884.645532438093
30_20240828 06,9872.067413181952
30_20240828 07,9868.364324571929
30_20240828 08,9912.245192688313
30_20240828 09,9936.210680183984
30_20240828 10,9968.535889387618
30_20240828 11,9991.041785612491
30_20240828 12,9994.946192776057
30_20240828 13,10007.377249667621
30_20240828 14,10016.99219517986
30_20240828 15,10045.78173544443
30_20240828 16,10090.362146275631
30_20240828 17,10026.1383254397
30_20240828 18,10003.958393313129
30_20240828 19,9982.483212132636
30_20240828 20,9839.262383659592
30_20240828 21,9981.832389665899
30_20240828 22,9970.747652256563
30_20240828 23,9932.72581345418
30_20240829 00,9951.340471949286
30_20240829 01,9903.671793521538
30_20240829 02,9904.870164432816
30_20240829 03,9902.219955622928
30_20240829 04,9907.284865504924
30_20240829 05,9906.109156275255
30_20240829 06,9874.88791344764
30_20240829 07,9890.252495356803
30_20240829 08,9909.307334424531
30_20240829 09,9925.385665269683
30_20240829 10,9940.685981076174
30_20240829 11,9957.956085354275
30_20240829 12,9945.183986680313
30_20240829 13,9958.013677995914
30_20240829 14,9973.459696224205
30_20240829 15,10009.751808507192
30_20240829 16,10019.560146794987
30_20240829 17,9991.431332770542
30_20240829 18,9960.408493083789
30_20240829 19,9972.921854736613
30_20240829 20,9847.130039279262
30_20240829 21,9967.600075918095
30_20240829 22,9928.40983606481
30_20240829 23,9883.751571703997
30_20240830 00,9863.940142184607
30_20240830 01,9881.786648187714
30_20240830 02,9874.64297731235
30_20240830 03,9872.744175984524
30_20240830 04,9874.808286591495
30_20240830 05,9882.049115227268
30_20240830 06,9840.107776130408
30_20240830 07,9871.635224598696
30_20240830 08,9891.393388264689
30_20240830 09,9942.157504506671
30_20240830 10,9962.788969849207
30_20240830 11,9954.284472749034
30_20240830 12,9983.565079034912
30_20240830 13,9945.656219283655
30_20240830 14,9952.447933963227
30_20240830 15,9993.03490103014
30_20240830 16,10024.31799705225
30_20240830 17,9960.922474141826
30_20240830 18,9965.75742511377
30_20240830 19,9954.79646976047
30_20240830 20,9765.99183466757
30_20240830 21,9925.047306456732
30_20240830 22,9918.592143703088
30_20240830 23,9886.3114108602
30_20240831 00,9849.0696353505
30_20240831 01,9867.626704124092
30_20240831 02,9864.106329313578
30_20240831 03,9873.447481733765
30_20240831 04,9875.679013689405
30_20240831 05,9877.440198441363
30_20240831 06,9844.558468946021
30_20240831 07,9856.958082288882
30_20240831 08,9867.378198414863
30_20240831 09,9883.43635293491
30_20240831 10,9884.344397239329
30_20240831 11,9909.140028850634
30_20240831 12,9903.942202521515
30_20240831 13,9904.315466459193
30_20240831 14,9955.735740916945
30_20240831 15,9989.128985790623
30_20240831 16,9975.618761754808
30_20240831 17,9964.77753390574
30_20240831 18,9964.376637485908
30_20240831 19,9945.567739789456
30_20240831 20,9781.150896866904
30_20240831 21,9896.513413816745
30_20240831 22,9885.297557144333
30_20240831 23,9887.797753606077
31_20240825 00,862.2725106034445
31_20240825 01,727.5500708162713
31_20240825 02,657.3784344017176
31_20240825 03,597.0829174665994
31_20240825 04,573.8164959448548
31_20240825 05,562.8646431656795
31_20240825 06,593.6022354594948
31_20240825 07,649.3125697602483
31_20240825 08,833.1207807406648
31_20240825 09,929.2115978544537
31_20240825 10,997.7388354782817
31_20240825 11,1051.1033398847544
31_20240825 12,1050.8896927592243
31_20240825 13,1052.7179633331684
31_20240825 14,1048.3281294339845
31_20240825 15,1057.5162646919216
31_20240825 16,1028.807478450548
31_20240825 17,1044.3132001032131
31_20240825 18,1111.580316167031
31_20240825 19,1184.451659746533
31_20240825 20,1144.0591507909046
31_20240825 21,1118.9528348679423
31_20240825 22,1104.7387991301994
31_20240825 23,954.0028343582394
31_20240826 00,819.8729344657493
31_20240826 01,704.6167934502356
31_20240826 02,643.8184489001299
31_20240826 03,596.9950861834511
31_20240826 04,577.5800588635092
31_20240826 05,573.4893223837007
31_20240826 06,609.4890949247052
31_20240826 07,700.3645897559074
31_20240826 08,859.3139530005823
31_20240826 09,903.1843761234156
31_20240826 10,898.9793140854375
31_20240826 11,938.3107659426233
31_20240826 12,934.2547782472757
31_20240826 13,913.5343992408991
31_20240826 14,930.1319024336422
31_20240826 15,964.7060925689593
31_20240826 16,953.6288427702286
31_20240826 17,988.9443936779493
31_20240826 18,1073.4380640406273
31_20240826 19,1140.899561417852
31_20240826 20,1116.0427533131508
31_20240826 21,1084.1809266948153
31_20240826 22,1069.823877877945
31_20240826 23,920.5647380334227
31_20240827 00,794.6335259050817
31_20240827 01,674.0567007872322
31_20240827 02,617.12475581957
31_20240827 03,578.2656362685397
31_20240827 04,556.8930299468922
31_20240827 05,551.7008945294117
31_20240827 06,591.3268275355467
31_20240827 07,663.636000521203
31_20240827 08,807.8819330657467
31_20240827 09,790.4101755749316
31_20240827 10,797.1487070436501
31_20240827 11,793.9252602151947
31_20240827 12,783.3195493842106
31_20240827 13,778.7759509796083
31_20240827 14,794.7804174825328
31_20240827 15,843.977610012608
31_20240827 16,862.1715527017888
31_20240827 17,936.1789762511971
31_20240827 18,995.1510169490846
31_20240827 19,1079.4466947605906
31_20240827 20,1051.5363198361074
31_20240827 21,1030.4198352328572
31_20240827 22,1004.0410680311061
31_20240827 23,854.2223869790338
31_20240828 00,741.4336788359857
31_20240828 01,635.3365095466787
31_20240828 02,575.9541434684083
31_20240828 03,537.4815444468368
31_20240828 04,513.2180054992837
31_20240828 05,509.3958024066709
31_20240828 06,544.2162839599837
31_20240828 07,633.8501361673023
31_20240828 08,770.3119363865126
31_20240828 09,797.6135898915295
31_20240828 10,790.9207588567198
31_20240828 11,815.3652435927344
31_20240828 12,847.7060253044074
31_20240828 13,860.7461028875987
31_20240828 14,859.3082718429578
31_20240828 15,930.8465569078157
31_20240828 16,943.9172238205615
31_20240828 17,976.9979888414989
31_20240828 18,1031.5948563494526
31_20240828 19,1094.6865171199831
31_20240828 20,1089.1706761527773
31_20240828 21,1083.6854961704066
31_20240828 22,1051.5490329581246
31_20240828 23,906.4566849370899
31_20240829 00,782.0350525364357
31_20240829 01,653.0251375170824
31_20240829 02,600.5355944765033
31_20240829 03,551.3208322368662
31_20240829 04,526.2377796613373
31_20240829 05,523.0937569330929
31_20240829 06,549.1413109872956
31_20240829 07,639.733948321923
31_20240829 08,775.0832902594839
31_20240829 09,801.62776829204
31_20240829 10,815.4386923459606
31_20240829 11,871.479236633327
31_20240829 12,897.6658469676947
31_20240829 13,892.9621490965969
31_20240829 14,892.8642447777399
31_20240829 15,928.926684662473
31_20240829 16,932.3121401898343
31_20240829 17,955.6867850916964
31_20240829 18,1004.6082350929865
31_20240829 19,1075.1984793216525
31_20240829 20,1057.8884100354603
31_20240829 21,1034.7917107073933
31_20240829 22,1014.309136127518
31_20240829 23,879.4704881552669
31_20240830 00,750.5882409273743
31_20240830 01,638.5039810135795
31_20240830 02,579.9233566878174
31_20240830 03,537.4896236921742
31_20240830 04,517.6443727547015
31_20240830 05,512.8396859555844
31_20240830 06,548.509764155017
31_20240830 07,639.0457155800012
31_20240830 08,792.2570436344637
31_20240830 09,848.3971435978767
31_20240830 10,847.021074783619
31_20240830 11,886.6941211239189
31_20240830 12,889.302637727848
31_20240830 13,885.9174047953777
31_20240830 14,894.4413472997821
31_20240830 15,932.6814473338013
31_20240830 16,923.1165476194782
31_20240830 17,935.0756072464429
31_20240830 18,961.7591939926979
31_20240830 19,1027.410672207071
31_20240830 20,1007.9783520174601
31_20240830 21,968.5535176829605
31_20240830 22,977.3527390147124
31_20240830 23,846.3887943355826
31_20240831 00,738.54342723608
31_20240831 01,636.1793598804958
31_20240831 02,574.1801433631201
31_20240831 03,535.3306947016841
31_20240831 04,508.81066420634147
31_20240831 05,504.6426269080089
31_20240831 06,522.8205386323812
31_20240831 07,585.3137697153962
31_20240831 08,730.7746235471902
31_20240831 09,783.3986748070537
31_20240831 10,825.653035812537
31_20240831 11,873.6971886540289
31_20240831 12,868.7594823259265
31_20240831 13,914.0894268294128
31_20240831 14,909.1604043525269
31_20240831 15,928.0767444931565
31_20240831 16,911.5944833972671
31_20240831 17,918.229819682494
31_20240831 18,941.4487288365644
31_20240831 19,987.9831911219493
31_20240831 20,975.6473159426363
31_20240831 21,964.3855135963975
31_20240831 22,944.1621271358891
31_20240831 23,805.6745904922295
32_20240825 00,668.896965445946
32_20240825 01,509.9328929134954
32_20240825 02,510.35462572502934
32_20240825 03,506.6628267393142
32_20240825 04,505.71640248930737
32_20240825 05,538.0760304920666
32_20240825 06,561.5771112181042
32_20240825 07,767.8543865731331
32_20240825 08,997.8001686668707
32_20240825 09,2013.0749967620354
32_20240825 10,2452.3846627865614
32_20240825 11,2623.7204490945705
32_20240825 12,2623.1452597427506
32_20240825 13,2692.016083615388
32_20240825 14,2741.0500534698594
32_20240825 15,2761.4321775969356
32_20240825 16,2719.6692274726056
32_20240825 17,2649.1978080447016
32_20240825 18,2556.3900470381623
32_20240825 19,2432.6403035795956
32_20240825 20,2272.4323663537134
32_20240825 21,2057.2199245579495
32_20240825 22,1244.463894336429
32_20240825 23,934.9289377331851
32_20240826 00,621.3193415561386
32_20240826 01,478.41131767614365
32_20240826 02,477.48677441333587
32_20240826 03,471.91449752607645
32_20240826 04,471.2524300389231
32_20240826 05,484.4551449382296
32_20240826 06,484.06852494252433
32_20240826 07,504.1182983273244
32_20240826 08,499.2595796442887
32_20240826 09,511.80951554624914
32_20240826 10,549.5618669253203
32_20240826 11,552.3151485884805
32_20240826 12,521.3635270742415
32_20240826 13,539.4449717659302
32_20240826 14,548.2053364791503
32_20240826 15,543.4928021369453
32_20240826 16,520.3233013457201
32_20240826 17,532.1216479126733
32_20240826 18,533.6403436397691
32_20240826 19,540.2798517374371
32_20240826 20,527.8498753725696
32_20240826 21,548.4662567540922
32_20240826 22,540.005843980649
32_20240826 23,540.940700274446
32_20240827 00,615.4663864690433
32_20240827 01,480.1257689436138
32_20240827 02,479.6653448170321
32_20240827 03,475.31130725618385
32_20240827 04,482.09115260344925
32_20240827 05,523.1289634631054
32_20240827 06,541.873003289015
32_20240827 07,738.7348749024758
32_20240827 08,978.9288787547916
32_20240827 09,1776.18763075719
32_20240827 10,2347.9281870736568
32_20240827 11,2495.495611961398
32_20240827 12,2501.0880370353793
32_20240827 13,2545.1865469786103
32_20240827 14,2499.48157110645
32_20240827 15,2513.923160331903
32_20240827 16,2470.7822693108556
32_20240827 17,2426.883831694488
32_20240827 18,2359.0910555617934
32_20240827 19,2269.5565663795487
32_20240827 20,2085.5613864074444
32_20240827 21,1971.1405318939255
32_20240827 22,1231.6163874208835
32_20240827 23,884.5123089533156
32_20240828 00,628.5692797763281
32_20240828 01,484.6957345230469
32_20240828 02,484.4635796067689
32_20240828 03,479.17525246072637
32_20240828 04,486.75380688753364
32_20240828 05,520.3909961772301
32_20240828 06,543.2573549268313
32_20240828 07,742.6098013117924
32_20240828 08,948.6989298349024
32_20240828 09,1720.4021177990267
32_20240828 10,2280.9563180695623
32_20240828 11,2443.1987661340736
32_20240828 12,2449.1502906743785
32_20240828 13,2475.1373362698373
32_20240828 14,2447.5251697480653
32_20240828 15,2497.004008223139
32_20240828 16,2439.322175260668
32_20240828 17,2427.0150749793374
32_20240828 18,2365.6198491404525
32_20240828 19,2251.864064510904
32_20240828 20,2078.5253130792626
32_20240828 21,1989.0916753797585
32_20240828 22,1207.1491394341442
32_20240828 23,888.0851250528399
32_20240829 00,645.4178180785079
32_20240829 01,495.149746949176
32_20240829 02,495.97676088319804
32_20240829 03,487.8598829288426
32_20240829 04,494.29526160614193
32_20240829 05,533.9036220002598
32_20240829 06,548.7841767181623
32_20240829 07,736.0883695842062
32_20240829 08,940.0323063924191
32_20240829 09,1758.8683562617791
32_20240829 10,2288.49520417553
32_20240829 11,2419.468379862539
32_20240829 12,2444.2277982454552
32_20240829 13,2442.908150382803
32_20240829 14,2437.779877427998
32_20240829 15,2499.5792498835676
32_20240829 16,2434.524344303323
32_20240829 17,2402.871389345006
32_20240829 18,2374.901881819752
32_20240829 19,2262.9180468008035
32_20240829 20,2089.109055255607
32_20240829 21,1986.3632507867637
32_20240829 22,1175.2864390770455
32_20240829 23,886.0002720259494
32_20240830 00,652.2784641229332
32_20240830 01,507.9950585918535
32_20240830 02,495.53340542390606
32_20240830 03,496.051213697264
32_20240830 04,499.9468046990877
32_20240830 05,536.9883587239578
32_20240830 06,562.3693598735124
32_20240830 07,756.4927580759556
32_20240830 08,987.8553416524121
32_20240830 09,1815.3043080367404
32_20240830 10,2295.2966200338565
32_20240830 11,2418.086096946158
32_20240830 12,2433.1051791930527
32_20240830 13,2475.242787338935
32_20240830 14,2501.369593117784
32_20240830 15,2535.3087043312225
32_20240830 16,2497.6978809088473
32_20240830 17,2439.95323537006
32_20240830 18,2414.960126214642
32_20240830 19,2299.9814416231147
32_20240830 20,2157.9712934632284
32_20240830 21,2026.113739609955
32_20240830 22,1210.585983921232
32_20240830 23,907.5056400260547
32_20240831 00,649.0130132146619
32_20240831 01,491.9556730417876
32_20240831 02,498.01399930584375
32_20240831 03,493.30105454092035
32_20240831 04,487.6583525252573
32_20240831 05,519.574971598761
32_20240831 06,549.9522820426564
32_20240831 07,773.2740486045199
32_20240831 08,957.1845143755913
32_20240831 09,1839.1572892248482
32_20240831 10,2310.197817961909
32_20240831 11,2462.586533711018
32_20240831 12,2447.6475131945003
32_20240831 13,2523.630931777218
32_20240831 14,2593.654134521411
32_20240831 15,2611.604112297511
32_20240831 16,2552.414846103802
32_20240831 17,2510.537579727331
32_20240831 18,2471.5074055899554
32_20240831 19,2374.2324019093076
32_20240831 20,2202.974361697752
32_20240831 21,2025.7833234358357
32_20240831 22,1200.3669452697334
32_20240831 23,912.0810781426195
33_20240825 00,916.6035672207722
33_20240825 01,921.362509417047
33_20240825 02,922.1325092605849
33_20240825 03,1083.559736909489
33_20240825 04,1307.0067695761263
33_20240825 05,694.2974778208109
33_20240825 06,675.262299299998
33_20240825 07,1582.4272722240808
33_20240825 08,2142.784259251116
33_20240825 09,2643.3742272800428
33_20240825 10,2859.0950924672075
33_20240825 11,2857.8846171347627
33_20240825 12,2882.1507679679153
33_20240825 13,2853.141141240383
33_20240825 14,2829.874658320816
33_20240825 15,2776.1670302789034
33_20240825 16,2787.123946068149
33_20240825 17,2759.0025617971996
33_20240825 18,1886.958922078712
33_20240825 19,1586.0242563783327
33_20240825 20,1450.3049248656557
33_20240825 21,803.3440798787947
33_20240825 22,533.4121870322633
33_20240825 23,1029.4739858542632
33_20240826 00,1213.6088049920822
33_20240826 01,1226.3679907167643
33_20240826 02,1065.1155564850353
33_20240826 03,1116.5759842570897
33_20240826 04,1416.5008191726185
33_20240826 05,710.8609623510648
33_20240826 06,729.6958875066939
33_20240826 07,1801.299343436745
33_20240826 08,2801.7863642711145
33_20240826 09,2913.7372261592677
33_20240826 10,2874.637583785672
33_20240826 11,2881.343341200901
33_20240826 12,2881.563828293607
33_20240826 13,2894.9838420858778
33_20240826 14,2907.84801945246
33_20240826 15,2923.991547569006
33_20240826 16,2874.0751754249936
33_20240826 17,2852.0775335236826
33_20240826 18,1966.5793926674155
33_20240826 19,1623.4846759076527
33_20240826 20,1510.8070497153262
33_20240826 21,805.2300273514259
33_20240826 22,539.0230888424902
33_20240826 23,1084.89791995203
33_20240827 00,1789.615338665085
33_20240827 01,1756.9884331560415
33_20240827 02,1740.659288399476
33_20240827 03,1614.1816146933438
33_20240827 04,1567.6221268645174
33_20240827 05,718.7479972596868
33_20240827 06,700.5150624688574
33_20240827 07,1705.17123807675
33_20240827 08,2518.733003204479
33_20240827 09,2726.789268983208
33_20240827 10,2771.7340074678423
33_20240827 11,2791.2755084956525
33_20240827 12,2818.9596828384897
33_20240827 13,2825.325656240097
33_20240827 14,2838.477707492788
33_20240827 15,2840.2488422727097
33_20240827 16,2878.6021987747818
33_20240827 17,2847.9089764295477
33_20240827 18,2032.682537217068
33_20240827 19,1549.3976898492697
33_20240827 20,1374.369255008433
33_20240827 21,755.8722523660059
33_20240827 22,530.2979023159616
33_20240827 23,1066.9305167437067
33_20240828 00,1697.1039328754648
33_20240828 01,1683.1169941132555
33_20240828 02,1634.8876817011337
33_20240828 03,1566.250807869248
33_20240828 04,1582.1819752463368
33_20240828 05,757.0038276045111
33_20240828 06,692.9546733996352
33_20240828 07,1799.2688273977542
33_20240828 08,2705.6243501876047
33_20240828 09,2820.756978986034
33_20240828 10,2877.1604500699145
33_20240828 11,2872.5182666597884
33_20240828 12,2859.6492586775253
33_20240828 13,2835.9327539282613
33_20240828 14,2830.6668635349642
33_20240828 15,2869.8950070367846
33_20240828 16,2911.4690487140992
33_20240828 17,2899.5848698835516
33_20240828 18,2707.514506113333
33_20240828 19,2609.017048514724
33_20240828 20,2491.616347824749
33_20240828 21,1053.6882834639669
33_20240828 22,539.9096180657485
33_20240828 23,1079.9935176257686
33_20240829 00,1806.6683478779303
33_20240829 01,1707.8593797607405
33_20240829 02,1702.3541608024052
33_20240829 03,1682.637365279995
33_20240829 04,1608.1413661477045
33_20240829 05,712.1627868549065
33_20240829 06,670.3042343928537
33_20240829 07,1713.6960664835215
33_20240829 08,2521.1420136124084
33_20240829 09,2782.4957267872123
33_20240829 10,2835.1425181145605
33_20240829 11,2847.9005117102915
33_20240829 12,2850.4558858037244
33_20240829 13,2843.481812486484
33_20240829 14,2832.6781682650217
33_20240829 15,2830.0123875004238
33_20240829 16,2771.2040551902564
33_20240829 17,2796.5725589652534
33_20240829 18,1923.6501704255452
33_20240829 19,1581.9343632052496
33_20240829 20,1421.7012833523727
33_20240829 21,800.1474785348028
33_20240829 22,531.1272306223668
33_20240829 23,1061.7989860250293
33_20240830 00,1821.3705127569965
33_20240830 01,1784.5060989208005
33_20240830 02,1702.6576855839608
33_20240830 03,1664.4654612543893
33_20240830 04,1514.7709490862799
33_20240830 05,697.6702759882419
33_20240830 06,680.5262845865122
33_20240830 07,1651.4492516647406
33_20240830 08,2514.064830386341
33_20240830 09,2763.614820923295
33_20240830 10,2810.16311475197
33_20240830 11,2809.1556873940035
33_20240830 12,2801.8763696040887
33_20240830 13,2788.2007165600203
33_20240830 14,2783.3164444041313
33_20240830 15,2752.922794396154
33_20240830 16,2752.012686552218
33_20240830 17,2709.071370265896
33_20240830 18,1800.4223696731988
33_20240830 19,1441.6449559571768
33_20240830 20,1364.672753969042
33_20240830 21,757.8299854185467
33_20240830 22,529.5925833960634
33_20240830 23,992.5508314411236
33_20240831 00,939.924728811289
33_20240831 01,944.8694628894146
33_20240831 02,938.8175518008185
33_20240831 03,1111.342412361886
33_20240831 04,1315.8682270415259
33_20240831 05,677.489120436737
33_20240831 06,677.7660904225272
33_20240831 07,1374.312053165494
33_20240831 08,1940.9874678146004
33_20240831 09,2414.369382201151
33_20240831 10,2670.2459022562994
33_20240831 11,2706.303585818812
33_20240831 12,2785.4239027259173
33_20240831 13,2751.4986042188357
33_20240831 14,2712.6975728347797
33_20240831 15,2747.8563653982283
33_20240831 16,2773.5865939785635
33_20240831 17,2767.1437949528718
33_20240831 18,2541.5566773753876
33_20240831 19,2369.5077539780523
33_20240831 20,2320.0097410140397
33_20240831 21,1032.1398719378979
33_20240831 22,527.9664748855098
33_20240831 23,989.3614679080545
34_20240825 00,5195.8988137575525
34_20240825 01,4749.842604257623
34_20240825 02,4486.179116983414
34_20240825 03,4323.381734199718
34_20240825 04,4372.419688837116
34_20240825 05,4829.102443161797
34_20240825 06,5429.644987718061
34_20240825 07,6452.090710571882
34_20240825 08,7600.855059499064
34_20240825 09,10114.166146651298
34_20240825 10,14078.527947617524
34_20240825 11,15594.539695818037
34_20240825 12,15835.236138178814
34_20240825 13,15916.571746567053
34_20240825 14,16020.509296911314
34_20240825 15,15922.990538728494
34_20240825 16,15959.505615832642
34_20240825 17,16056.963396657291
34_20240825 18,16039.868405987032
34_20240825 19,15842.469888908032
34_20240825 20,14414.53708840761
34_20240825 21,10590.971950989446
34_20240825 22,7976.009585397467
34_20240825 23,6236.444933119072
34_20240826 00,5300.871998023324
34_20240826 01,4798.82915975314
34_20240826 02,4497.418578361871
34_20240826 03,4230.269290091718
34_20240826 04,4270.966238096687
34_20240826 05,4698.898301415105
34_20240826 06,5458.99642586233
34_20240826 07,7125.928328072158
34_20240826 08,8482.711240069104
34_20240826 09,10850.357521101118
34_20240826 10,15249.70819536789
34_20240826 11,16138.21253275254
34_20240826 12,16407.28147626914
34_20240826 13,16383.413073296055
34_20240826 14,16306.514878685486
34_20240826 15,16344.449547991375
34_20240826 16,16248.003044949022
34_20240826 17,16400.067825214002
34_20240826 18,16311.022715948522
34_20240826 19,15081.680065911154
34_20240826 20,13719.310012760969
34_20240826 21,10237.047339610386
34_20240826 22,7830.674580883625
34_20240826 23,6247.246899804062
34_20240827 00,5236.062389779867
34_20240827 01,4559.8347119256405
34_20240827 02,4335.567835742194
34_20240827 03,4162.403638221682
34_20240827 04,4237.790886052824
34_20240827 05,4616.710267195256
34_20240827 06,5277.82013887689
34_20240827 07,6809.833989046853
34_20240827 08,8078.444180437638
34_20240827 09,10063.556583895905
34_20240827 10,14233.817929321656
34_20240827 11,15012.607105313125
34_20240827 12,15326.974102751501
34_20240827 13,15467.199963274712
34_20240827 14,15422.828339827338
34_20240827 15,15499.009028054383
34_20240827 16,15699.837280722128
34_20240827 17,15897.79910528211
34_20240827 18,15474.251992082189
34_20240827 19,14939.979993130564
34_20240827 20,12922.777512439392
34_20240827 21,9661.340527672082
34_20240827 22,7695.855291762077
34_20240827 23,6174.02212598753
34_20240828 00,5071.756636268021
34_20240828 01,4578.515410752294
34_20240828 02,4387.031169636468
34_20240828 03,4177.404781283926
34_20240828 04,4194.175111116704
34_20240828 05,4597.211715301988
34_20240828 06,5256.208372663909
34_20240828 07,6677.04137109059
34_20240828 08,8127.021316965396
34_20240828 09,10209.115611510595
34_20240828 10,14800.593459885939
34_20240828 11,15815.910015348549
34_20240828 12,16077.624424458943
34_20240828 13,16269.479602879368
34_20240828 14,16340.839666575645
34_20240828 15,16311.098039768158
34_20240828 16,16300.303782477775
34_20240828 17,16390.093597008774
34_20240828 18,16320.549235986262
34_20240828 19,15654.551215736059
34_20240828 20,13841.505917656004
34_20240828 21,10441.518603888433
34_20240828 22,7975.361657903384
34_20240828 23,6271.467647737528
34_20240829 00,5120.608950625086
34_20240829 01,4563.376961423486
34_20240829 02,4332.9920017480845
34_20240829 03,4203.904177709244
34_20240829 04,4145.007882105201
34_20240829 05,4598.457447174646
34_20240829 06,5188.596539167079
34_20240829 07,6631.425100364632
34_20240829 08,8110.35151788425
34_20240829 09,10153.75070851685
34_20240829 10,14668.205986531357
34_20240829 11,15885.439990641058
34_20240829 12,16119.432542696202
34_20240829 13,16301.034856010278
34_20240829 14,16353.380844636129
34_20240829 15,16341.920085154688
34_20240829 16,16281.200490048172
34_20240829 17,16346.408408416852
34_20240829 18,16188.024681430383
34_20240829 19,15625.493624367085
34_20240829 20,13908.464444361343
34_20240829 21,10424.040039065057
34_20240829 22,7877.040395978722
34_20240829 23,6137.610628217634
34_20240830 00,5112.6616785332335
34_20240830 01,4595.929729213872
34_20240830 02,4295.750705864883
34_20240830 03,4156.150631200078
34_20240830 04,4131.861294705195
34_20240830 05,4545.825396678898
34_20240830 06,5225.925970035253
34_20240830 07,6580.563936004559
34_20240830 08,7997.632320064451
34_20240830 09,10396.26164254511
34_20240830 10,15095.32449581977
34_20240830 11,16063.139078641143
34_20240830 12,16130.970036355282
34_20240830 13,16247.483689772263
34_20240830 14,16267.607913077045
34_20240830 15,16198.309919302152
34_20240830 16,16156.255376771123
34_20240830 17,16155.151344204281
34_20240830 18,16103.245636516782
34_20240830 19,15846.87914236186
34_20240830 20,14015.299884557135
34_20240830 21,10620.263453614127
34_20240830 22,7844.7938579395795
34_20240830 23,6073.735552461643
34_20240831 00,5127.4099019476325
34_20240831 01,4558.763783419587
34_20240831 02,4285.4893825925365
34_20240831 03,4146.761583414988
34_20240831 04,4181.721118977108
34_20240831 05,4608.927576732904
34_20240831 06,5127.983304489087
34_20240831 07,6115.687754315007
34_20240831 08,7322.546430933597
34_20240831 09,9359.79371501934
34_20240831 10,14054.104709154964
34_20240831 11,14988.51111692381
34_20240831 12,15634.121222270172
34_20240831 13,15807.628107536286
34_20240831 14,15906.626483157697
34_20240831 15,15874.610106772461
34_20240831 16,15840.023852666742
34_20240831 17,15956.903781065625
34_20240831 18,15886.911551499239
34_20240831 19,15315.973978800954
34_20240831 20,14265.696071438586
34_20240831 21,11183.132428507799
34_20240831 22,7934.90136312824
34_20240831 23,6143.010501471916
35_20240825 00,9497.135005833376
35_20240825 01,9477.002579227335
35_20240825 02,9427.05413522497
35_20240825 03,9401.52469578547
35_20240825 04,9405.403698571
35_20240825 05,9402.862331644561
35_20240825 06,9389.857652396027
35_20240825 07,9395.7048826268
35_20240825 08,9448.07123921471
35_20240825 09,9506.120580450182
35_20240825 10,9518.567936148525
35_20240825 11,9565.956049579152
35_20240825 12,9591.939921910833
35_20240825 13,9605.089409349323
35_20240825 14,9613.37394079264
35_20240825 15,9624.615637453113
35_20240825 16,9641.253094029185
35_20240825 17,9619.689249548595
35_20240825 18,9613.77042764065
35_20240825 19,9590.272041035694
35_20240825 20,9575.681586717457
35_20240825 21,9558.986408813396
35_20240825 22,9548.209276361456
35_20240825 23,9535.636633881346
35_20240826 00,9513.592485109904
35_20240826 01,9478.825277407856
35_20240826 02,9471.252691037665
35_20240826 03,9447.693708861954
35_20240826 04,9450.331595270907
35_20240826 05,9452.650767530366
35_20240826 06,9444.990567034654
35_20240826 07,9453.731948505454
35_20240826 08,9502.831965233916
35_20240826 09,9589.134281337421
35_20240826 10,9591.078729136105
35_20240826 11,9608.157664689294
35_20240826 12,9615.300935503712
35_20240826 13,9643.855995163553
35_20240826 14,9627.942311356454
35_20240826 15,9659.563694117656
35_20240826 16,9663.948319856227
35_20240826 17,9644.21282384929
35_20240826 18,9626.54067646557
35_20240826 19,9556.487098994403
35_20240826 20,9588.74364644603
35_20240826 21,9601.759614071781
35_20240826 22,9572.865072640507
35_20240826 23,9511.592734090702
35_20240827 00,9488.14171744718
35_20240827 01,9482.39961139904
35_20240827 02,9465.40343269965
35_20240827 03,9377.887005829467
35_20240827 04,9375.67882993391
35_20240827 05,9363.241222748382
35_20240827 06,9318.353504214998
35_20240827 07,9372.36520889847
35_20240827 08,9369.866418269796
35_20240827 09,9450.233376246539
35_20240827 10,9461.902867105535
35_20240827 11,9478.473710594877
35_20240827 12,9518.142388171207
35_20240827 13,9512.160454712106
35_20240827 14,9580.797311532326
35_20240827 15,9593.433139760797
35_20240827 16,9618.716288569896
35_20240827 17,9625.476960549224
35_20240827 18,9595.254676151104
35_20240827 19,9532.851553448127
35_20240827 20,9546.112496669932
35_20240827 21,9486.83535129814
35_20240827 22,9460.094701988208
35_20240827 23,9436.128951762308
35_20240828 00,9394.960614415493
35_20240828 01,9370.42563733662
35_20240828 02,9349.928377975071
35_20240828 03,9318.64549764456
35_20240828 04,9267.984624090754
35_20240828 05,9257.010823454035
35_20240828 06,9246.009812075914
35_20240828 07,9264.029618483077
35_20240828 08,9375.542646621234
35_20240828 09,9472.275208838646
35_20240828 10,9562.292357794584
35_20240828 11,9583.598910004668
35_20240828 12,9583.839517443288
35_20240828 13,9606.096218957939
35_20240828 14,9639.171375120832
35_20240828 15,9643.586590991643
35_20240828 16,9643.632155532834
35_20240828 17,9649.034253959057
35_20240828 18,9621.039039767222
35_20240828 19,9574.728604385855
35_20240828 20,9580.652791928664
35_20240828 21,9584.899252933437
35_20240828 22,9532.726860096283
35_20240828 23,9482.994211023008
35_20240829 00,9500.770010832646
35_20240829 01,9451.581913560662
35_20240829 02,9421.2411339993
35_20240829 03,9377.145521626308
35_20240829 04,9330.789540279087
35_20240829 05,9325.214783616446
35_20240829 06,9310.39718061636
35_20240829 07,9326.465961596063
35_20240829 08,9411.53586361727
35_20240829 09,9508.411703853704
35_20240829 10,9548.69272996873
35_20240829 11,9571.718902275199
35_20240829 12,9580.78410501474
35_20240829 13,9635.805722672758
35_20240829 14,9645.192929048735
35_20240829 15,9661.754743852696
35_20240829 16,9650.948061743657
35_20240829 17,9648.299261170807
35_20240829 18,9615.186739261168
35_20240829 19,9561.155699529789
35_20240829 20,9567.703522230946
35_20240829 21,9545.388585859835
35_20240829 22,9536.27229515561
35_20240829 23,9486.78153583199
35_20240830 00,9476.597554216096
35_20240830 01,9429.569886465024
35_20240830 02,9380.81918346839
35_20240830 03,9312.244874806536
35_20240830 04,9319.293939402785
35_20240830 05,9311.424785365572
35_20240830 06,9302.748171841038
35_20240830 07,9313.05272849036
35_20240830 08,9428.29554583399
35_20240830 09,9522.291032982976
35_20240830 10,9547.84524803468
35_20240830 11,9544.814634354834
35_20240830 12,9548.801525448807
35_20240830 13,9599.454949042029
35_20240830 14,9630.862692330946
35_20240830 15,9613.221233618913
35_20240830 16,9599.31446795214
35_20240830 17,9596.315350437655
35_20240830 18,9551.476147219844
35_20240830 19,9541.171521732767
35_20240830 20,9538.752792748912
35_20240830 21,9529.206527798673
35_20240830 22,9525.34795738008
35_20240830 23,9487.042296119796
35_20240831 00,9473.825776414482
35_20240831 01,9418.581325435114
35_20240831 02,9330.387945239612
35_20240831 03,9302.412339431392
35_20240831 04,9292.726702328586
35_20240831 05,9287.032761864924
35_20240831 06,9287.189985837646
35_20240831 07,9293.606592342538
35_20240831 08,9308.462353399293
35_20240831 09,9394.977832721504
35_20240831 10,9472.275826411982
35_20240831 11,9502.963325317005
35_20240831 12,9528.507693204567
35_20240831 13,9573.255629840627
35_20240831 14,9569.496710906622
35_20240831 15,9563.424502799848
35_20240831 16,9565.982227757946
35_20240831 17,9567.77924417304
35_20240831 18,9538.206543757711
35_20240831 19,9516.188718003325
35_20240831 20,9521.126635400884
35_20240831 21,9523.730784519068
35_20240831 22,9506.060328185635
35_20240831 23,9482.049083509319
36_20240825 00,13865.582433285512
36_20240825 01,13854.42799685839
36_20240825 02,13819.279280281458
36_20240825 03,13787.234923734293
36_20240825 04,13779.893133880094
36_20240825 05,13821.638421554937
36_20240825 06,13765.71119649427
36_20240825 07,13823.218429516895
36_20240825 08,13883.434816492561
36_20240825 09,13950.881560466365
36_20240825 10,14125.754585080316
36_20240825 11,14134.003219062379
36_20240825 12,14206.954687922907
36_20240825 13,14229.734624231596
36_20240825 14,14289.771282472706
36_20240825 15,14238.49160103123
36_20240825 16,14277.719262041497
36_20240825 17,14236.076589286882
36_20240825 18,14220.223508187439
36_20240825 19,14108.396665874376
36_20240825 20,14003.02456023866
36_20240825 21,13997.934408257257
36_20240825 22,13913.786131479867
36_20240825 23,13870.401023740824
36_20240826 00,13896.815990899126
36_20240826 01,13866.91772962931
36_20240826 02,13894.232094700434
36_20240826 03,13883.103658483025
36_20240826 04,13880.523598902108
36_20240826 05,13912.954546378896
36_20240826 06,13838.161408590775
36_20240826 07,13881.587084327508
36_20240826 08,13916.458180801495
36_20240826 09,13975.910246924283
36_20240826 10,14165.841630848736
36_20240826 11,14259.488190472073
36_20240826 12,14212.056495694644
36_20240826 13,14190.529142575386
36_20240826 14,14350.157757032015
36_20240826 15,14361.51655873301
36_20240826 16,14340.346467739611
36_20240826 17,14264.918783854564
36_20240826 18,14051.16628595766
36_20240826 19,13987.05290820301
36_20240826 20,13925.611267794242
36_20240826 21,13913.732841696361
36_20240826 22,13883.396169348427
36_20240826 23,13865.79005331567
36_20240827 00,13792.819338637099
36_20240827 01,13781.037351947698
36_20240827 02,13783.18283327922
36_20240827 03,13763.202320511613
36_20240827 04,13735.96704900113
36_20240827 05,13742.243701732112
36_20240827 06,13754.834261518099
36_20240827 07,13781.539997119686
36_20240827 08,13802.216688613702
36_20240827 09,13842.871527781688
36_20240827 10,13938.141405346101
36_20240827 11,13883.95916328032
36_20240827 12,13904.8779709515
36_20240827 13,13970.264777172528
36_20240827 14,14005.74263561003
36_20240827 15,13992.819689940316
36_20240827 16,14001.706095574325
36_20240827 17,14012.51422281532
36_20240827 18,14043.775560453623
36_20240827 19,13811.433392818915
36_20240827 20,13767.96025476012
36_20240827 21,13733.77670947866
36_20240827 22,13712.030781361373
36_20240827 23,13677.033523344842
36_20240828 00,13623.41796249641
36_20240828 01,13631.010670985004
36_20240828 02,13588.258091485728
36_20240828 03,13577.499904507182
36_20240828 04,13556.669646933653
36_20240828 05,13562.545601523192
36_20240828 06,13574.289986218744
36_20240828 07,13668.695807368324
36_20240828 08,13745.142598281913
36_20240828 09,13780.469653834445
36_20240828 10,13952.639695995269
36_20240828 11,14100.739854046178
36_20240828 12,14144.939537407077
36_20240828 13,14219.871302930263
36_20240828 14,14310.429894204466
36_20240828 15,14269.949190889929
36_20240828 16,14279.6928581159
36_20240828 17,14253.371078032842
36_20240828 18,14142.557015134027
36_20240828 19,13941.061734842619
36_20240828 20,13914.756470742253
36_20240828 21,13857.615430465912
36_20240828 22,13815.519034799407
36_20240828 23,13733.88703990545
36_20240829 00,13631.136475601405
36_20240829 01,13624.098034309818
36_20240829 02,13622.70854188587
36_20240829 03,13563.773360114774
36_20240829 04,13556.155039065072
36_20240829 05,13590.053209250156
36_20240829 06,13583.071944028663
36_20240829 07,13665.607839009816
36_20240829 08,13751.566457837365
36_20240829 09,13811.305260076704
36_20240829 10,13961.137559881856
36_20240829 11,14028.142244777062
36_20240829 12,14087.417880066365
36_20240829 13,14102.031023520598
36_20240829 14,14198.717386874134
36_20240829 15,14191.3224180863
36_20240829 16,14212.660228842256
36_20240829 17,14138.636135416273
36_20240829 18,14068.317033871706
36_20240829 19,13947.96144131563
36_20240829 20,13875.717236655497
36_20240829 21,13800.372274668101
36_20240829 22,13691.092220459916
36_20240829 23,13631.42932969928
36_20240830 00,13550.812110271112
36_20240830 01,13519.218546126001
36_20240830 02,13533.284452601267
36_20240830 03,13503.366482900929
36_20240830 04,13483.18346770374
36_20240830 05,13509.58097922268
36_20240830 06,13525.07291561904
36_20240830 07,13612.037140541075
36_20240830 08,13687.549982621867
36_20240830 09,13764.937141333634
36_20240830 10,13892.997728742605
36_20240830 11,13996.484958512769
36_20240830 12,14099.386212582103
36_20240830 13,14127.178654519808
36_20240830 14,14109.119901908749
36_20240830 15,14155.402627308726
36_20240830 16,14123.791026125862
36_20240830 17,14076.247472630472
36_20240830 18,14074.217811342958
36_20240830 19,13920.73060874065
36_20240830 20,13883.184276916847
36_20240830 21,13808.85013897545
36_20240830 22,13672.015922696704
36_20240830 23,13619.294674724095
36_20240831 00,13512.491823578544
36_20240831 01,13486.569231467018
36_20240831 02,13489.061876368618
36_20240831 03,13434.837175477667
36_20240831 04,13476.147568102777
36_20240831 05,13529.691978883026
36_20240831 06,13518.952752613
36_20240831 07,13568.495124457833
36_20240831 08,13628.146982767466
36_20240831 09,13647.215796990611
36_20240831 10,13786.223486111827
36_20240831 11,13803.80004358947
36_20240831 12,13881.920042725109
36_20240831 13,13875.039751641369
36_20240831 14,13906.723649905549
36_20240831 15,14019.868736559132
36_20240831 16,13971.928608732087
36_20240831 17,14018.990049400974
36_20240831 18,14009.473356638906
36_20240831 19,13879.698147755185
36_20240831 20,13742.65796098475
36_20240831 21,13705.121498814431
36_20240831 22,13688.265588022416
36_20240831 23,13599.359189061226
37_20240825 00,1586.1995693733552
37_20240825 01,1567.1684438035898
37_20240825 02,1565.063367976447
37_20240825 03,1549.4762960961484
37_20240825 04,1552.0065907222322
37_20240825 05,1563.75528094001
37_20240825 06,1635.9025952291752
37_20240825 07,1649.4183864887927
37_20240825 08,1713.1982604055672
37_20240825 09,1882.243154455517
37_20240825 10,1910.6487964099283
37_20240825 11,1940.475955489049
37_20240825 12,1958.651821756198
37_20240825 13,1952.7857757992265
37_20240825 14,1968.4944055556505
37_20240825 15,1964.3504535685881
37_20240825 16,1955.4020966255284
37_20240825 17,1898.201999728608
37_20240825 18,1877.3413617631295
37_20240825 19,1829.9703414926075
37_20240825 20,1822.4114100222969
37_20240825 21,1701.5620845909298
37_20240825 22,1646.1057739574856
37_20240825 23,1610.4868878806974
37_20240826 00,1580.7480298902392
37_20240826 01,1572.7489112264047
37_20240826 02,1574.163870252601
37_20240826 03,1588.9043290580978
37_20240826 04,1695.2095802287804
37_20240826 05,2306.4475085177487
37_20240826 06,3315.166136437705
37_20240826 07,3659.315926573694
37_20240826 08,4047.06679806693
37_20240826 09,4103.850885607905
37_20240826 10,4227.876461307588
37_20240826 11,4247.283828436426
37_20240826 12,4178.927653590448
37_20240826 13,4235.470596997888
37_20240826 14,4209.205009265974
37_20240826 15,4200.923383784636
37_20240826 16,4189.97146113499
37_20240826 17,4137.882889983502
37_20240826 18,3588.230390111853
37_20240826 19,3041.3933699277786
37_20240826 20,2450.3935768163915
37_20240826 21,2058.9477622585305
37_20240826 22,1902.3102745768792
37_20240826 23,1734.4498126636718
37_20240827 00,1628.8954822774624
37_20240827 01,1590.876497085913
37_20240827 02,1594.7075870275366
37_20240827 03,1564.1601587566763
37_20240827 04,1568.5808019428182
37_20240827 05,2104.2752907855324
37_20240827 06,3104.849257683305
37_20240827 07,3487.4724450811614
37_20240827 08,3801.030957333417
37_20240827 09,3872.845942057377
37_20240827 10,3862.001904658576
37_20240827 11,3925.1115712353276
37_20240827 12,3909.3038915034804
37_20240827 13,3950.5752596649136
37_20240827 14,4036.7778636654625
37_20240827 15,4037.576468883272
37_20240827 16,4079.183277393384
37_20240827 17,3923.5387068699515
37_20240827 18,3486.197806112566
37_20240827 19,3009.1442202757335
37_20240827 20,2369.669893659086
37_20240827 21,2037.1917737710812
37_20240827 22,1861.6237864259356
37_20240827 23,1611.1040729617519
37_20240828 00,1551.3478176423478
37_20240828 01,1531.8906852572304
37_20240828 02,1536.0883852211152
37_20240828 03,1522.137578763226
37_20240828 04,1569.3451169206753
37_20240828 05,2059.989583602248
37_20240828 06,3017.330010437087
37_20240828 07,3293.131766532832
37_20240828 08,3767.079831849965
37_20240828 09,3951.538196302472
37_20240828 10,4084.9871320155207
37_20240828 11,4164.6782639455505
37_20240828 12,4167.158628869174
37_20240828 13,4223.602021024326
37_20240828 14,4125.453880081661
37_20240828 15,4142.122819785802
37_20240828 16,4149.202328899734
37_20240828 17,4005.147012195537
37_20240828 18,3575.162996975002
37_20240828 19,3045.834906783494
37_20240828 20,2376.300501486192
37_20240828 21,2009.572695889603
37_20240828 22,1846.507762060453
37_20240828 23,1644.669698304907
37_20240829 00,1559.883290222733
37_20240829 01,1535.605677687425
37_20240829 02,1533.4288494193706
37_20240829 03,1521.1829315734103
37_20240829 04,1517.8023240961359
37_20240829 05,1995.1637381956166
37_20240829 06,2939.1958201328944
37_20240829 07,3205.8489903624145
37_20240829 08,3610.194196324408
37_20240829 09,3729.7153635502295
37_20240829 10,3854.988835116017
37_20240829 11,4047.7995840964163
37_20240829 12,3912.744789733412
37_20240829 13,4030.189736644983
37_20240829 14,3968.960918489296
37_20240829 15,3944.6138796231926
37_20240829 16,3936.163006668289
37_20240829 17,3837.432150890136
37_20240829 18,3347.261189194691
37_20240829 19,2943.39289461798
37_20240829 20,2298.3780769857312
37_20240829 21,1946.4108508982526
37_20240829 22,1797.9474702238208
37_20240829 23,1597.8325429105923
37_20240830 00,1557.3239465875386
37_20240830 01,1537.4939166411677
37_20240830 02,1528.9660512536675
37_20240830 03,1523.0141364886153
37_20240830 04,1535.825770788078
37_20240830 05,1991.8620384504834
37_20240830 06,2943.9018951276894
37_20240830 07,3177.1335770893406
37_20240830 08,3710.903957386769
37_20240830 09,3858.1860194100823
37_20240830 10,3992.4553328220436
37_20240830 11,4080.370092196511
37_20240830 12,4007.3702718539616
37_20240830 13,4084.2716464093014
37_20240830 14,4014.289126861013
37_20240830 15,3976.0263367469597
37_20240830 16,3950.200667817508
37_20240830 17,3791.6568824504484
37_20240830 18,3261.0921747834436
37_20240830 19,2850.6855555869756
37_20240830 20,2185.46569845215
37_20240830 21,1877.9191303421203
37_20240830 22,1675.2622627258907
37_20240830 23,1555.2151957547246
37_20240831 00,1529.8169134516136
37_20240831 01,1521.6854779179653
37_20240831 02,1496.7397870617083
37_20240831 03,1489.7889031141776
37_20240831 04,1497.5537633111608
37_20240831 05,1501.5958562931164
37_20240831 06,1528.8147131371068
37_20240831 07,1577.7096637382735
37_20240831 08,1618.9226610522228
37_20240831 09,1804.5431986540975
37_20240831 10,1910.0128239426122
37_20240831 11,1922.380317774707
37_20240831 12,1987.5025451298459
37_20240831 13,1987.837093909967
37_20240831 14,1984.4774676756674
37_20240831 15,1985.6523037157644
37_20240831 16,1967.1819941419712
37_20240831 17,1893.7653043961368
37_20240831 18,1852.7028035119624
37_20240831 19,1769.6054460376654
37_20240831 20,1687.5000039277645
37_20240831 21,1638.2772264211494
37_20240831 22,1576.5263605103655
37_20240831 23,1543.8957617532437
38_20240825 00,947.8212440967784
38_20240825 01,943.308188617211
38_20240825 02,932.7465012353653
38_20240825 03,931.5849215521254
38_20240825 04,919.7482280146025
38_20240825 05,921.1786248604437
38_20240825 06,952.1186309922969
38_20240825 07,984.8150348651553
38_20240825 08,1039.649861313932
38_20240825 09,1101.705912708615
38_20240825 10,1144.3182223424315
38_20240825 11,1157.3666831641572
38_20240825 12,1170.5455237426863
38_20240825 13,1198.4628539753767
38_20240825 14,1203.8279913827714
38_20240825 15,1179.8887714625685
38_20240825 16,1163.8621312573262
38_20240825 17,1089.3604743211788
38_20240825 18,1028.8174189778142
38_20240825 19,1015.3987546382791
38_20240825 20,1001.0779437733752
38_20240825 21,990.1836240663711
38_20240825 22,973.5050577229194
38_20240825 23,955.7148580537869
38_20240826 00,952.817918993767
38_20240826 01,940.6451895776913
38_20240826 02,936.1449760962586
38_20240826 03,932.072516941254
38_20240826 04,933.2459917480237
38_20240826 05,1122.0094914663318
38_20240826 06,1337.1458654111282
38_20240826 07,1441.469576183571
38_20240826 08,1602.1958092980258
38_20240826 09,1705.8573797390648
38_20240826 10,1733.1406084037426
38_20240826 11,1752.5558248964162
38_20240826 12,1718.3527091687642
38_20240826 13,1748.7332502257723
38_20240826 14,1750.8892536569397
38_20240826 15,1745.7682239898236
38_20240826 16,1751.820080120899
38_20240826 17,1689.1906948190135
38_20240826 18,1472.4922406093337
38_20240826 19,1243.8811175892897
38_20240826 20,1191.557850919829
38_20240826 21,1138.0962096845883
38_20240826 22,1046.1250850261292
38_20240826 23,1000.3233818534197
38_20240827 00,963.4375782484885
38_20240827 01,955.2249905875301
38_20240827 02,952.881333039676
38_20240827 03,944.591313301375
38_20240827 04,938.4455324078779
38_20240827 05,1048.094420977246
38_20240827 06,1302.8942069114198
38_20240827 07,1479.6421660793187
38_20240827 08,1600.0051078946835
38_20240827 09,1700.7521236954012
38_20240827 10,1716.9376541883657
38_20240827 11,1726.3922580922845
38_20240827 12,1683.0888298027849
38_20240827 13,1730.2317870551256
38_20240827 14,1733.6439967271408
38_20240827 15,1732.3070825864006
38_20240827 16,1721.3967397304546
38_20240827 17,1663.9584644912775
38_20240827 18,1427.2967280888759
38_20240827 19,1203.8738720815702
38_20240827 20,1136.1323748698073
38_20240827 21,1091.246171038013
38_20240827 22,1016.7083003673373
38_20240827 23,971.6164185909946
38_20240828 00,933.1532083500744
38_20240828 01,929.319733808631
38_20240828 02,925.1418939580461
38_20240828 03,925.0466218129795
38_20240828 04,921.861660630786
38_20240828 05,1008.2517771044324
38_20240828 06,1236.7064144195288
38_20240828 07,1390.919710197527
38_20240828 08,1553.9376039595152
38_20240828 09,1671.2193701081242
38_20240828 10,1696.7807951938573
38_20240828 11,1736.3850206885456
38_20240828 12,1680.124301252045
38_20240828 13,1738.3702979821478
38_20240828 14,1747.8980380879595
38_20240828 15,1720.3996245237483
38_20240828 16,1704.032970492714
38_20240828 17,1663.6527635466252
38_20240828 18,1446.30720954113
38_20240828 19,1197.0875245720058
38_20240828 20,1125.757458453213
38_20240828 21,1082.9847545671219
38_20240828 22,1027.2017083713408
38_20240828 23,984.4526885979463
38_20240829 00,938.7391355628477
38_20240829 01,923.4637323645574
38_20240829 02,920.7277292476635
38_20240829 03,914.0114549269765
38_20240829 04,915.0249399941166
38_20240829 05,992.2308523960525
38_20240829 06,1214.1032084128626
38_20240829 07,1369.2179645292981
38_20240829 08,1521.2157186766503
38_20240829 09,1632.665738404368
38_20240829 10,1657.7520907049852
38_20240829 11,1672.32974910497
38_20240829 12,1667.5052025211744
38_20240829 13,1683.049025598717
38_20240829 14,1699.5397150020642
38_20240829 15,1696.6764213521967
38_20240829 16,1672.6930418367951
38_20240829 17,1637.7285991717074
38_20240829 18,1427.833418132549
38_20240829 19,1180.0128104202201
38_20240829 20,1103.434608131849
38_20240829 21,1065.2530755590437
38_20240829 22,1004.7068103579073
38_20240829 23,954.1859492500544
38_20240830 00,922.2658672310678
38_20240830 01,914.7182927459033
38_20240830 02,912.3321328366201
38_20240830 03,906.1412516247344
38_20240830 04,904.8451633497054
38_20240830 05,973.3974206941349
38_20240830 06,1205.9724003717297
38_20240830 07,1356.0998191176488
38_20240830 08,1494.2390421030484
38_20240830 09,1638.5504677877657
38_20240830 10,1668.9242253449695
38_20240830 11,1683.8805242614874
38_20240830 12,1645.472186360766
38_20240830 13,1687.796079724416
38_20240830 14,1684.2528371059093
38_20240830 15,1648.1896001835607
38_20240830 16,1646.9665544861741
38_20240830 17,1612.6405844950687
38_20240830 18,1369.2240667777567
38_20240830 19,1133.396477147098
38_20240830 20,1085.5782961108077
38_20240830 21,1045.6472198198471
38_20240830 22,973.9167645735209
38_20240830 23,942.8808307092938
38_20240831 00,903.8534025682841
38_20240831 01,900.7390097012945
38_20240831 02,897.4761855307117
38_20240831 03,893.5753843398652
38_20240831 04,894.6990639000489
38_20240831 05,896.4926592995976
38_20240831 06,916.089118895168
38_20240831 07,943.032734953218
38_20240831 08,1046.276309384729
38_20240831 09,1070.5509653207312
38_20240831 10,1101.375127072873
38_20240831 11,1102.8442607875013
38_20240831 12,1151.3725428144628
38_20240831 13,1155.345478903838
38_20240831 14,1154.3226289954923
38_20240831 15,1160.3045995717703
38_20240831 16,1159.188764013977
38_20240831 17,1099.8445533037614
38_20240831 18,1047.4246832406213
38_20240831 19,999.9514324093083
38_20240831 20,985.2482093951795
38_20240831 21,966.6726710300971
38_20240831 22,942.0790423582284
38_20240831 23,921.5010896280104
39_20240825 00,1820.3016191847619
39_20240825 01,1790.0512932498555
39_20240825 02,1774.234149595679
39_20240825 03,1805.8775369748432
39_20240825 04,1839.9688384846859
39_20240825 05,1891.5018207095954
39_20240825 06,2051.860613539662
39_20240825 07,2126.034998325422
39_20240825 08,2182.1112816275527
39_20240825 09,2211.4746982481606
39_20240825 10,2227.6422261782022
39_20240825 11,2242.7719482139046
39_20240825 12,2259.473380606471
39_20240825 13,2288.4590297218856
39_20240825 14,2303.7529103451325
39_20240825 15,2284.410403441095
39_20240825 16,2295.409603366651
39_20240825 17,2296.8463600068517
39_20240825 18,2293.096093893245
39_20240825 19,2238.803226482714
39_20240825 20,2093.6945012994383
39_20240825 21,2018.377264017988
39_20240825 22,1968.5572332696336
39_20240825 23,1888.6799519664742
39_20240826 00,1851.5745122939911
39_20240826 01,1821.0036446949532
39_20240826 02,1818.2940238705744
39_20240826 03,1844.3080374638516
39_20240826 04,1865.3625592196909
39_20240826 05,2074.4295343629515
39_20240826 06,2558.2159823414245
39_20240826 07,2904.9950415807525
39_20240826 08,3179.5114198374667
39_20240826 09,3254.5556467901347
39_20240826 10,3322.061951627362
39_20240826 11,3325.736011719545
39_20240826 12,3320.1545942946386
39_20240826 13,3361.557288958016
39_20240826 14,3356.6992963052644
39_20240826 15,3365.413104807047
39_20240826 16,3338.1184313581853
39_20240826 17,3065.6751894545196
39_20240826 18,2739.814539261609
39_20240826 19,2550.946907262214
39_20240826 20,2273.49332668768
39_20240826 21,2137.4442412030776
39_20240826 22,2037.106309326435
39_20240826 23,1913.522516682771
39_20240827 00,1837.6747611643982
39_20240827 01,1824.649152075056
39_20240827 02,1817.903020826584
39_20240827 03,1807.137083089225
39_20240827 04,1787.068631228181
39_20240827 05,1955.9717096806032
39_20240827 06,2474.206486351194
39_20240827 07,2718.8978494346893
39_20240827 08,3030.5091163745615
39_20240827 09,3116.17704701735
39_20240827 10,3079.630940560827
39_20240827 11,3057.104894473172
39_20240827 12,3053.001427267378
39_20240827 13,3223.3056914284602
39_20240827 14,3243.8714291513843
39_20240827 15,3246.809659035588
39_20240827 16,3231.091208138956
39_20240827 17,2950.392386605486
39_20240827 18,2631.1271130615814
39_20240827 19,2423.2624950503086
39_20240827 20,2164.134832110846
39_20240827 21,2060.168781876858
39_20240827 22,1954.0113092444408
39_20240827 23,1825.2334954752164
39_20240828 00,1792.7502008434872
39_20240828 01,1733.2861338587752
39_20240828 02,1733.121465825916
39_20240828 03,1729.1610433753863
39_20240828 04,1739.5381727946253
39_20240828 05,1851.7132968506521
39_20240828 06,2251.551449180973
39_20240828 07,2637.100810368798
39_20240828 08,2971.8905878998457
39_20240828 09,3165.09689892606
39_20240828 10,3196.7872651134567
39_20240828 11,3225.695784771093
39_20240828 12,3219.6465346451196
39_20240828 13,3291.0590304627917
39_20240828 14,3291.202490741132
39_20240828 15,3275.4754463535337
39_20240828 16,3251.9308611361994
39_20240828 17,3006.7590350687915
39_20240828 18,2668.5315005805505
39_20240828 19,2472.2688019457955
39_20240828 20,2214.6829474596075
39_20240828 21,2076.8790073222817
39_20240828 22,1998.5073820591172
39_20240828 23,1868.5391305202734
39_20240829 00,1810.4318810135942
39_20240829 01,1791.0330825967887
39_20240829 02,1770.860991125623
39_20240829 03,1735.9890413942574
39_20240829 04,1756.0089004196939
39_20240829 05,1880.99711030672
39_20240829 06,2259.845399606955
39_20240829 07,2627.5365318494955
39_20240829 08,2933.599101871894
39_20240829 09,3103.8039416925576
39_20240829 10,3150.5932641432296
39_20240829 11,3194.6845772247093
39_20240829 12,3200.4061729960667
39_20240829 13,3272.7067009341736
39_20240829 14,3276.2516900779005
39_20240829 15,3272.537113016786
39_20240829 16,3201.5234254824845
39_20240829 17,2934.3311204988418
39_20240829 18,2644.4373900538694
39_20240829 19,2400.300035591466
39_20240829 20,2157.642101982872
39_20240829 21,2029.7931019872997
39_20240829 22,1944.3125951905836
39_20240829 23,1843.8586112903195
39_20240830 00,1773.7262265704305
39_20240830 01,1741.180171673539
39_20240830 02,1717.291570246352
39_20240830 03,1701.6863077039939
39_20240830 04,1707.6085140494197
39_20240830 05,1833.5619372373599
39_20240830 06,2267.875246421181
39_20240830 07,2592.13353182458
39_20240830 08,2910.0413595820996
39_20240830 09,3092.038883145599
39_20240830 10,3125.049511565631
39_20240830 11,3159.851635412139
39_20240830 12,3149.995701805787
39_20240830 13,3182.9862537238823
39_20240830 14,3204.374720178633
39_20240830 15,3183.7664715119895
39_20240830 16,3159.2683193924813
39_20240830 17,2901.8593645702167
39_20240830 18,2608.3457998477684
39_20240830 19,2366.461724214586
39_20240830 20,2107.322903437888
39_20240830 21,2005.5038057469756
39_20240830 22,1928.6039294061318
39_20240830 23,1815.5946780595254
39_20240831 00,1742.806084356631
39_20240831 01,1679.6262807410324
39_20240831 02,1593.2716492371287
39_20240831 03,1568.125755272937
39_20240831 04,1565.748691012508
39_20240831 05,1636.8960126547963
39_20240831 06,1879.3134400864838
39_20240831 07,1981.2569213649442
39_20240831 08,2058.291953865062
39_20240831 09,2161.1505383536487
39_20240831 10,2204.728003379093
39_20240831 11,2246.696516556868
39_20240831 12,2259.1115288171495
39_20240831 13,2293.084998163475
39_20240831 14,2297.1855520535873
39_20240831 15,2232.314985373362
39_20240831 16,2237.2148895934884
39_20240831 17,2227.3633908891497
39_20240831 18,2226.1703515546105
39_20240831 19,2148.4267365725836
39_20240831 20,1999.3008905536485
39_20240831 21,1908.1218980435842
39_20240831 22,1839.2837402156483
39_20240831 23,1754.8076110321974
40_20240825 00,510.0809896495255
40_20240825 01,480.19610019928444
40_20240825 02,487.72359656041266
40_20240825 03,505.5774938133902
40_20240825 04,520.5983924869851
40_20240825 05,526.8274567489527
40_20240825 06,537.1279868835795
40_20240825 07,543.3043725695783
40_20240825 08,596.7144531156869
40_20240825 09,681.566618121374
40_20240825 10,700.7763687370159
40_20240825 11,705.5676966287988
40_20240825 12,700.6382358613902
40_20240825 13,690.2208651833519
40_20240825 14,707.0101591887044
40_20240825 15,691.3306507546172
40_20240825 16,688.8353343134007
40_20240825 17,709.4677128079868
40_20240825 18,758.6416289518605
40_20240825 19,715.0894600449512
40_20240825 20,782.9580573313384
40_20240825 21,655.6356242107021
40_20240825 22,610.2160412048947
40_20240825 23,528.5354835325942
40_20240826 00,523.4044541636275
40_20240826 01,493.64560715206454
40_20240826 02,482.2958340218333
40_20240826 03,492.326655004739
40_20240826 04,489.02797396425086
40_20240826 05,508.04836043890737
40_20240826 06,557.6827251967352
40_20240826 07,651.8594892908503
40_20240826 08,809.7512621253209
40_20240826 09,1201.7217829389062
40_20240826 10,1891.1249471148983
40_20240826 11,1914.7017244021088
40_20240826 12,1928.0466125721032
40_20240826 13,1912.903289102131
40_20240826 14,1901.6506727934789
40_20240826 15,1862.450672174871
40_20240826 16,1843.7592218730927
40_20240826 17,1779.9531654280436
40_20240826 18,1761.179077986229
40_20240826 19,1667.9579212374651
40_20240826 20,1609.933820823885
40_20240826 21,1337.8426190002303
40_20240826 22,961.773332394587
40_20240826 23,651.9195001731455
40_20240827 00,523.685446385754
40_20240827 01,494.8660926252393
40_20240827 02,485.11667370321254
40_20240827 03,486.9913906512139
40_20240827 04,485.5684533867196
40_20240827 05,505.30950594956107
40_20240827 06,556.5906029178855
40_20240827 07,646.0037719128322
40_20240827 08,792.0534662309768
40_20240827 09,1162.9115385654231
40_20240827 10,1729.3785948496247
40_20240827 11,1737.6263759238066
40_20240827 12,1806.1885797470668
40_20240827 13,1819.147580108453
40_20240827 14,1823.2330071468077
40_20240827 15,1807.3159544318423
40_20240827 16,1798.8990119073328
40_20240827 17,1724.6589034225656
40_20240827 18,1699.650378029621
40_20240827 19,1631.7009640063175
40_20240827 20,1554.8086224034644
40_20240827 21,1310.8902864431716
40_20240827 22,951.5033942336992
40_20240827 23,664.2516157829043
40_20240828 00,538.8516376316159
40_20240828 01,504.1456991679983
40_20240828 02,490.5925356551778
40_20240828 03,511.8032697243036
40_20240828 04,497.26857934482774
40_20240828 05,511.818668874379
40_20240828 06,561.8200590649632
40_20240828 07,655.0647394704563
40_20240828 08,809.1576416133486
40_20240828 09,1141.9654590113664
40_20240828 10,1754.3057646711272
40_20240828 11,1860.3701772323093
40_20240828 12,1881.9561547876801
40_20240828 13,1867.1189066862069
40_20240828 14,1862.1187808745788
40_20240828 15,1846.5850432696125
40_20240828 16,1805.6712275075956
40_20240828 17,1746.6559528020396
40_20240828 18,1701.0653461650486
40_20240828 19,1638.5562821585534
40_20240828 20,1584.4791472811792
40_20240828 21,1325.6933647129026
40_20240828 22,982.4012215955687
40_20240828 23,660.7384124454593
40_20240829 00,531.1083811596278
40_20240829 01,510.44435053890817
40_20240829 02,504.52841118008087
40_20240829 03,511.1744257876332
40_20240829 04,501.2613987153749
40_20240829 05,518.2500885914226
40_20240829 06,572.0503749817383
40_20240829 07,658.0078196922012
40_20240829 08,817.3789465924891
40_20240829 09,1149.4254392716393
40_20240829 10,1790.3854791909093
40_20240829 11,1810.5622549658556
40_20240829 12,1841.9289254396056
40_20240829 13,1849.960150409201
40_20240829 14,1837.1757296208095
40_20240829 15,1816.2024499204522
40_20240829 16,1794.153519268718
40_20240829 17,1732.7825651332507
40_20240829 18,1711.2577476056626
40_20240829 19,1650.2759836661457
40_20240829 20,1584.777519732862
40_20240829 21,1273.0553601992333
40_20240829 22,969.109697207545
40_20240829 23,661.3419985531148
40_20240830 00,534.0095122710416
40_20240830 01,515.2825329747951
40_20240830 02,508.3929307177275
40_20240830 03,519.1934217599473
40_20240830 04,505.73356626723967
40_20240830 05,522.0035006640985
40_20240830 06,579.4478751109725
40_20240830 07,660.5889863956472
40_20240830 08,807.6527089713384
40_20240830 09,1151.2774410801935
40_20240830 10,1802.7428743165665
40_20240830 11,1814.2260035108889
40_20240830 12,1851.9662838649087
40_20240830 13,1835.4382361712605
40_20240830 14,1836.7505457177067
40_20240830 15,1813.0527906774576
40_20240830 16,1802.552258616394
40_20240830 17,1754.6355330619165
40_20240830 18,1704.7199578875554
40_20240830 19,1655.0036048903914
40_20240830 20,1558.3810020131964
40_20240830 21,1329.6847829872343
40_20240830 22,981.1892486292255
40_20240830 23,684.5854452600408
40_20240831 00,549.0171964085226
40_20240831 01,513.8334737166339
40_20240831 02,509.988687577187
40_20240831 03,518.921516259862
40_20240831 04,508.74010674302644
40_20240831 05,522.7725076533668
40_20240831 06,577.9348326427873
40_20240831 07,663.2805090820652
40_20240831 08,828.0485964238669
40_20240831 09,1137.8982387109822
40_20240831 10,1763.3841166729053
40_20240831 11,1866.2339843746695
40_20240831 12,1866.335078206223
40_20240831 13,1884.1609815434945
40_20240831 14,1906.9019131300556
40_20240831 15,1885.36562210159
40_20240831 16,1868.6409508491283
40_20240831 17,1819.8091184631808
40_20240831 18,1783.9268128926449
40_20240831 19,1685.359367537148
40_20240831 20,1596.692771661853
40_20240831 21,1353.860317506216
40_20240831 22,983.456119263066
40_20240831 23,684.6696116650954
41_20240825 00,2693.6634151233498
41_20240825 01,2694.9845260297643
41_20240825 02,2701.1336395637663
41_20240825 03,2691.5457041353284
41_20240825 04,2694.351829212944
41_20240825 05,2690.32691309619
41_20240825 06,2689.9756222350275
41_20240825 07,2687.6343518291887
41_20240825 08,2695.764445562013
41_20240825 09,2711.8786183599095
41_20240825 10,2720.1105481251307
41_20240825 11,2721.085922419491
41_20240825 12,2723.65481573114
41_20240825 13,2725.9650377091157
41_20240825 14,2732.1506230916857
41_20240825 15,2738.4540559958764
41_20240825 16,2736.7444080839887
41_20240825 17,2735.8355297860344
41_20240825 18,2729.8000828016457
41_20240825 19,2719.742245468291
41_20240825 20,2719.534028555154
41_20240825 21,2720.7569971467237
41_20240825 22,2710.133335079703
41_20240825 23,2695.6268868939105
41_20240826 00,2698.7472990762
41_20240826 01,2704.986430366505
41_20240826 02,2703.922831883546
41_20240826 03,2700.6401134836206
41_20240826 04,2706.5293280086817
41_20240826 05,2692.4786312335955
41_20240826 06,2692.0324314738637
41_20240826 07,2693.4509673849184
41_20240826 08,2702.136683361119
41_20240826 09,2727.290729268083
41_20240826 10,2730.368194529051
41_20240826 11,2731.0286484930502
41_20240826 12,2738.9957903223267
41_20240826 13,2740.151156905627
41_20240826 14,2741.111396356848
41_20240826 15,2741.1909966358216
41_20240826 16,2738.558331493408
41_20240826 17,2746.6925260399703
41_20240826 18,2741.033729423537
41_20240826 19,2732.399063343467
41_20240826 20,2731.322153434313
41_20240826 21,2728.5254764223473
41_20240826 22,2722.047195964156
41_20240826 23,2702.5862725410743
41_20240827 00,2704.038804250953
41_20240827 01,2709.9028732419215
41_20240827 02,2709.135473923775
41_20240827 03,2706.8790569397893
41_20240827 04,2708.280064564144
41_20240827 05,2695.7889242209994
41_20240827 06,2696.5174829798398
41_20240827 07,2698.082176517415
41_20240827 08,2706.2623365751533
41_20240827 09,2712.3228019019957
41_20240827 10,2716.085591139714
41_20240827 11,2718.910641446753
41_20240827 12,2715.4562775461072
41_20240827 13,2728.1702036596625
41_20240827 14,2727.4965032091895
41_20240827 15,2736.916285953495
41_20240827 16,2728.1164943791414
41_20240827 17,2733.357916687517
41_20240827 18,2724.759800074053
41_20240827 19,2720.338304102357
41_20240827 20,2717.1149110823217
41_20240827 21,2718.5059914427466
41_20240827 22,2708.5082339450187
41_20240827 23,2701.8362415337547
41_20240828 00,2699.3510858873933
41_20240828 01,2700.215707014522
41_20240828 02,2700.5557610033875
41_20240828 03,2700.291360070759
41_20240828 04,2704.0193545069183
41_20240828 05,2699.1262241592417
41_20240828 06,2700.3052030843965
41_20240828 07,2703.8929566671004
41_20240828 08,2701.088272218945
41_20240828 09,2709.495184231598
41_20240828 10,2707.210083733794
41_20240828 11,2711.683721096134
41_20240828 12,2713.221231627137
41_20240828 13,2714.637498296274
41_20240828 14,2734.122299595747
41_20240828 15,2742.9271960601927
41_20240828 16,2727.5396977147566
41_20240828 17,2737.606511913684
41_20240828 18,2732.214688922272
41_20240828 19,2704.725481485441
41_20240828 20,2705.2226417543843
41_20240828 21,2694.2630788975175
41_20240828 22,2692.4430831151303
41_20240828 23,2683.26925739666
41_20240829 00,2681.2473057963343
41_20240829 01,2681.901281792748
41_20240829 02,2681.427336914221
41_20240829 03,2678.9699153642605
41_20240829 04,2683.3040886514664
41_20240829 05,2676.002946979581
41_20240829 06,2679.5212303756707
41_20240829 07,2680.549504872926
41_20240829 08,2685.0884541142773
41_20240829 09,2691.7099266005735
41_20240829 10,2695.550653731346
41_20240829 11,2703.996545859126
41_20240829 12,2709.093259644592
41_20240829 13,2711.3810184942968
41_20240829 14,2717.229503528114
41_20240829 15,2723.911725639062
41_20240829 16,2714.66274659793
41_20240829 17,2707.9921252194845
41_20240829 18,2702.542242594012
41_20240829 19,2698.1349761665415
41_20240829 20,2701.876071202851
41_20240829 21,2699.1172250756135
41_20240829 22,2691.865211841522
41_20240829 23,2682.7122269768333
41_20240830 00,2682.3363100144425
41_20240830 01,2668.46045375458
41_20240830 02,2675.8947690926598
41_20240830 03,2669.4813449055246
41_20240830 04,2676.57985810857
41_20240830 05,2678.239978020322
41_20240830 06,2673.7435594319736
41_20240830 07,2675.435718707593
41_20240830 08,2686.068566079749
41_20240830 09,2684.5869673825055
41_20240830 10,2695.6263588919396
41_20240830 11,2699.033146407699
41_20240830 12,2702.2288583553113
41_20240830 13,2715.0136253813853
41_20240830 14,2715.784987014133
41_20240830 15,2715.5816495568097
41_20240830 16,2708.409730888181
41_20240830 17,2719.630315532394
41_20240830 18,2709.5507461475017
41_20240830 19,2702.9082733854852
41_20240830 20,2695.868760853599
41_20240830 21,2693.9408360848847
41_20240830 22,2686.336393807236
41_20240830 23,2679.073669661979
41_20240831 00,2678.1748690855793
41_20240831 01,2683.077318246601
41_20240831 02,2687.4213957999
41_20240831 03,2692.3124434253527
41_20240831 04,2662.943782425187
41_20240831 05,2679.081313749037
41_20240831 06,2680.1648042094266
41_20240831 07,2682.708126822632
41_20240831 08,2683.026499516656
41_20240831 09,2685.096934717293
41_20240831 10,2696.0576387750275
41_20240831 11,2702.029222864707
41_20240831 12,2701.5955425924267
41_20240831 13,2710.61931567315
41_20240831 14,2716.1977952177826
41_20240831 15,2721.4970022829766
41_20240831 16,2716.3190405797186
41_20240831 17,2721.6623857687455
41_20240831 18,2715.243322906278
41_20240831 19,2708.0587632963843
41_20240831 20,2698.4616886919057
41_20240831 21,2699.626142881523
41_20240831 22,2697.564540387982
41_20240831 23,2692.397699249131
42_20240825 00,3684.7843125218074
42_20240825 01,3645.1666106925845
42_20240825 02,3642.951336827885
42_20240825 03,3636.156411321189
42_20240825 04,3687.161722266365
42_20240825 05,3775.34652608438
42_20240825 06,3957.1647449444436
42_20240825 07,4057.1128350409363
42_20240825 08,4182.212258509934
42_20240825 09,4340.902701616202
42_20240825 10,4409.288035188004
42_20240825 11,4433.701969424883
42_20240825 12,4437.11247994445
42_20240825 13,4424.285267052399
42_20240825 14,4490.945252646991
42_20240825 15,4485.664701355741
42_20240825 16,4498.338793206005
42_20240825 17,4404.491334581626
42_20240825 18,4306.9437765304865
42_20240825 19,4263.353448492454
42_20240825 20,4209.06864269504
42_20240825 21,4172.533079853185
42_20240825 22,3950.1346289245084
42_20240825 23,3697.647311958346
42_20240826 00,3696.8051515959187
42_20240826 01,3609.8969095951866
42_20240826 02,3605.3907167665693
42_20240826 03,3615.107344704219
42_20240826 04,3741.4676880366533
42_20240826 05,3879.7682819981555
42_20240826 06,4203.585382903495
42_20240826 07,4766.692133165469
42_20240826 08,5313.48268695223
42_20240826 09,5704.546100774411
42_20240826 10,5765.163492211035
42_20240826 11,5720.112404594259
42_20240826 12,5668.496170734523
42_20240826 13,5674.206587117846
42_20240826 14,5767.936578826647
42_20240826 15,5689.723560653107
42_20240826 16,5606.167495286588
42_20240826 17,5367.77021740927
42_20240826 18,4716.568402777688
42_20240826 19,4408.989656219416
42_20240826 20,4350.119459640488
42_20240826 21,4198.362348308815
42_20240826 22,3966.8450947248307
42_20240826 23,3694.9460259432553
42_20240827 00,3664.959551344072
42_20240827 01,3628.7798655880815
42_20240827 02,3608.3162600327423
42_20240827 03,3608.968392821743
42_20240827 04,3735.8040599545866
42_20240827 05,3846.772022161979
42_20240827 06,4194.096890925767
42_20240827 07,4738.078803054878
42_20240827 08,5276.3073867076555
42_20240827 09,5654.33678273886
42_20240827 10,5742.7447267685275
42_20240827 11,5681.6020491222025
42_20240827 12,5583.748786963563
42_20240827 13,5584.3536476343215
42_20240827 14,5671.765623110725
42_20240827 15,5603.724909493172
42_20240827 16,5493.3497612885885
42_20240827 17,5241.87673720312
42_20240827 18,4526.92122812141
42_20240827 19,4260.747157501727
42_20240827 20,4149.400983373436
42_20240827 21,4082.8262551516973
42_20240827 22,3799.898057143981
42_20240827 23,3608.619266335497
42_20240828 00,3558.727414258631
42_20240828 01,3519.6815881305783
42_20240828 02,3504.892635593661
42_20240828 03,3505.9799945232644
42_20240828 04,3656.3502251928203
42_20240828 05,3758.2158563690286
42_20240828 06,4104.108328777614
42_20240828 07,4609.880931162448
42_20240828 08,5133.969916997576
42_20240828 09,5462.043027817332
42_20240828 10,5597.970789555852
42_20240828 11,5518.161515612752
42_20240828 12,5441.582289566654
42_20240828 13,5493.086921754302
42_20240828 14,5538.084746969057
42_20240828 15,5567.131253171252
42_20240828 16,5482.118647708924
42_20240828 17,5251.52698999869
42_20240828 18,4555.517727938429
42_20240828 19,4273.828713920286
42_20240828 20,4157.409764052388
42_20240828 21,4068.780928420768
42_20240828 22,3829.672858729864
42_20240828 23,3619.3795406831323
42_20240829 00,3566.6363390074384
42_20240829 01,3539.479647876856
42_20240829 02,3512.0225309845064
42_20240829 03,3509.9253238258316
42_20240829 04,3667.871555150107
42_20240829 05,3743.3692247705776
42_20240829 06,4075.5038974781237
42_20240829 07,4606.677676993859
42_20240829 08,5145.935307785201
42_20240829 09,5524.883093407458
42_20240829 10,5640.068195692265
42_20240829 11,5578.375569138639
42_20240829 12,5508.5266606030145
42_20240829 13,5510.088054915226
42_20240829 14,5610.6559632413255
42_20240829 15,5610.29922076227
42_20240829 16,5482.54220938401
42_20240829 17,5246.233510091806
42_20240829 18,4528.393760709038
42_20240829 19,4327.185677482223
42_20240829 20,4149.832588128044
42_20240829 21,4084.811085273718
42_20240829 22,3848.8822978764942
42_20240829 23,3623.2560004988327
42_20240830 00,3581.991006429889
42_20240830 01,3515.747134431842
42_20240830 02,3506.70620683033
42_20240830 03,3484.763528988294
42_20240830 04,3645.606032651334
42_20240830 05,3759.2338392153683
42_20240830 06,4072.072794780106
42_20240830 07,4615.185248827198
42_20240830 08,5151.834981894784
42_20240830 09,5534.876531392982
42_20240830 10,5626.387203733166
42_20240830 11,5572.434121964875
42_20240830 12,5459.93383251768
42_20240830 13,5458.444235881812
42_20240830 14,5551.181341731252
42_20240830 15,5565.977752952233
42_20240830 16,5467.905886477035
42_20240830 17,5238.960533499315
42_20240830 18,4587.966958058225
42_20240830 19,4382.107528734999
42_20240830 20,4170.411224668637
42_20240830 21,4074.832212544266
42_20240830 22,3787.7836315482004
42_20240830 23,3578.8057231181897
42_20240831 00,3521.076079640836
42_20240831 01,3454.756847985539
42_20240831 02,3451.741962811239
42_20240831 03,3456.984375844745
42_20240831 04,3544.4067747702743
42_20240831 05,3618.282285828066
42_20240831 06,3734.113611842621
42_20240831 07,3848.0137484503275
42_20240831 08,3955.7703571511292
42_20240831 09,4083.897312216418
42_20240831 10,4207.907054889379
42_20240831 11,4208.647648853524
42_20240831 12,4213.842681469589
42_20240831 13,4267.816585502109
42_20240831 14,4337.4499744812
42_20240831 15,4351.4109278649075
42_20240831 16,4331.212392347654
42_20240831 17,4270.606611861766
42_20240831 18,4177.378139849453
42_20240831 19,4087.138875600105
42_20240831 20,4016.30345740414
42_20240831 21,3947.6885782225863
42_20240831 22,3652.7360541284706
42_20240831 23,3474.539084801686
43_20240825 00,13792.738404691536
43_20240825 01,13748.23368223292
43_20240825 02,13722.204634327356
43_20240825 03,13659.416571688327
43_20240825 04,13592.770308716586
43_20240825 05,13562.269568978587
43_20240825 06,13537.11448954469
43_20240825 07,13513.221799337069
43_20240825 08,13503.286268683272
43_20240825 09,13520.318614223348
43_20240825 10,13516.707614887604
43_20240825 11,13517.921498197875
43_20240825 12,13522.47078481835
43_20240825 13,13518.167215659929
43_20240825 14,13527.896177065388
43_20240825 15,13529.11337136377
43_20240825 16,13522.28226195986
43_20240825 17,13508.776967024854
43_20240825 18,13536.37957110604
43_20240825 19,13540.37695242545
43_20240825 20,13532.506916836981
43_20240825 21,13525.294418848749
43_20240825 22,13712.572827309174
43_20240825 23,13955.966732401479
43_20240826 00,13997.514159812761
43_20240826 01,13843.18182097784
43_20240826 02,13690.750459880579
43_20240826 03,13679.35113985247
43_20240826 04,13600.035658213754
43_20240826 05,13590.382307054848
43_20240826 06,13615.87980428234
43_20240826 07,13644.582609851657
43_20240826 08,13769.759725464286
43_20240826 09,13911.457316382848
43_20240826 10,13975.281190618662
43_20240826 11,14034.09649503959
43_20240826 12,14063.967448307907
43_20240826 13,14072.171182686223
43_20240826 14,14085.257072146109
43_20240826 15,14155.521655577026
43_20240826 16,14176.639049191983
43_20240826 17,14141.221521437026
43_20240826 18,14162.13831355738
43_20240826 19,14028.303182505293
43_20240826 20,13972.47455636959
43_20240826 21,13871.502874399817
43_20240826 22,14093.428633357007
43_20240826 23,14674.374539981154
43_20240827 00,14657.468646478825
43_20240827 01,14660.005782925356
43_20240827 02,14438.330164189054
43_20240827 03,14353.108481476063
43_20240827 04,14060.708645261313
43_20240827 05,13823.256718929955
43_20240827 06,13699.420857760253
43_20240827 07,13774.567639453348
43_20240827 08,13862.471146561353
43_20240827 09,13916.29803219335
43_20240827 10,14030.097533620708
43_20240827 11,14046.703626794384
43_20240827 12,14067.233379481046
43_20240827 13,14066.371289334595
43_20240827 14,14096.77824025646
43_20240827 15,14095.47902602806
43_20240827 16,14193.224035616218
43_20240827 17,14155.854810685867
43_20240827 18,14121.3562084331
43_20240827 19,14053.722442533157
43_20240827 20,14000.082801492143
43_20240827 21,13917.974779380806
43_20240827 22,14193.68061588937
43_20240827 23,14590.163696014219
43_20240828 00,14635.36411713987
43_20240828 01,14534.238487206258
43_20240828 02,14347.849938328178
43_20240828 03,14279.243462304676
43_20240828 04,14047.884505703132
43_20240828 05,13865.559536344652
43_20240828 06,13759.468290714505
43_20240828 07,13824.784047667039
43_20240828 08,13872.520863333515
43_20240828 09,13918.699299109021
43_20240828 10,14016.413064599341
43_20240828 11,14062.186683016813
43_20240828 12,14062.847368109871
43_20240828 13,14078.410255676137
43_20240828 14,14086.364547943567
43_20240828 15,14161.129899070093
43_20240828 16,14220.775356451313
43_20240828 17,14192.183406112908
43_20240828 18,14225.556986467604
43_20240828 19,14054.779917337344
43_20240828 20,13995.061367980956
43_20240828 21,13928.43011418765
43_20240828 22,14265.940525523907
43_20240828 23,14705.959494521838
43_20240829 00,14733.865085069934
43_20240829 01,14706.702826520452
43_20240829 02,14388.051261697898
43_20240829 03,14198.787756384054
43_20240829 04,13957.319984499489
43_20240829 05,13779.039659582904
43_20240829 06,13725.149064640475
43_20240829 07,13755.34967418975
43_20240829 08,13859.853784191178
43_20240829 09,14119.084250615124
43_20240829 10,14323.207500419878
43_20240829 11,14451.761520521748
43_20240829 12,14466.521632521122
43_20240829 13,14463.630838515248
43_20240829 14,14444.222641670589
43_20240829 15,14481.452032795267
43_20240829 16,14354.801871946074
43_20240829 17,14306.880158170154
43_20240829 18,14306.664811846793
43_20240829 19,14131.359258671631
43_20240829 20,14000.15202735985
43_20240829 21,13912.793150920614
43_20240829 22,14226.082790131783
43_20240829 23,14652.30579652367
43_20240830 00,14658.139956445148
43_20240830 01,14466.639445396977
43_20240830 02,14095.495141492578
43_20240830 03,14157.826467449044
43_20240830 04,13883.071015897198
43_20240830 05,13784.366175242712
43_20240830 06,13776.553852014222
43_20240830 07,13776.19236297684
43_20240830 08,13860.394030797665
43_20240830 09,13944.08687343511
43_20240830 10,13983.311336592527
43_20240830 11,14061.666358044913
43_20240830 12,14080.766577791237
43_20240830 13,14087.58569793147
43_20240830 14,14109.440579504439
43_20240830 15,14123.221045514674
43_20240830 16,14143.519154708047
43_20240830 17,14139.093065388022
43_20240830 18,14158.813109087914
43_20240830 19,14105.936110014742
43_20240830 20,13974.18131120867
43_20240830 21,13907.53547812377
43_20240830 22,14315.25090766709
43_20240830 23,14697.7227125243
43_20240831 00,14763.916252999108
43_20240831 01,14534.382165990042
43_20240831 02,14303.99863902251
43_20240831 03,14181.578160072502
43_20240831 04,13787.009905867253
43_20240831 05,13684.429623135398
43_20240831 06,13666.028248118866
43_20240831 07,13652.603546424212
43_20240831 08,13682.151935052108
43_20240831 09,13681.137336512573
43_20240831 10,13693.968139102039
43_20240831 11,13678.522423254337
43_20240831 12,13684.482216515658
43_20240831 13,13721.086871860376
43_20240831 14,13695.428759365554
43_20240831 15,13654.019109114968
43_20240831 16,13661.98282394155
43_20240831 17,13661.12838964873
43_20240831 18,13679.292780515298
43_20240831 19,13658.117151525554
43_20240831 20,13659.829254862547
43_20240831 21,13648.815502198371
43_20240831 22,13616.845184804923
43_20240831 23,13715.174789041917
44_20240825 00,1648.7247537383612
44_20240825 01,1639.4974031303973
44_20240825 02,1633.075862321153
44_20240825 03,1618.5515449082754
44_20240825 04,1635.8919835429938
44_20240825 05,1661.6113956950687
44_20240825 06,1694.4154245309032
44_20240825 07,1715.724728216257
44_20240825 08,1763.915082855137
44_20240825 09,1813.8006980759828
44_20240825 10,1855.596835146841
44_20240825 11,1934.3491303327883
44_20240825 12,1924.2482654843704
44_20240825 13,1922.281996009774
44_20240825 14,1932.411554391043
44_20240825 15,1962.2561506882998
44_20240825 16,1930.017410573753
44_20240825 17,1810.8918471678421
44_20240825 18,1751.0331258012684
44_20240825 19,1735.431664061858
44_20240825 20,1710.0742569731683
44_20240825 21,1675.5755637201742
44_20240825 22,1663.3450382462927
44_20240825 23,1652.014203669168
44_20240826 00,1715.2718213076832
44_20240826 01,1703.4464045349096
44_20240826 02,1695.2171528853105
44_20240826 03,1673.4146968964033
44_20240826 04,1613.4473900352016
44_20240826 05,1652.2908531467006
44_20240826 06,2046.4461731729793
44_20240826 07,2323.203943379679
44_20240826 08,2679.384041744703
44_20240826 09,2794.240320314061
44_20240826 10,2779.4512323758436
44_20240826 11,2706.216323093624
44_20240826 12,2719.4674346989614
44_20240826 13,2640.266404271053
44_20240826 14,2665.866791449585
44_20240826 15,2691.693524586916
44_20240826 16,2687.8450441018695
44_20240826 17,2470.6089447943614
44_20240826 18,1883.6775137413874
44_20240826 19,1803.5491552805502
44_20240826 20,1696.8198188060958
44_20240826 21,1646.12388959282
44_20240826 22,1613.8007752692572
44_20240826 23,1612.5962807914593
44_20240827 00,1657.6439814604319
44_20240827 01,1670.5879929087398
44_20240827 02,1663.7781999790166
44_20240827 03,1631.75763605696
44_20240827 04,1575.3796443712831
44_20240827 05,1657.4259237858632
44_20240827 06,2081.436213002956
44_20240827 07,2341.899874397239
44_20240827 08,2662.445934123271
44_20240827 09,2804.229721667716
44_20240827 10,2783.086229941657
44_20240827 11,2734.557667140418
44_20240827 12,2743.091346244486
44_20240827 13,2668.1599014496137
44_20240827 14,2703.4570993810876
44_20240827 15,2717.4972312934415
44_20240827 16,2716.859869431705
44_20240827 17,2469.250896045946
44_20240827 18,1864.9967018751959
44_20240827 19,1771.5197314249567
44_20240827 20,1689.7007329317403
44_20240827 21,1635.5359166350572
44_20240827 22,1599.303786416487
44_20240827 23,1588.7810258469926
44_20240828 00,1635.07464199264
44_20240828 01,1639.926108079497
44_20240828 02,1623.8446398399922
44_20240828 03,1601.7163409341285
44_20240828 04,1532.6213981965016
44_20240828 05,1611.8611402074525
44_20240828 06,2048.4246975606266
44_20240828 07,2281.267839028562
44_20240828 08,2618.005033240406
44_20240828 09,2763.101277501866
44_20240828 10,2756.2696824855448
44_20240828 11,2701.504185558844
44_20240828 12,2713.3935154072497
44_20240828 13,2649.0773195783904
44_20240828 14,2687.087332176215
44_20240828 15,2709.508325768089
44_20240828 16,2702.9297121196087
44_20240828 17,2465.521696443171
44_20240828 18,1891.8084541265373
44_20240828 19,1789.8011672281127
44_20240828 20,1699.8593210065942
44_20240828 21,1660.1649359484552
44_20240828 22,1616.1104428341018
44_20240828 23,1597.106491452709
44_20240829 00,1660.2336219578117
44_20240829 01,1656.4561327458325
44_20240829 02,1646.3837491194784
44_20240829 03,1625.550052293187
44_20240829 04,1571.6685447326859
44_20240829 05,1641.3288475289946
44_20240829 06,2071.125296013511
44_20240829 07,2323.9177406577196
44_20240829 08,2601.9650959444734
44_20240829 09,2772.1281446682287
44_20240829 10,2740.6678343498647
44_20240829 11,2664.960277232449
44_20240829 12,2683.7871726291046
44_20240829 13,2594.8699230579296
44_20240829 14,2632.8681553639126
44_20240829 15,2658.053816861099
44_20240829 16,2651.2011976117337
44_20240829 17,2411.28638363984
44_20240829 18,1893.9901741446106
44_20240829 19,1797.7608249794944
44_20240829 20,1702.1659550428578
44_20240829 21,1651.142619857454
44_20240829 22,1609.871107985417
44_20240829 23,1594.8968349668007
44_20240830 00,1641.0451949372464
44_20240830 01,1641.122724552894
44_20240830 02,1636.2236068425254
44_20240830 03,1616.642611994577
44_20240830 04,1570.0946796706048
44_20240830 05,1628.326806150076
44_20240830 06,2050.1342016902017
44_20240830 07,2291.972865862138
44_20240830 08,2612.224867048495
44_20240830 09,2745.42151807522
44_20240830 10,2724.0623481654693
44_20240830 11,2653.9484429603635
44_20240830 12,2664.747562153265
44_20240830 13,2600.83185356503
44_20240830 14,2617.153200430808
44_20240830 15,2638.0129460545118
44_20240830 16,2633.6249016234615
44_20240830 17,2397.1749607977285
44_20240830 18,1870.6714323271165
44_20240830 19,1806.9984658388885
44_20240830 20,1687.7196781655807
44_20240830 21,1644.0348448624518
44_20240830 22,1608.2600405697267
44_20240830 23,1599.9842729718105
44_20240831 00,1552.0338935367338
44_20240831 01,1548.910055706144
44_20240831 02,1549.6139668170345
44_20240831 03,1550.7366617193798
44_20240831 04,1537.9786766606476
44_20240831 05,1570.2305530709993
44_20240831 06,1573.5933981292487
44_20240831 07,1610.6556831734497
44_20240831 08,1684.6052514086823
44_20240831 09,1777.5306156647134
44_20240831 10,1830.5960018878006
44_20240831 11,1911.4658302153575
44_20240831 12,1902.801736558772
44_20240831 13,1877.6076911357004
44_20240831 14,1877.9291754234123
44_20240831 15,1902.6198828445297
44_20240831 16,1888.2080692198924
44_20240831 17,1797.6791036460947
44_20240831 18,1688.3040168276943
44_20240831 19,1677.146791240349
44_20240831 20,1640.7854839073395
44_20240831 21,1604.7236369686975
44_20240831 22,1571.708353737864
44_20240831 23,1551.0600120701883
45_20240825 00,1983.9543287766428
45_20240825 01,1676.637522250409
45_20240825 02,1714.7728053867224
45_20240825 03,1710.1019157797673
45_20240825 04,1494.0670223627606
45_20240825 05,1460.4532101750112
45_20240825 06,1595.360262949038
45_20240825 07,2029.4042218535621
45_20240825 08,2686.085205633399
45_20240825 09,4652.6344457810155
45_20240825 10,8675.450660007054
45_20240825 11,9645.51126124492
45_20240825 12,9718.958594462032
45_20240825 13,9545.855461155124
45_20240825 14,9620.439109705545
45_20240825 15,9667.978693253093
45_20240825 16,9377.655871360937
45_20240825 17,9346.026954011679
45_20240825 18,9254.25664571871
45_20240825 19,8709.398438274804
45_20240825 20,6859.765085541606
45_20240825 21,4018.730843103999
45_20240825 22,2778.882019592335
45_20240825 23,2286.9448325302646
45_20240826 00,1911.4115290511859
45_20240826 01,1597.2870360500044
45_20240826 02,1638.3169084186156
45_20240826 03,1644.7714807809748
45_20240826 04,1448.1847349991453
45_20240826 05,1445.5521014209112
45_20240826 06,1610.6056110457648
45_20240826 07,2059.665723948814
45_20240826 08,2636.0896650901473
45_20240826 09,4570.169386267542
45_20240826 10,8331.300205153444
45_20240826 11,8895.54012061551
45_20240826 12,8839.781866439764
45_20240826 13,8728.82099319502
45_20240826 14,8638.75112575027
45_20240826 15,8699.085225377232
45_20240826 16,8629.111190995052
45_20240826 17,8443.298792546182
45_20240826 18,8361.943014845867
45_20240826 19,7743.855233455407
45_20240826 20,5882.614898673053
45_20240826 21,3666.644026163076
45_20240826 22,2597.2735093082797
45_20240826 23,2195.574367012039
45_20240827 00,1869.3795489769786
45_20240827 01,1562.2013842953409
45_20240827 02,1657.3239782424123
45_20240827 03,1674.509135466074
45_20240827 04,1448.5911594770503
45_20240827 05,1459.2473175478322
45_20240827 06,1648.3467827121112
45_20240827 07,2070.490017928167
45_20240827 08,2668.8013075414
45_20240827 09,4589.0157273337245
45_20240827 10,8439.782332427343
45_20240827 11,9311.623566801289
45_20240827 12,9328.500957898377
45_20240827 13,9272.135290484835
45_20240827 14,8839.590518402947
45_20240827 15,9012.462031977011
45_20240827 16,9068.991800485554
45_20240827 17,8562.363059538053
45_20240827 18,8190.186895477822
45_20240827 19,7872.210412607936
45_20240827 20,5954.318641413156
45_20240827 21,3735.478068484079
45_20240827 22,2670.115048410374
45_20240827 23,2193.0061834314347
45_20240828 00,1857.1057902256136
45_20240828 01,1536.6069480622473
45_20240828 02,1587.4081524989106
45_20240828 03,1603.5192853050107
45_20240828 04,1442.7807152510559
45_20240828 05,1447.9049848123418
45_20240828 06,1619.411413827675
45_20240828 07,2038.9555348707838
45_20240828 08,2697.2242691037886
45_20240828 09,4502.027027672313
45_20240828 10,8132.152598545342
45_20240828 11,8911.189612813685
45_20240828 12,8975.290331399521
45_20240828 13,8971.111858716384
45_20240828 14,8817.00615622909
45_20240828 15,8854.63463707584
45_20240828 16,8952.183934907573
45_20240828 17,8885.014233307
45_20240828 18,8629.675851911892
45_20240828 19,8002.202730582119
45_20240828 20,5994.5534462594715
45_20240828 21,3740.5015245242166
45_20240828 22,2773.4005773612666
45_20240828 23,2249.4000051084136
45_20240829 00,1911.9443454152852
45_20240829 01,1593.8418051675721
45_20240829 02,1669.383185061155
45_20240829 03,1633.8729538768116
45_20240829 04,1483.7729801764958
45_20240829 05,1454.9197413513657
45_20240829 06,1633.6075951069156
45_20240829 07,2059.6608589535226
45_20240829 08,2691.818584427199
45_20240829 09,4638.040884243162
45_20240829 10,8374.333785241251
45_20240829 11,9194.62791109427
45_20240829 12,9273.491906919719
45_20240829 13,9233.255454775088
45_20240829 14,9060.761269084713
45_20240829 15,9043.512577801699
45_20240829 16,9001.088838479136
45_20240829 17,8923.528356428955
45_20240829 18,8842.368260455069
45_20240829 19,8249.683341813341
45_20240829 20,6142.495420956508
45_20240829 21,3746.9566408889978
45_20240829 22,2806.2222799923325
45_20240829 23,2337.304885251842
45_20240830 00,1882.2120789269463
45_20240830 01,1570.5333321643736
45_20240830 02,1656.1379503608077
45_20240830 03,1676.1455760927315
45_20240830 04,1470.8511587583969
45_20240830 05,1461.2018285468148
45_20240830 06,1631.4965498580673
45_20240830 07,2040.1260388530018
45_20240830 08,2692.6935838272
45_20240830 09,4609.794699385803
45_20240830 10,8389.88522976896
45_20240830 11,9210.795040393696
45_20240830 12,9292.63054142056
45_20240830 13,9226.148453199723
45_20240830 14,8964.883156259239
45_20240830 15,9128.565948219435
45_20240830 16,8993.565662258
45_20240830 17,8897.465928836471
45_20240830 18,8742.881374604702
45_20240830 19,8325.438276002984
45_20240830 20,6495.308751141198
45_20240830 21,3863.8184998042625
45_20240830 22,2764.353464824646
45_20240830 23,2261.6153901165294
45_20240831 00,1906.5104023045885
45_20240831 01,1563.1464259038164
45_20240831 02,1628.236922803805
45_20240831 03,1629.1325097374333
45_20240831 04,1451.0007134939465
45_20240831 05,1438.0951032573425
45_20240831 06,1547.158931274655
45_20240831 07,2010.0411185666353
45_20240831 08,2607.8510392084913
45_20240831 09,4446.851898455336
45_20240831 10,8348.053851045632
45_20240831 11,9325.168702135375
45_20240831 12,9389.452925398251
45_20240831 13,9236.014418535124
45_20240831 14,9161.493788474914
45_20240831 15,9179.79265875162
45_20240831 16,9101.419465340481
45_20240831 17,8987.483797045637
45_20240831 18,8789.315893854004
45_20240831 19,8331.030211908546
45_20240831 20,6542.096034313051
45_20240831 21,3809.3644473348436
45_20240831 22,2781.440253128651
45_20240831 23,2284.0944638047313
46_20240825 00,877.2635376830112
46_20240825 01,857.1394993944423
46_20240825 02,848.76678894383
46_20240825 03,838.4958722590197
46_20240825 04,839.8092690758539
46_20240825 05,827.9744053299723
46_20240825 06,815.7595425082186
46_20240825 07,782.6130768378055
46_20240825 08,726.9278014090528
46_20240825 09,677.0612894581225
46_20240825 10,645.7283338055514
46_20240825 11,635.3296193662975
46_20240825 12,620.3138434177399
46_20240825 13,718.173155160369
46_20240825 14,751.2762439973541
46_20240825 15,790.748309947421
46_20240825 16,836.6927804215252
46_20240825 17,864.673648445514
46_20240825 18,899.3884835186773
46_20240825 19,956.0492941320097
46_20240825 20,969.2642708492316
46_20240825 21,969.1706489480953
46_20240825 22,952.5591557321357
46_20240825 23,918.7732805087987
46_20240826 00,918.1014447534142
46_20240826 01,887.4589664694081
46_20240826 02,853.5749095507225
46_20240826 03,858.4595377176379
46_20240826 04,846.9421761282124
46_20240826 05,841.0247705198046
46_20240826 06,838.7822876260126
46_20240826 07,851.0084734189725
46_20240826 08,977.9715826830895
46_20240826 09,1344.367187063543
46_20240826 10,1589.385866677831
46_20240826 11,1650.5506668889639
46_20240826 12,1381.7558677643265
46_20240826 13,1618.4304896328158
46_20240826 14,1688.3956626983145
46_20240826 15,1736.3395254405664
46_20240826 16,1677.4748257888857
46_20240826 17,1575.3840696266784
46_20240826 18,1346.2659994577175
46_20240826 19,1236.4518403697768
46_20240826 20,1159.9798584543337
46_20240826 21,1095.8301701076653
46_20240826 22,1038.2215504064845
46_20240826 23,993.8214792062585
46_20240827 00,949.6981037729249
46_20240827 01,903.8398784322621
46_20240827 02,869.3225799766651
46_20240827 03,867.8092495808376
46_20240827 04,852.2607516640066
46_20240827 05,840.8277811321977
46_20240827 06,840.9655416176508
46_20240827 07,866.6398194196895
46_20240827 08,1017.9074759256225
46_20240827 09,1395.6413088821087
46_20240827 10,1570.7218286429727
46_20240827 11,1586.2986417030731
46_20240827 12,1393.9786171183016
46_20240827 13,1555.2067831748586
46_20240827 14,1632.9628862213615
46_20240827 15,1641.3659814200746
46_20240827 16,1619.2145839970617
46_20240827 17,1549.642776877688
46_20240827 18,1338.5644607314316
46_20240827 19,1235.8062604096815
46_20240827 20,1160.8533641697973
46_20240827 21,1099.6603088847012
46_20240827 22,1040.1256363384337
46_20240827 23,987.9087814677337
46_20240828 00,948.7235228403354
46_20240828 01,910.1691236184422
46_20240828 02,883.3256245922958
46_20240828 03,871.490653878123
46_20240828 04,855.9737935733723
46_20240828 05,845.5353189626688
46_20240828 06,840.0033796791582
46_20240828 07,852.0763880427246
46_20240828 08,976.3333464008111
46_20240828 09,1326.8991340335783
46_20240828 10,1494.964917877693
46_20240828 11,1526.6478913136195
46_20240828 12,1379.4113952920907
46_20240828 13,1597.3244745079917
46_20240828 14,1668.599850568452
46_20240828 15,1683.370849566074
46_20240828 16,1660.6077877593623
46_20240828 17,1583.5769966977464
46_20240828 18,1349.0645475673643
46_20240828 19,1237.6711828425318
46_20240828 20,1151.1480064946659
46_20240828 21,1086.260084312219
46_20240828 22,1032.8192980891563
46_20240828 23,995.8404928496205
46_20240829 00,942.7495843818018
46_20240829 01,910.94008822056
46_20240829 02,882.2202535507168
46_20240829 03,872.6065824153768
46_20240829 04,858.2912230922118
46_20240829 05,841.6435429908253
46_20240829 06,836.2082893278997
46_20240829 07,842.0544161871135
46_20240829 08,937.3999740601944
46_20240829 09,1259.625334146162
46_20240829 10,1412.2676745473327
46_20240829 11,1472.6670981036375
46_20240829 12,1245.0416178069304
46_20240829 13,1468.3809170257668
46_20240829 14,1578.7615435403063
46_20240829 15,1620.5822514334893
46_20240829 16,1590.9198998308007
46_20240829 17,1482.6519010467327
46_20240829 18,1222.7488874844935
46_20240829 19,1145.9730560462876
46_20240829 20,1083.8414877546688
46_20240829 21,1038.3973946037931
46_20240829 22,990.1435045489447
46_20240829 23,954.208618730273
46_20240830 00,912.1184759027058
46_20240830 01,877.2046005159506
46_20240830 02,853.1952119988573
46_20240830 03,852.9140854210275
46_20240830 04,829.8803928889178
46_20240830 05,818.8987415044403
46_20240830 06,808.6357916095649
46_20240830 07,823.4232496882329
46_20240830 08,913.6800998297147
46_20240830 09,1217.3598662214831
46_20240830 10,1331.6803296870876
46_20240830 11,1365.7847374009834
46_20240830 12,1180.9003345041947
46_20240830 13,1313.8306037193902
46_20240830 14,1426.6041553531782
46_20240830 15,1473.2693902119952
46_20240830 16,1461.015376662009
46_20240830 17,1355.6108658866535
46_20240830 18,1130.140930435243
46_20240830 19,1056.5948244454316
46_20240830 20,1007.6658904249184
46_20240830 21,973.1073556363929
46_20240830 22,937.6820965020353
46_20240830 23,900.3344546124722
46_20240831 00,848.6633513893195
46_20240831 01,832.1821880150446
46_20240831 02,811.4095804182462
46_20240831 03,803.4800489402658
46_20240831 04,796.5046888714909
46_20240831 05,783.2103815089191
46_20240831 06,762.7972875637133
46_20240831 07,712.9579980655367
46_20240831 08,665.0801726279951
46_20240831 09,644.5071701594851
46_20240831 10,611.6424374084918
46_20240831 11,622.9413588199495
46_20240831 12,625.2631909617573
46_20240831 13,663.2905194784776
46_20240831 14,694.2345735344182
46_20240831 15,731.6821004402213
46_20240831 16,831.7321831548511
46_20240831 17,853.9030431109065
46_20240831 18,850.413721962773
46_20240831 19,898.9043649612967
46_20240831 20,908.4270029631067
46_20240831 21,906.4543875742645
46_20240831 22,883.382945894617
46_20240831 23,861.0981668112274
47_20240825 00,505.9599123814798
47_20240825 01,465.89853872874926
47_20240825 02,455.2803804420414
47_20240825 03,445.31213861945173
47_20240825 04,442.07301269122263
47_20240825 05,460.9230909575564
47_20240825 06,529.9015740317584
47_20240825 07,586.6456498827439
47_20240825 08,792.619800823809
47_20240825 09,852.8957765828885
47_20240825 10,878.7577611746426
47_20240825 11,891.2217868737903
47_20240825 12,896.7735832800286
47_20240825 13,912.0931819167281
47_20240825 14,906.9282228092459
47_20240825 15,886.2837093194601
47_20240825 16,868.5782251372206
47_20240825 17,837.3730961639843
47_20240825 18,782.1143657370027
47_20240825 19,644.3161446079406
47_20240825 20,577.7762299888977
47_20240825 21,543.9789300320408
47_20240825 22,513.4430069516983
47_20240825 23,487.87507165298905
47_20240826 00,507.8046292778192
47_20240826 01,463.5282223820579
47_20240826 02,443.08388651707685
47_20240826 03,442.2688821095475
47_20240826 04,459.12338767129353
47_20240826 05,506.75980320441073
47_20240826 06,804.7329217462427
47_20240826 07,1256.4691729819988
47_20240826 08,1499.7158270233224
47_20240826 09,1722.7315162865466
47_20240826 10,1835.4489918469121
47_20240826 11,1853.6025562743866
47_20240826 12,1834.1813894334518
47_20240826 13,1834.4453513194921
47_20240826 14,1796.6977439592565
47_20240826 15,1715.1653805944388
47_20240826 16,1606.2002139494307
47_20240826 17,1547.1912092983412
47_20240826 18,1381.659196153488
47_20240826 19,1225.954776696729
47_20240826 20,865.4870209945268
47_20240826 21,673.8632296931678
47_20240826 22,604.1712290365293
47_20240826 23,555.5689884875824
47_20240827 00,537.2814746880719
47_20240827 01,505.9380472286948
47_20240827 02,483.00838490978197
47_20240827 03,467.48148818772626
47_20240827 04,487.2896867342557
47_20240827 05,520.2639786720649
47_20240827 06,814.6339549938538
47_20240827 07,1236.1724616812162
47_20240827 08,1475.8931227918038
47_20240827 09,1690.9245634529336
47_20240827 10,1769.9944819672537
47_20240827 11,1775.432201687849
47_20240827 12,1785.5371323203537
47_20240827 13,1777.109887664579
47_20240827 14,1747.2726519360767
47_20240827 15,1674.1637624467046
47_20240827 16,1572.7346305041833
47_20240827 17,1517.3257414335012
47_20240827 18,1343.0894973938164
47_20240827 19,1199.2171142146185
47_20240827 20,851.8970243425985
47_20240827 21,685.1582107939512
47_20240827 22,601.3411589576061
47_20240827 23,531.4507294221528
47_20240828 00,525.797391999831
47_20240828 01,480.2710260837199
47_20240828 02,463.9416388828017
47_20240828 03,460.44498697169297
47_20240828 04,477.7427979230925
47_20240828 05,506.7305440900992
47_20240828 06,756.8477559005631
47_20240828 07,1204.5884117074277
47_20240828 08,1467.3237514481907
47_20240828 09,1672.7298143667647
47_20240828 10,1795.7491039885767
47_20240828 11,1808.8611212514288
47_20240828 12,1802.7058754665688
47_20240828 13,1810.5266001977702
47_20240828 14,1761.783275481926
47_20240828 15,1688.246157926775
47_20240828 16,1585.0444850739882
47_20240828 17,1540.4402708591276
47_20240828 18,1362.2822772979382
47_20240828 19,1208.393241683513
47_20240828 20,870.6492839478053
47_20240828 21,692.0696683880368
47_20240828 22,605.2257811874546
47_20240828 23,543.3067059842414
47_20240829 00,534.662193584517
47_20240829 01,477.9275777259097
47_20240829 02,464.4839989062177
47_20240829 03,460.1635184835137
47_20240829 04,471.28110309366537
47_20240829 05,502.90848887648565
47_20240829 06,735.493107377695
47_20240829 07,1162.4762351600389
47_20240829 08,1404.4759643854718
47_20240829 09,1632.702101647505
47_20240829 10,1733.5904828500247
47_20240829 11,1760.9359304609754
47_20240829 12,1766.061549238621
47_20240829 13,1767.0998750452582
47_20240829 14,1724.860751537942
47_20240829 15,1655.1717652470973
47_20240829 16,1560.3454203159322
47_20240829 17,1484.211337088211
47_20240829 18,1345.692978580383
47_20240829 19,1168.806179962128
47_20240829 20,841.6872894307826
47_20240829 21,653.7884537097424
47_20240829 22,591.450832924944
47_20240829 23,531.2396222507336
47_20240830 00,537.8673876405578
47_20240830 01,473.7560836713099
47_20240830 02,459.422980830504
47_20240830 03,463.9250399966195
47_20240830 04,479.71429438427754
47_20240830 05,507.12350795801115
47_20240830 06,742.7469595346741
47_20240830 07,1193.1020962044934
47_20240830 08,1443.753715401363
47_20240830 09,1658.2924072425542
47_20240830 10,1775.5164303313486
47_20240830 11,1787.5498518903373
47_20240830 12,1784.176011089947
47_20240830 13,1795.9529669929543
47_20240830 14,1724.7253214710236
47_20240830 15,1652.5190178382636
47_20240830 16,1542.3893517657311
47_20240830 17,1489.837097254978
47_20240830 18,1327.8855026083606
47_20240830 19,1165.0045721494362
47_20240830 20,817.1684513293001
47_20240830 21,648.2124024460652
47_20240830 22,579.0104567620231
47_20240830 23,527.861885399564
47_20240831 00,521.1467294502542
47_20240831 01,469.37310126835746
47_20240831 02,453.72206870026497
47_20240831 03,450.099376613082
47_20240831 04,446.46877386037795
47_20240831 05,461.66906963336146
47_20240831 06,623.6419513846772
47_20240831 07,889.5324142487149
47_20240831 08,1046.992907127134
47_20240831 09,1142.1596204982338
47_20240831 10,1192.2117679739115
47_20240831 11,1204.252012508018
47_20240831 12,1205.6249306288053
47_20240831 13,1210.851855313102
47_20240831 14,1150.4067384461946
47_20240831 15,1087.4612177367967
47_20240831 16,1062.3963533585897
47_20240831 17,929.8837169812916
47_20240831 18,844.720398575417
47_20240831 19,800.1193686360766
47_20240831 20,696.5909151739443
47_20240831 21,621.6020908429897
47_20240831 22,521.1822329321069
47_20240831 23,488.34838222439333
48_20240825 00,4302.632313933704
48_20240825 01,4269.985530878012
48_20240825 02,4251.377751828608
48_20240825 03,4178.999034683347
48_20240825 04,4112.582078386197
48_20240825 05,4046.7758270623362
48_20240825 06,4021.7612006212466
48_20240825 07,3918.1131552097168
48_20240825 08,3643.8415798859664
48_20240825 09,3757.0887118866776
48_20240825 10,3791.9139381210784
48_20240825 11,3828.2025282414534
48_20240825 12,3874.866892543592
48_20240825 13,3850.28181023099
48_20240825 14,3839.1693566227977
48_20240825 15,3754.853981125486
48_20240825 16,3725.30012628585
48_20240825 17,3738.060052740875
48_20240825 18,3746.486339045752
48_20240825 19,3691.093626590158
48_20240825 20,3664.7141166611586
48_20240825 21,3598.0201242182893
48_20240825 22,4146.020720735947
48_20240825 23,4305.797893314631
48_20240826 00,4309.673941591613
48_20240826 01,4277.998656094422
48_20240826 02,4236.464859520629
48_20240826 03,4144.503206596559
48_20240826 04,4190.264511681874
48_20240826 05,4066.7539900561296
48_20240826 06,4094.547743649296
48_20240826 07,4194.103241870558
48_20240826 08,4273.776083146015
48_20240826 09,4488.130454935611
48_20240826 10,4594.251813490089
48_20240826 11,4624.986839454728
48_20240826 12,4658.670083306103
48_20240826 13,4631.177496251476
48_20240826 14,4599.855889529273
48_20240826 15,4603.09805574428
48_20240826 16,4610.32687384012
48_20240826 17,4486.4638203779095
48_20240826 18,4146.28441812673
48_20240826 19,3971.3729272871474
48_20240826 20,3873.44130109749
48_20240826 21,3826.1077977331797
48_20240826 22,4168.8284668746155
48_20240826 23,4358.114733573092
48_20240827 00,4311.538314871041
48_20240827 01,4240.450620858402
48_20240827 02,4270.436685604607
48_20240827 03,4259.372756810308
48_20240827 04,4128.242038099301
48_20240827 05,4110.403237819183
48_20240827 06,4232.89598521494
48_20240827 07,4139.002959217111
48_20240827 08,4202.416916049187
48_20240827 09,4355.331762431397
48_20240827 10,4417.130640502092
48_20240827 11,4386.590156601522
48_20240827 12,4420.567384006386
48_20240827 13,4339.798285041317
48_20240827 14,4319.697064639982
48_20240827 15,4298.350525478285
48_20240827 16,4338.548314889139
48_20240827 17,4302.897731291683
48_20240827 18,4003.6841287209418
48_20240827 19,3878.111708768564
48_20240827 20,3834.8798890648936
48_20240827 21,3795.635743466305
48_20240827 22,4129.382389785847
48_20240827 23,4260.768504969362
48_20240828 00,4217.581992903913
48_20240828 01,4154.10393587003
48_20240828 02,4169.764500393033
48_20240828 03,4143.686022865673
48_20240828 04,4117.609763711735
48_20240828 05,4001.920009004979
48_20240828 06,4142.412490657648
48_20240828 07,4063.082955221845
48_20240828 08,4135.839005841136
48_20240828 09,4324.178208470359
48_20240828 10,4396.022449265553
48_20240828 11,4409.9191610259495
48_20240828 12,4443.119093089744
48_20240828 13,4520.761700805553
48_20240828 14,4499.279901267572
48_20240828 15,4509.112719834882
48_20240828 16,4554.93248112155
48_20240828 17,4452.384913246726
48_20240828 18,4096.389751509067
48_20240828 19,3942.5044543789922
48_20240828 20,3840.244612071707
48_20240828 21,3686.5054849569224
48_20240828 22,4087.7085776542363
48_20240828 23,4232.400008343926
48_20240829 00,4173.879635421635
48_20240829 01,4137.365155353533
48_20240829 02,4125.753753371096
48_20240829 03,4116.531713215676
48_20240829 04,4045.4035636881085
48_20240829 05,3912.4395297405345
48_20240829 06,4041.6794952967493
48_20240829 07,3989.870042173038
48_20240829 08,4100.177101251896
48_20240829 09,4280.101404302981
48_20240829 10,4342.952115975326
48_20240829 11,4365.408058142199
48_20240829 12,4495.516265885404
48_20240829 13,4473.5898760130785
48_20240829 14,4483.978160413037
48_20240829 15,4482.039989043913
48_20240829 16,4500.121855996728
48_20240829 17,4408.480556449984
48_20240829 18,4041.082981763762
48_20240829 19,3905.0333341230676
48_20240829 20,3799.1695163825534
48_20240829 21,3642.6548325060703
48_20240829 22,4111.719255348305
48_20240829 23,4256.316228258744
48_20240830 00,4188.788067642506
48_20240830 01,4113.938216704914
48_20240830 02,4131.952322514601
48_20240830 03,4106.589193654681
48_20240830 04,4067.0044058714584
48_20240830 05,3946.894049542687
48_20240830 06,4094.148343028261
48_20240830 07,4057.2715707453262
48_20240830 08,4126.612599030028
48_20240830 09,4348.905916659797
48_20240830 10,4458.636205639365
48_20240830 11,4447.862824197965
48_20240830 12,4503.091435193417
48_20240830 13,4476.9396138051425
48_20240830 14,4473.524407855876
48_20240830 15,4480.030724536815
48_20240830 16,4500.391104490602
48_20240830 17,4373.931881701298
48_20240830 18,4024.819581403667
48_20240830 19,3846.7886979857667
48_20240830 20,3785.1123578145916
48_20240830 21,3687.7559183883686
48_20240830 22,4111.756558827026
48_20240830 23,4251.456622674432
48_20240831 00,4216.8675883226715
48_20240831 01,4180.403522173836
48_20240831 02,4163.151490563003
48_20240831 03,4135.138448604086
48_20240831 04,4101.577696739471
48_20240831 05,3929.9214577961034
48_20240831 06,3888.0072464089703
48_20240831 07,3744.6617902784174
48_20240831 08,3643.872969855825
48_20240831 09,3825.020326099637
48_20240831 10,3842.6735817324807
48_20240831 11,3876.8741056626045
48_20240831 12,3907.555699061156
48_20240831 13,3818.5916364642444
48_20240831 14,3750.7430446771923
48_20240831 15,3669.9215198506026
48_20240831 16,3633.579322611479
48_20240831 17,3676.1921319424355
48_20240831 18,3589.596722721005
48_20240831 19,3496.2427259163924
48_20240831 20,3438.135732040908
48_20240831 21,3384.979104369891
48_20240831 22,3957.625426308602
48_20240831 23,4180.550980306265
49_20240825 00,620.8613912143879
49_20240825 01,615.5624977284056
49_20240825 02,607.2199870032858
49_20240825 03,605.9239806336481
49_20240825 04,601.1142913918925
49_20240825 05,595.2733751707465
49_20240825 06,600.9072489853002
49_20240825 07,598.9025079453298
49_20240825 08,591.0584043983484
49_20240825 09,585.2383574959815
49_20240825 10,610.4114192870719
49_20240825 11,637.7804505238694
49_20240825 12,635.9279553535359
49_20240825 13,689.9119667432178
49_20240825 14,734.5231934578014
49_20240825 15,684.6843905843275
49_20240825 16,729.0705545245901
49_20240825 17,708.6897484083668
49_20240825 18,690.7800868539202
49_20240825 19,687.6955984479753
49_20240825 20,694.2915092226192
49_20240825 21,695.5664648330355
49_20240825 22,1137.296889657918
49_20240825 23,1421.1426129647118
49_20240826 00,1420.9514279179884
49_20240826 01,1403.900447491686
49_20240826 02,1384.1399950585765
49_20240826 03,1273.4426442787465
49_20240826 04,1243.474189881433
49_20240826 05,1235.4269788219854
49_20240826 06,1648.7316167305673
49_20240826 07,1654.3461169534517
49_20240826 08,1676.6463012752474
49_20240826 09,1600.0573478390147
49_20240826 10,1583.7091113621061
49_20240826 11,1617.4006055080406
49_20240826 12,1705.9211835662031
49_20240826 13,1741.6325194357737
49_20240826 14,1836.3126713177303
49_20240826 15,1874.3793178879216
49_20240826 16,1869.0567577828115
49_20240826 17,1904.2272594546703
49_20240826 18,1760.6823213118882
49_20240826 19,1092.7879233527233
49_20240826 20,855.5938932622237
49_20240826 21,800.9640930796539
49_20240826 22,1156.894366414581
49_20240826 23,1411.338542839261
49_20240827 00,1427.3568615944355
49_20240827 01,1406.7113531594405
49_20240827 02,1412.5498346370139
49_20240827 03,1408.602452360634
49_20240827 04,1299.2488714783854
49_20240827 05,1246.1751582076126
49_20240827 06,1702.7210813656893
49_20240827 07,1732.6106481028714
49_20240827 08,1600.4143728251063
49_20240827 09,1572.222500437506
49_20240827 10,1536.145543253739
49_20240827 11,1533.800361872328
49_20240827 12,1515.565909479396
49_20240827 13,1636.1681556653907
49_20240827 14,1747.613011720135
49_20240827 15,1821.2153399972638
49_20240827 16,1883.0303557397397
49_20240827 17,1892.7986062087962
49_20240827 18,1709.9207711123809
49_20240827 19,1110.336596023531
49_20240827 20,855.5311749080456
49_20240827 21,796.1088315854577
49_20240827 22,1179.2525094805287
49_20240827 23,1427.563844356362
49_20240828 00,1496.9544223032028
49_20240828 01,1489.2786924596785
49_20240828 02,1434.4976404405106
49_20240828 03,1461.8693768294552
49_20240828 04,1339.400866169833
49_20240828 05,1229.130765482033
49_20240828 06,1561.2523868105782
49_20240828 07,1547.6243132785867
49_20240828 08,1589.7103933655558
49_20240828 09,1564.1299509350454
49_20240828 10,1563.6727611007786
49_20240828 11,1532.5808878348175
49_20240828 12,1504.434945579303
49_20240828 13,1540.0579788105915
49_20240828 14,1746.9866834760921
49_20240828 15,1779.0944256839473
49_20240828 16,1829.7562672902875
49_20240828 17,1851.198551746676
49_20240828 18,1716.4299916653956
49_20240828 19,1083.5948348913794
49_20240828 20,841.3470252257721
49_20240828 21,786.3167649392427
49_20240828 22,942.1460872505562
49_20240828 23,948.2290165472355
49_20240829 00,1045.0868219069139
49_20240829 01,996.7091383200517
49_20240829 02,1003.3275118186942
49_20240829 03,992.6513763911905
49_20240829 04,1002.6551947514457
49_20240829 05,991.2489727439784
49_20240829 06,1193.0098651102758
49_20240829 07,1128.4240385479068
49_20240829 08,1161.5049448255952
49_20240829 09,1166.435570139465
49_20240829 10,1245.9528019346853
49_20240829 11,1225.5730417606683
49_20240829 12,1227.1912483639458
49_20240829 13,1251.1740889492085
49_20240829 14,1320.2370539601175
49_20240829 15,1427.593558253557
49_20240829 16,1386.2050297984565
49_20240829 17,1399.7132499338827
49_20240829 18,1126.1038730575103
49_20240829 19,996.1981989571914
49_20240829 20,824.7491325107611
49_20240829 21,755.6414413299553
49_20240829 22,1120.4974250830296
49_20240829 23,1435.9642181096146
49_20240830 00,1459.3974199421887
49_20240830 01,1434.7076901366213
49_20240830 02,1439.4400246020832
49_20240830 03,1439.7631639029184
49_20240830 04,1405.5347315537063
49_20240830 05,1323.8515446072192
49_20240830 06,1613.6716419930165
49_20240830 07,1580.3151580954673
49_20240830 08,1571.284622502382
49_20240830 09,1527.6927990986453
49_20240830 10,1499.2105178766697
49_20240830 11,1501.2158346038036
49_20240830 12,1484.721629497716
49_20240830 13,1534.1567636979566
49_20240830 14,1667.389391080251
49_20240830 15,1689.0891277591832
49_20240830 16,1707.1052815678097
49_20240830 17,1708.3665307670142
49_20240830 18,1511.949816005436
49_20240830 19,988.2618880585603
49_20240830 20,774.6489467363846
49_20240830 21,715.8263501938113
49_20240830 22,663.5079558727556
49_20240830 23,658.1146151967482
49_20240831 00,614.0422614332783
49_20240831 01,607.8889954490745
49_20240831 02,607.4837346077993
49_20240831 03,604.3353161647316
49_20240831 04,598.1059029804018
49_20240831 05,589.7584768699994
49_20240831 06,591.8575106350735
49_20240831 07,593.6003492614084
49_20240831 08,576.2111458361771
49_20240831 09,579.8759517059461
49_20240831 10,636.8839083626593
49_20240831 11,607.0632784354734
49_20240831 12,587.8666098363364
49_20240831 13,589.986349416632
49_20240831 14,635.4901824023168
49_20240831 15,652.491819451925
49_20240831 16,605.9705472199471
49_20240831 17,628.7416419634518
49_20240831 18,652.3796327084451
49_20240831 19,636.1493959097364
49_20240831 20,626.4395873182773
49_20240831 21,616.6412847634281
49_20240831 22,627.0406550805874
49_20240831 23,627.4480869323229
50_20240825 00,1572.0833116149677
50_20240825 01,1563.4699358052587
50_20240825 02,1550.8931221281582
50_20240825 03,1561.336531163904
50_20240825 04,1573.2279472800974
50_20240825 05,1560.1829079023387
50_20240825 06,1573.5791579003414
50_20240825 07,1461.5042291368645
50_20240825 08,1242.391265260173
50_20240825 09,1208.5780560032442
50_20240825 10,1147.4351831064646
50_20240825 11,1064.1284002454997
50_20240825 12,1050.824496854218
50_20240825 13,1082.212306434299
50_20240825 14,1110.0511431851887
50_20240825 15,1225.4366281363011
50_20240825 16,1331.2179577770687
50_20240825 17,1425.7914711688352
50_20240825 18,1580.6467703684693
50_20240825 19,1621.1752510546078
50_20240825 20,1775.8619023722317
50_20240825 21,1751.4482503263823
50_20240825 22,1678.671325171203
50_20240825 23,1653.0636650877977
50_20240826 00,1674.8181789430118
50_20240826 01,1674.1354840640222
50_20240826 02,1664.5555809044656
50_20240826 03,1661.779962884797
50_20240826 04,1673.686008406879
50_20240826 05,1753.0704549316583
50_20240826 06,2220.6042780025246
50_20240826 07,2353.481791540313
50_20240826 08,2551.9809592038846
50_20240826 09,2651.8053028965005
50_20240826 10,2614.1327434068417
50_20240826 11,2573.9775110849705
50_20240826 12,2523.0248130591353
50_20240826 13,2510.574200282102
50_20240826 14,2565.237173086153
50_20240826 15,2607.1859334286446
50_20240826 16,2626.40793200828
50_20240826 17,2619.0691380706685
50_20240826 18,2301.7839884401956
50_20240826 19,2046.9420432287357
50_20240826 20,1784.1427467160588
50_20240826 21,1685.8591509303455
50_20240826 22,1710.6800991698015
50_20240826 23,1704.94116961682
50_20240827 00,1600.8408565656882
50_20240827 01,1600.9244241434178
50_20240827 02,1602.4738842247
50_20240827 03,1659.1835582180786
50_20240827 04,1695.6160058032094
50_20240827 05,1802.9058579309904
50_20240827 06,2152.731579857301
50_20240827 07,2320.6552747488527
50_20240827 08,2557.5470479992136
50_20240827 09,2645.233092912724
50_20240827 10,2613.472405957612
50_20240827 11,2558.189448646918
50_20240827 12,2505.521414062123
50_20240827 13,2533.9053171412643
50_20240827 14,2599.7490571232033
50_20240827 15,2608.720787334064
50_20240827 16,2617.8019283898916
50_20240827 17,2635.716330541506
50_20240827 18,2303.640685028253
50_20240827 19,2022.9283359774831
50_20240827 20,1758.279851202785
50_20240827 21,1659.1571440131172
50_20240827 22,1652.7656842138406
50_20240827 23,1640.119997864435
50_20240828 00,1547.416511564466
50_20240828 01,1546.121329178799
50_20240828 02,1551.2206993835844
50_20240828 03,1616.028390325036
50_20240828 04,1686.0353018891874
50_20240828 05,1778.3492980444173
50_20240828 06,2167.546176630042
50_20240828 07,2329.495069560292
50_20240828 08,2496.9588715902464
50_20240828 09,2584.954655031436
50_20240828 10,2545.5032813561193
50_20240828 11,2549.919496945143
50_20240828 12,2508.673295241356
50_20240828 13,2475.261089815527
50_20240828 14,2557.5683661663197
50_20240828 15,2549.0757118152696
50_20240828 16,2551.5617613598843
50_20240828 17,2596.737403312678
50_20240828 18,2286.236843315119
50_20240828 19,1896.708635798897
50_20240828 20,1693.9896362256732
50_20240828 21,1608.9843297031464
50_20240828 22,1690.8526814492184
50_20240828 23,1641.3315374087515
50_20240829 00,1545.9251294892592
50_20240829 01,1536.9472017525331
50_20240829 02,1528.0403448480556
50_20240829 03,1571.7559543965408
50_20240829 04,1651.5816071203672
50_20240829 05,1770.0185085829978
50_20240829 06,2139.528241613577
50_20240829 07,2254.0489463778545
50_20240829 08,2420.9531611961693
50_20240829 09,2499.423484381987
50_20240829 10,2493.474972259157
50_20240829 11,2449.4053814254667
50_20240829 12,2362.9923112332654
50_20240829 13,2472.9162223880094
50_20240829 14,2514.0825073804954
50_20240829 15,2486.9906433572387
50_20240829 16,2495.1579973600965
50_20240829 17,2525.3549515533077
50_20240829 18,2161.571377466115
50_20240829 19,1881.9214307538343
50_20240829 20,1675.9284758317037
50_20240829 21,1620.4372512833563
50_20240829 22,1669.685129182685
50_20240829 23,1623.1214557885419
50_20240830 00,1532.5636305061516
50_20240830 01,1521.3322751852638
50_20240830 02,1514.1459920329737
50_20240830 03,1600.0470279489937
50_20240830 04,1653.665954809378
50_20240830 05,1718.2349954693263
50_20240830 06,2065.298106905794
50_20240830 07,2246.587171799628
50_20240830 08,2355.0076900674967
50_20240830 09,2413.4791747810973
50_20240830 10,2407.502493949019
50_20240830 11,2337.076795852891
50_20240830 12,2273.568659398222
50_20240830 13,2303.623245518462
50_20240830 14,2356.9969372754767
50_20240830 15,2409.6892532901875
50_20240830 16,2438.5555985987694
50_20240830 17,2453.8691197347102
50_20240830 18,2058.640510655265
50_20240830 19,1669.823120050435
50_20240830 20,1560.4192510986045
50_20240830 21,1486.7456929969246
50_20240830 22,1549.5550396467943
50_20240830 23,1569.470542620323
50_20240831 00,1569.8706056396422
50_20240831 01,1562.3409494013074
50_20240831 02,1554.8337590173496
50_20240831 03,1551.968143641802
50_20240831 04,1568.6253134384997
50_20240831 05,1553.000504612552
50_20240831 06,1526.4539190288142
50_20240831 07,1369.3558535187942
50_20240831 08,1162.0052095145393
50_20240831 09,1115.0804341424455
50_20240831 10,1131.9477177567692
50_20240831 11,1032.2757519015372
50_20240831 12,1024.152491719602
50_20240831 13,1044.2894735559455
50_20240831 14,1140.6213999384981
50_20240831 15,1181.7469865892122
50_20240831 16,1316.1253049829202
50_20240831 17,1406.128824817418
50_20240831 18,1436.240546738659
50_20240831 19,1432.9851423897253
50_20240831 20,1447.9048029902078
50_20240831 21,1397.431963107898
50_20240831 22,1459.991781605351
50_20240831 23,1532.9429591901355
51_20240825 00,3283.388474508238
51_20240825 01,3268.535135861078
51_20240825 02,3263.484783564092
51_20240825 03,3262.288296005382
51_20240825 04,3261.524783350541
51_20240825 05,3258.491181324206
51_20240825 06,3257.2205412290778
51_20240825 07,3258.8753718490134
51_20240825 08,3279.1189496333564
51_20240825 09,3306.7621564409997
51_20240825 10,3313.941329631698
51_20240825 11,3307.5585458813994
51_20240825 12,3308.4411050827175
51_20240825 13,3308.5267559744625
51_20240825 14,3310.8808376911916
51_20240825 15,3307.593415927424
51_20240825 16,3302.1442061688813
51_20240825 17,3301.777286527379
51_20240825 18,3304.974464939759
51_20240825 19,3295.423325297783
51_20240825 20,3278.8921224813207
51_20240825 21,3274.913820815756
51_20240825 22,3279.098432706394
51_20240825 23,3259.5579556672874
51_20240826 00,3279.116408354351
51_20240826 01,3264.757034673159
51_20240826 02,3261.1935119080294
51_20240826 03,3277.088361385535
51_20240826 04,3268.1444259673217
51_20240826 05,3265.514140474645
51_20240826 06,3280.0123022452226
51_20240826 07,3306.273109820034
51_20240826 08,3383.3727113523814
51_20240826 09,3436.189324181864
51_20240826 10,3465.26821678067
51_20240826 11,3470.482104587242
51_20240826 12,3476.3145634704933
51_20240826 13,3469.5952403834644
51_20240826 14,3481.431662831073
51_20240826 15,3485.9483852099315
51_20240826 16,3475.3633946117993
51_20240826 17,3481.422812087293
51_20240826 18,3450.658464057504
51_20240826 19,3398.3473676454164
51_20240826 20,3380.1610432291254
51_20240826 21,3349.1340579427233
51_20240826 22,3319.574907980369
51_20240826 23,3275.2855546576693
51_20240827 00,3277.9383619743926
51_20240827 01,3272.62096972365
51_20240827 02,3273.4812321211048
51_20240827 03,3271.9302480853466
51_20240827 04,3278.0997473829666
51_20240827 05,3277.9849547084286
51_20240827 06,3270.515299921765
51_20240827 07,3284.561215637004
51_20240827 08,3398.6498368510474
51_20240827 09,3425.4386244048947
51_20240827 10,3449.121224464411
51_20240827 11,3398.4920184745997
51_20240827 12,3401.3313478789523
51_20240827 13,3404.740492600969
51_20240827 14,3456.3521150052766
51_20240827 15,3463.124453525314
51_20240827 16,3463.478191742869
51_20240827 17,3473.9094266438924
51_20240827 18,3438.801074389484
51_20240827 19,3395.480626675415
51_20240827 20,3373.7302818648022
51_20240827 21,3342.5508566437597
51_20240827 22,3310.284863845436
51_20240827 23,3279.115259016355
51_20240828 00,3258.5964203659496
51_20240828 01,3256.1231579432865
51_20240828 02,3251.8978015359953
51_20240828 03,3246.4762463343295
51_20240828 04,3252.6239800767544
51_20240828 05,3250.17827618497
51_20240828 06,3250.5365973257476
51_20240828 07,3276.064801344298
51_20240828 08,3347.804831504283
51_20240828 09,3433.1566739260616
51_20240828 10,3445.007199959224
51_20240828 11,3455.832075733886
51_20240828 12,3468.6268797263215
51_20240828 13,3457.273554888653
51_20240828 14,3468.9676607342462
51_20240828 15,3477.405582311772
51_20240828 16,3477.1701439183753
51_20240828 17,3480.3592913714538
51_20240828 18,3449.53689940118
51_20240828 19,3400.145958138005
51_20240828 20,3381.9840934172917
51_20240828 21,3330.39856978372
51_20240828 22,3294.8813826838195
51_20240828 23,3252.312723497182
51_20240829 00,3247.424453678387
51_20240829 01,3239.11931747778
51_20240829 02,3234.33860448026
51_20240829 03,3237.1263779556434
51_20240829 04,3235.7319980547472
51_20240829 05,3230.203290173574
51_20240829 06,3225.7727620833994
51_20240829 07,3251.7550582621016
51_20240829 08,3344.270428599689
51_20240829 09,3428.7097559567846
51_20240829 10,3454.047341675065
51_20240829 11,3451.881922052017
51_20240829 12,3461.920637010706
51_20240829 13,3458.4356457183917
51_20240829 14,3463.6536584905984
51_20240829 15,3468.8079519396647
51_20240829 16,3467.4772823126445
51_20240829 17,3464.4593702440025
51_20240829 18,3440.386666529199
51_20240829 19,3389.831817383485
51_20240829 20,3374.061210848684
51_20240829 21,3329.3862939718247
51_20240829 22,3295.6309589573516
51_20240829 23,3256.5185991153144
51_20240830 00,3257.047497956706
51_20240830 01,3242.3419369708454
51_20240830 02,3236.9081560706995
51_20240830 03,3236.174317797456
51_20240830 04,3234.9990511455
51_20240830 05,3232.6917431574702
51_20240830 06,3227.746020236095
51_20240830 07,3271.994652423655
51_20240830 08,3380.1164741396437
51_20240830 09,3434.6457570878088
51_20240830 10,3459.9153853644552
51_20240830 11,3455.037922592324
51_20240830 12,3461.2373759488164
51_20240830 13,3460.1884757605294
51_20240830 14,3459.811189143813
51_20240830 15,3462.262192799367
51_20240830 16,3472.1708419324405
51_20240830 17,3465.8530939348325
51_20240830 18,3433.5603669827738
51_20240830 19,3377.392191591888
51_20240830 20,3358.0184822386727
51_20240830 21,3279.6964268869133
51_20240830 22,3286.652859041684
51_20240830 23,3250.1496463132125
51_20240831 00,3242.09041711543
51_20240831 01,3243.33408915399
51_20240831 02,3236.3162294906306
51_20240831 03,3240.5453604687473
51_20240831 04,3243.3693043175263
51_20240831 05,3233.797272820328
51_20240831 06,3231.2149955532277
51_20240831 07,3230.9841239738166
51_20240831 08,3239.45753340632
51_20240831 09,3254.652985202805
51_20240831 10,3263.954780944949
51_20240831 11,3266.636435328992
51_20240831 12,3266.665836523077
51_20240831 13,3296.1011085092373
51_20240831 14,3297.1334584441042
51_20240831 15,3285.4760493571443
51_20240831 16,3306.079251898011
51_20240831 17,3289.8580930627304
51_20240831 18,3285.7013985162
51_20240831 19,3264.465702249792
51_20240831 20,3261.878375106458
51_20240831 21,3264.710609065639
51_20240831 22,3254.0135826301375
51_20240831 23,3239.969856673224
52_20240825 00,5136.959938861692
52_20240825 01,5140.365288611807
52_20240825 02,5122.423584237231
52_20240825 03,5122.038186636821
52_20240825 04,5084.569732530339
52_20240825 05,5019.515525234421
52_20240825 06,5021.07608814425
52_20240825 07,5002.45500739097
52_20240825 08,5001.206433056387
52_20240825 09,5022.338248472709
52_20240825 10,5026.010050769184
52_20240825 11,5026.935913167178
52_20240825 12,5069.375013075828
52_20240825 13,5074.07125933562
52_20240825 14,5079.329711279053
52_20240825 15,5061.126119936668
52_20240825 16,5055.749584459729
52_20240825 17,5053.65326988623
52_20240825 18,5023.176215158826
52_20240825 19,5021.062385473163
52_20240825 20,5022.3734678968285
52_20240825 21,5013.153388189212
52_20240825 22,4997.235897471288
52_20240825 23,5011.986468217528
52_20240826 00,5040.096643266091
52_20240826 01,5028.293127611329
52_20240826 02,5031.279435255585
52_20240826 03,5030.663996148517
52_20240826 04,5015.264309873454
52_20240826 05,5027.1827421849275
52_20240826 06,5066.431937462745
52_20240826 07,5085.653544854833
52_20240826 08,5215.847396400474
52_20240826 09,5343.166306779938
52_20240826 10,5334.8120077695285
52_20240826 11,5332.957290784129
52_20240826 12,5344.667853770151
52_20240826 13,5338.582307646226
52_20240826 14,5346.791305940857
52_20240826 15,5343.1098796118395
52_20240826 16,5312.065468560866
52_20240826 17,5290.151126254434
52_20240826 18,5183.486170923576
52_20240826 19,5094.288529078842
52_20240826 20,5058.7786019770865
52_20240826 21,5027.347311751431
52_20240826 22,5152.135033214256
52_20240826 23,5210.892285033249
52_20240827 00,5163.911226927128
52_20240827 01,5134.60385484303
52_20240827 02,5135.103618773067
52_20240827 03,5127.318725278591
52_20240827 04,5071.690934853207
52_20240827 05,5065.0395934830185
52_20240827 06,5117.62039936717
52_20240827 07,5144.91025070414
52_20240827 08,5164.659968483227
52_20240827 09,5248.257565549005
52_20240827 10,5250.709880183166
52_20240827 11,5210.371014355616
52_20240827 12,5228.270634710653
52_20240827 13,5220.1493350914825
52_20240827 14,5249.075256361629
52_20240827 15,5272.988408803302
52_20240827 16,5276.385316537321
52_20240827 17,5246.172604478126
52_20240827 18,5123.78042090013
52_20240827 19,5046.709982440338
52_20240827 20,5030.667055000652
52_20240827 21,4985.225487780524
52_20240827 22,5058.988870594982
52_20240827 23,5130.28403485118
52_20240828 00,5043.882901322693
52_20240828 01,4993.287799759837
52_20240828 02,4992.007543383225
52_20240828 03,4991.848760435558
52_20240828 04,4972.305442805158
52_20240828 05,4972.306204465085
52_20240828 06,5008.5370243763355
52_20240828 07,5027.77466927853
52_20240828 08,5116.4905496328165
52_20240828 09,5228.662784272656
52_20240828 10,5230.748188145351
52_20240828 11,5229.110653803701
52_20240828 12,5246.524096981684
52_20240828 13,5248.154569244571
52_20240828 14,5257.706542336897
52_20240828 15,5259.501354706759
52_20240828 16,5255.74849953276
52_20240828 17,5224.389642221376
52_20240828 18,5116.828538375782
52_20240828 19,5052.967950885141
52_20240828 20,5037.025435111605
52_20240828 21,5001.271360607765
52_20240828 22,5114.600464564607
52_20240828 23,5161.141748876608
52_20240829 00,5109.857454362141
52_20240829 01,5078.646611617525
52_20240829 02,5071.302592794263
52_20240829 03,5071.6258801753975
52_20240829 04,5043.4830300399235
52_20240829 05,5046.3622243356895
52_20240829 06,5072.255543049298
52_20240829 07,5077.685662321499
52_20240829 08,5128.157216029458
52_20240829 09,5224.993340220072
52_20240829 10,5229.212808756857
52_20240829 11,5223.9592709093895
52_20240829 12,5225.170058393648
52_20240829 13,5226.073539902795
52_20240829 14,5236.154878053527
52_20240829 15,5244.646185589143
52_20240829 16,5244.364863802743
52_20240829 17,5233.953681610024
52_20240829 18,5143.2667103308295
52_20240829 19,5072.095788301294
52_20240829 20,5054.907135827356
52_20240829 21,5036.741706591496
52_20240829 22,5098.197958934836
52_20240829 23,5134.165939897455
52_20240830 00,5057.017149433074
52_20240830 01,4994.331968255457
52_20240830 02,4984.008689638467
52_20240830 03,4988.845770851143
52_20240830 04,4974.329509888054
52_20240830 05,4975.778548578271
52_20240830 06,5017.8153891142465
52_20240830 07,5037.954474321004
52_20240830 08,5146.284250823801
52_20240830 09,5227.290003254642
52_20240830 10,5229.985840907473
52_20240830 11,5228.247686742385
52_20240830 12,5236.089817091119
52_20240830 13,5240.490227269831
52_20240830 14,5260.639427828484
52_20240830 15,5263.294228234554
52_20240830 16,5259.937203016792
52_20240830 17,5242.710149228012
52_20240830 18,5133.335162668839
52_20240830 19,5061.11983049966
52_20240830 20,5042.271310976137
52_20240830 21,5010.955880122897
52_20240830 22,5114.092805608905
52_20240830 23,5151.161179199634
52_20240831 00,5109.7733026629485
52_20240831 01,5121.04651243773
52_20240831 02,5071.2761018706
52_20240831 03,5096.446451881437
52_20240831 04,5071.301327036689
52_20240831 05,5048.66281753739
52_20240831 06,5014.377497648346
52_20240831 07,4974.830654427587
52_20240831 08,4956.941677662212
52_20240831 09,4956.969921686226
52_20240831 10,4953.654586114284
52_20240831 11,4954.867614922984
52_20240831 12,4989.276138305757
52_20240831 13,4973.86226267456
52_20240831 14,4973.515180528582
52_20240831 15,4982.122024252564
52_20240831 16,4989.661096067035
52_20240831 17,4978.204849409214
52_20240831 18,4980.192282204725
52_20240831 19,4969.548088300793
52_20240831 20,4967.803885900859
52_20240831 21,4969.584539166864
52_20240831 22,4983.56534618634
52_20240831 23,5010.4095122667
53_20240825 00,1446.4251471265616
53_20240825 01,1421.6306711281222
53_20240825 02,1433.8894599369232
53_20240825 03,1425.4405453308818
53_20240825 04,1433.2117938389117
53_20240825 05,1425.0253470024174
53_20240825 06,1418.711843717006
53_20240825 07,1395.47779938304
53_20240825 08,1400.2626224940088
53_20240825 09,1398.9780726760273
53_20240825 10,1361.008224242036
53_20240825 11,1360.049700068414
53_20240825 12,1363.5117226336401
53_20240825 13,1364.765770667338
53_20240825 14,1368.5329414319754
53_20240825 15,1371.0317515527813
53_20240825 16,1367.2176292843542
53_20240825 17,1370.3121184002603
53_20240825 18,1402.0679199366004
53_20240825 19,1390.5145282631047
53_20240825 20,1396.8735542234988
53_20240825 21,1343.3325209685272
53_20240825 22,1344.5817483219867
53_20240825 23,1321.118738517694
53_20240826 00,1361.1557896795414
53_20240826 01,1391.6422282348249
53_20240826 02,1382.5348442346058
53_20240826 03,1366.5071241408348
53_20240826 04,1373.2559176019804
53_20240826 05,1421.9292116763745
53_20240826 06,1565.3914479636683
53_20240826 07,1695.8616116633784
53_20240826 08,1864.8313818749402
53_20240826 09,1967.1424753839892
53_20240826 10,2054.556968428654
53_20240826 11,2072.999969774919
53_20240826 12,2077.871552660755
53_20240826 13,2070.0980506151
53_20240826 14,2135.5901371694836
53_20240826 15,2191.5610976797816
53_20240826 16,2166.962974372657
53_20240826 17,2089.998406324571
53_20240826 18,1956.2225974774867
53_20240826 19,1823.1650779880788
53_20240826 20,1729.6807178570648
53_20240826 21,1689.8924034604013
53_20240826 22,1649.7238736534705
53_20240826 23,1620.3512471449437
53_20240827 00,1606.0752823797864
53_20240827 01,1595.8006341515652
53_20240827 02,1604.1241269278328
53_20240827 03,1601.9818792978463
53_20240827 04,1592.5232543266961
53_20240827 05,1633.5791517719103
53_20240827 06,1705.6103884201857
53_20240827 07,1774.7677861966094
53_20240827 08,1941.8362948336933
53_20240827 09,2033.4816683180054
53_20240827 10,2087.054312638651
53_20240827 11,2111.323848470191
53_20240827 12,2080.3810154968673
53_20240827 13,2065.5851915933945
53_20240827 14,2127.506134083816
53_20240827 15,2203.6824281611653
53_20240827 16,2149.441578910316
53_20240827 17,2089.0167852921877
53_20240827 18,1972.3346892013396
53_20240827 19,1831.8337224539948
53_20240827 20,1751.6483993583902
53_20240827 21,1704.677721017523
53_20240827 22,1664.3095241594883
53_20240827 23,1621.0101441938173
53_20240828 00,1608.1142375226473
53_20240828 01,1592.4377396205887
53_20240828 02,1588.388910525754
53_20240828 03,1599.9215955595146
53_20240828 04,1601.2467429915691
53_20240828 05,1631.486348439162
53_20240828 06,1703.8884675794602
53_20240828 07,1781.4200210618037
53_20240828 08,1944.0929820671652
53_20240828 09,2041.121191993099
53_20240828 10,2097.5438336527172
53_20240828 11,2127.3200539893587
53_20240828 12,2126.645683343912
53_20240828 13,2126.9009483352906
53_20240828 14,2186.1840839284105
53_20240828 15,2274.596559501949
53_20240828 16,2259.176604950121
53_20240828 17,2137.877118047752
53_20240828 18,1977.9069223779586
53_20240828 19,1837.1243243139363
53_20240828 20,1799.1532076109838
53_20240828 21,1718.958466571764
53_20240828 22,1654.6430530800014
53_20240828 23,1620.0610890452485
53_20240829 00,1598.9473762343634
53_20240829 01,1593.5124862588038
53_20240829 02,1594.1079002281904
53_20240829 03,1596.4714016128924
53_20240829 04,1587.6080357021144
53_20240829 05,1645.9500836826624
53_20240829 06,1679.719056715613
53_20240829 07,1763.3250937021314
53_20240829 08,1896.7654672047313
53_20240829 09,2006.6605820609934
53_20240829 10,2062.6034675682304
53_20240829 11,2104.9822174046253
53_20240829 12,2151.419277990315
53_20240829 13,2142.4449478018873
53_20240829 14,2155.8125994307893
53_20240829 15,2196.749390136588
53_20240829 16,2158.2075026491966
53_20240829 17,2093.695589775568
53_20240829 18,1947.8119322425214
53_20240829 19,1846.6441706024555
53_20240829 20,1760.9891923818263
53_20240829 21,1713.9179521953702
53_20240829 22,1657.1308994330707
53_20240829 23,1622.9861128215875
53_20240830 00,1591.4983125626568
53_20240830 01,1593.0878553494917
53_20240830 02,1586.833857783236
53_20240830 03,1594.3811722391235
53_20240830 04,1582.947243604491
53_20240830 05,1618.215807761853
53_20240830 06,1673.7156586651458
53_20240830 07,1709.5975030350023
53_20240830 08,1861.8447296125466
53_20240830 09,1992.7781926858609
53_20240830 10,2015.7233994520766
53_20240830 11,2040.574674384865
53_20240830 12,2048.345975246677
53_20240830 13,2052.504274709676
53_20240830 14,2088.264343556163
53_20240830 15,2140.510038807431
53_20240830 16,2067.5148380193723
53_20240830 17,1982.1562431691277
53_20240830 18,1855.929226910573
53_20240830 19,1773.7340086233316
53_20240830 20,1710.276008278745
53_20240830 21,1677.2056502295543
53_20240830 22,1644.6863168664765
53_20240830 23,1614.6347099862842
53_20240831 00,1588.4306050885396
53_20240831 01,1586.0855479426789
53_20240831 02,1580.619217498544
53_20240831 03,1572.8920399587985
53_20240831 04,1561.6737058903132
53_20240831 05,1549.5258092472786
53_20240831 06,1527.8826313366335
53_20240831 07,1520.4101167231247
53_20240831 08,1502.4168765495056
53_20240831 09,1456.2535926769472
53_20240831 10,1394.971665445114
53_20240831 11,1383.3612862496916
53_20240831 12,1444.076902391694
53_20240831 13,1435.9850785542817
53_20240831 14,1460.723595444474
53_20240831 15,1470.0202154292979
53_20240831 16,1438.3686942119803
53_20240831 17,1470.0047776910394
53_20240831 18,1487.6623705883776
53_20240831 19,1463.4746390837806
53_20240831 20,1459.079591892661
53_20240831 21,1454.8153823059483
53_20240831 22,1444.013742083901
53_20240831 23,1378.1525978102122
54_20240825 00,3394.5228778025785
54_20240825 01,3195.6302036980524
54_20240825 02,2623.8900156295804
54_20240825 03,2291.112785227229
54_20240825 04,2313.402158130589
54_20240825 05,1943.1892930508598
54_20240825 06,1084.5719082218109
54_20240825 07,1160.7308310601775
54_20240825 08,1402.482303257718
54_20240825 09,2063.103693188376
54_20240825 10,3995.471048633318
54_20240825 11,4448.477614395782
54_20240825 12,4511.877868022337
54_20240825 13,4574.838217216443
54_20240825 14,4546.883335285533
54_20240825 15,4473.338676340378
54_20240825 16,4436.067982833406
54_20240825 17,4278.976485528542
54_20240825 18,4114.604706006619
54_20240825 19,3974.486133085509
54_20240825 20,3434.2846533211587
54_20240825 21,1655.4556266900734
54_20240825 22,2525.821399988744
54_20240825 23,3476.6580370880656
54_20240826 00,3322.771859128904
54_20240826 01,3084.6119511851703
54_20240826 02,2612.5317581430136
54_20240826 03,2279.708554317797
54_20240826 04,2339.9300347719236
54_20240826 05,1988.121749043254
54_20240826 06,1184.7668170592049
54_20240826 07,1200.1131623257356
54_20240826 08,1444.2958271042241
54_20240826 09,2008.6494184331336
54_20240826 10,3717.4576032271902
54_20240826 11,4428.911635506052
54_20240826 12,4463.357875094218
54_20240826 13,4444.144119046599
54_20240826 14,4445.559560217928
54_20240826 15,4427.0928359942145
54_20240826 16,4348.37056032531
54_20240826 17,4090.0250665535473
54_20240826 18,3893.68506045948
54_20240826 19,3567.888550041991
54_20240826 20,2485.341191713723
54_20240826 21,1482.8187625656965
54_20240826 22,2277.8714178972023
54_20240826 23,3070.15571374056
54_20240827 00,2042.5733952015012
54_20240827 01,1877.003984811894
54_20240827 02,1650.3777210570202
54_20240827 03,1590.1213138259125
54_20240827 04,1661.4895239750558
54_20240827 05,1498.3465590356955
54_20240827 06,1005.437182192732
54_20240827 07,1070.3839345090948
54_20240827 08,1422.1798559326255
54_20240827 09,2055.8565479271165
54_20240827 10,3651.364128190232
54_20240827 11,4232.303769100165
54_20240827 12,4312.212535981892
54_20240827 13,4330.127144698619
54_20240827 14,4327.395351238635
54_20240827 15,4301.524485099886
54_20240827 16,4341.916117506737
54_20240827 17,4125.024822998572
54_20240827 18,3936.51527028114
54_20240827 19,3582.708882433787
54_20240827 20,2598.8158258533304
54_20240827 21,1460.050763001906
54_20240827 22,2466.1209288748205
54_20240827 23,3422.5896277135616
54_20240828 00,3322.7219119404335
54_20240828 01,3002.1170055641164
54_20240828 02,2378.8409465937725
54_20240828 03,1984.8419480182083
54_20240828 04,1855.3258944696383
54_20240828 05,1544.434888128477
54_20240828 06,1111.0045452003367
54_20240828 07,1094.934431554856
54_20240828 08,1385.544015800786
54_20240828 09,2021.694737536357
54_20240828 10,3656.999415505706
54_20240828 11,4271.827075692467
54_20240828 12,4326.012226060299
54_20240828 13,4457.598560747178
54_20240828 14,4418.237606393346
54_20240828 15,4385.869426983419
54_20240828 16,4345.727779793425
54_20240828 17,4143.264482046269
54_20240828 18,3940.098097192884
54_20240828 19,3641.1065019561956
54_20240828 20,2707.2663108403394
54_20240828 21,1465.4182926739363
54_20240828 22,2321.158397201665
54_20240828 23,3420.710206355275
54_20240829 00,3256.6136513372267
54_20240829 01,3001.574156057153
54_20240829 02,2389.9103866087953
54_20240829 03,1905.4163608776862
54_20240829 04,1737.7209293632175
54_20240829 05,1317.0594682607682
54_20240829 06,1178.4594370173456
54_20240829 07,1197.681624764332
54_20240829 08,1385.9826046318647
54_20240829 09,2027.8988669916969
54_20240829 10,3613.702923942453
54_20240829 11,4178.644601382623
54_20240829 12,4308.854662516441
54_20240829 13,4334.503569173167
54_20240829 14,4376.989138777359
54_20240829 15,4303.495192953651
54_20240829 16,4248.819009426032
54_20240829 17,4054.361900424992
54_20240829 18,3839.353500296018
54_20240829 19,3668.4830914354534
54_20240829 20,2780.2854305444775
54_20240829 21,1503.6306968372596
54_20240829 22,2285.211074311262
54_20240829 23,3387.75168731898
54_20240830 00,3197.9709315994733
54_20240830 01,2976.7297884034633
54_20240830 02,2477.4065310367005
54_20240830 03,2143.943516813548
54_20240830 04,2047.5759355352911
54_20240830 05,1772.1330758722527
54_20240830 06,1000.2905688558265
54_20240830 07,1025.951232554341
54_20240830 08,1387.290344248312
54_20240830 09,2049.98350218425
54_20240830 10,3564.6491559292404
54_20240830 11,4189.13319488078
54_20240830 12,4257.743088018262
54_20240830 13,4325.499172387447
54_20240830 14,4240.806111543156
54_20240830 15,4228.334638238861
54_20240830 16,4190.156727940417
54_20240830 17,4065.450454713273
54_20240830 18,3864.5497180758193
54_20240830 19,3685.154189938427
54_20240830 20,3089.0217940212096
54_20240830 21,1556.1398699394244
54_20240830 22,2351.209910247472
54_20240830 23,3409.6662065944283
54_20240831 00,3273.3277412019943
54_20240831 01,3013.76578454854
54_20240831 02,2275.615254055907
54_20240831 03,1969.366582466862
54_20240831 04,1861.928952139503
54_20240831 05,1524.719685967671
54_20240831 06,941.6988371936048
54_20240831 07,1077.473556270535
54_20240831 08,1392.5729022681294
54_20240831 09,2059.6093111371183
54_20240831 10,3594.3836692796485
54_20240831 11,4315.279667976511
54_20240831 12,4369.2363451671135
54_20240831 13,4412.656704835614
54_20240831 14,4430.7029293169235
54_20240831 15,4308.150092151098
54_20240831 16,4237.324088019968
54_20240831 17,4097.962432393628
54_20240831 18,3907.829034839602
54_20240831 19,3735.9451871657034
54_20240831 20,3131.0209765812156
54_20240831 21,1542.0965230064935
54_20240831 22,2406.4552811125477
54_20240831 23,3439.5127702936306
55_20240825 00,9204.79492863138
55_20240825 01,9099.998666032596
55_20240825 02,8900.54087015299
55_20240825 03,8826.01800609119
55_20240825 04,8704.70489732737
55_20240825 05,8493.660785693084
55_20240825 06,8480.43807926201
55_20240825 07,8654.53486789723
55_20240825 08,8838.880544429825
55_20240825 09,8980.023319814003
55_20240825 10,8986.941261129256
55_20240825 11,9107.170012926214
55_20240825 12,9345.134532079732
55_20240825 13,9448.197440401043
55_20240825 14,9627.040657553927
55_20240825 15,9738.297323317729
55_20240825 16,9885.543465515097
55_20240825 17,10092.195862768534
55_20240825 18,9852.569032600457
55_20240825 19,9689.430997732712
55_20240825 20,9582.786806128765
55_20240825 21,9342.45735300549
55_20240825 22,9173.90733713403
55_20240825 23,9166.63211110378
55_20240826 00,9293.958548502336
55_20240826 01,9247.828785265297
55_20240826 02,8984.682448759704
55_20240826 03,8910.543348659685
55_20240826 04,8727.18566515805
55_20240826 05,8656.658824094084
55_20240826 06,8688.916787751034
55_20240826 07,9029.33464238181
55_20240826 08,9466.799538510317
55_20240826 09,10361.729762795338
55_20240826 10,10579.889283115619
55_20240826 11,10788.312512902821
55_20240826 12,11203.821310335408
55_20240826 13,11072.76374731521
55_20240826 14,11037.650089465853
55_20240826 15,11032.170512232444
55_20240826 16,11161.177108363336
55_20240826 17,11530.840549095063
55_20240826 18,10944.740052572775
55_20240826 19,10664.519468097184
55_20240826 20,10311.154421314664
55_20240826 21,9955.799303493164
55_20240826 22,9662.348997052564
55_20240826 23,9581.681694475155
55_20240827 00,9436.99501789254
55_20240827 01,9452.531121411263
55_20240827 02,9145.60074034496
55_20240827 03,9060.378889977126
55_20240827 04,8864.874978584834
55_20240827 05,8833.884296244858
55_20240827 06,8797.507410563889
55_20240827 07,9097.785174345194
55_20240827 08,9404.74498884504
55_20240827 09,10289.870896624587
55_20240827 10,10568.078723089191
55_20240827 11,10562.563039545845
55_20240827 12,10695.067419770749
55_20240827 13,10484.688185841316
55_20240827 14,10625.212663764736
55_20240827 15,10184.573316616523
55_20240827 16,10226.9888231082
55_20240827 17,10302.187799872008
55_20240827 18,9961.670564694332
55_20240827 19,9917.608074053524
55_20240827 20,9726.604426982993
55_20240827 21,9503.730720445728
55_20240827 22,9336.17364267834
55_20240827 23,9183.694409226471
55_20240828 00,9124.417532948004
55_20240828 01,9003.679107310181
55_20240828 02,8791.129024253954
55_20240828 03,8761.173971736505
55_20240828 04,8586.485528666835
55_20240828 05,8623.664181118442
55_20240828 06,8619.144186500736
55_20240828 07,8855.772262975128
55_20240828 08,9078.130433679595
55_20240828 09,9802.375223088324
55_20240828 10,10008.776935645546
55_20240828 11,10169.270864343263
55_20240828 12,10501.677737983742
55_20240828 13,10290.835721293792
55_20240828 14,10509.329513677621
55_20240828 15,10319.269471314408
55_20240828 16,10390.11899280081
55_20240828 17,10535.716760276735
55_20240828 18,10300.731900848188
55_20240828 19,10109.592066608082
55_20240828 20,9934.247654968345
55_20240828 21,9551.269033452838
55_20240828 22,9435.730670790992
55_20240828 23,9268.593602946647
55_20240829 00,9204.515647597607
55_20240829 01,9206.649709895799
55_20240829 02,8947.299544740512
55_20240829 03,8865.604728591148
55_20240829 04,8724.341487975975
55_20240829 05,8693.54648538241
55_20240829 06,8754.122505314472
55_20240829 07,8954.756691320184
55_20240829 08,9283.009521256257
55_20240829 09,10102.993484255221
55_20240829 10,10393.350477754913
55_20240829 11,10439.081299367497
55_20240829 12,10671.16916271418
55_20240829 13,10664.66063200442
55_20240829 14,10527.53500488798
55_20240829 15,10335.660195526316
55_20240829 16,10629.480126221986
55_20240829 17,10841.38545507848
55_20240829 18,10309.385014075277
55_20240829 19,10175.50803153518
55_20240829 20,9799.976530555057
55_20240829 21,9560.260865450195
55_20240829 22,9313.896683226889
55_20240829 23,9204.576119908485
55_20240830 00,9077.99102595573
55_20240830 01,9081.957085155933
55_20240830 02,8758.35005194074
55_20240830 03,8735.487571332716
55_20240830 04,8586.45928871903
55_20240830 05,8529.676312645994
55_20240830 06,8518.554095589066
55_20240830 07,8656.321002099909
55_20240830 08,8913.404877942598
55_20240830 09,9669.955891814776
55_20240830 10,9868.44825210865
55_20240830 11,9883.418637200377
55_20240830 12,10498.062327944477
55_20240830 13,10380.799990966463
55_20240830 14,10411.363330908844
55_20240830 15,10537.632725462143
55_20240830 16,10626.584757709896
55_20240830 17,11013.929249635457
55_20240830 18,10388.951612013037
55_20240830 19,9803.09151691712
55_20240830 20,9446.961263177001
55_20240830 21,9243.61500706054
55_20240830 22,8940.735148674234
55_20240830 23,8882.774441060004
55_20240831 00,8715.40828891531
55_20240831 01,8753.434303446928
55_20240831 02,8492.521259158308
55_20240831 03,8399.28733071227
55_20240831 04,8251.35627192081
55_20240831 05,8148.327795249783
55_20240831 06,8003.621206048909
55_20240831 07,8167.470594959976
55_20240831 08,8370.436204841046
55_20240831 09,8406.267771853978
55_20240831 10,8447.98918206833
55_20240831 11,8592.408345907825
55_20240831 12,8877.009579385347
55_20240831 13,8765.985194914047
55_20240831 14,8962.39765907349
55_20240831 15,9129.402754091145
55_20240831 16,9307.706586814405
55_20240831 17,9384.75049586921
55_20240831 18,9052.353033129548
55_20240831 19,8970.045168665238
55_20240831 20,8842.533695671667
55_20240831 21,8731.720033315136
55_20240831 22,8627.050522948975
55_20240831 23,8558.29537018749
56_20240825 00,5497.982501485943
56_20240825 01,5493.966139579041
56_20240825 02,5492.981254501766
56_20240825 03,5494.392557290073
56_20240825 04,5501.5521306640385
56_20240825 05,5455.084161326049
56_20240825 06,5476.105172119233
56_20240825 07,5498.481035503724
56_20240825 08,5519.385379040373
56_20240825 09,5586.238688373058
56_20240825 10,5683.758508669952
56_20240825 11,5715.468311560495
56_20240825 12,5744.028663834673
56_20240825 13,5758.387828989535
56_20240825 14,5755.595964966812
56_20240825 15,5754.635799439246
56_20240825 16,5750.0891416888535
56_20240825 17,5709.200201210394
56_20240825 18,5663.999958715895
56_20240825 19,5631.162077106004
56_20240825 20,5563.996877844242
56_20240825 21,5554.900955669787
56_20240825 22,5522.156216170995
56_20240825 23,5511.4609435473085
56_20240826 00,5555.377142631603
56_20240826 01,5551.395341133087
56_20240826 02,5546.617749018797
56_20240826 03,5556.602163967023
56_20240826 04,5561.395372898726
56_20240826 05,5515.995604249845
56_20240826 06,5530.698429450222
56_20240826 07,5537.110639931476
56_20240826 08,5594.514305198718
56_20240826 09,5670.903463872507
56_20240826 10,5764.1546323896055
56_20240826 11,5804.427339734837
56_20240826 12,5836.303296717492
56_20240826 13,5865.959321757518
56_20240826 14,5913.092131250756
56_20240826 15,5903.701740177693
56_20240826 16,5833.2415272601065
56_20240826 17,5807.1453767974035
56_20240826 18,5690.063817156072
56_20240826 19,5638.40308734778
56_20240826 20,5592.629941694317
56_20240826 21,5577.803007718434
56_20240826 22,5560.512274110935
56_20240826 23,5541.007577625458
56_20240827 00,5541.1529634513645
56_20240827 01,5563.729679987104
56_20240827 02,5569.212444447818
56_20240827 03,5558.982016420004
56_20240827 04,5560.798522550671
56_20240827 05,5485.679960582855
56_20240827 06,5519.691411471265
56_20240827 07,5531.835515351273
56_20240827 08,5572.316593817873
56_20240827 09,5653.407629303079
56_20240827 10,5693.9106344916745
56_20240827 11,5708.187381341182
56_20240827 12,5747.44581845539
56_20240827 13,5795.500135733044
56_20240827 14,5805.146685047089
56_20240827 15,5790.958219722562
56_20240827 16,5813.773716924804
56_20240827 17,5797.943886143707
56_20240827 18,5708.821660707862
56_20240827 19,5580.445004147809
56_20240827 20,5526.532607136795
56_20240827 21,5518.208247892098
56_20240827 22,5511.725776951689
56_20240827 23,5502.393717956973
56_20240828 00,5500.361479543957
56_20240828 01,5502.389321408589
56_20240828 02,5493.596697453701
56_20240828 03,5496.5716472335735
56_20240828 04,5484.333449965188
56_20240828 05,5434.08844101304
56_20240828 06,5426.202679750473
56_20240828 07,5494.790093920269
56_20240828 08,5557.01391664239
56_20240828 09,5643.532389529186
56_20240828 10,5754.682291080553
56_20240828 11,5804.1321941754595
56_20240828 12,5849.047863451349
56_20240828 13,5897.669976717772
56_20240828 14,5914.879461340156
56_20240828 15,5911.191136745171
56_20240828 16,5850.188025708691
56_20240828 17,5822.60499557365
56_20240828 18,5731.097340934524
56_20240828 19,5632.253095802716
56_20240828 20,5566.907259600062
56_20240828 21,5576.619313878427
56_20240828 22,5552.802670177736
56_20240828 23,5524.618051131198
56_20240829 00,5491.6382158063
56_20240829 01,5513.1940061219575
56_20240829 02,5508.525939708317
56_20240829 03,5490.551371272299
56_20240829 04,5492.943557472537
56_20240829 05,5402.828481642971
56_20240829 06,5406.929102138731
56_20240829 07,5501.7485009499305
56_20240829 08,5567.490991149331
56_20240829 09,5657.057503965118
56_20240829 10,5695.679545565808
56_20240829 11,5728.843819576949
56_20240829 12,5835.050526323669
56_20240829 13,5855.796778061584
56_20240829 14,5897.6566634945575
56_20240829 15,5894.951652855179
56_20240829 16,5891.132649000946
56_20240829 17,5843.512600091977
56_20240829 18,5728.93592962121
56_20240829 19,5635.2293754123875
56_20240829 20,5570.217568635158
56_20240829 21,5560.681016172667
56_20240829 22,5514.825927721065
56_20240829 23,5479.023684044056
56_20240830 00,5468.389044369591
56_20240830 01,5478.432640940982
56_20240830 02,5469.245557280343
56_20240830 03,5486.820152918943
56_20240830 04,5434.474149999599
56_20240830 05,5366.724158670139
56_20240830 06,5395.032355580077
56_20240830 07,5480.70751031281
56_20240830 08,5525.316806477882
56_20240830 09,5621.055594820286
56_20240830 10,5665.234499741935
56_20240830 11,5787.391359828757
56_20240830 12,5819.58748362634
56_20240830 13,5848.059291455536
56_20240830 14,5860.607554751572
56_20240830 15,5854.515266701691
56_20240830 16,5822.052972174515
56_20240830 17,5787.421405975747
56_20240830 18,5708.161374291893
56_20240830 19,5619.851096275562
56_20240830 20,5544.138610156261
56_20240830 21,5541.638088081013
56_20240830 22,5484.038769472799
56_20240830 23,5459.538428811389
56_20240831 00,5438.062490534481
56_20240831 01,5430.631800992632
56_20240831 02,5404.6168254734175
56_20240831 03,5429.7935650587215
56_20240831 04,5407.274518443335
56_20240831 05,5351.286012434317
56_20240831 06,5377.646881108861
56_20240831 07,5403.974151653323
56_20240831 08,5474.863338154401
56_20240831 09,5543.730493650164
56_20240831 10,5601.8337318026315
56_20240831 11,5610.459764515417
56_20240831 12,5685.804423377678
56_20240831 13,5697.298942345563
56_20240831 14,5713.080607869895
56_20240831 15,5736.294386155521
56_20240831 16,5747.25711600582
56_20240831 17,5722.172169821153
56_20240831 18,5690.615586340312
56_20240831 19,5577.150718211926
56_20240831 20,5536.785944838353
56_20240831 21,5519.970152848031
56_20240831 22,5479.190871889547
56_20240831 23,5457.074908104919
57_20240825 00,20224.50546350052
57_20240825 01,20076.290059628755
57_20240825 02,19797.49394682209
57_20240825 03,19721.15524376768
57_20240825 04,19572.234880774387
57_20240825 05,19271.422960415897
57_20240825 06,19040.3433743214
57_20240825 07,18192.75696434641
57_20240825 08,16175.033025421824
57_20240825 09,16542.29580006201
57_20240825 10,17122.358687205942
57_20240825 11,17178.528765658408
57_20240825 12,17215.45400224699
57_20240825 13,17244.900832554165
57_20240825 14,17286.30162987557
57_20240825 15,17345.601805398805
57_20240825 16,17370.87773685188
57_20240825 17,17321.79606361307
57_20240825 18,17317.136730341535
57_20240825 19,17099.85703214444
57_20240825 20,16750.098101078052
57_20240825 21,16714.134556068748
57_20240825 22,19051.172811278146
57_20240825 23,20241.033886200377
57_20240826 00,20192.00093483948
57_20240826 01,19906.42739719303
57_20240826 02,19890.341343009946
57_20240826 03,19766.601511843342
57_20240826 04,19615.31430871255
57_20240826 05,19325.41640956159
57_20240826 06,19097.729364739178
57_20240826 07,18188.050843176374
57_20240826 08,16185.388223933975
57_20240826 09,16537.479485174998
57_20240826 10,17104.597538333644
57_20240826 11,17156.062438387515
57_20240826 12,17221.4099274818
57_20240826 13,17224.943052819737
57_20240826 14,17273.105447139857
57_20240826 15,17349.24250366842
57_20240826 16,17355.037541354137
57_20240826 17,17295.413357608166
57_20240826 18,17293.49876556947
57_20240826 19,17025.117551372343
57_20240826 20,16736.06438978476
57_20240826 21,16703.253067057285
57_20240826 22,18999.75831807615
57_20240826 23,20174.611379869824
57_20240827 00,20205.608074649805
57_20240827 01,19952.184513779815
57_20240827 02,19840.044349562304
57_20240827 03,19847.07393541491
57_20240827 04,19614.911252162223
57_20240827 05,19190.726898913974
57_20240827 06,18988.950263686653
57_20240827 07,18153.710277791153
57_20240827 08,15971.15913096828
57_20240827 09,16369.275375580055
57_20240827 10,17012.95388585068
57_20240827 11,17031.721565109
57_20240827 12,17041.80262126998
57_20240827 13,17030.99216004603
57_20240827 14,17122.823677339937
57_20240827 15,17203.20567255353
57_20240827 16,17223.187858847414
57_20240827 17,17180.404079255244
57_20240827 18,17157.57340511531
57_20240827 19,16783.290287733354
57_20240827 20,16521.10213592466
57_20240827 21,16522.2124543585
57_20240827 22,18838.03711293028
57_20240827 23,19817.156378081145
57_20240828 00,19812.038935297533
57_20240828 01,19561.57859075343
57_20240828 02,19496.631710811846
57_20240828 03,19467.957342676516
57_20240828 04,19355.799060179288
57_20240828 05,18980.526913804548
57_20240828 06,18749.45691745441
57_20240828 07,18003.89940466025
57_20240828 08,16246.125465509758
57_20240828 09,16433.64637298003
57_20240828 10,16960.79556820522
57_20240828 11,17076.109775823552
57_20240828 12,17108.11750234
57_20240828 13,17129.94699329199
57_20240828 14,17163.605195844062
57_20240828 15,17239.053355790915
57_20240828 16,17257.712389971945
57_20240828 17,17212.716277186475
57_20240828 18,17183.23058382157
57_20240828 19,16902.27709953455
57_20240828 20,16597.073567683357
57_20240828 21,16600.487506380785
57_20240828 22,18832.86859391273
57_20240828 23,19818.785246818767
57_20240829 00,19843.517097868567
57_20240829 01,19564.249040360613
57_20240829 02,19515.488873818984
57_20240829 03,19491.309882835474
57_20240829 04,19335.8050097004
57_20240829 05,19014.815354606963
57_20240829 06,18659.84149920493
57_20240829 07,17911.63551747275
57_20240829 08,16107.255327009023
57_20240829 09,16464.2636779834
57_20240829 10,17061.355137119728
57_20240829 11,17097.70365890069
57_20240829 12,17116.508898787048
57_20240829 13,17140.589665656957
57_20240829 14,17174.73184748464
57_20240829 15,17242.70096886978
57_20240829 16,17215.473635071434
57_20240829 17,17148.50534474327
57_20240829 18,17115.028511356002
57_20240829 19,16892.427093602426
57_20240829 20,16694.266085102492
57_20240829 21,16716.277132777803
57_20240829 22,18803.502090718786
57_20240829 23,19802.757869749745
57_20240830 00,19790.862381764317
57_20240830 01,19508.349083645237
57_20240830 02,19465.998558041178
57_20240830 03,19424.492012693598
57_20240830 04,19275.025417147233
57_20240830 05,19036.657508316195
57_20240830 06,18630.131539654565
57_20240830 07,17961.322475214503
57_20240830 08,16037.288045412412
57_20240830 09,16422.47509983957
57_20240830 10,17007.386677760158
57_20240830 11,17067.926033549986
57_20240830 12,17121.810877968754
57_20240830 13,17149.643281337783
57_20240830 14,17130.628883092264
57_20240830 15,17162.025224278575
57_20240830 16,17213.984021728233
57_20240830 17,17151.924846943337
57_20240830 18,17126.577832147283
57_20240830 19,16920.601333799787
57_20240830 20,16702.433344998735
57_20240830 21,16769.38405569711
57_20240830 22,18778.029356704836
57_20240830 23,19751.57429109223
57_20240831 00,19727.459063816495
57_20240831 01,19460.564518449
57_20240831 02,19393.942748630805
57_20240831 03,19377.06067015006
57_20240831 04,19241.868634875078
57_20240831 05,18919.834633962906
57_20240831 06,18515.212844489808
57_20240831 07,17819.145103505147
57_20240831 08,16216.560793391503
57_20240831 09,16423.150985769764
57_20240831 10,16927.462744362925
57_20240831 11,16986.328242020434
57_20240831 12,17032.086675885294
57_20240831 13,17034.418797016082
57_20240831 14,17044.730575597576
57_20240831 15,17124.66101240779
57_20240831 16,17162.404289673144
57_20240831 17,17068.704338794152
57_20240831 18,17081.04379689946
57_20240831 19,16883.94322421964
57_20240831 20,16574.425031391176
57_20240831 21,16635.962969836757
57_20240831 22,18756.216505550285
57_20240831 23,19651.288821488863
58_20240825 00,1061.3419198128959
58_20240825 01,947.3732582243811
58_20240825 02,807.285828560567
58_20240825 03,712.3996417351618
58_20240825 04,681.4823141256418
58_20240825 05,704.1095525074097
58_20240825 06,810.6620660199151
58_20240825 07,1267.8997088440242
58_20240825 08,1824.5306263245486
58_20240825 09,2100.128986411013
58_20240825 10,2403.776258517634
58_20240825 11,2577.4957953294743
58_20240825 12,2706.8536539382862
58_20240825 13,2751.8508978719874
58_20240825 14,2801.2164635433883
58_20240825 15,2767.39402514003
58_20240825 16,2744.452553584297
58_20240825 17,2727.4433727697005
58_20240825 18,2639.4145015677977
58_20240825 19,2474.112982591851
58_20240825 20,2246.112983676595
58_20240825 21,1803.3851572271342
58_20240825 22,1336.5512328654665
58_20240825 23,1183.5234423558475
58_20240826 00,1045.0530095874417
58_20240826 01,884.1338777563757
58_20240826 02,757.6134359566179
58_20240826 03,688.23080930221
58_20240826 04,669.559037271012
58_20240826 05,687.4306136565159
58_20240826 06,784.9418771291582
58_20240826 07,1227.922963880708
58_20240826 08,1859.814562808267
58_20240826 09,2173.8721393708915
58_20240826 10,2541.6672139159236
58_20240826 11,2594.7803609712914
58_20240826 12,2702.27790357929
58_20240826 13,2743.5732682774315
58_20240826 14,2725.7473213126777
58_20240826 15,2698.051415387617
58_20240826 16,2639.7269181145252
58_20240826 17,2621.6607531611194
58_20240826 18,2449.6442881313433
58_20240826 19,2280.854811519364
58_20240826 20,2053.993228383696
58_20240826 21,1689.9324993908017
58_20240826 22,1250.2377933681755
58_20240826 23,1118.501834187523
58_20240827 00,995.8292140611903
58_20240827 01,847.0791327912385
58_20240827 02,745.010026253434
58_20240827 03,677.4750820813323
58_20240827 04,661.545309433842
58_20240827 05,671.8216845808845
58_20240827 06,771.7935829870667
58_20240827 07,1254.8807101759426
58_20240827 08,1787.9283655216932
58_20240827 09,2070.229927242049
58_20240827 10,2363.6700945039315
58_20240827 11,2503.217845794568
58_20240827 12,2631.1816705368615
58_20240827 13,2643.8545134381234
58_20240827 14,2695.3647135099145
58_20240827 15,2651.914868795073
58_20240827 16,2550.4373655914783
58_20240827 17,2529.8803373509054
58_20240827 18,2424.205149204265
58_20240827 19,2306.584857484866
58_20240827 20,2065.2455082579886
58_20240827 21,1656.4150692013611
58_20240827 22,1229.4794710773506
58_20240827 23,1091.17432866127
58_20240828 00,985.4957026700957
58_20240828 01,843.204502740736
58_20240828 02,751.9652841116255
58_20240828 03,677.3411748772742
58_20240828 04,652.13542393578
58_20240828 05,665.5712672590361
58_20240828 06,769.8525702131792
58_20240828 07,1149.9702380288816
58_20240828 08,1757.9466029829277
58_20240828 09,2100.1811454370572
58_20240828 10,2441.0858997582286
58_20240828 11,2571.0426813410995
58_20240828 12,2648.3824396151226
58_20240828 13,2684.199692569052
58_20240828 14,2652.49734706501
58_20240828 15,2649.7920942865435
58_20240828 16,2626.31693537472
58_20240828 17,2568.975379585314
58_20240828 18,2455.171069492379
58_20240828 19,2194.6211631154497
58_20240828 20,2048.1357042690975
58_20240828 21,1700.5143667333639
58_20240828 22,1268.301028671699
58_20240828 23,1106.4084881006509
58_20240829 00,1005.1901618961151
58_20240829 01,858.9156034667006
58_20240829 02,748.7934249723519
58_20240829 03,688.3094698680272
58_20240829 04,664.536433862681
58_20240829 05,680.1752737397856
58_20240829 06,781.6233406204137
58_20240829 07,1180.8138667270327
58_20240829 08,1798.7102391638712
58_20240829 09,2128.1996325193204
58_20240829 10,2407.949777095305
58_20240829 11,2522.858491768133
58_20240829 12,2610.4070782578133
58_20240829 13,2668.077710632735
58_20240829 14,2653.3316352872007
58_20240829 15,2660.3582350215192
58_20240829 16,2615.8752240392405
58_20240829 17,2584.9983797582545
58_20240829 18,2441.8638368540564
58_20240829 19,2268.1987046074946
58_20240829 20,2059.5897491070004
58_20240829 21,1671.5320835917726
58_20240829 22,1265.5573783615357
58_20240829 23,1093.8908832825098
58_20240830 00,995.4146649899976
58_20240830 01,845.9691593303432
58_20240830 02,729.9108583390438
58_20240830 03,673.2439880533445
58_20240830 04,662.7569835346035
58_20240830 05,672.9075989467461
58_20240830 06,775.4773737847731
58_20240830 07,1172.363854820876
58_20240830 08,1780.1461217933324
58_20240830 09,2090.5211522992904
58_20240830 10,2462.617773970037
58_20240830 11,2553.5764448748528
58_20240830 12,2630.1945778553545
58_20240830 13,2659.717942333608
58_20240830 14,2649.585331300248
58_20240830 15,2642.408923012739
58_20240830 16,2585.2260182367836
58_20240830 17,2571.992616467153
58_20240830 18,2481.2696768733986
58_20240830 19,2285.068530245438
58_20240830 20,2105.517592205413
58_20240830 21,1727.6297600368766
58_20240830 22,1279.3887825526076
58_20240830 23,1126.3937713561972
58_20240831 00,1026.341521307505
58_20240831 01,892.6354832809027
58_20240831 02,750.3459587860839
58_20240831 03,685.3305158064779
58_20240831 04,669.275777811408
58_20240831 05,677.8724910225266
58_20240831 06,776.8834387869206
58_20240831 07,1130.0893830350592
58_20240831 08,1699.4505523631308
58_20240831 09,2007.0997085769955
58_20240831 10,2342.798611814999
58_20240831 11,2447.4745493419678
58_20240831 12,2534.5482342365253
58_20240831 13,2624.3946479451056
58_20240831 14,2670.147120629428
58_20240831 15,2682.5702721143625
58_20240831 16,2647.155878667826
58_20240831 17,2641.3638300707726
58_20240831 18,2470.6572358101844
58_20240831 19,2304.1438452147504
58_20240831 20,2107.857662694301
58_20240831 21,1744.503511208573
58_20240831 22,1285.8200012370955
58_20240831 23,1127.548107185722
59_20240825 00,460.80322339502766
59_20240825 01,432.05409722976026
59_20240825 02,451.2078531937783
59_20240825 03,449.9411773129195
59_20240825 04,449.4329099823563
59_20240825 05,430.3471761715084
59_20240825 06,485.4346140365718
59_20240825 07,508.9721091895996
59_20240825 08,538.821895017876
59_20240825 09,545.4499640478437
59_20240825 10,625.8898920112595
59_20240825 11,618.546309029058
59_20240825 12,582.9960469631563
59_20240825 13,588.6486547292002
59_20240825 14,597.2984860477511
59_20240825 15,601.2339601161877
59_20240825 16,603.4259993515561
59_20240825 17,592.0523465885528
59_20240825 18,566.1836072117665
59_20240825 19,542.4951443124762
59_20240825 20,542.9089561948964
59_20240825 21,539.1297700027903
59_20240825 22,534.8238518548636
59_20240825 23,505.80285938869656
59_20240826 00,453.42167569883856
59_20240826 01,431.40854702402237
59_20240826 02,436.28725511585145
59_20240826 03,436.0139768913154
59_20240826 04,438.1670324695315
59_20240826 05,434.0806148062808
59_20240826 06,562.3978826030852
59_20240826 07,708.1469485685075
59_20240826 08,1088.8688817584425
59_20240826 09,1358.9896430294657
59_20240826 10,1623.3584183116498
59_20240826 11,1682.6815156894984
59_20240826 12,1674.746197707674
59_20240826 13,1659.3527422039615
59_20240826 14,1667.7862540513313
59_20240826 15,1656.8230387159765
59_20240826 16,1625.2258063878267
59_20240826 17,1606.105144939137
59_20240826 18,1600.9080256552
59_20240826 19,1572.2506935380209
59_20240826 20,1436.3150683802899
59_20240826 21,1195.7196327806296
59_20240826 22,951.6878445360385
59_20240826 23,672.8024043365687
59_20240827 00,451.5136506345731
59_20240827 01,424.3084651830491
59_20240827 02,438.55216602072915
59_20240827 03,433.6510988119338
59_20240827 04,428.0715627603207
59_20240827 05,422.482878495454
59_20240827 06,532.4912088485
59_20240827 07,653.1934008864605
59_20240827 08,955.1831919718036
59_20240827 09,1186.4005882638894
59_20240827 10,1503.6831246283461
59_20240827 11,1561.385043081811
59_20240827 12,1567.5575786086092
59_20240827 13,1599.6536404514636
59_20240827 14,1604.2717050402048
59_20240827 15,1556.4233841706189
59_20240827 16,1542.2358264130598
59_20240827 17,1525.0346933651192
59_20240827 18,1525.1767079816166
59_20240827 19,1473.5130820367376
59_20240827 20,1382.017684522728
59_20240827 21,1088.605218196491
59_20240827 22,921.5771215044537
59_20240827 23,641.5105517263664
59_20240828 00,444.8032606845158
59_20240828 01,423.2450742999803
59_20240828 02,426.9692427884832
59_20240828 03,432.07247752260633
59_20240828 04,438.29222153202414
59_20240828 05,427.7752548754571
59_20240828 06,538.4190459351385
59_20240828 07,667.9202900119445
59_20240828 08,945.4276189968534
59_20240828 09,1163.1551338067875
59_20240828 10,1517.5699874445136
59_20240828 11,1612.178076489665
59_20240828 12,1617.4187865228018
59_20240828 13,1632.4699176691065
59_20240828 14,1636.9492805588297
59_20240828 15,1606.6050274427262
59_20240828 16,1600.7878299226277
59_20240828 17,1574.9147345982642
59_20240828 18,1547.9342083655292
59_20240828 19,1518.1499759957348
59_20240828 20,1422.9578759336418
59_20240828 21,1190.969819356144
59_20240828 22,940.2835192624144
59_20240828 23,664.4979147424463
59_20240829 00,480.6001316493368
59_20240829 01,436.54122652048625
59_20240829 02,445.74236986055837
59_20240829 03,441.38290281337265
59_20240829 04,445.15602734569507
59_20240829 05,439.11198570904463
59_20240829 06,543.6145567706017
59_20240829 07,683.9509465956883
59_20240829 08,974.4104584684619
59_20240829 09,1179.8583015636393
59_20240829 10,1519.851318662476
59_20240829 11,1650.3332000391665
59_20240829 12,1629.1520131080724
59_20240829 13,1623.9802700333914
59_20240829 14,1629.2647517490254
59_20240829 15,1622.8947635028503
59_20240829 16,1586.7295991243018
59_20240829 17,1573.0650048317996
59_20240829 18,1572.1811018315477
59_20240829 19,1513.837832347736
59_20240829 20,1398.2958695465334
59_20240829 21,1116.8241373480664
59_20240829 22,935.4767427539787
59_20240829 23,649.0273886308515
59_20240830 00,452.10248179854085
59_20240830 01,433.5513860482966
59_20240830 02,442.7261272410307
59_20240830 03,434.81106387790595
59_20240830 04,440.7590812758659
59_20240830 05,437.42407412015314
59_20240830 06,536.1527574568189
59_20240830 07,700.6983614777657
59_20240830 08,964.8449852235306
59_20240830 09,1186.3534837120953
59_20240830 10,1511.8301851710476
59_20240830 11,1615.9972110750118
59_20240830 12,1611.7110804513661
59_20240830 13,1607.7088279431553
59_20240830 14,1600.1069304694074
59_20240830 15,1598.3357825074497
59_20240830 16,1552.5581846716805
59_20240830 17,1531.7559937179572
59_20240830 18,1515.5266147556472
59_20240830 19,1487.4582110311937
59_20240830 20,1395.466925569885
59_20240830 21,1154.8578426827394
59_20240830 22,947.7625011772859
59_20240830 23,680.5517117161637
59_20240831 00,443.06174667622156
59_20240831 01,416.8815294171016
59_20240831 02,436.07765445176824
59_20240831 03,439.23589073620553
59_20240831 04,439.5575936305062
59_20240831 05,428.6964098222056
59_20240831 06,539.4186100301393
59_20240831 07,690.7610167551323
59_20240831 08,968.9691160771849
59_20240831 09,1155.9365968921052
59_20240831 10,1507.3089970429178
59_20240831 11,1643.7116289353141
59_20240831 12,1699.0644669164649
59_20240831 13,1727.790054874984
59_20240831 14,1754.2655894593076
59_20240831 15,1760.1519502267308
59_20240831 16,1730.4033717839275
59_20240831 17,1700.0104073606276
59_20240831 18,1674.1423109509865
59_20240831 19,1652.5790632279572
59_20240831 20,1507.385762089984
59_20240831 21,1253.078372529929
59_20240831 22,1021.7033345736866
59_20240831 23,701.9855349348366
60_20240825 00,3327.8421847467125
60_20240825 01,3189.4342475876874
60_20240825 02,3159.6070474164194
60_20240825 03,3142.25676657366
60_20240825 04,3144.233367407229
60_20240825 05,3058.005522223257
60_20240825 06,3010.572768927701
60_20240825 07,3317.70377349877
60_20240825 08,3675.365943387676
60_20240825 09,3707.102954639674
60_20240825 10,3811.4111922560114
60_20240825 11,3995.1466028289356
60_20240825 12,3999.5965032366416
60_20240825 13,4047.490403001685
60_20240825 14,4143.381592186003
60_20240825 15,4111.665280643091
60_20240825 16,4174.8283257941
60_20240825 17,4094.0471407705118
60_20240825 18,3968.526760518187
60_20240825 19,3860.537970302095
60_20240825 20,3830.2879642810053
60_20240825 21,3660.614556310882
60_20240825 22,3563.7426677724443
60_20240825 23,3401.0470118090893
60_20240826 00,3308.3558036888217
60_20240826 01,3219.36805368871
60_20240826 02,3208.0491230871
60_20240826 03,3166.9727822273235
60_20240826 04,3146.4849332318636
60_20240826 05,3099.556568249098
60_20240826 06,3140.1934208666626
60_20240826 07,3539.531821552452
60_20240826 08,4149.77067648451
60_20240826 09,4802.300161988093
60_20240826 10,5175.085019970647
60_20240826 11,5292.669567134101
60_20240826 12,5356.644528148405
60_20240826 13,5340.16144812239
60_20240826 14,5368.833376810093
60_20240826 15,5375.055120120967
60_20240826 16,5254.403304030816
60_20240826 17,5115.8372345332755
60_20240826 18,4680.567096378709
60_20240826 19,4383.954407272107
60_20240826 20,4297.487813572808
60_20240826 21,4054.747445849
60_20240826 22,3722.3703965326504
60_20240826 23,3509.1594872087485
60_20240827 00,3341.3313641015516
60_20240827 01,3231.408151426906
60_20240827 02,3229.1314100756945
60_20240827 03,3196.1826097454473
60_20240827 04,3163.997588736942
60_20240827 05,3090.9020946809396
60_20240827 06,3135.5727913635924
60_20240827 07,3544.2548458539723
60_20240827 08,4085.696000823899
60_20240827 09,4612.442247868978
60_20240827 10,4989.244173315318
60_20240827 11,5044.510541840311
60_20240827 12,5051.898678619132
60_20240827 13,5090.754348135599
60_20240827 14,5173.600925825967
60_20240827 15,5228.072084178511
60_20240827 16,5105.386533266962
60_20240827 17,4929.040028710292
60_20240827 18,4529.9088567633025
60_20240827 19,4204.936156898394
60_20240827 20,4171.1681281168885
60_20240827 21,3921.8340432264004
60_20240827 22,3612.917304586338
60_20240827 23,3461.4229989006312
60_20240828 00,3227.3596672567696
60_20240828 01,3129.136421319721
60_20240828 02,3114.135624937649
60_20240828 03,3065.354594385849
60_20240828 04,3054.270773046621
60_20240828 05,3006.4617968806338
60_20240828 06,3003.001920890899
60_20240828 07,3260.3646066803212
60_20240828 08,4032.8724757894183
60_20240828 09,4563.37526991635
60_20240828 10,5010.690203470143
60_20240828 11,5195.26354421352
60_20240828 12,5209.515769815621
60_20240828 13,5296.518730022035
60_20240828 14,5344.759202615156
60_20240828 15,5376.86726652596
60_20240828 16,5239.322560926166
60_20240828 17,4978.295849605229
60_20240828 18,4569.5533833179825
60_20240828 19,4291.254924289528
60_20240828 20,4208.322648772635
60_20240828 21,3969.371742320995
60_20240828 22,3620.0770510995453
60_20240828 23,3461.2405803310644
60_20240829 00,3282.559908355609
60_20240829 01,3112.975824871337
60_20240829 02,3085.0736588002947
60_20240829 03,3054.3299254974336
60_20240829 04,3026.241328985871
60_20240829 05,2981.809265518953
60_20240829 06,2970.8649845074733
60_20240829 07,3227.96255934242
60_20240829 08,3942.7891450261604
60_20240829 09,4502.030796189641
60_20240829 10,4933.7783002774295
60_20240829 11,5147.011808319627
60_20240829 12,5174.5485590563785
60_20240829 13,5259.431136866371
60_20240829 14,5296.232202598303
60_20240829 15,5282.701003211366
60_20240829 16,5177.643850100983
60_20240829 17,4908.243489891018
60_20240829 18,4494.378283789234
60_20240829 19,4209.446411167219
60_20240829 20,4109.967621113906
60_20240829 21,3948.0480194458987
60_20240829 22,3561.197935290764
60_20240829 23,3383.7910949206394
60_20240830 00,3290.898987154239
60_20240830 01,3090.3648209927414
60_20240830 02,3065.2136130537656
60_20240830 03,3027.220223372523
60_20240830 04,3032.116044074619
60_20240830 05,2973.459964690842
60_20240830 06,2961.9946764112096
60_20240830 07,3186.3136812684565
60_20240830 08,3983.8552692437024
60_20240830 09,4504.914352077601
60_20240830 10,5015.54280692777
60_20240830 11,5142.9175263390425
60_20240830 12,5198.883353649446
60_20240830 13,5195.905050857284
60_20240830 14,5242.266562310229
60_20240830 15,5245.5930181985295
60_20240830 16,5128.982748158858
60_20240830 17,4729.287494424127
60_20240830 18,4376.893521298641
60_20240830 19,4120.902160596093
60_20240830 20,4013.324938267171
60_20240830 21,3750.7621637982165
60_20240830 22,3478.7535480915085
60_20240830 23,3202.6136192162558
60_20240831 00,3132.7270770048017
60_20240831 01,3086.5133101789415
60_20240831 02,3035.497127374132
60_20240831 03,3013.59533238464
60_20240831 04,2984.81594457786
60_20240831 05,2938.8294993032305
60_20240831 06,2904.3175479316383
60_20240831 07,3065.296018888524
60_20240831 08,3314.4904108618143
60_20240831 09,3580.567995355977
60_20240831 10,3722.206489565776
60_20240831 11,3960.3917785355093
60_20240831 12,4013.968858888631
60_20240831 13,4086.06815085417
60_20240831 14,4159.794718616649
60_20240831 15,4168.481919841819
60_20240831 16,4132.345604019415
60_20240831 17,4090.914517495964
60_20240831 18,3907.657374117435
60_20240831 19,3672.3366452693463
60_20240831 20,3627.1993206040443
60_20240831 21,3482.0286954102266
60_20240831 22,3229.847914255814
60_20240831 23,3139.719883929238
61_20240825 00,1107.4433671911304
61_20240825 01,1064.2259344408071
61_20240825 02,1066.0636193277153
61_20240825 03,1060.3649021041404
61_20240825 04,1004.8585319802573
61_20240825 05,1007.5649010701745
61_20240825 06,1058.4464903585902
61_20240825 07,1179.760749218632
61_20240825 08,1759.3608258494378
61_20240825 09,3331.9466739160457
61_20240825 10,3532.816949369884
61_20240825 11,3616.1064433704382
61_20240825 12,3628.6426971820947
61_20240825 13,3650.822078126121
61_20240825 14,3648.678903854472
61_20240825 15,3686.186723375434
61_20240825 16,3704.258478462467
61_20240825 17,3711.061156924563
61_20240825 18,3304.9262322447903
61_20240825 19,2283.778863739806
61_20240825 20,1462.7720970576333
61_20240825 21,1136.105358715773
61_20240825 22,1049.8705939333113
61_20240825 23,1058.8197971420293
61_20240826 00,1082.209701237187
61_20240826 01,1053.332278362378
61_20240826 02,1039.4630516620964
61_20240826 03,1037.0283600283135
61_20240826 04,997.8413742802737
61_20240826 05,963.2234578055056
61_20240826 06,1011.7457259637879
61_20240826 07,1156.2065979945853
61_20240826 08,1598.9467987347168
61_20240826 09,2991.1863072654305
61_20240826 10,3357.987540002384
61_20240826 11,3367.109010745071
61_20240826 12,3351.623295985115
61_20240826 13,3365.8963355348546
61_20240826 14,3326.0264179277224
61_20240826 15,3363.808576380002
61_20240826 16,3372.648920637664
61_20240826 17,3238.6691225032555
61_20240826 18,2873.1428361645803
61_20240826 19,1855.7545239639553
61_20240826 20,1316.3501339267914
61_20240826 21,1088.7141790869978
61_20240826 22,1054.9811776571055
61_20240826 23,1049.4688997105113
61_20240827 00,996.9516739209504
61_20240827 01,948.3371665973827
61_20240827 02,946.3880957588838
61_20240827 03,948.236747042517
61_20240827 04,925.6956888077174
61_20240827 05,916.5716809066822
61_20240827 06,906.6977156968954
61_20240827 07,1078.8054434922406
61_20240827 08,1660.673424029696
61_20240827 09,2915.0667106962437
61_20240827 10,3177.980887542725
61_20240827 11,3213.653443805564
61_20240827 12,3205.676758896635
61_20240827 13,3210.8976063240934
61_20240827 14,3192.625106432307
61_20240827 15,3198.258822858494
61_20240827 16,3147.9795253085804
61_20240827 17,2991.9075632253516
61_20240827 18,2531.599775645868
61_20240827 19,1731.1191769216334
61_20240827 20,1229.7621553690685
61_20240827 21,1008.2239966995475
61_20240827 22,980.8149672185776
61_20240827 23,981.0126525707328
61_20240828 00,967.2964133175894
61_20240828 01,922.4992400798578
61_20240828 02,909.3275810414796
61_20240828 03,917.3641236375653
61_20240828 04,867.0005433151847
61_20240828 05,881.9485339739512
61_20240828 06,884.7778226425555
61_20240828 07,1053.6980011114176
61_20240828 08,1521.7728089165662
61_20240828 09,2724.3830513800544
61_20240828 10,3121.993959391986
61_20240828 11,3195.048374091329
61_20240828 12,3156.5785694457645
61_20240828 13,3166.9548073413234
61_20240828 14,3150.3528567345647
61_20240828 15,3167.7103251521867
61_20240828 16,3107.7691275961115
61_20240828 17,3004.1884184525697
61_20240828 18,2671.406211523289
61_20240828 19,1778.5529239604734
61_20240828 20,1250.4421498563106
61_20240828 21,979.9297936672883
61_20240828 22,989.0708243905848
61_20240828 23,994.0995167336828
61_20240829 00,972.9000021320435
61_20240829 01,945.2515414435998
61_20240829 02,932.9291054136729
61_20240829 03,919.9270228881282
61_20240829 04,909.2014822323365
61_20240829 05,911.3197405936975
61_20240829 06,901.3116964923267
61_20240829 07,1099.0093811901174
61_20240829 08,1653.0671159280982
61_20240829 09,2802.5231447998335
61_20240829 10,3136.8864920628816
61_20240829 11,3208.100174325969
61_20240829 12,3247.3528895258482
61_20240829 13,3224.169344351546
61_20240829 14,3217.754170076739
61_20240829 15,3218.969637602662
61_20240829 16,3168.4242560287057
61_20240829 17,3131.135903061213
61_20240829 18,2688.6725757327645
61_20240829 19,1866.9683692758024
61_20240829 20,1277.3767315785203
61_20240829 21,1039.008538940867
61_20240829 22,1003.9061703002735
61_20240829 23,994.0380787268593
61_20240830 00,1000.7960068748375
61_20240830 01,952.544233059001
61_20240830 02,951.0936758513245
61_20240830 03,949.9823263966439
61_20240830 04,913.3047373963361
61_20240830 05,890.7603191496953
61_20240830 06,887.1130212648092
61_20240830 07,1081.820707641603
61_20240830 08,1563.4107056116534
61_20240830 09,2722.6082839788546
61_20240830 10,3115.863981102517
61_20240830 11,3233.6996628527695
61_20240830 12,3242.017623749299
61_20240830 13,3221.764143046707
61_20240830 14,3223.7273735745957
61_20240830 15,3247.0130589784076
61_20240830 16,3225.113344865272
61_20240830 17,3191.7960036832233
61_20240830 18,2821.1431425961873
61_20240830 19,1967.2797809261797
61_20240830 20,1364.9936289487175
61_20240830 21,1084.7608122375925
61_20240830 22,1044.0207229896337
61_20240830 23,1059.6825616132655
61_20240831 00,988.5526020302223
61_20240831 01,953.0043539612443
61_20240831 02,943.8998498486117
61_20240831 03,923.2310754387998
61_20240831 04,925.0113663049292
61_20240831 05,908.3368852226587
61_20240831 06,880.2118500897998
61_20240831 07,1087.7313045846922
61_20240831 08,1714.0881257269425
61_20240831 09,3077.905738206306
61_20240831 10,3350.862626161872
61_20240831 11,3460.2575590500933
61_20240831 12,3463.981077283658
61_20240831 13,3489.9865093890335
61_20240831 14,3551.8343649800063
61_20240831 15,3598.5088889233916
61_20240831 16,3606.3880612729085
61_20240831 17,3526.333456721974
61_20240831 18,3181.132653476311
61_20240831 19,2289.1587833527715
61_20240831 20,1685.0787692669946
61_20240831 21,1266.36171217423
61_20240831 22,1079.16762854816
61_20240831 23,1041.506455214641
62_20240825 00,1569.275171546059
62_20240825 01,1560.860058384384
62_20240825 02,1552.3948796562313
62_20240825 03,1545.6917062195862
62_20240825 04,1529.1293130406655
62_20240825 05,1527.747561852437
62_20240825 06,1522.4426329647215
62_20240825 07,1546.0173824206836
62_20240825 08,1585.738078891368
62_20240825 09,1649.137332255421
62_20240825 10,1690.1475441673201
62_20240825 11,1712.7366337137478
62_20240825 12,1722.5130807039027
62_20240825 13,1744.3367292628543
62_20240825 14,1777.5186631187953
62_20240825 15,1786.1452599634863
62_20240825 16,1795.1211897427065
62_20240825 17,1785.337643054896
62_20240825 18,1763.5210312652166
62_20240825 19,1693.0941714226915
62_20240825 20,1660.3699298132215
62_20240825 21,1640.2400567817522
62_20240825 22,1607.5264766034154
62_20240825 23,1581.4988597428446
62_20240826 00,1588.0506583778902
62_20240826 01,1578.151561404103
62_20240826 02,1574.6784558027389
62_20240826 03,1559.520441558337
62_20240826 04,1551.559601453096
62_20240826 05,1553.2925169302234
62_20240826 06,1622.8003768986612
62_20240826 07,1967.4284081387227
62_20240826 08,2167.851246342774
62_20240826 09,2282.5569880325093
62_20240826 10,2370.9047379966614
62_20240826 11,2414.4750781138214
62_20240826 12,2467.5581772999885
62_20240826 13,2427.2285184464304
62_20240826 14,2470.367722742856
62_20240826 15,2601.8686366224074
62_20240826 16,2564.636813390064
62_20240826 17,2465.193843139556
62_20240826 18,2233.6911214072416
62_20240826 19,1950.9420295709465
62_20240826 20,1863.3177246739333
62_20240826 21,1801.2345664550726
62_20240826 22,1752.3196488262809
62_20240826 23,1684.2678021027357
62_20240827 00,1632.443807165524
62_20240827 01,1610.8361733163313
62_20240827 02,1598.1214212684833
62_20240827 03,1579.9703844543278
62_20240827 04,1567.5460797795458
62_20240827 05,1573.609593434191
62_20240827 06,1661.6287159854478
62_20240827 07,1995.5981523638184
62_20240827 08,2139.2384089007246
62_20240827 09,2258.039165280926
62_20240827 10,2345.539953143959
62_20240827 11,2336.2859941325432
62_20240827 12,2321.625173606306
62_20240827 13,2337.7866023889987
62_20240827 14,2376.049694001167
62_20240827 15,2339.86912728874
62_20240827 16,2345.482556116033
62_20240827 17,2250.3156519314816
62_20240827 18,2068.2098831030385
62_20240827 19,1861.8113445235704
62_20240827 20,1793.5338223691824
62_20240827 21,1711.2250850357668
62_20240827 22,1661.033071427636
62_20240827 23,1617.2116986920796
62_20240828 00,1579.6003469259738
62_20240828 01,1564.7148501159127
62_20240828 02,1551.8349860085448
62_20240828 03,1548.1185463198676
62_20240828 04,1527.9843574504953
62_20240828 05,1527.6746431777042
62_20240828 06,1577.8055967465311
62_20240828 07,1896.243170049273
62_20240828 08,2086.497605014706
62_20240828 09,2187.2878980963296
62_20240828 10,2288.786078143944
62_20240828 11,2364.543883307977
62_20240828 12,2297.437796073823
62_20240828 13,2336.8390379374828
62_20240828 14,2382.462506307728
62_20240828 15,2393.8101878315174
62_20240828 16,2380.1652685202357
62_20240828 17,2280.7448670037106
62_20240828 18,2099.8248263716314
62_20240828 19,1820.4662498882776
62_20240828 20,1743.4681456199576
62_20240828 21,1679.822881547439
62_20240828 22,1643.2512951254328
62_20240828 23,1583.5530846171928
62_20240829 00,1559.5503940450703
62_20240829 01,1547.7070427047738
62_20240829 02,1541.3755643775253
62_20240829 03,1532.4829049405266
62_20240829 04,1511.4990147304902
62_20240829 05,1521.0876272864082
62_20240829 06,1569.7727082111587
62_20240829 07,1890.055827035802
62_20240829 08,2073.465342729383
62_20240829 09,2194.8673194973935
62_20240829 10,2366.358180866174
62_20240829 11,2377.3690999260734
62_20240829 12,2354.962017343446
62_20240829 13,2382.4696229974443
62_20240829 14,2441.1784714587247
62_20240829 15,2441.1424389986305
62_20240829 16,2383.679363834784
62_20240829 17,2322.4138556531516
62_20240829 18,2124.381197465098
62_20240829 19,1818.5455669239795
62_20240829 20,1748.0878818315784
62_20240829 21,1696.152413606826
62_20240829 22,1642.1039128892476
62_20240829 23,1600.6491173943814
62_20240830 00,1562.5033762555795
62_20240830 01,1553.9257219436881
62_20240830 02,1551.4356169104358
62_20240830 03,1534.5361113266902
62_20240830 04,1521.8529685716126
62_20240830 05,1523.7909376191812
62_20240830 06,1569.9389423218827
62_20240830 07,1853.1682679373341
62_20240830 08,2068.5925495704496
62_20240830 09,2213.481983921059
62_20240830 10,2340.9503358998763
62_20240830 11,2363.449851894384
62_20240830 12,2308.136571670545
62_20240830 13,2323.49494163698
62_20240830 14,2369.8001925904223
62_20240830 15,2328.7951087897245
62_20240830 16,2325.977934207136
62_20240830 17,2219.1881865984533
62_20240830 18,2026.340704995145
62_20240830 19,1769.005847434078
62_20240830 20,1674.4565930330832
62_20240830 21,1631.035523669032
62_20240830 22,1602.9138125038464
62_20240830 23,1569.0185911501162
62_20240831 00,1545.7935513473321
62_20240831 01,1538.9606784345665
62_20240831 02,1529.8248824127782
62_20240831 03,1524.114472858928
62_20240831 04,1499.9633363637663
62_20240831 05,1496.140094790182
62_20240831 06,1489.1972153211814
62_20240831 07,1520.2972112431028
62_20240831 08,1579.6068846682547
62_20240831 09,1635.1367145931572
62_20240831 10,1696.8278311958663
62_20240831 11,1717.6649022591653
62_20240831 12,1712.3472572338396
62_20240831 13,1693.795991126476
62_20240831 14,1731.2737402100747
62_20240831 15,1737.221571607874
62_20240831 16,1724.99981328869
62_20240831 17,1716.5500372602633
62_20240831 18,1657.8986720060711
62_20240831 19,1610.0565934432443
62_20240831 20,1591.243802161001
62_20240831 21,1573.7838377627497
62_20240831 22,1547.3565387898518
62_20240831 23,1533.4512055440916
63_20240825 00,650.5889848090854
63_20240825 01,612.8005056027083
63_20240825 02,585.3210205282921
63_20240825 03,566.2072369696511
63_20240825 04,592.6343713995359
63_20240825 05,556.7915541906925
63_20240825 06,608.6686447461439
63_20240825 07,641.3751131511506
63_20240825 08,675.9238416865029
63_20240825 09,769.7267473715696
63_20240825 10,821.3984328042482
63_20240825 11,819.0035000123437
63_20240825 12,838.7441717835468
63_20240825 13,782.2226214830058
63_20240825 14,787.9005529198705
63_20240825 15,668.6615985292104
63_20240825 16,680.0164529929676
63_20240825 17,634.8122310385711
63_20240825 18,625.3375222090106
63_20240825 19,592.0039979107625
63_20240825 20,617.1178514624457
63_20240825 21,611.2608173215464
63_20240825 22,583.9510114417486
63_20240825 23,539.2345421420882
63_20240826 00,643.3362194838608
63_20240826 01,583.598800251918
63_20240826 02,555.7745576617638
63_20240826 03,542.7526559818407
63_20240826 04,598.0353042105718
63_20240826 05,640.1495647237523
63_20240826 06,803.5859849489923
63_20240826 07,1148.2364146480118
63_20240826 08,1318.3232494987792
63_20240826 09,1578.5012551908012
63_20240826 10,1848.956811385353
63_20240826 11,1878.9472983826172
63_20240826 12,1949.6605307716704
63_20240826 13,1944.1024359610944
63_20240826 14,1962.5755810580226
63_20240826 15,1929.651116511191
63_20240826 16,1906.9765519680927
63_20240826 17,1867.25409415402
63_20240826 18,1898.1319909316003
63_20240826 19,1806.334978702875
63_20240826 20,1759.7434417935156
63_20240826 21,1610.9349621585034
63_20240826 22,1144.6574543205277
63_20240826 23,827.1412365899456
63_20240827 00,644.270950161358
63_20240827 01,594.1573440900906
63_20240827 02,553.733592851908
63_20240827 03,554.0249648435308
63_20240827 04,600.6422256735453
63_20240827 05,627.8671804915559
63_20240827 06,775.5364996651506
63_20240827 07,1130.2366517002224
63_20240827 08,1276.833232009971
63_20240827 09,1523.9952379283968
63_20240827 10,1787.5505123539383
63_20240827 11,1791.7849024512743
63_20240827 12,1834.8395907648278
63_20240827 13,1879.0774432768671
63_20240827 14,1890.9841798649804
63_20240827 15,1880.4543183092435
63_20240827 16,1873.898353493359
63_20240827 17,1861.863720699141
63_20240827 18,1873.6257619763255
63_20240827 19,1781.4554301134892
63_20240827 20,1719.4315467778501
63_20240827 21,1538.375425139428
63_20240827 22,1136.0195936277016
63_20240827 23,836.2574122952092
63_20240828 00,647.7248151834115
63_20240828 01,580.4674000094253
63_20240828 02,532.0360036256109
63_20240828 03,535.4168436274333
63_20240828 04,595.4209924119917
63_20240828 05,638.8856632343486
63_20240828 06,795.0910692808284
63_20240828 07,1108.258963592825
63_20240828 08,1275.3194244869235
63_20240828 09,1509.5853300552744
63_20240828 10,1817.0420783696986
63_20240828 11,1861.6620994461314
63_20240828 12,1917.9140391199164
63_20240828 13,1913.3674960659193
63_20240828 14,1941.902882227468
63_20240828 15,1930.6076238183264
63_20240828 16,1927.0385833019832
63_20240828 17,1882.8738222900438
63_20240828 18,1901.218210725156
63_20240828 19,1817.0811191023072
63_20240828 20,1758.4126719283556
63_20240828 21,1617.4140651006226
63_20240828 22,1137.8509200934286
63_20240828 23,836.5457221976092
63_20240829 00,637.0760964034007
63_20240829 01,582.1957603486732
63_20240829 02,534.8343785272125
63_20240829 03,530.5998771262493
63_20240829 04,594.7038432986631
63_20240829 05,633.2511478172962
63_20240829 06,789.7855011035132
63_20240829 07,1107.0105504384323
63_20240829 08,1276.0466088954408
63_20240829 09,1506.087252755211
63_20240829 10,1828.5334796467714
63_20240829 11,1869.799863148805
63_20240829 12,1911.4342083705617
63_20240829 13,1926.8186354157199
63_20240829 14,1944.4038063965666
63_20240829 15,1911.8914727583024
63_20240829 16,1907.212192217561
63_20240829 17,1871.362420343688
63_20240829 18,1906.8181966861398
63_20240829 19,1862.9129391826855
63_20240829 20,1764.2125436505846
63_20240829 21,1583.837448575839
63_20240829 22,1129.9237049936053
63_20240829 23,827.9468516608432
63_20240830 00,639.3879541329279
63_20240830 01,585.1544867206693
63_20240830 02,544.5061971120816
63_20240830 03,540.6153705541803
63_20240830 04,600.2577512829732
63_20240830 05,642.8132014609773
63_20240830 06,801.8046573754134
63_20240830 07,1106.5661167384517
63_20240830 08,1280.87646614494
63_20240830 09,1529.56971060512
63_20240830 10,1842.6662372599903
63_20240830 11,1860.5724747744455
63_20240830 12,1914.0322877188642
63_20240830 13,1923.149714846136
63_20240830 14,1942.089035992929
63_20240830 15,1908.4429216123883
63_20240830 16,1895.7383758102849
63_20240830 17,1867.2765632255994
63_20240830 18,1874.6405011648255
63_20240830 19,1846.3836571562588
63_20240830 20,1755.1558634439414
63_20240830 21,1582.1914276895557
63_20240830 22,1177.0421032503464
63_20240830 23,876.4635541702773
63_20240831 00,661.6806915427995
63_20240831 01,591.4481253704524
63_20240831 02,546.7863149656874
63_20240831 03,542.194097324215
63_20240831 04,599.9280567036881
63_20240831 05,652.8433807525421
63_20240831 06,800.3371008197869
63_20240831 07,1080.728396517082
63_20240831 08,1277.257096969562
63_20240831 09,1491.1759109158766
63_20240831 10,1829.7339973045791
63_20240831 11,1892.8822910565937
63_20240831 12,1935.5377715672369
63_20240831 13,1964.430686264464
63_20240831 14,1993.5816370652874
63_20240831 15,1968.1930604799059
63_20240831 16,1965.78728094069
63_20240831 17,1920.2851193031784
63_20240831 18,1918.446204498477
63_20240831 19,1856.0815819093827
63_20240831 20,1805.189572699205
63_20240831 21,1594.779144471482
63_20240831 22,1182.132930327379
63_20240831 23,857.3434760398698
64_20240825 00,10955.48028802171
64_20240825 01,10948.904308865687
64_20240825 02,10936.166606544542
64_20240825 03,10935.842410542526
64_20240825 04,10918.503408938004
64_20240825 05,10857.077144314482
64_20240825 06,10802.132864512947
64_20240825 07,10741.247121812652
64_20240825 08,10700.86487062282
64_20240825 09,10736.023274687126
64_20240825 10,10727.377918433127
64_20240825 11,10683.387846838757
64_20240825 12,10632.86924615587
64_20240825 13,10602.804507827816
64_20240825 14,10652.775227063226
64_20240825 15,10729.19681813781
64_20240825 16,10754.400487148523
64_20240825 17,10765.429580904007
64_20240825 18,10783.465360402952
64_20240825 19,10747.39788986732
64_20240825 20,10769.32280660759
64_20240825 21,10764.009068216305
64_20240825 22,10764.213249335677
64_20240825 23,10778.029179878278
64_20240826 00,10705.969246841072
64_20240826 01,10703.84639263511
64_20240826 02,10703.138765811438
64_20240826 03,10692.46953425181
64_20240826 04,10669.672824844878
64_20240826 05,10656.0432216415
64_20240826 06,10640.76761234286
64_20240826 07,10640.509990945087
64_20240826 08,10624.469250099735
64_20240826 09,11135.4296981987
64_20240826 10,11410.877240271648
64_20240826 11,11411.964924522477
64_20240826 12,10942.875426506667
64_20240826 13,11033.145341514972
64_20240826 14,11200.714240207584
64_20240826 15,11790.528106312633
64_20240826 16,11872.434291473786
64_20240826 17,11561.322215035882
64_20240826 18,11308.521823338757
64_20240826 19,11301.981643594185
64_20240826 20,11156.696351244775
64_20240826 21,11116.949077776473
64_20240826 22,11126.01503848542
64_20240826 23,11039.87019469037
64_20240827 00,10923.293308907836
64_20240827 01,10897.198670728065
64_20240827 02,10903.985264551799
64_20240827 03,10895.284939941012
64_20240827 04,10881.85848809328
64_20240827 05,10872.26246642081
64_20240827 06,10853.223373446985
64_20240827 07,10845.394883405472
64_20240827 08,10843.396040100131
64_20240827 09,11400.970522270341
64_20240827 10,11811.36082276742
64_20240827 11,11631.968865759496
64_20240827 12,11219.327478702067
64_20240827 13,11013.445080295274
64_20240827 14,11400.048791107525
64_20240827 15,11714.436171258692
64_20240827 16,11738.984650190643
64_20240827 17,11661.219485912816
64_20240827 18,11326.5023833902
64_20240827 19,11224.729533910246
64_20240827 20,11205.227063588018
64_20240827 21,11158.94821905127
64_20240827 22,11147.565117478134
64_20240827 23,11125.23487462992
64_20240828 00,11066.504251023307
64_20240828 01,11054.0135096693
64_20240828 02,11026.16088455683
64_20240828 03,10989.369197372986
64_20240828 04,10964.564100233405
64_20240828 05,10941.474233472301
64_20240828 06,10931.417455466335
64_20240828 07,10934.398388681235
64_20240828 08,10898.223723634568
64_20240828 09,11364.844924972196
64_20240828 10,11821.420469612982
64_20240828 11,11600.552941199301
64_20240828 12,11094.345428274317
64_20240828 13,11008.266246178986
64_20240828 14,11634.424730743274
64_20240828 15,11962.1115517266
64_20240828 16,11982.93469697061
64_20240828 17,12056.971531403795
64_20240828 18,11389.456003758623
64_20240828 19,11128.55089747277
64_20240828 20,11123.024675839908
64_20240828 21,11169.33401344392
64_20240828 22,11144.058443202197
64_20240828 23,11038.364834524496
64_20240829 00,11039.204433262856
64_20240829 01,11018.72130958674
64_20240829 02,10996.10112617739
64_20240829 03,10926.14642541222
64_20240829 04,10919.270334786448
64_20240829 05,10906.708754246945
64_20240829 06,10877.358706081355
64_20240829 07,10863.21139764253
64_20240829 08,10853.167613342735
64_20240829 09,11524.637313922613
64_20240829 10,11760.292425228108
64_20240829 11,11555.216076440645
64_20240829 12,10952.853811809684
64_20240829 13,11004.706374078916
64_20240829 14,11720.13429725246
64_20240829 15,11640.601241927337
64_20240829 16,11584.181082967549
64_20240829 17,11781.461811230696
64_20240829 18,11351.670322387992
64_20240829 19,11129.930991349966
64_20240829 20,11067.54473661342
64_20240829 21,11053.729231955118
64_20240829 22,11049.148340091997
64_20240829 23,11021.413676876038
64_20240830 00,10958.87221776701
64_20240830 01,10893.843263787567
64_20240830 02,10883.636637675078
64_20240830 03,10857.057458396801
64_20240830 04,10845.056692584261
64_20240830 05,10812.826319770746
64_20240830 06,10811.883113097592
64_20240830 07,10736.217608787034
64_20240830 08,10738.86057240954
64_20240830 09,11298.880237817595
64_20240830 10,11688.037245169879
64_20240830 11,11704.441722496962
64_20240830 12,11205.092797653748
64_20240830 13,11183.610967379353
64_20240830 14,11469.74333185304
64_20240830 15,11863.327665809169
64_20240830 16,11941.774945291703
64_20240830 17,11847.78938695071
64_20240830 18,11700.255050885899
64_20240830 19,11474.38864764448
64_20240830 20,11131.272332966142
64_20240830 21,11104.590350753972
64_20240830 22,11092.34035347774
64_20240830 23,11073.751025103316
64_20240831 00,10920.705631786695
64_20240831 01,10913.159947655868
64_20240831 02,10873.887452523173
64_20240831 03,10869.091820460959
64_20240831 04,10861.845034934786
64_20240831 05,10855.793024777566
64_20240831 06,10820.732862286157
64_20240831 07,10784.986349957886
64_20240831 08,10726.971350667745
64_20240831 09,10961.26825337572
64_20240831 10,10982.28672503095
64_20240831 11,10886.227184293783
64_20240831 12,10780.86794916654
64_20240831 13,10650.133471306426
64_20240831 14,10621.330851275674
64_20240831 15,10671.52130832726
64_20240831 16,10738.661232241695
64_20240831 17,10786.093110637636
64_20240831 18,10784.65203126116
64_20240831 19,10782.039012631392
64_20240831 20,10797.911472163898
64_20240831 21,10786.0983290387
64_20240831 22,10759.301826802764
64_20240831 23,10763.204096687834
65_20240825 00,35.898547654914935
65_20240825 01,29.180164340790256
65_20240825 02,24.371386893629776
65_20240825 03,22.20407884147436
65_20240825 04,21.180498403163497
65_20240825 05,18.82116266244934
65_20240825 06,19.52713138341724
65_20240825 07,25.109654378050042
65_20240825 08,34.44686642148556
65_20240825 09,49.984989033879906
65_20240825 10,56.18617451660336
65_20240825 11,54.15565190980921
65_20240825 12,51.598148252131
65_20240825 13,45.46057767576882
65_20240825 14,41.50594673989097
65_20240825 15,37.1363644076418
65_20240825 16,37.35102157123923
65_20240825 17,41.733080339784294
65_20240825 18,45.148258999121275
65_20240825 19,51.28445188379433
65_20240825 20,60.65264852211578
65_20240825 21,61.86707532639797
65_20240825 22,59.558462636530955
65_20240825 23,45.73972104391677
65_20240826 00,34.88413361778211
65_20240826 01,27.243195814172893
65_20240826 02,22.919887439891994
65_20240826 03,21.709761151197313
65_20240826 04,21.027297064719193
65_20240826 05,20.165450964582575
65_20240826 06,29.203358235239627
65_20240826 07,57.82479433567562
65_20240826 08,51.96092428821012
65_20240826 09,41.09416765573865
65_20240826 10,36.774742284964425
65_20240826 11,32.802056434020066
65_20240826 12,30.724489194648463
65_20240826 13,31.0983931134011
65_20240826 14,29.591089241298164
65_20240826 15,28.050843366136863
65_20240826 16,28.51362066019393
65_20240826 17,32.82836719484234
65_20240826 18,38.53281842572749
65_20240826 19,46.172946765946776
65_20240826 20,57.25659917813975
65_20240826 21,60.18493802264547
65_20240826 22,58.56466426609783
65_20240826 23,47.569265306658586
65_20240827 00,34.391881615305095
65_20240827 01,26.87272447168966
65_20240827 02,22.750140553173754
65_20240827 03,20.959032107645335
65_20240827 04,20.38210386203374
65_20240827 05,19.14016237793951
65_20240827 06,26.09114603769848
65_20240827 07,52.97087931756236
65_20240827 08,49.52083284075677
65_20240827 09,37.08180658998805
65_20240827 10,34.09204191280345
65_20240827 11,30.864474394497897
65_20240827 12,29.274142791249815
65_20240827 13,29.596861493496473
65_20240827 14,26.84835581203826
65_20240827 15,26.476551646208033
65_20240827 16,27.38714921640627
65_20240827 17,32.10087379427493
65_20240827 18,37.58618667407655
65_20240827 19,46.23516887799708
65_20240827 20,58.10171599228454
65_20240827 21,60.06579501854178
65_20240827 22,58.40083613523845
65_20240827 23,49.59377797699001
65_20240828 00,35.751902985892656
65_20240828 01,27.20090839876437
65_20240828 02,22.86734354995015
65_20240828 03,21.65902672076215
65_20240828 04,20.417124287146223
65_20240828 05,19.671180929493275
65_20240828 06,27.216459620016117
65_20240828 07,54.20353915631355
65_20240828 08,50.724984023131135
65_20240828 09,37.667994116820935
65_20240828 10,33.07347337433963
65_20240828 11,30.349238561973348
65_20240828 12,29.376006006116786
65_20240828 13,27.993806352616005
65_20240828 14,26.937398708282693
65_20240828 15,26.435071134381825
65_20240828 16,27.914132929178297
65_20240828 17,31.28761739034922
65_20240828 18,37.914848417410894
65_20240828 19,46.310063949178655
65_20240828 20,54.0360530433616
65_20240828 21,58.89898215885585
65_20240828 22,57.72311701092556
65_20240828 23,46.55221913026468
65_20240829 00,35.7377784142441
65_20240829 01,27.205143723552663
65_20240829 02,22.89834477264354
65_20240829 03,20.763339836970708
65_20240829 04,20.538381330879034
65_20240829 05,19.110424219484635
65_20240829 06,25.737149117616873
65_20240829 07,52.15692049903038
65_20240829 08,48.84545588128499
65_20240829 09,39.66795032519376
65_20240829 10,35.162842388916815
65_20240829 11,32.55493399690792
65_20240829 12,30.16801823995306
65_20240829 13,29.082993236360988
65_20240829 14,27.51906480217559
65_20240829 15,27.14350138097268
65_20240829 16,27.622444115199205
65_20240829 17,31.956864414210443
65_20240829 18,37.84351222108873
65_20240829 19,44.97343877776238
65_20240829 20,53.431538653522885
65_20240829 21,58.48485794388122
65_20240829 22,57.766769018602886
65_20240829 23,47.90455024537509
65_20240830 00,35.41109919969191
65_20240830 01,27.11602765110965
65_20240830 02,22.962240254888588
65_20240830 03,20.649849000044377
65_20240830 04,20.68006123357559
65_20240830 05,19.111983040286045
65_20240830 06,26.118574853879654
65_20240830 07,53.22113628293115
65_20240830 08,50.48069133644073
65_20240830 09,39.279809511279886
65_20240830 10,34.511623129791076
65_20240830 11,31.58588415549947
65_20240830 12,29.8743031093194
65_20240830 13,29.3013766291985
65_20240830 14,28.041131475780766
65_20240830 15,26.872554394882986
65_20240830 16,28.2834768658644
65_20240830 17,31.11320883818357
65_20240830 18,36.88786443690995
65_20240830 19,43.15371613398811
65_20240830 20,49.72190300620016
65_20240830 21,51.87607865760839
65_20240830 22,51.95839491973447
65_20240830 23,45.270535208464075
65_20240831 00,37.35395291589292
65_20240831 01,29.170326738230678
65_20240831 02,24.264916051310514
65_20240831 03,22.557783641361645
65_20240831 04,21.288011995831024
65_20240831 05,19.664255802233814
65_20240831 06,20.3722627038873
65_20240831 07,28.562869991381618
65_20240831 08,41.77274899425514
65_20240831 09,52.67526748091975
65_20240831 10,54.27335323074395
65_20240831 11,49.75218405055294
65_20240831 12,43.36290847325637
65_20240831 13,39.7324144001964
65_20240831 14,37.690281361703526
65_20240831 15,33.41209214790706
65_20240831 16,33.68659459353905
65_20240831 17,34.03497656501739
65_20240831 18,37.85288546897523
65_20240831 19,40.414672043766004
65_20240831 20,46.23595469527299
65_20240831 21,49.52505401649489
65_20240831 22,49.490976294657614
65_20240831 23,43.924250452363424
66_20240825 00,1615.7371406084217
66_20240825 01,1619.8537627029605
66_20240825 02,1570.3786410739676
66_20240825 03,1598.419413745677
66_20240825 04,1575.8770563572598
66_20240825 05,1580.750272089703
66_20240825 06,1641.564721036967
66_20240825 07,1692.0638283384392
66_20240825 08,1828.9812873598762
66_20240825 09,2351.6911814204996
66_20240825 10,2428.0347579192767
66_20240825 11,2354.695334886784
66_20240825 12,2367.0171091441334
66_20240825 13,2333.9670078612867
66_20240825 14,2341.3701218985534
66_20240825 15,2384.147082268818
66_20240825 16,2470.5385936006687
66_20240825 17,2478.903522202479
66_20240825 18,2153.3366414174125
66_20240825 19,1756.168805128173
66_20240825 20,1806.7593983465697
66_20240825 21,1795.165993995572
66_20240825 22,1682.4352368068628
66_20240825 23,1598.2480193621436
66_20240826 00,1633.4937346156332
66_20240826 01,1640.4946600590442
66_20240826 02,1608.3782896099956
66_20240826 03,1633.1548335334696
66_20240826 04,1630.8082810988828
66_20240826 05,1655.8165590574304
66_20240826 06,1895.7149877529437
66_20240826 07,2573.988732299619
66_20240826 08,2948.689229996571
66_20240826 09,3052.3445373315494
66_20240826 10,3003.5419969119002
66_20240826 11,3010.7548865987833
66_20240826 12,3013.8595904575286
66_20240826 13,3092.5009788514576
66_20240826 14,3057.1318974026744
66_20240826 15,3095.1801999072795
66_20240826 16,3097.4996332243636
66_20240826 17,3125.741615568064
66_20240826 18,3073.3031640603967
66_20240826 19,2883.831339214995
66_20240826 20,2773.583735487242
66_20240826 21,2722.3645208289563
66_20240826 22,2199.8069357368204
66_20240826 23,1643.5756272369554
66_20240827 00,1640.0994815612517
66_20240827 01,1701.7394449712197
66_20240827 02,1677.3775012371807
66_20240827 03,1709.3453773151698
66_20240827 04,1633.542655273103
66_20240827 05,1713.2038041537544
66_20240827 06,1935.9255150366496
66_20240827 07,2556.88897489749
66_20240827 08,2932.200003551387
66_20240827 09,3010.5603020395133
66_20240827 10,2981.8388750363765
66_20240827 11,2977.505327280921
66_20240827 12,2971.591292383321
66_20240827 13,3054.3283516433557
66_20240827 14,3033.6547542310914
66_20240827 15,3025.6446232705493
66_20240827 16,3013.778492252172
66_20240827 17,3041.336158681336
66_20240827 18,3010.905918108453
66_20240827 19,2818.4111182103634
66_20240827 20,2710.425398139306
66_20240827 21,2636.5700594203718
66_20240827 22,2131.680582771495
66_20240827 23,1630.825367489888
66_20240828 00,1563.8267688604133
66_20240828 01,1578.5200756583308
66_20240828 02,1543.5378753678367
66_20240828 03,1532.6901685922794
66_20240828 04,1551.1561255284387
66_20240828 05,1588.491429583329
66_20240828 06,1762.2778333515826
66_20240828 07,2441.2073869447504
66_20240828 08,2851.947262021728
66_20240828 09,2941.307007069637
66_20240828 10,2942.9344861786876
66_20240828 11,2950.1118247255686
66_20240828 12,2962.6844409123723
66_20240828 13,3013.9108016038745
66_20240828 14,3023.01869638982
66_20240828 15,3029.1891608437563
66_20240828 16,3057.135423074868
66_20240828 17,3059.7647201352743
66_20240828 18,2995.9573046350506
66_20240828 19,2537.587545505213
66_20240828 20,2203.7119178398734
66_20240828 21,2146.534560269675
66_20240828 22,1984.8598500012874
66_20240828 23,1644.2496186944763
66_20240829 00,1586.925370002883
66_20240829 01,1600.6927710060677
66_20240829 02,1594.9197248709859
66_20240829 03,1587.499201483217
66_20240829 04,1556.2886291294767
66_20240829 05,1602.327945946309
66_20240829 06,1850.1200016014889
66_20240829 07,2477.6944182130624
66_20240829 08,2894.1987528600503
66_20240829 09,2983.899304921421
66_20240829 10,2951.813217793818
66_20240829 11,2953.2771073395934
66_20240829 12,2930.6174832726338
66_20240829 13,3040.015994831287
66_20240829 14,3057.0190409565357
66_20240829 15,3008.734344543633
66_20240829 16,3039.17630803487
66_20240829 17,3054.384130816442
66_20240829 18,3032.0778590919217
66_20240829 19,2805.7401362901765
66_20240829 20,2686.590487892632
66_20240829 21,2604.5501777589093
66_20240829 22,2146.9793772159883
66_20240829 23,1677.7985369373018
66_20240830 00,1582.4106933919693
66_20240830 01,1600.3252119215422
66_20240830 02,1551.0855306428418
66_20240830 03,1574.6115909167393
66_20240830 04,1627.5063340165727
66_20240830 05,1617.3552719377958
66_20240830 06,1777.2545808026498
66_20240830 07,2439.8750972021753
66_20240830 08,2820.6345022956016
66_20240830 09,2894.877214226014
66_20240830 10,2879.593986917771
66_20240830 11,2883.6948855947703
66_20240830 12,2887.202620460298
66_20240830 13,2979.7326775878237
66_20240830 14,2977.5404156790096
66_20240830 15,2955.8787414059707
66_20240830 16,2965.7057978257335
66_20240830 17,3002.258436780323
66_20240830 18,2912.3348845746204
66_20240830 19,2656.7966855716536
66_20240830 20,2517.9760614174647
66_20240830 21,2456.9237764554828
66_20240830 22,2013.2717450523458
66_20240830 23,1549.6564450171081
66_20240831 00,1553.2038197046613
66_20240831 01,1546.2731566672092
66_20240831 02,1521.756026585212
66_20240831 03,1502.0698387787984
66_20240831 04,1499.8363709677842
66_20240831 05,1504.903940805641
66_20240831 06,1525.1774225188115
66_20240831 07,1550.2316774660162
66_20240831 08,1613.7923599240075
66_20240831 09,2187.770449789939
66_20240831 10,2248.0991630521703
66_20240831 11,2322.4981646245806
66_20240831 12,2337.8113155715855
66_20240831 13,2340.0135997987104
66_20240831 14,2387.003028808761
66_20240831 15,2397.259249848894
66_20240831 16,2429.7354268998874
66_20240831 17,2480.720860980853
66_20240831 18,2095.4696321333404
66_20240831 19,1728.9168875800615
66_20240831 20,1701.4225352933368
66_20240831 21,1679.3038627528597
66_20240831 22,1674.2616305816941
66_20240831 23,1568.8129627935473
67_20240825 00,10726.222945029587
67_20240825 01,10750.501716172093
67_20240825 02,10723.130741051305
67_20240825 03,10718.18202077367
67_20240825 04,10703.347917179843
67_20240825 05,10689.370956039627
67_20240825 06,10693.389411891309
67_20240825 07,10691.250071950417
67_20240825 08,10705.604559238393
67_20240825 09,10720.292205926358
67_20240825 10,10716.829426449623
67_20240825 11,10725.219684739839
67_20240825 12,10759.930373952848
67_20240825 13,10760.55117408618
67_20240825 14,10791.015531212648
67_20240825 15,10819.542966720113
67_20240825 16,10779.589632308453
67_20240825 17,10792.900871163081
67_20240825 18,10793.46687824651
67_20240825 19,10780.500993984255
67_20240825 20,10801.60817061558
67_20240825 21,10783.105394216014
67_20240825 22,10765.302351771385
67_20240825 23,10760.896045710644
67_20240826 00,10764.287021072036
67_20240826 01,10760.236140787702
67_20240826 02,10753.453776428236
67_20240826 03,10752.501519555783
67_20240826 04,10751.824933637898
67_20240826 05,10763.97369899837
67_20240826 06,11002.87232064839
67_20240826 07,11119.17416562349
67_20240826 08,11137.052506013275
67_20240826 09,11237.371705935115
67_20240826 10,11396.050894271964
67_20240826 11,11381.808277500097
67_20240826 12,11398.412494635444
67_20240826 13,11392.671751057138
67_20240826 14,11476.364556149972
67_20240826 15,11426.596694370463
67_20240826 16,11254.048667055908
67_20240826 17,11221.850533084387
67_20240826 18,11130.855451119267
67_20240826 19,11054.11226092338
67_20240826 20,10938.698180411819
67_20240826 21,10938.296985846431
67_20240826 22,10880.078561052167
67_20240826 23,10867.005766564414
67_20240827 00,10840.190663911271
67_20240827 01,10836.631790616353
67_20240827 02,10826.912856971623
67_20240827 03,10808.23740481181
67_20240827 04,10803.07120763832
67_20240827 05,10816.621633661927
67_20240827 06,11046.331849925891
67_20240827 07,11159.422070403882
67_20240827 08,11173.225968435672
67_20240827 09,11246.970856981938
67_20240827 10,11338.8199613638
67_20240827 11,11337.4528892721
67_20240827 12,11336.019394448827
67_20240827 13,11366.641362233368
67_20240827 14,11430.83169994241
67_20240827 15,11397.76700744491
67_20240827 16,11393.713310224477
67_20240827 17,11346.927099594548
67_20240827 18,11114.75902996947
67_20240827 19,11048.152517733002
67_20240827 20,10940.693567683229
67_20240827 21,10928.743167657598
67_20240827 22,10865.999679639463
67_20240827 23,10867.07151355088
67_20240828 00,10817.12712980052
67_20240828 01,10815.884272931518
67_20240828 02,10819.14580879211
67_20240828 03,10809.25914286709
67_20240828 04,10811.477201466729
67_20240828 05,10819.368417253985
67_20240828 06,11048.42041068947
67_20240828 07,11142.652239578998
67_20240828 08,11152.083057977336
67_20240828 09,11311.924618105604
67_20240828 10,11314.745562343978
67_20240828 11,11314.59587069927
67_20240828 12,11314.37317990007
67_20240828 13,11347.394547366508
67_20240828 14,11383.389317454745
67_20240828 15,11397.86038812796
67_20240828 16,11331.567863709419
67_20240828 17,11300.575469801739
67_20240828 18,11098.62752407891
67_20240828 19,10983.730699552476
67_20240828 20,10840.881849119298
67_20240828 21,10810.14512243255
67_20240828 22,10801.74328549103
67_20240828 23,10801.327520484312
67_20240829 00,10786.043319790655
67_20240829 01,10829.164825761094
67_20240829 02,10766.34905956755
67_20240829 03,10781.204928582425
67_20240829 04,10767.293682270334
67_20240829 05,10788.48079679152
67_20240829 06,11019.002061860589
67_20240829 07,11088.358325210573
67_20240829 08,11109.729606407322
67_20240829 09,11240.268573954556
67_20240829 10,11285.73260885233
67_20240829 11,11299.354442759097
67_20240829 12,11246.463037777881
67_20240829 13,11307.166989396093
67_20240829 14,11361.62220276295
67_20240829 15,11311.4038752045
67_20240829 16,11234.053292277607
67_20240829 17,11239.388118957286
67_20240829 18,11055.37430556672
67_20240829 19,10937.564114166109
67_20240829 20,10866.21545865633
67_20240829 21,10836.21048134379
67_20240829 22,10802.129116232254
67_20240829 23,10738.774656310186
67_20240830 00,10591.33146453977
67_20240830 01,10615.305039489733
67_20240830 02,10610.113332574558
67_20240830 03,10611.694349282508
67_20240830 04,10611.167205258143
67_20240830 05,10589.666966728177
67_20240830 06,10761.061758030472
67_20240830 07,10856.111999709023
67_20240830 08,10903.641244616214
67_20240830 09,10999.190033230048
67_20240830 10,11136.930455278562
67_20240830 11,11065.987581304678
67_20240830 12,11132.724396125122
67_20240830 13,11219.78535599928
67_20240830 14,11221.95382458729
67_20240830 15,11232.725910542304
67_20240830 16,11235.551991945078
67_20240830 17,11203.418584144521
67_20240830 18,10873.552329643335
67_20240830 19,10792.543846983408
67_20240830 20,10669.589493928637
67_20240830 21,10642.192146788053
67_20240830 22,10642.42799826321
67_20240830 23,10633.76356718164
67_20240831 00,10572.510103204513
67_20240831 01,10568.29517450148
67_20240831 02,10562.547273508702
67_20240831 03,10549.775973221564
67_20240831 04,10552.389190908943
67_20240831 05,10539.458284088056
67_20240831 06,10540.339006381811
67_20240831 07,10527.12341520693
67_20240831 08,10529.237169323915
67_20240831 09,10571.633897825137
67_20240831 10,10555.006625608066
67_20240831 11,10567.436000901944
67_20240831 12,10618.973298275077
67_20240831 13,10662.820249950331
67_20240831 14,10667.60523366131
67_20240831 15,10685.470290192825
67_20240831 16,10664.046932081093
67_20240831 17,10661.954938597775
67_20240831 18,10641.24995429433
67_20240831 19,10657.874766120018
67_20240831 20,10642.115953020395
67_20240831 21,10642.851147740364
67_20240831 22,10643.843866007535
67_20240831 23,10639.953906115654
68_20240825 00,1991.3569064417393
68_20240825 01,1993.1408346030867
68_20240825 02,1903.383360528803
68_20240825 03,1758.9735409691525
68_20240825 04,1777.9862671555384
68_20240825 05,1639.4216525358338
68_20240825 06,1614.4315199063246
68_20240825 07,1411.5739209718975
68_20240825 08,1423.6862491825423
68_20240825 09,1584.3185076836317
68_20240825 10,1641.4667608802022
68_20240825 11,1643.1288462261655
68_20240825 12,1665.6239466231018
68_20240825 13,1676.2929809705993
68_20240825 14,1685.2028801608087
68_20240825 15,1704.5694907194456
68_20240825 16,1702.9265029809649
68_20240825 17,1668.7200467904281
68_20240825 18,1556.4024020500183
68_20240825 19,1442.8265233541836
68_20240825 20,1477.8978025722326
68_20240825 21,1471.466446692746
68_20240825 22,1812.5272622697473
68_20240825 23,1687.8424637868445
68_20240826 00,1760.7740845850847
68_20240826 01,1774.6756009740247
68_20240826 02,1780.4956619347154
68_20240826 03,1694.6493635298161
68_20240826 04,1672.0461029740404
68_20240826 05,1596.4355384804398
68_20240826 06,1648.1319329562198
68_20240826 07,2034.693676550229
68_20240826 08,2655.4199441346855
68_20240826 09,2999.876536531703
68_20240826 10,3282.0162675443444
68_20240826 11,3428.5075577676243
68_20240826 12,3382.6416472190645
68_20240826 13,3478.712288011742
68_20240826 14,3472.7998365273593
68_20240826 15,3488.9729912015086
68_20240826 16,3464.077166099409
68_20240826 17,3277.852552915722
68_20240826 18,2324.369298706086
68_20240826 19,1904.546400015971
68_20240826 20,1766.1746333378906
68_20240826 21,1712.6820977162693
68_20240826 22,2096.8279988826944
68_20240826 23,2273.8504549615054
68_20240827 00,2336.9109699699284
68_20240827 01,2319.0795261240173
68_20240827 02,2307.244788119725
68_20240827 03,2229.301201081794
68_20240827 04,2232.2293155502734
68_20240827 05,2224.200994265723
68_20240827 06,2215.4562693689227
68_20240827 07,2086.7173179851316
68_20240827 08,2686.88200828178
68_20240827 09,3021.0087755357954
68_20240827 10,3205.1260906860716
68_20240827 11,3284.2035813271405
68_20240827 12,3222.847622163251
68_20240827 13,3362.0887238277437
68_20240827 14,3454.9799717805217
68_20240827 15,3423.103794485619
68_20240827 16,3373.506771766757
68_20240827 17,3154.442165840582
68_20240827 18,2387.094150470592
68_20240827 19,2058.4862973965137
68_20240827 20,1869.9611251817091
68_20240827 21,1749.5893402896338
68_20240827 22,2017.555355598648
68_20240827 23,2159.648109825956
68_20240828 00,2208.6348279007525
68_20240828 01,2210.9060099624867
68_20240828 02,2131.618094244015
68_20240828 03,2087.3198815234628
68_20240828 04,2087.709931632316
68_20240828 05,2074.7835325228507
68_20240828 06,2177.8890179435084
68_20240828 07,2100.9046344979797
68_20240828 08,2523.15464799744
68_20240828 09,2986.235633003476
68_20240828 10,3178.3071178683713
68_20240828 11,3257.974817194261
68_20240828 12,3311.787470317115
68_20240828 13,3344.432260746812
68_20240828 14,3353.0434108821155
68_20240828 15,3417.839245167621
68_20240828 16,3401.503026950775
68_20240828 17,3137.8718534158916
68_20240828 18,2339.8547840556525
68_20240828 19,1818.4304994822985
68_20240828 20,1761.5205227771348
68_20240828 21,1691.5584868308054
68_20240828 22,2057.026344507446
68_20240828 23,2196.301999004449
68_20240829 00,2201.8434568707553
68_20240829 01,2190.5682856064886
68_20240829 02,2109.290942282564
68_20240829 03,1986.094431959562
68_20240829 04,1968.89160289145
68_20240829 05,1982.123208133058
68_20240829 06,2025.6139080173773
68_20240829 07,2014.817821132673
68_20240829 08,2508.2719229541017
68_20240829 09,2916.1848615022686
68_20240829 10,3097.618338760193
68_20240829 11,3210.3367341864055
68_20240829 12,3265.316498267276
68_20240829 13,3372.097253839237
68_20240829 14,3359.9462903655813
68_20240829 15,3378.2907061545393
68_20240829 16,3354.730011129622
68_20240829 17,3060.2121492493548
68_20240829 18,2208.2438255470097
68_20240829 19,1689.7969300533985
68_20240829 20,1561.8196151701948
68_20240829 21,1512.9788533114815
68_20240829 22,2037.6730577645333
68_20240829 23,2115.25922302081
68_20240830 00,2094.06295557257
68_20240830 01,2047.562642501943
68_20240830 02,1860.294087931349
68_20240830 03,1656.3743709557152
68_20240830 04,1669.760790849725
68_20240830 05,1690.1567905666311
68_20240830 06,1909.822674693956
68_20240830 07,1941.7108834433645
68_20240830 08,2521.374898206015
68_20240830 09,2865.9865291466963
68_20240830 10,3142.415929797853
68_20240830 11,3260.907588593038
68_20240830 12,3225.7187261827476
68_20240830 13,3346.9231029193643
68_20240830 14,3343.30252570266
68_20240830 15,3338.2301613682694
68_20240830 16,3325.6976327744715
68_20240830 17,3130.968412797137
68_20240830 18,2178.2417563207955
68_20240830 19,1734.373440908095
68_20240830 20,1638.3457326866126
68_20240830 21,1503.681270857794
68_20240830 22,1828.423203923004
68_20240830 23,1969.4085952015168
68_20240831 00,1942.025696231366
68_20240831 01,1983.0333823433173
68_20240831 02,1888.439594849608
68_20240831 03,1783.2971323992438
68_20240831 04,1784.6456336504289
68_20240831 05,1744.1518154733537
68_20240831 06,1708.438792479751
68_20240831 07,1673.232417766787
68_20240831 08,1476.0928853579424
68_20240831 09,1531.6519779492291
68_20240831 10,1589.5451540224972
68_20240831 11,1591.9795516147046
68_20240831 12,1587.622414791998
68_20240831 13,1609.6166871184357
68_20240831 14,1626.789983947702
68_20240831 15,1642.8608119139112
68_20240831 16,1656.5034004873974
68_20240831 17,1617.2523049763568
68_20240831 18,1481.3571125783187
68_20240831 19,1389.111732539483
68_20240831 20,1411.6648918051742
68_20240831 21,1404.5228201370023
68_20240831 22,1781.1955059158665
68_20240831 23,1926.5241057321161
69_20240825 00,7595.563825451423
69_20240825 01,7488.918470141525
69_20240825 02,7486.858795776304
69_20240825 03,7462.299206952405
69_20240825 04,7459.734587023745
69_20240825 05,7442.634579820525
69_20240825 06,7424.314722426328
69_20240825 07,7426.553837997464
69_20240825 08,7401.26183741173
69_20240825 09,7561.852650158398
69_20240825 10,7642.741282181724
69_20240825 11,7677.220460541089
69_20240825 12,7871.195276585585
69_20240825 13,7846.969972941514
69_20240825 14,7844.968805829283
69_20240825 15,7855.89982171586
69_20240825 16,7987.910439162308
69_20240825 17,8064.565985616103
69_20240825 18,7942.423048233803
69_20240825 19,7885.152715509314
69_20240825 20,7844.418513065533
69_20240825 21,7818.188454065507
69_20240825 22,7709.321498845715
69_20240825 23,7578.703498766552
69_20240826 00,7642.694418922027
69_20240826 01,7614.777259516249
69_20240826 02,7527.633095262034
69_20240826 03,7521.67371996246
69_20240826 04,7489.109879259469
69_20240826 05,7563.599975311114
69_20240826 06,8374.115721864768
69_20240826 07,9253.09941298379
69_20240826 08,9702.310842200628
69_20240826 09,9978.308818657493
69_20240826 10,9991.413512697683
69_20240826 11,9992.326635904203
69_20240826 12,10040.835475981898
69_20240826 13,9980.74029874514
69_20240826 14,9942.297104868156
69_20240826 15,9929.072125260644
69_20240826 16,10040.945472954012
69_20240826 17,9929.072044208016
69_20240826 18,9439.436721631642
69_20240826 19,9071.421758350112
69_20240826 20,8650.178989915763
69_20240826 21,8258.408186950845
69_20240826 22,7882.0160375236665
69_20240826 23,7662.577901383395
69_20240827 00,7684.677674338519
69_20240827 01,7559.319113936205
69_20240827 02,7568.815334863249
69_20240827 03,7420.529220068218
69_20240827 04,7451.000581401118
69_20240827 05,7480.85418585903
69_20240827 06,8335.493085058322
69_20240827 07,9200.855304768833
69_20240827 08,9473.59058864853
69_20240827 09,9868.41264298692
69_20240827 10,9853.166654539753
69_20240827 11,9760.514543343497
69_20240827 12,9771.74756861843
69_20240827 13,9905.970281517795
69_20240827 14,9811.144356362925
69_20240827 15,9804.772548136665
69_20240827 16,9725.487645299083
69_20240827 17,9737.827364150746
69_20240827 18,9180.46911466089
69_20240827 19,8744.630303405957
69_20240827 20,8387.994433848131
69_20240827 21,8066.4818183982925
69_20240827 22,7543.741267289038
69_20240827 23,7168.09850557306
69_20240828 00,7111.170014493696
69_20240828 01,7070.838580727325
69_20240828 02,7045.558289164542
69_20240828 03,6983.94375662279
69_20240828 04,6954.029021240591
69_20240828 05,6920.386178113893
69_20240828 06,7669.725220098405
69_20240828 07,8557.266394380176
69_20240828 08,8998.62057825815
69_20240828 09,9466.254055351721
69_20240828 10,9748.663664288162
69_20240828 11,9680.16007512055
69_20240828 12,9842.111970078711
69_20240828 13,9906.566565238296
69_20240828 14,9871.12943496284
69_20240828 15,9889.622045384212
69_20240828 16,9762.323534592932
69_20240828 17,9742.895257013428
69_20240828 18,9254.85025951159
69_20240828 19,8780.521587686702
69_20240828 20,8346.002316983731
69_20240828 21,7954.8621482466715
69_20240828 22,7484.884907111681
69_20240828 23,7424.20667023635
69_20240829 00,7340.245885435082
69_20240829 01,7360.941884560172
69_20240829 02,7115.48137236096
69_20240829 03,6969.702218152546
69_20240829 04,6906.8891125478785
69_20240829 05,6876.923236717059
69_20240829 06,7578.884376433666
69_20240829 07,8480.254684451062
69_20240829 08,9098.069465326686
69_20240829 09,9548.840715957718
69_20240829 10,9597.667128539457
69_20240829 11,9567.213214940224
69_20240829 12,9574.872467069279
69_20240829 13,9613.102534104239
69_20240829 14,9704.537128698246
69_20240829 15,9683.801310426978
69_20240829 16,9766.764634853742
69_20240829 17,9723.450660523948
69_20240829 18,9259.875970930752
69_20240829 19,8762.426572942646
69_20240829 20,8206.037516515658
69_20240829 21,7828.578537778461
69_20240829 22,7513.347223169701
69_20240829 23,7256.478454237627
69_20240830 00,7128.6332800569
69_20240830 01,7063.056552464643
69_20240830 02,7070.059335965425
69_20240830 03,7029.155900612952
69_20240830 04,6876.972180812641
69_20240830 05,6975.3398602778525
69_20240830 06,7675.297464049774
69_20240830 07,8557.128607107297
69_20240830 08,9168.907051444085
69_20240830 09,9541.937211864875
69_20240830 10,9635.60710261478
69_20240830 11,9675.841466195103
69_20240830 12,9612.830513435672
69_20240830 13,9637.928060160826
69_20240830 14,9638.722554190208
69_20240830 15,9621.000764556768
69_20240830 16,9766.163076648194
69_20240830 17,9699.248964161987
69_20240830 18,8957.77933855633
69_20240830 19,8434.993227522984
69_20240830 20,7957.839737421195
69_20240830 21,7665.625896364545
69_20240830 22,7323.579079126284
69_20240830 23,7219.835012782469
69_20240831 00,7149.095915415907
69_20240831 01,7117.971867175053
69_20240831 02,6960.226541848067
69_20240831 03,6887.380140872616
69_20240831 04,6848.887853533419
69_20240831 05,6843.101795515539
69_20240831 06,6895.143408015681
69_20240831 07,6912.231751702259
69_20240831 08,6905.330382281221
69_20240831 09,7160.7766789158295
69_20240831 10,7135.802509503617
69_20240831 11,7191.864328039612
69_20240831 12,7288.263610317088
69_20240831 13,7378.982515286465
69_20240831 14,7459.535703292345
69_20240831 15,7476.346093371982
69_20240831 16,7572.056362427526
69_20240831 17,7609.553829750651
69_20240831 18,7517.27115857858
69_20240831 19,7459.578457900944
69_20240831 20,7474.13556537501
69_20240831 21,7435.558446511033
69_20240831 22,7315.690293269103
69_20240831 23,7269.720379664634
70_20240825 00,3101.15090250299
70_20240825 01,2496.280037767164
70_20240825 02,2146.67554947036
70_20240825 03,1928.834605034318
70_20240825 04,1829.9410697969386
70_20240825 05,1728.0666530100675
70_20240825 06,1754.8999528976678
70_20240825 07,1998.0135602491682
70_20240825 08,2544.2731658715284
70_20240825 09,3010.2535550652865
70_20240825 10,3358.499861691478
70_20240825 11,3470.163436845157
70_20240825 12,3545.9462784233447
70_20240825 13,3644.202151781122
70_20240825 14,3653.0121773594087
70_20240825 15,3663.2979059027625
70_20240825 16,3663.570901399472
70_20240825 17,3707.230858236351
70_20240825 18,3913.1778449229687
70_20240825 19,4014.410119435046
70_20240825 20,4229.236804671392
70_20240825 21,4155.994303473697
70_20240825 22,3989.403188527008
70_20240825 23,3638.4129155589135
70_20240826 00,2909.289214221065
70_20240826 01,2341.7172376615713
70_20240826 02,2022.444287847269
70_20240826 03,1842.0695373921153
70_20240826 04,1763.2589667638808
70_20240826 05,1709.9881637204946
70_20240826 06,1852.7488227391384
70_20240826 07,2320.29162754415
70_20240826 08,2737.2107519362435
70_20240826 09,2874.6912035621126
70_20240826 10,2969.167759386615
70_20240826 11,3002.572811895434
70_20240826 12,3009.2851440475624
70_20240826 13,3034.716004715208
70_20240826 14,3175.1981190740175
70_20240826 15,3289.899911088847
70_20240826 16,3372.831939351409
70_20240826 17,3495.2742445127433
70_20240826 18,3915.6763256125455
70_20240826 19,4134.240487719773
70_20240826 20,4280.560100030149
70_20240826 21,4213.721326006788
70_20240826 22,4098.899008144442
70_20240826 23,3689.7329835706364
70_20240827 00,3017.3864263699393
70_20240827 01,2400.784957948748
70_20240827 02,2070.802736350675
70_20240827 03,1836.9296839481078
70_20240827 04,1764.237561335347
70_20240827 05,1716.05902422732
70_20240827 06,1837.8596213328128
70_20240827 07,2346.0951942485035
70_20240827 08,2705.951742938047
70_20240827 09,2798.6221559125365
70_20240827 10,2798.386463346912
70_20240827 11,2752.0602523227394
70_20240827 12,2843.8384591073745
70_20240827 13,2870.064638412523
70_20240827 14,2886.3972981313236
70_20240827 15,2930.170136627481
70_20240827 16,3077.664921334789
70_20240827 17,3171.15299431365
70_20240827 18,3460.368914612212
70_20240827 19,3609.8894457605
70_20240827 20,3849.0234564703487
70_20240827 21,3874.393006824626
70_20240827 22,3774.0769067049123
70_20240827 23,3429.4226396522217
70_20240828 00,2719.2800125675185
70_20240828 01,2153.730711381995
70_20240828 02,1819.5576291389675
70_20240828 03,1693.102806119855
70_20240828 04,1637.2446874438579
70_20240828 05,1589.6563346046046
70_20240828 06,1699.6599921573832
70_20240828 07,2150.2527311424956
70_20240828 08,2508.1349099737026
70_20240828 09,2437.8787361122922
70_20240828 10,2470.0568921763524
70_20240828 11,2384.4131986955845
70_20240828 12,2483.051528047966
70_20240828 13,2595.2496962608575
70_20240828 14,2714.382113522384
70_20240828 15,2762.094385756488
70_20240828 16,2865.0120508861955
70_20240828 17,3012.460519599238
70_20240828 18,3331.724454093163
70_20240828 19,3421.4882453758796
70_20240828 20,3581.3528805663464
70_20240828 21,3619.6659715786172
70_20240828 22,3547.0209491538208
70_20240828 23,3226.4244124998504
70_20240829 00,2591.4718103962355
70_20240829 01,2160.9751431821505
70_20240829 02,1883.0206604953007
70_20240829 03,1724.2877435759397
70_20240829 04,1652.8157710085595
70_20240829 05,1600.9921819048434
70_20240829 06,1726.592425788132
70_20240829 07,2178.932129325505
70_20240829 08,2335.0831272341875
70_20240829 09,2403.7326194961934
70_20240829 10,2432.1805084144835
70_20240829 11,2392.4356814012763
70_20240829 12,2396.10910751994
70_20240829 13,2472.204074776252
70_20240829 14,2540.3938325986246
70_20240829 15,2698.3631213180693
70_20240829 16,2783.377486565885
70_20240829 17,2910.0479776738594
70_20240829 18,3232.361563575959
70_20240829 19,3343.6380359083255
70_20240829 20,3516.886761985189
70_20240829 21,3502.761540917806
70_20240829 22,3399.7931408112854
70_20240829 23,3072.553592468008
70_20240830 00,2408.3687732801177
70_20240830 01,2114.753917731406
70_20240830 02,1830.5827492956557
70_20240830 03,1686.8939841832585
70_20240830 04,1629.1064577964603
70_20240830 05,1572.349729100125
70_20240830 06,1690.6079482711084
70_20240830 07,2110.6217077380475
70_20240830 08,2288.6570551793084
70_20240830 09,2297.843596314933
70_20240830 10,2330.7198810702203
70_20240830 11,2337.688911642677
70_20240830 12,2371.6810481840203
70_20240830 13,2441.6522129319455
70_20240830 14,2487.3306529164947
70_20240830 15,2631.765709003684
70_20240830 16,2805.5130122596856
70_20240830 17,2823.848583003938
70_20240830 18,3117.0521851676476
70_20240830 19,3254.5581781225515
70_20240830 20,3377.964539233042
70_20240830 21,3385.155525133706
70_20240830 22,3329.4068213536884
70_20240830 23,3061.4868431404943
70_20240831 00,2567.1958349658603
70_20240831 01,2124.345319060433
70_20240831 02,1956.5053975075946
70_20240831 03,1764.8863221588872
70_20240831 04,1689.873427559555
70_20240831 05,1587.5730699520764
70_20240831 06,1622.053165059383
70_20240831 07,1898.4565452525144
70_20240831 08,2202.5405891966216
70_20240831 09,2457.8831942255356
70_20240831 10,2645.6543442455404
70_20240831 11,2728.3564719067836
70_20240831 12,2771.0028712280337
70_20240831 13,2720.913548499735
70_20240831 14,2742.759391196493
70_20240831 15,2670.8489909095188
70_20240831 16,2734.2766742040903
70_20240831 17,2763.6301854646745
70_20240831 18,2917.5001804853114
70_20240831 19,2941.6830086553473
70_20240831 20,3125.1027803715974
70_20240831 21,3229.579793909372
70_20240831 22,3185.2766763131117
70_20240831 23,2904.420150348358
71_20240825 00,1281.149551566078
71_20240825 01,1072.2969181763713
71_20240825 02,962.2329070192719
71_20240825 03,866.8075248257455
71_20240825 04,817.3778740828586
71_20240825 05,806.7076688617292
71_20240825 06,822.1856895769474
71_20240825 07,902.3511784904229
71_20240825 08,1066.8000252066504
71_20240825 09,1163.4052023685038
71_20240825 10,1328.7834326359841
71_20240825 11,1384.1595822704592
71_20240825 12,1490.4111057547716
71_20240825 13,1521.6044503796336
71_20240825 14,1527.8206313888986
71_20240825 15,1522.5189574871952
71_20240825 16,1538.0870223626766
71_20240825 17,1700.8972084165505
71_20240825 18,1860.283163907001
71_20240825 19,1914.9049278336822
71_20240825 20,1939.6183520020847
71_20240825 21,1885.3825918878383
71_20240825 22,1737.0700379724024
71_20240825 23,1464.0528686173266
71_20240826 00,1217.1293557898343
71_20240826 01,1037.9950303429077
71_20240826 02,933.7007479291094
71_20240826 03,861.8022488739164
71_20240826 04,813.058887401585
71_20240826 05,804.9262827519414
71_20240826 06,828.3896666851891
71_20240826 07,1008.4087376608379
71_20240826 08,1126.3562177771737
71_20240826 09,1102.5133556264348
71_20240826 10,1115.7713095887389
71_20240826 11,1205.6167499491385
71_20240826 12,1173.108295625159
71_20240826 13,1242.8314154459217
71_20240826 14,1181.5202721305666
71_20240826 15,1247.9677007974444
71_20240826 16,1367.1535578095568
71_20240826 17,1499.3155763233528
71_20240826 18,1694.520108770059
71_20240826 19,1857.2597518461275
71_20240826 20,1887.7321811023728
71_20240826 21,1852.641643755841
71_20240826 22,1697.803922014727
71_20240826 23,1454.9252515440758
71_20240827 00,1147.9066814340813
71_20240827 01,976.3492469588762
71_20240827 02,913.3332485544718
71_20240827 03,847.5510522803859
71_20240827 04,816.0147999856271
71_20240827 05,803.068405212399
71_20240827 06,840.5939754942185
71_20240827 07,977.4669391236127
71_20240827 08,1067.244405414869
71_20240827 09,1006.5883070976054
71_20240827 10,1009.3475944933309
71_20240827 11,1002.7835826121238
71_20240827 12,1030.582340842145
71_20240827 13,1044.6378729351345
71_20240827 14,1056.366150097432
71_20240827 15,1071.88280279378
71_20240827 16,1121.9646577776966
71_20240827 17,1240.4589356711326
71_20240827 18,1454.9285526213896
71_20240827 19,1617.2107920217697
71_20240827 20,1652.1083204713398
71_20240827 21,1630.1032132971313
71_20240827 22,1493.7805377734926
71_20240827 23,1236.7093009470163
71_20240828 00,1069.9416370794827
71_20240828 01,902.7035778986972
71_20240828 02,820.7874823581333
71_20240828 03,759.0357984400722
71_20240828 04,728.0296186796071
71_20240828 05,718.9163939079334
71_20240828 06,747.1461651699858
71_20240828 07,918.0178732310416
71_20240828 08,1023.656553137759
71_20240828 09,984.2855659109114
71_20240828 10,973.3084171961304
71_20240828 11,1009.6298097539463
71_20240828 12,1040.87913196002
71_20240828 13,1058.0211438441534
71_20240828 14,1065.2462103777018
71_20240828 15,1100.4071561263481
71_20240828 16,1192.0777861286194
71_20240828 17,1282.315520091003
71_20240828 18,1403.0306654773067
71_20240828 19,1589.1267621213901
71_20240828 20,1628.6688756208064
71_20240828 21,1586.6572391240293
71_20240828 22,1468.1418847548498
71_20240828 23,1239.401581106266
71_20240829 00,1076.475796500254
71_20240829 01,926.8142041475908
71_20240829 02,838.169558541047
71_20240829 03,774.8512997519535
71_20240829 04,734.3967109132775
71_20240829 05,725.5893456302365
71_20240829 06,761.8003116552729
71_20240829 07,901.6662017503304
71_20240829 08,1025.3493838796167
71_20240829 09,976.5473203451986
71_20240829 10,989.1448744529072
71_20240829 11,1011.0087579826214
71_20240829 12,1051.0237402089517
71_20240829 13,1058.6410517064332
71_20240829 14,1090.2371449798427
71_20240829 15,1132.01096551349
71_20240829 16,1192.0069531828299
71_20240829 17,1276.14548269338
71_20240829 18,1416.619736697991
71_20240829 19,1548.7633245666013
71_20240829 20,1612.7686871208534
71_20240829 21,1563.2252144201461
71_20240829 22,1442.507831946677
71_20240829 23,1226.0252121410317
71_20240830 00,1057.480247556102
71_20240830 01,901.8226165335335
71_20240830 02,834.069408444381
71_20240830 03,768.4069285591717
71_20240830 04,724.896061080299
71_20240830 05,714.923630272893
71_20240830 06,755.9834646650487
71_20240830 07,902.8689800619333
71_20240830 08,1003.3713120738412
71_20240830 09,957.2981140331954
71_20240830 10,962.1432840198225
71_20240830 11,997.9187120580395
71_20240830 12,1023.8685868952375
71_20240830 13,1047.1722143100228
71_20240830 14,1066.1634822706524
71_20240830 15,1106.4191573665692
71_20240830 16,1190.7024400904945
71_20240830 17,1272.4407780134245
71_20240830 18,1384.5450374597197
71_20240830 19,1528.0143562777332
71_20240830 20,1536.5948686816296
71_20240830 21,1512.5921651670865
71_20240830 22,1423.7616896331565
71_20240830 23,1225.9168009758785
71_20240831 00,1068.4432497343032
71_20240831 01,884.606755902418
71_20240831 02,806.6118584280717
71_20240831 03,752.0483128838782
71_20240831 04,703.8920394663209
71_20240831 05,685.032854274524
71_20240831 06,711.244115237512
71_20240831 07,797.8294674332033
71_20240831 08,951.5652618718333
71_20240831 09,1049.1131911155055
71_20240831 10,1114.8367077679254
71_20240831 11,1115.4153112425377
71_20240831 12,1166.9107398012238
71_20240831 13,1166.4631356477887
71_20240831 14,1154.014918430795
71_20240831 15,1200.6543211093183
71_20240831 16,1233.0778171819145
71_20240831 17,1311.0551913828942
71_20240831 18,1358.7018271531028
71_20240831 19,1446.633660673782
71_20240831 20,1491.3411713868081
71_20240831 21,1467.5007640354572
71_20240831 22,1382.7191523740235
71_20240831 23,1209.909946573316
72_20240825 00,1302.3471020104598
72_20240825 01,1236.6777305948267
72_20240825 02,1238.237556218268
72_20240825 03,1228.8010165938217
72_20240825 04,1235.7457881958685
72_20240825 05,1215.9843246605428
72_20240825 06,1198.1077376642581
72_20240825 07,1138.6258137589139
72_20240825 08,1031.6944119216187
72_20240825 09,941.9945137570154
72_20240825 10,862.5755466626588
72_20240825 11,834.4812116801644
72_20240825 12,837.6253833457304
72_20240825 13,828.5257891552244
72_20240825 14,929.5306294272096
72_20240825 15,888.190083871555
72_20240825 16,1028.8288854754862
72_20240825 17,1112.767287601498
72_20240825 18,1148.2750553040885
72_20240825 19,1180.0236070782298
72_20240825 20,1169.3860896262115
72_20240825 21,1176.2423435065043
72_20240825 22,1265.3415705760235
72_20240825 23,1330.6956774311366
72_20240826 00,1644.151781860237
72_20240826 01,1620.5982930196872
72_20240826 02,1654.7401914002883
72_20240826 03,1596.5192639990364
72_20240826 04,1334.2658637984491
72_20240826 05,1326.3221705334443
72_20240826 06,1433.2783795716869
72_20240826 07,1589.9246823716162
72_20240826 08,1771.6442010528644
72_20240826 09,1887.8274534866882
72_20240826 10,1838.9621317134652
72_20240826 11,1729.0814048032494
72_20240826 12,1724.961359110806
72_20240826 13,1783.9032092276425
72_20240826 14,1632.8609338536771
72_20240826 15,1578.300812832273
72_20240826 16,1447.2379571102483
72_20240826 17,1685.8248673270537
72_20240826 18,1611.122456578098
72_20240826 19,1524.761642206444
72_20240826 20,1395.5687982692648
72_20240826 21,1388.927864142049
72_20240826 22,1496.5414037606897
72_20240826 23,1534.6143799666922
72_20240827 00,1635.673549541094
72_20240827 01,1897.6200498166077
72_20240827 02,1877.3221378851702
72_20240827 03,1681.143623971106
72_20240827 04,1446.3710437181535
72_20240827 05,1462.5402950294633
72_20240827 06,1584.740411310192
72_20240827 07,1751.1853296857394
72_20240827 08,1777.7112478465774
72_20240827 09,1928.7796452945374
72_20240827 10,1895.6765768730552
72_20240827 11,1817.6765770117527
72_20240827 12,1784.7497121848933
72_20240827 13,1859.681820055048
72_20240827 14,1711.6368028530273
72_20240827 15,1563.451788021799
72_20240827 16,1436.0102493314203
72_20240827 17,1687.4788406851067
72_20240827 18,1607.7068689253852
72_20240827 19,1507.7367576671265
72_20240827 20,1386.6536074408577
72_20240827 21,1376.625332565165
72_20240827 22,1522.0543486256595
72_20240827 23,1552.7272688558737
72_20240828 00,1622.115926744184
72_20240828 01,1841.6817958507072
72_20240828 02,1837.618325211376
72_20240828 03,1653.122819304327
72_20240828 04,1445.6746498287375
72_20240828 05,1453.2374623569635
72_20240828 06,1529.3384868625405
72_20240828 07,1690.9183507328987
72_20240828 08,1713.1227266575136
72_20240828 09,1905.8982055873562
72_20240828 10,1876.2433520691286
72_20240828 11,1769.4234248937937
72_20240828 12,1785.3915101719733
72_20240828 13,1860.0373711247796
72_20240828 14,1698.35357316026
72_20240828 15,1562.5111350528316
72_20240828 16,1468.7446188208862
72_20240828 17,1703.025904283107
72_20240828 18,1604.5289686347721
72_20240828 19,1503.7321697057703
72_20240828 20,1386.2654948086697
72_20240828 21,1371.140363799429
72_20240828 22,1454.2985834163746
72_20240828 23,1507.4147687227467
72_20240829 00,1628.7338213585936
72_20240829 01,1783.672363934062
72_20240829 02,1778.3636541409344
72_20240829 03,1661.7337470930183
72_20240829 04,1450.0667791751382
72_20240829 05,1454.2417892501178
72_20240829 06,1562.8201679672682
72_20240829 07,1718.7213173960452
72_20240829 08,1711.281944397751
72_20240829 09,1788.6406844238022
72_20240829 10,1793.6150501286336
72_20240829 11,1637.8015617565993
72_20240829 12,1694.3748595616144
72_20240829 13,1834.093343520155
72_20240829 14,1625.7754129514183
72_20240829 15,1570.8870935754842
72_20240829 16,1416.0049813051833
72_20240829 17,1639.8948714478852
72_20240829 18,1550.7842875404067
72_20240829 19,1506.2474819481195
72_20240829 20,1414.5799902843323
72_20240829 21,1375.522297526159
72_20240829 22,1491.045685842581
72_20240829 23,1558.680844953877
72_20240830 00,1609.059699224083
72_20240830 01,1845.2525993045192
72_20240830 02,1840.7294509743108
72_20240830 03,1646.6568213291475
72_20240830 04,1455.7155542025816
72_20240830 05,1428.3880853321016
72_20240830 06,1564.6290828352978
72_20240830 07,1700.9941153674667
72_20240830 08,1690.1337425358477
72_20240830 09,1817.2715406752964
72_20240830 10,1752.0491722136762
72_20240830 11,1656.3900081664187
72_20240830 12,1674.1293998036556
72_20240830 13,1715.090771295072
72_20240830 14,1538.3833543058272
72_20240830 15,1431.8951082999542
72_20240830 16,1364.9918695208642
72_20240830 17,1606.3364488512389
72_20240830 18,1425.630439157408
72_20240830 19,1335.5929397353143
72_20240830 20,1279.3462648244958
72_20240830 21,1254.610284642
72_20240830 22,1398.5535444755476
72_20240830 23,1470.4610413217017
72_20240831 00,1406.7274999902188
72_20240831 01,1390.5079224583337
72_20240831 02,1390.1226032834873
72_20240831 03,1379.9529303649635
72_20240831 04,1328.5624605578769
72_20240831 05,1317.6450748480363
72_20240831 06,1301.8589381054653
72_20240831 07,1162.271012445658
72_20240831 08,991.1685094100176
72_20240831 09,931.7228621059537
72_20240831 10,883.2532576684329
72_20240831 11,833.3792250778408
72_20240831 12,832.8738746696134
72_20240831 13,876.944568969411
72_20240831 14,962.8706112293017
72_20240831 15,967.9202556183009
72_20240831 16,1023.744959823521
72_20240831 17,1062.3969983152406
72_20240831 18,1110.5149084180632
72_20240831 19,1134.9723579608058
72_20240831 20,1130.3153715576273
72_20240831 21,1118.524576042643
72_20240831 22,1177.409975386292
72_20240831 23,1244.0628540100524
73_20240825 00,695.5140918737923
73_20240825 01,674.9590308757004
73_20240825 02,677.7756088051063
73_20240825 03,652.5388056242732
73_20240825 04,599.8834305534399
73_20240825 05,583.1838274393438
73_20240825 06,601.4321616086274
73_20240825 07,718.8561996339278
73_20240825 08,1245.6858443541387
73_20240825 09,2296.340795387772
73_20240825 10,4036.6922139162184
73_20240825 11,4911.970719399713
73_20240825 12,5012.751673791793
73_20240825 13,5047.411476549617
73_20240825 14,5081.314267673795
73_20240825 15,5109.1256675086015
73_20240825 16,5061.252925461234
73_20240825 17,5043.848295126876
73_20240825 18,4944.132430054811
73_20240825 19,4693.456007845594
73_20240825 20,3949.326010050023
73_20240825 21,1473.8439470284384
73_20240825 22,775.301713412202
73_20240825 23,720.8928165091147
73_20240826 00,705.5651266195687
73_20240826 01,693.5921133983647
73_20240826 02,686.2540698045757
73_20240826 03,651.7571349708376
73_20240826 04,605.0934944435679
73_20240826 05,592.9385194580738
73_20240826 06,614.4586751506074
73_20240826 07,714.3902404731373
73_20240826 08,1115.1463271572145
73_20240826 09,2037.7246509682464
73_20240826 10,4035.7602134037807
73_20240826 11,4715.87326131997
73_20240826 12,4704.679707750197
73_20240826 13,4768.758893960451
73_20240826 14,4723.262963214989
73_20240826 15,4722.610501097439
73_20240826 16,4631.03943964091
73_20240826 17,4549.408823814614
73_20240826 18,4501.44113968963
73_20240826 19,4272.240872766606
73_20240826 20,3801.74410158615
73_20240826 21,1469.6074683743159
73_20240826 22,807.3808810691855
73_20240826 23,717.1912125812219
73_20240827 00,730.9370049299655
73_20240827 01,708.2724283893714
73_20240827 02,697.6636171948771
73_20240827 03,652.2094100402414
73_20240827 04,593.626888063816
73_20240827 05,581.6074201905262
73_20240827 06,603.4748438104243
73_20240827 07,704.5813971911782
73_20240827 08,1113.7408714940357
73_20240827 09,2092.789100217015
73_20240827 10,3483.1498140388762
73_20240827 11,4104.446513225957
73_20240827 12,4103.598394698376
73_20240827 13,4225.575649466621
73_20240827 14,4328.656012634976
73_20240827 15,4291.314225509007
73_20240827 16,4301.959936472674
73_20240827 17,4372.668888401606
73_20240827 18,4252.373773857434
73_20240827 19,3984.607977584059
73_20240827 20,3464.1676955879966
73_20240827 21,1370.4106819492654
73_20240827 22,760.9079962140983
73_20240827 23,729.7948739164812
73_20240828 00,710.5390227426686
73_20240828 01,692.4101148630454
73_20240828 02,673.0904379373984
73_20240828 03,653.449649386099
73_20240828 04,610.8165723486741
73_20240828 05,594.219987451428
73_20240828 06,623.9953858551744
73_20240828 07,716.7848641923135
73_20240828 08,1196.5053278707571
73_20240828 09,2144.3227332741753
73_20240828 10,3704.041669398681
73_20240828 11,4509.180308988356
73_20240828 12,4534.64196656923
73_20240828 13,4637.389721243904
73_20240828 14,4545.891073547875
73_20240828 15,4470.394735616894
73_20240828 16,4464.014431637011
73_20240828 17,4452.368020618496
73_20240828 18,4370.7923812809495
73_20240828 19,4176.213592776465
73_20240828 20,3656.3548882148225
73_20240828 21,1433.2876860870037
73_20240828 22,762.6097603410543
73_20240828 23,720.0404984222973
73_20240829 00,702.7536403469046
73_20240829 01,688.1027619102083
73_20240829 02,681.825519761097
73_20240829 03,657.0881892868158
73_20240829 04,605.7836134041476
73_20240829 05,592.2207219659541
73_20240829 06,614.7327080087393
73_20240829 07,722.3692980122582
73_20240829 08,1102.6564755830764
73_20240829 09,2128.866660773003
73_20240829 10,3664.092207796844
73_20240829 11,4442.090298576399
73_20240829 12,4520.722539140878
73_20240829 13,4582.6445061530185
73_20240829 14,4492.675083572902
73_20240829 15,4517.0416098935075
73_20240829 16,4466.0830883760145
73_20240829 17,4451.208207084609
73_20240829 18,4381.191178939345
73_20240829 19,4186.3968377538
73_20240829 20,3652.716646542958
73_20240829 21,1455.4297450101449
73_20240829 22,783.7612780007296
73_20240829 23,735.2676215476481
73_20240830 00,713.6590731328804
73_20240830 01,691.891310671094
73_20240830 02,678.4183725787639
73_20240830 03,652.1100049446949
73_20240830 04,602.9693824319882
73_20240830 05,589.1763294847917
73_20240830 06,611.5332787235488
73_20240830 07,738.4828410861586
73_20240830 08,1149.019491027507
73_20240830 09,2161.3565084510187
73_20240830 10,3594.925695788812
73_20240830 11,4376.062416267076
73_20240830 12,4456.36048754092
73_20240830 13,4456.695383801706
73_20240830 14,4440.304859310018
73_20240830 15,4468.557299648251
73_20240830 16,4386.253322241859
73_20240830 17,4365.754529115948
73_20240830 18,4318.279697157794
73_20240830 19,4023.846412643611
73_20240830 20,3509.253129474591
73_20240830 21,1414.773275401029
73_20240830 22,768.0097196572399
73_20240830 23,710.3648080283288
73_20240831 00,694.1424317917222
73_20240831 01,678.7569662043916
73_20240831 02,684.6032778431343
73_20240831 03,663.1825695229646
73_20240831 04,618.574632419449
73_20240831 05,600.8084757184344
73_20240831 06,617.5104178735794
73_20240831 07,738.6754082207354
73_20240831 08,1127.7616755557256
73_20240831 09,2108.073224294181
73_20240831 10,3388.2594617685377
73_20240831 11,4298.857520282912
73_20240831 12,4502.225498399168
73_20240831 13,4534.383352177095
73_20240831 14,4617.717018797066
73_20240831 15,4619.3052915081635
73_20240831 16,4566.8251831018315
73_20240831 17,4563.262942841149
73_20240831 18,4501.65001988849
73_20240831 19,4250.574263687278
73_20240831 20,3629.424782900651
73_20240831 21,1440.4710809182957
73_20240831 22,757.4556486256979
73_20240831 23,696.9624266061927
74_20240825 00,908.185629495551
74_20240825 01,865.7712233017927
74_20240825 02,823.9809729366623
74_20240825 03,817.2787398099289
74_20240825 04,816.1985485380562
74_20240825 05,873.0690969746062
74_20240825 06,940.838332822661
74_20240825 07,1040.441816324897
74_20240825 08,1330.4147497812257
74_20240825 09,2385.9695703803613
74_20240825 10,4091.561797386288
74_20240825 11,4935.199604724683
74_20240825 12,5099.871111500779
74_20240825 13,5020.617680118069
74_20240825 14,4947.658527137673
74_20240825 15,4937.247188056386
74_20240825 16,4878.94395015205
74_20240825 17,4929.980838231111
74_20240825 18,4689.672072724079
74_20240825 19,4361.565532596858
74_20240825 20,3529.497849276695
74_20240825 21,2017.9089633533795
74_20240825 22,1111.8551972623056
74_20240825 23,882.0438437490992
74_20240826 00,1429.8097719723332
74_20240826 01,1523.9185524216946
74_20240826 02,1501.2951798266286
74_20240826 03,1498.2721771501524
74_20240826 04,1441.8290736090198
74_20240826 05,1211.8071726419853
74_20240826 06,1125.249388112018
74_20240826 07,1076.883863280107
74_20240826 08,1424.2161085607395
74_20240826 09,2119.3972106193833
74_20240826 10,2623.7438288799967
74_20240826 11,2294.1734587270344
74_20240826 12,2733.1598126245917
74_20240826 13,2429.90497894051
74_20240826 14,2072.165102721614
74_20240826 15,2084.5801703281068
74_20240826 16,2003.5335197510044
74_20240826 17,2167.7921354271057
74_20240826 18,2682.1567702936536
74_20240826 19,2435.255078664369
74_20240826 20,2240.359428873354
74_20240826 21,1783.937012704836
74_20240826 22,1112.3082914088654
74_20240826 23,878.3608543391231
74_20240827 00,1477.2375672957755
74_20240827 01,1589.3981295887365
74_20240827 02,1521.1414614363725
74_20240827 03,1528.0763552936137
74_20240827 04,1459.2398202824559
74_20240827 05,1206.5565089880495
74_20240827 06,1100.8439798708096
74_20240827 07,1082.6962288200734
74_20240827 08,1468.1310482908673
74_20240827 09,2695.1969995789923
74_20240827 10,4229.465327895128
74_20240827 11,4729.466527467979
74_20240827 12,5037.81749062546
74_20240827 13,4799.492951643521
74_20240827 14,4606.056852461679
74_20240827 15,4528.107223581877
74_20240827 16,4452.413617524211
74_20240827 17,4465.567240103983
74_20240827 18,4530.743358598939
74_20240827 19,4220.114447554613
74_20240827 20,3254.0507902490313
74_20240827 21,1899.2495599658487
74_20240827 22,1142.2694072900017
74_20240827 23,874.8500571911658
74_20240828 00,1419.4742231136645
74_20240828 01,1503.5321955043064
74_20240828 02,1489.76321412885
74_20240828 03,1493.238498897229
74_20240828 04,1447.5465696836563
74_20240828 05,1225.0111651247057
74_20240828 06,1119.8093395165506
74_20240828 07,1072.574628234729
74_20240828 08,1429.4842789212726
74_20240828 09,2545.5553869970463
74_20240828 10,4154.593959747642
74_20240828 11,4651.194127764283
74_20240828 12,4880.920434598055
74_20240828 13,4673.190780222554
74_20240828 14,4451.377530067357
74_20240828 15,4420.481153600879
74_20240828 16,4337.58803951145
74_20240828 17,4415.279781245995
74_20240828 18,4586.18789186535
74_20240828 19,4221.849331474417
74_20240828 20,3243.4987078243043
74_20240828 21,2026.8376783508647
74_20240828 22,1155.892258241729
74_20240828 23,917.5745141490313
74_20240829 00,1396.3536143645304
74_20240829 01,1512.9945465868368
74_20240829 02,1499.960757903758
74_20240829 03,1510.8912962228221
74_20240829 04,1473.0335967349397
74_20240829 05,1225.2171313207398
74_20240829 06,1145.2792890417008
74_20240829 07,1118.2482496394825
74_20240829 08,1459.4708342574106
74_20240829 09,2644.71786895068
74_20240829 10,4151.432610925381
74_20240829 11,4794.874294037508
74_20240829 12,5041.097696678896
74_20240829 13,4802.331994402237
74_20240829 14,4555.201395666587
74_20240829 15,4460.379301052095
74_20240829 16,4407.154566819259
74_20240829 17,4531.468170526177
74_20240829 18,4703.191846094871
74_20240829 19,4290.977796001478
74_20240829 20,3248.6154673340097
74_20240829 21,2039.0316373574537
74_20240829 22,1159.0216067000438
74_20240829 23,935.1946244108734
74_20240830 00,1474.7802958034792
74_20240830 01,1525.056632762306
74_20240830 02,1496.7974137517915
74_20240830 03,1503.5262862388527
74_20240830 04,1473.8863133567816
74_20240830 05,1226.5504712578413
74_20240830 06,1101.8868704616418
74_20240830 07,1074.979330512487
74_20240830 08,1439.5326133961842
74_20240830 09,2616.4246526290417
74_20240830 10,4117.06748124349
74_20240830 11,4732.117614503855
74_20240830 12,4981.284184931885
74_20240830 13,4767.1863162594655
74_20240830 14,4540.675324283396
74_20240830 15,4478.724729444795
74_20240830 16,4451.586787749347
74_20240830 17,4491.818268543902
74_20240830 18,4730.084481970465
74_20240830 19,4311.484336835244
74_20240830 20,3673.4214484167924
74_20240830 21,2176.6058725011208
74_20240830 22,1142.1881408991105
74_20240830 23,889.4329003081588
74_20240831 00,1424.9995566529478
74_20240831 01,1495.1937609729553
74_20240831 02,1483.7078867592213
74_20240831 03,1484.4513084498037
74_20240831 04,1450.5819537196935
74_20240831 05,1208.0579123791497
74_20240831 06,1095.687710052563
74_20240831 07,1075.415109541335
74_20240831 08,1519.5537677492853
74_20240831 09,2565.11250865021
74_20240831 10,4113.695925340884
74_20240831 11,4756.705858502632
74_20240831 12,5062.360378217177
74_20240831 13,4827.37292216631
74_20240831 14,4750.148718675748
74_20240831 15,4660.022947059594
74_20240831 16,4618.068537711839
74_20240831 17,4656.9017792783125
74_20240831 18,4862.018958013014
74_20240831 19,4310.852009854674
74_20240831 20,3557.1934674250856
74_20240831 21,2198.5735467033155
74_20240831 22,1130.121238708548
74_20240831 23,888.5201051310609
75_20240825 00,2602.67103720871
75_20240825 01,2599.6564189822757
75_20240825 02,2595.619948240137
75_20240825 03,2496.733671074646
75_20240825 04,2591.9117244964473
75_20240825 05,2655.7967566947236
75_20240825 06,2764.6689425132117
75_20240825 07,2900.6891826626083
75_20240825 08,3023.8894351084555
75_20240825 09,3111.79984560187
75_20240825 10,3111.820722990239
75_20240825 11,3210.2291942189418
75_20240825 12,3170.406802867342
75_20240825 13,3134.688478149807
75_20240825 14,3182.1333154730846
75_20240825 15,3134.2563742724737
75_20240825 16,3043.6529886030285
75_20240825 17,3083.8553905446215
75_20240825 18,3043.278080669335
75_20240825 19,2949.433359416713
75_20240825 20,2814.708977853439
75_20240825 21,2741.7992201604757
75_20240825 22,2686.348421924469
75_20240825 23,2633.599922831517
75_20240826 00,2619.9661378123815
75_20240826 01,2580.5347817447264
75_20240826 02,2420.2336184838464
75_20240826 03,2602.2740859605083
75_20240826 04,2699.59921292381
75_20240826 05,2784.788785277518
75_20240826 06,2989.1422588718133
75_20240826 07,3405.4059726489486
75_20240826 08,3632.710770324541
75_20240826 09,3929.691283175646
75_20240826 10,3961.435538125884
75_20240826 11,3993.445206691777
75_20240826 12,3935.6888615835583
75_20240826 13,3938.6212290210483
75_20240826 14,3996.809148253746
75_20240826 15,3963.2901059979117
75_20240826 16,3876.277314023513
75_20240826 17,3694.0991570488404
75_20240826 18,3497.83787255918
75_20240826 19,3354.2077610122315
75_20240826 20,3025.2355498793113
75_20240826 21,2911.5978459651496
75_20240826 22,2768.3769580488415
75_20240826 23,2694.0297613241737
75_20240827 00,2583.906657888911
75_20240827 01,2534.7481260044165
75_20240827 02,2513.386361216309
75_20240827 03,2571.200992958262
75_20240827 04,2631.4942015815486
75_20240827 05,2776.9448366184683
75_20240827 06,2959.294983172848
75_20240827 07,3296.6035471659643
75_20240827 08,3575.2966442499896
75_20240827 09,3841.839026136003
75_20240827 10,3933.8486122436116
75_20240827 11,3915.16088429317
75_20240827 12,3908.534818529258
75_20240827 13,3895.349934179361
75_20240827 14,3951.867506654039
75_20240827 15,3912.9173486424766
75_20240827 16,3860.9814977112924
75_20240827 17,3619.7884787031244
75_20240827 18,3433.2549287003385
75_20240827 19,3368.590124559141
75_20240827 20,3014.799002009173
75_20240827 21,2906.1900014890357
75_20240827 22,2760.6533293017733
75_20240827 23,2635.780153912252
75_20240828 00,2584.489051183987
75_20240828 01,2515.496637833405
75_20240828 02,2426.509967048446
75_20240828 03,2349.0411985290434
75_20240828 04,2387.0838358913497
75_20240828 05,2538.4938585330597
75_20240828 06,2690.74386576724
75_20240828 07,3181.764630245168
75_20240828 08,3533.2741810116772
75_20240828 09,3827.008592442977
75_20240828 10,3933.326986463243
75_20240828 11,3920.9535596432106
75_20240828 12,3884.709966288564
75_20240828 13,3890.4242572384496
75_20240828 14,3945.584421406703
75_20240828 15,3923.5109836839156
75_20240828 16,3866.547151337926
75_20240828 17,3613.73100924663
75_20240828 18,3396.5475514415157
75_20240828 19,3299.0366721531527
75_20240828 20,3082.0689727585946
75_20240828 21,2911.920136972434
75_20240828 22,2756.6074611858235
75_20240828 23,2673.096075916552
75_20240829 00,2553.581643815731
75_20240829 01,2509.239840247954
75_20240829 02,2418.758509254857
75_20240829 03,2424.1935507805238
75_20240829 04,2586.008048102294
75_20240829 05,2601.9494586701603
75_20240829 06,2917.985104554492
75_20240829 07,3216.986938176078
75_20240829 08,3574.710039151216
75_20240829 09,3824.749848870184
75_20240829 10,3841.299775010672
75_20240829 11,3818.6161871173326
75_20240829 12,3796.986650527961
75_20240829 13,3801.0092659326738
75_20240829 14,3845.8943122062665
75_20240829 15,3851.8779279174832
75_20240829 16,3780.8345690541696
75_20240829 17,3565.99953234411
75_20240829 18,3324.9639400456003
75_20240829 19,3264.2515096232664
75_20240829 20,3014.5804289811367
75_20240829 21,2903.9066072001287
75_20240829 22,2768.9274832542283
75_20240829 23,2631.707747810207
75_20240830 00,2565.1366251576605
75_20240830 01,2475.5263785855395
75_20240830 02,2433.3174598652236
75_20240830 03,2499.7260823263755
75_20240830 04,2577.6822489728693
75_20240830 05,2672.3654353214074
75_20240830 06,2789.3016110028466
75_20240830 07,3170.514477946207
75_20240830 08,3485.258746433343
75_20240830 09,3783.486798083763
75_20240830 10,3869.4990078732185
75_20240830 11,3867.857851221692
75_20240830 12,3813.890708301088
75_20240830 13,3804.4565009410085
75_20240830 14,3875.786025287502
75_20240830 15,3852.763927123722
75_20240830 16,3792.792414977739
75_20240830 17,3564.067764343622
75_20240830 18,3316.995832774945
75_20240830 19,3246.9804172712975
75_20240830 20,2986.969141102388
75_20240830 21,2868.6250466280476
75_20240830 22,2735.0495168102266
75_20240830 23,2630.5167802052797
75_20240831 00,2513.6570219698024
75_20240831 01,2450.3553700180782
75_20240831 02,2403.5655773514554
75_20240831 03,2325.1446190584543
75_20240831 04,2304.45478177348
75_20240831 05,2352.171347251199
75_20240831 06,2436.8093461377916
75_20240831 07,2672.1335456051993
75_20240831 08,3019.1820209422713
75_20240831 09,3174.3765294900604
75_20240831 10,3246.6098152261043
75_20240831 11,3254.9851405977183
75_20240831 12,3241.7107238185886
75_20240831 13,3194.3905001783287
75_20240831 14,3230.007209092586
75_20240831 15,3222.964378345897
75_20240831 16,3155.983109738377
75_20240831 17,3128.5975423328437
75_20240831 18,3033.664722459547
75_20240831 19,2907.9425140263716
75_20240831 20,2731.623059165775
75_20240831 21,2664.565820411019
75_20240831 22,2600.351640623077
75_20240831 23,2544.269483266968
76_20240825 00,3233.8211623659363
76_20240825 01,3210.3367625216947
76_20240825 02,3166.0497256504273
76_20240825 03,3148.021699238246
76_20240825 04,3123.4014932532327
76_20240825 05,3113.2386571722272
76_20240825 06,3121.6782828936116
76_20240825 07,3152.9445133921517
76_20240825 08,3267.047522522813
76_20240825 09,3337.5600752071236
76_20240825 10,3410.139692488525
76_20240825 11,3433.911858920917
76_20240825 12,3435.999692856933
76_20240825 13,3463.4581737275175
76_20240825 14,3465.601870463629
76_20240825 15,3496.08506782547
76_20240825 16,3494.469491407856
76_20240825 17,3482.3670145423075
76_20240825 18,3466.623953452628
76_20240825 19,3404.7713066957685
76_20240825 20,3347.85931075213
76_20240825 21,3288.9573818601248
76_20240825 22,3273.7771664529846
76_20240825 23,3263.6730198721834
76_20240826 00,3245.449508674332
76_20240826 01,3227.6853574684874
76_20240826 02,3215.3364491342427
76_20240826 03,3197.221960653473
76_20240826 04,3194.670222513621
76_20240826 05,3184.748654800601
76_20240826 06,3188.9359005677816
76_20240826 07,3242.1720408910533
76_20240826 08,3293.374445450483
76_20240826 09,3360.996401517011
76_20240826 10,3393.341819735056
76_20240826 11,3442.7365011250026
76_20240826 12,3462.759770767773
76_20240826 13,3512.3828385600555
76_20240826 14,3516.5357944528923
76_20240826 15,3526.5837939271723
76_20240826 16,3524.260692920228
76_20240826 17,3504.453315627684
76_20240826 18,3472.658167458916
76_20240826 19,3351.7709903300456
76_20240826 20,3328.321326664652
76_20240826 21,3279.532360268291
76_20240826 22,3254.090120392097
76_20240826 23,3240.549927927017
76_20240827 00,3220.9040054547245
76_20240827 01,3208.852686379638
76_20240827 02,3213.6630960022785
76_20240827 03,3203.5384354875864
76_20240827 04,3188.176514820987
76_20240827 05,3176.9644434309007
76_20240827 06,3175.267195133162
76_20240827 07,3183.8851441157854
76_20240827 08,3221.813413030664
76_20240827 09,3191.9634671050944
76_20240827 10,3228.4161309731953
76_20240827 11,3182.5970024397793
76_20240827 12,3182.7113089531726
76_20240827 13,3190.961003321214
76_20240827 14,3297.2228200417844
76_20240827 15,3339.2230866951977
76_20240827 16,3359.9439949362327
76_20240827 17,3399.047739462061
76_20240827 18,3333.4064080908092
76_20240827 19,3284.821490800588
76_20240827 20,3234.6673562947008
76_20240827 21,3194.9755521532693
76_20240827 22,3166.9314474816265
76_20240827 23,3122.0467921965956
76_20240828 00,3092.443603431772
76_20240828 01,3074.7765466484334
76_20240828 02,3045.058070477169
76_20240828 03,3021.3525788004013
76_20240828 04,2997.6403269874327
76_20240828 05,2960.2523267023666
76_20240828 06,2947.8435946862214
76_20240828 07,3024.911710674203
76_20240828 08,3102.622416542922
76_20240828 09,3187.644566574655
76_20240828 10,3225.1143586715243
76_20240828 11,3288.663338764643
76_20240828 12,3365.8656334060934
76_20240828 13,3413.1306073872165
76_20240828 14,3433.5501159943606
76_20240828 15,3445.349932531448
76_20240828 16,3464.515203098822
76_20240828 17,3452.621868772801
76_20240828 18,3439.1748568151925
76_20240828 19,3392.7538210572493
76_20240828 20,3323.874982729899
76_20240828 21,3267.2466048074352
76_20240828 22,3230.655957592413
76_20240828 23,3187.958135171255
76_20240829 00,3165.4399753031416
76_20240829 01,3113.157726908178
76_20240829 02,3099.5023581386986
76_20240829 03,3063.0436761427677
76_20240829 04,3023.413355096069
76_20240829 05,2989.986201946518
76_20240829 06,2976.602459196796
76_20240829 07,3057.984089292855
76_20240829 08,3134.543798461535
76_20240829 09,3177.0496256732677
76_20240829 10,3241.9455267201383
76_20240829 11,3331.1933490609404
76_20240829 12,3353.4368714036245
76_20240829 13,3398.5050247669174
76_20240829 14,3423.279557868038
76_20240829 15,3429.2946928015294
76_20240829 16,3444.664020487806
76_20240829 17,3434.920817739584
76_20240829 18,3406.3583812664547
76_20240829 19,3359.4304440585765
76_20240829 20,3284.663175457096
76_20240829 21,3207.1419266658036
76_20240829 22,3178.057684493307
76_20240829 23,3166.139180805429
76_20240830 00,3125.725632042576
76_20240830 01,3097.0508638365873
76_20240830 02,3064.0545589679205
76_20240830 03,3012.128908508795
76_20240830 04,2998.2929082902656
76_20240830 05,2970.753707892124
76_20240830 06,2994.9826131865593
76_20240830 07,3105.780747587188
76_20240830 08,3171.57769123556
76_20240830 09,3243.4145462171386
76_20240830 10,3286.8263391375385
76_20240830 11,3328.3010853507944
76_20240830 12,3367.5398304394444
76_20240830 13,3368.9047909359206
76_20240830 14,3372.97349377081
76_20240830 15,3388.5895614978544
76_20240830 16,3419.6850529339076
76_20240830 17,3396.2855269136708
76_20240830 18,3340.030010277808
76_20240830 19,3279.9840156805576
76_20240830 20,3201.29815969611
76_20240830 21,3112.5174449978376
76_20240830 22,3117.754921740757
76_20240830 23,3091.39245137892
76_20240831 00,3061.667398240664
76_20240831 01,3050.5097159785746
76_20240831 02,3019.111463869269
76_20240831 03,2969.314396923862
76_20240831 04,2926.8821281714963
76_20240831 05,2911.62370258046
76_20240831 06,2910.8152504618597
76_20240831 07,2954.708430484874
76_20240831 08,3043.4208749924865
76_20240831 09,3108.3712126822693
76_20240831 10,3184.9817858452207
76_20240831 11,3212.9436808422815
76_20240831 12,3228.124066368403
76_20240831 13,3300.0466023346326
76_20240831 14,3327.6517697412573
76_20240831 15,3357.6607257103515
76_20240831 16,3366.2826662597627
76_20240831 17,3365.243836912724
76_20240831 18,3308.926712921378
76_20240831 19,3228.1961529806385
76_20240831 20,3173.3826494963323
76_20240831 21,3135.7628717884727
76_20240831 22,3103.29231567776
76_20240831 23,3081.51219180152
77_20240825 00,1354.1658001152264
77_20240825 01,1297.943621500891
77_20240825 02,1270.7470807405166
77_20240825 03,1242.6165793382775
77_20240825 04,1202.3199543692376
77_20240825 05,1145.4564699066832
77_20240825 06,1189.4575688274508
77_20240825 07,1491.5590994942065
77_20240825 08,1817.4865583889302
77_20240825 09,1749.925192917256
77_20240825 10,1949.006133026509
77_20240825 11,1822.5425210458357
77_20240825 12,1796.521129744993
77_20240825 13,1846.6253157854549
77_20240825 14,1881.1773636405574
77_20240825 15,2001.9778342215595
77_20240825 16,2088.9223910765813
77_20240825 17,1869.7298652471586
77_20240825 18,1731.734410907799
77_20240825 19,1491.9653257968603
77_20240825 20,1437.2751336592596
77_20240825 21,1426.5346301269376
77_20240825 22,1188.2100614865974
77_20240825 23,1225.8168457927306
77_20240826 00,1252.2415914708731
77_20240826 01,1234.3748722839073
77_20240826 02,1191.0772492383444
77_20240826 03,1141.8468166304597
77_20240826 04,1138.9040934006262
77_20240826 05,1101.8828086621807
77_20240826 06,1142.5105503852385
77_20240826 07,1371.0131860372378
77_20240826 08,1659.0842985818458
77_20240826 09,1670.300346246353
77_20240826 10,1836.7186695832643
77_20240826 11,1784.1963574049555
77_20240826 12,1753.5680999300307
77_20240826 13,1793.8844981529635
77_20240826 14,1813.0632752613503
77_20240826 15,1841.46157723244
77_20240826 16,1896.3235941690837
77_20240826 17,1787.210419022486
77_20240826 18,1537.6598470623212
77_20240826 19,1354.61662994054
77_20240826 20,1316.802058157096
77_20240826 21,1237.4033360096025
77_20240826 22,1006.1757108114161
77_20240826 23,924.8402548250448
77_20240827 00,1038.0229565806567
77_20240827 01,1245.374398730996
77_20240827 02,1216.8498431431958
77_20240827 03,1203.03239366255
77_20240827 04,1177.8969374295734
77_20240827 05,1085.5192328355838
77_20240827 06,1104.7476030160274
77_20240827 07,1283.5029157148833
77_20240827 08,1524.8504039501295
77_20240827 09,1669.4557526157055
77_20240827 10,1795.3097694481253
77_20240827 11,1711.6477348257877
77_20240827 12,1673.8783637211536
77_20240827 13,1703.844187587757
77_20240827 14,1738.9597709373963
77_20240827 15,1758.2546569487645
77_20240827 16,1755.9431967272558
77_20240827 17,1643.0027941227731
77_20240827 18,1407.2318297609277
77_20240827 19,1300.5616169474908
77_20240827 20,1274.3189473945383
77_20240827 21,1225.3201380898759
77_20240827 22,1051.4492478539942
77_20240827 23,974.051773281416
77_20240828 00,1163.1431254724982
77_20240828 01,1220.5043502434783
77_20240828 02,1186.369006633937
77_20240828 03,1158.4643807099042
77_20240828 04,1034.091795635655
77_20240828 05,990.8018065663334
77_20240828 06,992.3135278719122
77_20240828 07,1080.90728951434
77_20240828 08,1250.4164322344802
77_20240828 09,1408.9006573791212
77_20240828 10,1655.7814269651722
77_20240828 11,1660.6173911915396
77_20240828 12,1610.7306230860756
77_20240828 13,1631.6532191538904
77_20240828 14,1632.0594149680103
77_20240828 15,1678.599355502013
77_20240828 16,1743.1460241087862
77_20240828 17,1590.8273356285008
77_20240828 18,1286.7821492833448
77_20240828 19,1248.9552886571132
77_20240828 20,1204.0106084150527
77_20240828 21,1174.1116285879634
77_20240828 22,1105.8934243683645
77_20240828 23,1052.7397331268112
77_20240829 00,1098.584536073301
77_20240829 01,1132.3731130961185
77_20240829 02,1063.9921775913247
77_20240829 03,1044.1595653602471
77_20240829 04,1011.980941794551
77_20240829 05,934.9240135400735
77_20240829 06,936.2589698840835
77_20240829 07,1056.9939729802497
77_20240829 08,1227.4586885174367
77_20240829 09,1475.0792801344533
77_20240829 10,1690.7764103778718
77_20240829 11,1663.749677425154
77_20240829 12,1664.6421739668353
77_20240829 13,1717.5503966784995
77_20240829 14,1781.5980424037757
77_20240829 15,1826.2551379284635
77_20240829 16,1903.628020631032
77_20240829 17,1681.4907800677856
77_20240829 18,1468.6542974314016
77_20240829 19,1395.8467267774388
77_20240829 20,1365.1398144113018
77_20240829 21,1363.3981922032513
77_20240829 22,1251.6792807186623
77_20240829 23,1162.5829455711682
77_20240830 00,1179.2968214720609
77_20240830 01,1199.813129947459
77_20240830 02,1162.721451368367
77_20240830 03,1143.418992404503
77_20240830 04,1099.1213426565437
77_20240830 05,1022.6924869536306
77_20240830 06,1034.416303699666
77_20240830 07,1162.7582762511986
77_20240830 08,1378.5910484813553
77_20240830 09,1497.0181421019795
77_20240830 10,1742.2151321587123
77_20240830 11,1675.6003946243231
77_20240830 12,1650.8170912505748
77_20240830 13,1678.2978746351944
77_20240830 14,1732.2332777625124
77_20240830 15,1800.4231189669295
77_20240830 16,1890.7061028158726
77_20240830 17,1733.776071101512
77_20240830 18,1521.660977817599
77_20240830 19,1417.4469475771523
77_20240830 20,1362.0637131122367
77_20240830 21,1278.926290723216
77_20240830 22,1148.1087015185449
77_20240830 23,1201.4894213526914
77_20240831 00,1189.0041455938008
77_20240831 01,1158.097706583257
77_20240831 02,1103.7129736899892
77_20240831 03,1067.391427056573
77_20240831 04,981.5212784705313
77_20240831 05,955.1137356754792
77_20240831 06,996.454237777021
77_20240831 07,1229.5552470419307
77_20240831 08,1389.640105182132
77_20240831 09,1523.284038201029
77_20240831 10,1730.5034821704623
77_20240831 11,1674.1887181329262
77_20240831 12,1636.7214660101438
77_20240831 13,1703.7084670823606
77_20240831 14,1780.6184674480478
77_20240831 15,1896.6650812543812
77_20240831 16,1958.920725935802
77_20240831 17,1816.809868727686
77_20240831 18,1542.441696633386
77_20240831 19,1447.556180847167
77_20240831 20,1454.8896845627823
77_20240831 21,1374.9081244485894
77_20240831 22,1282.8934746695525
77_20240831 23,1249.7747141498885
78_20240825 00,1440.1810648366459
78_20240825 01,1229.1834529841776
78_20240825 02,1102.641473836699
78_20240825 03,1026.7117390839358
78_20240825 04,958.1126881852157
78_20240825 05,975.4420966307564
78_20240825 06,1025.8555726283307
78_20240825 07,1120.3830762514558
78_20240825 08,1320.0214299083057
78_20240825 09,1567.495273229861
78_20240825 10,1739.9508789473239
78_20240825 11,1828.396972224231
78_20240825 12,1878.044247894758
78_20240825 13,1895.8791498172202
78_20240825 14,1898.9766558567508
78_20240825 15,1926.7362485499846
78_20240825 16,1912.4092207505792
78_20240825 17,1913.410639051452
78_20240825 18,2028.7268285163937
78_20240825 19,2021.0759831911062
78_20240825 20,2036.6729473550477
78_20240825 21,1996.091829818572
78_20240825 22,1879.5625819071674
78_20240825 23,1671.5852886575312
78_20240826 00,1431.3403866584492
78_20240826 01,1213.3687578615395
78_20240826 02,1071.881640820405
78_20240826 03,1005.2165774623039
78_20240826 04,959.8584042287232
78_20240826 05,991.4284793057402
78_20240826 06,1150.4852755713334
78_20240826 07,1283.702861392786
78_20240826 08,1482.6254147269424
78_20240826 09,1646.646998967186
78_20240826 10,1723.4554202395125
78_20240826 11,1762.653148193681
78_20240826 12,1807.9865741981785
78_20240826 13,1849.8209800091813
78_20240826 14,1857.1159097433203
78_20240826 15,1875.4906630378555
78_20240826 16,1865.184926278122
78_20240826 17,1878.8333960686896
78_20240826 18,1983.8269280083096
78_20240826 19,2028.1171558080418
78_20240826 20,2001.09017719232
78_20240826 21,2009.767515607002
78_20240826 22,1910.1283886172482
78_20240826 23,1699.4172947606412
78_20240827 00,1429.6200455331461
78_20240827 01,1210.2373740336288
78_20240827 02,1082.4215714127781
78_20240827 03,1021.0395825618151
78_20240827 04,947.3811195076833
78_20240827 05,985.8609649828571
78_20240827 06,1142.4273264742308
78_20240827 07,1274.4644147782442
78_20240827 08,1420.3047997067574
78_20240827 09,1521.5067740807071
78_20240827 10,1580.8487999853962
78_20240827 11,1571.3785427611379
78_20240827 12,1615.4815663846525
78_20240827 13,1643.2308449437442
78_20240827 14,1713.5547279318237
78_20240827 15,1742.9063529030545
78_20240827 16,1764.593276809012
78_20240827 17,1799.2139597574997
78_20240827 18,1900.8674430576907
78_20240827 19,1981.1526582780325
78_20240827 20,1941.0180869006972
78_20240827 21,1933.764797061528
78_20240827 22,1827.437783568892
78_20240827 23,1605.9736998899962
78_20240828 00,1336.807945757176
78_20240828 01,1137.9853312062407
78_20240828 02,1009.9021546414767
78_20240828 03,945.1838135025888
78_20240828 04,899.9426007024064
78_20240828 05,905.09182625018
78_20240828 06,986.5384003986098
78_20240828 07,1190.4034633918595
78_20240828 08,1349.9543881837185
78_20240828 09,1529.847255283279
78_20240828 10,1594.109691263217
78_20240828 11,1636.9609522360317
78_20240828 12,1716.8511210158536
78_20240828 13,1756.8997259769985
78_20240828 14,1733.858122763013
78_20240828 15,1797.6970447907408
78_20240828 16,1807.5693898704308
78_20240828 17,1883.3022281867163
78_20240828 18,1978.1939651334924
78_20240828 19,1980.2087880533707
78_20240828 20,1970.2460855611703
78_20240828 21,1951.2152345160446
78_20240828 22,1877.6928554423585
78_20240828 23,1625.4712071308902
78_20240829 00,1370.52132331775
78_20240829 01,1144.2679268324264
78_20240829 02,1011.7284442484244
78_20240829 03,954.239808986334
78_20240829 04,911.0822331801704
78_20240829 05,936.7034447268462
78_20240829 06,1035.8635622777863
78_20240829 07,1187.9607420220118
78_20240829 08,1339.4810591556684
78_20240829 09,1502.0154390837656
78_20240829 10,1606.9946734681653
78_20240829 11,1644.4340506530461
78_20240829 12,1706.5200732858857
78_20240829 13,1675.2989340272272
78_20240829 14,1685.7310136476087
78_20240829 15,1691.3896672440655
78_20240829 16,1705.2764372150446
78_20240829 17,1742.0016108421082
78_20240829 18,1816.303088608669
78_20240829 19,1845.4351189959145
78_20240829 20,1802.4772845996151
78_20240829 21,1778.3610370541141
78_20240829 22,1684.2562940802877
78_20240829 23,1506.7377650553176
78_20240830 00,1279.0273755873432
78_20240830 01,1124.2670502687533
78_20240830 02,1000.4817724581371
78_20240830 03,933.6217892416417
78_20240830 04,894.7860543242771
78_20240830 05,912.4844070440574
78_20240830 06,1037.3020020921963
78_20240830 07,1195.038408640538
78_20240830 08,1308.6186718379913
78_20240830 09,1502.995129701519
78_20240830 10,1561.075652417066
78_20240830 11,1589.2644658971783
78_20240830 12,1648.402735717289
78_20240830 13,1674.5944785226895
78_20240830 14,1674.0145296715002
78_20240830 15,1709.9103452582167
78_20240830 16,1721.005639427216
78_20240830 17,1746.450083350911
78_20240830 18,1765.4786853496496
78_20240830 19,1781.6045005707547
78_20240830 20,1735.786838580676
78_20240830 21,1676.1882538581372
78_20240830 22,1600.231275208694
78_20240830 23,1454.6388959754458
78_20240831 00,1253.3412940195105
78_20240831 01,1140.026537524335
78_20240831 02,1011.1734766782208
78_20240831 03,942.4172598927485
78_20240831 04,847.2162749559484
78_20240831 05,868.716814749626
78_20240831 06,932.0761216073947
78_20240831 07,1083.1645060509422
78_20240831 08,1213.2768836770229
78_20240831 09,1428.006821340193
78_20240831 10,1590.5374034968281
78_20240831 11,1647.3590169093582
78_20240831 12,1690.3048694077993
78_20240831 13,1729.1677867507365
78_20240831 14,1771.8730554016506
78_20240831 15,1770.8021137644885
78_20240831 16,1756.2512540428293
78_20240831 17,1756.8389337219219
78_20240831 18,1767.021336122108
78_20240831 19,1759.490701722981
78_20240831 20,1707.0680777089729
78_20240831 21,1683.4151908812714
78_20240831 22,1541.9840705161755
78_20240831 23,1400.4182765341134
79_20240825 00,2201.124684225034
79_20240825 01,2019.684299995923
79_20240825 02,1945.1324253462626
79_20240825 03,1968.5230177862272
79_20240825 04,1933.9658332115337
79_20240825 05,1986.2913738169432
79_20240825 06,2390.7791586530093
79_20240825 07,3358.3314192125536
79_20240825 08,4959.5034602007345
79_20240825 09,7430.56716720063
79_20240825 10,10069.26175365533
79_20240825 11,10949.175589165588
79_20240825 12,11158.592847620888
79_20240825 13,11304.843270151237
79_20240825 14,11259.340528351586
79_20240825 15,11165.94989022427
79_20240825 16,11304.123220074489
79_20240825 17,10901.887010668434
79_20240825 18,10424.0434942945
79_20240825 19,10206.390647497192
79_20240825 20,7845.3629147760485
79_20240825 21,4352.266692374145
79_20240825 22,2957.883877529372
79_20240825 23,2407.7743211539864
79_20240826 00,2082.770157060616
79_20240826 01,1999.0115567601295
79_20240826 02,1924.836390323014
79_20240826 03,1928.7054334409777
79_20240826 04,1906.2734238402934
79_20240826 05,1994.5929621198588
79_20240826 06,2381.7852065160014
79_20240826 07,3202.6259392053207
79_20240826 08,4566.372727342298
79_20240826 09,6751.429075593781
79_20240826 10,9161.5767396861
79_20240826 11,10163.562087761356
79_20240826 12,10133.644906024489
79_20240826 13,10169.585645886935
79_20240826 14,10181.564494780243
79_20240826 15,10055.711749131704
79_20240826 16,9908.785170037234
79_20240826 17,9917.28752122654
79_20240826 18,9824.45804568155
79_20240826 19,9268.959771406924
79_20240826 20,5949.819087286487
79_20240826 21,4224.765563498987
79_20240826 22,2863.972958954087
79_20240826 23,2341.9992065801302
79_20240827 00,2068.2695391994844
79_20240827 01,2009.411945164785
79_20240827 02,1954.92708778039
79_20240827 03,1917.9891771255425
79_20240827 04,1907.865092702688
79_20240827 05,2009.1985266288493
79_20240827 06,2449.948631098096
79_20240827 07,3201.225058020281
79_20240827 08,4623.006138720688
79_20240827 09,6751.408993391231
79_20240827 10,9811.667365064834
79_20240827 11,10426.901826456866
79_20240827 12,10470.232867962046
79_20240827 13,10564.281031900899
79_20240827 14,10246.046293751362
79_20240827 15,10033.271652862411
79_20240827 16,9930.681233240142
79_20240827 17,9706.063304691377
79_20240827 18,9526.566731529458
79_20240827 19,9411.533876536407
79_20240827 20,5946.162214967942
79_20240827 21,4080.580335883602
79_20240827 22,2767.765728349108
79_20240827 23,2286.8506695244814
79_20240828 00,2040.9534381254464
79_20240828 01,1947.0847318792207
79_20240828 02,1895.359389964155
79_20240828 03,1901.3241054494356
79_20240828 04,1881.2575869395173
79_20240828 05,1949.742243172416
79_20240828 06,2381.3201985133255
79_20240828 07,3134.9063952778533
79_20240828 08,4347.0146869289
79_20240828 09,6603.555108113416
79_20240828 10,9003.439578281304
79_20240828 11,9941.834392263161
79_20240828 12,10066.059088122889
79_20240828 13,10289.088352068404
79_20240828 14,10089.745868293949
79_20240828 15,10043.19047685101
79_20240828 16,9996.062333388554
79_20240828 17,9911.231843774236
79_20240828 18,9657.652058889757
79_20240828 19,9508.544624472253
79_20240828 20,6001.436233682183
79_20240828 21,4105.804050047623
79_20240828 22,2837.546934460036
79_20240828 23,2326.232473303881
79_20240829 00,2139.0258778113703
79_20240829 01,2009.128954095963
79_20240829 02,1950.40388561005
79_20240829 03,1953.7965001776565
79_20240829 04,1926.823161657196
79_20240829 05,1987.9162643846803
79_20240829 06,2387.5917388193857
79_20240829 07,3183.110084270608
79_20240829 08,4379.74726475412
79_20240829 09,6586.228648817662
79_20240829 10,9375.809513831884
79_20240829 11,10381.344469306205
79_20240829 12,10480.09192035814
79_20240829 13,10478.755301148076
79_20240829 14,10411.375546791895
79_20240829 15,10306.12603489845
79_20240829 16,10215.790431552487
79_20240829 17,10189.311158540968
79_20240829 18,10018.783267013501
79_20240829 19,9578.507481047012
79_20240829 20,6357.050525981179
79_20240829 21,4120.2627746622
79_20240829 22,2877.7178947625343
79_20240829 23,2346.492652526641
79_20240830 00,2141.95021605244
79_20240830 01,2030.293139547654
79_20240830 02,1940.0679996106487
79_20240830 03,1953.2915238041176
79_20240830 04,1911.3916586306161
79_20240830 05,2000.0082407507648
79_20240830 06,2416.9279530448325
79_20240830 07,3252.6167868199977
79_20240830 08,4560.7814377418135
79_20240830 09,6888.455749735039
79_20240830 10,9425.950788392338
79_20240830 11,10156.489503647135
79_20240830 12,10379.227422812206
79_20240830 13,10430.408567338118
79_20240830 14,10374.923015403187
79_20240830 15,10380.485586906127
79_20240830 16,10325.02854171773
79_20240830 17,10386.112661689525
79_20240830 18,10183.640241619252
79_20240830 19,10042.586340810964
79_20240830 20,7918.9863635001275
79_20240830 21,4314.330088782991
79_20240830 22,2895.267899962694
79_20240830 23,2335.764999935149
79_20240831 00,2076.1808606743525
79_20240831 01,1991.799819206137
79_20240831 02,1931.627489035679
79_20240831 03,1969.0153201665885
79_20240831 04,1927.0876194641337
79_20240831 05,1974.0739049540166
79_20240831 06,2439.5751529244035
79_20240831 07,3137.415750101908
79_20240831 08,4543.828129013995
79_20240831 09,6832.74708904079
79_20240831 10,9220.483144794978
79_20240831 11,10263.083863240492
79_20240831 12,10339.516822406462
79_20240831 13,10375.721390757992
79_20240831 14,10705.56256892976
79_20240831 15,10491.310483165575
79_20240831 16,10475.54785750585
79_20240831 17,10479.697176672491
79_20240831 18,10124.179435173253
79_20240831 19,10037.296816579144
79_20240831 20,7872.705784567614
79_20240831 21,4348.9798569925915
79_20240831 22,2938.917591892785
79_20240831 23,2489.157959296687
80_20240825 00,1976.5478996832226
80_20240825 01,1970.3342133597366
80_20240825 02,1965.441205680952
80_20240825 03,1964.102615698437
80_20240825 04,1963.7591203640586
80_20240825 05,1945.9437809193485
80_20240825 06,1937.5975126155852
80_20240825 07,1908.302204826054
80_20240825 08,1881.5719625586114
80_20240825 09,1895.0876899917394
80_20240825 10,2108.600882615796
80_20240825 11,2089.3583796956214
80_20240825 12,2040.7030486740844
80_20240825 13,2105.517615995723
80_20240825 14,2121.353228365825
80_20240825 15,2165.593497139123
80_20240825 16,2274.5178040843693
80_20240825 17,2090.92505001506
80_20240825 18,2031.63453629149
80_20240825 19,2032.5871302189819
80_20240825 20,2009.9753431783952
80_20240825 21,2014.754911245381
80_20240825 22,1994.2235236750562
80_20240825 23,1972.8162267469788
80_20240826 00,1990.7638373244129
80_20240826 01,1970.2487619330586
80_20240826 02,1978.582141231194
80_20240826 03,1971.3171325368874
80_20240826 04,1954.0063070912279
80_20240826 05,1951.7202005127333
80_20240826 06,1958.177118445824
80_20240826 07,2134.4583898592555
80_20240826 08,2977.643391297007
80_20240826 09,3383.200278189406
80_20240826 10,3428.1653130914533
80_20240826 11,3360.7874467470247
80_20240826 12,3316.5367820859883
80_20240826 13,3320.2497034196704
80_20240826 14,3406.176740128035
80_20240826 15,3443.0764166867557
80_20240826 16,3463.2277235892943
80_20240826 17,3427.5037261178277
80_20240826 18,2725.9499335161354
80_20240826 19,2469.956569732247
80_20240826 20,2240.049557512823
80_20240826 21,2142.274228498435
80_20240826 22,2092.5120032171317
80_20240826 23,1984.8339276116376
80_20240827 00,2006.868799308708
80_20240827 01,1999.1628380326174
80_20240827 02,2000.6300031720257
80_20240827 03,2001.8265711245301
80_20240827 04,2004.7588187086308
80_20240827 05,1969.9539527666807
80_20240827 06,1974.9144148621135
80_20240827 07,2149.49932643684
80_20240827 08,2956.696554853121
80_20240827 09,3322.3990049966574
80_20240827 10,3338.4164279835386
80_20240827 11,3325.1315537099113
80_20240827 12,3301.435112788001
80_20240827 13,3320.485619203808
80_20240827 14,3368.343945673035
80_20240827 15,3395.2349716527665
80_20240827 16,3431.199475414706
80_20240827 17,3369.8319086886722
80_20240827 18,2735.909591548343
80_20240827 19,2507.927908922746
80_20240827 20,2258.3048886224547
80_20240827 21,2176.821436747575
80_20240827 22,2118.6788871094295
80_20240827 23,2035.5626277903743
80_20240828 00,2033.0412546378957
80_20240828 01,2013.5513522834144
80_20240828 02,2016.0435959644997
80_20240828 03,1989.368818880368
80_20240828 04,1994.7529476755249
80_20240828 05,1982.0020552207025
80_20240828 06,2002.497999213993
80_20240828 07,2195.6524065047056
80_20240828 08,2928.028591034489
80_20240828 09,3243.257550458848
80_20240828 10,3296.5319565315194
80_20240828 11,3290.4723767682594
80_20240828 12,3252.907817443288
80_20240828 13,3290.174834983371
80_20240828 14,3344.0672080330473
80_20240828 15,3374.7817303544157
80_20240828 16,3386.056179635142
80_20240828 17,3356.010630860351
80_20240828 18,2706.4115059868664
80_20240828 19,2456.3362842932065
80_20240828 20,2232.2844022226063
80_20240828 21,2145.965225011001
80_20240828 22,2090.0574910782643
80_20240828 23,2031.125697466161
80_20240829 00,1996.6140491039264
80_20240829 01,1988.3224025478107
80_20240829 02,1989.7001814325058
80_20240829 03,1982.8923335977686
80_20240829 04,1972.3265229711847
80_20240829 05,1942.653731627106
80_20240829 06,1934.8092948868439
80_20240829 07,2155.784993275634
80_20240829 08,2862.809270644619
80_20240829 09,3163.7915739021187
80_20240829 10,3155.605202185865
80_20240829 11,3115.59691253894
80_20240829 12,3061.5323089755543
80_20240829 13,3084.2912569841974
80_20240829 14,3173.7769266505757
80_20240829 15,3222.832279322619
80_20240829 16,3247.6683505819283
80_20240829 17,3228.321804055833
80_20240829 18,2644.512709499025
80_20240829 19,2447.8366705410294
80_20240829 20,2199.8071838358564
80_20240829 21,2110.5125023544997
80_20240829 22,2067.908205237805
80_20240829 23,1973.0045282564668
80_20240830 00,1959.0763129311072
80_20240830 01,1959.976206760167
80_20240830 02,1955.32934173281
80_20240830 03,1950.7999870066035
80_20240830 04,1924.4832721172556
80_20240830 05,1907.9770999628977
80_20240830 06,1904.1070551668827
80_20240830 07,2037.371317204679
80_20240830 08,2799.9222603831477
80_20240830 09,3099.703299081785
80_20240830 10,3120.094270253191
80_20240830 11,3090.13423423386
80_20240830 12,3060.3126382643904
80_20240830 13,3059.8322180716223
80_20240830 14,3128.167010660536
80_20240830 15,3143.735647925666
80_20240830 16,3173.553611793161
80_20240830 17,3151.455866603064
80_20240830 18,2495.515449849841
80_20240830 19,2311.6780823874387
80_20240830 20,2095.2772762900267
80_20240830 21,2051.685060497903
80_20240830 22,2005.1758720486737
80_20240830 23,1930.9442662762913
80_20240831 00,1912.2787401779683
80_20240831 01,1909.3036522089415
80_20240831 02,1904.3794047853996
80_20240831 03,1898.3902434728602
80_20240831 04,1892.547042305043
80_20240831 05,1890.9825331664374
80_20240831 06,1883.40836600177
80_20240831 07,1865.234746318621
80_20240831 08,1864.3554578774383
80_20240831 09,1747.313970899817
80_20240831 10,1931.8622041648978
80_20240831 11,1921.631706805027
80_20240831 12,1870.4044264786962
80_20240831 13,1950.2305509630364
80_20240831 14,1978.9268336599762
80_20240831 15,2085.4159067050377
80_20240831 16,2237.8175577863412
80_20240831 17,2052.2318853194024
80_20240831 18,2002.1725577768898
80_20240831 19,2007.3623289843867
80_20240831 20,2017.078972379163
80_20240831 21,2003.1647017060573
80_20240831 22,1982.2405064842221
80_20240831 23,1953.5065751859302
81_20240825 00,1165.3445060593672
81_20240825 01,1170.86932616403
81_20240825 02,1165.331644256204
81_20240825 03,1160.9834511557704
81_20240825 04,1157.2984642301703
81_20240825 05,1155.921742647478
81_20240825 06,1151.25655151279
81_20240825 07,1152.471647512114
81_20240825 08,1150.6331390077776
81_20240825 09,1156.3880413751726
81_20240825 10,1153.9293744287152
81_20240825 11,1165.4763599437815
81_20240825 12,1162.3008542478174
81_20240825 13,1154.2663812067049
81_20240825 14,1152.6309380470375
81_20240825 15,1159.3708816774106
81_20240825 16,1159.132232028319
81_20240825 17,1158.1278198863872
81_20240825 18,1156.247970775878
81_20240825 19,1154.9511291573413
81_20240825 20,1154.0673767523665
81_20240825 21,1154.052011869728
81_20240825 22,1153.3785093412178
81_20240825 23,1157.1754478501819
81_20240826 00,1165.0738368539435
81_20240826 01,1165.5021312546262
81_20240826 02,1162.4011272477794
81_20240826 03,1157.723798061661
81_20240826 04,1159.2547351469084
81_20240826 05,1152.3959039815336
81_20240826 06,1151.7074109061748
81_20240826 07,1157.694416851876
81_20240826 08,1160.7809810037757
81_20240826 09,1183.840850640875
81_20240826 10,1143.3643276260907
81_20240826 11,1006.8581225726803
81_20240826 12,1028.7149718564672
81_20240826 13,963.6722134059728
81_20240826 14,934.9424151059972
81_20240826 15,930.7694501967835
81_20240826 16,1004.9224426280404
81_20240826 17,1131.8449981600206
81_20240826 18,1189.3634893224598
81_20240826 19,1185.0224950763213
81_20240826 20,1174.705707535887
81_20240826 21,1166.5813089348967
81_20240826 22,1167.5699110532712
81_20240826 23,1167.953643821757
81_20240827 00,1171.5734082378428
81_20240827 01,1169.899256776645
81_20240827 02,1166.9603493102823
81_20240827 03,1162.871941632403
81_20240827 04,1160.5544198631515
81_20240827 05,1158.2097399654806
81_20240827 06,1154.5685352788246
81_20240827 07,1154.993721482392
81_20240827 08,1160.5503088119394
81_20240827 09,1175.999719148636
81_20240827 10,1192.041572699292
81_20240827 11,1198.056284484402
81_20240827 12,1199.1888147858294
81_20240827 13,1171.7429884118826
81_20240827 14,995.3344999464852
81_20240827 15,998.5604137941077
81_20240827 16,1079.8762573923573
81_20240827 17,1171.311936372833
81_20240827 18,1185.365669298103
81_20240827 19,1175.0519134224846
81_20240827 20,1164.2366777629363
81_20240827 21,1156.5899631495388
81_20240827 22,1158.8188645239102
81_20240827 23,1158.2445217061659
81_20240828 00,1167.503930956356
81_20240828 01,1166.289426027758
81_20240828 02,1164.9439156795383
81_20240828 03,1161.5356604498095
81_20240828 04,1158.3649051042044
81_20240828 05,1158.367447937495
81_20240828 06,1156.992355786253
81_20240828 07,1158.0583756714489
81_20240828 08,1159.014823164653
81_20240828 09,1181.2253256211259
81_20240828 10,1185.1382481099663
81_20240828 11,1168.2459540887212
81_20240828 12,1158.219671072759
81_20240828 13,1043.7677948465275
81_20240828 14,995.647832192886
81_20240828 15,1025.0681426385072
81_20240828 16,1061.270486300067
81_20240828 17,1157.9608541555658
81_20240828 18,1197.4857813822132
81_20240828 19,1184.7962910446481
81_20240828 20,1165.8321127530369
81_20240828 21,1159.8851834618004
81_20240828 22,1161.345435558207
81_20240828 23,1162.0902094982011
81_20240829 00,1174.9936095966748
81_20240829 01,1168.8749889362387
81_20240829 02,1172.3837143425326
81_20240829 03,1166.65325059054
81_20240829 04,1164.8535867345054
81_20240829 05,1162.7233368479685
81_20240829 06,1161.398310221116
81_20240829 07,1160.5661297032218
81_20240829 08,1168.7954458139993
81_20240829 09,1179.56069728802
81_20240829 10,1186.2936454961552
81_20240829 11,1171.456220248699
81_20240829 12,1176.7582553993097
81_20240829 13,1163.3907208253902
81_20240829 14,1108.285647764451
81_20240829 15,1139.3046848642152
81_20240829 16,1134.132341900492
81_20240829 17,1146.6377694177181
81_20240829 18,1190.7265646793485
81_20240829 19,1183.668630327198
81_20240829 20,1172.8463229623994
81_20240829 21,1165.9042191528686
81_20240829 22,1167.2819273694686
81_20240829 23,1167.4904466975
81_20240830 00,1175.3361022967283
81_20240830 01,1172.5258867383354
81_20240830 02,1168.7466901997318
81_20240830 03,1161.6842940516945
81_20240830 04,1163.2784488806406
81_20240830 05,1162.5830335301025
81_20240830 06,1154.3283762784145
81_20240830 07,1155.9734086216126
81_20240830 08,1162.2745175835055
81_20240830 09,1182.9016762752299
81_20240830 10,1156.8506181580885
81_20240830 11,1007.5086501315466
81_20240830 12,972.5647753320219
81_20240830 13,932.8921031359134
81_20240830 14,903.2571178971175
81_20240830 15,911.9427704689424
81_20240830 16,914.5874442158411
81_20240830 17,1036.201565934584
81_20240830 18,1156.5863559806444
81_20240830 19,1180.6459254895422
81_20240830 20,1170.5668606526915
81_20240830 21,1166.3215136150798
81_20240830 22,1163.4442830627634
81_20240830 23,1161.2354232699056
81_20240831 00,1168.8400413975205
81_20240831 01,1168.9140632595793
81_20240831 02,1164.9093075422193
81_20240831 03,1164.0048166135723
81_20240831 04,1161.8707844605556
81_20240831 05,1159.743055990383
81_20240831 06,1157.2928884793932
81_20240831 07,1157.5019357701108
81_20240831 08,1154.491442259154
81_20240831 09,1168.4367445576004
81_20240831 10,1157.5702448709008
81_20240831 11,1153.439510283478
81_20240831 12,1162.2527525799171
81_20240831 13,1152.76856310842
81_20240831 14,1153.0473024836615
81_20240831 15,1164.0004946052209
81_20240831 16,1168.7712187455334
81_20240831 17,1150.4348907471026
81_20240831 18,1166.976865764755
81_20240831 19,1162.9630012828409
81_20240831 20,1156.1947728117398
81_20240831 21,1154.8288077783686
81_20240831 22,1155.8396740331327
81_20240831 23,1162.4969285577777
82_20240825 00,530.6266159196903
82_20240825 01,516.0927292640683
82_20240825 02,513.8370791528071
82_20240825 03,508.8039194188144
82_20240825 04,508.61672675709656
82_20240825 05,507.42171808609976
82_20240825 06,537.1299009949446
82_20240825 07,604.7776690649671
82_20240825 08,773.6584879549359
82_20240825 09,1370.9690617492295
82_20240825 10,1944.3702529293914
82_20240825 11,2108.7950815105924
82_20240825 12,2182.2780101366734
82_20240825 13,2203.392307270434
82_20240825 14,2191.8588957420643
82_20240825 15,2132.583998628421
82_20240825 16,2087.6441477975113
82_20240825 17,2112.8930835864217
82_20240825 18,2074.11903393836
82_20240825 19,2051.528377301903
82_20240825 20,1910.6470526608516
82_20240825 21,1531.3979361722375
82_20240825 22,795.9318011840484
82_20240825 23,535.6961473415512
82_20240826 00,501.4493728093534
82_20240826 01,495.7749398257689
82_20240826 02,499.16608035606384
82_20240826 03,497.557689349322
82_20240826 04,497.30263081719636
82_20240826 05,495.2775281681782
82_20240826 06,498.2277393858034
82_20240826 07,541.5619540310977
82_20240826 08,716.0832859592412
82_20240826 09,1256.1250467034672
82_20240826 10,1759.588393150045
82_20240826 11,1834.4562872774998
82_20240826 12,1872.0007525145847
82_20240826 13,1854.9341071760045
82_20240826 14,1854.6719551198564
82_20240826 15,1849.6506170449156
82_20240826 16,1829.8603943954186
82_20240826 17,1821.061229948024
82_20240826 18,1810.0723297670781
82_20240826 19,1804.7104061431994
82_20240826 20,1756.9504830125154
82_20240826 21,1519.2512454052599
82_20240826 22,845.7803659134036
82_20240826 23,553.1865517407621
82_20240827 00,517.5128934336118
82_20240827 01,507.0297007258711
82_20240827 02,510.16509124012305
82_20240827 03,503.24834889337166
82_20240827 04,498.84629782638774
82_20240827 05,496.99924417907255
82_20240827 06,508.7893529097706
82_20240827 07,568.6280878397787
82_20240827 08,750.6613911554041
82_20240827 09,1295.365829997148
82_20240827 10,1853.6357771568914
82_20240827 11,1961.6485058906783
82_20240827 12,1980.6287600645578
82_20240827 13,1994.897664845399
82_20240827 14,1982.821806772678
82_20240827 15,1923.2102361861907
82_20240827 16,1891.8607624016145
82_20240827 17,1914.0373894081063
82_20240827 18,1892.9111314716197
82_20240827 19,1897.1991352422497
82_20240827 20,1816.9706945692133
82_20240827 21,1504.5665823705735
82_20240827 22,821.180146826527
82_20240827 23,533.690808446493
82_20240828 00,500.22710502032425
82_20240828 01,484.4605282969181
82_20240828 02,480.261711713276
82_20240828 03,476.48812222487726
82_20240828 04,474.7897675879831
82_20240828 05,479.36001689660804
82_20240828 06,487.4835228392742
82_20240828 07,553.6806101963084
82_20240828 08,716.4796063321885
82_20240828 09,1114.8721282889603
82_20240828 10,1732.0731575366951
82_20240828 11,1881.9225442877766
82_20240828 12,1901.1057881991321
82_20240828 13,1897.8248449505459
82_20240828 14,1925.2034280694302
82_20240828 15,1855.8523182938275
82_20240828 16,1862.8956621493483
82_20240828 17,1892.6491842629257
82_20240828 18,1894.8548106343117
82_20240828 19,1873.5593259681223
82_20240828 20,1802.7239781204369
82_20240828 21,1456.8203923719748
82_20240828 22,816.0642167654244
82_20240828 23,541.3842182074555
82_20240829 00,511.1833895725606
82_20240829 01,501.58642148993647
82_20240829 02,504.54642679701897
82_20240829 03,502.6422271966963
82_20240829 04,500.0526908050688
82_20240829 05,504.48729825620103
82_20240829 06,513.3042236055478
82_20240829 07,581.9087385747129
82_20240829 08,754.8936727108182
82_20240829 09,1256.7810502309649
82_20240829 10,1870.4972464647067
82_20240829 11,1938.274809537871
82_20240829 12,1980.3603357139432
82_20240829 13,1992.6667820751707
82_20240829 14,2007.2486498086078
82_20240829 15,1965.9170321392457
82_20240829 16,1961.6867934108143
82_20240829 17,1988.2539179523037
82_20240829 18,1954.7129736480479
82_20240829 19,1924.8057094090432
82_20240829 20,1840.0987921156461
82_20240829 21,1537.2365622164907
82_20240829 22,836.5234996125084
82_20240829 23,540.2570047044401
82_20240830 00,516.3711046695618
82_20240830 01,507.3753395428399
82_20240830 02,507.4291575348001
82_20240830 03,506.00785643415094
82_20240830 04,501.6263328469449
82_20240830 05,504.2494142979274
82_20240830 06,508.85902460962984
82_20240830 07,563.6055559045154
82_20240830 08,747.2077811616882
82_20240830 09,1322.3305437934223
82_20240830 10,1858.269923891219
82_20240830 11,1952.0615973199408
82_20240830 12,2055.345805868832
82_20240830 13,2037.97414879289
82_20240830 14,2039.1681013972816
82_20240830 15,1972.632283096988
82_20240830 16,1955.060468327576
82_20240830 17,2019.048482450343
82_20240830 18,1995.656809747778
82_20240830 19,1934.50380116611
82_20240830 20,1857.2387499707597
82_20240830 21,1542.1595343983304
82_20240830 22,900.3137782425551
82_20240830 23,541.4625969823228
82_20240831 00,504.5971108840108
82_20240831 01,491.3885215786507
82_20240831 02,491.07010715509006
82_20240831 03,489.0324889184245
82_20240831 04,488.19878699884254
82_20240831 05,487.9259882704876
82_20240831 06,523.101113691661
82_20240831 07,609.4579896692351
82_20240831 08,789.3161858303911
82_20240831 09,1325.2753919910554
82_20240831 10,1931.961310173473
82_20240831 11,2069.5216724266666
82_20240831 12,2110.092529058337
82_20240831 13,2122.2648399363
82_20240831 14,2118.3303440227896
82_20240831 15,2105.118538546759
82_20240831 16,2085.019140046637
82_20240831 17,2062.0816789020855
82_20240831 18,2042.4128170302615
82_20240831 19,2023.9347611004125
82_20240831 20,1873.3525759651916
82_20240831 21,1548.65299579275
82_20240831 22,856.5060814153906
82_20240831 23,534.7898328404833
83_20240825 00,2649.0259338389706
83_20240825 01,2620.2344845384787
83_20240825 02,2604.432387009665
83_20240825 03,2605.855357604859
83_20240825 04,2569.5794324890144
83_20240825 05,2562.3784022212044
83_20240825 06,2555.3151676544153
83_20240825 07,2534.4157296399026
83_20240825 08,2664.651542782232
83_20240825 09,2670.4212770240883
83_20240825 10,2657.564945002294
83_20240825 11,2638.9526959146006
83_20240825 12,2644.479384855762
83_20240825 13,2672.8079250483893
83_20240825 14,2662.9835717372894
83_20240825 15,2683.093257275047
83_20240825 16,2792.2935643667993
83_20240825 17,2779.725752214601
83_20240825 18,2735.1758075724156
83_20240825 19,2735.76927092045
83_20240825 20,2718.9581977844473
83_20240825 21,2697.9453411363843
83_20240825 22,2630.051467569333
83_20240825 23,2629.289991026269
83_20240826 00,2656.9271827993416
83_20240826 01,2655.167564573418
83_20240826 02,2652.351526214835
83_20240826 03,2641.251034024347
83_20240826 04,2632.6295432938655
83_20240826 05,2624.8534196264454
83_20240826 06,2632.5462989500825
83_20240826 07,2644.780308010462
83_20240826 08,2912.1027911984847
83_20240826 09,3203.081346418537
83_20240826 10,3177.900145822426
83_20240826 11,3151.653497142548
83_20240826 12,3187.7359895440136
83_20240826 13,3173.56162020587
83_20240826 14,3168.92098276901
83_20240826 15,3224.4593186217203
83_20240826 16,3216.6072916704125
83_20240826 17,3252.6559140032377
83_20240826 18,3191.475780506396
83_20240826 19,3061.4447135038354
83_20240826 20,2926.6762149407537
83_20240826 21,2830.9362150243874
83_20240826 22,2713.439996013357
83_20240826 23,2636.1884157775576
83_20240827 00,2655.4947101124026
83_20240827 01,2647.9701734673727
83_20240827 02,2640.7535826640997
83_20240827 03,2639.8787247376185
83_20240827 04,2624.776144258033
83_20240827 05,2619.604038015993
83_20240827 06,2613.757658809149
83_20240827 07,2630.3105934465993
83_20240827 08,2869.9897707728996
83_20240827 09,3148.5718986463894
83_20240827 10,3134.6514613095615
83_20240827 11,3126.4932150783625
83_20240827 12,3138.3177130978042
83_20240827 13,3141.3373149701492
83_20240827 14,3150.4019739985597
83_20240827 15,3175.5581271015762
83_20240827 16,3191.3355045359604
83_20240827 17,3199.9004379807284
83_20240827 18,3137.6931569412363
83_20240827 19,3028.034557267189
83_20240827 20,2869.3312573319863
83_20240827 21,2753.700694548158
83_20240827 22,2660.9255990139636
83_20240827 23,2595.8858094855377
83_20240828 00,2603.772887656342
83_20240828 01,2601.431232348574
83_20240828 02,2610.0591484819743
83_20240828 03,2606.9515082388666
83_20240828 04,2600.2961877269477
83_20240828 05,2586.3259754803103
83_20240828 06,2577.630888699641
83_20240828 07,2588.8939453133453
83_20240828 08,2842.7889295352466
83_20240828 09,3150.1236115575666
83_20240828 10,3125.8773108744726
83_20240828 11,3124.7892039955336
83_20240828 12,3172.6433808248476
83_20240828 13,3131.940809451821
83_20240828 14,3120.464354257977
83_20240828 15,3167.5891152701442
83_20240828 16,3183.4289962919347
83_20240828 17,3205.1601635071465
83_20240828 18,3134.864315475239
83_20240828 19,3045.351846725528
83_20240828 20,2878.9989547635596
83_20240828 21,2776.3625407303475
83_20240828 22,2668.6694871650734
83_20240828 23,2596.82201192967
83_20240829 00,2622.968547374192
83_20240829 01,2606.700551080489
83_20240829 02,2595.103234211022
83_20240829 03,2594.6970616060885
83_20240829 04,2585.8088893220047
83_20240829 05,2566.4989646762997
83_20240829 06,2567.5606349191667
83_20240829 07,2585.824784893981
83_20240829 08,2808.09091971419
83_20240829 09,3109.743201953469
83_20240829 10,3113.1919937593643
83_20240829 11,3115.033538031745
83_20240829 12,3132.692823769194
83_20240829 13,3135.9795296805796
83_20240829 14,3111.5356718564044
83_20240829 15,3139.501198466565
83_20240829 16,3151.548107266991
83_20240829 17,3183.4619911243317
83_20240829 18,3106.8247686558625
83_20240829 19,3025.1549059857953
83_20240829 20,2883.0044101482317
83_20240829 21,2765.6365583080997
83_20240829 22,2673.5291376668238
83_20240829 23,2621.878474424347
83_20240830 00,2629.38162787008
83_20240830 01,2625.6919336860765
83_20240830 02,2625.341229178908
83_20240830 03,2616.4212261649495
83_20240830 04,2598.318134034833
83_20240830 05,2577.714634800293
83_20240830 06,2585.1960602290387
83_20240830 07,2586.365563808471
83_20240830 08,2791.6857915905002
83_20240830 09,3088.458439779126
83_20240830 10,3076.8578161155465
83_20240830 11,3073.2010974334835
83_20240830 12,3098.419258370411
83_20240830 13,3051.342574056693
83_20240830 14,3067.8109413127263
83_20240830 15,3063.94585652116
83_20240830 16,3096.401912974402
83_20240830 17,3136.2223805018975
83_20240830 18,3080.4090292415103
83_20240830 19,2983.442241675026
83_20240830 20,2845.6378570476973
83_20240830 21,2754.6161820222414
83_20240830 22,2663.707472912271
83_20240830 23,2601.7696247396625
83_20240831 00,2581.704073810921
83_20240831 01,2561.4335059076457
83_20240831 02,2539.3543892687503
83_20240831 03,2542.528128571508
83_20240831 04,2505.258821454131
83_20240831 05,2500.476246297161
83_20240831 06,2497.4382532751815
83_20240831 07,2471.5482277032743
83_20240831 08,2604.193352743453
83_20240831 09,2617.3905962161507
83_20240831 10,2621.3662585556885
83_20240831 11,2585.1695136516473
83_20240831 12,2627.8496225061494
83_20240831 13,2630.6390931114124
83_20240831 14,2617.2017741702593
83_20240831 15,2638.3222344709657
83_20240831 16,2708.209345727023
83_20240831 17,2720.241406307458
83_20240831 18,2695.7736496112702
83_20240831 19,2693.273979564572
83_20240831 20,2672.910978686351
83_20240831 21,2645.146424727646
83_20240831 22,2613.0283349105816
83_20240831 23,2584.969429457075
84_20240825 00,1275.8055393824575
84_20240825 01,1218.659075313749
84_20240825 02,1208.262203015754
84_20240825 03,1190.8458288562078
84_20240825 04,1212.1016780824555
84_20240825 05,1291.3591276691882
84_20240825 06,1389.2870266820678
84_20240825 07,1545.5045750458523
84_20240825 08,1695.7157260811748
84_20240825 09,1897.1951146554047
84_20240825 10,2170.1808821297136
84_20240825 11,2352.554254125147
84_20240825 12,2308.7913132037697
84_20240825 13,2398.107356448916
84_20240825 14,2322.4282345284228
84_20240825 15,2406.3524894200673
84_20240825 16,2325.5892809924017
84_20240825 17,2376.5535422640487
84_20240825 18,2159.8906873602664
84_20240825 19,2077.3906845566485
84_20240825 20,1863.7561233279978
84_20240825 21,1746.2651952650003
84_20240825 22,1542.0927331214739
84_20240825 23,1352.9168767791716
84_20240826 00,1226.0784222731127
84_20240826 01,1158.5385367050178
84_20240826 02,1160.4986121012223
84_20240826 03,1128.4966782737483
84_20240826 04,1154.613136357396
84_20240826 05,1262.0552571613905
84_20240826 06,1327.0012657576244
84_20240826 07,1461.3733901393537
84_20240826 08,1631.3650746617245
84_20240826 09,1799.433381598611
84_20240826 10,2051.484445179825
84_20240826 11,2248.124349607994
84_20240826 12,2148.2767706439163
84_20240826 13,2269.7783968537856
84_20240826 14,2199.381527309064
84_20240826 15,2344.1081940544714
84_20240826 16,2202.3045934331394
84_20240826 17,2262.7684990322746
84_20240826 18,2067.5473853013555
84_20240826 19,1995.8829868442199
84_20240826 20,1751.2963850837289
84_20240826 21,1653.3033449566028
84_20240826 22,1481.0460743268582
84_20240826 23,1316.708511113217
84_20240827 00,1255.9382160258178
84_20240827 01,1183.5097404531143
84_20240827 02,1170.4085346991021
84_20240827 03,1165.8276290490674
84_20240827 04,1171.9824236547126
84_20240827 05,1259.922435963293
84_20240827 06,1305.4524336174145
84_20240827 07,1449.0709816112778
84_20240827 08,1576.3689998218642
84_20240827 09,1748.879083286949
84_20240827 10,1959.9216560972613
84_20240827 11,2157.476687298973
84_20240827 12,2043.9301553908065
84_20240827 13,2122.9327887771465
84_20240827 14,2039.8163015064815
84_20240827 15,2182.331992268272
84_20240827 16,2105.8869382395133
84_20240827 17,2150.550453187557
84_20240827 18,1995.4250140867023
84_20240827 19,1830.5562151790068
84_20240827 20,1635.179674319169
84_20240827 21,1545.0935039900396
84_20240827 22,1403.3785050911445
84_20240827 23,1273.2462610440302
84_20240828 00,1178.4565431689887
84_20240828 01,1128.1984591892065
84_20240828 02,1117.6164324725482
84_20240828 03,1118.9187163233025
84_20240828 04,1136.4669082469045
84_20240828 05,1248.9369720469133
84_20240828 06,1305.8537161164531
84_20240828 07,1406.401949908514
84_20240828 08,1533.7439425721357
84_20240828 09,1665.5623231224936
84_20240828 10,1934.9252662089798
84_20240828 11,2119.8531357762113
84_20240828 12,2037.119363362035
84_20240828 13,2176.0391779104475
84_20240828 14,2076.603557701756
84_20240828 15,2200.3760209444076
84_20240828 16,2101.186524391342
84_20240828 17,2196.2190134302914
84_20240828 18,1998.8941856763781
84_20240828 19,1867.6811198070677
84_20240828 20,1664.4009776028286
84_20240828 21,1551.9978760876638
84_20240828 22,1421.7445178751755
84_20240828 23,1308.9257714321013
84_20240829 00,1194.9694815225123
84_20240829 01,1100.5388579361654
84_20240829 02,1058.6233453185807
84_20240829 03,1048.1091575486607
84_20240829 04,1077.940518702947
84_20240829 05,1181.7776790805
84_20240829 06,1280.5001245511694
84_20240829 07,1376.2416053913785
84_20240829 08,1508.218119124185
84_20240829 09,1652.7803366158425
84_20240829 10,1900.0218004071853
84_20240829 11,2090.4580447693234
84_20240829 12,2034.1391925091275
84_20240829 13,2152.998158090709
84_20240829 14,1999.7031765001502
84_20240829 15,2156.588889005578
84_20240829 16,2089.3708189965228
84_20240829 17,2184.3594750020666
84_20240829 18,1956.9446551219617
84_20240829 19,1892.7450704760847
84_20240829 20,1683.544645759292
84_20240829 21,1590.6570014673339
84_20240829 22,1426.519479382111
84_20240829 23,1303.0127713395818
84_20240830 00,1196.9292485721835
84_20240830 01,1127.6393645768321
84_20240830 02,1107.6896776432645
84_20240830 03,1091.4416658865707
84_20240830 04,1103.5190398431942
84_20240830 05,1206.2314743649508
84_20240830 06,1289.6321257846216
84_20240830 07,1385.9622578712447
84_20240830 08,1515.5620212054803
84_20240830 09,1715.1960581955868
84_20240830 10,1932.985384975831
84_20240830 11,2131.268162190221
84_20240830 12,2037.814144232275
84_20240830 13,2182.385179328299
84_20240830 14,2043.8238527970507
84_20240830 15,2212.11993467064
84_20240830 16,2036.276028445177
84_20240830 17,2171.46480942902
84_20240830 18,1958.7752080764385
84_20240830 19,1895.1342061818477
84_20240830 20,1697.9023833191982
84_20240830 21,1584.5635246179954
84_20240830 22,1397.6733753870026
84_20240830 23,1294.060177981994
84_20240831 00,1173.3806783781142
84_20240831 01,1095.7759600244115
84_20240831 02,1072.9408884979077
84_20240831 03,1043.0197704422735
84_20240831 04,1070.0409163433321
84_20240831 05,1193.758793918982
84_20240831 06,1247.1261931819258
84_20240831 07,1344.442727649849
84_20240831 08,1524.598821410617
84_20240831 09,1678.6751889272487
84_20240831 10,1942.5011606666487
84_20240831 11,2213.650908073449
84_20240831 12,2153.2248439863874
84_20240831 13,2286.466208483568
84_20240831 14,2200.758069430388
84_20240831 15,2284.9518203774765
84_20240831 16,2149.032810734153
84_20240831 17,2196.024955639304
84_20240831 18,2039.1279495849844
84_20240831 19,1932.8767684388215
84_20240831 20,1730.9448816206425
84_20240831 21,1626.0136532268448
84_20240831 22,1429.5211230549694
84_20240831 23,1253.8887925868808
85_20240825 00,22.998618405113625
85_20240825 01,18.02812057779768
85_20240825 02,15.575449183509463
85_20240825 03,14.455990598104542
85_20240825 04,14.082769639546271
85_20240825 05,14.268010645699997
85_20240825 06,12.01980911569283
85_20240825 07,16.95683501624915
85_20240825 08,25.431656350777143
85_20240825 09,35.07533640249271
85_20240825 10,37.741675514417864
85_20240825 11,35.444699127025785
85_20240825 12,33.44985618358449
85_20240825 13,30.331406608595348
85_20240825 14,27.54292438968639
85_20240825 15,26.691840800500145
85_20240825 16,29.175827517029525
85_20240825 17,33.27707312385619
85_20240825 18,37.211507876207094
85_20240825 19,39.47336743403738
85_20240825 20,46.06858936358131
85_20240825 21,47.95510743955055
85_20240825 22,40.05884294139963
85_20240825 23,29.730309839029967
85_20240826 00,20.948559787885472
85_20240826 01,17.009495662194865
85_20240826 02,14.86709654177669
85_20240826 03,14.14971275355337
85_20240826 04,14.262264089377116
85_20240826 05,14.362548028907778
85_20240826 06,17.2742139050475
85_20240826 07,33.07103604227175
85_20240826 08,35.30053947685485
85_20240826 09,29.914866019233802
85_20240826 10,24.845675286754155
85_20240826 11,24.234237626572515
85_20240826 12,22.870031626016605
85_20240826 13,21.335974576677483
85_20240826 14,19.338155381034888
85_20240826 15,18.30148588468596
85_20240826 16,20.118415582162445
85_20240826 17,27.026203600516194
85_20240826 18,34.121925483118375
85_20240826 19,40.7632589197245
85_20240826 20,48.525447073057165
85_20240826 21,48.00338472862907
85_20240826 22,39.18232719301942
85_20240826 23,28.85562892636188
85_20240827 00,21.1096457560307
85_20240827 01,17.048866827100568
85_20240827 02,14.757461241247148
85_20240827 03,14.097743515347455
85_20240827 04,13.813082088613644
85_20240827 05,13.998931595733497
85_20240827 06,16.440604137060447
85_20240827 07,31.95029808899033
85_20240827 08,34.386350673255734
85_20240827 09,28.45500940114887
85_20240827 10,23.260012267995474
85_20240827 11,22.448484247156628
85_20240827 12,20.068084371738642
85_20240827 13,18.370238988223672
85_20240827 14,17.840238536563415
85_20240827 15,17.512408270460043
85_20240827 16,18.373382499398723
85_20240827 17,24.8351382869465
85_20240827 18,33.24694797876095
85_20240827 19,38.70882308775994
85_20240827 20,48.13267109487805
85_20240827 21,46.93330123305208
85_20240827 22,39.35211519697467
85_20240827 23,30.24744264177253
85_20240828 00,20.76884355415609
85_20240828 01,16.9655432703474
85_20240828 02,14.790015765732798
85_20240828 03,14.329917136346438
85_20240828 04,14.11766094976408
85_20240828 05,14.097670303848652
85_20240828 06,16.493541891199584
85_20240828 07,31.9007187586409
85_20240828 08,34.23648910208916
85_20240828 09,28.79836985649662
85_20240828 10,23.177413564278282
85_20240828 11,20.653498851465315
85_20240828 12,19.01817911786216
85_20240828 13,18.17174395969086
85_20240828 14,19.2994189874834
85_20240828 15,17.477449856010814
85_20240828 16,18.592554560497604
85_20240828 17,24.440785282692275
85_20240828 18,33.542626819584534
85_20240828 19,38.92035015660717
85_20240828 20,45.352895437002395
85_20240828 21,46.375164905842226
85_20240828 22,39.342588389509636
85_20240828 23,29.41459660212444
85_20240829 00,21.829849197518037
85_20240829 01,16.96783318627248
85_20240829 02,14.84431288309167
85_20240829 03,13.907119450608295
85_20240829 04,13.7444811507862
85_20240829 05,14.173421149313974
85_20240829 06,16.36883927558234
85_20240829 07,31.3078632846559
85_20240829 08,33.3242785628316
85_20240829 09,31.263376486167623
85_20240829 10,25.111483562669548
85_20240829 11,22.661755522239623
85_20240829 12,20.315959015999812
85_20240829 13,19.387791217910827
85_20240829 14,17.670717332511845
85_20240829 15,18.064814302732323
85_20240829 16,20.026033642187002
85_20240829 17,24.700410907327104
85_20240829 18,32.680134640818174
85_20240829 19,38.522632378156985
85_20240829 20,46.272678396582755
85_20240829 21,44.61664591536519
85_20240829 22,39.64610246065631
85_20240829 23,28.745867257559215
85_20240830 00,20.79914375863038
85_20240830 01,17.327079041073716
85_20240830 02,14.730002302905678
85_20240830 03,14.053594866610144
85_20240830 04,14.198175903363941
85_20240830 05,13.975750256242613
85_20240830 06,16.467599904503857
85_20240830 07,31.803746239392687
85_20240830 08,34.6367830574469
85_20240830 09,30.297453719461764
85_20240830 10,23.475476308159386
85_20240830 11,22.654623343653768
85_20240830 12,20.054917538486514
85_20240830 13,19.298341058804198
85_20240830 14,18.900919183941244
85_20240830 15,18.484016755227174
85_20240830 16,20.26100388039056
85_20240830 17,25.707646712615286
85_20240830 18,30.26819391610403
85_20240830 19,37.05171148272686
85_20240830 20,42.75684811648387
85_20240830 21,42.19541650846855
85_20240830 22,37.5476274035794
85_20240830 23,30.99305337389889
85_20240831 00,22.98058997681692
85_20240831 01,17.955756662694082
85_20240831 02,14.862165136570535
85_20240831 03,14.132761506733685
85_20240831 04,14.024241169535614
85_20240831 05,13.77760958810919
85_20240831 06,12.653402854715456
85_20240831 07,18.99915007904562
85_20240831 08,28.999755810766352
85_20240831 09,38.08840334782125
85_20240831 10,36.68032967180978
85_20240831 11,33.808359834788064
85_20240831 12,29.329051343986055
85_20240831 13,26.668644309301357
85_20240831 14,24.252563832162146
85_20240831 15,23.092545665067327
85_20240831 16,24.96940826815794
85_20240831 17,28.375739165094622
85_20240831 18,28.696266562683977
85_20240831 19,33.775255327576616
85_20240831 20,38.803271273699096
85_20240831 21,39.736934754840256
85_20240831 22,37.0534609693744
85_20240831 23,30.187477488354958
86_20240825 00,673.0996659821044
86_20240825 01,647.096651048078
86_20240825 02,633.6847961529267
86_20240825 03,623.6854291607818
86_20240825 04,622.1756565218808
86_20240825 05,621.7342240088957
86_20240825 06,638.5425796885455
86_20240825 07,752.7315777963051
86_20240825 08,1069.995611224252
86_20240825 09,1119.648266742745
86_20240825 10,1166.24411962992
86_20240825 11,1234.1705254634105
86_20240825 12,1269.123102943023
86_20240825 13,1290.9216556631459
86_20240825 14,1343.6085974842088
86_20240825 15,1335.9569965128399
86_20240825 16,1364.785042673222
86_20240825 17,1391.9875059894441
86_20240825 18,1340.3371427561488
86_20240825 19,1313.0253592147014
86_20240825 20,1141.1172176309228
86_20240825 21,1048.004844266653
86_20240825 22,831.6656052383769
86_20240825 23,712.9787232349538
86_20240826 00,666.396336103016
86_20240826 01,644.0803411006068
86_20240826 02,634.0907107111293
86_20240826 03,628.2195669417181
86_20240826 04,629.3446830161256
86_20240826 05,633.9708513210692
86_20240826 06,703.0390621377264
86_20240826 07,1353.5362426836548
86_20240826 08,2152.5739585155943
86_20240826 09,2708.0443998540804
86_20240826 10,3057.0229745070696
86_20240826 11,3164.9121479596843
86_20240826 12,3126.15041822879
86_20240826 13,3142.054040367425
86_20240826 14,3120.7878068953423
86_20240826 15,3018.6719347777403
86_20240826 16,2961.1926382386882
86_20240826 17,2785.6320016173954
86_20240826 18,2449.2128479223475
86_20240826 19,2036.673576181463
86_20240826 20,1688.1258115418627
86_20240826 21,1362.5295703230197
86_20240826 22,1044.1098900898705
86_20240826 23,810.369662369179
86_20240827 00,717.5605264576873
86_20240827 01,683.935929941732
86_20240827 02,668.2180349615812
86_20240827 03,641.5824621688114
86_20240827 04,644.8913129295557
86_20240827 05,645.2816966865414
86_20240827 06,694.4929191156034
86_20240827 07,1209.5857767163552
86_20240827 08,2078.976481952558
86_20240827 09,2613.679486387467
86_20240827 10,2885.682046563625
86_20240827 11,2935.3487330367407
86_20240827 12,2947.9330192087086
86_20240827 13,2961.503873321049
86_20240827 14,2985.3850606202086
86_20240827 15,2896.559554349876
86_20240827 16,2869.0410712822836
86_20240827 17,2730.193300298982
86_20240827 18,2388.848536766892
86_20240827 19,1994.1679731399329
86_20240827 20,1631.6850574284479
86_20240827 21,1299.3793892911542
86_20240827 22,999.6116045950032
86_20240827 23,786.4788424357945
86_20240828 00,704.8781691464128
86_20240828 01,670.1006706757042
86_20240828 02,647.8839035924044
86_20240828 03,632.0411333188587
86_20240828 04,638.7037265545925
86_20240828 05,643.7096096053701
86_20240828 06,691.1722623963692
86_20240828 07,1231.4211588501676
86_20240828 08,2078.079243409547
86_20240828 09,2596.4195901230623
86_20240828 10,2904.012288754013
86_20240828 11,2987.9740168674575
86_20240828 12,3002.0723612087468
86_20240828 13,3022.635108347165
86_20240828 14,3045.1803255628247
86_20240828 15,2936.138249668177
86_20240828 16,2891.823594866181
86_20240828 17,2736.8039072496103
86_20240828 18,2387.4184165919887
86_20240828 19,2021.8271195607617
86_20240828 20,1662.588352206837
86_20240828 21,1334.436228274922
86_20240828 22,1029.1982936762006
86_20240828 23,790.8229592427126
86_20240829 00,697.9886658810783
86_20240829 01,660.8593012015292
86_20240829 02,641.5187748701062
86_20240829 03,624.1610344242747
86_20240829 04,625.3323933044851
86_20240829 05,630.69466474011
86_20240829 06,682.2096608891381
86_20240829 07,1123.0457772637187
86_20240829 08,1966.1282319154102
86_20240829 09,2553.92225737079
86_20240829 10,2865.932871747596
86_20240829 11,2953.961373892405
86_20240829 12,2974.0148560551334
86_20240829 13,2985.218100038425
86_20240829 14,2995.7363668778016
86_20240829 15,2929.448181086679
86_20240829 16,2855.093704701412
86_20240829 17,2672.667781515623
86_20240829 18,2267.9175374843
86_20240829 19,1926.4872491039791
86_20240829 20,1608.842288600606
86_20240829 21,1250.004053032253
86_20240829 22,985.9637599879582
86_20240829 23,774.115820095098
86_20240830 00,690.4674092349442
86_20240830 01,662.8318579007275
86_20240830 02,635.0287405257181
86_20240830 03,620.2214118261123
86_20240830 04,620.3966070276392
86_20240830 05,623.3874829337482
86_20240830 06,672.7226901063667
86_20240830 07,1117.7574844757837
86_20240830 08,1972.6562035590184
86_20240830 09,2483.7587981748156
86_20240830 10,2798.0745073047256
86_20240830 11,2878.8295869264443
86_20240830 12,2872.5628609342775
86_20240830 13,2884.0979790915917
86_20240830 14,2892.7805035587535
86_20240830 15,2802.504136849078
86_20240830 16,2765.6801006109936
86_20240830 17,2600.471588961288
86_20240830 18,2212.2977024293878
86_20240830 19,1871.4559420935475
86_20240830 20,1552.1497096428538
86_20240830 21,1250.472916047893
86_20240830 22,982.7601380806409
86_20240830 23,767.0847671528471
86_20240831 00,677.7414082883272
86_20240831 01,644.0062846435319
86_20240831 02,623.0256980806703
86_20240831 03,606.5301094892874
86_20240831 04,612.3237419092811
86_20240831 05,609.2763825140619
86_20240831 06,641.3729395711966
86_20240831 07,735.0820172752133
86_20240831 08,997.8661173999401
86_20240831 09,1048.224059785668
86_20240831 10,1162.4107675256728
86_20240831 11,1249.4809927913816
86_20240831 12,1299.3518929438612
86_20240831 13,1322.1914490619306
86_20240831 14,1316.924360685869
86_20240831 15,1308.8025437898339
86_20240831 16,1342.7672663929784
86_20240831 17,1358.9616180448074
86_20240831 18,1301.4680448195295
86_20240831 19,1268.2453663173653
86_20240831 20,1114.7870588470482
86_20240831 21,1032.1211737520125
86_20240831 22,822.8409829471875
86_20240831 23,703.1977564384861
87_20240825 00,1201.1415126148568
87_20240825 01,1239.2528810105828
87_20240825 02,1286.5455196955259
87_20240825 03,1310.6381131973865
87_20240825 04,1407.782217157794
87_20240825 05,1416.6693135472879
87_20240825 06,1365.5980775564453
87_20240825 07,1334.6615967621617
87_20240825 08,1350.659956738397
87_20240825 09,1286.0803577310096
87_20240825 10,1252.242089055453
87_20240825 11,1210.8375129173546
87_20240825 12,1137.2043038070963
87_20240825 13,1106.023609903155
87_20240825 14,1079.4675475748886
87_20240825 15,1058.8031486990665
87_20240825 16,1051.0745295762645
87_20240825 17,1035.114672270791
87_20240825 18,1014.0944228425524
87_20240825 19,1044.6115465070927
87_20240825 20,1251.4083053820445
87_20240825 21,2038.9233953754353
87_20240825 22,2571.4011652199133
87_20240825 23,2651.8570749631763
87_20240826 00,2674.4099132269885
87_20240826 01,2742.632840003463
87_20240826 02,2871.9967485746993
87_20240826 03,2865.256193561663
87_20240826 04,2773.35609969394
87_20240826 05,2413.0798855852595
87_20240826 06,2045.0850692903657
87_20240826 07,1872.8557062076584
87_20240826 08,1812.9439125223153
87_20240826 09,1680.2190739404568
87_20240826 10,1548.2485073214534
87_20240826 11,1452.804997439635
87_20240826 12,1319.5322394955958
87_20240826 13,1230.4348275048496
87_20240826 14,1190.7815154682587
87_20240826 15,1134.8024079662487
87_20240826 16,1117.1267672770182
87_20240826 17,1094.2948112082418
87_20240826 18,1077.234121561789
87_20240826 19,1128.8824110030237
87_20240826 20,1345.7688021328208
87_20240826 21,2115.511357383856
87_20240826 22,2511.193739858196
87_20240826 23,2616.4362237087626
87_20240827 00,2616.7838855672935
87_20240827 01,2694.8111341349827
87_20240827 02,2887.5743595732533
87_20240827 03,2868.698137897067
87_20240827 04,2779.0891664929622
87_20240827 05,2378.6015839862357
87_20240827 06,2046.6525469438807
87_20240827 07,1889.5113782022038
87_20240827 08,1770.9091741933703
87_20240827 09,1666.4732557915336
87_20240827 10,1549.9877123755723
87_20240827 11,1447.4536105470959
87_20240827 12,1314.0123463902764
87_20240827 13,1232.97937146798
87_20240827 14,1189.2282819117956
87_20240827 15,1122.3999585062616
87_20240827 16,1111.2492113424196
87_20240827 17,1096.9053653533929
87_20240827 18,1066.9312743641524
87_20240827 19,1102.4561467099015
87_20240827 20,1345.3677642483794
87_20240827 21,2102.630850057065
87_20240827 22,2528.6226379995037
87_20240827 23,2591.031311525911
87_20240828 00,2530.2992301036184
87_20240828 01,2589.7288184683766
87_20240828 02,2772.2933560155543
87_20240828 03,2744.4674575634785
87_20240828 04,2654.8502952353533
87_20240828 05,2311.5733166117325
87_20240828 06,2010.3406629620522
87_20240828 07,1852.0104059777323
87_20240828 08,1755.0239413271079
87_20240828 09,1679.5428728620618
87_20240828 10,1535.5644197540882
87_20240828 11,1463.3142851673272
87_20240828 12,1328.3961952542707
87_20240828 13,1230.1175589868417
87_20240828 14,1178.1524952453565
87_20240828 15,1105.006693191745
87_20240828 16,1096.0561228028153
87_20240828 17,1079.1448098095993
87_20240828 18,1052.4979264577114
87_20240828 19,1084.7957376459565
87_20240828 20,1295.9679262593609
87_20240828 21,1892.8942002180765
87_20240828 22,2199.1679729974007
87_20240828 23,2358.239672994402
87_20240829 00,2339.006373190531
87_20240829 01,2426.0340358659505
87_20240829 02,2564.24973323575
87_20240829 03,2581.9323916618255
87_20240829 04,2523.0585923499566
87_20240829 05,2226.739351864626
87_20240829 06,1915.8207162712079
87_20240829 07,1787.086594722921
87_20240829 08,1698.3991591394347
87_20240829 09,1614.4837141761677
87_20240829 10,1533.2474125580707
87_20240829 11,1438.729068400181
87_20240829 12,1265.169773194373
87_20240829 13,1198.180684947474
87_20240829 14,1152.750804372013
87_20240829 15,1086.0929170503
87_20240829 16,1068.6247997621153
87_20240829 17,1047.219755373908
87_20240829 18,1038.5584527949163
87_20240829 19,1070.4636278086869
87_20240829 20,1249.62756159511
87_20240829 21,1717.168952347802
87_20240829 22,1915.0664394933751
87_20240829 23,1935.305409068823
87_20240830 00,1911.3656988104824
87_20240830 01,2019.6269874452519
87_20240830 02,2202.9707483411844
87_20240830 03,2224.022741533274
87_20240830 04,2211.0983594278823
87_20240830 05,2042.5429767298624
87_20240830 06,1818.3599997612725
87_20240830 07,1679.687693398595
87_20240830 08,1600.9903783176985
87_20240830 09,1497.6355904532825
87_20240830 10,1461.1685562077237
87_20240830 11,1375.6857654734276
87_20240830 12,1212.0266475457088
87_20240830 13,1119.9772644161771
87_20240830 14,1071.7257060757104
87_20240830 15,1055.8533356210837
87_20240830 16,1025.856315470332
87_20240830 17,1019.3736008326924
87_20240830 18,994.5755292843955
87_20240830 19,1011.8978591221555
87_20240830 20,1111.607162975047
87_20240830 21,1214.6241222960439
87_20240830 22,1299.2862256485944
87_20240830 23,1334.1611482894673
87_20240831 00,1227.1710981657643
87_20240831 01,1264.7809461786314
87_20240831 02,1381.7115280433045
87_20240831 03,1479.069984492603
87_20240831 04,1518.3279203891802
87_20240831 05,1471.9079638971757
87_20240831 06,1363.9169374111234
87_20240831 07,1307.0595450736876
87_20240831 08,1289.080494885899
87_20240831 09,1220.6824070534612
87_20240831 10,1181.103962558978
87_20240831 11,1136.2972670124534
87_20240831 12,1072.7424686927343
87_20240831 13,1045.821527521476
87_20240831 14,1025.1169390368345
87_20240831 15,1005.9879801425283
87_20240831 16,1000.8816064004266
87_20240831 17,996.7345503288161
87_20240831 18,973.4428945022466
87_20240831 19,986.8636705607886
87_20240831 20,1037.1696941728728
87_20240831 21,1114.615438363378
87_20240831 22,1156.0922881077943
87_20240831 23,1163.1287205768563
88_20240825 00,963.7841475118538
88_20240825 01,852.6779530095765
88_20240825 02,782.584644124132
88_20240825 03,773.8077355002911
88_20240825 04,719.9302869677804
88_20240825 05,708.485346616962
88_20240825 06,735.0214210106026
88_20240825 07,1039.008001357396
88_20240825 08,1501.0756023890867
88_20240825 09,2642.1849862665695
88_20240825 10,5021.316378781894
88_20240825 11,5580.008858566732
88_20240825 12,5672.372551454928
88_20240825 13,5798.967842538081
88_20240825 14,5846.2052806176125
88_20240825 15,5813.66205331756
88_20240825 16,5832.055702823411
88_20240825 17,5675.10141913628
88_20240825 18,5453.850264142156
88_20240825 19,5139.018762933471
88_20240825 20,4735.172784235557
88_20240825 21,2288.6380719096433
88_20240825 22,1261.8098953587216
88_20240825 23,1106.7230354159133
88_20240826 00,915.1924574212055
88_20240826 01,820.4433745581038
88_20240826 02,795.8842117949985
88_20240826 03,801.0954907857482
88_20240826 04,763.3591360649065
88_20240826 05,757.7041829388844
88_20240826 06,765.9863771005282
88_20240826 07,1000.2299770304579
88_20240826 08,1318.922265803613
88_20240826 09,2328.757738534407
88_20240826 10,4712.792428132336
88_20240826 11,5201.6982769098795
88_20240826 12,5229.543972789452
88_20240826 13,5227.8751082535455
88_20240826 14,5209.303552901161
88_20240826 15,5109.578598272647
88_20240826 16,5019.719917527701
88_20240826 17,4968.662911858246
88_20240826 18,4892.147716979653
88_20240826 19,4728.600495469985
88_20240826 20,4446.575836112302
88_20240826 21,2149.788759213297
88_20240826 22,1227.4726044327035
88_20240826 23,1055.7723633165429
88_20240827 00,891.3652159866176
88_20240827 01,807.1396374842873
88_20240827 02,778.8048177106887
88_20240827 03,781.2903707051465
88_20240827 04,726.6733093142801
88_20240827 05,702.7521264983483
88_20240827 06,708.954327453595
88_20240827 07,996.6963025511909
88_20240827 08,1311.850766058391
88_20240827 09,2271.169638734155
88_20240827 10,4450.539742163724
88_20240827 11,4953.150114645934
88_20240827 12,4959.558695754352
88_20240827 13,5003.011309601593
88_20240827 14,4993.604023316193
88_20240827 15,4933.940699930685
88_20240827 16,4838.688553759897
88_20240827 17,4673.7305411188
88_20240827 18,4582.995073488087
88_20240827 19,4425.829140037369
88_20240827 20,4163.184792080507
88_20240827 21,2165.6481280259277
88_20240827 22,1227.6293010384545
88_20240827 23,1018.1757948939622
88_20240828 00,905.5168283851262
88_20240828 01,826.810219871628
88_20240828 02,806.1511649044002
88_20240828 03,810.9833860925755
88_20240828 04,760.9077220211545
88_20240828 05,737.0530125505909
88_20240828 06,752.4487299523967
88_20240828 07,1023.302856092347
88_20240828 08,1427.3852216934365
88_20240828 09,2424.556087185014
88_20240828 10,4478.8061072362925
88_20240828 11,4986.981774479527
88_20240828 12,5016.529777510326
88_20240828 13,5005.490235839227
88_20240828 14,5025.77942743875
88_20240828 15,4966.050758881087
88_20240828 16,4910.492367899161
88_20240828 17,4803.1855827473555
88_20240828 18,4667.703300359869
88_20240828 19,4456.557182447195
88_20240828 20,4230.951463837906
88_20240828 21,2270.4974544895563
88_20240828 22,1246.837540349752
88_20240828 23,1077.1088380867714
88_20240829 00,907.1532268547585
88_20240829 01,825.53170265596
88_20240829 02,806.9521785688029
88_20240829 03,790.2845526444486
88_20240829 04,737.0292953806538
88_20240829 05,733.2285447636813
88_20240829 06,753.2563045799919
88_20240829 07,1039.0944486912538
88_20240829 08,1455.0943855708038
88_20240829 09,2591.7775051557924
88_20240829 10,4480.685976690182
88_20240829 11,5069.23302149727
88_20240829 12,5157.115294719146
88_20240829 13,5169.291605392957
88_20240829 14,5072.103327967395
88_20240829 15,5032.707031060097
88_20240829 16,4895.118771856493
88_20240829 17,4709.498512426921
88_20240829 18,4566.535641436776
88_20240829 19,4434.647195863464
88_20240829 20,4193.035374045279
88_20240829 21,2151.4303553304057
88_20240829 22,1219.3885444658108
88_20240829 23,1064.059616723977
88_20240830 00,913.8969948996197
88_20240830 01,830.1498684997225
88_20240830 02,799.7816985813512
88_20240830 03,810.7244460009213
88_20240830 04,759.3434071862448
88_20240830 05,735.9834644309733
88_20240830 06,738.525068470452
88_20240830 07,983.4629733890392
88_20240830 08,1442.5469690777627
88_20240830 09,2546.373759392417
88_20240830 10,4487.432577173665
88_20240830 11,4990.450070400252
88_20240830 12,5148.443618874859
88_20240830 13,5154.65180975506
88_20240830 14,5080.516905614118
88_20240830 15,4970.748658394185
88_20240830 16,4940.107282603614
88_20240830 17,4869.880089417152
88_20240830 18,4756.43241960417
88_20240830 19,4601.899736142401
88_20240830 20,4249.465109290825
88_20240830 21,2349.8494801501092
88_20240830 22,1256.983978922553
88_20240830 23,1084.057510508263
88_20240831 00,972.9527633417762
88_20240831 01,852.0873241067065
88_20240831 02,804.91749803112
88_20240831 03,805.419061550079
88_20240831 04,751.6658207344078
88_20240831 05,748.457492836598
88_20240831 06,790.0824110857304
88_20240831 07,1118.1770784088303
88_20240831 08,1550.6385052758983
88_20240831 09,2637.542038727096
88_20240831 10,4645.186854820259
88_20240831 11,5213.902457087186
88_20240831 12,5355.974666110349
88_20240831 13,5545.4779053857155
88_20240831 14,5585.692383519519
88_20240831 15,5606.725460205033
88_20240831 16,5592.794122216127
88_20240831 17,5512.420648073625
88_20240831 18,5243.898438881235
88_20240831 19,4849.941652205391
88_20240831 20,4396.7940518068335
88_20240831 21,2370.7871710594886
88_20240831 22,1224.7644811263376
88_20240831 23,1073.4723376831375
89_20240825 00,8774.871301586303
89_20240825 01,8151.481287981083
89_20240825 02,7745.675515634825
89_20240825 03,7612.980997618787
89_20240825 04,7337.78411065681
89_20240825 05,7428.393757302535
89_20240825 06,7500.736636888296
89_20240825 07,7611.750830429688
89_20240825 08,7698.022654415661
89_20240825 09,8003.902047216641
89_20240825 10,8268.514692724766
89_20240825 11,8347.810798779956
89_20240825 12,8293.503881454515
89_20240825 13,8317.51944474418
89_20240825 14,8384.957789781425
89_20240825 15,8457.16824261693
89_20240825 16,8413.846458288492
89_20240825 17,8415.132527478498
89_20240825 18,8419.284333916117
89_20240825 19,8536.641188040558
89_20240825 20,8627.9704537265
89_20240825 21,8412.573470324287
89_20240825 22,8551.409057455392
89_20240825 23,8998.973000044125
89_20240826 00,8553.122660850831
89_20240826 01,8031.074101787703
89_20240826 02,7757.436356639816
89_20240826 03,7468.419449230279
89_20240826 04,7313.955908660321
89_20240826 05,7472.93875583226
89_20240826 06,7528.005522249152
89_20240826 07,7631.667247518716
89_20240826 08,7596.480492774684
89_20240826 09,7854.531248550741
89_20240826 10,8209.684259227608
89_20240826 11,8266.595251797195
89_20240826 12,8262.048946044539
89_20240826 13,8283.493366695147
89_20240826 14,8317.25126735441
89_20240826 15,8357.24328054431
89_20240826 16,8327.312588957055
89_20240826 17,8289.981886583995
89_20240826 18,8281.217453103407
89_20240826 19,8240.456252263783
89_20240826 20,8380.988858025772
89_20240826 21,8290.081261053023
89_20240826 22,8522.202213941257
89_20240826 23,8813.062311037535
89_20240827 00,8540.76652323424
89_20240827 01,7936.819722007249
89_20240827 02,7539.23769435211
89_20240827 03,7439.995829941248
89_20240827 04,7379.46930154211
89_20240827 05,7453.065294086407
89_20240827 06,7457.306928450207
89_20240827 07,7550.852595613354
89_20240827 08,7441.069918103357
89_20240827 09,7728.5652395638845
89_20240827 10,7946.381608469578
89_20240827 11,8065.6874744835895
89_20240827 12,8096.005802204685
89_20240827 13,8139.551318247013
89_20240827 14,8213.561377269265
89_20240827 15,8225.537655687247
89_20240827 16,8170.705805636056
89_20240827 17,8253.414056186897
89_20240827 18,8164.544127817179
89_20240827 19,8145.881867075861
89_20240827 20,8233.156186846147
89_20240827 21,8248.80638277737
89_20240827 22,8270.790692809125
89_20240827 23,8715.107478646738
89_20240828 00,8317.002841672509
89_20240828 01,7870.969821953845
89_20240828 02,7469.463297759278
89_20240828 03,7409.179854871764
89_20240828 04,7294.016809323908
89_20240828 05,7460.559075758406
89_20240828 06,7514.630661107114
89_20240828 07,7547.507970164279
89_20240828 08,7161.708401266391
89_20240828 09,7461.806086082193
89_20240828 10,7942.895949478407
89_20240828 11,8108.638435581821
89_20240828 12,8081.0907617852
89_20240828 13,8124.248012946083
89_20240828 14,8205.530397072449
89_20240828 15,8248.521134370656
89_20240828 16,8230.471329924363
89_20240828 17,8327.98870995784
89_20240828 18,8271.918262292187
89_20240828 19,8157.000615418251
89_20240828 20,8190.226584392592
89_20240828 21,8164.756706688648
89_20240828 22,8402.007448003002
89_20240828 23,8749.45299815997
89_20240829 00,8393.426866261954
89_20240829 01,7852.490619759074
89_20240829 02,7534.0696234819225
89_20240829 03,7404.50528556654
89_20240829 04,7214.503814528667
89_20240829 05,7320.773902652154
89_20240829 06,7452.748162117118
89_20240829 07,7571.923831610427
89_20240829 08,7220.545511940489
89_20240829 09,7500.721336824635
89_20240829 10,7908.942840488444
89_20240829 11,8041.934215383098
89_20240829 12,8028.426100228306
89_20240829 13,8070.523818115633
89_20240829 14,8130.784822516436
89_20240829 15,8150.594313775395
89_20240829 16,8082.466991275709
89_20240829 17,8151.115787233241
89_20240829 18,8295.039742044828
89_20240829 19,8138.234686046654
89_20240829 20,8242.31089792122
89_20240829 21,8251.710857294896
89_20240829 22,8289.82270034208
89_20240829 23,8523.887473777693
89_20240830 00,8094.2397892391455
89_20240830 01,7612.163113252415
89_20240830 02,7313.011438887962
89_20240830 03,7286.141515703664
89_20240830 04,7096.195675646386
89_20240830 05,7230.5344637915005
89_20240830 06,7314.557086884122
89_20240830 07,7544.933298614946
89_20240830 08,7036.793426492835
89_20240830 09,7302.604366640001
89_20240830 10,7785.583846993982
89_20240830 11,7969.712244456725
89_20240830 12,7963.32690492974
89_20240830 13,8015.7551175662575
89_20240830 14,8071.565595388833
89_20240830 15,8082.589250683375
89_20240830 16,8123.643198315238
89_20240830 17,8227.440773796372
89_20240830 18,8293.637269498284
89_20240830 19,8242.105247857136
89_20240830 20,8283.823715635452
89_20240830 21,8176.428331393086
89_20240830 22,8239.238565574453
89_20240830 23,8259.886327991195
89_20240831 00,7893.950588109404
89_20240831 01,7563.370744878528
89_20240831 02,7353.304525132275
89_20240831 03,7273.497172374685
89_20240831 04,7072.220838884003
89_20240831 05,7211.594334574407
89_20240831 06,7237.441400415772
89_20240831 07,7474.802553236325
89_20240831 08,7055.226998609542
89_20240831 09,7217.739276198511
89_20240831 10,7575.9905449331245
89_20240831 11,7758.176916893328
89_20240831 12,7786.1773770858945
89_20240831 13,7847.310518061425
89_20240831 14,7993.671029254826
89_20240831 15,8057.6708501446865
89_20240831 16,7993.114985626875
89_20240831 17,8118.182845217024
89_20240831 18,8257.204251804866
89_20240831 19,8233.029042001705
89_20240831 20,8194.275172237118
89_20240831 21,8134.189184139099
89_20240831 22,8243.093876143437
89_20240831 23,8398.15668325664
90_20240825 00,1865.4747700917048
90_20240825 01,1901.8611399413685
90_20240825 02,1892.237834661743
90_20240825 03,1861.1745452470768
90_20240825 04,1855.310300019212
90_20240825 05,1896.9004485069222
90_20240825 06,1955.0732064738907
90_20240825 07,2013.6485535881873
90_20240825 08,2085.018405882382
90_20240825 09,2159.867627130429
90_20240825 10,2159.5311580714765
90_20240825 11,2126.4023403856586
90_20240825 12,2164.893235602023
90_20240825 13,2140.556402612462
90_20240825 14,2116.040110401859
90_20240825 15,2142.872896686603
90_20240825 16,2197.404848894291
90_20240825 17,2167.1669054928384
90_20240825 18,2139.026084864731
90_20240825 19,2083.637640462708
90_20240825 20,2075.2804141127244
90_20240825 21,1997.7803645840997
90_20240825 22,1946.2823303678579
90_20240825 23,1853.4289148479525
90_20240826 00,1851.938769260349
90_20240826 01,1847.4819965374554
90_20240826 02,1845.1705982751243
90_20240826 03,1853.0746334840073
90_20240826 04,1861.964315249325
90_20240826 05,1918.3914465979253
90_20240826 06,2056.9403438987797
90_20240826 07,2593.163594541163
90_20240826 08,3041.4152204121924
90_20240826 09,3240.804939772358
90_20240826 10,3253.565111896884
90_20240826 11,3229.5110083798672
90_20240826 12,3133.7307902457806
90_20240826 13,3152.987942583919
90_20240826 14,3177.2822823902325
90_20240826 15,3187.060987301088
90_20240826 16,3142.6938977124228
90_20240826 17,2922.8348591542726
90_20240826 18,2477.1568976110366
90_20240826 19,2169.7238289964516
90_20240826 20,2100.3608896068436
90_20240826 21,2059.64283168874
90_20240826 22,1931.4123722520867
90_20240826 23,1828.470605883777
90_20240827 00,1831.1127009630331
90_20240827 01,1835.0212710342555
90_20240827 02,1834.7998533066066
90_20240827 03,1836.95155751423
90_20240827 04,1850.7363284585153
90_20240827 05,1941.1375399651124
90_20240827 06,2065.9246944782208
90_20240827 07,2535.4891731465314
90_20240827 08,3029.504203650967
90_20240827 09,3201.3417778163202
90_20240827 10,3210.228658970082
90_20240827 11,3153.800697358917
90_20240827 12,3062.1208335002702
90_20240827 13,3078.288331092788
90_20240827 14,3120.4439955550233
90_20240827 15,3138.2715251790532
90_20240827 16,3085.772627841472
90_20240827 17,2884.033908580989
90_20240827 18,2469.60637191514
90_20240827 19,2146.834380048591
90_20240827 20,2120.4852790929817
90_20240827 21,2066.788183005459
90_20240827 22,1981.0578669404808
90_20240827 23,1831.6203732572562
90_20240828 00,1870.481389923624
90_20240828 01,1846.4953784520021
90_20240828 02,1831.1647329807788
90_20240828 03,1796.4332725320187
90_20240828 04,1779.6548030745844
90_20240828 05,1801.154687490324
90_20240828 06,1984.7484763072632
90_20240828 07,2498.13126335616
90_20240828 08,2980.5275081920754
90_20240828 09,3157.9932021302657
90_20240828 10,3169.6361721455914
90_20240828 11,3151.8974066641376
90_20240828 12,3063.211234658979
90_20240828 13,3065.5565250135583
90_20240828 14,3087.4381058516137
90_20240828 15,3108.2368528025313
90_20240828 16,3073.958369431927
90_20240828 17,2855.688550087911
90_20240828 18,2406.81523931986
90_20240828 19,2137.8661991159097
90_20240828 20,2095.1826926774484
90_20240828 21,2054.3384230684505
90_20240828 22,1939.2575556740753
90_20240828 23,1821.690933157527
90_20240829 00,1821.4063348109196
90_20240829 01,1837.583614461513
90_20240829 02,1823.7049505739233
90_20240829 03,1821.1271181841153
90_20240829 04,1811.4206517049856
90_20240829 05,1882.843260910343
90_20240829 06,2013.14073566993
90_20240829 07,2503.6080192234417
90_20240829 08,2983.221236220101
90_20240829 09,3164.573520044198
90_20240829 10,3176.1929571980972
90_20240829 11,3150.81052326556
90_20240829 12,3048.2133074851545
90_20240829 13,3059.916120953605
90_20240829 14,3075.2512096947758
90_20240829 15,3095.687787323471
90_20240829 16,3040.147221811031
90_20240829 17,2847.838063694594
90_20240829 18,2431.2306170103607
90_20240829 19,2156.2773147283206
90_20240829 20,2059.401413101363
90_20240829 21,2008.6606892131388
90_20240829 22,1905.9102026165697
90_20240829 23,1815.304844622346
90_20240830 00,1807.188462111571
90_20240830 01,1802.8906813729723
90_20240830 02,1765.1741371687374
90_20240830 03,1778.632687694231
90_20240830 04,1785.8494066568821
90_20240830 05,1823.6192382818585
90_20240830 06,1959.6771985751088
90_20240830 07,2514.12019072302
90_20240830 08,2958.3559225028985
90_20240830 09,3124.6651731878555
90_20240830 10,3133.923830430562
90_20240830 11,3113.5831247498154
90_20240830 12,3034.8008205627657
90_20240830 13,3050.197959717737
90_20240830 14,3062.5907803329674
90_20240830 15,3085.4136045011237
90_20240830 16,3055.6734088197272
90_20240830 17,2848.4991500716815
90_20240830 18,2399.7563676744185
90_20240830 19,2129.010780596663
90_20240830 20,2083.278033320278
90_20240830 21,2044.1604119625256
90_20240830 22,1974.881340417915
90_20240830 23,1886.8902113310776
90_20240831 00,1793.982378669219
90_20240831 01,1793.3081600601904
90_20240831 02,1738.7318212917785
90_20240831 03,1726.083946909328
90_20240831 04,1740.4811887366
90_20240831 05,1785.6900954219982
90_20240831 06,1813.0654133638427
90_20240831 07,1887.014776669525
90_20240831 08,2047.1373595104378
90_20240831 09,2158.976679831044
90_20240831 10,2157.384520823543
90_20240831 11,2120.958708096938
90_20240831 12,2170.359714978128
90_20240831 13,2140.9810814168604
90_20240831 14,2133.6956512968436
90_20240831 15,2133.879946610903
90_20240831 16,2159.5097485252477
90_20240831 17,2124.9668504364154
90_20240831 18,2107.1437844316474
90_20240831 19,2067.127782657704
90_20240831 20,2047.9939413358652
90_20240831 21,1963.2391981901922
90_20240831 22,1894.507432490842
90_20240831 23,1815.0740261950066
91_20240825 00,1878.4963307213118
91_20240825 01,1616.1478531832954
91_20240825 02,1472.9875281270954
91_20240825 03,1338.7877281300011
91_20240825 04,1252.104978268218
91_20240825 05,1222.2609337728118
91_20240825 06,1240.1761130953385
91_20240825 07,1377.8046662152274
91_20240825 08,1581.3867544577602
91_20240825 09,1776.7210032744174
91_20240825 10,1927.3317507163742
91_20240825 11,2011.4245086470464
91_20240825 12,2117.1154976719463
91_20240825 13,2178.639202087074
91_20240825 14,2240.185320269286
91_20240825 15,2209.8606177230545
91_20240825 16,2233.0818133782523
91_20240825 17,2323.9472725958763
91_20240825 18,2532.5615284296555
91_20240825 19,2657.756421721059
91_20240825 20,2680.4553396995743
91_20240825 21,2635.9161732189004
91_20240825 22,2479.2344500853724
91_20240825 23,2191.778059150898
91_20240826 00,1788.6729494915796
91_20240826 01,1538.3924313037696
91_20240826 02,1382.5747270507848
91_20240826 03,1274.1491932905885
91_20240826 04,1238.6749522121947
91_20240826 05,1223.4633440181187
91_20240826 06,1288.163119654952
91_20240826 07,1520.762202255382
91_20240826 08,1611.9076374284869
91_20240826 09,1592.0568965964062
91_20240826 10,1650.8421811346589
91_20240826 11,1688.669232614571
91_20240826 12,1736.9284611015087
91_20240826 13,1758.587500649407
91_20240826 14,1750.2464416872897
91_20240826 15,1721.2371398125413
91_20240826 16,1753.158412243566
91_20240826 17,2009.1963700103638
91_20240826 18,2316.0156792718803
91_20240826 19,2436.9892320390686
91_20240826 20,2492.342478466105
91_20240826 21,2412.615022556628
91_20240826 22,2234.831549870817
91_20240826 23,2021.4903025749322
91_20240827 00,1650.3046103943045
91_20240827 01,1469.9575638037009
91_20240827 02,1300.5906097766008
91_20240827 03,1224.2234017837714
91_20240827 04,1171.8917984929267
91_20240827 05,1171.6477261945413
91_20240827 06,1228.2055000990597
91_20240827 07,1466.6546452369562
91_20240827 08,1550.5042461374446
91_20240827 09,1520.3853756095036
91_20240827 10,1520.900845710306
91_20240827 11,1561.80440087425
91_20240827 12,1621.3663468219563
91_20240827 13,1641.2329077965019
91_20240827 14,1659.0909833559576
91_20240827 15,1630.1066097794915
91_20240827 16,1659.7204854289191
91_20240827 17,1892.3290682152672
91_20240827 18,2176.308566155247
91_20240827 19,2440.34447555293
91_20240827 20,2469.8010211026813
91_20240827 21,2408.966163537313
91_20240827 22,2192.0212055172738
91_20240827 23,1979.0710469727942
91_20240828 00,1667.31557661874
91_20240828 01,1451.063143775354
91_20240828 02,1260.3755477357909
91_20240828 03,1172.494568189484
91_20240828 04,1117.5496565625276
91_20240828 05,1111.6881397676866
91_20240828 06,1170.8218202191083
91_20240828 07,1396.2874229235435
91_20240828 08,1497.0162384415007
91_20240828 09,1456.2766143663805
91_20240828 10,1487.1122900871264
91_20240828 11,1540.886785579141
91_20240828 12,1586.0153598472352
91_20240828 13,1599.2315501760681
91_20240828 14,1606.6182795766908
91_20240828 15,1640.0850645902053
91_20240828 16,1706.1921954123382
91_20240828 17,1907.5059731726901
91_20240828 18,2173.4745364791806
91_20240828 19,2321.6363064833317
91_20240828 20,2315.4532784592448
91_20240828 21,2277.7469809701724
91_20240828 22,2164.7935771056364
91_20240828 23,1919.7918788695815
91_20240829 00,1615.0161998648039
91_20240829 01,1413.5577494236686
91_20240829 02,1267.3589893726567
91_20240829 03,1192.954987884525
91_20240829 04,1160.293276852773
91_20240829 05,1145.604756505394
91_20240829 06,1189.4185013093836
91_20240829 07,1375.0478683748083
91_20240829 08,1470.7396324700176
91_20240829 09,1477.7244002270527
91_20240829 10,1483.8746109020015
91_20240829 11,1530.7272990679035
91_20240829 12,1579.0476912206555
91_20240829 13,1588.9117366491337
91_20240829 14,1602.5397170161823
91_20240829 15,1696.5949827215504
91_20240829 16,1727.4197652802945
91_20240829 17,1867.0670359536998
91_20240829 18,2177.34658564655
91_20240829 19,2382.0934744010474
91_20240829 20,2360.120552229166
91_20240829 21,2311.7105445295065
91_20240829 22,2170.753375298141
91_20240829 23,1908.693599700333
91_20240830 00,1591.2710693641059
91_20240830 01,1390.0631241333829
91_20240830 02,1244.7169554723243
91_20240830 03,1176.8656624063105
91_20240830 04,1133.323960324241
91_20240830 05,1117.1979627905139
91_20240830 06,1187.2903542138752
91_20240830 07,1350.6232189514521
91_20240830 08,1434.5118439738153
91_20240830 09,1431.7967232819242
91_20240830 10,1460.6933706251657
91_20240830 11,1491.3760350357377
91_20240830 12,1536.721917853978
91_20240830 13,1539.9387228061928
91_20240830 14,1571.212534366895
91_20240830 15,1596.5810680642335
91_20240830 16,1663.9979508599636
91_20240830 17,1797.3768710879367
91_20240830 18,2046.9538208858958
91_20240830 19,2230.5237042649405
91_20240830 20,2203.501981795314
91_20240830 21,2166.8172975963826
91_20240830 22,2066.3931156316694
91_20240830 23,1876.9787892920056
91_20240831 00,1618.8078130949475
91_20240831 01,1410.238261523842
91_20240831 02,1256.831873771301
91_20240831 03,1175.1848731727518
91_20240831 04,1116.5610956961264
91_20240831 05,1082.8161691856594
91_20240831 06,1115.8080432632921
91_20240831 07,1226.8088247351088
91_20240831 08,1386.4099478902526
91_20240831 09,1524.6145990222594
91_20240831 10,1629.9861227673612
91_20240831 11,1691.929256129748
91_20240831 12,1765.423524305656
91_20240831 13,1796.0127104442888
91_20240831 14,1792.798319830891
91_20240831 15,1820.4223815422606
91_20240831 16,1796.3642819089114
91_20240831 17,1873.3544531264868
91_20240831 18,1990.8466992705412
91_20240831 19,2056.1954587518003
91_20240831 20,2108.9113945413633
91_20240831 21,2115.9045798005595
91_20240831 22,2015.3737925815851
91_20240831 23,1791.4599727692646
92_20240825 00,278.0905881024662
92_20240825 01,279.32584077872446
92_20240825 02,278.9902779156018
92_20240825 03,284.41149943949864
92_20240825 04,298.25635906628577
92_20240825 05,506.88637780748695
92_20240825 06,526.6755488105675
92_20240825 07,739.1377921153055
92_20240825 08,782.4817897172632
92_20240825 09,805.3104962490066
92_20240825 10,802.9650449475155
92_20240825 11,805.1035445617368
92_20240825 12,828.1293174703593
92_20240825 13,810.7419051100209
92_20240825 14,819.2097195905162
92_20240825 15,764.0203842339376
92_20240825 16,627.7788561262879
92_20240825 17,499.7509278530774
92_20240825 18,314.86325908036054
92_20240825 19,289.33277722362106
92_20240825 20,303.3464618418415
92_20240825 21,301.72737224115974
92_20240825 22,302.48759879024556
92_20240825 23,283.4646237485336
92_20240826 00,285.03572554488983
92_20240826 01,285.5382539497656
92_20240826 02,286.5906324321375
92_20240826 03,285.6502715008901
92_20240826 04,306.1892338324973
92_20240826 05,499.19027934507994
92_20240826 06,543.7681441102895
92_20240826 07,759.3949540713711
92_20240826 08,790.382143974878
92_20240826 09,812.6577119262702
92_20240826 10,813.1285127580813
92_20240826 11,813.8038900453769
92_20240826 12,828.982534242087
92_20240826 13,816.4151689194211
92_20240826 14,820.661521471357
92_20240826 15,795.8756798240804
92_20240826 16,641.8933842624356
92_20240826 17,485.376305013605
92_20240826 18,316.58012059410294
92_20240826 19,290.99633611957296
92_20240826 20,308.7106102973785
92_20240826 21,304.653391223914
92_20240826 22,303.86023125051486
92_20240826 23,282.0451659326359
92_20240827 00,281.6535420867905
92_20240827 01,282.741602210576
92_20240827 02,282.55453030814243
92_20240827 03,282.13447507042764
92_20240827 04,302.0402784050017
92_20240827 05,463.05034738158093
92_20240827 06,506.9662338760571
92_20240827 07,716.810278425582
92_20240827 08,746.0909741021292
92_20240827 09,771.9655924133297
92_20240827 10,768.2985399984366
92_20240827 11,759.5977786894534
92_20240827 12,774.4692514587937
92_20240827 13,786.7303209914742
92_20240827 14,787.32886574319
92_20240827 15,752.8707943447264
92_20240827 16,581.291931535683
92_20240827 17,465.2804040777644
92_20240827 18,304.39204607205124
92_20240827 19,281.1653465696976
92_20240827 20,296.47962941849715
92_20240827 21,293.6082110109731
92_20240827 22,290.02244126856726
92_20240827 23,270.7449958490031
92_20240828 00,270.55697369440594
92_20240828 01,270.7826503421797
92_20240828 02,270.7230161201513
92_20240828 03,269.9416009630984
92_20240828 04,288.1251976394533
92_20240828 05,459.8956532426487
92_20240828 06,472.8692701945729
92_20240828 07,683.775339655786
92_20240828 08,722.9035027841032
92_20240828 09,771.2995203596646
92_20240828 10,777.7902975610203
92_20240828 11,766.3373042139406
92_20240828 12,788.7950205973693
92_20240828 13,780.8146092907834
92_20240828 14,772.4123079670576
92_20240828 15,734.5717451612063
92_20240828 16,613.6585545497294
92_20240828 17,467.3035319218705
92_20240828 18,300.71821267952186
92_20240828 19,279.42060749848633
92_20240828 20,288.55668763884813
92_20240828 21,287.0948275264771
92_20240828 22,292.01385608913824
92_20240828 23,275.2985279957069
92_20240829 00,274.28409670189126
92_20240829 01,275.4572110659162
92_20240829 02,271.0323248041322
92_20240829 03,269.45474489275136
92_20240829 04,284.9074685519278
92_20240829 05,454.52047238123
92_20240829 06,473.7399012501845
92_20240829 07,685.8447003729732
92_20240829 08,717.4352429542363
92_20240829 09,763.4504928473991
92_20240829 10,771.171111189986
92_20240829 11,766.1192406548124
92_20240829 12,798.2008527629855
92_20240829 13,767.1812824833124
92_20240829 14,770.7333352538049
92_20240829 15,740.3174996558305
92_20240829 16,605.7272276465653
92_20240829 17,473.7277957324281
92_20240829 18,298.0453704610172
92_20240829 19,279.84233709513205
92_20240829 20,293.9884489475646
92_20240829 21,289.8551586210379
92_20240829 22,287.7768352702442
92_20240829 23,274.04074172978704
92_20240830 00,272.3044685834068
92_20240830 01,273.87178645873104
92_20240830 02,267.6896304325928
92_20240830 03,266.8758175152041
92_20240830 04,283.3165414214309
92_20240830 05,451.71250059832875
92_20240830 06,473.22751075996155
92_20240830 07,687.4676385804964
92_20240830 08,705.166419403618
92_20240830 09,759.7695759393325
92_20240830 10,760.3050647303312
92_20240830 11,756.0932637978764
92_20240830 12,791.9084779086154
92_20240830 13,759.7792287719327
92_20240830 14,778.0505224894288
92_20240830 15,737.8168107945056
92_20240830 16,577.0681224917702
92_20240830 17,457.8969452048059
92_20240830 18,309.1112300981897
92_20240830 19,279.8480480960435
92_20240830 20,293.1224442016852
92_20240830 21,290.9116398983488
92_20240830 22,290.7748850385313
92_20240830 23,272.5868839941056
92_20240831 00,261.97912239369174
92_20240831 01,261.58305201200756
92_20240831 02,262.14731218227234
92_20240831 03,265.8019022578205
92_20240831 04,293.15292886448196
92_20240831 05,435.6410666308433
92_20240831 06,459.21880308445765
92_20240831 07,666.6882184712772
92_20240831 08,707.5597898434504
92_20240831 09,744.548311381111
92_20240831 10,754.0870766542016
92_20240831 11,755.5631554321001
92_20240831 12,781.2925816154277
92_20240831 13,758.4746041659275
92_20240831 14,778.2553832372413
92_20240831 15,737.9588161764841
92_20240831 16,582.183447813256
92_20240831 17,460.6115185171888
92_20240831 18,293.496309372306
92_20240831 19,274.10765743739364
92_20240831 20,290.24979123034433
92_20240831 21,289.298175828319
92_20240831 22,288.96648335285204
92_20240831 23,275.2496334762904
93_20240825 00,1637.7916128703105
93_20240825 01,1417.3278155778585
93_20240825 02,1253.05127830828
93_20240825 03,1178.9822959879486
93_20240825 04,1114.3728007910254
93_20240825 05,1086.132932028709
93_20240825 06,1121.7711654121556
93_20240825 07,1224.580711577611
93_20240825 08,1448.3426646200103
93_20240825 09,1628.5067499919114
93_20240825 10,1848.9938046783022
93_20240825 11,1926.0447266694075
93_20240825 12,1979.9868380446765
93_20240825 13,2013.9975162622595
93_20240825 14,1990.290515007272
93_20240825 15,2002.575399486976
93_20240825 16,2054.1880378489786
93_20240825 17,2196.859432215061
93_20240825 18,2329.1929470529226
93_20240825 19,2419.7470134023993
93_20240825 20,2420.7261370951046
93_20240825 21,2321.4376022958163
93_20240825 22,2122.8667620707856
93_20240825 23,1845.8758324912355
93_20240826 00,1602.0648419805598
93_20240826 01,1367.5954206128054
93_20240826 02,1225.8384865079788
93_20240826 03,1161.237424636317
93_20240826 04,1098.9343690948124
93_20240826 05,1091.9628921217118
93_20240826 06,1172.5441640421886
93_20240826 07,1393.001164408332
93_20240826 08,1520.1935506802374
93_20240826 09,1516.5753091966365
93_20240826 10,1551.8585628807061
93_20240826 11,1636.3434768679572
93_20240826 12,1689.785065906041
93_20240826 13,1741.9643860953101
93_20240826 14,1651.6853539536526
93_20240826 15,1675.5363859708796
93_20240826 16,1784.698722093272
93_20240826 17,1968.3454664735373
93_20240826 18,2213.983967198865
93_20240826 19,2388.5810679447277
93_20240826 20,2395.577856070293
93_20240826 21,2329.845297580052
93_20240826 22,2117.2126434427387
93_20240826 23,1839.180666361081
93_20240827 00,1571.572303333624
93_20240827 01,1361.4339312898555
93_20240827 02,1234.8558895585584
93_20240827 03,1177.1346395437563
93_20240827 04,1121.236222597642
93_20240827 05,1109.504999587578
93_20240827 06,1171.6463645628623
93_20240827 07,1368.6020567927483
93_20240827 08,1493.9517859800046
93_20240827 09,1440.2126257760856
93_20240827 10,1457.4314846691525
93_20240827 11,1491.5587296054343
93_20240827 12,1489.1313460616748
93_20240827 13,1487.4477204820996
93_20240827 14,1483.9671731804426
93_20240827 15,1474.8696162979863
93_20240827 16,1560.530751253536
93_20240827 17,1794.6906772364039
93_20240827 18,2044.8810985667328
93_20240827 19,2163.5060451753534
93_20240827 20,2179.4186350895507
93_20240827 21,2139.4781775865904
93_20240827 22,1995.9305121316763
93_20240827 23,1718.6393412557757
93_20240828 00,1470.4482390056
93_20240828 01,1249.8218765431373
93_20240828 02,1147.1504782054053
93_20240828 03,1056.6085146294997
93_20240828 04,1012.0051150705723
93_20240828 05,1009.0979169224377
93_20240828 06,1086.43363173235
93_20240828 07,1288.8845439066017
93_20240828 08,1411.3463629277446
93_20240828 09,1377.866660271217
93_20240828 10,1392.350045455334
93_20240828 11,1433.1218409007408
93_20240828 12,1441.2020578498784
93_20240828 13,1491.7813333967297
93_20240828 14,1590.6282993167592
93_20240828 15,1589.485103865166
93_20240828 16,1676.7737197313013
93_20240828 17,1873.0810787781068
93_20240828 18,2118.1298095836846
93_20240828 19,2189.2728171923586
93_20240828 20,2197.4169179945243
93_20240828 21,2127.033320865622
93_20240828 22,1997.2138638395213
93_20240828 23,1699.6634690983226
93_20240829 00,1499.7449657878615
93_20240829 01,1268.2908255719847
93_20240829 02,1181.3093145809846
93_20240829 03,1107.250704091608
93_20240829 04,1034.999243456174
93_20240829 05,1032.817548733054
93_20240829 06,1078.8625595882859
93_20240829 07,1282.4179088239923
93_20240829 08,1368.6502786489082
93_20240829 09,1380.5811289204803
93_20240829 10,1408.9040196262863
93_20240829 11,1420.9997475183031
93_20240829 12,1449.1314323369884
93_20240829 13,1555.8640662275698
93_20240829 14,1563.6987233138975
93_20240829 15,1598.5338354741873
93_20240829 16,1690.4023502911723
93_20240829 17,1842.0902855092104
93_20240829 18,2044.152845865129
93_20240829 19,2149.0786090770107
93_20240829 20,2187.736081287366
93_20240829 21,2102.039852695052
93_20240829 22,1947.36496852181
93_20240829 23,1679.217809743444
93_20240830 00,1428.246267599309
93_20240830 01,1249.856978183902
93_20240830 02,1139.5683291136966
93_20240830 03,1076.0023979431317
93_20240830 04,1011.0176898022311
93_20240830 05,1000.4000669389194
93_20240830 06,1068.7125787623572
93_20240830 07,1290.481498009852
93_20240830 08,1385.2144329683872
93_20240830 09,1398.593428875165
93_20240830 10,1391.9770693197368
93_20240830 11,1483.749088994818
93_20240830 12,1555.646844304798
93_20240830 13,1536.3568531274873
93_20240830 14,1543.8971914621134
93_20240830 15,1582.4008768535195
93_20240830 16,1692.3423946429484
93_20240830 17,1805.4457855224216
93_20240830 18,1977.931972444978
93_20240830 19,2033.1583933139896
93_20240830 20,2090.8000537668177
93_20240830 21,2053.4671689701145
93_20240830 22,1938.72485267017
93_20240830 23,1715.1256971121677
93_20240831 00,1507.4204752256203
93_20240831 01,1281.787028091654
93_20240831 02,1192.641739369793
93_20240831 03,1120.6205505050477
93_20240831 04,1062.3800736313801
93_20240831 05,1029.863080339736
93_20240831 06,1059.2758157727853
93_20240831 07,1178.6891658893705
93_20240831 08,1338.214746309583
93_20240831 09,1469.1693149652078
93_20240831 10,1566.9150490209909
93_20240831 11,1587.7770479013134
93_20240831 12,1600.8640050429628
93_20240831 13,1643.3790630630365
93_20240831 14,1706.4727776396003
93_20240831 15,1688.5500186658944
93_20240831 16,1698.3107533552418
93_20240831 17,1773.4849744268506
93_20240831 18,1934.6353172863705
93_20240831 19,1986.2147542495761
93_20240831 20,2000.3149445503573
93_20240831 21,1980.4122118147025
93_20240831 22,1847.0283995416412
93_20240831 23,1621.0095527012647
94_20240825 00,1573.0624657155436
94_20240825 01,1536.4510311211475
94_20240825 02,1567.4000134385558
94_20240825 03,1521.8049967712582
94_20240825 04,1531.543783332467
94_20240825 05,1524.1479850044539
94_20240825 06,1519.3310819146598
94_20240825 07,1541.594623295669
94_20240825 08,1538.203904735228
94_20240825 09,1531.624178529252
94_20240825 10,1542.1581655060936
94_20240825 11,1585.3287834327202
94_20240825 12,1608.529526926311
94_20240825 13,1610.153261074585
94_20240825 14,1639.4984528869152
94_20240825 15,1638.8170145383306
94_20240825 16,1705.9273751985245
94_20240825 17,1709.7016359706925
94_20240825 18,1594.1199531893135
94_20240825 19,1572.5309666147145
94_20240825 20,1567.2078225295083
94_20240825 21,1554.384135501975
94_20240825 22,1526.1991168692239
94_20240825 23,1539.3705954195057
94_20240826 00,1529.3216954548634
94_20240826 01,1471.6091276304019
94_20240826 02,1492.4710415901004
94_20240826 03,1482.3982924363795
94_20240826 04,1484.7386662443287
94_20240826 05,1522.5095114019718
94_20240826 06,1631.3343108822892
94_20240826 07,1772.9971203484142
94_20240826 08,1934.2135432597045
94_20240826 09,2296.434248264929
94_20240826 10,2610.8257773665855
94_20240826 11,2807.7261949106924
94_20240826 12,2777.9398555299194
94_20240826 13,2813.88961177859
94_20240826 14,2839.3349763249535
94_20240826 15,2855.4182808428886
94_20240826 16,2841.1111725359992
94_20240826 17,2834.0709652879896
94_20240826 18,2645.267885711492
94_20240826 19,2413.5581793954607
94_20240826 20,2258.6572839548226
94_20240826 21,2166.2621684479004
94_20240826 22,2018.5395339305537
94_20240826 23,1914.8080593209588
94_20240827 00,1902.6045776008468
94_20240827 01,1861.0819563130833
94_20240827 02,1877.0915987239841
94_20240827 03,1849.5720432989015
94_20240827 04,1812.7967202446125
94_20240827 05,1825.6182726348766
94_20240827 06,1901.7041795262307
94_20240827 07,1994.2336450132257
94_20240827 08,2079.645289675762
94_20240827 09,2450.6929325989345
94_20240827 10,2653.9032615858578
94_20240827 11,2683.847524721584
94_20240827 12,2660.124859506861
94_20240827 13,2796.010390795423
94_20240827 14,2797.264462641078
94_20240827 15,2733.835942368867
94_20240827 16,2699.7067760104837
94_20240827 17,2679.891993173222
94_20240827 18,2456.625883230964
94_20240827 19,2229.679707830942
94_20240827 20,2118.0581247608857
94_20240827 21,2081.276768853125
94_20240827 22,2048.793943095511
94_20240827 23,1899.7124997147093
94_20240828 00,1824.7099676980565
94_20240828 01,1774.1901496727924
94_20240828 02,1770.0239240298029
94_20240828 03,1740.9622598865158
94_20240828 04,1747.3574634530423
94_20240828 05,1772.4757324045527
94_20240828 06,1817.7813282216116
94_20240828 07,1870.1003217729667
94_20240828 08,1982.1594878983474
94_20240828 09,2258.0060268258226
94_20240828 10,2548.4519698833774
94_20240828 11,2672.2643111641164
94_20240828 12,2689.9584510294367
94_20240828 13,2755.473538087209
94_20240828 14,2818.1657569857434
94_20240828 15,2811.156822217078
94_20240828 16,2799.460740683794
94_20240828 17,2767.4933090700233
94_20240828 18,2609.251132328008
94_20240828 19,2362.920630934608
94_20240828 20,2162.0646351217993
94_20240828 21,2072.1280978808063
94_20240828 22,1988.4109699996702
94_20240828 23,1867.1013856373452
94_20240829 00,1802.361066676572
94_20240829 01,1785.3556232554417
94_20240829 02,1776.7051980811948
94_20240829 03,1745.4240138494272
94_20240829 04,1735.4612057962622
94_20240829 05,1757.534058301654
94_20240829 06,1780.20411768445
94_20240829 07,1844.3924798946528
94_20240829 08,1914.847162019058
94_20240829 09,2256.697787225463
94_20240829 10,2649.9277214233225
94_20240829 11,2735.976744664803
94_20240829 12,2714.9236729971194
94_20240829 13,2797.385921065877
94_20240829 14,2865.5158104169136
94_20240829 15,2864.3692233710744
94_20240829 16,2831.3736010188277
94_20240829 17,2740.9361381884346
94_20240829 18,2536.375371267897
94_20240829 19,2314.1082788794083
94_20240829 20,2153.185427696607
94_20240829 21,2009.8823255108741
94_20240829 22,1895.029109997565
94_20240829 23,1832.337520989723
94_20240830 00,1792.3770327783443
94_20240830 01,1790.510520739493
94_20240830 02,1789.216774270082
94_20240830 03,1770.9872194622058
94_20240830 04,1765.09663836135
94_20240830 05,1754.617261458845
94_20240830 06,1765.2542552660266
94_20240830 07,1814.0894795190698
94_20240830 08,1903.3907019704204
94_20240830 09,2234.9573064344277
94_20240830 10,2597.488674782434
94_20240830 11,2693.0086019457285
94_20240830 12,2666.636636158425
94_20240830 13,2675.7762361470404
94_20240830 14,2688.641680108198
94_20240830 15,2616.4619039267186
94_20240830 16,2554.450873098292
94_20240830 17,2315.0813970136965
94_20240830 18,2040.4092426986645
94_20240830 19,1791.8189000572083
94_20240830 20,1768.5556173636644
94_20240830 21,1777.7145061442006
94_20240830 22,1681.0400062763529
94_20240830 23,1659.16316442601
94_20240831 00,1609.437499581874
94_20240831 01,1560.1254163400663
94_20240831 02,1561.1289213541447
94_20240831 03,1545.5380434018293
94_20240831 04,1555.5386223945475
94_20240831 05,1532.4609359212295
94_20240831 06,1532.2280482560097
94_20240831 07,1520.297447398165
94_20240831 08,1505.38325231148
94_20240831 09,1478.5028724397935
94_20240831 10,1489.808121110084
94_20240831 11,1518.0308703317737
94_20240831 12,1537.025362584319
94_20240831 13,1585.6847385778628
94_20240831 14,1581.9409757622138
94_20240831 15,1586.5320238306276
94_20240831 16,1576.5534563876515
94_20240831 17,1539.754085983609
94_20240831 18,1533.2735105242737
94_20240831 19,1503.3172915728614
94_20240831 20,1498.2838801560263
94_20240831 21,1484.716728553029
94_20240831 22,1481.8019747468347
94_20240831 23,1449.8780416079499
95_20240825 00,2256.0836021879168
95_20240825 01,2024.4478350925792
95_20240825 02,1690.017406071954
95_20240825 03,1353.575610129696
95_20240825 04,1028.3269819140764
95_20240825 05,719.0318469763517
95_20240825 06,674.2648481887567
95_20240825 07,710.2307215134753
95_20240825 08,973.5113964154882
95_20240825 09,1782.104814964698
95_20240825 10,3353.549128292444
95_20240825 11,3777.1308472147207
95_20240825 12,4322.790704166986
95_20240825 13,4712.041208810208
95_20240825 14,4802.977920201881
95_20240825 15,4871.534610075295
95_20240825 16,4849.973652113211
95_20240825 17,4846.453491847173
95_20240825 18,4633.990226252402
95_20240825 19,4107.536745014373
95_20240825 20,2360.843568709097
95_20240825 21,1118.5339589393432
95_20240825 22,1812.1947441262655
95_20240825 23,2202.8302354103107
95_20240826 00,2141.902546830498
95_20240826 01,1918.7314454275977
95_20240826 02,1519.1093370003978
95_20240826 03,1198.748504371889
95_20240826 04,1017.9153965141891
95_20240826 05,736.557384987959
95_20240826 06,679.7871599505273
95_20240826 07,698.7519142341985
95_20240826 08,924.4024155247864
95_20240826 09,1742.2310143718532
95_20240826 10,3219.0476218261983
95_20240826 11,3611.829061805332
95_20240826 12,4182.135285138695
95_20240826 13,4523.2815687384755
95_20240826 14,4541.501080154096
95_20240826 15,4497.98503263058
95_20240826 16,4507.342672519164
95_20240826 17,4483.120868896943
95_20240826 18,4276.355351685746
95_20240826 19,3394.181267190395
95_20240826 20,1852.9295271665378
95_20240826 21,1060.4227126987848
95_20240826 22,2001.6014498239952
95_20240826 23,2566.514528118756
95_20240827 00,2251.867228680564
95_20240827 01,1965.0016429248603
95_20240827 02,1441.2901387236057
95_20240827 03,1140.335907125169
95_20240827 04,948.5633925111237
95_20240827 05,672.9455043990565
95_20240827 06,631.8184071656334
95_20240827 07,689.596037643864
95_20240827 08,969.124711817695
95_20240827 09,1833.5528222244336
95_20240827 10,3196.3064391696253
95_20240827 11,3543.531971729026
95_20240827 12,4025.55576683548
95_20240827 13,4273.798808559803
95_20240827 14,4328.385197438747
95_20240827 15,4294.23107065369
95_20240827 16,4306.989698703267
95_20240827 17,4278.465340628285
95_20240827 18,4193.901180388286
95_20240827 19,3352.8058565201795
95_20240827 20,1830.2283556422976
95_20240827 21,1092.6664237043324
95_20240827 22,1987.18743699288
95_20240827 23,2557.239219391001
95_20240828 00,2227.0570291708273
95_20240828 01,1957.1563901202119
95_20240828 02,1623.797953743873
95_20240828 03,1301.5882221503894
95_20240828 04,947.7944454834917
95_20240828 05,661.5473313366521
95_20240828 06,638.2438505094906
95_20240828 07,676.1683955594738
95_20240828 08,930.4414715459635
95_20240828 09,1796.4530877140269
95_20240828 10,3202.439435999249
95_20240828 11,3593.538132252659
95_20240828 12,4043.073112181252
95_20240828 13,4385.468518743561
95_20240828 14,4478.401109596737
95_20240828 15,4459.440988272109
95_20240828 16,4433.623636249407
95_20240828 17,4419.676077065582
95_20240828 18,4250.284466290181
95_20240828 19,3471.7620122226144
95_20240828 20,1858.2803607760115
95_20240828 21,1119.720390105553
95_20240828 22,2033.7163963250189
95_20240828 23,2628.154121740259
95_20240829 00,2344.704037069247
95_20240829 01,2028.30533767871
95_20240829 02,1674.1816320670991
95_20240829 03,1457.3377764108698
95_20240829 04,970.7733814718802
95_20240829 05,747.1278785669465
95_20240829 06,653.1741892599216
95_20240829 07,689.7813517452021
95_20240829 08,937.9188593748029
95_20240829 09,1788.5623991240843
95_20240829 10,3200.4886753154688
95_20240829 11,3653.4854029317944
95_20240829 12,4141.517986195987
95_20240829 13,4484.265856076179
95_20240829 14,4503.18882731985
95_20240829 15,4456.661513872721
95_20240829 16,4471.572097115899
95_20240829 17,4450.777307249612
95_20240829 18,4235.694518225726
95_20240829 19,3559.9627068602767
95_20240829 20,1987.7083450827797
95_20240829 21,1148.017381036238
95_20240829 22,2045.9069453105685
95_20240829 23,2612.579294906804
95_20240830 00,2391.5716113107737
95_20240830 01,2061.9268594896503
95_20240830 02,1643.2778264637732
95_20240830 03,1393.5332820972867
95_20240830 04,974.0133065395504
95_20240830 05,765.0192277644686
95_20240830 06,762.4212038813813
95_20240830 07,678.4943270194345
95_20240830 08,953.9407928341476
95_20240830 09,1804.113557383049
95_20240830 10,3179.690348529763
95_20240830 11,3609.0045834341754
95_20240830 12,4139.461904099834
95_20240830 13,4468.758039223016
95_20240830 14,4512.271168854703
95_20240830 15,4457.683202403701
95_20240830 16,4447.208626485827
95_20240830 17,4431.732423546633
95_20240830 18,4256.28183999624
95_20240830 19,3755.7800431030214
95_20240830 20,2378.3907088285705
95_20240830 21,1134.453851812017
95_20240830 22,2028.0777096377587
95_20240830 23,2584.281249964129
95_20240831 00,2356.9707502719484
95_20240831 01,2015.3233635429824
95_20240831 02,1607.045572225714
95_20240831 03,1315.6866061547516
95_20240831 04,983.3303454994108
95_20240831 05,782.0919107694812
95_20240831 06,673.3687647743548
95_20240831 07,679.8076095036492
95_20240831 08,934.0550399006449
95_20240831 09,1791.9487472394314
95_20240831 10,3141.8495155823753
95_20240831 11,3552.4930181845893
95_20240831 12,4029.159453156206
95_20240831 13,4352.456196515464
95_20240831 14,4591.804380043914
95_20240831 15,4582.894038224505
95_20240831 16,4664.780208318135
95_20240831 17,4664.6464444030225
95_20240831 18,4379.6619327457975
95_20240831 19,3840.337795770339
95_20240831 20,2354.012304100942
95_20240831 21,1146.9224238391582
95_20240831 22,2021.164010087255
95_20240831 23,2559.393876189207
96_20240825 00,1243.499369303398
96_20240825 01,1063.923438259013
96_20240825 02,931.5048051046049
96_20240825 03,852.0408622124337
96_20240825 04,804.8113838954002
96_20240825 05,765.5592849863714
96_20240825 06,759.2898603208479
96_20240825 07,809.9963002240504
96_20240825 08,883.5264584083399
96_20240825 09,971.6282404492168
96_20240825 10,1021.2909002072167
96_20240825 11,1066.1136120850829
96_20240825 12,1129.2212230179534
96_20240825 13,1142.7422807798366
96_20240825 14,1164.1796660200503
96_20240825 15,1208.7936492326105
96_20240825 16,1284.9455464690268
96_20240825 17,1363.409391843043
96_20240825 18,1481.75236314645
96_20240825 19,1609.512209607541
96_20240825 20,1706.6423737769219
96_20240825 21,1691.591744224969
96_20240825 22,1612.5229390688671
96_20240825 23,1427.3092857885363
96_20240826 00,1206.2514224014553
96_20240826 01,1028.8650530163
96_20240826 02,899.3843336716346
96_20240826 03,821.8295753428977
96_20240826 04,778.1420850731556
96_20240826 05,753.5785739473506
96_20240826 06,788.5202746130185
96_20240826 07,881.0735958457911
96_20240826 08,888.1908171050773
96_20240826 09,858.7298889190606
96_20240826 10,818.605279879111
96_20240826 11,752.7834968575576
96_20240826 12,731.2293025628171
96_20240826 13,801.0415378218499
96_20240826 14,761.3202729443404
96_20240826 15,826.2070564307713
96_20240826 16,881.4565094311456
96_20240826 17,1011.3388553123715
96_20240826 18,1210.109310589949
96_20240826 19,1441.2274258234042
96_20240826 20,1577.43432897941
96_20240826 21,1620.7181246386128
96_20240826 22,1515.348940334306
96_20240826 23,1392.8463975227019
96_20240827 00,1192.6587580210955
96_20240827 01,1011.1052232133509
96_20240827 02,881.6009328522427
96_20240827 03,800.8853841250227
96_20240827 04,764.2985667131455
96_20240827 05,740.4227395081894
96_20240827 06,768.251668831484
96_20240827 07,856.412732947831
96_20240827 08,841.0443554709418
96_20240827 09,837.490170204047
96_20240827 10,818.2870731872952
96_20240827 11,721.5719434891485
96_20240827 12,738.6110625947407
96_20240827 13,745.9673654227288
96_20240827 14,745.7351048093927
96_20240827 15,821.3694372266414
96_20240827 16,897.3092140100387
96_20240827 17,1002.4238452129183
96_20240827 18,1153.4553709077836
96_20240827 19,1363.7469010225955
96_20240827 20,1443.8442110959654
96_20240827 21,1475.7024891138662
96_20240827 22,1425.8656245571851
96_20240827 23,1262.7927920549864
96_20240828 00,1093.6297692882356
96_20240828 01,924.6771529920804
96_20240828 02,812.3995264723751
96_20240828 03,751.2015629950826
96_20240828 04,722.9853164507466
96_20240828 05,698.7968347390677
96_20240828 06,737.7280163031005
96_20240828 07,845.7786046935579
96_20240828 08,851.2161793945141
96_20240828 09,844.8553105433903
96_20240828 10,815.077814174569
96_20240828 11,739.765456632774
96_20240828 12,755.5431582251315
96_20240828 13,772.2176547620913
96_20240828 14,793.3044475133383
96_20240828 15,830.9638861726892
96_20240828 16,904.3412003776132
96_20240828 17,1034.1999216412555
96_20240828 18,1168.9167557909645
96_20240828 19,1405.5362546391798
96_20240828 20,1507.3385778307363
96_20240828 21,1537.8878257480221
96_20240828 22,1490.554785017411
96_20240828 23,1312.7040727671715
96_20240829 00,1119.2230612962846
96_20240829 01,937.3197106315172
96_20240829 02,833.732571227871
96_20240829 03,760.2621686626757
96_20240829 04,724.5769969603275
96_20240829 05,697.0512788634517
96_20240829 06,731.9421027479925
96_20240829 07,825.952559279893
96_20240829 08,832.4596401918292
96_20240829 09,821.5756077554181
96_20240829 10,812.4154725367621
96_20240829 11,735.6749459570453
96_20240829 12,769.8493270478698
96_20240829 13,803.4883214186641
96_20240829 14,803.1786756541856
96_20240829 15,873.9017112331126
96_20240829 16,950.6691372249984
96_20240829 17,1046.1568228439999
96_20240829 18,1197.745713988614
96_20240829 19,1377.6158342035237
96_20240829 20,1490.3767946756855
96_20240829 21,1474.9739615342148
96_20240829 22,1445.1741291321919
96_20240829 23,1279.9267333914327
96_20240830 00,1103.9437832391582
96_20240830 01,917.7061571280888
96_20240830 02,814.0844789092854
96_20240830 03,750.0489554808555
96_20240830 04,720.205440351125
96_20240830 05,693.2118331028088
96_20240830 06,730.5976255829828
96_20240830 07,814.4505743918776
96_20240830 08,822.0253084210303
96_20240830 09,821.0411022818853
96_20240830 10,778.879072724887
96_20240830 11,731.6694125111733
96_20240830 12,747.0373504499818
96_20240830 13,762.1728996870183
96_20240830 14,739.5826404512
96_20240830 15,832.2530909772205
96_20240830 16,927.8601789028207
96_20240830 17,1020.4746662730568
96_20240830 18,1140.857182611496
96_20240830 19,1341.721647399748
96_20240830 20,1397.248824263688
96_20240830 21,1442.372495386552
96_20240830 22,1408.792812918194
96_20240830 23,1320.1231014266089
96_20240831 00,1130.6520237332002
96_20240831 01,963.6238355776583
96_20240831 02,854.1118993960577
96_20240831 03,778.6971861779177
96_20240831 04,732.3664797337126
96_20240831 05,697.8460533207432
96_20240831 06,714.9396221339882
96_20240831 07,752.3738519014012
96_20240831 08,790.0029254542249
96_20240831 09,881.7306230414671
96_20240831 10,897.3617972706394
96_20240831 11,896.9002182441052
96_20240831 12,963.3105367250355
96_20240831 13,951.9110427762864
96_20240831 14,963.2517549731438
96_20240831 15,1015.7811823916527
96_20240831 16,1069.9549387639627
96_20240831 17,1118.215887004528
96_20240831 18,1190.9652116683462
96_20240831 19,1306.2683966486481
96_20240831 20,1361.1281326025905
96_20240831 21,1370.933721315193
96_20240831 22,1379.2479485590786
96_20240831 23,1259.617355789598
97_20240825 00,1204.82025600917
97_20240825 01,1259.0929930719878
97_20240825 02,1174.403444232217
97_20240825 03,1177.5756944659968
97_20240825 04,1128.6772052015822
97_20240825 05,1238.9771245488391
97_20240825 06,1143.4456057972143
97_20240825 07,1227.1478924698565
97_20240825 08,1282.286562000842
97_20240825 09,1389.2893028463577
97_20240825 10,1669.491164817475
97_20240825 11,1701.3433804823921
97_20240825 12,1754.2564689205794
97_20240825 13,1735.9433857687723
97_20240825 14,1772.2691367781624
97_20240825 15,1773.5001726629882
97_20240825 16,1814.074583842414
97_20240825 17,1794.8760735714982
97_20240825 18,1778.9563657371004
97_20240825 19,1736.9905314636633
97_20240825 20,1618.577314643214
97_20240825 21,1601.2268257946887
97_20240825 22,1522.1368830430415
97_20240825 23,1381.706775294277
97_20240826 00,1335.5848727083026
97_20240826 01,1255.915615349391
97_20240826 02,1250.3736460010882
97_20240826 03,1213.4918380084146
97_20240826 04,1155.0750316707706
97_20240826 05,1187.2348318320608
97_20240826 06,1159.5314061189638
97_20240826 07,1214.2108297270363
97_20240826 08,1290.6500658873056
97_20240826 09,1424.9367724438316
97_20240826 10,1680.641303051647
97_20240826 11,1762.092903173229
97_20240826 12,1758.7504613151566
97_20240826 13,1812.0384714553993
97_20240826 14,1797.314775815396
97_20240826 15,1821.612312304224
97_20240826 16,1827.0646130849593
97_20240826 17,1845.6842882735082
97_20240826 18,1822.6444725545605
97_20240826 19,1760.4035238713504
97_20240826 20,1613.7304542813592
97_20240826 21,1525.0486524889122
97_20240826 22,1365.6786125133367
97_20240826 23,1364.249826080942
97_20240827 00,1307.187987432404
97_20240827 01,1257.6306748820869
97_20240827 02,1229.7624436752453
97_20240827 03,1194.353743200703
97_20240827 04,1115.489759454109
97_20240827 05,1194.0077668998097
97_20240827 06,1154.0866651823378
97_20240827 07,1192.1803451215299
97_20240827 08,1313.4635194399652
97_20240827 09,1394.2584428647006
97_20240827 10,1655.7770031390519
97_20240827 11,1711.8790700035656
97_20240827 12,1727.6805523441585
97_20240827 13,1782.5506837567827
97_20240827 14,1799.7335449528473
97_20240827 15,1785.9040102970048
97_20240827 16,1846.0227441306893
97_20240827 17,1780.2330005013264
97_20240827 18,1806.2934065357908
97_20240827 19,1724.7469660880154
97_20240827 20,1604.949761342009
97_20240827 21,1535.9714093558036
97_20240827 22,1475.7763513288583
97_20240827 23,1369.3293515817813
97_20240828 00,1256.1594685806417
97_20240828 01,1177.8497384125676
97_20240828 02,1119.4366111080776
97_20240828 03,1109.9816179232116
97_20240828 04,1083.656530455111
97_20240828 05,1001.8083697737063
97_20240828 06,1113.9250018660891
97_20240828 07,1081.689372007703
97_20240828 08,1243.9383059988197
97_20240828 09,1433.0929389526937
97_20240828 10,1640.2845982282465
97_20240828 11,1729.3788122116703
97_20240828 12,1738.451628380767
97_20240828 13,1777.5945652362404
97_20240828 14,1726.2667258253107
97_20240828 15,1790.921828625782
97_20240828 16,1850.8678479540606
97_20240828 17,1813.481957271787
97_20240828 18,1809.3652962990739
97_20240828 19,1763.1895175239165
97_20240828 20,1627.003007437889
97_20240828 21,1572.4060117915342
97_20240828 22,1419.9573237273817
97_20240828 23,1359.8530278722885
97_20240829 00,1237.258622674592
97_20240829 01,1223.9606511451316
97_20240829 02,1172.6125734280206
97_20240829 03,1158.856496095849
97_20240829 04,1158.0677153179984
97_20240829 05,1140.0833603829612
97_20240829 06,1076.7228503418132
97_20240829 07,1165.7728223505928
97_20240829 08,1248.0072351913097
97_20240829 09,1372.9351674803538
97_20240829 10,1663.3105135474489
97_20240829 11,1735.538984009533
97_20240829 12,1775.8037360704143
97_20240829 13,1776.7397269149728
97_20240829 14,1794.1737958389174
97_20240829 15,1835.1676847285482
97_20240829 16,1831.4547213990024
97_20240829 17,1813.0504534503343
97_20240829 18,1791.4172906125214
97_20240829 19,1737.9191963479116
97_20240829 20,1656.5666736977737
97_20240829 21,1593.0721393371139
97_20240829 22,1506.5931337485313
97_20240829 23,1398.779241421324
97_20240830 00,1256.5382372520048
97_20240830 01,1158.1025253455782
97_20240830 02,1134.1783526279046
97_20240830 03,1151.0354223842173
97_20240830 04,1024.1758305641056
97_20240830 05,1069.66599698284
97_20240830 06,1154.0412643232416
97_20240830 07,1055.2790043358707
97_20240830 08,1238.057269765654
97_20240830 09,1437.7178312730557
97_20240830 10,1621.1104639933951
97_20240830 11,1688.408006210219
97_20240830 12,1737.1823275365423
97_20240830 13,1765.3573269176286
97_20240830 14,1783.8072002100887
97_20240830 15,1800.3250910905463
97_20240830 16,1820.666551287566
97_20240830 17,1821.4881156522952
97_20240830 18,1806.5835209220431
97_20240830 19,1741.3000203877305
97_20240830 20,1611.1868322409546
97_20240830 21,1542.421024271935
97_20240830 22,1374.811055987955
97_20240830 23,1350.2889227364626
97_20240831 00,1190.5362930196038
97_20240831 01,1153.770489679102
97_20240831 02,1128.529417157744
97_20240831 03,1155.5231361720862
97_20240831 04,1032.6436560233694
97_20240831 05,1140.3174813421303
97_20240831 06,1109.3511837010824
97_20240831 07,1068.0280371816636
97_20240831 08,1190.1934044036784
97_20240831 09,1299.9372551044823
97_20240831 10,1393.9726384242208
97_20240831 11,1482.2483222947276
97_20240831 12,1569.271383680175
97_20240831 13,1588.4898752214804
97_20240831 14,1613.5241046686112
97_20240831 15,1592.745469765363
97_20240831 16,1621.258376512658
97_20240831 17,1600.803278786247
97_20240831 18,1505.4859464426652
97_20240831 19,1383.7488207187973
97_20240831 20,1348.4119359007095
97_20240831 21,1336.870632933219
97_20240831 22,1220.814690960131
97_20240831 23,1264.9150988477572
98_20240825 00,1679.6059093807723
98_20240825 01,1562.3003025615944
98_20240825 02,1532.8678201536582
98_20240825 03,1514.4313571367927
98_20240825 04,1496.206584208736
98_20240825 05,1526.641827673841
98_20240825 06,1830.5480613422192
98_20240825 07,2098.6728237574707
98_20240825 08,2272.23347158897
98_20240825 09,2352.904335844055
98_20240825 10,2473.750998845503
98_20240825 11,2342.044636028566
98_20240825 12,2263.163204143586
98_20240825 13,2635.525996506928
98_20240825 14,2895.7954852763414
98_20240825 15,3088.547959503847
98_20240825 16,3220.1374299558174
98_20240825 17,3127.102602285716
98_20240825 18,2586.4134636438775
98_20240825 19,2519.702590136234
98_20240825 20,2498.029523994557
98_20240825 21,2273.6809535251373
98_20240825 22,1968.4954271870213
98_20240825 23,1808.038013149372
98_20240826 00,1640.6158385669285
98_20240826 01,1545.0556843301479
98_20240826 02,1509.2612533434783
98_20240826 03,1480.4062515293874
98_20240826 04,1455.8320823831784
98_20240826 05,1485.9355110957013
98_20240826 06,1798.2483222140295
98_20240826 07,2058.7057580173537
98_20240826 08,2233.2455810806505
98_20240826 09,2359.9375679406867
98_20240826 10,2402.100577351958
98_20240826 11,2361.9514918890145
98_20240826 12,2265.0727476312086
98_20240826 13,2585.3046811098816
98_20240826 14,2789.1582082145487
98_20240826 15,2874.218232858044
98_20240826 16,3020.561006120517
98_20240826 17,2809.189934901528
98_20240826 18,2459.7940204991423
98_20240826 19,2286.5638492471885
98_20240826 20,2215.8707963831566
98_20240826 21,2023.667455910309
98_20240826 22,1789.2154282288307
98_20240826 23,1740.7883091696829
98_20240827 00,1584.6826148264652
98_20240827 01,1502.5561712179042
98_20240827 02,1475.8281633484632
98_20240827 03,1463.2566540164885
98_20240827 04,1426.7206765200267
98_20240827 05,1427.7491302215394
98_20240827 06,1667.92142813233
98_20240827 07,1944.9089994271762
98_20240827 08,2132.5685406495068
98_20240827 09,2203.4813865919486
98_20240827 10,2268.0660293629235
98_20240827 11,2152.9381855881247
98_20240827 12,2077.9302486925567
98_20240827 13,2346.221925066418
98_20240827 14,2487.8549276841068
98_20240827 15,2541.2858928378882
98_20240827 16,2643.890882367086
98_20240827 17,2571.6604755814856
98_20240827 18,2178.887127932034
98_20240827 19,2081.6252952895084
98_20240827 20,1970.9399131438495
98_20240827 21,1796.7387762689002
98_20240827 22,1583.5351419908216
98_20240827 23,1538.241136045443
98_20240828 00,1439.0703095784272
98_20240828 01,1339.7074594580022
98_20240828 02,1324.524045434996
98_20240828 03,1323.7249717718973
98_20240828 04,1287.9974250238959
98_20240828 05,1327.7909907962057
98_20240828 06,1570.2376303318083
98_20240828 07,1746.1381340591288
98_20240828 08,2007.9284044669369
98_20240828 09,2108.5792855049203
98_20240828 10,2179.262314591172
98_20240828 11,2097.3369986694993
98_20240828 12,2031.749982023782
98_20240828 13,2390.4320185163365
98_20240828 14,2571.734599794989
98_20240828 15,2691.5069793386983
98_20240828 16,2805.07960551305
98_20240828 17,2762.615548155135
98_20240828 18,2287.0173613564466
98_20240828 19,2112.142634745598
98_20240828 20,2073.47944816127
98_20240828 21,1899.8376919916998
98_20240828 22,1673.8264938707503
98_20240828 23,1611.147621506016
98_20240829 00,1488.6369541790027
98_20240829 01,1442.073498332332
98_20240829 02,1359.5083222975593
98_20240829 03,1337.9763975408537
98_20240829 04,1312.546312144144
98_20240829 05,1324.1321798436259
98_20240829 06,1582.5759394385266
98_20240829 07,1900.549683405385
98_20240829 08,2074.2664395709658
98_20240829 09,2151.622041907988
98_20240829 10,2257.260872663626
98_20240829 11,2175.584872950279
98_20240829 12,2130.1244279998305
98_20240829 13,2417.9280607278774
98_20240829 14,2507.3495053743677
98_20240829 15,2621.9107941951993
98_20240829 16,2770.0333097159005
98_20240829 17,2683.9511629606795
98_20240829 18,2302.216060737566
98_20240829 19,2207.0676271942
98_20240829 20,2161.8319590169394
98_20240829 21,1972.5594811149401
98_20240829 22,1757.3526426780172
98_20240829 23,1654.7395767813382
98_20240830 00,1521.6436512885355
98_20240830 01,1432.1824886106815
98_20240830 02,1414.8207106686614
98_20240830 03,1365.2464531092685
98_20240830 04,1354.6111755852635
98_20240830 05,1304.6702965932911
98_20240830 06,1592.7466386153578
98_20240830 07,1900.9905875171391
98_20240830 08,2098.071955327103
98_20240830 09,2236.2396188893604
98_20240830 10,2292.8803284857117
98_20240830 11,2181.480543406802
98_20240830 12,2094.722375198004
98_20240830 13,2496.704055614217
98_20240830 14,2774.500658366787
98_20240830 15,2837.977432977045
98_20240830 16,3022.410063222321
98_20240830 17,3015.5632914230355
98_20240830 18,2441.301758756572
98_20240830 19,2335.7821138703594
98_20240830 20,2199.2975415937103
98_20240830 21,2087.6390461816904
98_20240830 22,1824.1320080726712
98_20240830 23,1687.4168791987836
98_20240831 00,1505.5917069345765
98_20240831 01,1394.4540011849226
98_20240831 02,1356.7130098836255
98_20240831 03,1329.8173061709117
98_20240831 04,1295.674233732338
98_20240831 05,1335.79298687657
98_20240831 06,1601.1477662987859
98_20240831 07,1843.5742325875149
98_20240831 08,2025.5665489027947
98_20240831 09,2171.5973561068777
98_20240831 10,2254.1508399092463
98_20240831 11,2196.52603908513
98_20240831 12,2188.197339593058
98_20240831 13,2497.1051177033605
98_20240831 14,2636.7914709353745
98_20240831 15,2799.1974276283477
98_20240831 16,2982.1922697043947
98_20240831 17,2993.7481427801204
98_20240831 18,2570.2191929549
98_20240831 19,2434.6530258249945
98_20240831 20,2386.7749505993943
98_20240831 21,2158.141344123409
98_20240831 22,1928.9374364764271
98_20240831 23,1712.7244681923603
99_20240825 00,1187.4802665339412
99_20240825 01,1179.3559240308543
99_20240825 02,1152.0548932207732
99_20240825 03,1165.2985646586458
99_20240825 04,1053.9555907479084
99_20240825 05,900.0350465279726
99_20240825 06,857.9842245906384
99_20240825 07,843.3177693384741
99_20240825 08,952.1195685744685
99_20240825 09,1107.5029955986988
99_20240825 10,1154.257185068438
99_20240825 11,1228.22085101855
99_20240825 12,1129.4370131615206
99_20240825 13,1162.2878974110404
99_20240825 14,1169.8649702369917
99_20240825 15,1162.5340719454452
99_20240825 16,1162.3048374877653
99_20240825 17,1178.1694890730341
99_20240825 18,1102.5035782299065
99_20240825 19,1164.6446714775261
99_20240825 20,1210.5601491936584
99_20240825 21,1259.45727599567
99_20240825 22,1195.939072254875
99_20240825 23,1231.776782949321
99_20240826 00,1176.2307951200955
99_20240826 01,1167.92343474734
99_20240826 02,1138.0821469906202
99_20240826 03,1146.7648376940163
99_20240826 04,1054.7952014009502
99_20240826 05,906.7597257983853
99_20240826 06,852.7713637693353
99_20240826 07,844.7995474357817
99_20240826 08,966.9783448716149
99_20240826 09,1130.6228285406387
99_20240826 10,1175.061228520716
99_20240826 11,1255.3726119264893
99_20240826 12,1146.741532488575
99_20240826 13,1203.07710070648
99_20240826 14,1225.8742349308113
99_20240826 15,1221.780813130512
99_20240826 16,1220.2380503117993
99_20240826 17,1233.5444450511886
99_20240826 18,1133.59782356433
99_20240826 19,1164.0488247855374
99_20240826 20,1209.7110644974875
99_20240826 21,1260.5727952601796
99_20240826 22,1190.0540148644193
99_20240826 23,1222.604366908659
99_20240827 00,1174.6736654669369
99_20240827 01,1165.4933216701543
99_20240827 02,1129.3879515566057
99_20240827 03,1124.3841715006097
99_20240827 04,1027.0773401994466
99_20240827 05,905.277218918828
99_20240827 06,880.0367445705833
99_20240827 07,858.4568370278774
99_20240827 08,950.366087651194
99_20240827 09,1097.9482736005189
99_20240827 10,1150.7718818462238
99_20240827 11,1215.7836355975421
99_20240827 12,1142.19014987149
99_20240827 13,1171.1423634352777
99_20240827 14,1196.2963984564606
99_20240827 15,1182.7465290934613
99_20240827 16,1188.9263507986982
99_20240827 17,1205.7934392557213
99_20240827 18,1088.6881235200053
99_20240827 19,1128.1423617616297
99_20240827 20,1153.4245679211076
99_20240827 21,1215.3274430580927
99_20240827 22,1126.4969005626895
99_20240827 23,1171.8119889660466
99_20240828 00,1135.7735994555055
99_20240828 01,1133.7798189606676
99_20240828 02,1107.7848575142912
99_20240828 03,1116.8621662972757
99_20240828 04,910.0983448423711
99_20240828 05,728.8387375233926
99_20240828 06,670.2096820816157
99_20240828 07,643.8007819832535
99_20240828 08,895.1945419293182
99_20240828 09,1087.979801811087
99_20240828 10,1165.7871207135363
99_20240828 11,1224.4430310102948
99_20240828 12,1126.5900676696704
99_20240828 13,1183.3656136593272
99_20240828 14,1204.9444665991077
99_20240828 15,1190.288842587025
99_20240828 16,1193.5480415161383
99_20240828 17,1204.5609563534651
99_20240828 18,1115.2182145783454
99_20240828 19,1165.721352669152
99_20240828 20,1199.2339395153476
99_20240828 21,1229.4615489300904
99_20240828 22,1155.6672295264236
99_20240828 23,1195.076572285715
99_20240829 00,1168.9686426063638
99_20240829 01,1160.5635873510075
99_20240829 02,1125.8819932082372
99_20240829 03,1148.1652350130073
99_20240829 04,1046.325731382463
99_20240829 05,913.8690927070754
99_20240829 06,868.3955112623817
99_20240829 07,858.0582874033248
99_20240829 08,957.0978014221608
99_20240829 09,1102.235817013445
99_20240829 10,1160.2103155473665
99_20240829 11,1233.050118106771
99_20240829 12,1146.9435206240933
99_20240829 13,1177.586032340422
99_20240829 14,1195.6658992080088
99_20240829 15,1185.7367481218866
99_20240829 16,1190.987848253838
99_20240829 17,1199.2885812473753
99_20240829 18,1131.726394394254
99_20240829 19,1165.6668400542599
99_20240829 20,1187.090109331646
99_20240829 21,1233.6319746134693
99_20240829 22,1167.1778648355883
99_20240829 23,1195.828397229502
99_20240830 00,1163.6212733470059
99_20240830 01,1153.8073508244215
99_20240830 02,1117.9768653427705
99_20240830 03,1133.5195668320089
99_20240830 04,1023.1577492254198
99_20240830 05,892.2176543179448
99_20240830 06,847.8869812417761
99_20240830 07,824.434446754897
99_20240830 08,944.1387828813992
99_20240830 09,1094.2030894147258
99_20240830 10,1141.2192704784939
99_20240830 11,1197.0423451498295
99_20240830 12,1106.5006514431263
99_20240830 13,1160.9422340050573
99_20240830 14,1176.388889505749
99_20240830 15,1182.1398179673322
99_20240830 16,1188.7063338711146
99_20240830 17,1199.263052936792
99_20240830 18,1114.9760615550035
99_20240830 19,1156.6156782394798
99_20240830 20,1185.8246543063356
99_20240830 21,1229.683124160061
99_20240830 22,1164.2990401634763
99_20240830 23,1189.3710417038253
99_20240831 00,1136.9791103737114
99_20240831 01,1133.4788886625654
99_20240831 02,1101.6580321051815
99_20240831 03,1104.6870997518404
99_20240831 04,1009.1424070523415
99_20240831 05,889.590687161923
99_20240831 06,849.5613843155347
99_20240831 07,828.3580108144764
99_20240831 08,933.7584709716292
99_20240831 09,1065.3175728188248
99_20240831 10,1109.6201567581106
99_20240831 11,1188.2265675385843
99_20240831 12,1081.5133200679659
99_20240831 13,1123.3479090315493
99_20240831 14,1153.0010449192032
99_20240831 15,1145.6879367685647
99_20240831 16,1150.9119665540834
99_20240831 17,1173.8201929600518
99_20240831 18,1083.0139889715695
99_20240831 19,1135.7189991261637
99_20240831 20,1171.3175920787392
99_20240831 21,1210.367196139436
99_20240831 22,1129.0927452634485
99_20240831 23,1173.2580603226434
100_20240825 00,2840.4971546369416
100_20240825 01,2784.9152440593334
100_20240825 02,2617.531525907713
100_20240825 03,2411.924158878503
100_20240825 04,2184.493803942558
100_20240825 05,2070.488722278389
100_20240825 06,2328.588828816417
100_20240825 07,2519.4709160820894
100_20240825 08,1412.8399390725679
100_20240825 09,1329.7148077409615
100_20240825 10,1389.385312936773
100_20240825 11,1422.2104543559765
100_20240825 12,1533.8164477023304
100_20240825 13,1909.32333581678
100_20240825 14,2142.381082135382
100_20240825 15,2329.4714627576723
100_20240825 16,2342.3598558152235
100_20240825 17,2536.452868847018
100_20240825 18,2612.161839070147
100_20240825 19,2586.569950469733
100_20240825 20,2560.1447663152867
100_20240825 21,2049.814613465716
100_20240825 22,2493.7908791165555
100_20240825 23,2809.5943153081876
100_20240826 00,2729.4505513727177
100_20240826 01,2630.302032072067
100_20240826 02,2338.1485791804116
100_20240826 03,2076.6477866625205
100_20240826 04,1900.0217308419208
100_20240826 05,1792.5642556565888
100_20240826 06,1980.3763486164028
100_20240826 07,2201.0072462531525
100_20240826 08,1272.643841836842
100_20240826 09,1187.5517026818784
100_20240826 10,1225.5738484571807
100_20240826 11,1288.2218675854242
100_20240826 12,1426.3941862587835
100_20240826 13,1673.3679358625989
100_20240826 14,1800.4723453313857
100_20240826 15,1998.747924147054
100_20240826 16,2005.0983906288297
100_20240826 17,1953.1144199551636
100_20240826 18,2056.9837353386633
100_20240826 19,2015.8197012576038
100_20240826 20,2037.3905415179513
100_20240826 21,1686.731794046543
100_20240826 22,2326.199748123359
100_20240826 23,2711.466599953779
100_20240827 00,2615.459179193624
100_20240827 01,2526.9393921528276
100_20240827 02,2270.0429231325397
100_20240827 03,2025.3286089279459
100_20240827 04,1841.938532098756
100_20240827 05,1737.5429041785696
100_20240827 06,1797.5739384517121
100_20240827 07,1862.0029261977995
100_20240827 08,1222.4177847514907
100_20240827 09,1155.253327691669
100_20240827 10,1194.9200350427886
100_20240827 11,1257.6375127725637
100_20240827 12,1374.2951661716652
100_20240827 13,1489.2294587318988
100_20240827 14,1772.3188411503313
100_20240827 15,2083.1771167625257
100_20240827 16,2065.7832060553815
100_20240827 17,1908.8841208078068
100_20240827 18,1797.607106868229
100_20240827 19,1720.4946439321482
100_20240827 20,1767.7870335434286
100_20240827 21,1639.9890716212365
100_20240827 22,2318.7559828965336
100_20240827 23,2712.2532696092394
100_20240828 00,2664.9672333571543
100_20240828 01,2519.8865161274252
100_20240828 02,2252.7739900516717
100_20240828 03,1934.621753606018
100_20240828 04,1697.551052656759
100_20240828 05,1524.876288113851
100_20240828 06,1717.9928301148414
100_20240828 07,1857.953189447946
100_20240828 08,1179.0981100489669
100_20240828 09,1105.3675818547297
100_20240828 10,1151.3489321762095
100_20240828 11,1248.4041759043798
100_20240828 12,1258.18007292137
100_20240828 13,1365.7827649641604
100_20240828 14,1606.4071486676796
100_20240828 15,1720.120560525277
100_20240828 16,1944.4105481894612
100_20240828 17,1922.5618686259113
100_20240828 18,2012.263220865665
100_20240828 19,1890.8713401201694
100_20240828 20,1853.192790708851
100_20240828 21,1538.903607941288
100_20240828 22,2261.6597597469363
100_20240828 23,2646.603480749594
100_20240829 00,2583.2823438998485
100_20240829 01,2465.111605239651
100_20240829 02,2233.0946039692253
100_20240829 03,1721.7955669616651
100_20240829 04,1458.0028068352321
100_20240829 05,1420.9747356848698
100_20240829 06,1618.4774613288878
100_20240829 07,1730.1486773791926
100_20240829 08,1141.267808320821
100_20240829 09,1107.3121270348988
100_20240829 10,1134.0798261045727
100_20240829 11,1194.8544314035412
100_20240829 12,1248.0747534649145
100_20240829 13,1388.4365645356665
100_20240829 14,1649.725344973541
100_20240829 15,1838.6321190877704
100_20240829 16,1687.9115135854747
100_20240829 17,1737.417450443948
100_20240829 18,1932.2074326765587
100_20240829 19,1940.8316100301283
100_20240829 20,1898.0989218530694
100_20240829 21,1770.9537116795213
100_20240829 22,2264.5598781188055
100_20240829 23,2626.915451737672
100_20240830 00,2542.641673166504
100_20240830 01,2443.290079163939
100_20240830 02,2141.7175677819546
100_20240830 03,1814.807731955318
100_20240830 04,1543.4634459242452
100_20240830 05,1469.6961927458324
100_20240830 06,1575.259520174097
100_20240830 07,1778.0997459512625
100_20240830 08,1208.11080959865
100_20240830 09,1121.4684973480332
100_20240830 10,1181.4168172669224
100_20240830 11,1223.1231624878062
100_20240830 12,1246.5221758850057
100_20240830 13,1315.5309209457891
100_20240830 14,1621.3010917337624
100_20240830 15,1636.7185833746148
100_20240830 16,1685.1441590965128
100_20240830 17,1758.2227705780904
100_20240830 18,1875.5667589735513
100_20240830 19,1760.8441633052623
100_20240830 20,1736.9561551429995
100_20240830 21,1655.6549403085696
100_20240830 22,2214.962715253043
100_20240830 23,2474.429790628712
100_20240831 00,2330.4132946965337
100_20240831 01,2321.0997257705817
100_20240831 02,1932.2476540114544
100_20240831 03,1590.1819239237109
100_20240831 04,1484.494032904708
100_20240831 05,1474.97548296268
100_20240831 06,1641.0508553234483
100_20240831 07,1792.969948376925
100_20240831 08,1242.5065225549672
100_20240831 09,1220.396618658909
100_20240831 10,1269.1447039055874
100_20240831 11,1291.9990765917582
100_20240831 12,1366.825168306482
100_20240831 13,1480.510422609031
100_20240831 14,1644.7666007608495
100_20240831 15,1614.8971632761886
100_20240831 16,1828.8051610607072
100_20240831 17,1884.5196691154301
100_20240831 18,1956.7584382834111
100_20240831 19,1995.735213601758
100_20240831 20,2031.44579296176
100_20240831 21,1930.2195975726409
100_20240831 22,2474.4707452516814
100_20240831 23,2814.0997213979736
