num_date_time,answer
1_20240825 00,4266.959928208659
1_20240825 01,4143.248493122706
1_20240825 02,3966.998510734213
1_20240825 03,3718.3068805859116
1_20240825 04,3681.8758024035715
1_20240825 05,3631.252719055246
1_20240825 06,3711.587749133213
1_20240825 07,4058.5052428252966
1_20240825 08,4461.899907625499
1_20240825 09,5921.935618583142
1_20240825 10,6018.83458377536
1_20240825 11,6341.666787109168
1_20240825 12,6622.598487301599
1_20240825 13,6734.858739758665
1_20240825 14,6771.076475336215
1_20240825 15,6757.040684794538
1_20240825 16,6791.179420870374
1_20240825 17,7105.9369045895055
1_20240825 18,6844.623744590031
1_20240825 19,6631.217091234044
1_20240825 20,5517.172664601061
1_20240825 21,4537.362321376222
1_20240825 22,4771.868455756009
1_20240825 23,5094.488112603189
1_20240826 00,4464.227966375143
1_20240826 01,4167.92699428651
1_20240826 02,3997.152569854851
1_20240826 03,3745.131070213307
1_20240826 04,3504.8668420855056
1_20240826 05,3628.272530600257
1_20240826 06,3728.967150054844
1_20240826 07,4098.679956757482
1_20240826 08,4608.622049947024
1_20240826 09,5122.066066442305
1_20240826 10,5242.402152789953
1_20240826 11,5172.098059522532
1_20240826 12,5846.903153053202
1_20240826 13,6062.620660045913
1_20240826 14,5956.4638177811685
1_20240826 15,6025.535238332485
1_20240826 16,5884.99709622536
1_20240826 17,6203.096344724725
1_20240826 18,6557.827833812441
1_20240826 19,5959.544965155758
1_20240826 20,4928.030938384845
1_20240826 21,4474.70923318986
1_20240826 22,5138.08056283463
1_20240826 23,5351.682406673404
1_20240827 00,5107.984599896563
1_20240827 01,4800.095223633776
1_20240827 02,4267.353638163118
1_20240827 03,3951.746499803709
1_20240827 04,3920.631297574836
1_20240827 05,3814.6785007768945
1_20240827 06,3820.785192451327
1_20240827 07,4382.733878886418
1_20240827 08,5051.002856507455
1_20240827 09,5338.2486927828095
1_20240827 10,5110.383273296552
1_20240827 11,4798.839689708859
1_20240827 12,5291.410473802933
1_20240827 13,5436.20218382633
1_20240827 14,5518.360366362911
1_20240827 15,5471.627729346294
1_20240827 16,5460.579169953367
1_20240827 17,5705.615088330825
1_20240827 18,5861.236782044305
1_20240827 19,5696.168409443144
1_20240827 20,5047.733589940692
1_20240827 21,4266.071728248751
1_20240827 22,5326.475624174205
1_20240827 23,5705.541260791423
1_20240828 00,5281.2667884358425
1_20240828 01,4849.907712638171
1_20240828 02,4478.528254857747
1_20240828 03,4220.098744934192
1_20240828 04,4029.5979544027596
1_20240828 05,4119.814441144733
1_20240828 06,4262.289525495529
1_20240828 07,4268.3877225477845
1_20240828 08,4680.46555286546
1_20240828 09,5536.381426893864
1_20240828 10,5443.572935330226
1_20240828 11,5151.975332810935
1_20240828 12,5634.015373031988
1_20240828 13,6232.348192417263
1_20240828 14,6298.030124142673
1_20240828 15,6064.82254953024
1_20240828 16,6075.576279992125
1_20240828 17,6313.466882949004
1_20240828 18,6445.981124804124
1_20240828 19,5787.55817402392
1_20240828 20,4762.644203842379
1_20240828 21,4344.012469281545
1_20240828 22,5429.677499560264
1_20240828 23,5487.978330452739
1_20240829 00,5107.794116354911
1_20240829 01,4519.398753169164
1_20240829 02,4254.773311282578
1_20240829 03,4078.7534870590307
1_20240829 04,3979.6433165051544
1_20240829 05,3918.1164808139006
1_20240829 06,3869.4594240310153
1_20240829 07,4272.36699819698
1_20240829 08,4917.8098060563425
1_20240829 09,5396.392305775214
1_20240829 10,5352.910007882009
1_20240829 11,5417.221841560941
1_20240829 12,5881.158112087858
1_20240829 13,6123.940470951971
1_20240829 14,6062.489154422106
1_20240829 15,6038.777680576128
1_20240829 16,6115.478599692344
1_20240829 17,6457.724441323807
1_20240829 18,6621.125032400741
1_20240829 19,6181.334211674639
1_20240829 20,5264.981078443194
1_20240829 21,4372.538507960556
1_20240829 22,4767.137801313424
1_20240829 23,5061.6830355796
1_20240830 00,4927.946237582294
1_20240830 01,4456.707288062614
1_20240830 02,4304.556883465548
1_20240830 03,4039.775049950218
1_20240830 04,3745.244832245874
1_20240830 05,3892.800054845923
1_20240830 06,3827.91202798974
1_20240830 07,4200.583715493036
1_20240830 08,4778.049261973395
1_20240830 09,5395.549109917973
1_20240830 10,5362.845385496112
1_20240830 11,5261.637119274481
1_20240830 12,5587.260206015279
1_20240830 13,5902.746656932082
1_20240830 14,5942.263311677345
1_20240830 15,5944.309716695518
1_20240830 16,5980.805508015477
1_20240830 17,6415.36488797925
1_20240830 18,6381.343959862911
1_20240830 19,6179.477586731533
1_20240830 20,5330.607504397474
1_20240830 21,4276.543939087344
1_20240830 22,5157.718606644918
1_20240830 23,5452.981365419238
1_20240831 00,5134.252605576928
1_20240831 01,4817.40458568861
1_20240831 02,4371.4147964884705
1_20240831 03,4122.912793195231
1_20240831 04,4051.0349310625256
1_20240831 05,4084.54302886439
1_20240831 06,3925.3995492257227
1_20240831 07,4247.613771277231
1_20240831 08,4951.603375773135
1_20240831 09,5629.942955636845
1_20240831 10,5776.023362221486
1_20240831 11,5942.3018114269
1_20240831 12,6196.331378997731
1_20240831 13,6550.127924401022
1_20240831 14,6703.554851411279
1_20240831 15,6524.231725357793
1_20240831 16,6422.754215110732
1_20240831 17,6506.646460196611
1_20240831 18,6661.301384656706
1_20240831 19,6453.935681271354
1_20240831 20,5440.6257880760995
1_20240831 21,4346.09890283668
1_20240831 22,4487.949075982047
1_20240831 23,4767.4239689800315
2_20240825 00,1114.1473190133406
2_20240825 01,1076.2061321529904
2_20240825 02,1065.9597635438533
2_20240825 03,1069.5631266022049
2_20240825 04,1079.1422008520474
2_20240825 05,1131.0507108566053
2_20240825 06,1239.1234328903497
2_20240825 07,1327.5944919721608
2_20240825 08,1420.749824034194
2_20240825 09,1576.0321155614542
2_20240825 10,1751.0748191951004
2_20240825 11,1756.6538158483868
2_20240825 12,1616.376688552974
2_20240825 13,1579.0142430690562
2_20240825 14,1632.1382899449022
2_20240825 15,1672.7538056816077
2_20240825 16,1722.208142653526
2_20240825 17,1823.66751427258
2_20240825 18,2361.1396179508806
2_20240825 19,1579.6495181937767
2_20240825 20,1921.4685433495993
2_20240825 21,2789.1374445254933
2_20240825 22,1881.9168882039512
2_20240825 23,1973.9762217573664
2_20240826 00,1671.7652120046412
2_20240826 01,1309.1541195017332
2_20240826 02,1266.195436531827
2_20240826 03,1273.1734862040378
2_20240826 04,1279.3046797893808
2_20240826 05,1365.2764664662966
2_20240826 06,1557.3146395695528
2_20240826 07,1793.4035403006997
2_20240826 08,1887.6292352766254
2_20240826 09,1990.6041806815679
2_20240826 10,2169.565446656516
2_20240826 11,2178.2274856193044
2_20240826 12,1899.5551834514156
2_20240826 13,1916.3343707587323
2_20240826 14,2009.4348290711703
2_20240826 15,1987.4704874497145
2_20240826 16,2042.3332872338426
2_20240826 17,2101.5951226848483
2_20240826 18,2656.4327383335376
2_20240826 19,1883.996424917174
2_20240826 20,1941.5405326028836
2_20240826 21,2804.4398388053787
2_20240826 22,1855.9095363250196
2_20240826 23,1881.833837260241
2_20240827 00,1666.2134536121048
2_20240827 01,1302.1874045603226
2_20240827 02,1279.6072439571255
2_20240827 03,1279.384414682666
2_20240827 04,1268.9618950617855
2_20240827 05,1347.0053993519862
2_20240827 06,1522.0680918376306
2_20240827 07,1709.5474244339555
2_20240827 08,1814.6098737704751
2_20240827 09,1965.2396723422232
2_20240827 10,2107.3126009139937
2_20240827 11,2075.575280160502
2_20240827 12,1916.7592340279468
2_20240827 13,1934.7346481890836
2_20240827 14,1960.419618668275
2_20240827 15,1962.268284611132
2_20240827 16,2025.931168129634
2_20240827 17,2098.8649348889876
2_20240827 18,2695.3375945629223
2_20240827 19,1838.921199201715
2_20240827 20,2076.3908337318135
2_20240827 21,2897.4537484974326
2_20240827 22,1641.9643329864277
2_20240827 23,2018.5030005938324
2_20240828 00,1476.6990702570317
2_20240828 01,1244.8810388630745
2_20240828 02,1186.7173181358437
2_20240828 03,1218.746194776412
2_20240828 04,1225.984636299101
2_20240828 05,1273.2462382033334
2_20240828 06,1460.6270816818085
2_20240828 07,1711.9014425546832
2_20240828 08,1803.7340905308324
2_20240828 09,1921.7989784803522
2_20240828 10,2178.9648319285316
2_20240828 11,2149.1382346873074
2_20240828 12,1905.4804201463694
2_20240828 13,1892.219434457571
2_20240828 14,1932.926487339792
2_20240828 15,1960.9356981828407
2_20240828 16,2060.2392436169857
2_20240828 17,2086.8137464271363
2_20240828 18,2691.4249238166194
2_20240828 19,1840.5679987168226
2_20240828 20,1865.931743044765
2_20240828 21,2810.7930545807785
2_20240828 22,1705.5868923202652
2_20240828 23,1926.3165380951868
2_20240829 00,1570.399987329055
2_20240829 01,1340.2422156352281
2_20240829 02,1235.1106611222413
2_20240829 03,1235.4288446500836
2_20240829 04,1219.7512860082365
2_20240829 05,1278.8483587947599
2_20240829 06,1439.9254592005575
2_20240829 07,1577.4232287462605
2_20240829 08,1730.6608692435134
2_20240829 09,1885.327035062946
2_20240829 10,2032.01087291373
2_20240829 11,2002.996074733088
2_20240829 12,1837.184828550521
2_20240829 13,1844.861587930176
2_20240829 14,1918.627357217386
2_20240829 15,1951.270562563563
2_20240829 16,2044.19813388211
2_20240829 17,2075.4320674378096
2_20240829 18,2654.661672866027
2_20240829 19,1830.5974025321734
2_20240829 20,1922.2118168921975
2_20240829 21,2904.3344449016577
2_20240829 22,1817.4865483291737
2_20240829 23,1915.473744626021
2_20240830 00,1572.508758630179
2_20240830 01,1233.6433575969936
2_20240830 02,1215.831209487775
2_20240830 03,1219.221275062639
2_20240830 04,1217.8107579766656
2_20240830 05,1258.9798595661484
2_20240830 06,1432.4928101614978
2_20240830 07,1670.6678871274946
2_20240830 08,1783.7522815919615
2_20240830 09,1901.095492238101
2_20240830 10,2053.056561757293
2_20240830 11,1951.650230930565
2_20240830 12,1811.7897334180313
2_20240830 13,1871.587372655125
2_20240830 14,1918.5803687500652
2_20240830 15,1936.2486810784076
2_20240830 16,2034.0666385203037
2_20240830 17,1989.2581504422865
2_20240830 18,2339.377885752954
2_20240830 19,1766.9585279731923
2_20240830 20,1856.6398914527795
2_20240830 21,2455.3482872576988
2_20240830 22,1524.8397890574688
2_20240830 23,1907.5760423085526
2_20240831 00,1468.064133679948
2_20240831 01,1268.9542051001094
2_20240831 02,1203.2468966812328
2_20240831 03,1206.5491280369356
2_20240831 04,1163.045272830137
2_20240831 05,1185.9151477469443
2_20240831 06,1172.9697894235742
2_20240831 07,1178.2148464427996
2_20240831 08,1193.646027806024
2_20240831 09,1224.942561632302
2_20240831 10,1281.8694555349725
2_20240831 11,1306.976354762724
2_20240831 12,1311.97632302181
2_20240831 13,1306.520861321349
2_20240831 14,1325.470613763358
2_20240831 15,1334.8014248882089
2_20240831 16,1341.8944909081079
2_20240831 17,1269.3229862049168
2_20240831 18,1277.0956592299358
2_20240831 19,1253.3184449148155
2_20240831 20,1217.817364509233
2_20240831 21,1157.3929763247186
2_20240831 22,1128.7142547324154
2_20240831 23,1053.6136252589895
3_20240825 00,13631.555732285087
3_20240825 01,13660.365757391
3_20240825 02,13543.916403671406
3_20240825 03,13421.709095139335
3_20240825 04,13498.79356377072
3_20240825 05,13718.913574669841
3_20240825 06,14549.399548660447
3_20240825 07,15221.961778166255
3_20240825 08,15702.631160150237
3_20240825 09,16373.63124042028
3_20240825 10,17081.69043465879
3_20240825 11,17461.951922987173
3_20240825 12,17554.397168777585
3_20240825 13,17675.141954985203
3_20240825 14,17697.5382968432
3_20240825 15,17732.119240108434
3_20240825 16,17541.591103326948
3_20240825 17,16941.979106278424
3_20240825 18,15969.370937267187
3_20240825 19,15364.813992523226
3_20240825 20,15062.370259842499
3_20240825 21,14279.422845712148
3_20240825 22,14082.253780811163
3_20240825 23,13677.25210104222
3_20240826 00,13677.970994622961
3_20240826 01,13598.144873952924
3_20240826 02,13582.822914084642
3_20240826 03,13614.298141213634
3_20240826 04,13723.760018546782
3_20240826 05,15014.011462857568
3_20240826 06,17708.698728591175
3_20240826 07,21019.72940280749
3_20240826 08,23269.15786589739
3_20240826 09,24255.92336653798
3_20240826 10,24530.815992442593
3_20240826 11,24787.938603359376
3_20240826 12,24748.36268799497
3_20240826 13,24701.610069391438
3_20240826 14,24732.449475178102
3_20240826 15,24770.401477950116
3_20240826 16,24319.48132499762
3_20240826 17,23264.21016732751
3_20240826 18,21025.507987447778
3_20240826 19,18529.309687149587
3_20240826 20,17852.189417724247
3_20240826 21,16936.428373845883
3_20240826 22,16149.509449385969
3_20240826 23,15295.844848613515
3_20240827 00,14757.035799350855
3_20240827 01,14677.856956670603
3_20240827 02,14679.847353938905
3_20240827 03,14499.07882044807
3_20240827 04,14818.438163607272
3_20240827 05,15576.645566799714
3_20240827 06,17232.715799262376
3_20240827 07,20606.796469526373
3_20240827 08,22333.026694661603
3_20240827 09,23573.172648617885
3_20240827 10,23269.16866519193
3_20240827 11,23453.86512550192
3_20240827 12,23470.914682038005
3_20240827 13,23399.585412951637
3_20240827 14,23654.520640831928
3_20240827 15,23778.967336544796
3_20240827 16,23491.090382509043
3_20240827 17,22527.219036947787
3_20240827 18,20350.92150316048
3_20240827 19,18512.67622106577
3_20240827 20,17623.048508261796
3_20240827 21,16118.82903832788
3_20240827 22,15031.403641084544
3_20240827 23,14451.357778515972
3_20240828 00,13827.15596358796
3_20240828 01,13823.607897838201
3_20240828 02,13709.079704227135
3_20240828 03,13433.34702512952
3_20240828 04,13621.933642650281
3_20240828 05,14076.077147483316
3_20240828 06,16256.838472990008
3_20240828 07,19933.632136619948
3_20240828 08,22555.364259053502
3_20240828 09,23623.175510924688
3_20240828 10,24071.82316193275
3_20240828 11,24071.555967472086
3_20240828 12,24132.805563114052
3_20240828 13,24351.13793487146
3_20240828 14,24470.28378270712
3_20240828 15,24307.595238425372
3_20240828 16,23908.35573068448
3_20240828 17,22954.164316043083
3_20240828 18,20868.881611028497
3_20240828 19,18946.397239695296
3_20240828 20,17919.862899191245
3_20240828 21,16709.164368520207
3_20240828 22,16027.416365309029
3_20240828 23,15349.193263428773
3_20240829 00,14389.47733400327
3_20240829 01,14115.608943148589
3_20240829 02,13732.157474408385
3_20240829 03,13767.638838608607
3_20240829 04,13747.893432599501
3_20240829 05,14332.239426339682
3_20240829 06,16517.133868661975
3_20240829 07,19849.945687108957
3_20240829 08,22347.013837866016
3_20240829 09,23376.856367076947
3_20240829 10,23813.95497041498
3_20240829 11,24055.77357334522
3_20240829 12,24304.36605244769
3_20240829 13,24342.503736049355
3_20240829 14,24344.843846788026
3_20240829 15,24315.734032659395
3_20240829 16,23799.052923378476
3_20240829 17,22858.140900224076
3_20240829 18,20677.900867589287
3_20240829 19,18341.75894137942
3_20240829 20,17536.29526708607
3_20240829 21,16048.152794096299
3_20240829 22,15851.23379259338
3_20240829 23,14906.257601646055
3_20240830 00,14361.590014957952
3_20240830 01,13974.70960296524
3_20240830 02,14159.632761464582
3_20240830 03,13795.619810027634
3_20240830 04,13913.02766248016
3_20240830 05,14148.152507573112
3_20240830 06,16637.85156417626
3_20240830 07,20248.904515073686
3_20240830 08,22566.3039582838
3_20240830 09,23611.775025889252
3_20240830 10,24054.973172204798
3_20240830 11,24187.22382355549
3_20240830 12,24117.461930305195
3_20240830 13,24319.21214751007
3_20240830 14,24350.878220273265
3_20240830 15,24217.241834099845
3_20240830 16,23864.56057654511
3_20240830 17,22906.73266495482
3_20240830 18,20462.327085410634
3_20240830 19,18618.87944187973
3_20240830 20,17851.417955782006
3_20240830 21,16484.757289314184
3_20240830 22,15547.627252916165
3_20240830 23,15170.481104659117
3_20240831 00,14027.542192456942
3_20240831 01,13620.669954027519
3_20240831 02,13328.850186727172
3_20240831 03,13053.258796241149
3_20240831 04,13267.198472092728
3_20240831 05,13793.31535043809
3_20240831 06,15488.787818808847
3_20240831 07,17061.75955111136
3_20240831 08,17772.5464666116
3_20240831 09,18801.6496953967
3_20240831 10,19264.03653147057
3_20240831 11,19607.792893727536
3_20240831 12,19606.863677316913
3_20240831 13,19353.032440287512
3_20240831 14,19174.45178835858
3_20240831 15,18725.369886189917
3_20240831 16,18224.430404688188
3_20240831 17,17784.238640128267
3_20240831 18,16260.517958098553
3_20240831 19,15406.731545960263
3_20240831 20,14805.342868735457
3_20240831 21,14201.123435479672
3_20240831 22,13858.312790265132
3_20240831 23,13672.023521842184
4_20240825 00,644.043091417645
4_20240825 01,601.1629266086632
4_20240825 02,608.3379656188871
4_20240825 03,614.8453833662704
4_20240825 04,638.8766040739697
4_20240825 05,767.2443278492999
4_20240825 06,845.2852944908652
4_20240825 07,914.503471544962
4_20240825 08,942.954740760799
4_20240825 09,1048.8414712528242
4_20240825 10,1117.7404260284286
4_20240825 11,1148.1318481044236
4_20240825 12,1162.310356984447
4_20240825 13,1187.4599582981236
4_20240825 14,1180.187872247236
4_20240825 15,1164.8779260828667
4_20240825 16,1150.9377039094393
4_20240825 17,1149.681924250584
4_20240825 18,1138.167138822091
4_20240825 19,1109.7026612713912
4_20240825 20,1078.4623548880568
4_20240825 21,965.3275005065752
4_20240825 22,776.4447558062146
4_20240825 23,674.036280850438
4_20240826 00,619.4379751506666
4_20240826 01,605.6716133814441
4_20240826 02,593.4901590162508
4_20240826 03,595.3215032970618
4_20240826 04,627.2749485742431
4_20240826 05,742.3728694127497
4_20240826 06,820.0267637501312
4_20240826 07,897.5331182099195
4_20240826 08,954.6571593164508
4_20240826 09,1044.3468497340168
4_20240826 10,1107.300401578846
4_20240826 11,1100.8775134052553
4_20240826 12,1109.5620974161156
4_20240826 13,1110.7599210472324
4_20240826 14,1092.972700005384
4_20240826 15,1082.664546543552
4_20240826 16,1051.4439981550836
4_20240826 17,1046.6531577750934
4_20240826 18,1024.0922437080994
4_20240826 19,929.1276313555927
4_20240826 20,921.2221513739772
4_20240826 21,872.8194094037729
4_20240826 22,745.859480234235
4_20240826 23,629.4186317961547
4_20240827 00,599.1944139929459
4_20240827 01,584.4380066099951
4_20240827 02,580.7774898218211
4_20240827 03,586.213948239493
4_20240827 04,620.490767580619
4_20240827 05,735.8987672912535
4_20240827 06,797.0574317366161
4_20240827 07,882.3276688449663
4_20240827 08,907.1931345315306
4_20240827 09,1003.3283652514865
4_20240827 10,1054.933978212478
4_20240827 11,1045.9394663282842
4_20240827 12,1068.885753309878
4_20240827 13,1071.192245744906
4_20240827 14,1079.895043517865
4_20240827 15,1061.7381975001178
4_20240827 16,1075.0933383694369
4_20240827 17,1077.1244872653147
4_20240827 18,1042.1304963781447
4_20240827 19,998.5858179701332
4_20240827 20,961.1596854317152
4_20240827 21,860.6394858699325
4_20240827 22,731.1542495649975
4_20240827 23,623.3952362265138
4_20240828 00,591.790815838838
4_20240828 01,564.2232479470113
4_20240828 02,556.7140366955621
4_20240828 03,562.4859073312207
4_20240828 04,592.732017948748
4_20240828 05,688.7799398995852
4_20240828 06,759.7569372035334
4_20240828 07,870.2252977241037
4_20240828 08,930.4871986290082
4_20240828 09,1024.3004215019796
4_20240828 10,1084.2609743625924
4_20240828 11,1099.6897820186155
4_20240828 12,1148.993870009932
4_20240828 13,1162.6868015006096
4_20240828 14,1167.6335206423437
4_20240828 15,1152.1485144327075
4_20240828 16,1145.6224476070533
4_20240828 17,1153.6498070893888
4_20240828 18,1144.2889962995532
4_20240828 19,1119.8271171631545
4_20240828 20,1082.1100674690022
4_20240828 21,964.6312142745364
4_20240828 22,751.9662844056526
4_20240828 23,650.6030455826332
4_20240829 00,600.3353933266609
4_20240829 01,574.4392720772037
4_20240829 02,573.8711250817764
4_20240829 03,589.2495681083215
4_20240829 04,614.0843842973754
4_20240829 05,698.8176656698656
4_20240829 06,779.6618083959693
4_20240829 07,880.523853792736
4_20240829 08,934.3089070742124
4_20240829 09,1024.5955019032197
4_20240829 10,1083.604143669079
4_20240829 11,1114.314412832091
4_20240829 12,1139.0209927855108
4_20240829 13,1167.7577182354821
4_20240829 14,1174.6616693619312
4_20240829 15,1143.8466734969418
4_20240829 16,1135.629005124381
4_20240829 17,1157.795897927176
4_20240829 18,1148.554724511978
4_20240829 19,1100.5663411177438
4_20240829 20,1072.4746876470524
4_20240829 21,945.9377465474533
4_20240829 22,752.5507016276242
4_20240829 23,610.5330928716445
4_20240830 00,588.0033883727763
4_20240830 01,552.2351891858756
4_20240830 02,555.2058298971253
4_20240830 03,556.4885692316495
4_20240830 04,590.6924811440781
4_20240830 05,688.3524546716902
4_20240830 06,739.7625946460196
4_20240830 07,869.6931679613656
4_20240830 08,943.4325878278156
4_20240830 09,1047.093237950718
4_20240830 10,1101.8796384026032
4_20240830 11,1151.3857112913324
4_20240830 12,1191.6877507118543
4_20240830 13,1213.2669159098432
4_20240830 14,1195.7704836781609
4_20240830 15,1185.8272600548557
4_20240830 16,1183.1096741290623
4_20240830 17,1182.2485271779874
4_20240830 18,1172.2418693152017
4_20240830 19,1133.4318817028943
4_20240830 20,1087.4238361490538
4_20240830 21,984.7336833334995
4_20240830 22,752.848716141665
4_20240830 23,647.1659136453691
4_20240831 00,597.9359446889441
4_20240831 01,564.0367174492962
4_20240831 02,560.9831500663138
4_20240831 03,562.8126767157368
4_20240831 04,585.9890816939331
4_20240831 05,683.9726858473646
4_20240831 06,749.6126562971502
4_20240831 07,853.4160342871901
4_20240831 08,888.866658919912
4_20240831 09,1003.6018408857153
4_20240831 10,1069.7450494692516
4_20240831 11,1106.069533596996
4_20240831 12,1144.881828974745
4_20240831 13,1168.6596004748887
4_20240831 14,1164.2101647241739
4_20240831 15,1152.1304916570652
4_20240831 16,1150.7265632243625
4_20240831 17,1160.5910573226051
4_20240831 18,1152.4956596799416
4_20240831 19,1097.205154940133
4_20240831 20,1059.6773911282494
4_20240831 21,962.9031065271736
4_20240831 22,775.2261862684265
4_20240831 23,669.9223282496803
5_20240825 00,4003.274866958711
5_20240825 01,3909.390045386894
5_20240825 02,3857.6274473812528
5_20240825 03,3776.6684791627067
5_20240825 04,3770.725220947058
5_20240825 05,3724.4562924656025
5_20240825 06,3723.732904510022
5_20240825 07,3886.0484501084725
5_20240825 08,3957.008825720958
5_20240825 09,4171.929984288585
5_20240825 10,4337.047559860786
5_20240825 11,4456.729487636891
5_20240825 12,4629.778268413475
5_20240825 13,4684.5331881284355
5_20240825 14,4697.8050600996885
5_20240825 15,4724.703972644193
5_20240825 16,4725.617167066517
5_20240825 17,4712.251641152958
5_20240825 18,4582.56944211849
5_20240825 19,4433.249214019972
5_20240825 20,4362.386705818981
5_20240825 21,4310.34360718427
5_20240825 22,4187.373924715107
5_20240825 23,4091.2784894161096
5_20240826 00,4018.520699470808
5_20240826 01,3922.041364299372
5_20240826 02,3844.0373411240375
5_20240826 03,3836.7664923405096
5_20240826 04,3787.6041846114804
5_20240826 05,3780.105184921231
5_20240826 06,3828.1010491866823
5_20240826 07,4120.795337412388
5_20240826 08,4674.04284057527
5_20240826 09,5368.140389950449
5_20240826 10,5993.97771756154
5_20240826 11,6305.145758592924
5_20240826 12,6387.592416293444
5_20240826 13,6554.055132537619
5_20240826 14,6624.0363096333285
5_20240826 15,6587.318016016377
5_20240826 16,6406.595547099367
5_20240826 17,5883.533646654331
5_20240826 18,5433.986809011263
5_20240826 19,4972.801379713606
5_20240826 20,4883.8241373916935
5_20240826 21,4706.511127401649
5_20240826 22,4419.83911856974
5_20240826 23,4153.819645620146
5_20240827 00,4040.36848536422
5_20240827 01,3935.2326931198395
5_20240827 02,3857.3685845044506
5_20240827 03,3812.867892817242
5_20240827 04,3755.551015208748
5_20240827 05,3747.5553441334646
5_20240827 06,3743.7546418216125
5_20240827 07,3986.6683413192422
5_20240827 08,4457.498475404338
5_20240827 09,5133.4098104415425
5_20240827 10,5606.8965424733815
5_20240827 11,5853.801688920177
5_20240827 12,5915.223636585857
5_20240827 13,6015.148203878242
5_20240827 14,6244.897854407718
5_20240827 15,6261.219429190826
5_20240827 16,6245.863317181143
5_20240827 17,5835.11480680505
5_20240827 18,5424.724196937925
5_20240827 19,4994.164562594314
5_20240827 20,4810.528222983932
5_20240827 21,4550.798271616177
5_20240827 22,4263.875299950678
5_20240827 23,4041.9488440144273
5_20240828 00,3917.7816954166974
5_20240828 01,3825.864670264462
5_20240828 02,3771.679134203995
5_20240828 03,3703.609443266082
5_20240828 04,3660.0236813767456
5_20240828 05,3648.5772569812125
5_20240828 06,3642.35587132421
5_20240828 07,3931.5161070883064
5_20240828 08,4512.266881939085
5_20240828 09,5319.649970975606
5_20240828 10,5907.306901442657
5_20240828 11,6240.9400470751125
5_20240828 12,6377.95944856592
5_20240828 13,6581.738653120307
5_20240828 14,6682.542986370103
5_20240828 15,6645.553059142131
5_20240828 16,6477.520691802262
5_20240828 17,6016.691220585108
5_20240828 18,5572.828519941788
5_20240828 19,5110.012561460104
5_20240828 20,4955.36337869259
5_20240828 21,4731.420168381615
5_20240828 22,4442.009027210426
5_20240828 23,4154.321235153655
5_20240829 00,4022.4904408910807
5_20240829 01,3911.981456913719
5_20240829 02,3810.9212459748987
5_20240829 03,3727.5262336182473
5_20240829 04,3695.846261249494
5_20240829 05,3652.427340011823
5_20240829 06,3659.785948665103
5_20240829 07,3940.1306516267045
5_20240829 08,4477.906754592653
5_20240829 09,5246.802492539381
5_20240829 10,5800.501395927084
5_20240829 11,6238.178451522543
5_20240829 12,6375.05273048406
5_20240829 13,6555.34238721399
5_20240829 14,6642.639107710784
5_20240829 15,6623.910130236855
5_20240829 16,6449.9721425397665
5_20240829 17,5949.132461875521
5_20240829 18,5502.431066770228
5_20240829 19,5034.891002613179
5_20240829 20,4830.861422498936
5_20240829 21,4601.593936759224
5_20240829 22,4326.998683445681
5_20240829 23,4087.503367275387
5_20240830 00,3937.4376708764676
5_20240830 01,3779.1890587754215
5_20240830 02,3733.6051971643324
5_20240830 03,3674.9364115425055
5_20240830 04,3637.649770393446
5_20240830 05,3575.816544778573
5_20240830 06,3606.378888166574
5_20240830 07,3879.271916443316
5_20240830 08,4417.458790363779
5_20240830 09,5195.279351675987
5_20240830 10,5814.265352771115
5_20240830 11,6165.719750422546
5_20240830 12,6207.277531554693
5_20240830 13,6414.769854005639
5_20240830 14,6499.248452488017
5_20240830 15,6458.212887751019
5_20240830 16,6275.502678574033
5_20240830 17,5771.448432645888
5_20240830 18,5334.833462680625
5_20240830 19,4923.373402776275
5_20240830 20,4739.650584344165
5_20240830 21,4480.532225986932
5_20240830 22,4192.381600221106
5_20240830 23,3982.554942928755
5_20240831 00,3791.8866801191207
5_20240831 01,3702.130747622473
5_20240831 02,3680.535969925761
5_20240831 03,3605.239871121895
5_20240831 04,3558.3702025631837
5_20240831 05,3531.166833575432
5_20240831 06,3510.24506672728
5_20240831 07,3604.766247361601
5_20240831 08,3729.0549564712155
5_20240831 09,4028.3212859711393
5_20240831 10,4299.720897846115
5_20240831 11,4465.143718377696
5_20240831 12,4652.353471699469
5_20240831 13,4658.635925042327
5_20240831 14,4663.98253332626
5_20240831 15,4707.209180571182
5_20240831 16,4682.814715762805
5_20240831 17,4665.359521772605
5_20240831 18,4513.569573925626
5_20240831 19,4383.299832995827
5_20240831 20,4224.973230041427
5_20240831 21,4164.871840061547
5_20240831 22,4049.459271032329
5_20240831 23,3865.8482921592213
6_20240825 00,1620.9511556967886
6_20240825 01,1485.7481239607675
6_20240825 02,1517.7289260448497
6_20240825 03,1505.0136725863595
6_20240825 04,1543.0067357273565
6_20240825 05,1593.1929062882382
6_20240825 06,1843.5475493059537
6_20240825 07,2175.3282435603996
6_20240825 08,2638.513223825483
6_20240825 09,3029.105884846659
6_20240825 10,3089.2057709714486
6_20240825 11,2936.6790856554835
6_20240825 12,2972.769252283356
6_20240825 13,2899.4175860885616
6_20240825 14,3023.6862152444296
6_20240825 15,3007.9503269534166
6_20240825 16,3189.282363889207
6_20240825 17,3088.0295230122083
6_20240825 18,3003.0985648177702
6_20240825 19,2707.695249896954
6_20240825 20,2641.3597357959707
6_20240825 21,2231.2105086821125
6_20240825 22,1754.344087806819
6_20240825 23,1623.3920117290295
6_20240826 00,1758.3191558673877
6_20240826 01,1705.3015305223155
6_20240826 02,1766.255740985424
6_20240826 03,2195.2926876363354
6_20240826 04,2987.155202795742
6_20240826 05,3278.8692863528054
6_20240826 06,3575.114670508825
6_20240826 07,3883.678741334788
6_20240826 08,4704.648371527983
6_20240826 09,5124.376749579697
6_20240826 10,5349.033999740366
6_20240826 11,5487.380280608172
6_20240826 12,5467.330562570083
6_20240826 13,5598.810016681848
6_20240826 14,5515.557734837772
6_20240826 15,5585.350277494676
6_20240826 16,5531.03119512601
6_20240826 17,5228.437663480604
6_20240826 18,4695.643399748181
6_20240826 19,3814.9337475617467
6_20240826 20,3477.533318002291
6_20240826 21,3119.4637172787416
6_20240826 22,2427.3858669268793
6_20240826 23,2031.5056976451342
6_20240827 00,2020.2115228739804
6_20240827 01,1985.0215320346847
6_20240827 02,2107.7587551588244
6_20240827 03,1975.5299998058517
6_20240827 04,2869.491776747759
6_20240827 05,3257.812749325023
6_20240827 06,3463.587614431623
6_20240827 07,3671.547942251272
6_20240827 08,4482.174112571334
6_20240827 09,4939.435675802757
6_20240827 10,4989.493912384679
6_20240827 11,4976.268019592674
6_20240827 12,4964.161504878962
6_20240827 13,4995.428609224675
6_20240827 14,5111.754010090132
6_20240827 15,5095.415058587024
6_20240827 16,5142.23840095808
6_20240827 17,4924.830960698353
6_20240827 18,4481.452634262525
6_20240827 19,3780.1751522758923
6_20240827 20,3365.080380711119
6_20240827 21,2867.0172509431304
6_20240827 22,2323.4165963897753
6_20240827 23,1884.0482991317476
6_20240828 00,1821.3388167950811
6_20240828 01,1699.8705747629951
6_20240828 02,1684.4848159534156
6_20240828 03,1562.5828747942644
6_20240828 04,2931.3578774359403
6_20240828 05,3098.9748980498834
6_20240828 06,3266.289334154353
6_20240828 07,3574.3863775652417
6_20240828 08,4552.789385858574
6_20240828 09,5028.261031672522
6_20240828 10,5240.713608698652
6_20240828 11,5236.669694439836
6_20240828 12,5234.576764217027
6_20240828 13,5495.766869054742
6_20240828 14,5646.621693667606
6_20240828 15,5524.730346310603
6_20240828 16,5433.535477494511
6_20240828 17,5258.039426210308
6_20240828 18,4739.22655475154
6_20240828 19,3941.5483088232913
6_20240828 20,3489.8967029968917
6_20240828 21,2992.8929546182494
6_20240828 22,2322.530546290837
6_20240828 23,1954.0676949973808
6_20240829 00,1679.66259824252
6_20240829 01,1521.332265733925
6_20240829 02,1603.134338893125
6_20240829 03,1551.4573684064178
6_20240829 04,3009.3187593372895
6_20240829 05,3081.396971084986
6_20240829 06,3250.1990383156945
6_20240829 07,3598.6957030897956
6_20240829 08,4471.397169835544
6_20240829 09,4901.038053798499
6_20240829 10,5136.4685972949765
6_20240829 11,5173.659851667797
6_20240829 12,5373.8746827743835
6_20240829 13,5627.536436724904
6_20240829 14,5639.560710382715
6_20240829 15,5591.348997384234
6_20240829 16,5537.038719549628
6_20240829 17,5283.275127415252
6_20240829 18,4710.216971945367
6_20240829 19,3827.793449636262
6_20240829 20,3396.6946521157292
6_20240829 21,2883.4194004718784
6_20240829 22,2325.53383458497
6_20240829 23,1900.1918454017466
6_20240830 00,1627.4348623191852
6_20240830 01,1505.427039917787
6_20240830 02,1582.2697990880015
6_20240830 03,1501.913944382522
6_20240830 04,2841.378175678391
6_20240830 05,3081.6628974219716
6_20240830 06,3358.9617460844365
6_20240830 07,3561.890195436553
6_20240830 08,4482.923632887601
6_20240830 09,4922.590992414481
6_20240830 10,5237.96623145541
6_20240830 11,5194.266788005024
6_20240830 12,5205.600764546758
6_20240830 13,5477.944727835971
6_20240830 14,5557.40546546281
6_20240830 15,5429.7170941981985
6_20240830 16,5346.279206771467
6_20240830 17,5050.006113444031
6_20240830 18,4440.848284254349
6_20240830 19,3725.2054116135478
6_20240830 20,3218.6218892173756
6_20240830 21,2690.0813967451104
6_20240830 22,2080.6021471779513
6_20240830 23,1608.0468137682485
6_20240831 00,1512.3588563574763
6_20240831 01,1400.2717199111953
6_20240831 02,1461.01528149038
6_20240831 03,1433.2986247501212
6_20240831 04,1493.690795161917
6_20240831 05,1496.031740415925
6_20240831 06,1852.6212791195308
6_20240831 07,1979.230345089407
6_20240831 08,2594.728273266717
6_20240831 09,2899.582200854172
6_20240831 10,2870.4084494793406
6_20240831 11,2780.8799588940556
6_20240831 12,2957.0633806543924
6_20240831 13,2873.1292218833314
6_20240831 14,2887.1190471598184
6_20240831 15,2879.6269531521093
6_20240831 16,2999.5044661355223
6_20240831 17,2916.4827833298414
6_20240831 18,2856.196304466694
6_20240831 19,2603.305914473088
6_20240831 20,2530.229786684562
6_20240831 21,2315.8091245769683
6_20240831 22,1834.0709748515287
6_20240831 23,1496.7623635787695
7_20240825 00,4857.89320556253
7_20240825 01,4935.739183146394
7_20240825 02,5017.003787185168
7_20240825 03,5184.016181810992
7_20240825 04,5118.846066915139
7_20240825 05,5107.590555566045
7_20240825 06,4995.306096967646
7_20240825 07,4826.22012881714
7_20240825 08,4732.647349471352
7_20240825 09,4802.00047090539
7_20240825 10,4848.832040385692
7_20240825 11,4873.141732815486
7_20240825 12,4881.7385862354495
7_20240825 13,4871.8190680937805
7_20240825 14,4908.313040522052
7_20240825 15,4923.823705797428
7_20240825 16,4989.009018824834
7_20240825 17,5027.383151105924
7_20240825 18,5015.795512052922
7_20240825 19,4935.738533664393
7_20240825 20,4921.649014395373
7_20240825 21,4754.98780385297
7_20240825 22,4813.427328405447
7_20240825 23,4783.89959320916
7_20240826 00,5109.248336642026
7_20240826 01,5400.516290089159
7_20240826 02,5405.516638175694
7_20240826 03,5464.8975795310525
7_20240826 04,5467.990391540671
7_20240826 05,5455.459561070413
7_20240826 06,5433.688518824385
7_20240826 07,5383.191277546143
7_20240826 08,5138.70095914137
7_20240826 09,5285.307299221885
7_20240826 10,5337.388048228573
7_20240826 11,5480.493647058069
7_20240826 12,5470.640807908886
7_20240826 13,5464.959995106891
7_20240826 14,5474.129972771257
7_20240826 15,5404.795373720269
7_20240826 16,5376.530101633991
7_20240826 17,5431.587471389516
7_20240826 18,5360.899080513571
7_20240826 19,5031.577777276403
7_20240826 20,4959.036630542043
7_20240826 21,4937.264983679943
7_20240826 22,4976.148154331109
7_20240826 23,5053.979809958121
7_20240827 00,5305.806964203909
7_20240827 01,5455.5235023286305
7_20240827 02,5478.475451344919
7_20240827 03,5489.858361477814
7_20240827 04,5522.782914301779
7_20240827 05,5525.244428036268
7_20240827 06,5495.684744747935
7_20240827 07,5474.924072105978
7_20240827 08,5347.244422879446
7_20240827 09,5386.724999347884
7_20240827 10,5359.398970884797
7_20240827 11,5389.69192282676
7_20240827 12,5357.265613799933
7_20240827 13,5275.929868380039
7_20240827 14,5297.925848800597
7_20240827 15,5304.21210935405
7_20240827 16,5312.297531456769
7_20240827 17,5343.6997491866605
7_20240827 18,5342.709978381858
7_20240827 19,5240.553471177502
7_20240827 20,5114.627187652945
7_20240827 21,5010.553011016622
7_20240827 22,5113.310192997981
7_20240827 23,5091.743544746447
7_20240828 00,5272.105634917905
7_20240828 01,5430.215709248107
7_20240828 02,5423.341157028073
7_20240828 03,5429.337889359433
7_20240828 04,5427.6164107977
7_20240828 05,5416.58521288411
7_20240828 06,5396.0523638663335
7_20240828 07,5378.411031087573
7_20240828 08,5316.348236811229
7_20240828 09,5291.515743598899
7_20240828 10,5389.707330992293
7_20240828 11,5424.683652762743
7_20240828 12,5400.020657734973
7_20240828 13,5398.97504326395
7_20240828 14,5398.507142894066
7_20240828 15,5409.306399112893
7_20240828 16,5377.8405239000585
7_20240828 17,5411.187332194546
7_20240828 18,5415.545596312003
7_20240828 19,5327.053094741677
7_20240828 20,5272.391767191902
7_20240828 21,5198.617876457642
7_20240828 22,5194.985157404027
7_20240828 23,5174.011258924022
7_20240829 00,5282.407423477083
7_20240829 01,5463.943173102707
7_20240829 02,5437.404801526304
7_20240829 03,5443.829343837144
7_20240829 04,5448.368737463444
7_20240829 05,5452.306231559456
7_20240829 06,5415.438916265064
7_20240829 07,5414.081528965951
7_20240829 08,5317.569648344404
7_20240829 09,5310.457373510961
7_20240829 10,5356.257666211683
7_20240829 11,5391.392884446612
7_20240829 12,5395.246401789815
7_20240829 13,5411.565100804378
7_20240829 14,5380.0872652086755
7_20240829 15,5405.082162710879
7_20240829 16,5382.181222962921
7_20240829 17,5392.2967360948205
7_20240829 18,5406.321558518776
7_20240829 19,5343.975778237849
7_20240829 20,5294.348209663571
7_20240829 21,5142.833045424506
7_20240829 22,5202.290807991078
7_20240829 23,5139.537622909129
7_20240830 00,5297.219251109121
7_20240830 01,5453.567412247041
7_20240830 02,5417.912057168553
7_20240830 03,5445.448619494509
7_20240830 04,5465.977620532423
7_20240830 05,5458.269479422299
7_20240830 06,5413.319139543532
7_20240830 07,5462.036946293797
7_20240830 08,5367.866235887543
7_20240830 09,5376.503325540519
7_20240830 10,5391.263386772344
7_20240830 11,5441.723664880739
7_20240830 12,5422.513230616666
7_20240830 13,5430.001189537437
7_20240830 14,5421.978022959662
7_20240830 15,5386.280722565972
7_20240830 16,5361.699797102775
7_20240830 17,5389.950270830091
7_20240830 18,5402.5387691957
7_20240830 19,5315.50883044226
7_20240830 20,5224.391057542289
7_20240830 21,5048.668179235475
7_20240830 22,5122.127752132731
7_20240830 23,5086.798873014645
7_20240831 00,5265.585131023925
7_20240831 01,5449.424943117807
7_20240831 02,5445.957229637449
7_20240831 03,5471.010098161625
7_20240831 04,5470.90565698767
7_20240831 05,5475.615011691756
7_20240831 06,5446.685692257023
7_20240831 07,5423.44829703745
7_20240831 08,5253.698800670467
7_20240831 09,5283.390598780063
7_20240831 10,5305.569435370345
7_20240831 11,5412.275356420775
7_20240831 12,5416.120897182793
7_20240831 13,5370.8743256781345
7_20240831 14,5385.240744025035
7_20240831 15,5382.008211792173
7_20240831 16,5378.672520442928
7_20240831 17,5397.614644442627
7_20240831 18,5406.176178217544
7_20240831 19,5278.826945528208
7_20240831 20,5170.0410143072095
7_20240831 21,5043.741355419974
7_20240831 22,5104.389371115213
7_20240831 23,4942.656625232814
8_20240825 00,652.5668375805219
8_20240825 01,570.3279180977968
8_20240825 02,552.7849708479578
8_20240825 03,539.5783681962125
8_20240825 04,528.1329908866612
8_20240825 05,520.9991173062468
8_20240825 06,511.03266550379016
8_20240825 07,515.0032636698447
8_20240825 08,525.3085627724872
8_20240825 09,587.9116141448801
8_20240825 10,610.2115186950784
8_20240825 11,648.2915848835019
8_20240825 12,695.0271471081877
8_20240825 13,727.1586390519408
8_20240825 14,736.3564483385284
8_20240825 15,751.6322661721367
8_20240825 16,764.0160137081499
8_20240825 17,773.0542711857748
8_20240825 18,744.4497349652876
8_20240825 19,743.1324147611615
8_20240825 20,753.6690220845834
8_20240825 21,738.4628644203281
8_20240825 22,676.9199204026658
8_20240825 23,705.8012759807425
8_20240826 00,662.2410452338444
8_20240826 01,590.7160204741951
8_20240826 02,572.5597297706192
8_20240826 03,561.3118267997346
8_20240826 04,536.1893349266146
8_20240826 05,528.3709084092624
8_20240826 06,522.1089129138511
8_20240826 07,599.4068406885012
8_20240826 08,770.8568545197899
8_20240826 09,1077.5148185811258
8_20240826 10,1346.5418180305003
8_20240826 11,1441.9158180248833
8_20240826 12,1469.4493688249208
8_20240826 13,1506.1133092306604
8_20240826 14,1516.1033553246345
8_20240826 15,1481.3688655691642
8_20240826 16,1313.8292147125371
8_20240826 17,1134.4894332458457
8_20240826 18,940.1201829863317
8_20240826 19,817.369988395164
8_20240826 20,781.5520704154349
8_20240826 21,751.2482622935593
8_20240826 22,733.1839192440686
8_20240826 23,732.5225110926165
8_20240827 00,736.331219088682
8_20240827 01,713.6430367181543
8_20240827 02,680.0543175036578
8_20240827 03,630.1274187389744
8_20240827 04,563.9243962757058
8_20240827 05,533.575427349686
8_20240827 06,526.5619040650522
8_20240827 07,597.3124176358779
8_20240827 08,755.1505022689353
8_20240827 09,1047.910893923472
8_20240827 10,1239.880434264215
8_20240827 11,1335.5484025722255
8_20240827 12,1378.8052550075463
8_20240827 13,1404.461512411507
8_20240827 14,1397.5446325004173
8_20240827 15,1320.9860428400998
8_20240827 16,1202.0806828947152
8_20240827 17,1112.5115779059488
8_20240827 18,938.53151392176
8_20240827 19,807.4315640336205
8_20240827 20,758.4449403190233
8_20240827 21,727.7591877049252
8_20240827 22,710.6119223133467
8_20240827 23,717.8151238699086
8_20240828 00,713.6853560274288
8_20240828 01,694.0544230949268
8_20240828 02,664.7104368048082
8_20240828 03,624.7871913172202
8_20240828 04,568.2739483682501
8_20240828 05,530.7831286538207
8_20240828 06,520.6709881403171
8_20240828 07,600.8136316994114
8_20240828 08,740.1273571686396
8_20240828 09,1036.2495457826974
8_20240828 10,1298.9241959891026
8_20240828 11,1386.040059251875
8_20240828 12,1452.1243375445315
8_20240828 13,1505.5184819081755
8_20240828 14,1533.060579600828
8_20240828 15,1484.1459101975363
8_20240828 16,1317.8662320895191
8_20240828 17,1152.4456008558845
8_20240828 18,963.113694457831
8_20240828 19,824.184839042701
8_20240828 20,786.0580197138509
8_20240828 21,750.2028455406659
8_20240828 22,720.1302243541793
8_20240828 23,715.9258019707293
8_20240829 00,717.2649587208011
8_20240829 01,698.341214769277
8_20240829 02,671.4487652724163
8_20240829 03,631.9834831463705
8_20240829 04,569.9016086660498
8_20240829 05,533.7680161915466
8_20240829 06,524.7844060085357
8_20240829 07,588.6013416490024
8_20240829 08,744.4233309197348
8_20240829 09,1034.401860413321
8_20240829 10,1254.083071349542
8_20240829 11,1386.0370581778793
8_20240829 12,1412.0050043229244
8_20240829 13,1445.1608249368692
8_20240829 14,1433.3220779868216
8_20240829 15,1347.6372008421754
8_20240829 16,1216.0313002394519
8_20240829 17,1101.2885394282096
8_20240829 18,893.8638415996099
8_20240829 19,791.6825941953032
8_20240829 20,759.7931814756964
8_20240829 21,726.9925158413247
8_20240829 22,694.6824260333351
8_20240829 23,705.8800701323004
8_20240830 00,696.6429197013799
8_20240830 01,671.2931727014169
8_20240830 02,644.1556398472169
8_20240830 03,610.514081771498
8_20240830 04,555.0622687935615
8_20240830 05,517.9213016582321
8_20240830 06,512.3909393693598
8_20240830 07,580.7711318904705
8_20240830 08,716.9765053375168
8_20240830 09,1013.602493342431
8_20240830 10,1203.841403545943
8_20240830 11,1297.7100327505439
8_20240830 12,1320.890788150747
8_20240830 13,1378.2905388523104
8_20240830 14,1392.5592490155818
8_20240830 15,1328.95655244188
8_20240830 16,1194.7140970428368
8_20240830 17,1047.9975533176264
8_20240830 18,852.4460071362157
8_20240830 19,766.6932090422506
8_20240830 20,728.5036076683708
8_20240830 21,688.2509526007527
8_20240830 22,662.9009838820749
8_20240830 23,667.8401408638083
8_20240831 00,666.5854701836797
8_20240831 01,632.0615213933174
8_20240831 02,613.3484230794354
8_20240831 03,571.8269478666325
8_20240831 04,516.623257353296
8_20240831 05,507.68874770946206
8_20240831 06,498.58368445159925
8_20240831 07,499.82289058396185
8_20240831 08,507.96820006333473
8_20240831 09,636.5853830497852
8_20240831 10,657.1191620137818
8_20240831 11,700.7488697600427
8_20240831 12,702.4112670572142
8_20240831 13,724.6411881638141
8_20240831 14,704.5820423873994
8_20240831 15,704.3492772025619
8_20240831 16,729.0713400600282
8_20240831 17,730.0752284466857
8_20240831 18,684.7125980165183
8_20240831 19,671.6660277895403
8_20240831 20,711.5757456352001
8_20240831 21,700.5642655692818
8_20240831 22,613.7783607956087
8_20240831 23,673.8084894157939
9_20240825 00,2104.7691104402224
9_20240825 01,1914.6557981779517
9_20240825 02,1874.489683961757
9_20240825 03,1821.7130616898298
9_20240825 04,1870.0844266836073
9_20240825 05,1959.0463220161164
9_20240825 06,2136.2875812298767
9_20240825 07,2718.855105815118
9_20240825 08,3232.703265352284
9_20240825 09,3812.2280450072985
9_20240825 10,4110.989427426789
9_20240825 11,4279.903754753315
9_20240825 12,4263.001408374789
9_20240825 13,4383.761870297356
9_20240825 14,4521.815222665494
9_20240825 15,4460.999284731197
9_20240825 16,4369.168137326219
9_20240825 17,4060.5554567717463
9_20240825 18,3586.1465503629643
9_20240825 19,3041.4135540460493
9_20240825 20,2853.423918347149
9_20240825 21,2692.44978995147
9_20240825 22,2530.830351436747
9_20240825 23,2279.811236230274
9_20240826 00,1961.291973612693
9_20240826 01,1815.7986249791948
9_20240826 02,1755.064273767769
9_20240826 03,1730.747919451171
9_20240826 04,1765.3446680424277
9_20240826 05,1906.0410340601939
9_20240826 06,2001.0097481213186
9_20240826 07,2469.368128493853
9_20240826 08,2890.87478378417
9_20240826 09,3554.245005943716
9_20240826 10,3935.6164853836
9_20240826 11,4023.937783079982
9_20240826 12,4119.078620417451
9_20240826 13,4187.320151940529
9_20240826 14,4395.147492158128
9_20240826 15,4334.201595849119
9_20240826 16,4071.4495342307055
9_20240826 17,3732.240209655913
9_20240826 18,3232.5666042328994
9_20240826 19,2794.398345148181
9_20240826 20,2629.9154171996984
9_20240826 21,2517.8880020026736
9_20240826 22,2395.897291473064
9_20240826 23,2178.320206654794
9_20240827 00,1922.3462543142252
9_20240827 01,1754.1082923120032
9_20240827 02,1732.5988898640965
9_20240827 03,1701.6857589324586
9_20240827 04,1730.7163466544496
9_20240827 05,1801.707045707116
9_20240827 06,1910.7796454561387
9_20240827 07,2407.204886292072
9_20240827 08,2616.6706541155613
9_20240827 09,3252.7530127283226
9_20240827 10,3474.882101526223
9_20240827 11,3528.634354929901
9_20240827 12,3515.095725032968
9_20240827 13,3613.55615345575
9_20240827 14,3700.5812125594275
9_20240827 15,3840.9793825115457
9_20240827 16,3675.1174530868734
9_20240827 17,3283.3380481770323
9_20240827 18,2922.2406748193353
9_20240827 19,2648.8576653738755
9_20240827 20,2409.015529068435
9_20240827 21,2286.2845690839195
9_20240827 22,2140.0500871301674
9_20240827 23,2023.6546796900107
9_20240828 00,1842.6750351742412
9_20240828 01,1687.4446694552353
9_20240828 02,1671.9571253473127
9_20240828 03,1658.7198632458617
9_20240828 04,1680.4792677903265
9_20240828 05,1766.4338899462427
9_20240828 06,1912.1966282723088
9_20240828 07,2209.579441535887
9_20240828 08,2491.6790592282737
9_20240828 09,3246.119957620378
9_20240828 10,3695.5459423736534
9_20240828 11,3730.118542390876
9_20240828 12,3684.358795132058
9_20240828 13,3826.6771999453094
9_20240828 14,3963.0779160544353
9_20240828 15,3927.981159754201
9_20240828 16,3826.2748039116373
9_20240828 17,3579.5256459171223
9_20240828 18,3052.0779559656257
9_20240828 19,2534.9020533044218
9_20240828 20,2348.114675266265
9_20240828 21,2275.2756234484855
9_20240828 22,2119.0268356372544
9_20240828 23,1921.8720792777917
9_20240829 00,1756.7071436335768
9_20240829 01,1655.0114531324773
9_20240829 02,1626.8365647438275
9_20240829 03,1616.3287381458404
9_20240829 04,1652.9221894362481
9_20240829 05,1703.5217931690327
9_20240829 06,1843.5755229451643
9_20240829 07,2118.2298711883705
9_20240829 08,2522.0456211500295
9_20240829 09,3318.7114449551423
9_20240829 10,3791.918261055191
9_20240829 11,3956.8129169920594
9_20240829 12,3949.898482184937
9_20240829 13,4101.870667775982
9_20240829 14,4078.0674881254536
9_20240829 15,4121.651399105169
9_20240829 16,3966.0675309010403
9_20240829 17,3644.0788660358257
9_20240829 18,3147.861433287515
9_20240829 19,2852.160132726848
9_20240829 20,2626.458840065064
9_20240829 21,2396.530907820901
9_20240829 22,2221.794771249557
9_20240829 23,2010.9596865963022
9_20240830 00,1769.9499244856306
9_20240830 01,1679.1885052461146
9_20240830 02,1612.3707302053976
9_20240830 03,1584.3431514271342
9_20240830 04,1680.9750431982498
9_20240830 05,1849.2496071623727
9_20240830 06,1872.056483359982
9_20240830 07,2167.389908552357
9_20240830 08,2814.495604438533
9_20240830 09,3421.6270150860555
9_20240830 10,3785.5591253600205
9_20240830 11,4039.5342843070484
9_20240830 12,4048.7893747115418
9_20240830 13,4161.016209864068
9_20240830 14,4276.0228689490405
9_20240830 15,4311.148927388582
9_20240830 16,4164.7073829751325
9_20240830 17,3908.0332187774025
9_20240830 18,3401.9614268063865
9_20240830 19,3014.7165983979066
9_20240830 20,2865.3159844379825
9_20240830 21,2601.6232174891543
9_20240830 22,2379.4778074957094
9_20240830 23,2185.433055862486
9_20240831 00,1918.0224702940982
9_20240831 01,1786.6185552562235
9_20240831 02,1727.4893267814464
9_20240831 03,1675.2354855828648
9_20240831 04,1760.0008201007458
9_20240831 05,1938.4436034564378
9_20240831 06,1968.2477250279803
9_20240831 07,2282.311654568372
9_20240831 08,2691.030707511178
9_20240831 09,3382.8347823028134
9_20240831 10,3733.4698798775216
9_20240831 11,3879.9440606938438
9_20240831 12,3859.2142851253784
9_20240831 13,3972.9523616829815
9_20240831 14,4157.254301296877
9_20240831 15,4222.707857403566
9_20240831 16,4200.454436042382
9_20240831 17,3885.1828327733697
9_20240831 18,3461.568979129911
9_20240831 19,3003.123212463519
9_20240831 20,2705.338660318758
9_20240831 21,2555.773927912112
9_20240831 22,2425.6609430183466
9_20240831 23,2190.082917061548
10_20240825 00,5951.116590578673
10_20240825 01,5298.796004705872
10_20240825 02,4972.706916908147
10_20240825 03,4671.761842805065
10_20240825 04,4500.803291753643
10_20240825 05,4631.587321162742
10_20240825 06,4962.955339798809
10_20240825 07,5566.266764908103
10_20240825 08,6242.081525700977
10_20240825 09,6772.463401084988
10_20240825 10,7164.337791607367
10_20240825 11,6936.588004523276
10_20240825 12,6951.413405741845
10_20240825 13,7325.067856653372
10_20240825 14,7386.907942888234
10_20240825 15,7470.407038580701
10_20240825 16,7687.8769415210145
10_20240825 17,7472.651281933496
10_20240825 18,7151.755760533098
10_20240825 19,6714.509361279436
10_20240825 20,6635.412597918141
10_20240825 21,6423.031828551641
10_20240825 22,6351.724360688053
10_20240825 23,5938.4820619684
10_20240826 00,5490.853765592747
10_20240826 01,4890.885002145767
10_20240826 02,4648.250000138656
10_20240826 03,4377.683652210423
10_20240826 04,4177.805331512385
10_20240826 05,4233.630159863753
10_20240826 06,4447.834604909131
10_20240826 07,5128.598281827008
10_20240826 08,6153.8115088987415
10_20240826 09,6337.4782165112965
10_20240826 10,6770.616870288171
10_20240826 11,6590.266094951439
10_20240826 12,6746.3298144504915
10_20240826 13,6760.2982884186
10_20240826 14,7039.959701588136
10_20240826 15,6922.9195508115745
10_20240826 16,6751.432464178368
10_20240826 17,6617.818517410216
10_20240826 18,6335.617189773909
10_20240826 19,6172.164376019597
10_20240826 20,6047.429058109825
10_20240826 21,5874.308148599573
10_20240826 22,5407.251022277083
10_20240826 23,5239.296089482809
10_20240827 00,4929.02949143265
10_20240827 01,4361.532555880784
10_20240827 02,4063.156847197507
10_20240827 03,3937.2161302358572
10_20240827 04,3896.6985792758787
10_20240827 05,3947.8509435640663
10_20240827 06,4168.371112554865
10_20240827 07,4730.67913938456
10_20240827 08,5702.871982702737
10_20240827 09,6039.567551061016
10_20240827 10,6262.372628909772
10_20240827 11,6155.619944262871
10_20240827 12,6196.995832897797
10_20240827 13,6254.21671016277
10_20240827 14,6296.240803093297
10_20240827 15,6365.446999299013
10_20240827 16,6427.02285085693
10_20240827 17,6342.815293480899
10_20240827 18,6268.302883526919
10_20240827 19,6095.350542592239
10_20240827 20,5564.698172034576
10_20240827 21,5157.226947678029
10_20240827 22,4793.734233444167
10_20240827 23,4823.803862342784
10_20240828 00,4510.754612884113
10_20240828 01,4058.2589788561027
10_20240828 02,3850.3434469311533
10_20240828 03,3820.01395960073
10_20240828 04,3797.423426794424
10_20240828 05,3805.831843035762
10_20240828 06,3914.174573776155
10_20240828 07,4216.892515710468
10_20240828 08,5517.688618545062
10_20240828 09,5937.999716649985
10_20240828 10,6323.821760121521
10_20240828 11,6191.613252797206
10_20240828 12,6313.282122160897
10_20240828 13,6441.285802320818
10_20240828 14,6608.384956287783
10_20240828 15,6952.342384447834
10_20240828 16,6633.781886263532
10_20240828 17,6539.693327442197
10_20240828 18,6227.874841682477
10_20240828 19,6096.13153982244
10_20240828 20,5892.792657690165
10_20240828 21,5488.470937526686
10_20240828 22,4989.527124178523
10_20240828 23,4997.757561232063
10_20240829 00,4673.936573709406
10_20240829 01,4269.905496501024
10_20240829 02,4052.165879217124
10_20240829 03,3792.811909909854
10_20240829 04,3696.7537835348626
10_20240829 05,3709.4144675061434
10_20240829 06,3866.9764411742885
10_20240829 07,4256.507153235323
10_20240829 08,5523.629350405727
10_20240829 09,6025.546309681325
10_20240829 10,6602.564573936981
10_20240829 11,6605.475774497707
10_20240829 12,6666.420093062217
10_20240829 13,6769.0117623260085
10_20240829 14,6759.602739437082
10_20240829 15,6763.020737044928
10_20240829 16,6668.3911195858345
10_20240829 17,6661.651064848145
10_20240829 18,6328.964903334296
10_20240829 19,6186.419406432049
10_20240829 20,6236.38990256364
10_20240829 21,5771.979255976422
10_20240829 22,5551.991130688184
10_20240829 23,5320.325882382437
10_20240830 00,4819.191935576187
10_20240830 01,4338.24168117909
10_20240830 02,4196.844281988038
10_20240830 03,4034.8577288095366
10_20240830 04,3916.7016560208476
10_20240830 05,3941.0393242660284
10_20240830 06,3988.8933624626925
10_20240830 07,4599.738348710951
10_20240830 08,5765.332402059721
10_20240830 09,6176.879055217651
10_20240830 10,6635.316730446458
10_20240830 11,6710.785816776204
10_20240830 12,6821.660883701723
10_20240830 13,6934.716140174383
10_20240830 14,7084.603841006889
10_20240830 15,7301.802269427411
10_20240830 16,7279.77495053587
10_20240830 17,6939.151161417598
10_20240830 18,6633.232880433987
10_20240830 19,6594.406811371491
10_20240830 20,6493.784590651104
10_20240830 21,6159.992058285321
10_20240830 22,5847.887523039149
10_20240830 23,5740.710378759075
10_20240831 00,5429.535689154617
10_20240831 01,4629.491146625667
10_20240831 02,4396.79128571314
10_20240831 03,4212.53951213208
10_20240831 04,3908.9892882299077
10_20240831 05,3913.48002451282
10_20240831 06,4052.2415911980315
10_20240831 07,4897.687986332831
10_20240831 08,5699.206980447267
10_20240831 09,6172.555399148434
10_20240831 10,6533.20099702081
10_20240831 11,6567.737805899745
10_20240831 12,6620.989214803624
10_20240831 13,6742.557653834014
10_20240831 14,6871.071890661693
10_20240831 15,7031.620075108008
10_20240831 16,7235.939080965666
10_20240831 17,7189.7205104693785
10_20240831 18,7029.137287897809
10_20240831 19,6983.1651036097155
10_20240831 20,6930.4082604496125
10_20240831 21,6551.274686712948
10_20240831 22,6323.865268669943
10_20240831 23,6128.125980070379
11_20240825 00,1487.5017859484956
11_20240825 01,1197.8703954009388
11_20240825 02,1077.411461243944
11_20240825 03,929.8212896194354
11_20240825 04,857.5518009956587
11_20240825 05,808.509615723711
11_20240825 06,828.9170004158561
11_20240825 07,957.0671360463073
11_20240825 08,1096.1100081930865
11_20240825 09,1293.0378615511963
11_20240825 10,1451.7170199856823
11_20240825 11,1584.0369682410505
11_20240825 12,1701.678403649642
11_20240825 13,1791.396758495896
11_20240825 14,1842.5502324213824
11_20240825 15,1845.9244004338689
11_20240825 16,1863.8788090285657
11_20240825 17,1878.3046014057265
11_20240825 18,2035.233298901556
11_20240825 19,2078.113885452426
11_20240825 20,2100.3192113400664
11_20240825 21,2113.915864196918
11_20240825 22,2009.3368517554632
11_20240825 23,1757.1565535428085
11_20240826 00,1391.9367419370246
11_20240826 01,1141.6606223117192
11_20240826 02,1011.5742477139595
11_20240826 03,897.9315588729992
11_20240826 04,834.6233210134342
11_20240826 05,800.6633483599015
11_20240826 06,878.0355309002457
11_20240826 07,1107.0280481744935
11_20240826 08,1189.2293534411792
11_20240826 09,1196.8129252023
11_20240826 10,1194.4907069855851
11_20240826 11,1222.289426581233
11_20240826 12,1367.2323303678727
11_20240826 13,1446.5154981225305
11_20240826 14,1463.0338685460704
11_20240826 15,1451.9644166792643
11_20240826 16,1469.506042165186
11_20240826 17,1648.7295364619713
11_20240826 18,1840.493466908969
11_20240826 19,1981.3497609014232
11_20240826 20,2000.4150540917794
11_20240826 21,2025.4361148256703
11_20240826 22,1963.3439118152828
11_20240826 23,1733.2642411155043
11_20240827 00,1413.844123636844
11_20240827 01,1136.510571772998
11_20240827 02,1010.5489977903975
11_20240827 03,899.6488118570371
11_20240827 04,853.4474655703975
11_20240827 05,814.0766621883724
11_20240827 06,869.2397841433066
11_20240827 07,1091.3824045241608
11_20240827 08,1149.4379307979443
11_20240827 09,1107.891832671034
11_20240827 10,1076.3374456849608
11_20240827 11,1083.182583150452
11_20240827 12,1130.343896078277
11_20240827 13,1226.1753520522223
11_20240827 14,1261.7427466518889
11_20240827 15,1301.358972208492
11_20240827 16,1304.4015956944677
11_20240827 17,1446.4310200387906
11_20240827 18,1663.7478538911078
11_20240827 19,1744.336075633749
11_20240827 20,1751.8314930814543
11_20240827 21,1724.0399005573026
11_20240827 22,1663.3461952510634
11_20240827 23,1494.1171168308351
11_20240828 00,1193.703013226448
11_20240828 01,982.8582288848047
11_20240828 02,852.3530471254556
11_20240828 03,748.700428088592
11_20240828 04,718.3288408319324
11_20240828 05,695.597486230784
11_20240828 06,752.6706507869405
11_20240828 07,996.7776876300784
11_20240828 08,1075.2221223904323
11_20240828 09,1041.591113389781
11_20240828 10,1025.1772861263516
11_20240828 11,1043.2270022897596
11_20240828 12,1127.4900694187272
11_20240828 13,1183.126914960545
11_20240828 14,1217.6990691441033
11_20240828 15,1254.4830329281895
11_20240828 16,1303.9045039369068
11_20240828 17,1403.9642388811335
11_20240828 18,1595.194339701282
11_20240828 19,1711.879768547944
11_20240828 20,1736.6769611926716
11_20240828 21,1734.8586500393237
11_20240828 22,1678.5509081389455
11_20240828 23,1471.067763010908
11_20240829 00,1196.559610509028
11_20240829 01,1025.8308097191912
11_20240829 02,923.4500196447176
11_20240829 03,765.7257203639952
11_20240829 04,721.2244545795418
11_20240829 05,706.7300341910702
11_20240829 06,753.4871855073841
11_20240829 07,986.57023343477
11_20240829 08,1052.872987752517
11_20240829 09,1018.7081363957695
11_20240829 10,1037.631035938807
11_20240829 11,1065.0572383081249
11_20240829 12,1163.2210856579923
11_20240829 13,1225.5732765300652
11_20240829 14,1241.5165378097965
11_20240829 15,1337.0521002757762
11_20240829 16,1362.4409235394428
11_20240829 17,1417.055224616756
11_20240829 18,1533.9200615281827
11_20240829 19,1614.3196522347566
11_20240829 20,1675.42415034225
11_20240829 21,1663.9300830401855
11_20240829 22,1602.3662013772637
11_20240829 23,1449.8610337767595
11_20240830 00,1189.5176294100397
11_20240830 01,992.4257205530391
11_20240830 02,897.247179103143
11_20240830 03,755.7047939901177
11_20240830 04,709.9591057321625
11_20240830 05,689.8447154091955
11_20240830 06,743.5162210270303
11_20240830 07,997.7787144353601
11_20240830 08,1046.1469635605
11_20240830 09,1002.5342534944384
11_20240830 10,1040.506290984028
11_20240830 11,1059.4065557436554
11_20240830 12,1176.6372033711716
11_20240830 13,1282.1838186961668
11_20240830 14,1340.940211077238
11_20240830 15,1407.6082719414717
11_20240830 16,1407.9046287158917
11_20240830 17,1477.3088440597267
11_20240830 18,1573.6156094987368
11_20240830 19,1667.1098119400558
11_20240830 20,1660.89688373207
11_20240830 21,1651.7250394394582
11_20240830 22,1582.343394988534
11_20240830 23,1444.2806952033657
11_20240831 00,1201.2273103284874
11_20240831 01,993.2178391117268
11_20240831 02,849.1594141666652
11_20240831 03,745.5317169609214
11_20240831 04,708.2741430855808
11_20240831 05,681.3205055766144
11_20240831 06,712.85982245623
11_20240831 07,844.7398593855686
11_20240831 08,1008.5959776870116
11_20240831 09,1116.026891789473
11_20240831 10,1215.323750440267
11_20240831 11,1265.6974182616525
11_20240831 12,1371.0940073275506
11_20240831 13,1400.2389095165202
11_20240831 14,1356.0649531378995
11_20240831 15,1391.0939149852713
11_20240831 16,1395.6319586945347
11_20240831 17,1471.5028561753911
11_20240831 18,1527.0493026241015
11_20240831 19,1569.8122576869055
11_20240831 20,1603.7935853260121
11_20240831 21,1636.814248545686
11_20240831 22,1565.9703276761693
11_20240831 23,1435.9570458563926
12_20240825 00,4908.786735640655
12_20240825 01,4796.416459384519
12_20240825 02,4746.427802611754
12_20240825 03,4700.383319263913
12_20240825 04,4670.310720745055
12_20240825 05,4693.077624146102
12_20240825 06,4731.425293717936
12_20240825 07,4839.961586924932
12_20240825 08,4891.711682081044
12_20240825 09,4909.1509509356065
12_20240825 10,5084.637541292871
12_20240825 11,5142.884316371671
12_20240825 12,5252.406183870044
12_20240825 13,5408.783787779859
12_20240825 14,5539.149646799393
12_20240825 15,5680.140934520058
12_20240825 16,5880.637517646388
12_20240825 17,5898.144868536749
12_20240825 18,5818.297507822774
12_20240825 19,5727.78840571661
12_20240825 20,5626.954959564756
12_20240825 21,5583.676303142917
12_20240825 22,5391.269479681941
12_20240825 23,4989.75296935175
12_20240826 00,4979.372831486228
12_20240826 01,4862.7898320678305
12_20240826 02,4765.182581373592
12_20240826 03,4663.788846707477
12_20240826 04,4644.765077549131
12_20240826 05,4733.946814142759
12_20240826 06,4848.787654630785
12_20240826 07,5385.396051100593
12_20240826 08,6201.040458754686
12_20240826 09,7897.004908157311
12_20240826 10,8245.343306874569
12_20240826 11,8369.73739576203
12_20240826 12,8326.70695351461
12_20240826 13,8482.40702595485
12_20240826 14,8755.580954015233
12_20240826 15,8636.096306513358
12_20240826 16,8521.444569899937
12_20240826 17,8282.85061002506
12_20240826 18,7483.606720077841
12_20240826 19,6807.7901971098045
12_20240826 20,6323.619656870453
12_20240826 21,6204.249409737006
12_20240826 22,5652.292872905031
12_20240826 23,5175.530874859458
12_20240827 00,4986.228068280207
12_20240827 01,4869.226198988223
12_20240827 02,4765.572022592503
12_20240827 03,4717.166610024661
12_20240827 04,4693.232848883235
12_20240827 05,4731.384467633866
12_20240827 06,4833.789223708614
12_20240827 07,5362.258109280711
12_20240827 08,6184.297586065812
12_20240827 09,7602.735457558849
12_20240827 10,7969.719450800425
12_20240827 11,8135.068889022692
12_20240827 12,7916.2129614367095
12_20240827 13,8212.530859380664
12_20240827 14,8441.699105173877
12_20240827 15,8414.528789965723
12_20240827 16,8275.230706832577
12_20240827 17,8058.971971719857
12_20240827 18,7293.975949277118
12_20240827 19,6573.266278018799
12_20240827 20,6226.337567857121
12_20240827 21,6039.601692507909
12_20240827 22,5567.690294148789
12_20240827 23,5086.464534135995
12_20240828 00,4908.767714694209
12_20240828 01,4795.090303873325
12_20240828 02,4664.406027705441
12_20240828 03,4631.692927183836
12_20240828 04,4613.942498064763
12_20240828 05,4641.690682416249
12_20240828 06,4731.784739015846
12_20240828 07,5290.024385151275
12_20240828 08,5972.320093119619
12_20240828 09,7568.5429365587
12_20240828 10,7924.191371599635
12_20240828 11,8110.419649195228
12_20240828 12,8067.096985482634
12_20240828 13,8197.212611843552
12_20240828 14,8287.181807864428
12_20240828 15,8504.14219605726
12_20240828 16,8382.102685889407
12_20240828 17,8108.91882371509
12_20240828 18,7412.6314348752685
12_20240828 19,6691.519580490356
12_20240828 20,6250.783887720863
12_20240828 21,6085.22059174517
12_20240828 22,5583.181179739503
12_20240828 23,5098.326368051832
12_20240829 00,4912.128163436435
12_20240829 01,4801.150407515671
12_20240829 02,4724.475313487892
12_20240829 03,4649.528428992641
12_20240829 04,4609.499666900639
12_20240829 05,4662.300039080925
12_20240829 06,4709.765391443037
12_20240829 07,5261.818852176088
12_20240829 08,5898.456663772866
12_20240829 09,7337.673356583725
12_20240829 10,7822.017101638676
12_20240829 11,8010.719161203408
12_20240829 12,8002.2354040049995
12_20240829 13,8203.86937527833
12_20240829 14,8376.733927927113
12_20240829 15,8519.80712609907
12_20240829 16,8344.307169478856
12_20240829 17,7849.279221370274
12_20240829 18,7189.402515121452
12_20240829 19,6533.964199398133
12_20240829 20,6176.5759470295825
12_20240829 21,5962.215775537645
12_20240829 22,5502.596446694493
12_20240829 23,5020.915769558572
12_20240830 00,4832.954730959208
12_20240830 01,4716.084570873839
12_20240830 02,4615.23486184033
12_20240830 03,4568.045321890646
12_20240830 04,4555.089237203056
12_20240830 05,4568.505735562542
12_20240830 06,4649.112372859877
12_20240830 07,5194.582070635326
12_20240830 08,5813.542480841137
12_20240830 09,7226.391063900049
12_20240830 10,7691.376357614579
12_20240830 11,7927.672319870777
12_20240830 12,7897.83103426207
12_20240830 13,8191.765874751453
12_20240830 14,8428.219316460632
12_20240830 15,8389.2469654789
12_20240830 16,8278.103319761345
12_20240830 17,8077.357691394876
12_20240830 18,7186.857823953336
12_20240830 19,6445.436957416272
12_20240830 20,6031.413672860341
12_20240830 21,5800.048138302278
12_20240830 22,5376.913483335591
12_20240830 23,4875.10275750537
12_20240831 00,4747.947675054016
12_20240831 01,4613.927332615946
12_20240831 02,4585.039826817278
12_20240831 03,4516.68075465093
12_20240831 04,4484.682711949226
12_20240831 05,4511.5100808232955
12_20240831 06,4537.158362025812
12_20240831 07,4675.441247924331
12_20240831 08,4773.731694584224
12_20240831 09,4832.425731359888
12_20240831 10,5034.198404787093
12_20240831 11,5089.156506730929
12_20240831 12,5248.1547872673655
12_20240831 13,5399.646870701282
12_20240831 14,5499.221408623476
12_20240831 15,5681.7150122369485
12_20240831 16,5865.4864926040555
12_20240831 17,5841.184926299795
12_20240831 18,5656.370784236981
12_20240831 19,5581.471428837854
12_20240831 20,5452.888040233309
12_20240831 21,5431.01606309398
12_20240831 22,5192.219082295868
12_20240831 23,4852.261141928642
13_20240825 00,2129.1038864743637
13_20240825 01,2043.903381908421
13_20240825 02,2033.3579993447872
13_20240825 03,2030.6174863047218
13_20240825 04,1976.481985405235
13_20240825 05,1931.8566359084286
13_20240825 06,1917.3237748528284
13_20240825 07,1888.8810307743838
13_20240825 08,1841.4497536096228
13_20240825 09,1812.8946131979408
13_20240825 10,1802.2206830721195
13_20240825 11,1757.8058341599137
13_20240825 12,1785.0973418059248
13_20240825 13,1771.206046877902
13_20240825 14,1785.3119622166869
13_20240825 15,1829.4373419034061
13_20240825 16,1898.7587281269307
13_20240825 17,1973.7314953931818
13_20240825 18,2038.1271722702368
13_20240825 19,2046.7571237653196
13_20240825 20,2049.024231797001
13_20240825 21,2039.184909599182
13_20240825 22,2021.3243919037786
13_20240825 23,2046.4074209261328
13_20240826 00,2364.620015330311
13_20240826 01,2487.4461040577544
13_20240826 02,2485.6019769655813
13_20240826 03,2429.858137966012
13_20240826 04,2136.214855001233
13_20240826 05,2022.36423693352
13_20240826 06,2074.892336649087
13_20240826 07,2147.496118467515
13_20240826 08,2307.3676432620196
13_20240826 09,2905.719222282105
13_20240826 10,3250.9009352272897
13_20240826 11,3182.6326926192587
13_20240826 12,2851.863684759125
13_20240826 13,3182.8487748782536
13_20240826 14,2727.1040425983774
13_20240826 15,2990.688783083258
13_20240826 16,2715.4809940837404
13_20240826 17,2747.4512158533234
13_20240826 18,2589.1163090870937
13_20240826 19,2470.3548631604153
13_20240826 20,2334.1890825926257
13_20240826 21,2257.763136103208
13_20240826 22,2154.9812552447397
13_20240826 23,2334.58386782047
13_20240827 00,2429.8752621979525
13_20240827 01,2481.04559742054
13_20240827 02,2500.3077929119127
13_20240827 03,2494.450072230688
13_20240827 04,2180.217953889801
13_20240827 05,2064.849261174464
13_20240827 06,2085.3884204795013
13_20240827 07,2142.2046309027123
13_20240827 08,2270.741020638782
13_20240827 09,2769.907971259261
13_20240827 10,3137.140069998547
13_20240827 11,3114.941533155065
13_20240827 12,2897.8722741268157
13_20240827 13,3119.4375861805447
13_20240827 14,2732.3915253126697
13_20240827 15,3011.14988147684
13_20240827 16,2649.062573350621
13_20240827 17,2641.024740826445
13_20240827 18,2546.944795910178
13_20240827 19,2423.924134834837
13_20240827 20,2315.031600879908
13_20240827 21,2224.46246606591
13_20240827 22,2091.5631011736086
13_20240827 23,2262.0619919117335
13_20240828 00,2395.4104449865854
13_20240828 01,2446.7140130399766
13_20240828 02,2453.0994536931476
13_20240828 03,2451.6604392770355
13_20240828 04,2092.431298150276
13_20240828 05,1977.635726512052
13_20240828 06,1977.7351892687361
13_20240828 07,2043.3184199884106
13_20240828 08,2266.8474112895587
13_20240828 09,2755.448386714847
13_20240828 10,3100.635357644139
13_20240828 11,3081.9999337939985
13_20240828 12,2959.0933803236303
13_20240828 13,3071.439642742459
13_20240828 14,2598.62242955752
13_20240828 15,2961.9854982125125
13_20240828 16,2635.544959183315
13_20240828 17,2641.8818088258145
13_20240828 18,2531.5236747854888
13_20240828 19,2395.357273871261
13_20240828 20,2259.3740400517854
13_20240828 21,2201.887760939844
13_20240828 22,2106.2874824532173
13_20240828 23,2294.746543467436
13_20240829 00,2397.590520270835
13_20240829 01,2441.826704979274
13_20240829 02,2418.2413326263622
13_20240829 03,2410.8136494022965
13_20240829 04,2070.3931285968974
13_20240829 05,1956.9362800766958
13_20240829 06,1949.9726057620144
13_20240829 07,2017.9296228807318
13_20240829 08,2138.3781621217577
13_20240829 09,2670.063393181157
13_20240829 10,3056.2169574065456
13_20240829 11,3062.127166432338
13_20240829 12,2917.871267162387
13_20240829 13,3115.585875568386
13_20240829 14,2556.365220387742
13_20240829 15,2904.953081574909
13_20240829 16,2634.1607609986227
13_20240829 17,2589.2338388447033
13_20240829 18,2482.179442198798
13_20240829 19,2357.006216264931
13_20240829 20,2286.446066404696
13_20240829 21,2182.6871028808696
13_20240829 22,2099.8504377421364
13_20240829 23,2285.458834867657
13_20240830 00,2374.164767018206
13_20240830 01,2431.9468858637388
13_20240830 02,2430.5678210667493
13_20240830 03,2431.58875996651
13_20240830 04,2058.816770616294
13_20240830 05,1926.620011644201
13_20240830 06,1926.4444067500915
13_20240830 07,1974.8785143760795
13_20240830 08,2177.971047945252
13_20240830 09,2624.595036880496
13_20240830 10,3037.3510936582834
13_20240830 11,3025.0091398507966
13_20240830 12,2748.877567222582
13_20240830 13,2972.6190669562166
13_20240830 14,2421.108569104943
13_20240830 15,2678.7659094164555
13_20240830 16,2354.305041747331
13_20240830 17,2482.4360302026303
13_20240830 18,2336.9545760195742
13_20240830 19,2214.944464255769
13_20240830 20,2136.5842830820793
13_20240830 21,2075.759010830988
13_20240830 22,2011.71676736455
13_20240830 23,2205.2915696619157
13_20240831 00,2314.5824049979706
13_20240831 01,2327.3849695230956
13_20240831 02,2330.3720998914273
13_20240831 03,2332.2570122345896
13_20240831 04,1974.5454065200017
13_20240831 05,1848.971058762916
13_20240831 06,1817.5260738230954
13_20240831 07,1794.9634006569722
13_20240831 08,1801.7226481407533
13_20240831 09,1794.605862707176
13_20240831 10,1769.9797686930233
13_20240831 11,1658.835028972499
13_20240831 12,1732.8723813220104
13_20240831 13,1685.5963198870813
13_20240831 14,1203.4848474842452
13_20240831 15,1469.9733831957622
13_20240831 16,1375.9010185851403
13_20240831 17,1648.1601591373783
13_20240831 18,1961.5298536386315
13_20240831 19,1974.555233401598
13_20240831 20,1970.8925288891442
13_20240831 21,1960.9558936691192
13_20240831 22,1947.7634267047063
13_20240831 23,2139.60283886668
14_20240825 00,3248.6356716487453
14_20240825 01,3143.6345877827735
14_20240825 02,3106.0647475917867
14_20240825 03,3094.2072622616874
14_20240825 04,3055.796740758873
14_20240825 05,2999.210489442144
14_20240825 06,2960.4366779692236
14_20240825 07,3016.039201976398
14_20240825 08,3234.344620319414
14_20240825 09,3465.3788341657782
14_20240825 10,3576.214560125779
14_20240825 11,3664.9336256141623
14_20240825 12,3671.089430548801
14_20240825 13,3750.641145036122
14_20240825 14,3849.3644618892467
14_20240825 15,4049.8558623037407
14_20240825 16,4053.5481353855075
14_20240825 17,4039.3380891163015
14_20240825 18,3913.926831900142
14_20240825 19,3877.6864769935737
14_20240825 20,3867.5517312845086
14_20240825 21,3723.2951044889596
14_20240825 22,3562.611392631904
14_20240825 23,3451.977699795507
14_20240826 00,3327.40235318389
14_20240826 01,3221.567449155241
14_20240826 02,3159.773232315574
14_20240826 03,3145.7485601703675
14_20240826 04,3097.4601110822164
14_20240826 05,3145.6781573190833
14_20240826 06,3295.5116313174603
14_20240826 07,3491.9944068631976
14_20240826 08,4189.033036461358
14_20240826 09,6312.365691924115
14_20240826 10,6934.674220001123
14_20240826 11,6940.003474493875
14_20240826 12,6649.038026612897
14_20240826 13,7001.061688392501
14_20240826 14,7131.3330005778425
14_20240826 15,7220.894274918412
14_20240826 16,7081.622808064063
14_20240826 17,6477.1014292193595
14_20240826 18,5233.835607417464
14_20240826 19,4759.878537833274
14_20240826 20,4528.536033000287
14_20240826 21,4137.242383219389
14_20240826 22,3706.8633047454564
14_20240826 23,3537.3857974584917
14_20240827 00,3329.4238132215582
14_20240827 01,3221.404615121098
14_20240827 02,3147.2578099540674
14_20240827 03,3111.4945927187496
14_20240827 04,3077.4141122708165
14_20240827 05,3095.6368030805747
14_20240827 06,3256.55604761031
14_20240827 07,3440.7491755901915
14_20240827 08,4044.6580612283287
14_20240827 09,6165.742421929723
14_20240827 10,6661.001143307809
14_20240827 11,6755.188702972307
14_20240827 12,6355.921703982995
14_20240827 13,6693.020372990311
14_20240827 14,6816.408062359384
14_20240827 15,6921.154987747844
14_20240827 16,6771.919835356513
14_20240827 17,6165.461903282174
14_20240827 18,5024.6620663304575
14_20240827 19,4539.759350347921
14_20240827 20,4323.303705313425
14_20240827 21,4003.449571972328
14_20240827 22,3599.422497845177
14_20240827 23,3389.1111336886943
14_20240828 00,3219.061182658964
14_20240828 01,3105.847643055194
14_20240828 02,3041.4199975509473
14_20240828 03,3014.5109705274135
14_20240828 04,2977.4557714368148
14_20240828 05,3008.276120206579
14_20240828 06,3135.7820582546565
14_20240828 07,3275.748782742716
14_20240828 08,4040.814735124358
14_20240828 09,6049.093618016848
14_20240828 10,6591.856862227017
14_20240828 11,6722.256276887346
14_20240828 12,6530.530009979901
14_20240828 13,6842.3137278872855
14_20240828 14,6991.214337479305
14_20240828 15,7096.16603541366
14_20240828 16,7013.846658837654
14_20240828 17,6425.18634614908
14_20240828 18,5171.902671863465
14_20240828 19,4746.210845998649
14_20240828 20,4468.848810882997
14_20240828 21,4067.075909018785
14_20240828 22,3660.442472507634
14_20240828 23,3464.035654600371
14_20240829 00,3275.6026755741705
14_20240829 01,3145.2732213765244
14_20240829 02,3058.714817887958
14_20240829 03,3024.644351005383
14_20240829 04,2993.3989595857374
14_20240829 05,3008.559804033647
14_20240829 06,3131.2512673593155
14_20240829 07,3271.4782762196573
14_20240829 08,3928.2964710489223
14_20240829 09,5959.690704089938
14_20240829 10,6470.39728584017
14_20240829 11,6637.362439689903
14_20240829 12,6406.568781171056
14_20240829 13,6735.128058180261
14_20240829 14,6891.933766120881
14_20240829 15,7081.812457757378
14_20240829 16,6923.427362497994
14_20240829 17,6324.111906270047
14_20240829 18,5088.7557800824325
14_20240829 19,4583.253876641828
14_20240829 20,4291.127552602844
14_20240829 21,3921.1973208107147
14_20240829 22,3556.90488801068
14_20240829 23,3372.56294755211
14_20240830 00,3157.9637746871986
14_20240830 01,3048.1141453692444
14_20240830 02,2993.8961116444534
14_20240830 03,2957.466426019207
14_20240830 04,2930.538289106755
14_20240830 05,2950.5254565861987
14_20240830 06,3076.075835230039
14_20240830 07,3190.2472772412675
14_20240830 08,3909.202577888197
14_20240830 09,5899.239040343551
14_20240830 10,6310.04799672891
14_20240830 11,6510.323040245134
14_20240830 12,6220.058639537421
14_20240830 13,6514.486132739719
14_20240830 14,6697.790248242945
14_20240830 15,6829.534610554534
14_20240830 16,6721.090001032915
14_20240830 17,6163.959200299374
14_20240830 18,4969.921491464636
14_20240830 19,4470.844761953903
14_20240830 20,4128.165914128898
14_20240830 21,3769.3513958928424
14_20240830 22,3413.335120273664
14_20240830 23,3222.8073793631597
14_20240831 00,3073.1500438434223
14_20240831 01,2961.077751739088
14_20240831 02,2946.546401879299
14_20240831 03,2921.648235523706
14_20240831 04,2897.5853344695747
14_20240831 05,2842.00856755979
14_20240831 06,2814.4979872186473
14_20240831 07,2862.419878790169
14_20240831 08,3040.400752916695
14_20240831 09,3401.4533243918604
14_20240831 10,3502.7094682448346
14_20240831 11,3627.778590695558
14_20240831 12,3633.386762711926
14_20240831 13,3663.724403061609
14_20240831 14,3925.524603067682
14_20240831 15,4064.234838956578
14_20240831 16,4106.029059237619
14_20240831 17,4001.2141315145236
14_20240831 18,3754.097109389276
14_20240831 19,3705.831053964829
14_20240831 20,3689.063684418293
14_20240831 21,3530.945295002218
14_20240831 22,3339.391084792737
14_20240831 23,3252.0233572221673
15_20240825 00,2802.1466242003917
15_20240825 01,2819.576237160747
15_20240825 02,2814.493934798369
15_20240825 03,2813.509387160854
15_20240825 04,2823.3864388206175
15_20240825 05,2819.8075464716503
15_20240825 06,2807.234800686218
15_20240825 07,2806.8005787836123
15_20240825 08,2654.7215186465623
15_20240825 09,2415.771029929324
15_20240825 10,2349.9705692659654
15_20240825 11,2411.3918162815144
15_20240825 12,2380.44408471492
15_20240825 13,2340.3983685558487
15_20240825 14,2393.5352205745858
15_20240825 15,2541.9351020157546
15_20240825 16,2700.544240376642
15_20240825 17,2806.612824612753
15_20240825 18,2822.2770727660723
15_20240825 19,2944.311480140171
15_20240825 20,2938.222534631859
15_20240825 21,2892.6093132352416
15_20240825 22,2905.4071912291074
15_20240825 23,2888.78074659739
15_20240826 00,2877.0981546113067
15_20240826 01,2906.4164343258117
15_20240826 02,2906.540141208682
15_20240826 03,2901.603424568819
15_20240826 04,2933.5704092169312
15_20240826 05,3039.3463363199844
15_20240826 06,3158.8255502786405
15_20240826 07,3491.403937426396
15_20240826 08,3602.7645152558953
15_20240826 09,4036.9481883166404
15_20240826 10,4209.392228159817
15_20240826 11,4229.37854667493
15_20240826 12,4154.665588520463
15_20240826 13,4293.364026323153
15_20240826 14,4475.364736004795
15_20240826 15,4485.122187619171
15_20240826 16,4493.900160618723
15_20240826 17,4524.785828385171
15_20240826 18,3752.9737938216394
15_20240826 19,3585.1971442039285
15_20240826 20,3501.8770132992877
15_20240826 21,3360.9221714700734
15_20240826 22,3263.9516586979594
15_20240826 23,3190.3301012140337
15_20240827 00,3081.313538813214
15_20240827 01,3105.8969937702996
15_20240827 02,3094.6547674059993
15_20240827 03,3083.712167301299
15_20240827 04,3078.444305159051
15_20240827 05,3140.506271511266
15_20240827 06,3305.344521665362
15_20240827 07,3412.224844182295
15_20240827 08,3566.0896923151813
15_20240827 09,4047.131696010504
15_20240827 10,4101.768190614301
15_20240827 11,3953.9440103520483
15_20240827 12,3882.20277519026
15_20240827 13,4318.66344418752
15_20240827 14,4516.789846764259
15_20240827 15,4496.68156554824
15_20240827 16,4501.417378160375
15_20240827 17,4459.0726366461795
15_20240827 18,3725.1173417967284
15_20240827 19,3575.922608993014
15_20240827 20,3448.498413446783
15_20240827 21,3310.5266140086574
15_20240827 22,3195.521119289755
15_20240827 23,3128.208506580214
15_20240828 00,3051.8893515400305
15_20240828 01,3054.5071028664033
15_20240828 02,3040.73742854531
15_20240828 03,3022.599975006394
15_20240828 04,3029.786642634119
15_20240828 05,3090.246047229354
15_20240828 06,3234.773529825097
15_20240828 07,3352.6461177978376
15_20240828 08,3578.8321133544887
15_20240828 09,4295.730630010205
15_20240828 10,4314.779731092681
15_20240828 11,4203.019963316749
15_20240828 12,4044.3434713639203
15_20240828 13,4174.8039454863865
15_20240828 14,4286.300768116207
15_20240828 15,4364.536410001103
15_20240828 16,4342.5192052263355
15_20240828 17,4229.427128110901
15_20240828 18,3604.9190067162253
15_20240828 19,3444.3673944468514
15_20240828 20,3409.5803506222937
15_20240828 21,3281.4231406246604
15_20240828 22,3208.161291656741
15_20240828 23,3157.2070059436373
15_20240829 00,3038.2513277451467
15_20240829 01,3052.5013539317324
15_20240829 02,3029.825730563145
15_20240829 03,2985.3653873477606
15_20240829 04,3007.4453313288172
15_20240829 05,3064.417689709389
15_20240829 06,3152.624910384055
15_20240829 07,3285.890240043644
15_20240829 08,3470.6600889672295
15_20240829 09,3788.365507348418
15_20240829 10,3731.5140766720583
15_20240829 11,3729.9974672102767
15_20240829 12,3759.321056829196
15_20240829 13,3783.2801707910207
15_20240829 14,3786.53924645374
15_20240829 15,3818.2563647334614
15_20240829 16,3971.9367868610625
15_20240829 17,4002.903742045166
15_20240829 18,3520.8509486449348
15_20240829 19,3452.994253476064
15_20240829 20,3338.382143452605
15_20240829 21,3213.741392830114
15_20240829 22,3091.0539475066535
15_20240829 23,3033.0077276735665
15_20240830 00,2908.825630795065
15_20240830 01,2919.497004391307
15_20240830 02,2893.49958202758
15_20240830 03,2896.3453196714245
15_20240830 04,2904.443402718228
15_20240830 05,3000.340538033835
15_20240830 06,3059.658674510326
15_20240830 07,3198.0674463937844
15_20240830 08,3341.184068989556
15_20240830 09,3831.328798333334
15_20240830 10,3738.4236925123073
15_20240830 11,3661.128020983592
15_20240830 12,3618.3956232901955
15_20240830 13,3713.4156992107546
15_20240830 14,3777.2673782158618
15_20240830 15,3763.9501241936264
15_20240830 16,3699.935020709934
15_20240830 17,3733.616404764167
15_20240830 18,3241.2932376128456
15_20240830 19,3144.52433501986
15_20240830 20,3114.9885036205696
15_20240830 21,3003.7374450811412
15_20240830 22,2927.391082468593
15_20240830 23,2884.9927869651965
15_20240831 00,2765.969673074258
15_20240831 01,2770.090794555088
15_20240831 02,2755.2893114527114
15_20240831 03,2752.0014364664453
15_20240831 04,2762.8763468150555
15_20240831 05,2758.102064101242
15_20240831 06,2727.1115120944814
15_20240831 07,2657.307899043518
15_20240831 08,2531.907452309405
15_20240831 09,2384.9538123280995
15_20240831 10,2256.5934454364797
15_20240831 11,2284.709541163317
15_20240831 12,2289.4129861976403
15_20240831 13,2213.501984663538
15_20240831 14,2288.5983739696385
15_20240831 15,2389.7950093787204
15_20240831 16,2524.886049770693
15_20240831 17,2649.4763452025627
15_20240831 18,2740.177267128767
15_20240831 19,2847.159057136642
15_20240831 20,2847.971781041362
15_20240831 21,2811.5767181457977
15_20240831 22,2794.041787339287
15_20240831 23,2786.0068286370915
16_20240825 00,749.6695507655905
16_20240825 01,747.0983208834999
16_20240825 02,750.2392722920683
16_20240825 03,749.3159221053554
16_20240825 04,751.2940094551077
16_20240825 05,744.4225382087798
16_20240825 06,747.2788976187439
16_20240825 07,750.9119331247895
16_20240825 08,763.600233894159
16_20240825 09,775.8409500747082
16_20240825 10,785.3999466871165
16_20240825 11,784.1318366646417
16_20240825 12,788.1956873088234
16_20240825 13,791.2310874824993
16_20240825 14,795.5652083151999
16_20240825 15,796.7477985499304
16_20240825 16,790.3791619196752
16_20240825 17,780.314010373432
16_20240825 18,775.9116664955623
16_20240825 19,761.1676082278017
16_20240825 20,759.0729363882906
16_20240825 21,756.9762396251626
16_20240825 22,752.4637696516712
16_20240825 23,748.9944022391479
16_20240826 00,766.5552413632723
16_20240826 01,757.3154357733775
16_20240826 02,759.5587037853405
16_20240826 03,763.4150645281586
16_20240826 04,815.6313956222722
16_20240826 05,1013.7490913033168
16_20240826 06,1264.8958546368415
16_20240826 07,1393.3968344457141
16_20240826 08,1584.912578350833
16_20240826 09,1668.4365580963195
16_20240826 10,1668.9862636112568
16_20240826 11,1663.5827420927822
16_20240826 12,1703.0519353334078
16_20240826 13,1700.068103792404
16_20240826 14,1667.98192833652
16_20240826 15,1661.743677079638
16_20240826 16,1623.81025056224
16_20240826 17,1555.8080964565568
16_20240826 18,1197.6873833064137
16_20240826 19,963.0760685009807
16_20240826 20,869.6913377105899
16_20240826 21,809.2420850786323
16_20240826 22,785.240088249506
16_20240826 23,771.2997808110703
16_20240827 00,765.6773765534306
16_20240827 01,762.1089571475952
16_20240827 02,765.4730895663417
16_20240827 03,769.4727719721536
16_20240827 04,776.3677830648639
16_20240827 05,922.3253381308349
16_20240827 06,1186.0468062245022
16_20240827 07,1301.795178233283
16_20240827 08,1485.3671450922825
16_20240827 09,1553.2518527002446
16_20240827 10,1535.2393703815744
16_20240827 11,1519.3856267540673
16_20240827 12,1568.62198987958
16_20240827 13,1577.38685972979
16_20240827 14,1554.871848721768
16_20240827 15,1530.3996099648118
16_20240827 16,1521.0753804627664
16_20240827 17,1485.0223261513918
16_20240827 18,1174.7704318545693
16_20240827 19,939.1761954244632
16_20240827 20,853.9605113332514
16_20240827 21,798.7890973371336
16_20240827 22,771.7074584674834
16_20240827 23,761.5189344951441
16_20240828 00,755.8901385320131
16_20240828 01,756.0951453294012
16_20240828 02,757.5761005107123
16_20240828 03,757.5192094551943
16_20240828 04,760.4274586599712
16_20240828 05,848.9230594926286
16_20240828 06,1116.9109331937182
16_20240828 07,1249.1087369933266
16_20240828 08,1433.4765876626502
16_20240828 09,1543.2164409149048
16_20240828 10,1536.7395487946071
16_20240828 11,1598.229213393096
16_20240828 12,1643.5353406198215
16_20240828 13,1647.8006035100404
16_20240828 14,1625.695205663259
16_20240828 15,1590.190591954623
16_20240828 16,1578.3629279561274
16_20240828 17,1503.9202109182427
16_20240828 18,1174.3815150858945
16_20240828 19,935.7141541212678
16_20240828 20,853.629338046326
16_20240828 21,802.0133921243312
16_20240828 22,775.6394423272518
16_20240828 23,760.0640408367999
16_20240829 00,751.860383073269
16_20240829 01,752.8007768431752
16_20240829 02,754.0352075226299
16_20240829 03,752.4929413829957
16_20240829 04,757.7761072864091
16_20240829 05,853.5176050491998
16_20240829 06,1107.8557412941955
16_20240829 07,1236.959352606537
16_20240829 08,1408.184368076074
16_20240829 09,1510.8682426930382
16_20240829 10,1514.0921011494456
16_20240829 11,1572.6621307873897
16_20240829 12,1601.983092681115
16_20240829 13,1606.4151539516633
16_20240829 14,1587.9661898738077
16_20240829 15,1578.137461415714
16_20240829 16,1560.929785147961
16_20240829 17,1497.337110229309
16_20240829 18,1154.637225724282
16_20240829 19,942.3122235560418
16_20240829 20,847.6771590443792
16_20240829 21,790.391054615232
16_20240829 22,765.6575467972882
16_20240829 23,756.6344357832322
16_20240830 00,750.671060861639
16_20240830 01,750.8024595271022
16_20240830 02,749.3367409954697
16_20240830 03,747.7749828015604
16_20240830 04,758.7129278197198
16_20240830 05,851.5179492575023
16_20240830 06,1135.9593961485864
16_20240830 07,1260.7834337248432
16_20240830 08,1416.4269506571568
16_20240830 09,1521.0764781236312
16_20240830 10,1515.3694498182315
16_20240830 11,1564.9001002196678
16_20240830 12,1593.0635506853007
16_20240830 13,1591.8559050512113
16_20240830 14,1579.2404930372195
16_20240830 15,1560.3086439559647
16_20240830 16,1535.5166649159746
16_20240830 17,1459.159589248516
16_20240830 18,1145.6510656025048
16_20240830 19,903.9373325067936
16_20240830 20,838.6568570610641
16_20240830 21,784.06267707958
16_20240830 22,762.370429713377
16_20240830 23,750.0482887574642
16_20240831 00,743.7292356482891
16_20240831 01,741.3341212135954
16_20240831 02,739.6264637879096
16_20240831 03,740.6503593815308
16_20240831 04,741.1041989875534
16_20240831 05,741.7060385705777
16_20240831 06,743.5490877659496
16_20240831 07,735.592681418047
16_20240831 08,751.323973873046
16_20240831 09,781.5182680365886
16_20240831 10,810.7492028636022
16_20240831 11,815.5740189775502
16_20240831 12,820.1291462314798
16_20240831 13,828.3292023645984
16_20240831 14,827.1072849908405
16_20240831 15,822.1241890084107
16_20240831 16,817.1530827074686
16_20240831 17,791.9109013312286
16_20240831 18,779.6149380703172
16_20240831 19,768.3887748494571
16_20240831 20,764.216058947799
16_20240831 21,758.438056935311
16_20240831 22,751.226491409411
16_20240831 23,747.8819086172846
17_20240825 00,2045.5303086407002
17_20240825 01,2020.8388757300422
17_20240825 02,1991.7327213710978
17_20240825 03,1968.7207146014675
17_20240825 04,1975.4347178315525
17_20240825 05,2011.9209637180745
17_20240825 06,2146.4344072349586
17_20240825 07,2251.7174747926856
17_20240825 08,2368.616477713608
17_20240825 09,2454.9772847476356
17_20240825 10,2526.065176297647
17_20240825 11,2589.926862610808
17_20240825 12,2533.1545782539106
17_20240825 13,2525.81899248025
17_20240825 14,2520.2921256606974
17_20240825 15,2486.758933287525
17_20240825 16,2455.47092612059
17_20240825 17,2427.9571987685717
17_20240825 18,2359.4760213485115
17_20240825 19,2255.889151479866
17_20240825 20,2219.6079897699865
17_20240825 21,2183.7999721980827
17_20240825 22,2142.761454956872
17_20240825 23,2112.2375769307496
17_20240826 00,2083.5247307805125
17_20240826 01,2042.578064872813
17_20240826 02,2024.529467160596
17_20240826 03,2024.5967556547773
17_20240826 04,2047.6459901316184
17_20240826 05,2211.4152044010984
17_20240826 06,2618.0703566236825
17_20240826 07,3044.858876158244
17_20240826 08,3466.301322854076
17_20240826 09,3815.297687549876
17_20240826 10,3890.2833006649125
17_20240826 11,3935.9568754773145
17_20240826 12,3898.447000404666
17_20240826 13,3898.679508263129
17_20240826 14,3922.432272544154
17_20240826 15,3871.418052441599
17_20240826 16,3814.5436514688126
17_20240826 17,3510.0923076307413
17_20240826 18,2846.142553397156
17_20240826 19,2578.392837170063
17_20240826 20,2463.389220078488
17_20240826 21,2337.253530891086
17_20240826 22,2253.3660633510754
17_20240826 23,2166.730717579362
17_20240827 00,2096.754341878952
17_20240827 01,2059.2917214992435
17_20240827 02,2036.847764728012
17_20240827 03,2029.8414845547286
17_20240827 04,2054.2114437038
17_20240827 05,2219.1054537801156
17_20240827 06,2616.6367054545594
17_20240827 07,2955.424169796596
17_20240827 08,3388.5036534460264
17_20240827 09,3594.8965087811757
17_20240827 10,3659.5150372135226
17_20240827 11,3657.0335875218543
17_20240827 12,3619.9698715425175
17_20240827 13,3628.8469559176065
17_20240827 14,3689.8713789469575
17_20240827 15,3631.371909186225
17_20240827 16,3631.854684438793
17_20240827 17,3353.810979807859
17_20240827 18,2764.443215661672
17_20240827 19,2513.23831412809
17_20240827 20,2403.171290493019
17_20240827 21,2319.709621023658
17_20240827 22,2237.6458124687383
17_20240827 23,2107.295567219196
17_20240828 00,2031.3901223133525
17_20240828 01,1994.2481709661513
17_20240828 02,1921.5977226436416
17_20240828 03,1903.7029397950455
17_20240828 04,1959.1388573481936
17_20240828 05,2070.8236864597766
17_20240828 06,2405.2237015810797
17_20240828 07,2833.197557510596
17_20240828 08,3277.60826864288
17_20240828 09,3593.602218606518
17_20240828 10,3642.601878216971
17_20240828 11,3728.6780282910313
17_20240828 12,3752.6937917195883
17_20240828 13,3778.0137963704083
17_20240828 14,3813.7468015913655
17_20240828 15,3747.61672344123
17_20240828 16,3707.5548388773923
17_20240828 17,3407.5750230269646
17_20240828 18,2804.0496809112565
17_20240828 19,2537.7305357387586
17_20240828 20,2413.4392143227624
17_20240828 21,2326.3719638845537
17_20240828 22,2260.6785175491964
17_20240828 23,2150.3117521558083
17_20240829 00,2088.9032784408137
17_20240829 01,1987.0057290095665
17_20240829 02,1946.133784133686
17_20240829 03,1916.2155944320102
17_20240829 04,1920.5033353148235
17_20240829 05,2049.1185329494624
17_20240829 06,2391.8175428431186
17_20240829 07,2868.147049491161
17_20240829 08,3295.747564264211
17_20240829 09,3521.7904451779323
17_20240829 10,3575.1538303857806
17_20240829 11,3647.391598339947
17_20240829 12,3697.642385766542
17_20240829 13,3691.5341504249254
17_20240829 14,3710.1353756661656
17_20240829 15,3679.217805588335
17_20240829 16,3643.336038790342
17_20240829 17,3441.9172651713347
17_20240829 18,2758.1478143143668
17_20240829 19,2488.081189721035
17_20240829 20,2356.8762215166003
17_20240829 21,2268.097717865962
17_20240829 22,2202.4922508255177
17_20240829 23,2111.2984872094676
17_20240830 00,2030.9421943193324
17_20240830 01,1948.0382237136048
17_20240830 02,1904.7751024701222
17_20240830 03,1851.175933569637
17_20240830 04,1894.0031982063706
17_20240830 05,2032.198749120535
17_20240830 06,2387.3474341200936
17_20240830 07,2902.962772692381
17_20240830 08,3271.374853454143
17_20240830 09,3594.3702496152864
17_20240830 10,3663.36785406515
17_20240830 11,3703.197918245066
17_20240830 12,3677.179873161553
17_20240830 13,3661.2752858940466
17_20240830 14,3699.1728556659214
17_20240830 15,3642.507568342326
17_20240830 16,3578.791928049849
17_20240830 17,3328.516415995464
17_20240830 18,2727.169973468139
17_20240830 19,2448.1249147658064
17_20240830 20,2277.0267244121487
17_20240830 21,2140.813542152979
17_20240830 22,2123.012821612315
17_20240830 23,2035.589230542581
17_20240831 00,1943.4931441021224
17_20240831 01,1910.3078546048155
17_20240831 02,1877.9570516588662
17_20240831 03,1867.5271461411626
17_20240831 04,1864.772295464743
17_20240831 05,1901.3610623552784
17_20240831 06,2094.0755419570705
17_20240831 07,2297.051468567681
17_20240831 08,2441.6247763066126
17_20240831 09,2568.3454253024106
17_20240831 10,2651.390489282353
17_20240831 11,2701.5972247029927
17_20240831 12,2662.4013795213255
17_20240831 13,2628.4569902355825
17_20240831 14,2514.5868877569574
17_20240831 15,2490.2852553461616
17_20240831 16,2481.187967890184
17_20240831 17,2420.596869051714
17_20240831 18,2292.2781336797734
17_20240831 19,2193.884934333045
17_20240831 20,2139.645080977934
17_20240831 21,2101.96252659121
17_20240831 22,2041.9033660328046
17_20240831 23,2011.34144569032
18_20240825 00,558.1704245336979
18_20240825 01,543.5344634520702
18_20240825 02,531.8076901035574
18_20240825 03,533.199082030445
18_20240825 04,539.589808660089
18_20240825 05,654.4839695489826
18_20240825 06,892.980094525914
18_20240825 07,1094.2522140412188
18_20240825 08,1364.022533718398
18_20240825 09,1611.6276686112424
18_20240825 10,1702.5515771379673
18_20240825 11,1711.128115581697
18_20240825 12,1753.0842666022118
18_20240825 13,1706.4662884755157
18_20240825 14,1684.6951336891616
18_20240825 15,1643.5391086256961
18_20240825 16,1466.9325834332926
18_20240825 17,1272.5711285925445
18_20240825 18,978.4039333779501
18_20240825 19,872.7012539146895
18_20240825 20,821.097917753935
18_20240825 21,731.7408234148578
18_20240825 22,637.7784370401392
18_20240825 23,554.174042491447
18_20240826 00,550.2080952031929
18_20240826 01,544.2225710326338
18_20240826 02,542.4238625168437
18_20240826 03,542.1484683660236
18_20240826 04,552.7970019106233
18_20240826 05,626.7063355494415
18_20240826 06,776.8850858774306
18_20240826 07,985.557354652617
18_20240826 08,1326.946875531207
18_20240826 09,1669.1988226971184
18_20240826 10,2064.915885655322
18_20240826 11,2145.065834682417
18_20240826 12,2159.5035223206974
18_20240826 13,2144.3770440275334
18_20240826 14,2112.1574004184245
18_20240826 15,2068.192847053706
18_20240826 16,2043.696647385063
18_20240826 17,2044.0388863556998
18_20240826 18,2033.8785187482054
18_20240826 19,2002.8711184349554
18_20240826 20,1929.6436602593633
18_20240826 21,1651.1143159073574
18_20240826 22,883.5403336184388
18_20240826 23,616.6352477494787
18_20240827 00,562.0670214948755
18_20240827 01,550.3008726870492
18_20240827 02,546.266980659865
18_20240827 03,551.1764384461262
18_20240827 04,562.363543539585
18_20240827 05,632.7518808703376
18_20240827 06,770.254506852034
18_20240827 07,974.2845915276562
18_20240827 08,1295.904266145807
18_20240827 09,1649.8634876272713
18_20240827 10,2042.1087697081489
18_20240827 11,2134.0032341410215
18_20240827 12,2137.5940817151454
18_20240827 13,2150.3451399845417
18_20240827 14,2157.2208899755587
18_20240827 15,2150.485994904487
18_20240827 16,2104.081180573594
18_20240827 17,2065.409979842874
18_20240827 18,2022.4118755054897
18_20240827 19,1995.935580980863
18_20240827 20,1923.9629656064776
18_20240827 21,1624.60077598264
18_20240827 22,923.0013490139479
18_20240827 23,631.0136046948935
18_20240828 00,578.430368806874
18_20240828 01,564.5671802301935
18_20240828 02,553.4639493479061
18_20240828 03,548.6150552792892
18_20240828 04,563.6360697134985
18_20240828 05,640.5415052235534
18_20240828 06,723.1727493290437
18_20240828 07,893.5836819428316
18_20240828 08,1283.657909608912
18_20240828 09,1746.0323144925992
18_20240828 10,2221.2835729093003
18_20240828 11,2315.706582203685
18_20240828 12,2324.1620599128028
18_20240828 13,2265.804765110248
18_20240828 14,2211.2483451315893
18_20240828 15,2193.1566187214657
18_20240828 16,2158.727879469934
18_20240828 17,2161.5668330749886
18_20240828 18,2184.346208552645
18_20240828 19,2205.5394153703355
18_20240828 20,2122.742774341196
18_20240828 21,1803.4847139230683
18_20240828 22,919.1508347062156
18_20240828 23,639.0156284345275
18_20240829 00,569.0973292430629
18_20240829 01,560.3910963292952
18_20240829 02,556.5708745647923
18_20240829 03,549.3013474623779
18_20240829 04,561.0778911532191
18_20240829 05,637.0222151600399
18_20240829 06,723.2216924404086
18_20240829 07,943.6699169181427
18_20240829 08,1290.0079242061397
18_20240829 09,1616.9792927655535
18_20240829 10,2082.8126487006284
18_20240829 11,2170.83530127491
18_20240829 12,2198.5692543439386
18_20240829 13,2203.8019534810637
18_20240829 14,2179.31560487755
18_20240829 15,2131.521598288835
18_20240829 16,2089.3810857663084
18_20240829 17,2078.051068546796
18_20240829 18,2033.1353913332584
18_20240829 19,2020.5927117057718
18_20240829 20,1936.8627689982038
18_20240829 21,1625.1815126990296
18_20240829 22,915.252587013468
18_20240829 23,635.6286635139529
18_20240830 00,569.335209844651
18_20240830 01,558.4983431440362
18_20240830 02,552.6457977058545
18_20240830 03,545.944426761269
18_20240830 04,556.8669995729852
18_20240830 05,623.926996377664
18_20240830 06,732.5995999831721
18_20240830 07,981.0897577352819
18_20240830 08,1348.3400759687643
18_20240830 09,1671.0845603093935
18_20240830 10,2114.3735786188367
18_20240830 11,2174.844056261057
18_20240830 12,2185.5891042970543
18_20240830 13,2198.8572324876504
18_20240830 14,2186.6922608910204
18_20240830 15,2158.437560402632
18_20240830 16,2132.4708737588926
18_20240830 17,2140.4624026898127
18_20240830 18,2154.5078807739746
18_20240830 19,2202.881007528147
18_20240830 20,2131.1529513764494
18_20240830 21,1806.5061299654385
18_20240830 22,1019.0075319804685
18_20240830 23,644.7174142123288
18_20240831 00,568.7870078464811
18_20240831 01,556.7419838637047
18_20240831 02,553.8671917834151
18_20240831 03,542.0931709030608
18_20240831 04,552.4613794242958
18_20240831 05,634.8407761834314
18_20240831 06,718.0066374343842
18_20240831 07,954.1565928449145
18_20240831 08,1341.4683985762456
18_20240831 09,1721.601207199731
18_20240831 10,2196.1635324773124
18_20240831 11,2254.868561642932
18_20240831 12,2305.105215003872
18_20240831 13,2307.694963165651
18_20240831 14,2288.5494998108024
18_20240831 15,2259.684040203957
18_20240831 16,2211.528111594486
18_20240831 17,2148.3104251707355
18_20240831 18,2076.552112551308
18_20240831 19,2023.8080802065715
18_20240831 20,1950.9827707141058
18_20240831 21,1643.859396459056
18_20240831 22,940.5355266232859
18_20240831 23,648.052403642845
19_20240825 00,498.431369945632
19_20240825 01,428.8608786185991
19_20240825 02,411.6016252658083
19_20240825 03,411.70301669611325
19_20240825 04,410.8711431778415
19_20240825 05,433.8361028324967
19_20240825 06,580.2355068975904
19_20240825 07,660.4112204736712
19_20240825 08,1021.7343408964866
19_20240825 09,1800.0371011507236
19_20240825 10,2686.3784260595567
19_20240825 11,2928.8248940871053
19_20240825 12,2941.1729006159057
19_20240825 13,2950.6142922500158
19_20240825 14,2987.166265709922
19_20240825 15,2986.4322015678686
19_20240825 16,2961.053118332689
19_20240825 17,2972.4472089586648
19_20240825 18,2931.008344321719
19_20240825 19,2819.9323800382854
19_20240825 20,2276.851420201019
19_20240825 21,1005.1854744204837
19_20240825 22,726.7705539105202
19_20240825 23,593.1045541175865
19_20240826 00,469.2862405401928
19_20240826 01,415.86827329931793
19_20240826 02,406.3624628585477
19_20240826 03,406.58663606721564
19_20240826 04,407.1237793177628
19_20240826 05,422.51183564799663
19_20240826 06,562.027176490342
19_20240826 07,632.2231191126186
19_20240826 08,996.2274285362396
19_20240826 09,1780.5928942245714
19_20240826 10,2650.5917439000054
19_20240826 11,2859.5741443068728
19_20240826 12,2912.0647608259233
19_20240826 13,2814.4147086712815
19_20240826 14,2881.3468401620994
19_20240826 15,2802.62196922278
19_20240826 16,2774.6761078090403
19_20240826 17,2852.6147140997355
19_20240826 18,2737.5820360325033
19_20240826 19,2432.4995660633595
19_20240826 20,1611.0188131568984
19_20240826 21,894.4412547837328
19_20240826 22,697.3980574240804
19_20240826 23,581.5422949215405
19_20240827 00,470.7129080718213
19_20240827 01,417.5388121164142
19_20240827 02,405.89870535482794
19_20240827 03,404.5829598806488
19_20240827 04,407.69608069877756
19_20240827 05,429.745560777235
19_20240827 06,579.6302844071802
19_20240827 07,644.3965498649068
19_20240827 08,988.1332568995738
19_20240827 09,1764.8434863828118
19_20240827 10,2657.830363229173
19_20240827 11,2920.4282940738176
19_20240827 12,2930.1020349045616
19_20240827 13,2900.2180817349918
19_20240827 14,2925.372386626962
19_20240827 15,2891.3671607616725
19_20240827 16,2874.612480784157
19_20240827 17,2878.7196939128557
19_20240827 18,2865.789891474863
19_20240827 19,2774.290747351498
19_20240827 20,1799.6911601325849
19_20240827 21,889.1778346018801
19_20240827 22,696.3320491822424
19_20240827 23,621.7445237650453
19_20240828 00,503.86243651335496
19_20240828 01,435.0533817771626
19_20240828 02,415.7753317216337
19_20240828 03,421.6146674002273
19_20240828 04,417.75929228474314
19_20240828 05,437.97437761524884
19_20240828 06,574.0268060824162
19_20240828 07,630.9411548450386
19_20240828 08,969.7843270041207
19_20240828 09,1865.2904373466818
19_20240828 10,2688.761818313191
19_20240828 11,2991.8015918752817
19_20240828 12,2964.140212310243
19_20240828 13,2967.4680045299183
19_20240828 14,3026.0510319728937
19_20240828 15,3004.8055203925223
19_20240828 16,2936.3279436921334
19_20240828 17,2889.2786156475395
19_20240828 18,2872.521275360348
19_20240828 19,2769.271839664906
19_20240828 20,1757.7191397588806
19_20240828 21,914.740334691965
19_20240828 22,706.6959238182845
19_20240828 23,590.4900780676116
19_20240829 00,491.2591992988394
19_20240829 01,435.08524815026794
19_20240829 02,415.0011707145303
19_20240829 03,419.49516327467677
19_20240829 04,418.76896025255195
19_20240829 05,451.10442077440973
19_20240829 06,585.2048168153485
19_20240829 07,648.611913345764
19_20240829 08,998.9574584246295
19_20240829 09,1797.7766506238588
19_20240829 10,2693.397643651676
19_20240829 11,2961.1824513647352
19_20240829 12,2930.12226861005
19_20240829 13,2918.151277740604
19_20240829 14,2917.631184095794
19_20240829 15,2894.5781941900614
19_20240829 16,2852.396104597033
19_20240829 17,2872.9673311469896
19_20240829 18,2893.479598812348
19_20240829 19,2774.283940685513
19_20240829 20,1819.6523414263986
19_20240829 21,980.3467609068026
19_20240829 22,722.0059026296622
19_20240829 23,602.7459974021795
19_20240830 00,514.4187105891041
19_20240830 01,452.0563837325026
19_20240830 02,421.84219051561354
19_20240830 03,418.7025487074853
19_20240830 04,413.7726052635367
19_20240830 05,446.599668195632
19_20240830 06,589.3042858441488
19_20240830 07,648.8559294964336
19_20240830 08,969.0455139705457
19_20240830 09,1808.7168267860895
19_20240830 10,2647.938853616208
19_20240830 11,2897.987587922323
19_20240830 12,2902.3288768547586
19_20240830 13,2902.2128922558522
19_20240830 14,2894.41450612359
19_20240830 15,2879.1770719156084
19_20240830 16,2838.5159909226127
19_20240830 17,2844.808393525428
19_20240830 18,2823.556754171728
19_20240830 19,2714.4224366438116
19_20240830 20,2172.6728901430683
19_20240830 21,981.0697051192564
19_20240830 22,717.3766937732989
19_20240830 23,592.520312020272
19_20240831 00,495.3794091823791
19_20240831 01,430.083560221884
19_20240831 02,408.54058245461044
19_20240831 03,406.7294901994973
19_20240831 04,409.9802692592951
19_20240831 05,436.5204535511606
19_20240831 06,557.0223751431148
19_20240831 07,628.932709404796
19_20240831 08,969.105572173886
19_20240831 09,1774.7572883103153
19_20240831 10,2621.7651862036932
19_20240831 11,2915.8090599797342
19_20240831 12,2945.741028881738
19_20240831 13,2968.4469875208633
19_20240831 14,2982.034735739438
19_20240831 15,2981.6814221188924
19_20240831 16,2978.267047689128
19_20240831 17,2985.4827986521454
19_20240831 18,2943.0205474335185
19_20240831 19,2733.2653881555625
19_20240831 20,2175.0413942259734
19_20240831 21,988.4011057348712
19_20240831 22,711.633085039239
19_20240831 23,592.9318367271591
20_20240825 00,1811.7397462725535
20_20240825 01,1818.614754272167
20_20240825 02,1817.7357592265973
20_20240825 03,1816.2493110396742
20_20240825 04,1814.508149090614
20_20240825 05,1810.7330775397688
20_20240825 06,1813.963190764723
20_20240825 07,1792.2482479729442
20_20240825 08,1801.3779479538712
20_20240825 09,1818.1631339949377
20_20240825 10,1821.3617519547042
20_20240825 11,1820.7625389038267
20_20240825 12,1821.8655031918793
20_20240825 13,1824.2501855203786
20_20240825 14,1819.6098707102474
20_20240825 15,1827.8308843218808
20_20240825 16,1824.2047465316123
20_20240825 17,1838.4774321584555
20_20240825 18,1823.5762612876215
20_20240825 19,1818.1470792652258
20_20240825 20,1814.4032260819429
20_20240825 21,1817.0032875690922
20_20240825 22,1814.529698155799
20_20240825 23,1806.683984707102
20_20240826 00,1818.3921671265605
20_20240826 01,1822.3905179073126
20_20240826 02,1820.9835023195205
20_20240826 03,1823.032933568065
20_20240826 04,1817.9383023740666
20_20240826 05,1817.8757788955406
20_20240826 06,1990.330495830407
20_20240826 07,2135.1342459625857
20_20240826 08,2189.3379428327844
20_20240826 09,2320.81322373501
20_20240826 10,2352.442105090615
20_20240826 11,2352.28803150672
20_20240826 12,2333.5732004971833
20_20240826 13,2334.668732848873
20_20240826 14,2349.573899810085
20_20240826 15,2311.6492906035837
20_20240826 16,2262.408241890723
20_20240826 17,2230.0821037403007
20_20240826 18,2040.544086987616
20_20240826 19,1931.9604919805477
20_20240826 20,1886.9255375413868
20_20240826 21,1870.1517508438512
20_20240826 22,1857.676692828907
20_20240826 23,1838.7673084912299
20_20240827 00,1825.6483276374768
20_20240827 01,1828.4930290530192
20_20240827 02,1826.051020115281
20_20240827 03,1827.8377372418254
20_20240827 04,1825.4199524148062
20_20240827 05,1825.7961688458595
20_20240827 06,1996.941596689218
20_20240827 07,2137.1238033421796
20_20240827 08,2191.257811315188
20_20240827 09,2302.4472864838403
20_20240827 10,2337.4954389432023
20_20240827 11,2338.6746277052052
20_20240827 12,2327.479113991717
20_20240827 13,2329.1487175152793
20_20240827 14,2341.4533062534524
20_20240827 15,2278.108574639118
20_20240827 16,2246.1183747745818
20_20240827 17,2187.9407229744506
20_20240827 18,2003.529177357364
20_20240827 19,1921.9664932029382
20_20240827 20,1861.733741717882
20_20240827 21,1861.7358477785265
20_20240827 22,1841.183939616572
20_20240827 23,1831.533976883452
20_20240828 00,1818.9796932288307
20_20240828 01,1825.6946422285484
20_20240828 02,1817.7120746776054
20_20240828 03,1818.9358752732646
20_20240828 04,1810.6287664990718
20_20240828 05,1811.3930872548344
20_20240828 06,1952.9918058207998
20_20240828 07,2104.153221449761
20_20240828 08,2161.772130023299
20_20240828 09,2257.481615194787
20_20240828 10,2304.7986051834077
20_20240828 11,2307.1196190316364
20_20240828 12,2295.402622662631
20_20240828 13,2299.6689217170347
20_20240828 14,2331.1347566856716
20_20240828 15,2259.4054508267413
20_20240828 16,2237.303410748171
20_20240828 17,2199.511950440299
20_20240828 18,2022.943952383042
20_20240828 19,1911.2727789654136
20_20240828 20,1864.162628274149
20_20240828 21,1850.8736957237277
20_20240828 22,1831.0206650513346
20_20240828 23,1823.7345284693274
20_20240829 00,1826.273752133311
20_20240829 01,1819.5210869765601
20_20240829 02,1818.4776527550434
20_20240829 03,1820.5195124303573
20_20240829 04,1816.8920683401461
20_20240829 05,1816.5665933154582
20_20240829 06,1977.3732807789222
20_20240829 07,2128.330596088155
20_20240829 08,2182.4622621723106
20_20240829 09,2293.134479247181
20_20240829 10,2341.594314440899
20_20240829 11,2324.7276074832744
20_20240829 12,2315.6015435525014
20_20240829 13,2318.4839784110973
20_20240829 14,2345.455529974197
20_20240829 15,2285.074112832798
20_20240829 16,2238.2156170102267
20_20240829 17,2202.0146206194277
20_20240829 18,2021.5152546101594
20_20240829 19,1919.9160845681104
20_20240829 20,1878.9914391461898
20_20240829 21,1850.2892869740735
20_20240829 22,1833.8750143156633
20_20240829 23,1829.7518213211943
20_20240830 00,1802.6485929637752
20_20240830 01,1807.6814868947174
20_20240830 02,1806.2216187278887
20_20240830 03,1805.376723123495
20_20240830 04,1803.5482669299404
20_20240830 05,1807.5358088951225
20_20240830 06,1967.390275544888
20_20240830 07,2106.8920712233494
20_20240830 08,2147.846957299771
20_20240830 09,2267.6412637736094
20_20240830 10,2312.5712130593674
20_20240830 11,2311.4860254111895
20_20240830 12,2296.1815215795364
20_20240830 13,2296.5274174688643
20_20240830 14,2312.7039590654726
20_20240830 15,2269.8631988420093
20_20240830 16,2219.6896898390733
20_20240830 17,2199.3965071700286
20_20240830 18,2017.5806863730786
20_20240830 19,1910.737977202306
20_20240830 20,1870.5462402495832
20_20240830 21,1845.0122199412526
20_20240830 22,1833.511880158611
20_20240830 23,1826.6345038857266
20_20240831 00,1800.463803437213
20_20240831 01,1807.1535072327974
20_20240831 02,1803.5012347670654
20_20240831 03,1804.5161226673993
20_20240831 04,1800.7329577153628
20_20240831 05,1799.0713296745753
20_20240831 06,1799.3166256212087
20_20240831 07,1794.3655364830167
20_20240831 08,1797.7795177591768
20_20240831 09,1806.7379065085245
20_20240831 10,1813.1127903475472
20_20240831 11,1818.4793461125319
20_20240831 12,1833.4945891401799
20_20240831 13,1825.9406314657176
20_20240831 14,1826.5593829572006
20_20240831 15,1829.3097463574495
20_20240831 16,1827.046693477263
20_20240831 17,1838.0507247481492
20_20240831 18,1809.2529279761407
20_20240831 19,1798.555280638384
20_20240831 20,1800.1935915861345
20_20240831 21,1799.6128929298263
20_20240831 22,1785.8172780717282
20_20240831 23,1781.3700694520517
21_20240825 00,2609.577254235404
21_20240825 01,2652.4771869182136
21_20240825 02,2607.4668092565826
21_20240825 03,2621.8128472865155
21_20240825 04,2663.163015991911
21_20240825 05,2725.657874428752
21_20240825 06,2813.5595498184534
21_20240825 07,2896.1185403394793
21_20240825 08,2958.8973248071907
21_20240825 09,2956.982090648807
21_20240825 10,3037.1855713168934
21_20240825 11,3041.7044023085627
21_20240825 12,2992.250299360908
21_20240825 13,2968.0391340333435
21_20240825 14,2931.8229711025615
21_20240825 15,2978.6672056351854
21_20240825 16,2973.065225976032
21_20240825 17,2975.8177241499197
21_20240825 18,2943.0260687852997
21_20240825 19,2864.6032087284643
21_20240825 20,2819.365176698728
21_20240825 21,2742.1810985124653
21_20240825 22,2716.767743981436
21_20240825 23,2705.85757600356
21_20240826 00,2669.2685790424375
21_20240826 01,2732.6009004966295
21_20240826 02,2714.410660329616
21_20240826 03,2691.4861952025863
21_20240826 04,2714.0994721287475
21_20240826 05,2912.860755637492
21_20240826 06,3097.0435627514134
21_20240826 07,3414.5536049814987
21_20240826 08,3749.1228388200684
21_20240826 09,3836.8478200030713
21_20240826 10,3895.1783594009185
21_20240826 11,3891.35162186477
21_20240826 12,3842.3914669824358
21_20240826 13,3828.9800037536634
21_20240826 14,3862.4854428782437
21_20240826 15,3868.3337654468037
21_20240826 16,3840.6283020313113
21_20240826 17,3640.511367905064
21_20240826 18,3284.862104040343
21_20240826 19,3051.1631153852163
21_20240826 20,2941.730511792304
21_20240826 21,2828.0472716578843
21_20240826 22,2780.3965951587934
21_20240826 23,2729.092956149924
21_20240827 00,2668.3598311649193
21_20240827 01,2708.9820003781538
21_20240827 02,2705.292969161793
21_20240827 03,2708.131775420349
21_20240827 04,2746.7722452555977
21_20240827 05,2872.3313005928653
21_20240827 06,3059.1161061215016
21_20240827 07,3393.6014956901513
21_20240827 08,3697.285859229153
21_20240827 09,3781.0179108114453
21_20240827 10,3810.5447681625537
21_20240827 11,3798.724071448484
21_20240827 12,3763.6539325569242
21_20240827 13,3768.4983163234865
21_20240827 14,3785.2565979314045
21_20240827 15,3726.7481553507096
21_20240827 16,3745.7330451979396
21_20240827 17,3525.496624832626
21_20240827 18,3195.435720952077
21_20240827 19,2953.983552605718
21_20240827 20,2800.9957008562615
21_20240827 21,2712.755673757467
21_20240827 22,2713.1937050548413
21_20240827 23,2612.4887917068427
21_20240828 00,2547.5125002033074
21_20240828 01,2594.420420484307
21_20240828 02,2585.9316473548333
21_20240828 03,2599.48938583489
21_20240828 04,2646.8111948142696
21_20240828 05,2775.6138407338235
21_20240828 06,2953.414279430259
21_20240828 07,3277.868670585839
21_20240828 08,3588.9156236423087
21_20240828 09,3687.2063577880485
21_20240828 10,3707.801916936244
21_20240828 11,3756.966852125818
21_20240828 12,3708.5307923058035
21_20240828 13,3704.408274783077
21_20240828 14,3726.4571921114157
21_20240828 15,3758.551419668411
21_20240828 16,3729.2459431611933
21_20240828 17,3502.9598673650116
21_20240828 18,3169.371256828569
21_20240828 19,2946.4285631370444
21_20240828 20,2882.3338263011274
21_20240828 21,2773.544195577404
21_20240828 22,2730.382566732697
21_20240828 23,2680.8687706384044
21_20240829 00,2586.5374224158895
21_20240829 01,2644.0898958577236
21_20240829 02,2630.554747387046
21_20240829 03,2602.415388657566
21_20240829 04,2678.3303408208435
21_20240829 05,2823.054998098637
21_20240829 06,2985.6593323148363
21_20240829 07,3284.3721206819737
21_20240829 08,3652.159336503536
21_20240829 09,3720.747451993106
21_20240829 10,3774.5536713986276
21_20240829 11,3764.093690226631
21_20240829 12,3705.108977885268
21_20240829 13,3696.83889993751
21_20240829 14,3713.9395581307726
21_20240829 15,3736.504618998221
21_20240829 16,3707.160136160483
21_20240829 17,3497.008317345084
21_20240829 18,3169.411001193147
21_20240829 19,2959.604510418125
21_20240829 20,2855.568129047149
21_20240829 21,2760.6661230563905
21_20240829 22,2708.4312082535994
21_20240829 23,2659.7467281261374
21_20240830 00,2583.2996559346716
21_20240830 01,2636.3269415231553
21_20240830 02,2629.1508375627154
21_20240830 03,2643.488507837822
21_20240830 04,2668.6521434717247
21_20240830 05,2821.596452249846
21_20240830 06,3012.636137543326
21_20240830 07,3304.7786877072112
21_20240830 08,3634.9307468240586
21_20240830 09,3715.643085502048
21_20240830 10,3769.1601118316094
21_20240830 11,3782.0798821834205
21_20240830 12,3737.2165882397244
21_20240830 13,3722.4519419501994
21_20240830 14,3741.7289845076693
21_20240830 15,3767.843367726826
21_20240830 16,3748.348229190143
21_20240830 17,3515.7598799164907
21_20240830 18,3193.440855914416
21_20240830 19,2985.241637343567
21_20240830 20,2883.944753673905
21_20240830 21,2787.0738024220695
21_20240830 22,2723.182865190335
21_20240830 23,2666.3248444464716
21_20240831 00,2569.655897851634
21_20240831 01,2597.5341172467633
21_20240831 02,2556.192737223819
21_20240831 03,2570.7671629180736
21_20240831 04,2616.4858306680394
21_20240831 05,2649.052870903367
21_20240831 06,2791.5115426802445
21_20240831 07,3042.03573132637
21_20240831 08,3188.088453950455
21_20240831 09,3178.2018307902445
21_20240831 10,3219.5017806708865
21_20240831 11,3235.5512399798563
21_20240831 12,3083.4595704816247
21_20240831 13,2941.585171710072
21_20240831 14,2863.7133572475927
21_20240831 15,2896.8924548921213
21_20240831 16,2917.8915375359747
21_20240831 17,2884.063890475486
21_20240831 18,2837.344706162099
21_20240831 19,2740.5532803567785
21_20240831 20,2711.768344879414
21_20240831 21,2639.6049592384907
21_20240831 22,2571.4336740424415
21_20240831 23,2534.8682124609227
22_20240825 00,1758.9487797123593
22_20240825 01,1740.8084464297422
22_20240825 02,1725.4555085910629
22_20240825 03,1691.408004833106
22_20240825 04,1678.7255810033434
22_20240825 05,1651.7722471747707
22_20240825 06,1655.4153366282726
22_20240825 07,1676.846499413933
22_20240825 08,1695.750318174632
22_20240825 09,1704.4618261999074
22_20240825 10,1785.835489871285
22_20240825 11,1850.2284197898925
22_20240825 12,1850.9368266696579
22_20240825 13,1943.6840206024633
22_20240825 14,2050.485924186848
22_20240825 15,2109.7384334525555
22_20240825 16,2140.6993414168246
22_20240825 17,2120.604739778845
22_20240825 18,2087.8057279988016
22_20240825 19,2058.1674321613345
22_20240825 20,2043.6198563575726
22_20240825 21,2024.8097105577704
22_20240825 22,1942.744397813412
22_20240825 23,1823.7353932885767
22_20240826 00,1841.5257210719192
22_20240826 01,1785.9639527826982
22_20240826 02,1756.0718173204816
22_20240826 03,1698.6792368600495
22_20240826 04,1687.074095336514
22_20240826 05,1662.468484275007
22_20240826 06,1679.4825199470486
22_20240826 07,1815.2942455295445
22_20240826 08,2289.9094987617163
22_20240826 09,3075.380814929333
22_20240826 10,3373.2506517834536
22_20240826 11,3464.798695804295
22_20240826 12,3361.8264642283552
22_20240826 13,3586.829039992116
22_20240826 14,3723.0749517978315
22_20240826 15,3721.4018866990727
22_20240826 16,3619.5108316174314
22_20240826 17,3348.3081408226426
22_20240826 18,2766.6867205125477
22_20240826 19,2492.1124349146294
22_20240826 20,2384.8545084058924
22_20240826 21,2250.594715624106
22_20240826 22,2114.54749416033
22_20240826 23,1969.6470334467244
22_20240827 00,1885.7268781072078
22_20240827 01,1815.7812876877283
22_20240827 02,1787.7712039701669
22_20240827 03,1772.093571124533
22_20240827 04,1762.7604475150333
22_20240827 05,1700.6426912028835
22_20240827 06,1744.746813996177
22_20240827 07,1855.6271894067677
22_20240827 08,2280.494943996308
22_20240827 09,2997.3185548449374
22_20240827 10,3200.8279632228864
22_20240827 11,3250.8570374721676
22_20240827 12,3216.7766958138163
22_20240827 13,3507.2504580572736
22_20240827 14,3591.8081356671973
22_20240827 15,3429.139318239565
22_20240827 16,3453.0908225254016
22_20240827 17,3209.657196810753
22_20240827 18,2707.8153081274527
22_20240827 19,2463.5969848562913
22_20240827 20,2375.072151608556
22_20240827 21,2255.3546710515056
22_20240827 22,2103.117808629847
22_20240827 23,1948.3562803132484
22_20240828 00,1846.18385260098
22_20240828 01,1783.5518272123245
22_20240828 02,1752.6218037479407
22_20240828 03,1727.7632226773273
22_20240828 04,1720.8945375376939
22_20240828 05,1667.786100754183
22_20240828 06,1710.1781927973418
22_20240828 07,1809.2287743250108
22_20240828 08,2275.8229938923905
22_20240828 09,2821.344408074935
22_20240828 10,3038.0986715108643
22_20240828 11,3123.7819337725336
22_20240828 12,3025.9337173663835
22_20240828 13,3342.499046129732
22_20240828 14,3475.8956537046547
22_20240828 15,3560.6605579519337
22_20240828 16,3421.727418022937
22_20240828 17,3104.759169921348
22_20240828 18,2654.2720071039994
22_20240828 19,2428.6623770761703
22_20240828 20,2350.674833700513
22_20240828 21,2243.6693343148117
22_20240828 22,2093.7875508905718
22_20240828 23,1948.438418278356
22_20240829 00,1861.758944623785
22_20240829 01,1801.9179689622952
22_20240829 02,1777.9287960536828
22_20240829 03,1740.8110099700964
22_20240829 04,1734.0646095599216
22_20240829 05,1683.4337657106328
22_20240829 06,1702.690570806781
22_20240829 07,1819.8628414283
22_20240829 08,2248.3623555727436
22_20240829 09,2868.82975074813
22_20240829 10,3107.7127150590068
22_20240829 11,3135.675623216335
22_20240829 12,3082.4039543617314
22_20240829 13,3270.6021171235575
22_20240829 14,3388.6878939981407
22_20240829 15,3379.862161904775
22_20240829 16,3368.6977688034244
22_20240829 17,3127.230404241392
22_20240829 18,2697.2883400055243
22_20240829 19,2445.25630938109
22_20240829 20,2340.8542892755113
22_20240829 21,2205.6626395529433
22_20240829 22,2059.6478545693094
22_20240829 23,1910.7313247879122
22_20240830 00,1812.8270749506407
22_20240830 01,1761.1164750955968
22_20240830 02,1728.8340380943355
22_20240830 03,1696.8648729669767
22_20240830 04,1682.0851277530228
22_20240830 05,1640.2338672461472
22_20240830 06,1668.4977288417354
22_20240830 07,1770.0683984183295
22_20240830 08,2134.3577615075146
22_20240830 09,2790.6132033555896
22_20240830 10,2995.9209548652943
22_20240830 11,3039.085431304039
22_20240830 12,2960.6780097073915
22_20240830 13,3130.4635983723797
22_20240830 14,3257.505162865721
22_20240830 15,3262.773448557379
22_20240830 16,3196.921675343033
22_20240830 17,3022.532136802082
22_20240830 18,2609.288534644307
22_20240830 19,2288.5192355775243
22_20240830 20,2195.5558079668954
22_20240830 21,2081.6933081829984
22_20240830 22,1954.3798923463708
22_20240830 23,1835.98117137681
22_20240831 00,1712.2149715003652
22_20240831 01,1665.4964402008718
22_20240831 02,1659.8632893632255
22_20240831 03,1640.24288587385
22_20240831 04,1604.9829403631147
22_20240831 05,1549.4495588696473
22_20240831 06,1552.6869570470953
22_20240831 07,1606.151199942944
22_20240831 08,1618.6172376751294
22_20240831 09,1639.1749370303412
22_20240831 10,1739.0854657920313
22_20240831 11,1795.473155736697
22_20240831 12,1783.2561229347796
22_20240831 13,1916.9649084267994
22_20240831 14,2054.491088070004
22_20240831 15,2070.739202501144
22_20240831 16,2070.2292684253225
22_20240831 17,2022.098025256295
22_20240831 18,1978.859616202739
22_20240831 19,1911.5027436667442
22_20240831 20,1919.4405350585066
22_20240831 21,1862.9311002380753
22_20240831 22,1794.9666369926288
22_20240831 23,1681.2799627546713
23_20240825 00,1577.7244603339652
23_20240825 01,1567.3960596894553
23_20240825 02,1549.3508271667004
23_20240825 03,1544.065807479345
23_20240825 04,1545.1888083471445
23_20240825 05,1543.776162149657
23_20240825 06,1526.2926608143143
23_20240825 07,1484.406278453776
23_20240825 08,1363.48189072261
23_20240825 09,1226.6227480561154
23_20240825 10,1238.710623846153
23_20240825 11,1244.9114262015792
23_20240825 12,1195.6257751139585
23_20240825 13,1211.5458392059502
23_20240825 14,1209.7092185605088
23_20240825 15,1264.6219647468124
23_20240825 16,1364.6847955514017
23_20240825 17,1472.9677573856943
23_20240825 18,1573.200779475726
23_20240825 19,1624.8615934305158
23_20240825 20,1620.0029223272127
23_20240825 21,1600.2475769130776
23_20240825 22,1589.7582557465532
23_20240825 23,1571.218191735749
23_20240826 00,1703.4282480484846
23_20240826 01,1739.952336827503
23_20240826 02,1726.7560796480452
23_20240826 03,1728.4433491948687
23_20240826 04,1714.3116710818051
23_20240826 05,1722.8746663580398
23_20240826 06,1749.2221733541132
23_20240826 07,1869.7778129135181
23_20240826 08,2143.2622911046255
23_20240826 09,2774.471213519035
23_20240826 10,2825.7765597270145
23_20240826 11,2720.0978060205935
23_20240826 12,3676.561662884081
23_20240826 13,3882.7993939646803
23_20240826 14,4079.6272454488576
23_20240826 15,3838.3681139946757
23_20240826 16,3610.049866100645
23_20240826 17,3263.677962678794
23_20240826 18,2502.5932359614303
23_20240826 19,2273.7694794206973
23_20240826 20,2053.4871047435267
23_20240826 21,1881.4974559545192
23_20240826 22,1699.8821221905391
23_20240826 23,1646.6915179655953
23_20240827 00,1758.5961632534936
23_20240827 01,1777.7212755499038
23_20240827 02,1769.984454754281
23_20240827 03,1773.8000508152422
23_20240827 04,1769.4033107056882
23_20240827 05,1773.218379647297
23_20240827 06,1801.267100402816
23_20240827 07,1901.2298671778615
23_20240827 08,2164.237980475801
23_20240827 09,2932.8587822857885
23_20240827 10,3713.972129587413
23_20240827 11,3607.9639958986845
23_20240827 12,3931.377613835143
23_20240827 13,4398.687871314586
23_20240827 14,4050.335779588041
23_20240827 15,4142.522435413065
23_20240827 16,3749.7190578001077
23_20240827 17,2903.2103123253846
23_20240827 18,2294.59646007408
23_20240827 19,1876.7103691027855
23_20240827 20,1804.4709150939318
23_20240827 21,1749.0035061958997
23_20240827 22,1652.4973897512214
23_20240827 23,1634.1063336573793
23_20240828 00,1741.446591130926
23_20240828 01,1756.8767453445598
23_20240828 02,1750.3553557228233
23_20240828 03,1748.8494657415895
23_20240828 04,1746.5001935723724
23_20240828 05,1746.6882159541556
23_20240828 06,1775.795314896503
23_20240828 07,1868.1532351494784
23_20240828 08,2082.3073275464417
23_20240828 09,3152.849307538182
23_20240828 10,3921.736185688692
23_20240828 11,3722.1055347325187
23_20240828 12,4085.0306021514507
23_20240828 13,4098.819774728529
23_20240828 14,3931.421415093737
23_20240828 15,3738.2513181504364
23_20240828 16,3349.5250847399857
23_20240828 17,3164.67883313923
23_20240828 18,2639.290336842967
23_20240828 19,2279.4447605417126
23_20240828 20,2004.2211201933876
23_20240828 21,1842.5881299746238
23_20240828 22,1654.4151395365775
23_20240828 23,1630.3576612664483
23_20240829 00,1731.8058637325357
23_20240829 01,1738.5526389074387
23_20240829 02,1724.3079859928769
23_20240829 03,1729.4182075714023
23_20240829 04,1723.8036105195815
23_20240829 05,1726.7269653156432
23_20240829 06,1769.794435930005
23_20240829 07,1848.870133022006
23_20240829 08,2039.2340113816515
23_20240829 09,2703.3128718545977
23_20240829 10,3619.9601453082614
23_20240829 11,3400.3240616013554
23_20240829 12,4005.8426772406774
23_20240829 13,3964.741956436899
23_20240829 14,3955.379954886066
23_20240829 15,3735.3682287343104
23_20240829 16,3459.951703801563
23_20240829 17,2881.086990008367
23_20240829 18,2524.087831579156
23_20240829 19,2264.0120161776167
23_20240829 20,2032.8494612846177
23_20240829 21,1905.2204230718323
23_20240829 22,1692.1403016897025
23_20240829 23,1640.942859573821
23_20240830 00,1752.2030375785555
23_20240830 01,1763.7384946717916
23_20240830 02,1758.3744836382343
23_20240830 03,1762.5913752601195
23_20240830 04,1750.1350234708827
23_20240830 05,1752.7139264010302
23_20240830 06,1773.0591588081493
23_20240830 07,1866.7141585574636
23_20240830 08,2069.3059562400267
23_20240830 09,2329.743579503753
23_20240830 10,2264.772227210973
23_20240830 11,2354.4944383292204
23_20240830 12,2829.971300391316
23_20240830 13,2496.804460643726
23_20240830 14,2354.1135902511855
23_20240830 15,2279.7443251362415
23_20240830 16,2298.368837568412
23_20240830 17,2199.111317577959
23_20240830 18,1858.847992776693
23_20240830 19,1770.0552553274022
23_20240830 20,1728.595437748581
23_20240830 21,1672.654029447697
23_20240830 22,1629.2372998334981
23_20240830 23,1610.6728536816947
23_20240831 00,1575.936819102495
23_20240831 01,1559.1620218602598
23_20240831 02,1530.7770591755
23_20240831 03,1521.2932288314146
23_20240831 04,1515.7583634702771
23_20240831 05,1514.6041926900753
23_20240831 06,1501.4732467590386
23_20240831 07,1459.7109394690501
23_20240831 08,1337.9537940422572
23_20240831 09,1196.689986481062
23_20240831 10,1149.734625196615
23_20240831 11,1128.70290003944
23_20240831 12,1091.4913413104507
23_20240831 13,1081.1940378939096
23_20240831 14,1136.15991572031
23_20240831 15,1233.0643423452902
23_20240831 16,1354.9039574195249
23_20240831 17,1453.168808398452
23_20240831 18,1528.5641575654404
23_20240831 19,1573.8032859384152
23_20240831 20,1578.5693345982202
23_20240831 21,1563.7566056468522
23_20240831 22,1556.6663452298649
23_20240831 23,1543.494120517213
24_20240825 00,1210.7924015610351
24_20240825 01,1173.2386536532815
24_20240825 02,1150.9699924762926
24_20240825 03,1132.6459566575338
24_20240825 04,1128.5416587255431
24_20240825 05,1099.0311382659984
24_20240825 06,1054.7535293138517
24_20240825 07,1013.763712556645
24_20240825 08,975.6307602559722
24_20240825 09,853.4693285930673
24_20240825 10,808.371939874087
24_20240825 11,828.9959639799712
24_20240825 12,816.0117792187507
24_20240825 13,860.4987292175842
24_20240825 14,966.4218556781436
24_20240825 15,1035.861362449552
24_20240825 16,1160.5023638884227
24_20240825 17,1321.6511333063288
24_20240825 18,1361.0379539655778
24_20240825 19,1369.7431124101468
24_20240825 20,1373.182904051628
24_20240825 21,1360.8070043281632
24_20240825 22,1316.0547144250004
24_20240825 23,1267.2481106304608
24_20240826 00,1253.0573904533276
24_20240826 01,1198.9554176501886
24_20240826 02,1157.8436799962699
24_20240826 03,1140.5481718668175
24_20240826 04,1134.3426412949325
24_20240826 05,1112.6458490438163
24_20240826 06,1094.9973511188384
24_20240826 07,1079.389193647026
24_20240826 08,1223.9672124116278
24_20240826 09,1700.939727005842
24_20240826 10,1894.5467582407662
24_20240826 11,2138.023685525328
24_20240826 12,2029.936162841309
24_20240826 13,2115.8560332534776
24_20240826 14,2188.618456206424
24_20240826 15,2297.6589102940243
24_20240826 16,2391.173127211834
24_20240826 17,2336.4110237123214
24_20240826 18,2001.1252448512078
24_20240826 19,1749.752425016253
24_20240826 20,1678.3909897788408
24_20240826 21,1584.383902707262
24_20240826 22,1434.8935767675425
24_20240826 23,1350.7769194456932
24_20240827 00,1272.3846430430776
24_20240827 01,1221.6308488695352
24_20240827 02,1175.8794489067275
24_20240827 03,1142.3037060368804
24_20240827 04,1133.6472588875579
24_20240827 05,1117.7561948008681
24_20240827 06,1095.1284197778737
24_20240827 07,1083.5938026329354
24_20240827 08,1227.6534359144462
24_20240827 09,1705.3276723297545
24_20240827 10,1894.094458859353
24_20240827 11,2039.756289180446
24_20240827 12,1959.050601603295
24_20240827 13,2110.7093920582624
24_20240827 14,2166.5517536332995
24_20240827 15,2230.0214030960624
24_20240827 16,2264.6826407128847
24_20240827 17,2250.922676008213
24_20240827 18,1962.80402279348
24_20240827 19,1708.2695656161466
24_20240827 20,1641.2266309366119
24_20240827 21,1530.659840553033
24_20240827 22,1396.8446108407757
24_20240827 23,1331.2005423236624
24_20240828 00,1269.0297213877711
24_20240828 01,1216.1664114883724
24_20240828 02,1158.1985743116654
24_20240828 03,1136.6206430879818
24_20240828 04,1120.783365344887
24_20240828 05,1103.9754097692166
24_20240828 06,1078.4164061900365
24_20240828 07,1061.9336747701652
24_20240828 08,1191.5359006551819
24_20240828 09,1618.5706860512519
24_20240828 10,1770.5040577700852
24_20240828 11,1961.7316125582875
24_20240828 12,1836.2891206496263
24_20240828 13,1976.5862420183485
24_20240828 14,2004.9883874097263
24_20240828 15,2109.819172543253
24_20240828 16,2266.931282011131
24_20240828 17,2262.5664526574265
24_20240828 18,1950.8797526041415
24_20240828 19,1712.6368786628263
24_20240828 20,1646.15054225001
24_20240828 21,1543.8124677837436
24_20240828 22,1387.1035301515474
24_20240828 23,1325.3249951511402
24_20240829 00,1255.9150257354397
24_20240829 01,1219.9831428959747
24_20240829 02,1177.5506496738642
24_20240829 03,1157.6617245824525
24_20240829 04,1141.440522630209
24_20240829 05,1112.2639047475564
24_20240829 06,1089.5532106996093
24_20240829 07,1073.1336280577466
24_20240829 08,1174.9840916665935
24_20240829 09,1537.1164372132203
24_20240829 10,1698.2106592818986
24_20240829 11,1863.543040853057
24_20240829 12,1834.8284100208143
24_20240829 13,2001.471274597701
24_20240829 14,2115.8127298684385
24_20240829 15,2186.1192012281626
24_20240829 16,2204.794791540288
24_20240829 17,2223.528915005528
24_20240829 18,1851.2751300124592
24_20240829 19,1655.5892857391138
24_20240829 20,1603.9843756426872
24_20240829 21,1508.3784720754131
24_20240829 22,1374.2725692586964
24_20240829 23,1331.5346828966378
24_20240830 00,1236.390603482425
24_20240830 01,1196.8937501083656
24_20240830 02,1164.5950426022976
24_20240830 03,1132.2362052949302
24_20240830 04,1130.4265061431104
24_20240830 05,1097.8692762201067
24_20240830 06,1060.883606103217
24_20240830 07,1036.3643886136133
24_20240830 08,1117.4929315615652
24_20240830 09,1484.3977870740762
24_20240830 10,1637.2007108492853
24_20240830 11,1823.4588580629368
24_20240830 12,1739.595927864051
24_20240830 13,1920.4014662510758
24_20240830 14,2016.050114149604
24_20240830 15,2077.836532455968
24_20240830 16,2178.7948961456277
24_20240830 17,2110.2910178360253
24_20240830 18,1809.8195228903
24_20240830 19,1594.6048810892103
24_20240830 20,1502.3908772684415
24_20240830 21,1445.8977639400032
24_20240830 22,1296.992712303137
24_20240830 23,1254.1582014030796
24_20240831 00,1187.643164709184
24_20240831 01,1126.8407330917476
24_20240831 02,1115.7915850906975
24_20240831 03,1079.7605574826516
24_20240831 04,1071.6166397143968
24_20240831 05,1042.003093624674
24_20240831 06,995.1078551802709
24_20240831 07,928.6121761249732
24_20240831 08,861.5431596840176
24_20240831 09,762.8890664765072
24_20240831 10,751.2847437501268
24_20240831 11,768.0618098212744
24_20240831 12,760.7945164274392
24_20240831 13,777.9495723804224
24_20240831 14,894.3815644829624
24_20240831 15,985.1625582663496
24_20240831 16,1135.0679910956014
24_20240831 17,1276.0099124520905
24_20240831 18,1255.0142646197255
24_20240831 19,1262.8053570583234
24_20240831 20,1285.2698833514223
24_20240831 21,1257.9213931839372
24_20240831 22,1221.7299408693768
24_20240831 23,1195.852874921457
25_20240825 00,1293.017758095316
25_20240825 01,1121.9062502634135
25_20240825 02,1018.2466571307617
25_20240825 03,924.9128248331281
25_20240825 04,883.6665938662153
25_20240825 05,878.9698258276629
25_20240825 06,946.1985115326322
25_20240825 07,1102.2859906050996
25_20240825 08,1237.4941137042827
25_20240825 09,1372.7753338170744
25_20240825 10,1512.2430579801767
25_20240825 11,1565.3506561567851
25_20240825 12,1641.5408647359811
25_20240825 13,1702.605331594471
25_20240825 14,1628.3449547082578
25_20240825 15,1662.9587138556715
25_20240825 16,1698.3577680111914
25_20240825 17,1793.7700740989173
25_20240825 18,1906.0681007963271
25_20240825 19,2074.345583264577
25_20240825 20,2003.8744451696748
25_20240825 21,1930.059505486453
25_20240825 22,1745.8340828360172
25_20240825 23,1472.8830681253962
25_20240826 00,1223.4888139418254
25_20240826 01,1109.4396450130077
25_20240826 02,990.2291872615318
25_20240826 03,910.0125519989277
25_20240826 04,861.5086032513
25_20240826 05,859.6607497080204
25_20240826 06,931.1451674662763
25_20240826 07,1109.0746561502233
25_20240826 08,1208.508119935641
25_20240826 09,1124.0836429144224
25_20240826 10,1106.0873369472051
25_20240826 11,1093.7250704936052
25_20240826 12,1312.733349473903
25_20240826 13,1277.9063632268112
25_20240826 14,1292.7892868249037
25_20240826 15,1602.3585376434048
25_20240826 16,1725.78066418351
25_20240826 17,1922.0925705227512
25_20240826 18,2187.538711679632
25_20240826 19,2358.5306496056833
25_20240826 20,2214.756283165294
25_20240826 21,1974.7269210878508
25_20240826 22,1701.3460970068018
25_20240826 23,1403.609967877709
25_20240827 00,1185.2437912072514
25_20240827 01,1097.712705483696
25_20240827 02,952.8752570925853
25_20240827 03,933.1952605692251
25_20240827 04,894.8180409279694
25_20240827 05,867.644075816627
25_20240827 06,939.9542693464775
25_20240827 07,1143.3631731035493
25_20240827 08,1208.101197957841
25_20240827 09,1127.0780160710956
25_20240827 10,1097.0348006026552
25_20240827 11,994.8692879487502
25_20240827 12,1104.0495923373276
25_20240827 13,1142.1964647879636
25_20240827 14,1127.5161319020356
25_20240827 15,1106.5156790426286
25_20240827 16,1148.7955021743792
25_20240827 17,1385.2409991769805
25_20240827 18,1546.544675008934
25_20240827 19,1622.192447599773
25_20240827 20,1636.6474735379147
25_20240827 21,1571.749196266659
25_20240827 22,1485.6680438529752
25_20240827 23,1205.421337978288
25_20240828 00,1104.973676779718
25_20240828 01,977.5447931045782
25_20240828 02,875.6242598140445
25_20240828 03,811.8612129734108
25_20240828 04,795.6184571009046
25_20240828 05,795.1129215672479
25_20240828 06,838.2580718224829
25_20240828 07,1047.9238056830504
25_20240828 08,1078.8576284030214
25_20240828 09,1013.573552079114
25_20240828 10,989.6669511053451
25_20240828 11,982.0770672779671
25_20240828 12,1008.8423845217092
25_20240828 13,1104.2667379496993
25_20240828 14,1152.3047035617237
25_20240828 15,1204.9845755036392
25_20240828 16,1228.25434992733
25_20240828 17,1406.0831952412839
25_20240828 18,1594.1910965109662
25_20240828 19,1674.4480597373813
25_20240828 20,1686.7697393491558
25_20240828 21,1628.953591492926
25_20240828 22,1502.5929794858953
25_20240828 23,1247.8732708895882
25_20240829 00,1115.2002489690549
25_20240829 01,989.3141989740113
25_20240829 02,908.8969748234709
25_20240829 03,847.2120907879264
25_20240829 04,811.0536285172138
25_20240829 05,823.4899984048739
25_20240829 06,885.4437903929443
25_20240829 07,1060.4172993155244
25_20240829 08,1149.4878387925044
25_20240829 09,1073.0618561483104
25_20240829 10,1055.3211544658268
25_20240829 11,1045.4775518673928
25_20240829 12,1159.7877335527446
25_20240829 13,1211.500775201439
25_20240829 14,1215.8644671519223
25_20240829 15,1460.7888719325997
25_20240829 16,1505.702798949949
25_20240829 17,1552.9381980914989
25_20240829 18,1736.2393219678336
25_20240829 19,1878.7690108388583
25_20240829 20,1891.6895404000607
25_20240829 21,1844.328471936741
25_20240829 22,1658.7633075961758
25_20240829 23,1319.2833462859285
25_20240830 00,1165.326598384076
25_20240830 01,1030.571394078717
25_20240830 02,912.7462679362533
25_20240830 03,836.8181814650477
25_20240830 04,803.34669465629
25_20240830 05,795.724619608953
25_20240830 06,871.4237277640013
25_20240830 07,1086.3850493428881
25_20240830 08,1146.274719641028
25_20240830 09,1075.8037118982636
25_20240830 10,1052.9358127448913
25_20240830 11,1034.0301491913835
25_20240830 12,1170.6443578582912
25_20240830 13,1224.9542908816934
25_20240830 14,1295.9685865156812
25_20240830 15,1319.887117288547
25_20240830 16,1417.9807104033825
25_20240830 17,1547.9577722963531
25_20240830 18,1691.5452625795551
25_20240830 19,1628.488961828909
25_20240830 20,1584.267043220675
25_20240830 21,1520.203049771449
25_20240830 22,1430.0474405856016
25_20240830 23,1217.3964179551028
25_20240831 00,1063.7707627077318
25_20240831 01,925.667438218105
25_20240831 02,837.7236678029034
25_20240831 03,765.2423539700364
25_20240831 04,741.2427115258045
25_20240831 05,737.7370415834826
25_20240831 06,777.8373248598981
25_20240831 07,891.2856625991063
25_20240831 08,981.88480470305
25_20240831 09,1069.7009850483694
25_20240831 10,1149.8769603297762
25_20240831 11,1250.6464001051684
25_20240831 12,1179.9657050969754
25_20240831 13,1237.5880400016981
25_20240831 14,1239.5156144620282
25_20240831 15,1198.072003379371
25_20240831 16,1236.7621981349587
25_20240831 17,1301.9981005617374
25_20240831 18,1423.5537201200384
25_20240831 19,1499.1115604139832
25_20240831 20,1493.016326568611
25_20240831 21,1467.6908948567861
25_20240831 22,1356.4397093244738
25_20240831 23,1182.60300833427
26_20240825 00,788.3919154377198
26_20240825 01,760.2098680677443
26_20240825 02,777.7567948919893
26_20240825 03,782.0876614205554
26_20240825 04,761.500122472928
26_20240825 05,750.3171930504747
26_20240825 06,832.8134947688047
26_20240825 07,1206.5611613898855
26_20240825 08,2160.462628444896
26_20240825 09,3277.116660533993
26_20240825 10,3850.876405648617
26_20240825 11,3991.260475685723
26_20240825 12,4015.315830698458
26_20240825 13,3992.069902099239
26_20240825 14,4104.573388500583
26_20240825 15,4117.287425710763
26_20240825 16,3912.628180780046
26_20240825 17,3510.2980798425942
26_20240825 18,2376.186420467331
26_20240825 19,1578.491107704063
26_20240825 20,1410.3634945502622
26_20240825 21,1170.295643741535
26_20240825 22,955.6301106013019
26_20240825 23,835.9187614150173
26_20240826 00,760.539652349296
26_20240826 01,743.7516397827895
26_20240826 02,760.7047897844443
26_20240826 03,753.2917615804907
26_20240826 04,739.8730994917622
26_20240826 05,732.3746635052589
26_20240826 06,850.6302509445021
26_20240826 07,1210.2836622218379
26_20240826 08,2088.8520003835347
26_20240826 09,2903.5224743542094
26_20240826 10,3312.97988264332
26_20240826 11,3331.0795867568236
26_20240826 12,3246.3244679283066
26_20240826 13,3302.779200203854
26_20240826 14,3372.2918891146323
26_20240826 15,3328.6601664396267
26_20240826 16,3188.1338177183447
26_20240826 17,2904.6891088770335
26_20240826 18,1944.5301498544727
26_20240826 19,1333.6625513800063
26_20240826 20,1214.9766927262258
26_20240826 21,1082.237945603407
26_20240826 22,913.4847492053511
26_20240826 23,769.6504669929043
26_20240827 00,731.6069759174661
26_20240827 01,716.4739054443235
26_20240827 02,736.2588876826372
26_20240827 03,734.4956653214022
26_20240827 04,720.1470600314251
26_20240827 05,715.5923021976979
26_20240827 06,806.196670947465
26_20240827 07,1143.2118107638923
26_20240827 08,1932.759546556906
26_20240827 09,2795.365499833992
26_20240827 10,3252.677646260302
26_20240827 11,3318.4418422451745
26_20240827 12,3214.4869598552377
26_20240827 13,3331.1310283824387
26_20240827 14,3369.554419290976
26_20240827 15,3374.0150185931743
26_20240827 16,3146.784795906414
26_20240827 17,2914.198890932361
26_20240827 18,1881.8737400119899
26_20240827 19,1293.7226975329368
26_20240827 20,1215.6939805324366
26_20240827 21,1070.954038518593
26_20240827 22,908.2634565092961
26_20240827 23,775.0087542273841
26_20240828 00,729.9323844073956
26_20240828 01,716.637932537197
26_20240828 02,732.244108429804
26_20240828 03,740.8313883146391
26_20240828 04,723.2269228981412
26_20240828 05,725.1896571413259
26_20240828 06,801.5929051372656
26_20240828 07,1160.3951385150747
26_20240828 08,2018.575652020009
26_20240828 09,2869.0492992896143
26_20240828 10,3285.904544269068
26_20240828 11,3308.7972538463296
26_20240828 12,3286.2449983515908
26_20240828 13,3362.751234933531
26_20240828 14,3436.499543920071
26_20240828 15,3409.6186408371177
26_20240828 16,3305.7818558385516
26_20240828 17,3055.7772835009955
26_20240828 18,2072.57649055213
26_20240828 19,1405.1345999823423
26_20240828 20,1274.5592111028764
26_20240828 21,1084.6603717488442
26_20240828 22,920.2494187892221
26_20240828 23,770.9373072805774
26_20240829 00,732.4487425254697
26_20240829 01,722.5886301177692
26_20240829 02,746.4733120531967
26_20240829 03,751.12277172462
26_20240829 04,730.7214374857093
26_20240829 05,725.6430737575705
26_20240829 06,849.135187792092
26_20240829 07,1270.3998342907523
26_20240829 08,2193.185198089272
26_20240829 09,3106.5219521522367
26_20240829 10,3467.2084979244637
26_20240829 11,3694.547167219689
26_20240829 12,3494.8549915460676
26_20240829 13,3544.3896718861724
26_20240829 14,3766.245017157255
26_20240829 15,3796.41331351506
26_20240829 16,3633.8678739275824
26_20240829 17,3293.3468920795785
26_20240829 18,2315.310300085871
26_20240829 19,1474.183800442009
26_20240829 20,1272.9861338359842
26_20240829 21,1086.8387403141057
26_20240829 22,910.4401414843005
26_20240829 23,780.4164908311741
26_20240830 00,732.934910907936
26_20240830 01,728.4494412541048
26_20240830 02,749.6002597291832
26_20240830 03,753.3508339947069
26_20240830 04,732.8464701007242
26_20240830 05,730.0279062301738
26_20240830 06,833.8040979181201
26_20240830 07,1238.4308900278356
26_20240830 08,2198.0435821822225
26_20240830 09,3274.152585198742
26_20240830 10,3846.5222982422965
26_20240830 11,4074.930002049869
26_20240830 12,4019.9953222798836
26_20240830 13,4194.5045710845625
26_20240830 14,4221.893732522479
26_20240830 15,4137.902632354253
26_20240830 16,3931.0647741614907
26_20240830 17,3630.286715546931
26_20240830 18,2528.100510876064
26_20240830 19,1617.3116503823708
26_20240830 20,1355.2687712759216
26_20240830 21,1140.495408115145
26_20240830 22,938.5690384513227
26_20240830 23,804.0826157891543
26_20240831 00,765.3308231353328
26_20240831 01,757.1456343836655
26_20240831 02,768.2453696581542
26_20240831 03,771.3520540678483
26_20240831 04,759.4095911107852
26_20240831 05,764.9850634499492
26_20240831 06,877.1566772382317
26_20240831 07,1252.6791869816525
26_20240831 08,2233.437326390478
26_20240831 09,3191.674375232813
26_20240831 10,3994.5996424587897
26_20240831 11,4329.930588771047
26_20240831 12,4361.96465933915
26_20240831 13,4424.945390243245
26_20240831 14,4456.46856485411
26_20240831 15,4491.988240927039
26_20240831 16,4388.497525295734
26_20240831 17,3849.92305894988
26_20240831 18,2507.391342699546
26_20240831 19,1694.0624223784655
26_20240831 20,1368.2768433749488
26_20240831 21,1162.5100694160617
26_20240831 22,971.1898244243489
26_20240831 23,811.5397708796352
27_20240825 00,592.5668982953955
27_20240825 01,422.206200181159
27_20240825 02,422.03542238312843
27_20240825 03,424.76297494502063
27_20240825 04,425.21396909726406
27_20240825 05,428.1645649789083
27_20240825 06,465.09949602932437
27_20240825 07,506.77411684934987
27_20240825 08,513.092291004383
27_20240825 09,537.0693651261215
27_20240825 10,611.0528377202647
27_20240825 11,600.8254880615814
27_20240825 12,593.8858744859201
27_20240825 13,600.5527710845195
27_20240825 14,625.9610779957379
27_20240825 15,634.8543822095628
27_20240825 16,593.9290353233605
27_20240825 17,605.3243824784716
27_20240825 18,601.9953378093967
27_20240825 19,593.5909767338683
27_20240825 20,576.5633711524265
27_20240825 21,579.803123661349
27_20240825 22,593.219101227588
27_20240825 23,557.0094275009556
27_20240826 00,551.956813040186
27_20240826 01,446.1796046882166
27_20240826 02,446.702506368735
27_20240826 03,455.2557205445265
27_20240826 04,451.06771343361595
27_20240826 05,452.88743233345974
27_20240826 06,571.5275426189776
27_20240826 07,1126.804943976201
27_20240826 08,1507.9382697136843
27_20240826 09,1859.9274543388487
27_20240826 10,2236.8687557921376
27_20240826 11,2303.0286888113646
27_20240826 12,2294.483961812399
27_20240826 13,2291.1456799170096
27_20240826 14,2337.042181309813
27_20240826 15,2320.755229059861
27_20240826 16,2272.695596767838
27_20240826 17,2285.8121282133525
27_20240826 18,2252.8572694239647
27_20240826 19,2135.4555893785946
27_20240826 20,1985.4542298159786
27_20240826 21,1634.2633877872142
27_20240826 22,1007.0831609462276
27_20240826 23,810.1334019147673
27_20240827 00,565.5229379165439
27_20240827 01,439.7286645486089
27_20240827 02,440.8771706253897
27_20240827 03,444.8262589017326
27_20240827 04,444.25844954404374
27_20240827 05,445.054868409262
27_20240827 06,564.1752540139867
27_20240827 07,1031.828858726368
27_20240827 08,1407.051424562536
27_20240827 09,1833.9558434515184
27_20240827 10,2160.037215907812
27_20240827 11,2176.790682337819
27_20240827 12,2221.787515679413
27_20240827 13,2211.5314370278347
27_20240827 14,2256.959361662199
27_20240827 15,2252.337512417553
27_20240827 16,2233.319312202323
27_20240827 17,2219.4077806253763
27_20240827 18,2170.773743054444
27_20240827 19,2079.2707919561753
27_20240827 20,1873.6773418915395
27_20240827 21,1481.3943870716148
27_20240827 22,927.3701384210037
27_20240827 23,795.2031337767299
27_20240828 00,567.2979620575363
27_20240828 01,443.8613267930522
27_20240828 02,443.3430669859195
27_20240828 03,446.14201019181235
27_20240828 04,444.61899683092565
27_20240828 05,443.4781989262964
27_20240828 06,552.8437830845135
27_20240828 07,976.2355875773067
27_20240828 08,1387.662991138487
27_20240828 09,1838.002906338625
27_20240828 10,2200.330190801988
27_20240828 11,2251.824876781652
27_20240828 12,2242.8390752098735
27_20240828 13,2266.4242467246977
27_20240828 14,2288.771948781368
27_20240828 15,2304.7559580378966
27_20240828 16,2248.1176853538755
27_20240828 17,2236.1253817308457
27_20240828 18,2209.3934041359676
27_20240828 19,2132.931983228703
27_20240828 20,1991.629474234193
27_20240828 21,1565.0716959172682
27_20240828 22,930.6136113497693
27_20240828 23,788.2634824394197
27_20240829 00,555.1694234250061
27_20240829 01,441.34634713989607
27_20240829 02,444.34974054741
27_20240829 03,445.65246811393206
27_20240829 04,444.72199728685473
27_20240829 05,445.0322031344107
27_20240829 06,547.7461079194156
27_20240829 07,988.8095837725418
27_20240829 08,1383.1407301164886
27_20240829 09,1804.0968943933954
27_20240829 10,2176.0523623893973
27_20240829 11,2231.9480613050187
27_20240829 12,2235.9697703326506
27_20240829 13,2250.4435991390865
27_20240829 14,2277.0401642935603
27_20240829 15,2268.2509603912104
27_20240829 16,2217.65672247335
27_20240829 17,2209.5841341918785
27_20240829 18,2203.576406084405
27_20240829 19,2153.8229703925513
27_20240829 20,1963.8634109877235
27_20240829 21,1585.186160749953
27_20240829 22,961.3868623925084
27_20240829 23,785.46089637164
27_20240830 00,556.0313045792791
27_20240830 01,444.79284533404393
27_20240830 02,445.8402613498887
27_20240830 03,447.982325462762
27_20240830 04,447.2411341254337
27_20240830 05,446.72921697021013
27_20240830 06,554.787868771514
27_20240830 07,986.3072321646919
27_20240830 08,1387.2944671770358
27_20240830 09,1820.4697199284317
27_20240830 10,2195.4164900117316
27_20240830 11,2238.900008808007
27_20240830 12,2252.114909194127
27_20240830 13,2243.3569450138298
27_20240830 14,2276.754139184126
27_20240830 15,2292.4425715361767
27_20240830 16,2262.5334245481426
27_20240830 17,2228.0628923487848
27_20240830 18,2213.3729324897245
27_20240830 19,2165.1016103272877
27_20240830 20,1989.1194985718726
27_20240830 21,1567.5328573004822
27_20240830 22,932.421100254463
27_20240830 23,788.430457933154
27_20240831 00,557.850750832546
27_20240831 01,437.6481568112638
27_20240831 02,440.14342769642224
27_20240831 03,441.6976337376974
27_20240831 04,442.8762933330159
27_20240831 05,441.82243735230094
27_20240831 06,543.3796296120486
27_20240831 07,925.8592757182654
27_20240831 08,1352.123504788161
27_20240831 09,1773.7876970894506
27_20240831 10,2175.5803232246208
27_20240831 11,2216.4498448124004
27_20240831 12,2267.056791064443
27_20240831 13,2283.583308409664
27_20240831 14,2305.0335326518757
27_20240831 15,2303.417445161417
27_20240831 16,2264.55299365299
27_20240831 17,2243.748180297255
27_20240831 18,2226.738111444293
27_20240831 19,2149.22999712403
27_20240831 20,1980.0648611046463
27_20240831 21,1645.4816390684741
27_20240831 22,1021.6561536720783
27_20240831 23,830.8023287840854
28_20240825 00,721.4534205397197
28_20240825 01,643.5566239578324
28_20240825 02,570.7153562888252
28_20240825 03,540.8069029981602
28_20240825 04,545.0921063561332
28_20240825 05,591.0152724693576
28_20240825 06,741.3361122721185
28_20240825 07,844.5847001543226
28_20240825 08,898.2727365028502
28_20240825 09,964.1415140623454
28_20240825 10,1043.2046270163378
28_20240825 11,1010.0546624194724
28_20240825 12,1026.8029542272507
28_20240825 13,1017.6744814300783
28_20240825 14,1042.8253090419475
28_20240825 15,1040.4765557903906
28_20240825 16,1075.075447451344
28_20240825 17,1092.795803400072
28_20240825 18,1094.4953926426722
28_20240825 19,1075.5421208902649
28_20240825 20,1051.6994444354864
28_20240825 21,953.8542735870642
28_20240825 22,887.7534809606744
28_20240825 23,819.3669392937902
28_20240826 00,706.3584922525718
28_20240826 01,627.8719722805705
28_20240826 02,569.940423445653
28_20240826 03,529.4893853968101
28_20240826 04,535.8840215520988
28_20240826 05,589.1765986645022
28_20240826 06,713.2602974095471
28_20240826 07,789.8370815111498
28_20240826 08,847.6332019491211
28_20240826 09,933.8157539189223
28_20240826 10,1034.3462075952707
28_20240826 11,1023.3189749350753
28_20240826 12,1020.3194354007217
28_20240826 13,1020.9905643991067
28_20240826 14,1037.4391517373135
28_20240826 15,1055.3109818847415
28_20240826 16,1072.512941181904
28_20240826 17,1082.83373741291
28_20240826 18,1077.0809616728682
28_20240826 19,1045.061308101261
28_20240826 20,1008.3485335457333
28_20240826 21,892.5753158639559
28_20240826 22,822.3102702973987
28_20240826 23,756.5917684870656
28_20240827 00,663.1518063128616
28_20240827 01,594.3988519522006
28_20240827 02,542.7656838354916
28_20240827 03,521.4242471966029
28_20240827 04,522.0956729581296
28_20240827 05,566.2368883145352
28_20240827 06,703.689751908269
28_20240827 07,761.4988757061449
28_20240827 08,814.8740343617071
28_20240827 09,888.1822892831194
28_20240827 10,946.1179954478825
28_20240827 11,944.9836051607831
28_20240827 12,935.5674022381229
28_20240827 13,936.9991100359937
28_20240827 14,944.4101118416556
28_20240827 15,966.1514335332201
28_20240827 16,982.2142907242237
28_20240827 17,1004.1597869807099
28_20240827 18,1020.213096603675
28_20240827 19,996.189277018668
28_20240827 20,949.7609562521598
28_20240827 21,845.992147861308
28_20240827 22,768.340984216167
28_20240827 23,721.3690285689205
28_20240828 00,624.0948050209399
28_20240828 01,552.78204898253
28_20240828 02,507.3701816895652
28_20240828 03,487.9763169651952
28_20240828 04,490.41109624871115
28_20240828 05,530.4395924096552
28_20240828 06,657.2469304800916
28_20240828 07,719.9997133057421
28_20240828 08,777.4471083021583
28_20240828 09,879.8252282683325
28_20240828 10,935.5334484735952
28_20240828 11,928.1432835463911
28_20240828 12,935.2074117394723
28_20240828 13,935.4112033275567
28_20240828 14,960.0073882179345
28_20240828 15,995.8449084257963
28_20240828 16,1023.8169645904
28_20240828 17,1021.345122553498
28_20240828 18,1020.6924674556299
28_20240828 19,1012.8057845946489
28_20240828 20,1003.1188357242747
28_20240828 21,885.2680468973259
28_20240828 22,817.473691035282
28_20240828 23,764.6090498457654
28_20240829 00,649.8727126623643
28_20240829 01,541.5116103743921
28_20240829 02,499.42686239469674
28_20240829 03,479.1991653680283
28_20240829 04,481.51843266837614
28_20240829 05,507.3713582366977
28_20240829 06,632.8536758879179
28_20240829 07,706.1197658096199
28_20240829 08,760.4931051684397
28_20240829 09,879.6042248774937
28_20240829 10,949.2087465781168
28_20240829 11,969.0536825051447
28_20240829 12,970.2057460463247
28_20240829 13,967.0100134327568
28_20240829 14,966.9656098931249
28_20240829 15,974.232768663714
28_20240829 16,975.9821024398599
28_20240829 17,1020.837118952584
28_20240829 18,1009.5013825514275
28_20240829 19,1008.8370157854331
28_20240829 20,999.1439035357425
28_20240829 21,927.824578413039
28_20240829 22,829.6931940116727
28_20240829 23,777.993829855099
28_20240830 00,656.5960624625432
28_20240830 01,578.1108556373382
28_20240830 02,536.3550226825275
28_20240830 03,511.7394888941499
28_20240830 04,518.915710953336
28_20240830 05,549.9650466544092
28_20240830 06,669.2673820087705
28_20240830 07,769.0742391270346
28_20240830 08,812.3892463490563
28_20240830 09,904.6273508814161
28_20240830 10,946.6659361605585
28_20240830 11,952.1289229704364
28_20240830 12,961.1657017356254
28_20240830 13,956.3838961647281
28_20240830 14,971.801007250901
28_20240830 15,990.1044915075379
28_20240830 16,1008.2871037504797
28_20240830 17,1024.8984872241772
28_20240830 18,1040.135797480517
28_20240830 19,993.3399997642084
28_20240830 20,976.0319906952536
28_20240830 21,897.0935669297876
28_20240830 22,816.4096718347728
28_20240830 23,745.8647928150026
28_20240831 00,615.2717137438946
28_20240831 01,543.246807210479
28_20240831 02,501.9678059835172
28_20240831 03,486.10890113194677
28_20240831 04,486.27095356805967
28_20240831 05,521.1424980343817
28_20240831 06,634.3176480675113
28_20240831 07,711.1819871443103
28_20240831 08,787.8269371586553
28_20240831 09,857.795124416034
28_20240831 10,925.5013364494845
28_20240831 11,911.0811324883681
28_20240831 12,897.4481411387051
28_20240831 13,926.410030874745
28_20240831 14,910.8889217800767
28_20240831 15,929.1701762925154
28_20240831 16,931.5646554220377
28_20240831 17,958.1535463885897
28_20240831 18,956.4207730068142
28_20240831 19,934.246710319044
28_20240831 20,929.6309549186046
28_20240831 21,851.4921351428584
28_20240831 22,783.7112488914202
28_20240831 23,727.1976533592629
29_20240825 00,542.0378550049707
29_20240825 01,527.8577018170887
29_20240825 02,510.6956016689319
29_20240825 03,517.6737439402034
29_20240825 04,519.9825213213041
29_20240825 05,515.8986982496705
29_20240825 06,524.4878690525652
29_20240825 07,559.0581843460977
29_20240825 08,593.8712195877342
29_20240825 09,610.1514070408632
29_20240825 10,604.6489461138144
29_20240825 11,623.6132100354076
29_20240825 12,638.1572790933396
29_20240825 13,643.7336894334566
29_20240825 14,607.8104211104472
29_20240825 15,620.018249936353
29_20240825 16,623.0218997511878
29_20240825 17,581.9453726098848
29_20240825 18,577.0299790499521
29_20240825 19,589.7405946524356
29_20240825 20,593.3974446753828
29_20240825 21,599.3005477754483
29_20240825 22,565.1612630089137
29_20240825 23,551.0047616037134
29_20240826 00,525.3273181400257
29_20240826 01,509.5046038822829
29_20240826 02,494.6176549016957
29_20240826 03,502.7850993496053
29_20240826 04,505.24992221794275
29_20240826 05,499.63958976047553
29_20240826 06,547.009541388192
29_20240826 07,667.57833541513
29_20240826 08,852.7989231274427
29_20240826 09,1121.2793244586082
29_20240826 10,1575.7096896304474
29_20240826 11,1597.850360379016
29_20240826 12,1616.9494759405866
29_20240826 13,1599.4508644360076
29_20240826 14,1584.3217428240005
29_20240826 15,1601.3246142652774
29_20240826 16,1573.8519163141061
29_20240826 17,1528.241120166978
29_20240826 18,1477.9326996059654
29_20240826 19,1438.2588730459865
29_20240826 20,1383.1420511669858
29_20240826 21,1273.2954911658358
29_20240826 22,952.17523705473
29_20240826 23,666.954105270659
29_20240827 00,524.5868944804395
29_20240827 01,509.79359498747715
29_20240827 02,494.0470646969003
29_20240827 03,502.5751863588499
29_20240827 04,504.7065944391522
29_20240827 05,501.0967478807755
29_20240827 06,545.6653221104139
29_20240827 07,668.2783383708293
29_20240827 08,859.0739000600679
29_20240827 09,1087.2807714284454
29_20240827 10,1544.1481575408666
29_20240827 11,1556.4821452415335
29_20240827 12,1580.8934621170351
29_20240827 13,1554.4927490381608
29_20240827 14,1536.9170409043606
29_20240827 15,1542.5127729511487
29_20240827 16,1541.0755830227333
29_20240827 17,1504.0998885425367
29_20240827 18,1458.527177069449
29_20240827 19,1435.555990761514
29_20240827 20,1375.9500026498067
29_20240827 21,1255.1280429222556
29_20240827 22,955.5035186631666
29_20240827 23,665.3711381847605
29_20240828 00,527.095110207044
29_20240828 01,510.33029992427635
29_20240828 02,495.51703088384
29_20240828 03,505.64766564952197
29_20240828 04,506.98292759271203
29_20240828 05,501.6383702966904
29_20240828 06,553.4517082891393
29_20240828 07,670.2537157500017
29_20240828 08,843.5151554150328
29_20240828 09,1101.0457497916732
29_20240828 10,1534.5590232063735
29_20240828 11,1573.638177426126
29_20240828 12,1594.1679766683699
29_20240828 13,1595.5311277053247
29_20240828 14,1576.8379595379354
29_20240828 15,1581.6650128755393
29_20240828 16,1574.9362943865679
29_20240828 17,1524.9110790759476
29_20240828 18,1483.7836400214264
29_20240828 19,1461.6708971301473
29_20240828 20,1396.244189555283
29_20240828 21,1281.5510139205621
29_20240828 22,958.7078223242961
29_20240828 23,664.2487638314428
29_20240829 00,530.2261687824996
29_20240829 01,514.1050858242081
29_20240829 02,499.19815980025606
29_20240829 03,505.7559616830051
29_20240829 04,510.5882743820895
29_20240829 05,504.62071185528305
29_20240829 06,553.733018868001
29_20240829 07,671.1302576763118
29_20240829 08,866.7949791891294
29_20240829 09,1122.517579665016
29_20240829 10,1553.3529537012046
29_20240829 11,1576.2010659401458
29_20240829 12,1600.0480762053946
29_20240829 13,1595.9873752991161
29_20240829 14,1583.4888254564212
29_20240829 15,1587.3245723515856
29_20240829 16,1581.0273500620237
29_20240829 17,1529.325525227594
29_20240829 18,1491.4766629950163
29_20240829 19,1469.9351367135364
29_20240829 20,1397.7682536714697
29_20240829 21,1274.710101592181
29_20240829 22,955.618209937117
29_20240829 23,664.2080884298418
29_20240830 00,527.9685863729554
29_20240830 01,509.3356662854606
29_20240830 02,497.5473244661702
29_20240830 03,505.03808410604046
29_20240830 04,508.3579482930232
29_20240830 05,502.755817638223
29_20240830 06,550.485718850024
29_20240830 07,673.0574950153821
29_20240830 08,867.5712587285723
29_20240830 09,1132.2982352515535
29_20240830 10,1575.1867282513895
29_20240830 11,1596.9524624278963
29_20240830 12,1628.738465211774
29_20240830 13,1604.3911085949903
29_20240830 14,1587.5196371046952
29_20240830 15,1590.0332116596826
29_20240830 16,1584.8081904064468
29_20240830 17,1537.3800653071428
29_20240830 18,1486.9509692713036
29_20240830 19,1469.1970314815994
29_20240830 20,1415.0802491214301
29_20240830 21,1280.814337767385
29_20240830 22,958.7964784770132
29_20240830 23,668.2755102633413
29_20240831 00,530.037587186787
29_20240831 01,514.1448054186397
29_20240831 02,500.0997518990328
29_20240831 03,506.2370781046188
29_20240831 04,506.7093138737885
29_20240831 05,503.7538382160085
29_20240831 06,564.2278107720454
29_20240831 07,690.8328421323818
29_20240831 08,866.1947006059538
29_20240831 09,1105.1791602859676
29_20240831 10,1579.0722884087797
29_20240831 11,1619.3029504346005
29_20240831 12,1643.8822143944894
29_20240831 13,1662.530943547276
29_20240831 14,1656.4613208803598
29_20240831 15,1666.4089280986282
29_20240831 16,1648.6573013730044
29_20240831 17,1598.3897491953344
29_20240831 18,1538.4084100493023
29_20240831 19,1497.5783520348489
29_20240831 20,1413.5006462165743
29_20240831 21,1284.7375702093027
29_20240831 22,948.5593888660867
29_20240831 23,668.940085192443
30_20240825 00,9872.58755758195
30_20240825 01,9861.363271534261
30_20240825 02,9852.441089659047
30_20240825 03,9855.38159608399
30_20240825 04,9855.119149745442
30_20240825 05,9859.55356433994
30_20240825 06,9848.565687974704
30_20240825 07,9830.441012819963
30_20240825 08,9849.119629004384
30_20240825 09,9904.492401343508
30_20240825 10,9986.087742331687
30_20240825 11,10016.933730516721
30_20240825 12,10002.34453259645
30_20240825 13,10021.261110276704
30_20240825 14,10024.515927591554
30_20240825 15,10026.098313241668
30_20240825 16,10019.37403249814
30_20240825 17,9952.458564887333
30_20240825 18,9998.183212356227
30_20240825 19,9951.80060698722
30_20240825 20,9938.989254210792
30_20240825 21,9935.76241854119
30_20240825 22,9931.110976644843
30_20240825 23,9921.363157657255
30_20240826 00,9896.628620559459
30_20240826 01,9900.219687524022
30_20240826 02,9879.619247983068
30_20240826 03,9889.201117085722
30_20240826 04,9895.346876286572
30_20240826 05,9879.48266684439
30_20240826 06,9847.890471794952
30_20240826 07,9871.597654467068
30_20240826 08,9897.66247471428
30_20240826 09,9935.49379264342
30_20240826 10,9949.725806289222
30_20240826 11,9957.750961076421
30_20240826 12,10031.586214009929
30_20240826 13,10023.060964283588
30_20240826 14,10045.586315478384
30_20240826 15,10054.097885276988
30_20240826 16,10055.404006338187
30_20240826 17,9989.670019504283
30_20240826 18,9973.108228281075
30_20240826 19,9953.720540723407
30_20240826 20,9904.253256387881
30_20240826 21,9928.827201565904
30_20240826 22,9924.49775917501
30_20240826 23,9911.007087031625
30_20240827 00,9882.896980242136
30_20240827 01,9865.479644311563
30_20240827 02,9872.685751018627
30_20240827 03,9871.479323457079
30_20240827 04,9870.007904659666
30_20240827 05,9853.447606242871
30_20240827 06,9846.914434337044
30_20240827 07,9827.799830096916
30_20240827 08,9843.637146062738
30_20240827 09,9867.866713570513
30_20240827 10,9895.85384644204
30_20240827 11,9887.340074820053
30_20240827 12,9888.515609714672
30_20240827 13,9915.698047812224
30_20240827 14,9938.904763664617
30_20240827 15,9970.076661415764
30_20240827 16,9967.979860507361
30_20240827 17,9966.145680954134
30_20240827 18,9953.61720294342
30_20240827 19,9948.477932383514
30_20240827 20,9900.410569109625
30_20240827 21,9908.641627726322
30_20240827 22,9888.468756868004
30_20240827 23,9887.01709453566
30_20240828 00,9877.143201850151
30_20240828 01,9863.279709219567
30_20240828 02,9865.105747851427
30_20240828 03,9848.870882361938
30_20240828 04,9853.154145054037
30_20240828 05,9843.588034090237
30_20240828 06,9850.97290681597
30_20240828 07,9835.632402826084
30_20240828 08,9844.823243567607
30_20240828 09,9889.43113601044
30_20240828 10,9924.800022236137
30_20240828 11,9938.830512742989
30_20240828 12,9957.574935513101
30_20240828 13,9961.071491288632
30_20240828 14,9967.563666328655
30_20240828 15,9976.768549018334
30_20240828 16,10049.90959687236
30_20240828 17,9982.900217897426
30_20240828 18,9987.317097024797
30_20240828 19,9949.350110351646
30_20240828 20,9911.825690759493
30_20240828 21,9943.623567267154
30_20240828 22,9929.02780221892
30_20240828 23,9909.608982456151
30_20240829 00,9838.494758564202
30_20240829 01,9861.309880765704
30_20240829 02,9852.575900694617
30_20240829 03,9855.101400626747
30_20240829 04,9848.757124574098
30_20240829 05,9846.297551012074
30_20240829 06,9851.6734640311
30_20240829 07,9830.149871390193
30_20240829 08,9828.963921595046
30_20240829 09,9882.770361931087
30_20240829 10,9890.996810661685
30_20240829 11,9939.381052535482
30_20240829 12,9919.487354512585
30_20240829 13,9932.72824558278
30_20240829 14,9966.074185263096
30_20240829 15,9969.49909645379
30_20240829 16,10034.033425412963
30_20240829 17,10037.505654571614
30_20240829 18,9933.48443521561
30_20240829 19,9947.31978809811
30_20240829 20,9911.563105939607
30_20240829 21,9921.837792013075
30_20240829 22,9925.354095014645
30_20240829 23,9882.922561211195
30_20240830 00,9871.23660328679
30_20240830 01,9859.226078158932
30_20240830 02,9861.58491062158
30_20240830 03,9840.8897622478
30_20240830 04,9839.623977060408
30_20240830 05,9822.753892851046
30_20240830 06,9825.959483637465
30_20240830 07,9827.546605582682
30_20240830 08,9850.431508108672
30_20240830 09,9895.002117409778
30_20240830 10,9893.811331337554
30_20240830 11,9894.1902299297
30_20240830 12,9961.859065788016
30_20240830 13,9924.987415073363
30_20240830 14,9938.392099624796
30_20240830 15,9960.02706017815
30_20240830 16,10018.659353547486
30_20240830 17,9939.185905739345
30_20240830 18,9921.581123428936
30_20240830 19,9919.182446175619
30_20240830 20,9843.3357954525
30_20240830 21,9887.390047308578
30_20240830 22,9890.137462900982
30_20240830 23,9883.281462389525
30_20240831 00,9831.324300664037
30_20240831 01,9864.92695466044
30_20240831 02,9856.583418730963
30_20240831 03,9861.335629474752
30_20240831 04,9852.60844848807
30_20240831 05,9851.907104177733
30_20240831 06,9861.863445106892
30_20240831 07,9836.859630651175
30_20240831 08,9828.278921325684
30_20240831 09,9871.340027041215
30_20240831 10,9882.066902246126
30_20240831 11,9894.69557363917
30_20240831 12,9892.429074301697
30_20240831 13,9910.118297647206
30_20240831 14,9927.148433723689
30_20240831 15,9950.740185462324
30_20240831 16,9944.096720965568
30_20240831 17,9946.53381488505
30_20240831 18,9937.15104588428
30_20240831 19,9921.194594982904
30_20240831 20,9804.410272581585
30_20240831 21,9905.707391363607
30_20240831 22,9898.704503592639
30_20240831 23,9886.98474615762
31_20240825 00,863.5504271330303
31_20240825 01,742.5169977068376
31_20240825 02,667.6757016614262
31_20240825 03,602.6653123787089
31_20240825 04,576.5379102332448
31_20240825 05,567.0420332219021
31_20240825 06,594.5714985748178
31_20240825 07,668.5425119029612
31_20240825 08,828.6831344348716
31_20240825 09,970.5578193669556
31_20240825 10,1031.9207719258143
31_20240825 11,1088.0019751005739
31_20240825 12,1082.9572344267563
31_20240825 13,1082.6056114052594
31_20240825 14,1087.8589296117093
31_20240825 15,1119.80212650087
31_20240825 16,1074.0943380973808
31_20240825 17,1097.849721543592
31_20240825 18,1164.4720886787322
31_20240825 19,1228.9927781692002
31_20240825 20,1197.9626559987967
31_20240825 21,1171.389126058065
31_20240825 22,1155.5611515262285
31_20240825 23,991.305544533405
31_20240826 00,850.3571185392258
31_20240826 01,726.8821241154476
31_20240826 02,659.4506247109049
31_20240826 03,612.9750227787074
31_20240826 04,593.9117477291022
31_20240826 05,587.1011227873556
31_20240826 06,623.1839296357894
31_20240826 07,721.2008366780789
31_20240826 08,881.2290616011549
31_20240826 09,940.6733853635736
31_20240826 10,936.7112140977064
31_20240826 11,978.8033935045943
31_20240826 12,982.6160934392951
31_20240826 13,977.8592751454671
31_20240826 14,990.1303013619913
31_20240826 15,1019.3204078376517
31_20240826 16,994.0551374295908
31_20240826 17,1042.0681892992811
31_20240826 18,1108.7708585685668
31_20240826 19,1162.7130791530656
31_20240826 20,1150.1219958140925
31_20240826 21,1129.1202845532957
31_20240826 22,1105.8170612236004
31_20240826 23,952.7187832463337
31_20240827 00,824.0953678959805
31_20240827 01,716.5285006647582
31_20240827 02,646.1264642245728
31_20240827 03,601.1616428440324
31_20240827 04,582.3975345373798
31_20240827 05,577.7253090432723
31_20240827 06,608.747081804744
31_20240827 07,690.9137753000252
31_20240827 08,828.0010261835755
31_20240827 09,813.0752305135925
31_20240827 10,803.3335378895858
31_20240827 11,795.1465976054958
31_20240827 12,779.8221361056839
31_20240827 13,778.8351307003343
31_20240827 14,808.339790497753
31_20240827 15,871.1313698728708
31_20240827 16,875.2685419578974
31_20240827 17,954.7350641725308
31_20240827 18,981.5207903937426
31_20240827 19,1099.830405140613
31_20240827 20,1068.6086074306872
31_20240827 21,1026.0357433243842
31_20240827 22,1015.5760614606452
31_20240827 23,870.3372016715866
31_20240828 00,760.6617225521138
31_20240828 01,670.8213905549903
31_20240828 02,592.9063930901249
31_20240828 03,556.8006030800223
31_20240828 04,533.3163159790624
31_20240828 05,521.7799187423334
31_20240828 06,543.442151608907
31_20240828 07,653.5743717796549
31_20240828 08,774.6919245613344
31_20240828 09,796.7149983422507
31_20240828 10,791.564032301754
31_20240828 11,810.5548107107975
31_20240828 12,854.7249428769799
31_20240828 13,881.8428589917223
31_20240828 14,888.0484342404735
31_20240828 15,950.1249757043529
31_20240828 16,953.588602493119
31_20240828 17,1001.388516555555
31_20240828 18,1045.9420935375067
31_20240828 19,1139.1329911266184
31_20240828 20,1127.9174316479412
31_20240828 21,1112.7232415341668
31_20240828 22,1068.0463506387143
31_20240828 23,915.0363720647714
31_20240829 00,793.2602611887237
31_20240829 01,692.1566551319477
31_20240829 02,621.7129828772265
31_20240829 03,578.7608117147274
31_20240829 04,546.7210191293702
31_20240829 05,534.1363937016606
31_20240829 06,567.1118508562104
31_20240829 07,666.2424834383668
31_20240829 08,778.0821592948511
31_20240829 09,793.6836287437549
31_20240829 10,813.062764303621
31_20240829 11,884.2591614515715
31_20240829 12,904.001611020159
31_20240829 13,908.8018370631493
31_20240829 14,906.5982675585026
31_20240829 15,948.6931671957286
31_20240829 16,937.1442318169937
31_20240829 17,973.5972439543737
31_20240829 18,1009.3818820593777
31_20240829 19,1104.1700579234641
31_20240829 20,1092.4374404280773
31_20240829 21,1051.593668561684
31_20240829 22,1045.1428738295226
31_20240829 23,889.7535362920011
31_20240830 00,767.7977332605469
31_20240830 01,676.2135140266544
31_20240830 02,606.7884966324125
31_20240830 03,556.9268598362107
31_20240830 04,534.9788215844567
31_20240830 05,527.1846193330341
31_20240830 06,563.1586802918969
31_20240830 07,652.0215383333035
31_20240830 08,791.1743069780113
31_20240830 09,854.0779566996814
31_20240830 10,862.6426940298261
31_20240830 11,898.7033825845531
31_20240830 12,903.6062528180469
31_20240830 13,902.5639776752342
31_20240830 14,906.8539104978504
31_20240830 15,951.5949301312648
31_20240830 16,938.1774196566373
31_20240830 17,965.3833259513924
31_20240830 18,984.1862223879245
31_20240830 19,1041.372719557751
31_20240830 20,1029.9917975262624
31_20240830 21,1001.993461026723
31_20240830 22,1009.541767774786
31_20240830 23,859.4097777669721
31_20240831 00,758.2626330086118
31_20240831 01,666.0387817857663
31_20240831 02,591.0064639293969
31_20240831 03,553.7949318458949
31_20240831 04,505.1702993754667
31_20240831 05,496.1534099832139
31_20240831 06,512.5256447272611
31_20240831 07,598.961710947388
31_20240831 08,734.849737307065
31_20240831 09,776.4793853924575
31_20240831 10,799.2572593229958
31_20240831 11,867.623443370059
31_20240831 12,880.3352657322264
31_20240831 13,933.3788760731577
31_20240831 14,936.6164006840665
31_20240831 15,962.3376756479853
31_20240831 16,936.4373395594203
31_20240831 17,951.8611944447521
31_20240831 18,972.0967867559273
31_20240831 19,1031.7939463891412
31_20240831 20,998.9638490693358
31_20240831 21,999.2679238604551
31_20240831 22,979.5516983097391
31_20240831 23,837.387944725467
32_20240825 00,672.1732197822366
32_20240825 01,517.1159569470033
32_20240825 02,514.4820777384678
32_20240825 03,509.05786626015686
32_20240825 04,508.0034046510996
32_20240825 05,542.3741485163025
32_20240825 06,564.0481206476096
32_20240825 07,776.0691287440391
32_20240825 08,1004.1752181262709
32_20240825 09,2000.5516161556684
32_20240825 10,2467.9035652444645
32_20240825 11,2652.856776626997
32_20240825 12,2658.939971246366
32_20240825 13,2720.9476810102883
32_20240825 14,2745.711129883137
32_20240825 15,2753.7553171753298
32_20240825 16,2745.6510345960733
32_20240825 17,2677.869590498525
32_20240825 18,2589.6669257958074
32_20240825 19,2432.050387657
32_20240825 20,2270.797781105122
32_20240825 21,2036.7603681685555
32_20240825 22,1246.9832212563106
32_20240825 23,952.0857085878149
32_20240826 00,633.8640299661067
32_20240826 01,472.77396675933744
32_20240826 02,473.8801177873361
32_20240826 03,469.6969649455017
32_20240826 04,466.9846013008836
32_20240826 05,477.64538265526846
32_20240826 06,480.43822159511853
32_20240826 07,501.80736717258503
32_20240826 08,510.1032719628379
32_20240826 09,508.80738709819764
32_20240826 10,535.3619223293622
32_20240826 11,566.4922405981002
32_20240826 12,521.2279144558331
32_20240826 13,544.4691247188625
32_20240826 14,559.8511220751145
32_20240826 15,547.6345696106923
32_20240826 16,521.2260571722162
32_20240826 17,538.1698297425414
32_20240826 18,526.1071422887455
32_20240826 19,538.0761826032726
32_20240826 20,525.6090939536366
32_20240826 21,545.5941398606855
32_20240826 22,540.0291061842834
32_20240826 23,534.7334898865779
32_20240827 00,620.8332441210023
32_20240827 01,489.9124830741667
32_20240827 02,489.3294280608636
32_20240827 03,483.59393917835797
32_20240827 04,484.60995512744125
32_20240827 05,533.1726362902562
32_20240827 06,554.9974256199589
32_20240827 07,761.4569446039646
32_20240827 08,982.0542807060897
32_20240827 09,1825.8858431158696
32_20240827 10,2349.0337056269746
32_20240827 11,2519.907358246501
32_20240827 12,2532.727017298931
32_20240827 13,2580.1185057394778
32_20240827 14,2516.0414247623958
32_20240827 15,2507.8985228165866
32_20240827 16,2460.806852702739
32_20240827 17,2423.018705034093
32_20240827 18,2349.3605284561454
32_20240827 19,2234.726912116305
32_20240827 20,2049.6908906677513
32_20240827 21,1903.581330511448
32_20240827 22,1216.8687452336744
32_20240827 23,884.1323578685233
32_20240828 00,628.2752423050028
32_20240828 01,486.02521683473026
32_20240828 02,488.12314416057984
32_20240828 03,479.65446733244744
32_20240828 04,492.68001755012887
32_20240828 05,526.5555325218609
32_20240828 06,553.5048937909619
32_20240828 07,749.7286304380332
32_20240828 08,942.0556560339564
32_20240828 09,1758.351675106626
32_20240828 10,2283.522012145583
32_20240828 11,2455.291198467597
32_20240828 12,2459.610325426863
32_20240828 13,2490.1602283583206
32_20240828 14,2474.3734142159255
32_20240828 15,2501.992993114676
32_20240828 16,2456.187244658561
32_20240828 17,2418.5985662183534
32_20240828 18,2364.801682724074
32_20240828 19,2254.3472654755788
32_20240828 20,2082.2257902699566
32_20240828 21,1929.3513052072992
32_20240828 22,1223.1991019762656
32_20240828 23,897.5891634311286
32_20240829 00,646.2900515907436
32_20240829 01,500.4110054762409
32_20240829 02,500.2497628001381
32_20240829 03,494.46241124938604
32_20240829 04,496.25998964667383
32_20240829 05,533.3848031289276
32_20240829 06,558.3709754370818
32_20240829 07,746.9475210572804
32_20240829 08,958.3855416915177
32_20240829 09,1804.138552245286
32_20240829 10,2299.929939896426
32_20240829 11,2419.8267083487663
32_20240829 12,2466.6762404032015
32_20240829 13,2472.19191792289
32_20240829 14,2468.1415277880924
32_20240829 15,2497.5588233859894
32_20240829 16,2462.9383748688347
32_20240829 17,2423.37232726624
32_20240829 18,2358.068670064861
32_20240829 19,2261.721547464167
32_20240829 20,2085.9903525303866
32_20240829 21,1949.741403243314
32_20240829 22,1211.8026379082585
32_20240829 23,898.9104561108281
32_20240830 00,652.6229410149322
32_20240830 01,507.741020664218
32_20240830 02,503.4810777533202
32_20240830 03,499.6624070875147
32_20240830 04,501.6976751506812
32_20240830 05,539.3019552092278
32_20240830 06,564.3531258786918
32_20240830 07,769.37365535259
32_20240830 08,998.3661629765323
32_20240830 09,1803.3087904911772
32_20240830 10,2295.5614125840584
32_20240830 11,2450.263725709613
32_20240830 12,2472.7553644339364
32_20240830 13,2502.1196173126677
32_20240830 14,2510.0159281680226
32_20240830 15,2551.0251484535393
32_20240830 16,2531.359215199925
32_20240830 17,2469.465793233827
32_20240830 18,2411.851667862428
32_20240830 19,2307.72043355145
32_20240830 20,2186.793923785363
32_20240830 21,1969.0893158451875
32_20240830 22,1239.6497138752416
32_20240830 23,917.3163282406765
32_20240831 00,655.8714695328763
32_20240831 01,499.9950635373349
32_20240831 02,501.1115646574065
32_20240831 03,492.09768453607603
32_20240831 04,492.0028305507867
32_20240831 05,527.3128026063505
32_20240831 06,552.5843938708717
32_20240831 07,765.8182313480829
32_20240831 08,961.4943806185505
32_20240831 09,1838.4001991616237
32_20240831 10,2292.1759937957704
32_20240831 11,2473.9776351779074
32_20240831 12,2479.777806308101
32_20240831 13,2541.0976468582303
32_20240831 14,2607.114108024204
32_20240831 15,2613.703020463695
32_20240831 16,2596.3957821387544
32_20240831 17,2567.8246889939974
32_20240831 18,2499.8113259941842
32_20240831 19,2332.3816524794292
32_20240831 20,2191.8520818313327
32_20240831 21,1966.3446666145041
32_20240831 22,1239.5040125073494
32_20240831 23,910.4436401913756
33_20240825 00,1271.8010101930622
33_20240825 01,1263.733629070658
33_20240825 02,1278.525402684709
33_20240825 03,1281.250964523537
33_20240825 04,1245.6393140099722
33_20240825 05,709.8370528910092
33_20240825 06,664.3660074814974
33_20240825 07,1577.4583259405586
33_20240825 08,2144.320275625571
33_20240825 09,2617.384568676454
33_20240825 10,2788.9246315652545
33_20240825 11,2808.105722341639
33_20240825 12,2877.185075293921
33_20240825 13,2872.1014089514856
33_20240825 14,2856.5313833552273
33_20240825 15,2832.477522847351
33_20240825 16,2800.7295187885993
33_20240825 17,2770.0377894031744
33_20240825 18,1887.4382303920258
33_20240825 19,1474.4924823372205
33_20240825 20,1357.0186919770508
33_20240825 21,831.0809599109456
33_20240825 22,525.0141637895333
33_20240825 23,1081.5979608515281
33_20240826 00,1489.5618187374853
33_20240826 01,1481.8669918977848
33_20240826 02,1466.4021242534332
33_20240826 03,1366.0879227204455
33_20240826 04,1360.51720271314
33_20240826 05,734.4993377112155
33_20240826 06,697.842150238912
33_20240826 07,1920.8420298207236
33_20240826 08,2676.728142581008
33_20240826 09,2881.0439156874254
33_20240826 10,2897.279748868954
33_20240826 11,2933.987290685145
33_20240826 12,2908.4901588436596
33_20240826 13,2951.296763688477
33_20240826 14,2958.452892699079
33_20240826 15,2971.7629611984285
33_20240826 16,2922.40514096025
33_20240826 17,2894.1724322250807
33_20240826 18,2007.2592784470528
33_20240826 19,1453.2010678480888
33_20240826 20,1411.8041533133942
33_20240826 21,829.6993873120402
33_20240826 22,523.3077029221398
33_20240826 23,1155.3553959957617
33_20240827 00,1811.595904304778
33_20240827 01,1753.334962538875
33_20240827 02,1748.1206681567683
33_20240827 03,1701.851268355962
33_20240827 04,1457.1108014382366
33_20240827 05,725.5461924298613
33_20240827 06,677.3386155492653
33_20240827 07,1748.7928770137569
33_20240827 08,2429.9488697843626
33_20240827 09,2661.667307485884
33_20240827 10,2756.106212591125
33_20240827 11,2769.179511343047
33_20240827 12,2791.9983578640886
33_20240827 13,2796.190487214766
33_20240827 14,2849.8523755250762
33_20240827 15,2844.088743993764
33_20240827 16,2886.9820781520075
33_20240827 17,2854.777237990741
33_20240827 18,2068.889186592074
33_20240827 19,1467.7523513886877
33_20240827 20,1341.8083883063189
33_20240827 21,798.2641149109128
33_20240827 22,514.1446420070761
33_20240827 23,1124.8033131304417
33_20240828 00,1749.8697009928646
33_20240828 01,1724.4925257190926
33_20240828 02,1707.4293390269568
33_20240828 03,1677.7584497597854
33_20240828 04,1514.6572138959637
33_20240828 05,724.4456758386167
33_20240828 06,659.8401243119238
33_20240828 07,1822.085862942505
33_20240828 08,2558.7623092924323
33_20240828 09,2791.4382728320784
33_20240828 10,2855.5318351536175
33_20240828 11,2884.0495032620693
33_20240828 12,2894.1678020181
33_20240828 13,2894.0225741588933
33_20240828 14,2887.6077889527983
33_20240828 15,2917.113821121654
33_20240828 16,2948.4416814929186
33_20240828 17,2919.85501156419
33_20240828 18,2611.089447303515
33_20240828 19,2455.0965725806686
33_20240828 20,2359.5123675476734
33_20240828 21,1044.7570171701975
33_20240828 22,528.3704710712548
33_20240828 23,1160.424293729709
33_20240829 00,1903.6698671824026
33_20240829 01,1803.1232514161788
33_20240829 02,1802.5908069983225
33_20240829 03,1780.838393154504
33_20240829 04,1566.8983855726594
33_20240829 05,719.540552123314
33_20240829 06,646.6549388530382
33_20240829 07,1780.5203384004399
33_20240829 08,2460.1013561515983
33_20240829 09,2777.1774738316662
33_20240829 10,2855.9553350961014
33_20240829 11,2920.2790013453214
33_20240829 12,2925.2549121912043
33_20240829 13,2932.072816283897
33_20240829 14,2906.36342307058
33_20240829 15,2890.9396126846405
33_20240829 16,2868.34839241138
33_20240829 17,2871.6937715432696
33_20240829 18,2147.363393633828
33_20240829 19,1571.5357583334958
33_20240829 20,1432.9540816174494
33_20240829 21,835.8121703798586
33_20240829 22,526.9451153059154
33_20240829 23,1141.8924830720005
33_20240830 00,1903.8124007793517
33_20240830 01,1870.3229904474213
33_20240830 02,1825.106123254424
33_20240830 03,1748.0917154856502
33_20240830 04,1445.9505278645192
33_20240830 05,702.3364804105954
33_20240830 06,660.2980505513021
33_20240830 07,1783.8023250808883
33_20240830 08,2506.4916958887716
33_20240830 09,2773.00318504184
33_20240830 10,2872.8586657813967
33_20240830 11,2909.8343894842324
33_20240830 12,2880.429647968401
33_20240830 13,2875.090574096203
33_20240830 14,2873.5021425947525
33_20240830 15,2837.819187885799
33_20240830 16,2838.3884185362544
33_20240830 17,2791.771704850076
33_20240830 18,1967.5786966451685
33_20240830 19,1497.4953146780315
33_20240830 20,1388.3096271120962
33_20240830 21,802.6111083810363
33_20240830 22,516.9764112859658
33_20240830 23,1047.0029222003488
33_20240831 00,1341.9760712961363
33_20240831 01,1321.2949812496204
33_20240831 02,1346.5328764351107
33_20240831 03,1349.921515110319
33_20240831 04,1329.062118302219
33_20240831 05,678.1962014805816
33_20240831 06,642.7514816762852
33_20240831 07,1439.5684459349493
33_20240831 08,1974.5338674575078
33_20240831 09,2434.2112855094174
33_20240831 10,2711.830040471165
33_20240831 11,2764.9359849666607
33_20240831 12,2879.491631205319
33_20240831 13,2840.115039169183
33_20240831 14,2808.4426368602535
33_20240831 15,2856.516661015412
33_20240831 16,2816.901704020339
33_20240831 17,2812.9385820750103
33_20240831 18,2496.386708683797
33_20240831 19,2262.910094699305
33_20240831 20,2193.3841822011254
33_20240831 21,1030.0967071763635
33_20240831 22,509.74498918598084
33_20240831 23,1030.6031596461312
34_20240825 00,5283.449420590756
34_20240825 01,4803.73101822602
34_20240825 02,4587.732749247412
34_20240825 03,4412.414151585666
34_20240825 04,4417.651608025004
34_20240825 05,4905.270687524435
34_20240825 06,5487.324196612946
34_20240825 07,6456.686871656096
34_20240825 08,7611.375191870616
34_20240825 09,9979.046751445181
34_20240825 10,14863.211139241397
34_20240825 11,15943.622789562425
34_20240825 12,16245.771695142344
34_20240825 13,16250.250529485229
34_20240825 14,16290.692978768264
34_20240825 15,16308.283180856213
34_20240825 16,16307.177038453077
34_20240825 17,16340.271280991514
34_20240825 18,16299.83248277507
34_20240825 19,15445.281549819287
34_20240825 20,14215.49406222723
34_20240825 21,10460.482955929547
34_20240825 22,7808.962022396421
34_20240825 23,6158.706159285364
34_20240826 00,5317.2325060853655
34_20240826 01,4873.500812056076
34_20240826 02,4581.87979541644
34_20240826 03,4280.974297694069
34_20240826 04,4354.255981588583
34_20240826 05,4815.352554168671
34_20240826 06,5549.341194578191
34_20240826 07,7144.960113057547
34_20240826 08,8708.193515811665
34_20240826 09,10862.539056131409
34_20240826 10,15604.969771515773
34_20240826 11,16302.549422863889
34_20240826 12,16538.110924217624
34_20240826 13,16589.07688906634
34_20240826 14,16441.18331851934
34_20240826 15,16582.444528152908
34_20240826 16,16450.775097543366
34_20240826 17,16446.806207810783
34_20240826 18,16310.957616479867
34_20240826 19,14583.680565516257
34_20240826 20,13652.367938814818
34_20240826 21,10268.012372362282
34_20240826 22,7868.204616561796
34_20240826 23,6249.025916087651
34_20240827 00,5255.205471000298
34_20240827 01,4700.371968950097
34_20240827 02,4416.459326873935
34_20240827 03,4212.927679138762
34_20240827 04,4302.506030229724
34_20240827 05,4783.39061578877
34_20240827 06,5420.59955390269
34_20240827 07,6786.6870136029565
34_20240827 08,8111.394987892765
34_20240827 09,9983.092213848375
34_20240827 10,14354.429365480846
34_20240827 11,15052.621069986068
34_20240827 12,15364.797562481393
34_20240827 13,15328.729669386967
34_20240827 14,15418.70512032849
34_20240827 15,15435.02031622015
34_20240827 16,15872.814596653267
34_20240827 17,15981.437285429962
34_20240827 18,15563.505116900647
34_20240827 19,14472.594170298278
34_20240827 20,13192.206951295859
34_20240827 21,9653.784171946223
34_20240827 22,7563.523276365162
34_20240827 23,5965.126425915089
34_20240828 00,5065.719253343331
34_20240828 01,4656.115418073715
34_20240828 02,4478.536046472984
34_20240828 03,4263.94251013523
34_20240828 04,4268.2235216481
34_20240828 05,4719.814598773398
34_20240828 06,5283.705731248807
34_20240828 07,6466.100306402233
34_20240828 08,8165.765503398603
34_20240828 09,10056.286187469335
34_20240828 10,14886.015194950942
34_20240828 11,15895.559832000958
34_20240828 12,16100.95250318609
34_20240828 13,16314.57796394221
34_20240828 14,16397.081573997246
34_20240828 15,16346.789574349445
34_20240828 16,16261.052313684719
34_20240828 17,16312.696469118633
34_20240828 18,16238.819501187725
34_20240828 19,15142.38173550894
34_20240828 20,13807.191767910084
34_20240828 21,10234.735455483391
34_20240828 22,7824.9166031265695
34_20240828 23,6061.719315606156
34_20240829 00,5113.853433719423
34_20240829 01,4692.957441502829
34_20240829 02,4486.282619459313
34_20240829 03,4309.4737620117285
34_20240829 04,4252.867400058655
34_20240829 05,4725.839071351039
34_20240829 06,5271.1693225697945
34_20240829 07,6454.212070269119
34_20240829 08,8021.787732306833
34_20240829 09,9922.824470138834
34_20240829 10,14659.945689392538
34_20240829 11,15882.816394717163
34_20240829 12,16177.173178794046
34_20240829 13,16368.237584902432
34_20240829 14,16353.644211325554
34_20240829 15,16373.100491816464
34_20240829 16,16348.640214367075
34_20240829 17,16313.21016751345
34_20240829 18,16111.037198830161
34_20240829 19,15028.097286261307
34_20240829 20,13757.680309056976
34_20240829 21,10083.43208729259
34_20240829 22,7718.614222133401
34_20240829 23,6027.575755516513
34_20240830 00,5123.144420611299
34_20240830 01,4708.214418888498
34_20240830 02,4443.36864847208
34_20240830 03,4314.075766635062
34_20240830 04,4285.004471332891
34_20240830 05,4691.5007796072205
34_20240830 06,5318.9717089777005
34_20240830 07,6425.690153816361
34_20240830 08,8104.958888470798
34_20240830 09,10100.253290914468
34_20240830 10,15196.449875909108
34_20240830 11,15940.961956646257
34_20240830 12,16119.416324172033
34_20240830 13,16186.043235031082
34_20240830 14,16274.360603206056
34_20240830 15,16214.039219427597
34_20240830 16,16166.194955084935
34_20240830 17,16120.518714863032
34_20240830 18,15933.772662802436
34_20240830 19,15141.103953020924
34_20240830 20,13840.517929715876
34_20240830 21,10267.624257439711
34_20240830 22,7773.704260328666
34_20240830 23,6029.10275940253
34_20240831 00,5133.7888751129685
34_20240831 01,4693.566470873947
34_20240831 02,4441.11930586234
34_20240831 03,4308.708851858387
34_20240831 04,4334.084093150309
34_20240831 05,4768.393736475991
34_20240831 06,5195.8579447051425
34_20240831 07,6011.238447202428
34_20240831 08,7204.6773222098855
34_20240831 09,9400.764962585108
34_20240831 10,13912.960966122524
34_20240831 11,15022.308578275133
34_20240831 12,15800.179919844351
34_20240831 13,16075.427079332956
34_20240831 14,16009.845093448115
34_20240831 15,16013.28202899871
34_20240831 16,15927.557866135327
34_20240831 17,15971.307703213019
34_20240831 18,15876.583987455637
34_20240831 19,14767.727823991101
34_20240831 20,14027.879634935016
34_20240831 21,10520.73763408501
34_20240831 22,7907.90160120557
34_20240831 23,6070.193072507667
35_20240825 00,9469.076393257286
35_20240825 01,9470.631931045866
35_20240825 02,9441.88817110724
35_20240825 03,9404.613170578343
35_20240825 04,9390.69576031626
35_20240825 05,9379.821833231685
35_20240825 06,9393.356018175791
35_20240825 07,9385.909580873815
35_20240825 08,9441.168423191088
35_20240825 09,9483.765722228165
35_20240825 10,9505.92819040153
35_20240825 11,9556.831822848939
35_20240825 12,9591.125313057491
35_20240825 13,9587.755578162847
35_20240825 14,9598.696118667738
35_20240825 15,9622.222150778636
35_20240825 16,9609.905291287927
35_20240825 17,9601.505051606106
35_20240825 18,9588.266274565467
35_20240825 19,9585.341540237881
35_20240825 20,9583.753634958066
35_20240825 21,9553.463825691537
35_20240825 22,9556.227715631427
35_20240825 23,9550.064168308414
35_20240826 00,9482.43569317435
35_20240826 01,9494.912629140956
35_20240826 02,9458.282628555458
35_20240826 03,9441.11441292363
35_20240826 04,9421.139695865662
35_20240826 05,9414.523866128038
35_20240826 06,9410.93243763989
35_20240826 07,9423.041634345205
35_20240826 08,9471.587247814441
35_20240826 09,9539.382900698762
35_20240826 10,9562.774778248815
35_20240826 11,9590.995370837607
35_20240826 12,9612.550544507172
35_20240826 13,9629.61116875635
35_20240826 14,9611.383717421848
35_20240826 15,9677.878990425088
35_20240826 16,9653.915859075569
35_20240826 17,9615.620420405283
35_20240826 18,9594.013063500857
35_20240826 19,9546.208654807688
35_20240826 20,9563.010457269926
35_20240826 21,9575.174859418948
35_20240826 22,9556.458503725493
35_20240826 23,9544.0293863632
35_20240827 00,9465.4128579501
35_20240827 01,9483.781820618424
35_20240827 02,9452.230353754061
35_20240827 03,9431.217825520627
35_20240827 04,9322.493171072223
35_20240827 05,9307.279033797353
35_20240827 06,9279.979411446628
35_20240827 07,9367.195288222769
35_20240827 08,9352.42786304337
35_20240827 09,9431.792801689311
35_20240827 10,9434.745111420336
35_20240827 11,9458.50652724335
35_20240827 12,9497.661687693966
35_20240827 13,9499.653200184446
35_20240827 14,9549.773551566454
35_20240827 15,9579.48686074528
35_20240827 16,9580.110683630388
35_20240827 17,9579.764629546797
35_20240827 18,9550.796310108577
35_20240827 19,9526.533891566993
35_20240827 20,9503.2423635196
35_20240827 21,9476.852020842794
35_20240827 22,9455.945839505472
35_20240827 23,9437.53823047932
35_20240828 00,9404.95107841336
35_20240828 01,9388.741654830703
35_20240828 02,9364.469327504987
35_20240828 03,9334.8745405796
35_20240828 04,9312.929632819256
35_20240828 05,9230.202623740746
35_20240828 06,9212.430772446878
35_20240828 07,9325.308436183434
35_20240828 08,9373.91879784508
35_20240828 09,9463.759396253718
35_20240828 10,9533.049438901067
35_20240828 11,9563.980640400714
35_20240828 12,9579.623658544911
35_20240828 13,9601.025369134328
35_20240828 14,9640.34935768784
35_20240828 15,9650.669332151821
35_20240828 16,9625.447443265
35_20240828 17,9617.658939699257
35_20240828 18,9582.137556632873
35_20240828 19,9559.619063229828
35_20240828 20,9554.242090323018
35_20240828 21,9558.005082022431
35_20240828 22,9521.281105146947
35_20240828 23,9496.349805964215
35_20240829 00,9428.862428135788
35_20240829 01,9424.336677107172
35_20240829 02,9381.676280549944
35_20240829 03,9333.23357578009
35_20240829 04,9295.810455287135
35_20240829 05,9280.909102618347
35_20240829 06,9302.818132777182
35_20240829 07,9303.011218812917
35_20240829 08,9352.341251531634
35_20240829 09,9443.592222334477
35_20240829 10,9489.418855806853
35_20240829 11,9523.915639403487
35_20240829 12,9550.087450448258
35_20240829 13,9601.740170359488
35_20240829 14,9624.343552567942
35_20240829 15,9648.480415195727
35_20240829 16,9625.328969795255
35_20240829 17,9612.848020800753
35_20240829 18,9548.538664899004
35_20240829 19,9528.226816911658
35_20240829 20,9528.623610243798
35_20240829 21,9478.52525865545
35_20240829 22,9499.047656998862
35_20240829 23,9477.03884042273
35_20240830 00,9438.554858586953
35_20240830 01,9401.05372414219
35_20240830 02,9340.4057197648
35_20240830 03,9290.86255520222
35_20240830 04,9300.949244263826
35_20240830 05,9286.32011798487
35_20240830 06,9300.87391213277
35_20240830 07,9298.4890287335
35_20240830 08,9379.226442751904
35_20240830 09,9447.414274250574
35_20240830 10,9487.580645140297
35_20240830 11,9518.482957034525
35_20240830 12,9525.895733822945
35_20240830 13,9569.750809871159
35_20240830 14,9591.516532984493
35_20240830 15,9641.01187603661
35_20240830 16,9564.210773351442
35_20240830 17,9540.174433205817
35_20240830 18,9518.675244293001
35_20240830 19,9526.447068141722
35_20240830 20,9518.260835816032
35_20240830 21,9498.772391893845
35_20240830 22,9486.508074203011
35_20240830 23,9461.38921992659
35_20240831 00,9445.605355320962
35_20240831 01,9435.921292459463
35_20240831 02,9327.311465508013
35_20240831 03,9305.406441754018
35_20240831 04,9298.488231461006
35_20240831 05,9294.622663467704
35_20240831 06,9308.458178150322
35_20240831 07,9290.322902669881
35_20240831 08,9316.071170416813
35_20240831 09,9397.579105285316
35_20240831 10,9457.928367074812
35_20240831 11,9483.568708745306
35_20240831 12,9513.489666550986
35_20240831 13,9549.317149066414
35_20240831 14,9544.730842676578
35_20240831 15,9566.755434505405
35_20240831 16,9554.100641080995
35_20240831 17,9541.133305102916
35_20240831 18,9522.276643007532
35_20240831 19,9507.800729545044
35_20240831 20,9489.847561325216
35_20240831 21,9508.777814426554
35_20240831 22,9504.00599752624
35_20240831 23,9471.73835391807
36_20240825 00,13854.354665822779
36_20240825 01,13834.635499356626
36_20240825 02,13812.153302926368
36_20240825 03,13792.65206762288
36_20240825 04,13768.497311935515
36_20240825 05,13786.795985157185
36_20240825 06,13783.002299891734
36_20240825 07,13796.425695733265
36_20240825 08,13843.875383215382
36_20240825 09,13943.947748779407
36_20240825 10,14089.587369941524
36_20240825 11,14137.26520228841
36_20240825 12,14152.917468004915
36_20240825 13,14180.581177141628
36_20240825 14,14220.536001270299
36_20240825 15,14222.200706058022
36_20240825 16,14244.20869389338
36_20240825 17,14188.082972647548
36_20240825 18,14146.15429967972
36_20240825 19,14076.18716435132
36_20240825 20,13984.330866016388
36_20240825 21,13925.897391083497
36_20240825 22,13857.363248521431
36_20240825 23,13817.133374438872
36_20240826 00,13923.9207888387
36_20240826 01,13876.873381046735
36_20240826 02,13896.282856463398
36_20240826 03,13884.436927944978
36_20240826 04,13870.224963813345
36_20240826 05,13900.335179886846
36_20240826 06,13804.352424222114
36_20240826 07,13878.467312240318
36_20240826 08,13904.804969015182
36_20240826 09,14017.278617418413
36_20240826 10,14171.779218982385
36_20240826 11,14244.022306702398
36_20240826 12,14234.288723030546
36_20240826 13,14296.398734943032
36_20240826 14,14372.440071096691
36_20240826 15,14408.416176570394
36_20240826 16,14391.51163025013
36_20240826 17,14282.311249478218
36_20240826 18,14053.442533172816
36_20240826 19,13992.14911335
36_20240826 20,13945.597214366302
36_20240826 21,13908.64116449817
36_20240826 22,13897.595338262307
36_20240826 23,13853.35794638527
36_20240827 00,13868.968306400751
36_20240827 01,13826.408241119716
36_20240827 02,13818.838832818352
36_20240827 03,13809.810029902637
36_20240827 04,13788.473612531205
36_20240827 05,13803.850907015902
36_20240827 06,13730.935791644471
36_20240827 07,13785.909980780514
36_20240827 08,13828.068305142813
36_20240827 09,13908.940080073871
36_20240827 10,14005.77800440143
36_20240827 11,14008.273508425385
36_20240827 12,13960.639747261479
36_20240827 13,14008.668836747258
36_20240827 14,14049.845315603905
36_20240827 15,14064.162852423213
36_20240827 16,14110.263519366195
36_20240827 17,14054.278086778591
36_20240827 18,14028.825323006726
36_20240827 19,13815.610624080497
36_20240827 20,13771.953202196044
36_20240827 21,13734.527077289782
36_20240827 22,13700.520522510402
36_20240827 23,13703.0938503184
36_20240828 00,13756.661677572632
36_20240828 01,13693.282883924272
36_20240828 02,13667.389148264894
36_20240828 03,13653.151140398637
36_20240828 04,13630.872414043963
36_20240828 05,13628.73700525471
36_20240828 06,13548.089599718844
36_20240828 07,13666.566023875564
36_20240828 08,13755.250495638445
36_20240828 09,13865.873938757459
36_20240828 10,14023.33511761179
36_20240828 11,14146.671214988997
36_20240828 12,14141.140717217693
36_20240828 13,14179.450879032986
36_20240828 14,14261.054087676453
36_20240828 15,14267.055499311584
36_20240828 16,14275.618845370163
36_20240828 17,14215.921704940312
36_20240828 18,14086.561147013854
36_20240828 19,13901.811908195603
36_20240828 20,13849.46784228232
36_20240828 21,13829.657052419429
36_20240828 22,13775.082687227765
36_20240828 23,13692.430839290213
36_20240829 00,13700.723394077377
36_20240829 01,13639.82029507519
36_20240829 02,13639.645040664007
36_20240829 03,13601.579837396836
36_20240829 04,13588.110559508983
36_20240829 05,13606.919841515228
36_20240829 06,13552.085971987734
36_20240829 07,13621.07304954482
36_20240829 08,13712.236158615648
36_20240829 09,13822.119605773289
36_20240829 10,13921.324950027272
36_20240829 11,13975.662885801088
36_20240829 12,14023.704693883325
36_20240829 13,14052.251186982385
36_20240829 14,14176.342514613742
36_20240829 15,14189.816584799097
36_20240829 16,14203.459892395193
36_20240829 17,14115.439172594162
36_20240829 18,13963.764287299698
36_20240829 19,13890.270292419656
36_20240829 20,13822.060550218755
36_20240829 21,13779.006926533413
36_20240829 22,13636.592390570366
36_20240829 23,13567.16463711872
36_20240830 00,13581.907709124913
36_20240830 01,13541.142276003637
36_20240830 02,13539.36893926903
36_20240830 03,13525.431220083205
36_20240830 04,13503.497019654696
36_20240830 05,13501.231818978335
36_20240830 06,13471.322106453206
36_20240830 07,13533.80727998781
36_20240830 08,13604.772427566653
36_20240830 09,13778.95044982887
36_20240830 10,13875.05593162422
36_20240830 11,13979.738862430597
36_20240830 12,14018.67069248606
36_20240830 13,14076.853623692605
36_20240830 14,14090.29611651326
36_20240830 15,14108.022909303763
36_20240830 16,14053.656427589809
36_20240830 17,14022.438599896685
36_20240830 18,13964.235828318548
36_20240830 19,13872.383561582525
36_20240830 20,13768.202527073561
36_20240830 21,13760.789432697025
36_20240830 22,13619.498034185752
36_20240830 23,13567.513300145798
36_20240831 00,13549.14068433617
36_20240831 01,13538.050469752226
36_20240831 02,13501.987831704064
36_20240831 03,13517.9993568696
36_20240831 04,13514.998648211511
36_20240831 05,13521.205796814984
36_20240831 06,13471.021534865644
36_20240831 07,13489.458736013117
36_20240831 08,13582.471627232771
36_20240831 09,13739.803779634402
36_20240831 10,13822.868198033531
36_20240831 11,13865.624604979825
36_20240831 12,13928.503836583559
36_20240831 13,13946.244220941786
36_20240831 14,13938.580088601782
36_20240831 15,14014.117054050555
36_20240831 16,14016.032624570118
36_20240831 17,13978.600947353763
36_20240831 18,13944.967565134595
36_20240831 19,13788.570169925273
36_20240831 20,13691.169368993795
36_20240831 21,13678.031742056402
36_20240831 22,13659.99265133908
36_20240831 23,13553.895577355102
37_20240825 00,1566.2260583900115
37_20240825 01,1567.388328923347
37_20240825 02,1565.336611022613
37_20240825 03,1546.5251804699599
37_20240825 04,1548.1107828181487
37_20240825 05,1549.0035154240672
37_20240825 06,1652.0591599605796
37_20240825 07,1655.3989695541286
37_20240825 08,1728.640475952174
37_20240825 09,1879.7916463346212
37_20240825 10,1915.4692934658672
37_20240825 11,1948.3936439809886
37_20240825 12,1972.4304668822758
37_20240825 13,1941.3212465380752
37_20240825 14,1951.6905027748958
37_20240825 15,1948.9843337561733
37_20240825 16,1937.5336666849262
37_20240825 17,1907.9232710539563
37_20240825 18,1874.821476365024
37_20240825 19,1824.4745275104365
37_20240825 20,1820.1247456668775
37_20240825 21,1733.3653809910911
37_20240825 22,1670.3051787708382
37_20240825 23,1629.9237160787095
37_20240826 00,1578.5630264376723
37_20240826 01,1562.2632490686224
37_20240826 02,1575.9322841007076
37_20240826 03,1594.5411657798963
37_20240826 04,1693.7319961407684
37_20240826 05,2235.9600287597536
37_20240826 06,3343.9345492505618
37_20240826 07,3731.3761721308892
37_20240826 08,4114.68987337001
37_20240826 09,4195.517492076223
37_20240826 10,4275.917292459137
37_20240826 11,4354.17505611507
37_20240826 12,4251.334050084985
37_20240826 13,4335.928844823421
37_20240826 14,4288.897227257545
37_20240826 15,4279.5542998104265
37_20240826 16,4258.955389743933
37_20240826 17,4196.697188661356
37_20240826 18,3691.0872925638623
37_20240826 19,3027.950462193091
37_20240826 20,2464.3625768412476
37_20240826 21,2098.0204022515823
37_20240826 22,1905.80289176888
37_20240826 23,1753.168773074707
37_20240827 00,1650.1527072842473
37_20240827 01,1603.260847957407
37_20240827 02,1610.5773175176896
37_20240827 03,1587.1813239333162
37_20240827 04,1590.7008382824215
37_20240827 05,2026.916153931909
37_20240827 06,3152.5357435395226
37_20240827 07,3540.52094308307
37_20240827 08,3815.721107275994
37_20240827 09,3918.046238971149
37_20240827 10,3913.5603972905883
37_20240827 11,4000.0114963924975
37_20240827 12,3948.499595107654
37_20240827 13,3995.972467132742
37_20240827 14,4118.207085260687
37_20240827 15,4126.802066416304
37_20240827 16,4153.0281357419135
37_20240827 17,4018.315242123239
37_20240827 18,3582.249923914002
37_20240827 19,3019.950954683113
37_20240827 20,2372.8929554200654
37_20240827 21,2046.5777091783461
37_20240827 22,1856.9073077960475
37_20240827 23,1673.2121310755874
37_20240828 00,1593.9471824809993
37_20240828 01,1564.8752900234588
37_20240828 02,1566.4500452574266
37_20240828 03,1549.9242210748714
37_20240828 04,1590.5008070081599
37_20240828 05,1952.7530682600884
37_20240828 06,3015.5625972310927
37_20240828 07,3378.60969623691
37_20240828 08,3823.9371413845474
37_20240828 09,4000.0054347082696
37_20240828 10,4157.342088499505
37_20240828 11,4249.656451077248
37_20240828 12,4204.110809537776
37_20240828 13,4293.950348819492
37_20240828 14,4244.123464192159
37_20240828 15,4231.640358536942
37_20240828 16,4219.080241865288
37_20240828 17,4081.8364603437776
37_20240828 18,3724.3220797458
37_20240828 19,3119.9891862316103
37_20240828 20,2387.0122098678576
37_20240828 21,2027.9851803860279
37_20240828 22,1845.3832441583372
37_20240828 23,1700.7885326381959
37_20240829 00,1594.8240921821175
37_20240829 01,1563.186765251965
37_20240829 02,1571.206388160554
37_20240829 03,1551.369009388594
37_20240829 04,1536.919067863352
37_20240829 05,1916.2493885352746
37_20240829 06,2948.91171625585
37_20240829 07,3284.6260551763235
37_20240829 08,3624.2248129725012
37_20240829 09,3759.6250501866916
37_20240829 10,3922.9584625034763
37_20240829 11,4060.687383777996
37_20240829 12,3995.6269235560726
37_20240829 13,4079.577644951549
37_20240829 14,4044.947094657138
37_20240829 15,4023.358181292642
37_20240829 16,4023.7213395453086
37_20240829 17,3970.123686384989
37_20240829 18,3518.108459903381
37_20240829 19,3038.100627332293
37_20240829 20,2326.0138363153483
37_20240829 21,1935.4310822069092
37_20240829 22,1813.4633664655807
37_20240829 23,1640.3828692483166
37_20240830 00,1577.0805557923
37_20240830 01,1550.6356911545313
37_20240830 02,1550.9287747205913
37_20240830 03,1546.9105971622362
37_20240830 04,1558.2818152000139
37_20240830 05,1929.550553339895
37_20240830 06,2931.8637603070856
37_20240830 07,3279.8932325406413
37_20240830 08,3758.2747235328998
37_20240830 09,3951.02745832436
37_20240830 10,4101.090161608445
37_20240830 11,4193.3172558126425
37_20240830 12,4079.4717299686636
37_20240830 13,4182.229704264668
37_20240830 14,4116.3889789158275
37_20240830 15,4087.9972025318943
37_20240830 16,4015.789920155147
37_20240830 17,3921.110754776739
37_20240830 18,3423.952007599313
37_20240830 19,2991.9491675738727
37_20240830 20,2266.015680820159
37_20240830 21,1875.1976640171622
37_20240830 22,1703.5549891793614
37_20240830 23,1605.2590323000768
37_20240831 00,1545.7165494430503
37_20240831 01,1520.4616884570228
37_20240831 02,1494.5540707142684
37_20240831 03,1491.0246675650633
37_20240831 04,1487.368002208788
37_20240831 05,1485.6101397021614
37_20240831 06,1556.5599164922673
37_20240831 07,1579.4592295742873
37_20240831 08,1659.7562952707217
37_20240831 09,1809.9398814217273
37_20240831 10,1919.3303332984183
37_20240831 11,1931.730890618086
37_20240831 12,1993.2352021611139
37_20240831 13,2007.909593027603
37_20240831 14,1995.3345463045173
37_20240831 15,1980.087428870921
37_20240831 16,1943.1799107759507
37_20240831 17,1892.4448185916672
37_20240831 18,1866.755629189619
37_20240831 19,1753.529093393147
37_20240831 20,1706.698595534156
37_20240831 21,1672.4539546248866
37_20240831 22,1591.5610211524463
37_20240831 23,1571.4634884443662
38_20240825 00,938.9554437933274
38_20240825 01,934.6983446939814
38_20240825 02,924.4402277642072
38_20240825 03,924.2713695742609
38_20240825 04,916.8500046462062
38_20240825 05,920.824440704386
38_20240825 06,948.7137145991989
38_20240825 07,976.9041495974552
38_20240825 08,1038.5525487226028
38_20240825 09,1109.1810002710267
38_20240825 10,1158.2338798675444
38_20240825 11,1169.8407215338268
38_20240825 12,1186.88313347132
38_20240825 13,1219.0849862951616
38_20240825 14,1212.1711173903946
38_20240825 15,1201.5770627587247
38_20240825 16,1184.139543705602
38_20240825 17,1101.0750264719209
38_20240825 18,1030.8395084738672
38_20240825 19,1014.3985315140822
38_20240825 20,989.0343027416618
38_20240825 21,972.0760078632595
38_20240825 22,957.2745351726826
38_20240825 23,948.0147774767408
38_20240826 00,941.3436208896495
38_20240826 01,933.0492995819372
38_20240826 02,931.570755008801
38_20240826 03,925.6857502749942
38_20240826 04,923.4347313246464
38_20240826 05,1087.040709102155
38_20240826 06,1327.6917690398457
38_20240826 07,1435.74208976727
38_20240826 08,1583.6925259835957
38_20240826 09,1698.946584896882
38_20240826 10,1727.9691523364897
38_20240826 11,1751.7880935606709
38_20240826 12,1731.3994749817268
38_20240826 13,1750.8898566708936
38_20240826 14,1762.920578667523
38_20240826 15,1762.7179278333917
38_20240826 16,1752.8108676638233
38_20240826 17,1700.3929449086668
38_20240826 18,1471.759790921573
38_20240826 19,1230.896385385102
38_20240826 20,1179.9782961188976
38_20240826 21,1131.579020910332
38_20240826 22,1039.6471270912039
38_20240826 23,986.0963114062653
38_20240827 00,959.249404193735
38_20240827 01,943.7046459095267
38_20240827 02,943.7684147354435
38_20240827 03,939.1232766626455
38_20240827 04,931.2518755559186
38_20240827 05,1029.9840433297104
38_20240827 06,1316.4592641714617
38_20240827 07,1475.3516261699233
38_20240827 08,1579.6063024121431
38_20240827 09,1705.247832048643
38_20240827 10,1711.702310553127
38_20240827 11,1726.5852635452243
38_20240827 12,1697.9949034645056
38_20240827 13,1722.2078907920197
38_20240827 14,1739.5989130056082
38_20240827 15,1732.01708469688
38_20240827 16,1728.4693192142188
38_20240827 17,1675.8790386151381
38_20240827 18,1419.3908599464094
38_20240827 19,1206.229670333722
38_20240827 20,1138.0480042974093
38_20240827 21,1091.2415099954956
38_20240827 22,1003.0669703866746
38_20240827 23,958.7464736223372
38_20240828 00,920.2765109068629
38_20240828 01,909.4284728486555
38_20240828 02,908.6103599797086
38_20240828 03,915.7835426418158
38_20240828 04,903.7321561368418
38_20240828 05,997.566228508205
38_20240828 06,1251.8520990814857
38_20240828 07,1408.9714027708646
38_20240828 08,1554.614034588726
38_20240828 09,1677.9830291709582
38_20240828 10,1702.9955072272012
38_20240828 11,1783.8331720050105
38_20240828 12,1708.876607940199
38_20240828 13,1762.938959213473
38_20240828 14,1774.345626098243
38_20240828 15,1737.767215883594
38_20240828 16,1730.8343246838822
38_20240828 17,1690.5913272663533
38_20240828 18,1449.5985906355218
38_20240828 19,1198.7497503998804
38_20240828 20,1138.3171865288266
38_20240828 21,1084.0909122637327
38_20240828 22,1018.3516577014992
38_20240828 23,966.7454730736223
38_20240829 00,931.9567242626497
38_20240829 01,913.5431809668517
38_20240829 02,911.0628219308658
38_20240829 03,903.0094488964762
38_20240829 04,904.865615918226
38_20240829 05,978.05144432416
38_20240829 06,1233.743492668768
38_20240829 07,1377.7000730163074
38_20240829 08,1512.186736635775
38_20240829 09,1632.334095142132
38_20240829 10,1663.1672506000978
38_20240829 11,1697.126849689506
38_20240829 12,1671.4550254116352
38_20240829 13,1694.324760375824
38_20240829 14,1728.560907707165
38_20240829 15,1719.6661935094116
38_20240829 16,1705.7082414733686
38_20240829 17,1655.6878512763456
38_20240829 18,1415.403846973442
38_20240829 19,1190.7442352403204
38_20240829 20,1120.219572217542
38_20240829 21,1069.4270269171784
38_20240829 22,996.2444556388161
38_20240829 23,940.5980482761829
38_20240830 00,911.2043383192816
38_20240830 01,904.1110804531058
38_20240830 02,897.6656405263118
38_20240830 03,898.2830169597989
38_20240830 04,890.4954286074613
38_20240830 05,964.0907942306795
38_20240830 06,1244.9880052300732
38_20240830 07,1369.7706607432058
38_20240830 08,1485.5687012384265
38_20240830 09,1648.945091041218
38_20240830 10,1682.3360807349288
38_20240830 11,1696.810045195872
38_20240830 12,1677.5697780777377
38_20240830 13,1703.727803758325
38_20240830 14,1709.9091510141238
38_20240830 15,1688.7755032365021
38_20240830 16,1680.2259606940254
38_20240830 17,1631.1149086085559
38_20240830 18,1383.4141894420602
38_20240830 19,1148.8649930905515
38_20240830 20,1092.6303120274965
38_20240830 21,1036.0603646109325
38_20240830 22,972.3414783770454
38_20240830 23,927.6426028894564
38_20240831 00,889.9805406291835
38_20240831 01,887.2626906687894
38_20240831 02,882.6837275280438
38_20240831 03,883.7445426368276
38_20240831 04,881.325307417577
38_20240831 05,888.6497038294142
38_20240831 06,918.3257805455556
38_20240831 07,945.2358529351081
38_20240831 08,1052.9775519345162
38_20240831 09,1104.8753685478869
38_20240831 10,1123.4921637531236
38_20240831 11,1133.4705109635938
38_20240831 12,1189.8015294326924
38_20240831 13,1188.2901847234275
38_20240831 14,1191.6033834642524
38_20240831 15,1195.609944780777
38_20240831 16,1179.398376289643
38_20240831 17,1129.1703057813183
38_20240831 18,1060.054783237457
38_20240831 19,997.038901909771
38_20240831 20,966.3680435165095
38_20240831 21,944.439190604038
38_20240831 22,930.2463866194407
38_20240831 23,902.8523181101483
39_20240825 00,1826.6331746427697
39_20240825 01,1779.517265063151
39_20240825 02,1760.3954895084523
39_20240825 03,1794.6188349943172
39_20240825 04,1842.5925301404545
39_20240825 05,1908.218407703519
39_20240825 06,2052.8819848110957
39_20240825 07,2118.690755002824
39_20240825 08,2229.431651832243
39_20240825 09,2245.315360933948
39_20240825 10,2263.6326575800144
39_20240825 11,2263.377224450653
39_20240825 12,2285.490748185368
39_20240825 13,2309.991474341151
39_20240825 14,2316.3715750260444
39_20240825 15,2287.372051041507
39_20240825 16,2287.029215169408
39_20240825 17,2291.6621252069817
39_20240825 18,2295.7900736658203
39_20240825 19,2246.4493290101254
39_20240825 20,2081.1243786557625
39_20240825 21,2016.6644319136149
39_20240825 22,1960.1276032883627
39_20240825 23,1912.3696541330924
39_20240826 00,1857.3728497876982
39_20240826 01,1815.178371914495
39_20240826 02,1806.177281552135
39_20240826 03,1821.0426414209664
39_20240826 04,1866.079197807053
39_20240826 05,2042.559899858665
39_20240826 06,2529.4431046518794
39_20240826 07,2876.923047777637
39_20240826 08,3148.311010561828
39_20240826 09,3224.3017263159604
39_20240826 10,3274.8940062997453
39_20240826 11,3322.999862096355
39_20240826 12,3317.448112945078
39_20240826 13,3344.636002662145
39_20240826 14,3353.6692116369504
39_20240826 15,3370.991142475854
39_20240826 16,3343.6006821666847
39_20240826 17,3087.078766810819
39_20240826 18,2718.919822643354
39_20240826 19,2513.7658564192207
39_20240826 20,2253.478530243155
39_20240826 21,2148.279125542807
39_20240826 22,2023.624323126502
39_20240826 23,1958.9719197919508
39_20240827 00,1893.4854700494932
39_20240827 01,1837.9344607587977
39_20240827 02,1795.6611260180994
39_20240827 03,1784.9164954087767
39_20240827 04,1776.0102721782976
39_20240827 05,1944.423907165642
39_20240827 06,2436.0331899356215
39_20240827 07,2733.9746140772895
39_20240827 08,2985.7896519603382
39_20240827 09,3071.7962218546036
39_20240827 10,3071.1348625831065
39_20240827 11,3056.1423446622457
39_20240827 12,3056.474833199047
39_20240827 13,3202.759556850868
39_20240827 14,3212.6130592146715
39_20240827 15,3214.84296933584
39_20240827 16,3194.817541629216
39_20240827 17,2955.001689670284
39_20240827 18,2620.661046831275
39_20240827 19,2400.7926710824254
39_20240827 20,2174.3822442437736
39_20240827 21,2054.650026344466
39_20240827 22,1960.1162660180971
39_20240827 23,1905.1000484596539
39_20240828 00,1820.464573252251
39_20240828 01,1744.938492158019
39_20240828 02,1739.0827416151874
39_20240828 03,1723.0309143810532
39_20240828 04,1728.404560836656
39_20240828 05,1827.7364848636635
39_20240828 06,2280.9313694702014
39_20240828 07,2632.170742067644
39_20240828 08,2926.104531290783
39_20240828 09,3140.2655351046296
39_20240828 10,3172.1286158973935
39_20240828 11,3236.5637063410827
39_20240828 12,3253.355012281789
39_20240828 13,3299.605535472242
39_20240828 14,3296.4287117672734
39_20240828 15,3283.4651212660237
39_20240828 16,3260.4892816572706
39_20240828 17,3024.6194173898994
39_20240828 18,2677.5303089877166
39_20240828 19,2467.2728641810672
39_20240828 20,2214.9948306524157
39_20240828 21,2082.411734072358
39_20240828 22,2005.0739335054393
39_20240828 23,1928.7509474337858
39_20240829 00,1832.7860525375268
39_20240829 01,1775.840661606857
39_20240829 02,1749.9897951480516
39_20240829 03,1727.4751493855993
39_20240829 04,1741.880780790854
39_20240829 05,1877.8865352458884
39_20240829 06,2277.9561228172206
39_20240829 07,2586.9601724147396
39_20240829 08,2863.7459430761737
39_20240829 09,2995.019516401876
39_20240829 10,3042.728325875212
39_20240829 11,3167.9773947621197
39_20240829 12,3190.273983542757
39_20240829 13,3246.7820005326053
39_20240829 14,3252.541771204392
39_20240829 15,3252.0976281010967
39_20240829 16,3208.3078703024976
39_20240829 17,2958.112687620933
39_20240829 18,2640.900043804912
39_20240829 19,2397.7228220419834
39_20240829 20,2167.710139574855
39_20240829 21,2050.3438610175126
39_20240829 22,1951.17082324714
39_20240829 23,1886.5405556107717
39_20240830 00,1811.4789384275332
39_20240830 01,1761.6246654453116
39_20240830 02,1714.4455568360781
39_20240830 03,1699.9365376103287
39_20240830 04,1692.0371155365817
39_20240830 05,1817.7176671074762
39_20240830 06,2231.389744373202
39_20240830 07,2572.576045895448
39_20240830 08,2878.57868756672
39_20240830 09,3063.674767563008
39_20240830 10,3091.0350040233516
39_20240830 11,3155.834782623249
39_20240830 12,3148.191114981579
39_20240830 13,3178.40285265479
39_20240830 14,3201.4991490120956
39_20240830 15,3199.915636335719
39_20240830 16,3171.746826410416
39_20240830 17,2894.1577035035366
39_20240830 18,2587.6962963483675
39_20240830 19,2326.4339669721476
39_20240830 20,2104.1622523408682
39_20240830 21,2010.4506701577993
39_20240830 22,1925.0772965283788
39_20240830 23,1835.3285510925264
39_20240831 00,1777.628344913856
39_20240831 01,1682.3728669405123
39_20240831 02,1587.0345571035202
39_20240831 03,1555.3894330386956
39_20240831 04,1563.7278384487292
39_20240831 05,1619.3902674675796
39_20240831 06,1777.4807946492026
39_20240831 07,1923.715779695989
39_20240831 08,2104.299562021638
39_20240831 09,2175.5958254595516
39_20240831 10,2233.8774370085566
39_20240831 11,2250.0516327839
39_20240831 12,2257.267598754775
39_20240831 13,2290.9459920240815
39_20240831 14,2300.8257618385232
39_20240831 15,2254.311757679883
39_20240831 16,2250.0694269815167
39_20240831 17,2248.868179866891
39_20240831 18,2244.9893169751017
39_20240831 19,2164.7242919431237
39_20240831 20,1997.3908790060023
39_20240831 21,1921.9260330056768
39_20240831 22,1838.1120100829319
39_20240831 23,1805.0988060958202
40_20240825 00,505.7700568218513
40_20240825 01,477.5665889031361
40_20240825 02,484.3818151969317
40_20240825 03,495.3940156390572
40_20240825 04,504.8151710931417
40_20240825 05,509.49298113122484
40_20240825 06,524.9375621647345
40_20240825 07,546.7923568177798
40_20240825 08,601.2464104646567
40_20240825 09,670.986533095246
40_20240825 10,702.2850215421774
40_20240825 11,690.7146851314997
40_20240825 12,704.0027717061039
40_20240825 13,699.4962451743299
40_20240825 14,694.9533302637753
40_20240825 15,694.4452528726418
40_20240825 16,685.2348560073148
40_20240825 17,709.9759659670153
40_20240825 18,775.5079902862961
40_20240825 19,707.368015349098
40_20240825 20,759.669590005525
40_20240825 21,641.7573685103908
40_20240825 22,599.3026824374781
40_20240825 23,542.8693088751763
40_20240826 00,537.1605193278008
40_20240826 01,505.3544401170442
40_20240826 02,496.4041448957297
40_20240826 03,502.70684553645054
40_20240826 04,500.1086179321288
40_20240826 05,518.8042670840883
40_20240826 06,570.4105430429706
40_20240826 07,674.5839415843419
40_20240826 08,830.3931264847813
40_20240826 09,1205.460371440372
40_20240826 10,1901.9981970025783
40_20240826 11,1925.6431595224904
40_20240826 12,1947.1779220930737
40_20240826 13,1923.978213054966
40_20240826 14,1912.313796669198
40_20240826 15,1875.814560171451
40_20240826 16,1856.4196572129024
40_20240826 17,1793.689679771374
40_20240826 18,1759.945327964123
40_20240826 19,1656.036179508419
40_20240826 20,1606.4596348624543
40_20240826 21,1346.1441018803512
40_20240826 22,978.1320455369349
40_20240826 23,672.1774958775907
40_20240827 00,536.2671365296183
40_20240827 01,509.0543877166368
40_20240827 02,499.46433390647417
40_20240827 03,504.4501939548538
40_20240827 04,498.1007797953794
40_20240827 05,517.503029454086
40_20240827 06,569.31466586595
40_20240827 07,665.1628135621951
40_20240827 08,816.1264355240746
40_20240827 09,1179.2585130707632
40_20240827 10,1749.4504295413699
40_20240827 11,1763.4595481051433
40_20240827 12,1811.8518841180041
40_20240827 13,1807.0325465012916
40_20240827 14,1824.9602881341414
40_20240827 15,1813.6995053701066
40_20240827 16,1812.6794136268952
40_20240827 17,1754.6650642786863
40_20240827 18,1700.91154546717
40_20240827 19,1630.5305782065989
40_20240827 20,1574.5224283947484
40_20240827 21,1324.3719756273965
40_20240827 22,955.0502409451339
40_20240827 23,666.5039271092603
40_20240828 00,539.8407939385337
40_20240828 01,506.7364781025858
40_20240828 02,502.5084867946297
40_20240828 03,512.7911304979336
40_20240828 04,495.1074763860445
40_20240828 05,509.80228937754134
40_20240828 06,558.6772406822836
40_20240828 07,668.2250139503598
40_20240828 08,809.1771742259173
40_20240828 09,1150.0247689571247
40_20240828 10,1765.9447514493963
40_20240828 11,1866.0522372856112
40_20240828 12,1906.4162829896418
40_20240828 13,1885.0900933542748
40_20240828 14,1868.6717879974444
40_20240828 15,1848.8296603783665
40_20240828 16,1827.9673447835594
40_20240828 17,1747.6951633508502
40_20240828 18,1708.496087886295
40_20240828 19,1643.9934951696196
40_20240828 20,1601.1247230921788
40_20240828 21,1330.2631901968787
40_20240828 22,991.7475911724105
40_20240828 23,669.1508864671436
40_20240829 00,537.7839852670061
40_20240829 01,507.67949197852704
40_20240829 02,505.9280810868368
40_20240829 03,510.77242568732413
40_20240829 04,493.1351043734089
40_20240829 05,514.5519056218992
40_20240829 06,564.1179021978425
40_20240829 07,669.5393438684418
40_20240829 08,808.2434354870472
40_20240829 09,1165.3300845796066
40_20240829 10,1811.544416586397
40_20240829 11,1841.2128980994225
40_20240829 12,1888.9156490524474
40_20240829 13,1873.9867595071387
40_20240829 14,1854.383686730967
40_20240829 15,1833.0928061820484
40_20240829 16,1816.6640557238284
40_20240829 17,1747.7250463873097
40_20240829 18,1712.7227619277146
40_20240829 19,1659.2835568988444
40_20240829 20,1614.3092773747298
40_20240829 21,1296.219394542542
40_20240829 22,972.9835746353942
40_20240829 23,659.2257079006388
40_20240830 00,544.025093401475
40_20240830 01,515.6191215991104
40_20240830 02,513.9264522336535
40_20240830 03,520.2902044407065
40_20240830 04,503.408024406162
40_20240830 05,519.5209482994866
40_20240830 06,571.427115749472
40_20240830 07,667.9565349741436
40_20240830 08,818.4192401649638
40_20240830 09,1169.9943447693545
40_20240830 10,1828.4552992347324
40_20240830 11,1842.6101781835973
40_20240830 12,1878.2124561423625
40_20240830 13,1865.6296771719553
40_20240830 14,1866.4208761754162
40_20240830 15,1844.395315472168
40_20240830 16,1826.5953775863177
40_20240830 17,1784.087365614191
40_20240830 18,1711.2372539784174
40_20240830 19,1652.4951798610477
40_20240830 20,1568.1085823148562
40_20240830 21,1333.3639303001419
40_20240830 22,961.9228826330635
40_20240830 23,669.8397514293172
40_20240831 00,539.4687033646653
40_20240831 01,507.8884410066851
40_20240831 02,509.1809444345437
40_20240831 03,518.1845297594732
40_20240831 04,502.1208768898909
40_20240831 05,516.3370764401461
40_20240831 06,564.9703418051911
40_20240831 07,668.5666050819426
40_20240831 08,826.0446355263305
40_20240831 09,1176.4624627647586
40_20240831 10,1781.738872852559
40_20240831 11,1874.1664256789886
40_20240831 12,1911.3004987707523
40_20240831 13,1923.1717914066598
40_20240831 14,1936.3214977941936
40_20240831 15,1917.8896007879257
40_20240831 16,1876.2848482187162
40_20240831 17,1831.3041073241106
40_20240831 18,1778.9922178507354
40_20240831 19,1677.1683260856519
40_20240831 20,1602.3510696280034
40_20240831 21,1375.7932302708107
40_20240831 22,995.8768750872975
40_20240831 23,671.5306589954757
41_20240825 00,2693.8737821889686
41_20240825 01,2700.125521212396
41_20240825 02,2694.3975544768064
41_20240825 03,2691.7932452908726
41_20240825 04,2697.2778892440706
41_20240825 05,2690.166691538182
41_20240825 06,2689.987286817048
41_20240825 07,2691.313012317645
41_20240825 08,2694.183765651236
41_20240825 09,2709.990155993459
41_20240825 10,2728.8181907444946
41_20240825 11,2730.9669087714174
41_20240825 12,2732.7764572400292
41_20240825 13,2736.4424207071256
41_20240825 14,2739.238899124557
41_20240825 15,2739.754238730032
41_20240825 16,2738.8043550695356
41_20240825 17,2730.6496111603283
41_20240825 18,2732.1028805282263
41_20240825 19,2728.4282149833525
41_20240825 20,2720.518210036709
41_20240825 21,2720.195112352206
41_20240825 22,2720.249768354923
41_20240825 23,2706.395879031167
41_20240826 00,2697.5562971212894
41_20240826 01,2701.323864615371
41_20240826 02,2698.77823262941
41_20240826 03,2697.1690853408427
41_20240826 04,2701.910295769154
41_20240826 05,2695.1679956399594
41_20240826 06,2696.1648045878715
41_20240826 07,2696.0334171067584
41_20240826 08,2701.3349214773975
41_20240826 09,2727.398748025996
41_20240826 10,2736.8127499674056
41_20240826 11,2738.0998207327852
41_20240826 12,2744.424718824729
41_20240826 13,2742.3485065499754
41_20240826 14,2742.178787873627
41_20240826 15,2742.483760269041
41_20240826 16,2743.64847030569
41_20240826 17,2740.5929721225416
41_20240826 18,2735.961872108904
41_20240826 19,2732.3268480808315
41_20240826 20,2729.505850037964
41_20240826 21,2727.1774765454247
41_20240826 22,2727.8749788743794
41_20240826 23,2711.234476048282
41_20240827 00,2705.0835141474645
41_20240827 01,2711.0890091533174
41_20240827 02,2705.998726203482
41_20240827 03,2703.111854284388
41_20240827 04,2705.838901575835
41_20240827 05,2697.8458686739114
41_20240827 06,2698.073512032116
41_20240827 07,2698.1157396033527
41_20240827 08,2706.5906191607346
41_20240827 09,2709.762654498651
41_20240827 10,2710.869314941597
41_20240827 11,2723.1171320510884
41_20240827 12,2715.749373729368
41_20240827 13,2726.608623242957
41_20240827 14,2730.333150728484
41_20240827 15,2732.9330677199987
41_20240827 16,2728.7918299495377
41_20240827 17,2718.5409766148573
41_20240827 18,2720.7619202648766
41_20240827 19,2719.8730685337814
41_20240827 20,2714.9455728281578
41_20240827 21,2714.0644737524417
41_20240827 22,2713.26714786206
41_20240827 23,2711.7644744752683
41_20240828 00,2700.4504903708776
41_20240828 01,2707.191556580988
41_20240828 02,2702.3028525560467
41_20240828 03,2700.8009966054506
41_20240828 04,2699.7220446566525
41_20240828 05,2690.663804302462
41_20240828 06,2696.8234461311504
41_20240828 07,2694.6996051830047
41_20240828 08,2705.9692782291604
41_20240828 09,2710.731503513572
41_20240828 10,2713.592504832733
41_20240828 11,2736.1666417813985
41_20240828 12,2733.8892592368325
41_20240828 13,2736.1825832931145
41_20240828 14,2752.7958893241307
41_20240828 15,2760.4645908633333
41_20240828 16,2742.6552299360137
41_20240828 17,2738.954753302261
41_20240828 18,2739.025788101437
41_20240828 19,2724.1929985483366
41_20240828 20,2722.0125352368323
41_20240828 21,2717.3221903079293
41_20240828 22,2716.411622672539
41_20240828 23,2711.854014933808
41_20240829 00,2688.2677033031196
41_20240829 01,2703.296604286304
41_20240829 02,2694.0260978675897
41_20240829 03,2692.678384981592
41_20240829 04,2699.149123949366
41_20240829 05,2689.250342770098
41_20240829 06,2687.8221009427916
41_20240829 07,2691.799783593674
41_20240829 08,2699.5189079188376
41_20240829 09,2702.9523527309843
41_20240829 10,2710.11092031722
41_20240829 11,2726.782783593569
41_20240829 12,2733.5074486969215
41_20240829 13,2736.0572542416244
41_20240829 14,2744.5169928727073
41_20240829 15,2746.942838892469
41_20240829 16,2742.3020962897526
41_20240829 17,2724.936108860824
41_20240829 18,2716.8376899682935
41_20240829 19,2716.8663983535776
41_20240829 20,2714.726580126127
41_20240829 21,2712.639288514406
41_20240829 22,2710.5074337462024
41_20240829 23,2705.6969499744064
41_20240830 00,2688.7204540688035
41_20240830 01,2688.357734590917
41_20240830 02,2678.0335901539115
41_20240830 03,2674.3170188108907
41_20240830 04,2694.616598549461
41_20240830 05,2687.0436283020044
41_20240830 06,2682.440813066817
41_20240830 07,2687.203100717798
41_20240830 08,2697.1321652945426
41_20240830 09,2701.2549549112573
41_20240830 10,2707.443605054563
41_20240830 11,2723.2296123453825
41_20240830 12,2729.154501881594
41_20240830 13,2736.8513680905626
41_20240830 14,2737.6043140746333
41_20240830 15,2737.7220992373122
41_20240830 16,2733.099460214943
41_20240830 17,2739.183080629482
41_20240830 18,2732.4244006482163
41_20240830 19,2727.9911117426886
41_20240830 20,2713.8129281067936
41_20240830 21,2713.5576328243833
41_20240830 22,2714.7650552539376
41_20240830 23,2708.71057817367
41_20240831 00,2692.0063870249205
41_20240831 01,2644.9055344586714
41_20240831 02,2632.466654196861
41_20240831 03,2648.9815224103927
41_20240831 04,2679.064647382821
41_20240831 05,2690.546420513031
41_20240831 06,2692.048556065133
41_20240831 07,2690.637610053027
41_20240831 08,2699.429852497319
41_20240831 09,2703.4623202212306
41_20240831 10,2708.072612569301
41_20240831 11,2711.4869083769936
41_20240831 12,2718.5632191245736
41_20240831 13,2729.6725500248094
41_20240831 14,2732.9042086451254
41_20240831 15,2741.6733918335367
41_20240831 16,2738.7549355444658
41_20240831 17,2733.24597736767
41_20240831 18,2726.139216682211
41_20240831 19,2716.6109299111463
41_20240831 20,2716.6633070508647
41_20240831 21,2717.269578163179
41_20240831 22,2718.114617941254
41_20240831 23,2713.4290763780573
42_20240825 00,3728.5269043924727
42_20240825 01,3683.478468277226
42_20240825 02,3672.9035512121727
42_20240825 03,3617.904585343159
42_20240825 04,3673.633364548221
42_20240825 05,3731.881833732251
42_20240825 06,3913.8434153070357
42_20240825 07,4022.491325635695
42_20240825 08,4205.819577737384
42_20240825 09,4364.613247130489
42_20240825 10,4428.004798291144
42_20240825 11,4433.062007077124
42_20240825 12,4439.426605632463
42_20240825 13,4446.428688213565
42_20240825 14,4490.207786845644
42_20240825 15,4504.127582755911
42_20240825 16,4493.240639067681
42_20240825 17,4381.377838497614
42_20240825 18,4298.5293549577
42_20240825 19,4226.596950071242
42_20240825 20,4163.0464760750665
42_20240825 21,4099.33616736283
42_20240825 22,3896.3178331506
42_20240825 23,3694.136148335331
42_20240826 00,3697.428163104464
42_20240826 01,3616.5330191208177
42_20240826 02,3602.2310680031005
42_20240826 03,3597.3836045204857
42_20240826 04,3719.199222762815
42_20240826 05,3816.2632864814877
42_20240826 06,4155.5414411678485
42_20240826 07,4732.082645742383
42_20240826 08,5273.945133600404
42_20240826 09,5674.470052973651
42_20240826 10,5777.2657720575335
42_20240826 11,5769.5277385509
42_20240826 12,5674.517725442207
42_20240826 13,5680.158772781164
42_20240826 14,5819.453649213112
42_20240826 15,5731.682390892091
42_20240826 16,5654.634247718649
42_20240826 17,5419.90715529675
42_20240826 18,4782.5971454907885
42_20240826 19,4391.392826826082
42_20240826 20,4356.187213919412
42_20240826 21,4175.5079657166125
42_20240826 22,3927.0125894787243
42_20240826 23,3694.615073889203
42_20240827 00,3649.296678651689
42_20240827 01,3599.619437520232
42_20240827 02,3574.951718018856
42_20240827 03,3553.6846840721555
42_20240827 04,3683.0780469084752
42_20240827 05,3795.3878739065876
42_20240827 06,4155.557956038569
42_20240827 07,4760.13429072729
42_20240827 08,5229.333557447821
42_20240827 09,5607.336753783347
42_20240827 10,5724.241207417179
42_20240827 11,5724.091823896091
42_20240827 12,5609.791562603774
42_20240827 13,5592.6857298930445
42_20240827 14,5658.755972346617
42_20240827 15,5583.119340003728
42_20240827 16,5498.06536691527
42_20240827 17,5215.993144373214
42_20240827 18,4558.022992438632
42_20240827 19,4281.081405615482
42_20240827 20,4152.425908390776
42_20240827 21,4042.2123999889072
42_20240827 22,3756.11645325272
42_20240827 23,3579.296017834874
42_20240828 00,3516.5059771125725
42_20240828 01,3492.471014700687
42_20240828 02,3473.043324468457
42_20240828 03,3466.265167608064
42_20240828 04,3593.0070740274086
42_20240828 05,3700.74665142677
42_20240828 06,4077.365841894806
42_20240828 07,4563.089555802864
42_20240828 08,5104.295272882307
42_20240828 09,5444.021451853547
42_20240828 10,5564.951339065781
42_20240828 11,5517.885597184404
42_20240828 12,5416.655641211946
42_20240828 13,5456.260397337986
42_20240828 14,5463.810008425498
42_20240828 15,5547.186131758798
42_20240828 16,5453.170123028638
42_20240828 17,5220.362330082149
42_20240828 18,4603.079356176352
42_20240828 19,4268.680636472935
42_20240828 20,4164.52800524564
42_20240828 21,4064.4152730215615
42_20240828 22,3788.8184711624226
42_20240828 23,3607.051791256272
42_20240829 00,3582.9082864474444
42_20240829 01,3528.701862707856
42_20240829 02,3504.3662684730753
42_20240829 03,3484.393720272893
42_20240829 04,3619.4702969702084
42_20240829 05,3704.374034379933
42_20240829 06,4082.523537785276
42_20240829 07,4619.373295357309
42_20240829 08,5078.665444708718
42_20240829 09,5457.387149001849
42_20240829 10,5567.118613262652
42_20240829 11,5562.8797330074885
42_20240829 12,5483.089188274334
42_20240829 13,5469.705350773854
42_20240829 14,5600.781354213354
42_20240829 15,5567.637758308032
42_20240829 16,5482.870912451212
42_20240829 17,5275.621008097628
42_20240829 18,4607.644527596681
42_20240829 19,4257.424568878398
42_20240829 20,4162.096479276837
42_20240829 21,4079.4102528887242
42_20240829 22,3819.779669951935
42_20240829 23,3598.1366011457058
42_20240830 00,3588.8253729592752
42_20240830 01,3503.240004611003
42_20240830 02,3494.3587950244705
42_20240830 03,3479.7674245063236
42_20240830 04,3624.793610646518
42_20240830 05,3709.8165765936255
42_20240830 06,4089.2640706015573
42_20240830 07,4652.963553974177
42_20240830 08,5116.642235798698
42_20240830 09,5534.558478752268
42_20240830 10,5648.987430649608
42_20240830 11,5575.670265796479
42_20240830 12,5467.317715091398
42_20240830 13,5440.07851460033
42_20240830 14,5618.4656385931185
42_20240830 15,5563.533688877477
42_20240830 16,5504.679278733611
42_20240830 17,5282.91428046262
42_20240830 18,4664.187859271801
42_20240830 19,4410.280971149198
42_20240830 20,4203.742815107644
42_20240830 21,4066.716754719444
42_20240830 22,3751.667705845569
42_20240830 23,3577.6511865073944
42_20240831 00,3513.7709586883425
42_20240831 01,3456.214502165675
42_20240831 02,3456.0059734037686
42_20240831 03,3425.019492821907
42_20240831 04,3519.6122034688888
42_20240831 05,3604.5175704130024
42_20240831 06,3727.546602588031
42_20240831 07,3867.3656983507926
42_20240831 08,4021.840130999479
42_20240831 09,4131.6964549092045
42_20240831 10,4215.76086087936
42_20240831 11,4212.922767877944
42_20240831 12,4216.5112544418425
42_20240831 13,4264.406841520735
42_20240831 14,4371.057247868139
42_20240831 15,4425.882122069483
42_20240831 16,4366.322306672104
42_20240831 17,4311.917658030894
42_20240831 18,4199.004976992947
42_20240831 19,4122.9657817090965
42_20240831 20,4047.2113980690315
42_20240831 21,3979.691020547596
42_20240831 22,3708.3005348921024
42_20240831 23,3527.658282278071
43_20240825 00,13839.276858402935
43_20240825 01,13785.790353563649
43_20240825 02,13737.517241076046
43_20240825 03,13637.07872088446
43_20240825 04,13612.96937673761
43_20240825 05,13597.374824492204
43_20240825 06,13558.725063154028
43_20240825 07,13543.843445553746
43_20240825 08,13545.721802779097
43_20240825 09,13546.337136459622
43_20240825 10,13573.951691058835
43_20240825 11,13562.290380654973
43_20240825 12,13551.892224458392
43_20240825 13,13551.047307259427
43_20240825 14,13550.95443288171
43_20240825 15,13573.37013708245
43_20240825 16,13594.079628403808
43_20240825 17,13580.061368747722
43_20240825 18,13605.870648073305
43_20240825 19,13587.097563188856
43_20240825 20,13575.373701225235
43_20240825 21,13574.646823766454
43_20240825 22,13742.066472094171
43_20240825 23,13875.640543707492
43_20240826 00,13830.963784576245
43_20240826 01,13675.841131374847
43_20240826 02,13555.58530557559
43_20240826 03,13451.163412748418
43_20240826 04,13444.723145232609
43_20240826 05,13578.583743259824
43_20240826 06,13594.348449128805
43_20240826 07,13670.32440039947
43_20240826 08,13803.740891120016
43_20240826 09,13927.703817944777
43_20240826 10,14053.069654233252
43_20240826 11,14091.371854133533
43_20240826 12,14106.898329897625
43_20240826 13,14122.448395412228
43_20240826 14,14145.520982922575
43_20240826 15,14171.67593881597
43_20240826 16,14229.125532406475
43_20240826 17,14113.171776868632
43_20240826 18,14273.239756033343
43_20240826 19,14104.122365542833
43_20240826 20,14044.555411236335
43_20240826 21,13904.23119368231
43_20240826 22,14209.190919725534
43_20240826 23,14762.257140622729
43_20240827 00,14877.8189202454
43_20240827 01,14664.390745661236
43_20240827 02,14478.14266821156
43_20240827 03,14328.736042673114
43_20240827 04,14108.099686053294
43_20240827 05,13895.699818931636
43_20240827 06,13755.544252000342
43_20240827 07,13865.367501145869
43_20240827 08,13937.427405069877
43_20240827 09,13955.563866953973
43_20240827 10,14119.974174437475
43_20240827 11,14109.549222792297
43_20240827 12,14127.556004830481
43_20240827 13,14132.464972798243
43_20240827 14,14149.660486728555
43_20240827 15,14171.536439027326
43_20240827 16,14226.021150786775
43_20240827 17,14228.912360750583
43_20240827 18,14212.362600809793
43_20240827 19,14148.53397997138
43_20240827 20,14088.127192530585
43_20240827 21,13980.921935779377
43_20240827 22,14299.273815002796
43_20240827 23,14593.001317114866
43_20240828 00,14660.068016194586
43_20240828 01,14563.21037150405
43_20240828 02,14330.559339252055
43_20240828 03,14245.051500985523
43_20240828 04,14076.830068035328
43_20240828 05,13922.296497938047
43_20240828 06,13792.884226507622
43_20240828 07,13870.307058215067
43_20240828 08,13926.167307233498
43_20240828 09,14018.254268240982
43_20240828 10,14107.995537137158
43_20240828 11,14114.369675497594
43_20240828 12,14120.260342077767
43_20240828 13,14125.443100528671
43_20240828 14,14136.859911187534
43_20240828 15,14182.750189517414
43_20240828 16,14248.045471196652
43_20240828 17,14258.509818933017
43_20240828 18,14264.465520103362
43_20240828 19,14142.193150540075
43_20240828 20,14086.613596455554
43_20240828 21,13978.151375623393
43_20240828 22,14293.614776728853
43_20240828 23,14781.017590112973
43_20240829 00,14855.596884463786
43_20240829 01,14788.488625969727
43_20240829 02,14421.75722987017
43_20240829 03,14205.672455031545
43_20240829 04,14032.03952322153
43_20240829 05,13785.613364401552
43_20240829 06,13759.776659197476
43_20240829 07,13847.241679665742
43_20240829 08,13951.873202903245
43_20240829 09,14215.598985202932
43_20240829 10,14342.589782220466
43_20240829 11,14497.245245835695
43_20240829 12,14528.486065608275
43_20240829 13,14500.71427734925
43_20240829 14,14498.441536034145
43_20240829 15,14539.448882871373
43_20240829 16,14455.503459918897
43_20240829 17,14395.343316648388
43_20240829 18,14323.880284332206
43_20240829 19,14153.594858500786
43_20240829 20,14052.19260004047
43_20240829 21,13976.587079237146
43_20240829 22,14304.409598768952
43_20240829 23,14751.469573224747
43_20240830 00,14788.871208744158
43_20240830 01,14503.085987925135
43_20240830 02,14122.897990776095
43_20240830 03,14136.256429318883
43_20240830 04,13911.192096124305
43_20240830 05,13789.335309580156
43_20240830 06,13763.317134009081
43_20240830 07,13808.64489101998
43_20240830 08,13911.618228529214
43_20240830 09,13974.034107406698
43_20240830 10,14040.994869341424
43_20240830 11,14093.678640480986
43_20240830 12,14105.906856466208
43_20240830 13,14111.186550221937
43_20240830 14,14115.665469457743
43_20240830 15,14161.448665029267
43_20240830 16,14205.7428691392
43_20240830 17,14205.666904190053
43_20240830 18,14193.867843241344
43_20240830 19,14104.8572190475
43_20240830 20,14031.93204156911
43_20240830 21,13935.88785559696
43_20240830 22,14337.457297812169
43_20240830 23,14708.78833910244
43_20240831 00,14852.775252002737
43_20240831 01,14490.019231308026
43_20240831 02,14329.394137125846
43_20240831 03,14142.573584843962
43_20240831 04,13806.386964261179
43_20240831 05,13718.497551911341
43_20240831 06,13697.321107309397
43_20240831 07,13700.48579301492
43_20240831 08,13764.745098512569
43_20240831 09,13757.863700426631
43_20240831 10,13770.668256474211
43_20240831 11,13755.024831845845
43_20240831 12,13760.313129634867
43_20240831 13,13769.297741247337
43_20240831 14,13748.797838932893
43_20240831 15,13702.419145734806
43_20240831 16,13688.255534762135
43_20240831 17,13697.46841364156
43_20240831 18,13720.189984991706
43_20240831 19,13696.786973416503
43_20240831 20,13706.77818133196
43_20240831 21,13644.85504404017
43_20240831 22,13632.980610673381
43_20240831 23,13741.538790232833
44_20240825 00,1637.5063368900474
44_20240825 01,1620.6474439758103
44_20240825 02,1615.1743283932383
44_20240825 03,1620.7242296202355
44_20240825 04,1624.9259885708273
44_20240825 05,1658.7726908415411
44_20240825 06,1676.921630213009
44_20240825 07,1691.5388364611931
44_20240825 08,1741.6347174439313
44_20240825 09,1809.0020815590967
44_20240825 10,1850.3224393446617
44_20240825 11,1911.3687761053943
44_20240825 12,1888.5063597396845
44_20240825 13,1872.2368977643866
44_20240825 14,1883.622342449185
44_20240825 15,1899.952584178939
44_20240825 16,1869.2920544233148
44_20240825 17,1796.48158528308
44_20240825 18,1739.1270043015184
44_20240825 19,1713.2462820383862
44_20240825 20,1687.6673861622598
44_20240825 21,1656.3170250452727
44_20240825 22,1631.1065590436
44_20240825 23,1619.188963833359
44_20240826 00,1672.4911973326384
44_20240826 01,1680.5068372326828
44_20240826 02,1675.239450194013
44_20240826 03,1654.5058882502399
44_20240826 04,1608.7172472775633
44_20240826 05,1646.4232766451944
44_20240826 06,2044.4318205107083
44_20240826 07,2331.422693384852
44_20240826 08,2631.171166687863
44_20240826 09,2756.6620170100155
44_20240826 10,2761.642735006527
44_20240826 11,2720.7599689178746
44_20240826 12,2737.098133249758
44_20240826 13,2649.239753267627
44_20240826 14,2670.9562811421083
44_20240826 15,2704.8689636133204
44_20240826 16,2699.3725562553295
44_20240826 17,2482.4540788620316
44_20240826 18,1872.373804122144
44_20240826 19,1780.3186614259293
44_20240826 20,1697.7874283214796
44_20240826 21,1657.0179123443404
44_20240826 22,1626.9490571885726
44_20240826 23,1616.2801932455172
44_20240827 00,1659.200297996354
44_20240827 01,1667.7816328818717
44_20240827 02,1662.1953085486434
44_20240827 03,1631.0657217826313
44_20240827 04,1590.1911974024179
44_20240827 05,1657.038745984885
44_20240827 06,2059.7242459632075
44_20240827 07,2349.3569144226954
44_20240827 08,2614.5647656512883
44_20240827 09,2737.345724892295
44_20240827 10,2735.8362087205223
44_20240827 11,2686.1537687429927
44_20240827 12,2705.590796283923
44_20240827 13,2635.034162585215
44_20240827 14,2642.4966764976166
44_20240827 15,2674.9608979912928
44_20240827 16,2664.540282148115
44_20240827 17,2460.2954081982616
44_20240827 18,1849.2537291172273
44_20240827 19,1749.52096810605
44_20240827 20,1662.941177256014
44_20240827 21,1639.267335393166
44_20240827 22,1618.5172872107669
44_20240827 23,1601.4839324724094
44_20240828 00,1637.915806121695
44_20240828 01,1641.8003982637347
44_20240828 02,1630.2582398672844
44_20240828 03,1608.1922269910021
44_20240828 04,1563.286510267857
44_20240828 05,1626.6095933174229
44_20240828 06,2039.6757200026545
44_20240828 07,2300.9539960791753
44_20240828 08,2568.418255674729
44_20240828 09,2710.0427196721334
44_20240828 10,2713.3919694434835
44_20240828 11,2651.330185498548
44_20240828 12,2666.850954582019
44_20240828 13,2605.7170070629263
44_20240828 14,2636.812940661718
44_20240828 15,2662.8304492050984
44_20240828 16,2663.184983844166
44_20240828 17,2471.641970954345
44_20240828 18,1878.9863066892792
44_20240828 19,1767.9126432911683
44_20240828 20,1689.496721872342
44_20240828 21,1655.5385743365985
44_20240828 22,1623.9101415619953
44_20240828 23,1603.4701094790514
44_20240829 00,1649.5440518767816
44_20240829 01,1648.093071165392
44_20240829 02,1645.4279816594994
44_20240829 03,1625.9371161251984
44_20240829 04,1579.8711219943666
44_20240829 05,1640.4570630731982
44_20240829 06,2048.0344660467917
44_20240829 07,2322.0959773671657
44_20240829 08,2539.1729821521544
44_20240829 09,2705.14023341945
44_20240829 10,2698.482584933896
44_20240829 11,2634.680277191892
44_20240829 12,2662.2395800537943
44_20240829 13,2596.7442283416176
44_20240829 14,2577.3750883501593
44_20240829 15,2624.903458641814
44_20240829 16,2609.518217348572
44_20240829 17,2426.3945592228447
44_20240829 18,1882.7991198166574
44_20240829 19,1779.658529106437
44_20240829 20,1707.4117601012697
44_20240829 21,1654.166359334098
44_20240829 22,1622.3564903568486
44_20240829 23,1613.3815774179716
44_20240830 00,1629.3937749007905
44_20240830 01,1631.9912852222617
44_20240830 02,1627.4953938652566
44_20240830 03,1609.441007573642
44_20240830 04,1568.7414680171275
44_20240830 05,1625.2254907346821
44_20240830 06,2046.1659662416782
44_20240830 07,2292.9685929715433
44_20240830 08,2542.629248373389
44_20240830 09,2691.316828487114
44_20240830 10,2708.1082740366965
44_20240830 11,2646.6148566558486
44_20240830 12,2663.2460584327146
44_20240830 13,2595.089300054761
44_20240830 14,2600.088724540598
44_20240830 15,2620.65293198067
44_20240830 16,2613.3873449182743
44_20240830 17,2411.3313569134216
44_20240830 18,1869.7033961617124
44_20240830 19,1783.2466135178674
44_20240830 20,1700.2807714450892
44_20240830 21,1650.8641686631477
44_20240830 22,1620.924007561422
44_20240830 23,1604.729148461195
44_20240831 00,1550.345429156392
44_20240831 01,1544.9901385826302
44_20240831 02,1545.5750313969907
44_20240831 03,1546.1426897827698
44_20240831 04,1554.276568439585
44_20240831 05,1571.3462842294061
44_20240831 06,1583.5043586469283
44_20240831 07,1610.9795913850962
44_20240831 08,1667.7451613775402
44_20240831 09,1766.6166030789757
44_20240831 10,1828.3811610689204
44_20240831 11,1886.69809755209
44_20240831 12,1881.2382235613763
44_20240831 13,1841.3885109715825
44_20240831 14,1832.1856619102714
44_20240831 15,1862.3220762837977
44_20240831 16,1856.9609681393695
44_20240831 17,1754.1430160389095
44_20240831 18,1678.767082219863
44_20240831 19,1651.5377096702532
44_20240831 20,1623.8968951634333
44_20240831 21,1604.6755923594303
44_20240831 22,1566.427868117936
44_20240831 23,1560.4529500000572
45_20240825 00,2050.8221724748646
45_20240825 01,1728.5278721663137
45_20240825 02,1753.347586078295
45_20240825 03,1721.969255513591
45_20240825 04,1507.9241470296179
45_20240825 05,1499.0998699711186
45_20240825 06,1630.3097843059268
45_20240825 07,2020.9275865474729
45_20240825 08,2690.2995583086113
45_20240825 09,4719.581393799929
45_20240825 10,8814.58841373044
45_20240825 11,9626.820040691047
45_20240825 12,9721.796580546565
45_20240825 13,9571.627509343707
45_20240825 14,9523.25792055349
45_20240825 15,9570.45117131231
45_20240825 16,9354.93112612277
45_20240825 17,9316.615832294243
45_20240825 18,9183.636191525942
45_20240825 19,8661.201689859046
45_20240825 20,6564.987508223638
45_20240825 21,3953.682938177368
45_20240825 22,2752.0211771355607
45_20240825 23,2314.720155822055
45_20240826 00,1969.064595314917
45_20240826 01,1672.5383681786475
45_20240826 02,1689.7262242370798
45_20240826 03,1681.0441383249126
45_20240826 04,1487.2597786034205
45_20240826 05,1481.5038495555882
45_20240826 06,1652.997618023804
45_20240826 07,2041.291458196352
45_20240826 08,2672.3348219281133
45_20240826 09,4561.400729151728
45_20240826 10,8433.533669749177
45_20240826 11,9113.636691985492
45_20240826 12,9139.513755759746
45_20240826 13,8964.353137213955
45_20240826 14,8906.088658723478
45_20240826 15,8925.174206500975
45_20240826 16,8868.135547233727
45_20240826 17,8699.075552151353
45_20240826 18,8701.823182618962
45_20240826 19,7689.359585162158
45_20240826 20,5623.170253096198
45_20240826 21,3687.930577638347
45_20240826 22,2663.5704268278287
45_20240826 23,2298.228359761176
45_20240827 00,1953.2617148224854
45_20240827 01,1671.4183109310795
45_20240827 02,1724.857013444406
45_20240827 03,1741.0132356259087
45_20240827 04,1509.4707543703628
45_20240827 05,1510.7100799201157
45_20240827 06,1695.5910726963268
45_20240827 07,2096.0536154490865
45_20240827 08,2715.899266699458
45_20240827 09,4571.403741795639
45_20240827 10,8666.566722442512
45_20240827 11,9366.594992498849
45_20240827 12,9443.108601562952
45_20240827 13,9282.781468077032
45_20240827 14,8816.307750825394
45_20240827 15,9026.386081567596
45_20240827 16,9096.044552823741
45_20240827 17,8577.566179820744
45_20240827 18,8178.700775824198
45_20240827 19,7788.596154311535
45_20240827 20,5801.133004627921
45_20240827 21,3722.6467411413914
45_20240827 22,2647.2782360654437
45_20240827 23,2235.9088067019993
45_20240828 00,1900.8369176848894
45_20240828 01,1621.9566193334986
45_20240828 02,1650.9496237484414
45_20240828 03,1651.9201920086334
45_20240828 04,1485.2579318691166
45_20240828 05,1487.533811481153
45_20240828 06,1654.8086202981438
45_20240828 07,2070.663014618826
45_20240828 08,2745.267593027862
45_20240828 09,4358.944252300858
45_20240828 10,8098.624428471172
45_20240828 11,8806.015887185149
45_20240828 12,8886.354175240009
45_20240828 13,8946.331992256612
45_20240828 14,8747.00867466839
45_20240828 15,8670.529712129764
45_20240828 16,8976.769119674856
45_20240828 17,8868.080412202551
45_20240828 18,8669.244555190166
45_20240828 19,8163.476739520597
45_20240828 20,5971.1236812620145
45_20240828 21,3811.324624306133
45_20240828 22,2765.307933825017
45_20240828 23,2311.3878368106034
45_20240829 00,2015.3728401284222
45_20240829 01,1664.011512216736
45_20240829 02,1730.3903522681608
45_20240829 03,1732.8082688061804
45_20240829 04,1522.417160232774
45_20240829 05,1506.6694642359168
45_20240829 06,1655.3754182157472
45_20240829 07,2082.2771653519435
45_20240829 08,2719.814754831189
45_20240829 09,4546.620487148987
45_20240829 10,8481.07253513208
45_20240829 11,9193.18483871236
45_20240829 12,9294.049801523812
45_20240829 13,9222.996831158358
45_20240829 14,9069.89858537681
45_20240829 15,9083.998759453572
45_20240829 16,9069.00069598374
45_20240829 17,8927.241180884259
45_20240829 18,8894.766446037593
45_20240829 19,8292.634982806532
45_20240829 20,6063.990968211279
45_20240829 21,3839.1215143750965
45_20240829 22,2791.941910494591
45_20240829 23,2363.7027402053923
45_20240830 00,1979.480732914407
45_20240830 01,1668.9772840574888
45_20240830 02,1724.3796817663006
45_20240830 03,1731.2217733846696
45_20240830 04,1513.3994472299737
45_20240830 05,1512.9450715400717
45_20240830 06,1679.868104730704
45_20240830 07,2072.630823368712
45_20240830 08,2704.505254907605
45_20240830 09,4531.217353800744
45_20240830 10,8410.914717372161
45_20240830 11,9177.13999469974
45_20240830 12,9260.628717987162
45_20240830 13,9214.30584292395
45_20240830 14,9018.31427357761
45_20240830 15,9198.67269021058
45_20240830 16,9193.401850261509
45_20240830 17,9101.242894353138
45_20240830 18,8960.049630181704
45_20240830 19,8512.113162184318
45_20240830 20,6555.510621275508
45_20240830 21,3903.3593253550425
45_20240830 22,2794.021503880171
45_20240830 23,2306.8160919504985
45_20240831 00,2005.4279745920949
45_20240831 01,1663.971943754088
45_20240831 02,1686.180113050639
45_20240831 03,1697.5250378802386
45_20240831 04,1495.9958528338038
45_20240831 05,1489.1565695016436
45_20240831 06,1617.5135209495957
45_20240831 07,2002.4806049219567
45_20240831 08,2609.8914828556703
45_20240831 09,4325.420612715521
45_20240831 10,8328.806057122601
45_20240831 11,9285.383929885262
45_20240831 12,9401.480261326686
45_20240831 13,9260.581977854425
45_20240831 14,9088.869400295283
45_20240831 15,9104.530976427648
45_20240831 16,9116.789647208143
45_20240831 17,9024.90537872784
45_20240831 18,8725.503537455648
45_20240831 19,8401.279907021983
45_20240831 20,6670.934818315207
45_20240831 21,3848.0074725069862
45_20240831 22,2775.66327186175
45_20240831 23,2320.145590006993
46_20240825 00,857.2580034723819
46_20240825 01,833.4890285796207
46_20240825 02,834.635112100514
46_20240825 03,822.0583317095536
46_20240825 04,815.2958873936495
46_20240825 05,805.5136582339237
46_20240825 06,797.2902670473668
46_20240825 07,759.7265066814148
46_20240825 08,714.2923360845982
46_20240825 09,667.5052893647288
46_20240825 10,625.1800817402238
46_20240825 11,641.2988342892867
46_20240825 12,619.609182915453
46_20240825 13,706.9923028923378
46_20240825 14,744.6346537008744
46_20240825 15,785.180858587839
46_20240825 16,819.0367683464185
46_20240825 17,863.3572732887021
46_20240825 18,872.9821679629613
46_20240825 19,936.6765303546056
46_20240825 20,962.9654300667678
46_20240825 21,945.7581131420731
46_20240825 22,922.757450727179
46_20240825 23,898.6544079049258
46_20240826 00,911.8675360972686
46_20240826 01,881.8026513130877
46_20240826 02,862.8097994743455
46_20240826 03,857.1480694979746
46_20240826 04,846.9257691839302
46_20240826 05,838.6775173522981
46_20240826 06,835.0183296749076
46_20240826 07,843.6564476703375
46_20240826 08,981.8476452980165
46_20240826 09,1351.6543315312615
46_20240826 10,1597.0377484362211
46_20240826 11,1638.098202869071
46_20240826 12,1443.3902386015393
46_20240826 13,1624.2052322320317
46_20240826 14,1661.5384724478884
46_20240826 15,1697.6852901708808
46_20240826 16,1663.8115092046557
46_20240826 17,1613.3528219851319
46_20240826 18,1353.1274969223882
46_20240826 19,1226.9775754219145
46_20240826 20,1142.1654706009103
46_20240826 21,1085.3598349838633
46_20240826 22,1021.7852593648746
46_20240826 23,983.5858448898149
46_20240827 00,948.5508754577551
46_20240827 01,898.5124989702756
46_20240827 02,878.0644795683338
46_20240827 03,872.6687845150686
46_20240827 04,863.8163956290348
46_20240827 05,848.313561861698
46_20240827 06,848.6667157278268
46_20240827 07,867.7514080505762
46_20240827 08,1028.6609443024151
46_20240827 09,1411.8305138822948
46_20240827 10,1584.2989399719559
46_20240827 11,1585.1328086295882
46_20240827 12,1377.4717693887394
46_20240827 13,1557.5093275444854
46_20240827 14,1609.1258046284825
46_20240827 15,1602.6355041757843
46_20240827 16,1588.6791881130098
46_20240827 17,1578.4667477183086
46_20240827 18,1336.4402634160422
46_20240827 19,1219.5873789695759
46_20240827 20,1134.9434545428994
46_20240827 21,1071.9688725456972
46_20240827 22,1021.5017482616648
46_20240827 23,966.3304962448508
46_20240828 00,946.7091163749693
46_20240828 01,905.3258168901709
46_20240828 02,881.4001031805831
46_20240828 03,868.594906885952
46_20240828 04,860.6985515884217
46_20240828 05,847.0159025298645
46_20240828 06,837.3110051826411
46_20240828 07,850.1110193409295
46_20240828 08,981.7184325849413
46_20240828 09,1307.584508131758
46_20240828 10,1497.9439277517774
46_20240828 11,1508.154270839777
46_20240828 12,1407.4822636686254
46_20240828 13,1594.0666237243477
46_20240828 14,1664.190579964467
46_20240828 15,1669.096699516134
46_20240828 16,1653.3903748275407
46_20240828 17,1616.5385339148852
46_20240828 18,1363.003430936879
46_20240828 19,1258.7797572603088
46_20240828 20,1152.9415711639094
46_20240828 21,1077.1755606248712
46_20240828 22,1018.9620426141805
46_20240828 23,971.3967956830913
46_20240829 00,937.4796222788115
46_20240829 01,901.9852981781326
46_20240829 02,878.3622568603732
46_20240829 03,864.0656499876013
46_20240829 04,855.7912055514851
46_20240829 05,840.7387147816407
46_20240829 06,826.3870506899809
46_20240829 07,822.3195080925484
46_20240829 08,936.5665037294996
46_20240829 09,1271.2113643573862
46_20240829 10,1399.881613824918
46_20240829 11,1464.2747495807366
46_20240829 12,1279.6618045765174
46_20240829 13,1471.6262622842128
46_20240829 14,1560.1123493729472
46_20240829 15,1622.0288229610806
46_20240829 16,1592.0266557370492
46_20240829 17,1504.2856125175663
46_20240829 18,1252.8686096558808
46_20240829 19,1171.0310766975158
46_20240829 20,1095.7390226239763
46_20240829 21,1044.4453190097793
46_20240829 22,992.9559291018521
46_20240829 23,941.4665092151458
46_20240830 00,898.8130825002887
46_20240830 01,867.2823885475613
46_20240830 02,845.2826439181089
46_20240830 03,840.349627441081
46_20240830 04,825.4652293257781
46_20240830 05,820.2402305531477
46_20240830 06,800.7655856658577
46_20240830 07,819.079889298355
46_20240830 08,911.283081590194
46_20240830 09,1224.7975124871664
46_20240830 10,1319.5427235637321
46_20240830 11,1364.2288293418105
46_20240830 12,1199.1666838451915
46_20240830 13,1329.3980987333775
46_20240830 14,1430.4017912061045
46_20240830 15,1475.70530132795
46_20240830 16,1462.4428763171697
46_20240830 17,1376.7132930669952
46_20240830 18,1151.6795447424447
46_20240830 19,1092.9667798427422
46_20240830 20,1026.3773459332751
46_20240830 21,967.6755217814566
46_20240830 22,916.7195160988811
46_20240830 23,885.6991275376956
46_20240831 00,823.2027099207656
46_20240831 01,801.9240289578942
46_20240831 02,797.7471459746358
46_20240831 03,786.2347128345995
46_20240831 04,772.4914806376491
46_20240831 05,766.380198588569
46_20240831 06,745.4560331236465
46_20240831 07,714.8189671886425
46_20240831 08,666.8384706988938
46_20240831 09,659.5887252341483
46_20240831 10,627.686989413733
46_20240831 11,641.2991525507687
46_20240831 12,643.5600874366324
46_20240831 13,679.1802213165919
46_20240831 14,701.3704238100725
46_20240831 15,744.1768866203671
46_20240831 16,800.324179986565
46_20240831 17,835.6825284004768
46_20240831 18,826.180520518416
46_20240831 19,871.8253821952399
46_20240831 20,898.4138920835359
46_20240831 21,882.1641557897888
46_20240831 22,854.5779266854337
46_20240831 23,843.7721300379534
47_20240825 00,500.66248795622306
47_20240825 01,459.43826329110584
47_20240825 02,448.62172327286385
47_20240825 03,443.98587981069534
47_20240825 04,440.9607439366763
47_20240825 05,458.75283985684
47_20240825 06,514.4370119758382
47_20240825 07,572.8403526104605
47_20240825 08,769.1044137114818
47_20240825 09,830.638970918226
47_20240825 10,852.9544760238439
47_20240825 11,868.8566222141897
47_20240825 12,888.768356099852
47_20240825 13,906.0713921322795
47_20240825 14,897.8511660754132
47_20240825 15,872.9154605525353
47_20240825 16,849.8387943248316
47_20240825 17,825.5327320371914
47_20240825 18,776.3857110229249
47_20240825 19,635.5326218938231
47_20240825 20,564.1679115093145
47_20240825 21,529.769308413602
47_20240825 22,507.10140329181934
47_20240825 23,480.7137940162904
47_20240826 00,505.95597391667786
47_20240826 01,460.7460746936026
47_20240826 02,450.7111265375016
47_20240826 03,449.15985650416997
47_20240826 04,456.3172789926615
47_20240826 05,510.80200166587656
47_20240826 06,789.147887443029
47_20240826 07,1242.9427803869416
47_20240826 08,1515.102451461736
47_20240826 09,1700.7102003896073
47_20240826 10,1813.5415081431643
47_20240826 11,1828.9916566593977
47_20240826 12,1827.430381015473
47_20240826 13,1831.653384505355
47_20240826 14,1799.391541297284
47_20240826 15,1726.2106126621793
47_20240826 16,1624.3600241453964
47_20240826 17,1552.1859531006091
47_20240826 18,1406.1485893106285
47_20240826 19,1209.8158186220132
47_20240826 20,859.5759799022866
47_20240826 21,665.6509480674771
47_20240826 22,594.3615020229483
47_20240826 23,546.6997682983974
47_20240827 00,537.0104237384256
47_20240827 01,505.48092967200506
47_20240827 02,486.1548504309362
47_20240827 03,468.05877820754546
47_20240827 04,483.9211571295951
47_20240827 05,525.2962184959565
47_20240827 06,801.1201716855047
47_20240827 07,1218.5606069121518
47_20240827 08,1461.2834461263715
47_20240827 09,1667.0683888183285
47_20240827 10,1745.3991546939208
47_20240827 11,1760.9484348866097
47_20240827 12,1759.5634516195087
47_20240827 13,1760.7600622620091
47_20240827 14,1737.1025247821087
47_20240827 15,1669.219416558532
47_20240827 16,1580.6542662694717
47_20240827 17,1520.9826346239445
47_20240827 18,1355.52819590758
47_20240827 19,1185.2928213854761
47_20240827 20,858.628827951941
47_20240827 21,679.4110981133449
47_20240827 22,596.5881535972569
47_20240827 23,530.0594225676377
47_20240828 00,525.6226968352196
47_20240828 01,475.63057081652187
47_20240828 02,463.3967493085644
47_20240828 03,460.53320876187695
47_20240828 04,470.3566888412367
47_20240828 05,499.6740594918693
47_20240828 06,753.87370002674
47_20240828 07,1186.6346610228284
47_20240828 08,1443.9288573847177
47_20240828 09,1646.9097912035718
47_20240828 10,1783.9052391356336
47_20240828 11,1794.2393606556836
47_20240828 12,1797.3679505255027
47_20240828 13,1811.5964152561082
47_20240828 14,1736.821139890975
47_20240828 15,1690.1682361021435
47_20240828 16,1594.629702986745
47_20240828 17,1543.1748959638942
47_20240828 18,1384.3322128279056
47_20240828 19,1223.2049637218945
47_20240828 20,873.4521049939962
47_20240828 21,698.5525317298745
47_20240828 22,604.2578966406932
47_20240828 23,539.9370901877403
47_20240829 00,530.542662084333
47_20240829 01,474.38229036449434
47_20240829 02,464.02494467454136
47_20240829 03,459.70424260288735
47_20240829 04,467.8046993277897
47_20240829 05,499.4654684085995
47_20240829 06,727.9743908144007
47_20240829 07,1133.3903802012778
47_20240829 08,1402.1589527495685
47_20240829 09,1589.4533084865493
47_20240829 10,1692.7371481102616
47_20240829 11,1725.741965734208
47_20240829 12,1738.3094678869327
47_20240829 13,1743.9860875359327
47_20240829 14,1711.1347649907439
47_20240829 15,1651.597830505264
47_20240829 16,1580.3326359763835
47_20240829 17,1513.6958510227673
47_20240829 18,1354.7185101430941
47_20240829 19,1164.0673560187442
47_20240829 20,840.1251309845449
47_20240829 21,654.7580808987441
47_20240829 22,583.3469894764984
47_20240829 23,530.5026019849668
47_20240830 00,531.9427852490113
47_20240830 01,474.83747465541785
47_20240830 02,465.8050927583173
47_20240830 03,466.81031260199524
47_20240830 04,478.0433203687678
47_20240830 05,504.1288811889817
47_20240830 06,736.1633708618524
47_20240830 07,1188.4562164391994
47_20240830 08,1436.3814238042842
47_20240830 09,1636.0599067986245
47_20240830 10,1761.2946000737315
47_20240830 11,1784.55068541759
47_20240830 12,1791.5027621797103
47_20240830 13,1817.168539711587
47_20240830 14,1735.756959932742
47_20240830 15,1663.7076488872722
47_20240830 16,1564.0338294737176
47_20240830 17,1504.9054637996892
47_20240830 18,1342.6252381966206
47_20240830 19,1166.8435742113961
47_20240830 20,816.3484560845654
47_20240830 21,642.697224196907
47_20240830 22,571.8679475400913
47_20240830 23,529.2778793514078
47_20240831 00,524.3770119615324
47_20240831 01,471.94533468645596
47_20240831 02,462.60748261799193
47_20240831 03,454.28781955115653
47_20240831 04,452.5674172499316
47_20240831 05,466.27150012519974
47_20240831 06,624.0087066122076
47_20240831 07,935.7247173834008
47_20240831 08,1055.0053184450453
47_20240831 09,1126.4180174165626
47_20240831 10,1153.1224050922942
47_20240831 11,1189.2500301506866
47_20240831 12,1239.3856707955422
47_20240831 13,1222.4469883776303
47_20240831 14,1149.3571074854503
47_20240831 15,1081.8097531209385
47_20240831 16,1064.0214670565672
47_20240831 17,937.5399310704755
47_20240831 18,861.950956003212
47_20240831 19,808.1856728821169
47_20240831 20,718.4802571183868
47_20240831 21,623.1383811905038
47_20240831 22,525.7198638663758
47_20240831 23,495.654890078563
48_20240825 00,4293.44415813966
48_20240825 01,4260.949501157325
48_20240825 02,4251.881732992933
48_20240825 03,4166.67226290752
48_20240825 04,4146.83547130562
48_20240825 05,4068.9561911521387
48_20240825 06,4064.218692298622
48_20240825 07,3935.1110742766245
48_20240825 08,3593.9406905859732
48_20240825 09,3742.050059055998
48_20240825 10,3792.092042446993
48_20240825 11,3840.1299620046366
48_20240825 12,3877.013763541977
48_20240825 13,3838.052016336199
48_20240825 14,3796.172712220548
48_20240825 15,3728.4249027927585
48_20240825 16,3720.8027536043037
48_20240825 17,3737.8576411727026
48_20240825 18,3717.8469000908053
48_20240825 19,3649.823594338616
48_20240825 20,3594.6837331362385
48_20240825 21,3531.1346190843315
48_20240825 22,4119.330268147663
48_20240825 23,4274.7224829449215
48_20240826 00,4232.953268386949
48_20240826 01,4171.774357459392
48_20240826 02,4132.391856530118
48_20240826 03,4110.051528872322
48_20240826 04,4118.134471301945
48_20240826 05,4029.39202131869
48_20240826 06,4179.113298261371
48_20240826 07,4191.891583617738
48_20240826 08,4250.6753011247665
48_20240826 09,4526.769545972776
48_20240826 10,4616.131128380071
48_20240826 11,4656.640692017321
48_20240826 12,4684.82381072725
48_20240826 13,4654.301124716308
48_20240826 14,4594.001897452835
48_20240826 15,4603.955949419707
48_20240826 16,4617.388284455756
48_20240826 17,4524.627925946299
48_20240826 18,4133.8305751569
48_20240826 19,3944.597398661015
48_20240826 20,3884.5696024390363
48_20240826 21,3739.7179148920945
48_20240826 22,4169.101027709269
48_20240826 23,4327.370694371931
48_20240827 00,4281.573221563335
48_20240827 01,4202.541961520632
48_20240827 02,4223.527904939121
48_20240827 03,4212.947688072411
48_20240827 04,4155.384862462519
48_20240827 05,4133.767196554612
48_20240827 06,4291.062324470491
48_20240827 07,4174.55843705795
48_20240827 08,4187.698662242899
48_20240827 09,4362.3053354522945
48_20240827 10,4434.386335195304
48_20240827 11,4376.497740123305
48_20240827 12,4414.168348834049
48_20240827 13,4369.526580289856
48_20240827 14,4328.593074297714
48_20240827 15,4326.608299178057
48_20240827 16,4351.4133533004715
48_20240827 17,4328.847708750629
48_20240827 18,4003.391346749784
48_20240827 19,3871.446220893644
48_20240827 20,3831.4532988546384
48_20240827 21,3775.260695101846
48_20240827 22,4137.830903371794
48_20240827 23,4267.043932692514
48_20240828 00,4216.006848353154
48_20240828 01,4144.272126413065
48_20240828 02,4157.357194161863
48_20240828 03,4128.628110587735
48_20240828 04,4114.295201536934
48_20240828 05,4047.602145057086
48_20240828 06,4172.969555247507
48_20240828 07,4117.715663498708
48_20240828 08,4163.023469273863
48_20240828 09,4365.5008986508665
48_20240828 10,4411.197734783417
48_20240828 11,4425.146143930153
48_20240828 12,4498.613988856089
48_20240828 13,4554.956907652152
48_20240828 14,4541.525830310629
48_20240828 15,4573.683228315309
48_20240828 16,4592.002960377263
48_20240828 17,4502.679387138394
48_20240828 18,4116.8040105191785
48_20240828 19,3941.611487070367
48_20240828 20,3888.429570472364
48_20240828 21,3705.67709431239
48_20240828 22,4102.2018499087335
48_20240828 23,4249.994602480794
48_20240829 00,4215.498089785476
48_20240829 01,4162.371256525181
48_20240829 02,4138.021732519512
48_20240829 03,4134.436061660363
48_20240829 04,4091.1694407455216
48_20240829 05,3981.0182337128977
48_20240829 06,4121.777857781672
48_20240829 07,4043.8666157921325
48_20240829 08,4117.129747772763
48_20240829 09,4295.671681389149
48_20240829 10,4352.055627848514
48_20240829 11,4408.372914055583
48_20240829 12,4541.695064581808
48_20240829 13,4519.415392001882
48_20240829 14,4510.914341298697
48_20240829 15,4506.739815868078
48_20240829 16,4513.828190044274
48_20240829 17,4441.15490174797
48_20240829 18,4070.4326435569055
48_20240829 19,3902.686228562573
48_20240829 20,3805.461795879668
48_20240829 21,3642.0386002289265
48_20240829 22,4108.610175976409
48_20240829 23,4263.243079860242
48_20240830 00,4240.555322224536
48_20240830 01,4153.74709288488
48_20240830 02,4138.057101040417
48_20240830 03,4109.162407083584
48_20240830 04,4085.6232234370864
48_20240830 05,3994.132013965909
48_20240830 06,4125.916590180363
48_20240830 07,4085.720434740638
48_20240830 08,4117.815566043189
48_20240830 09,4407.499624513517
48_20240830 10,4512.306982668049
48_20240830 11,4499.134532012287
48_20240830 12,4573.1351400531385
48_20240830 13,4513.402567217214
48_20240830 14,4504.452444424132
48_20240830 15,4509.5115567293515
48_20240830 16,4528.098949804289
48_20240830 17,4411.618701844087
48_20240830 18,4015.5602885426997
48_20240830 19,3834.620012884379
48_20240830 20,3769.9274952372116
48_20240830 21,3660.530605207507
48_20240830 22,4102.53358050856
48_20240830 23,4234.509193724454
48_20240831 00,4176.8950918387245
48_20240831 01,4144.187123459651
48_20240831 02,4134.549499621271
48_20240831 03,4083.001625672545
48_20240831 04,4092.6095680899316
48_20240831 05,3930.869022674235
48_20240831 06,3928.9360761600597
48_20240831 07,3785.8244714905372
48_20240831 08,3656.440314632351
48_20240831 09,3807.4788361609417
48_20240831 10,3843.5712165021696
48_20240831 11,3885.9812474359533
48_20240831 12,3922.3590337691026
48_20240831 13,3809.3628633102016
48_20240831 14,3756.2036596609896
48_20240831 15,3679.8093887518876
48_20240831 16,3624.556375210062
48_20240831 17,3728.2894650025664
48_20240831 18,3598.5862010633386
48_20240831 19,3508.1368913612173
48_20240831 20,3447.9046096998136
48_20240831 21,3357.286675964608
48_20240831 22,3979.702978266688
48_20240831 23,4164.13163889582
49_20240825 00,601.0848528125047
49_20240825 01,593.574327380071
49_20240825 02,589.3770018951487
49_20240825 03,585.6280686433247
49_20240825 04,584.7621276037049
49_20240825 05,581.2750973959168
49_20240825 06,581.341695407826
49_20240825 07,591.2056746691803
49_20240825 08,573.2817865902402
49_20240825 09,564.6778159005389
49_20240825 10,608.4173279063327
49_20240825 11,648.2814171391226
49_20240825 12,657.5819808147808
49_20240825 13,700.7542593023486
49_20240825 14,728.0189613317808
49_20240825 15,625.6111340321986
49_20240825 16,666.4347422668102
49_20240825 17,653.3204337086697
49_20240825 18,676.9921744823514
49_20240825 19,664.479654691236
49_20240825 20,681.063932975643
49_20240825 21,691.7185876852043
49_20240825 22,1021.4589087091294
49_20240825 23,1217.7241876969438
49_20240826 00,1346.633939550953
49_20240826 01,1349.4051545354466
49_20240826 02,1326.3206719050388
49_20240826 03,1189.3879850880323
49_20240826 04,1134.2617305532226
49_20240826 05,1125.9100246338653
49_20240826 06,1520.7594748634706
49_20240826 07,1588.6406962603608
49_20240826 08,1651.7654487281154
49_20240826 09,1580.5686967989873
49_20240826 10,1560.5297946107835
49_20240826 11,1619.526499253397
49_20240826 12,1739.9092345255428
49_20240826 13,1735.385569307436
49_20240826 14,1873.9664703785375
49_20240826 15,1857.172424506029
49_20240826 16,1847.9439807648648
49_20240826 17,1874.798214655884
49_20240826 18,1681.5899232719225
49_20240826 19,1037.9387030881383
49_20240826 20,837.5711656167573
49_20240826 21,784.3958844444064
49_20240826 22,1082.9659150454654
49_20240826 23,1338.4167771838179
49_20240827 00,1342.1687961862058
49_20240827 01,1332.9443589704024
49_20240827 02,1358.0080446478523
49_20240827 03,1333.208178116952
49_20240827 04,1218.159440177153
49_20240827 05,1142.1795229418065
49_20240827 06,1633.7152510708995
49_20240827 07,1660.359553001496
49_20240827 08,1608.3071344832947
49_20240827 09,1605.2728564336157
49_20240827 10,1511.8835252878118
49_20240827 11,1549.605758738406
49_20240827 12,1498.5119738394812
49_20240827 13,1627.8971635526225
49_20240827 14,1714.4731609644755
49_20240827 15,1765.594330071413
49_20240827 16,1801.812912884715
49_20240827 17,1802.140303677642
49_20240827 18,1672.1101657723689
49_20240827 19,1028.144736403097
49_20240827 20,836.6442207745939
49_20240827 21,798.8926209354954
49_20240827 22,1082.1813910668411
49_20240827 23,1348.5533709895738
49_20240828 00,1402.5159561743137
49_20240828 01,1418.424438867865
49_20240828 02,1398.2175707391173
49_20240828 03,1391.320197478885
49_20240828 04,1291.3776029079088
49_20240828 05,1132.9420347653827
49_20240828 06,1505.3509754883692
49_20240828 07,1520.8796829137393
49_20240828 08,1605.0469549374234
49_20240828 09,1577.2676406235437
49_20240828 10,1558.2467849033287
49_20240828 11,1507.0848371430475
49_20240828 12,1468.5777688269554
49_20240828 13,1504.2490670031016
49_20240828 14,1702.6058534927142
49_20240828 15,1749.559584796795
49_20240828 16,1832.8717054584695
49_20240828 17,1837.618985918404
49_20240828 18,1718.69327651412
49_20240828 19,1013.6003392225098
49_20240828 20,819.9660764563852
49_20240828 21,767.7429149509236
49_20240828 22,929.8102317224383
49_20240828 23,990.2767355708138
49_20240829 00,1044.0216751597281
49_20240829 01,1032.6599541612723
49_20240829 02,1063.8651494126002
49_20240829 03,1056.7131649166668
49_20240829 04,1052.665162123474
49_20240829 05,1040.6362915536092
49_20240829 06,1195.4966790332937
49_20240829 07,1111.4473775862875
49_20240829 08,1144.5156152996535
49_20240829 09,1123.0698623214153
49_20240829 10,1174.0783492672956
49_20240829 11,1168.9288745133963
49_20240829 12,1158.7457757924205
49_20240829 13,1180.4790605031217
49_20240829 14,1287.966046862909
49_20240829 15,1425.5646624712606
49_20240829 16,1429.6982747966779
49_20240829 17,1447.1878430647882
49_20240829 18,1142.1387442450111
49_20240829 19,964.9052635516165
49_20240829 20,811.5413689480929
49_20240829 21,752.8047864873051
49_20240829 22,1063.121608964885
49_20240829 23,1402.3955383160223
49_20240830 00,1447.8003133353998
49_20240830 01,1402.9408291319976
49_20240830 02,1420.6989745400601
49_20240830 03,1405.259571305944
49_20240830 04,1379.823142289431
49_20240830 05,1311.7622915089619
49_20240830 06,1528.7235071509442
49_20240830 07,1570.2006596518986
49_20240830 08,1584.9592178600503
49_20240830 09,1529.3889842488563
49_20240830 10,1486.5383535171695
49_20240830 11,1489.125325208856
49_20240830 12,1511.2923601641442
49_20240830 13,1533.4560180187677
49_20240830 14,1655.7780505116393
49_20240830 15,1726.7178165216524
49_20240830 16,1749.3934055069014
49_20240830 17,1717.6403489443637
49_20240830 18,1484.4546983634928
49_20240830 19,985.8712199496576
49_20240830 20,774.0233125744161
49_20240830 21,710.2124642489098
49_20240830 22,658.7184381423872
49_20240830 23,676.4850562344088
49_20240831 00,586.1688498927721
49_20240831 01,580.459296117905
49_20240831 02,585.4724704687902
49_20240831 03,584.2846787313579
49_20240831 04,578.2055487278776
49_20240831 05,570.1503322543291
49_20240831 06,565.5525663365428
49_20240831 07,572.4902159285298
49_20240831 08,560.336357411292
49_20240831 09,562.0021513669452
49_20240831 10,604.4681944503424
49_20240831 11,588.6088558364561
49_20240831 12,582.443187447956
49_20240831 13,598.2713458660335
49_20240831 14,637.1450517708458
49_20240831 15,659.1608988383364
49_20240831 16,626.6603213312051
49_20240831 17,638.0635679363024
49_20240831 18,643.2460217933374
49_20240831 19,626.7318057341374
49_20240831 20,624.5374902042788
49_20240831 21,611.9785030048215
49_20240831 22,601.0240602373015
49_20240831 23,611.8964176847397
50_20240825 00,1579.6395988171714
50_20240825 01,1577.068078664919
50_20240825 02,1550.5284487391627
50_20240825 03,1557.4771251955956
50_20240825 04,1558.8197981418205
50_20240825 05,1564.685714995354
50_20240825 06,1586.3390548913255
50_20240825 07,1496.5825167930948
50_20240825 08,1254.2261920055448
50_20240825 09,1184.7080804695192
50_20240825 10,1138.5514256374126
50_20240825 11,1088.016947947052
50_20240825 12,1077.543429881673
50_20240825 13,1120.1972307935407
50_20240825 14,1161.0287906365959
50_20240825 15,1225.5820565775598
50_20240825 16,1322.519584072731
50_20240825 17,1443.91394822114
50_20240825 18,1552.6589713447183
50_20240825 19,1618.0715172846215
50_20240825 20,1718.9032115172517
50_20240825 21,1723.3548335766886
50_20240825 22,1629.941400429979
50_20240825 23,1650.3291472933022
50_20240826 00,1671.4885313878879
50_20240826 01,1659.649050631627
50_20240826 02,1648.026233329943
50_20240826 03,1644.1096716506643
50_20240826 04,1644.3714116717133
50_20240826 05,1730.2998954434022
50_20240826 06,2202.655779865537
50_20240826 07,2338.2534316727056
50_20240826 08,2511.492116477126
50_20240826 09,2615.146412806086
50_20240826 10,2594.322374663774
50_20240826 11,2565.8922215742477
50_20240826 12,2509.0407674150674
50_20240826 13,2465.74893710344
50_20240826 14,2538.2456523269702
50_20240826 15,2567.9225556344018
50_20240826 16,2612.8116273737473
50_20240826 17,2596.8960576481545
50_20240826 18,2286.580209829575
50_20240826 19,1996.5686554451668
50_20240826 20,1763.4183310907172
50_20240826 21,1660.398369807448
50_20240826 22,1693.0285858182933
50_20240826 23,1746.4816110630209
50_20240827 00,1724.6375107325293
50_20240827 01,1711.8538921756922
50_20240827 02,1703.8094609081634
50_20240827 03,1690.4108330917436
50_20240827 04,1676.0192474703397
50_20240827 05,1832.2330655173641
50_20240827 06,2163.3951260509675
50_20240827 07,2315.025421612084
50_20240827 08,2555.1117100262486
50_20240827 09,2623.309094631454
50_20240827 10,2615.698551115917
50_20240827 11,2590.3523328090578
50_20240827 12,2542.266880381884
50_20240827 13,2576.0179948863433
50_20240827 14,2601.4583749150725
50_20240827 15,2604.005905182007
50_20240827 16,2636.8574362212867
50_20240827 17,2630.203819966884
50_20240827 18,2289.3281831183813
50_20240827 19,1984.5097156991847
50_20240827 20,1756.1312246288658
50_20240827 21,1633.5278715064912
50_20240827 22,1635.7932689821114
50_20240827 23,1700.875300256649
50_20240828 00,1677.4393909038088
50_20240828 01,1675.1023900381701
50_20240828 02,1676.8147936606947
50_20240828 03,1675.609813910687
50_20240828 04,1662.6927347512392
50_20240828 05,1819.429005071464
50_20240828 06,2146.5456574037858
50_20240828 07,2303.5513803095046
50_20240828 08,2522.5170376646865
50_20240828 09,2585.2713329616936
50_20240828 10,2555.275706159909
50_20240828 11,2562.320688003926
50_20240828 12,2509.533665443965
50_20240828 13,2449.251132746157
50_20240828 14,2535.2394960713464
50_20240828 15,2527.9118441668616
50_20240828 16,2562.6176849799713
50_20240828 17,2602.400417791585
50_20240828 18,2258.859385018238
50_20240828 19,1889.6856104088458
50_20240828 20,1674.3361825924515
50_20240828 21,1602.0564154641488
50_20240828 22,1661.1365410459512
50_20240828 23,1703.1935337486593
50_20240829 00,1682.521464139806
50_20240829 01,1673.1767154140193
50_20240829 02,1668.6184822834155
50_20240829 03,1649.5115148868915
50_20240829 04,1652.7925942835145
50_20240829 05,1797.1105635249976
50_20240829 06,2112.9168761334795
50_20240829 07,2243.003763620549
50_20240829 08,2400.8132991593475
50_20240829 09,2488.8317398628174
50_20240829 10,2523.7048532114613
50_20240829 11,2514.1371832910154
50_20240829 12,2439.977602777492
50_20240829 13,2488.605174955668
50_20240829 14,2533.584796297776
50_20240829 15,2458.9520759165507
50_20240829 16,2583.7032217605024
50_20240829 17,2582.334143443918
50_20240829 18,2167.9169527678255
50_20240829 19,1887.5150675680252
50_20240829 20,1666.912763784329
50_20240829 21,1597.545778140588
50_20240829 22,1626.8065060611623
50_20240829 23,1683.9053498443195
50_20240830 00,1674.6130968726648
50_20240830 01,1658.594470306338
50_20240830 02,1656.5834900055938
50_20240830 03,1652.8633913734805
50_20240830 04,1638.2087979925245
50_20240830 05,1748.3295307494368
50_20240830 06,2095.39979940795
50_20240830 07,2247.7045484037817
50_20240830 08,2379.560333918121
50_20240830 09,2459.146350614604
50_20240830 10,2455.8639256710044
50_20240830 11,2428.7164131099794
50_20240830 12,2356.3758544218636
50_20240830 13,2366.5441114426512
50_20240830 14,2416.658409480913
50_20240830 15,2454.452607950102
50_20240830 16,2515.6378403921503
50_20240830 17,2533.178296018374
50_20240830 18,2117.3887353739756
50_20240830 19,1694.7940052842223
50_20240830 20,1565.8404775262047
50_20240830 21,1496.2219380947606
50_20240830 22,1539.8551193787691
50_20240830 23,1584.096473621293
50_20240831 00,1571.354408676358
50_20240831 01,1559.5815808081802
50_20240831 02,1546.297542582473
50_20240831 03,1558.3403556727158
50_20240831 04,1547.9384535195827
50_20240831 05,1553.6149217285567
50_20240831 06,1556.6866231553659
50_20240831 07,1403.2754424955624
50_20240831 08,1158.066576960335
50_20240831 09,1113.2171748072337
50_20240831 10,1116.9638841773863
50_20240831 11,1060.8025108619527
50_20240831 12,1014.0127815678882
50_20240831 13,1055.129265829767
50_20240831 14,1128.0256241599193
50_20240831 15,1154.3645341228632
50_20240831 16,1342.9381412190573
50_20240831 17,1448.4908902718555
50_20240831 18,1425.7936863720497
50_20240831 19,1446.7470756349612
50_20240831 20,1435.8228530113897
50_20240831 21,1397.8078796985453
50_20240831 22,1438.5461454557676
50_20240831 23,1522.8392298544532
51_20240825 00,3250.346837398144
51_20240825 01,3234.8128182998785
51_20240825 02,3218.571406576105
51_20240825 03,3217.685666485983
51_20240825 04,3212.964575901451
51_20240825 05,3214.6701001922092
51_20240825 06,3235.316143706824
51_20240825 07,3240.2699305644055
51_20240825 08,3249.024129164367
51_20240825 09,3286.602952871763
51_20240825 10,3301.2160920469264
51_20240825 11,3298.107446303612
51_20240825 12,3299.8107144927203
51_20240825 13,3299.4150102057956
51_20240825 14,3305.3866881677413
51_20240825 15,3306.148309737745
51_20240825 16,3305.0188014373757
51_20240825 17,3297.036401952474
51_20240825 18,3297.6840621712818
51_20240825 19,3274.0460333690767
51_20240825 20,3249.9011946853
51_20240825 21,3240.3048067687123
51_20240825 22,3233.6707299768286
51_20240825 23,3230.5042736519695
51_20240826 00,3291.575752182922
51_20240826 01,3287.279370601705
51_20240826 02,3280.4721095985356
51_20240826 03,3290.6609530951373
51_20240826 04,3285.703442689816
51_20240826 05,3283.300963183735
51_20240826 06,3287.3481602001434
51_20240826 07,3304.638154768431
51_20240826 08,3384.0944868065026
51_20240826 09,3450.8953048081107
51_20240826 10,3483.789698053604
51_20240826 11,3511.6024302387323
51_20240826 12,3511.4035347952968
51_20240826 13,3507.281094329887
51_20240826 14,3515.047215859989
51_20240826 15,3517.832941379264
51_20240826 16,3517.289369486727
51_20240826 17,3506.059750372312
51_20240826 18,3478.0574574455004
51_20240826 19,3394.0141834663823
51_20240826 20,3363.0740332262676
51_20240826 21,3348.315082555571
51_20240826 22,3328.491948155567
51_20240826 23,3284.215251279593
51_20240827 00,3288.492535224424
51_20240827 01,3280.7862930195142
51_20240827 02,3282.2379515317825
51_20240827 03,3280.0146509462948
51_20240827 04,3275.594761983494
51_20240827 05,3268.846944775917
51_20240827 06,3276.7764532752135
51_20240827 07,3297.4350191968174
51_20240827 08,3380.575252641467
51_20240827 09,3407.1045595355718
51_20240827 10,3437.556460344842
51_20240827 11,3409.737037798587
51_20240827 12,3413.8565996720836
51_20240827 13,3414.249581731783
51_20240827 14,3457.839692480641
51_20240827 15,3480.5724519480464
51_20240827 16,3490.108105552235
51_20240827 17,3489.188152881032
51_20240827 18,3458.970899937121
51_20240827 19,3393.188810897606
51_20240827 20,3358.8327708561783
51_20240827 21,3340.028277929022
51_20240827 22,3317.5197714268834
51_20240827 23,3284.459272672835
51_20240828 00,3265.734396507647
51_20240828 01,3258.0268430819733
51_20240828 02,3261.100645731929
51_20240828 03,3252.925205413814
51_20240828 04,3247.7475730955493
51_20240828 05,3240.9338575597103
51_20240828 06,3260.2556136412095
51_20240828 07,3278.9200953348627
51_20240828 08,3349.8452567028185
51_20240828 09,3424.1891142433174
51_20240828 10,3451.9416053391674
51_20240828 11,3468.489522945322
51_20240828 12,3496.0529620419093
51_20240828 13,3510.7176924469986
51_20240828 14,3521.404688587043
51_20240828 15,3537.860243170561
51_20240828 16,3530.930406656871
51_20240828 17,3524.3599346279434
51_20240828 18,3496.04845667617
51_20240828 19,3427.931462836629
51_20240828 20,3392.548793050977
51_20240828 21,3371.647236276607
51_20240828 22,3347.4653224793165
51_20240828 23,3297.8801790982848
51_20240829 00,3278.7249800516274
51_20240829 01,3257.3205911231134
51_20240829 02,3242.19494718741
51_20240829 03,3242.3694024656115
51_20240829 04,3239.029827472703
51_20240829 05,3233.9448621339156
51_20240829 06,3245.635941791332
51_20240829 07,3270.1161561731556
51_20240829 08,3348.9391906687933
51_20240829 09,3420.260269708003
51_20240829 10,3446.318126140676
51_20240829 11,3471.5795549103545
51_20240829 12,3491.8537028765227
51_20240829 13,3495.2760003948015
51_20240829 14,3505.5703850187156
51_20240829 15,3519.202611815353
51_20240829 16,3513.4162011917483
51_20240829 17,3502.078255274107
51_20240829 18,3474.4114617645423
51_20240829 19,3409.940820152948
51_20240829 20,3382.5664418567676
51_20240829 21,3359.821928747176
51_20240829 22,3331.665763468787
51_20240829 23,3302.289664211441
51_20240830 00,3271.091702548026
51_20240830 01,3259.4521045743004
51_20240830 02,3255.3923716451663
51_20240830 03,3251.677881416272
51_20240830 04,3240.101628702809
51_20240830 05,3227.0537700855266
51_20240830 06,3242.6052872223263
51_20240830 07,3277.1513283622285
51_20240830 08,3367.589763588661
51_20240830 09,3427.3939155323496
51_20240830 10,3474.3971745613626
51_20240830 11,3483.945000538031
51_20240830 12,3498.594400185143
51_20240830 13,3493.6108345698563
51_20240830 14,3501.900008979565
51_20240830 15,3504.043357321507
51_20240830 16,3506.197636189021
51_20240830 17,3498.9097058907846
51_20240830 18,3453.52968681002
51_20240830 19,3363.1389321908878
51_20240830 20,3341.9090608505676
51_20240830 21,3302.866702865961
51_20240830 22,3307.2940072659458
51_20240830 23,3277.067321072869
51_20240831 00,3245.726489866792
51_20240831 01,3252.947392689903
51_20240831 02,3242.988230225259
51_20240831 03,3235.9355675314946
51_20240831 04,3237.3206351376593
51_20240831 05,3234.487312686055
51_20240831 06,3238.373609640674
51_20240831 07,3229.3088230266203
51_20240831 08,3230.3760626013686
51_20240831 09,3254.759982271817
51_20240831 10,3275.1817519611895
51_20240831 11,3290.1804861387377
51_20240831 12,3293.4514032017823
51_20240831 13,3311.291653566769
51_20240831 14,3326.1964238385
51_20240831 15,3326.6828946954124
51_20240831 16,3333.4279638867747
51_20240831 17,3313.8427325396106
51_20240831 18,3292.2821483515945
51_20240831 19,3274.7636554133333
51_20240831 20,3263.611418073406
51_20240831 21,3260.3273658545995
51_20240831 22,3248.388341682108
51_20240831 23,3236.620515685476
52_20240825 00,5184.150801413033
52_20240825 01,5176.542411847356
52_20240825 02,5169.4912960176625
52_20240825 03,5190.402972945916
52_20240825 04,5136.0094282021555
52_20240825 05,5076.576262856841
52_20240825 06,5075.047424230113
52_20240825 07,5034.360559281592
52_20240825 08,5028.386409056524
52_20240825 09,5048.682565502597
52_20240825 10,5061.448924940738
52_20240825 11,5062.088649489387
52_20240825 12,5111.734377614081
52_20240825 13,5122.547573931544
52_20240825 14,5136.829222594421
52_20240825 15,5109.65414866619
52_20240825 16,5099.579261730736
52_20240825 17,5084.6500916333225
52_20240825 18,5062.836970272118
52_20240825 19,5047.067374589129
52_20240825 20,5055.186629694608
52_20240825 21,5049.649432994997
52_20240825 22,5058.992672291981
52_20240825 23,5066.66189669191
52_20240826 00,5024.294148877211
52_20240826 01,4993.510986129737
52_20240826 02,4985.084034014489
52_20240826 03,4987.287022464465
52_20240826 04,4982.674776510308
52_20240826 05,5063.349443402139
52_20240826 06,5095.2569642651615
52_20240826 07,5114.6160761094525
52_20240826 08,5225.6381423284165
52_20240826 09,5354.422379522218
52_20240826 10,5340.017892956966
52_20240826 11,5356.563023650716
52_20240826 12,5359.834520102986
52_20240826 13,5364.5220402735
52_20240826 14,5364.949324468808
52_20240826 15,5375.11503875951
52_20240826 16,5349.134513507419
52_20240826 17,5314.309734643895
52_20240826 18,5215.78749750582
52_20240826 19,5095.16771189336
52_20240826 20,5070.451636310803
52_20240826 21,5045.52877701397
52_20240826 22,5196.384557085274
52_20240826 23,5296.931072589729
52_20240827 00,5224.94452750188
52_20240827 01,5189.10883870346
52_20240827 02,5172.3305218784935
52_20240827 03,5161.0586402127265
52_20240827 04,5124.351388487904
52_20240827 05,5122.355209647739
52_20240827 06,5134.889170147033
52_20240827 07,5156.141180918113
52_20240827 08,5192.392125491613
52_20240827 09,5278.734227086405
52_20240827 10,5270.158377776546
52_20240827 11,5268.124372011667
52_20240827 12,5279.716306017499
52_20240827 13,5282.861712959687
52_20240827 14,5292.037955846787
52_20240827 15,5321.8578843292225
52_20240827 16,5320.228768586034
52_20240827 17,5274.17562295119
52_20240827 18,5142.691746136282
52_20240827 19,5063.606541646358
52_20240827 20,5053.316900498492
52_20240827 21,5023.927197763125
52_20240827 22,5086.251800999511
52_20240827 23,5219.190261245093
52_20240828 00,5110.110315372749
52_20240828 01,5054.210913366676
52_20240828 02,5042.210792899166
52_20240828 03,5039.92186165407
52_20240828 04,5022.994905642645
52_20240828 05,5023.002654367371
52_20240828 06,5051.145407464219
52_20240828 07,5073.61216803575
52_20240828 08,5177.367723141622
52_20240828 09,5276.388524079674
52_20240828 10,5269.062842868263
52_20240828 11,5260.630764279287
52_20240828 12,5281.610159457447
52_20240828 13,5276.338541478215
52_20240828 14,5289.897770623402
52_20240828 15,5296.541827882998
52_20240828 16,5313.146306078761
52_20240828 17,5258.620704735659
52_20240828 18,5142.092060642586
52_20240828 19,5068.804483701782
52_20240828 20,5060.651046156075
52_20240828 21,5042.817689060575
52_20240828 22,5146.718017584788
52_20240828 23,5259.801969142574
52_20240829 00,5183.672351813267
52_20240829 01,5163.917360227106
52_20240829 02,5134.567846307531
52_20240829 03,5132.6457863136675
52_20240829 04,5116.091384073521
52_20240829 05,5109.747746906398
52_20240829 06,5098.869061741909
52_20240829 07,5116.04975156255
52_20240829 08,5173.0772709176745
52_20240829 09,5258.504727883168
52_20240829 10,5259.306485528763
52_20240829 11,5256.619387102548
52_20240829 12,5255.818215568094
52_20240829 13,5266.072287482246
52_20240829 14,5284.458614399164
52_20240829 15,5287.317982848232
52_20240829 16,5273.27034476469
52_20240829 17,5264.549793074653
52_20240829 18,5163.811520366409
52_20240829 19,5091.357986244603
52_20240829 20,5072.328432281043
52_20240829 21,5062.109807273684
52_20240829 22,5126.545740376106
52_20240829 23,5221.342001051774
52_20240830 00,5125.375699507649
52_20240830 01,5070.63182610792
52_20240830 02,5040.013322690109
52_20240830 03,5035.107458111563
52_20240830 04,5024.735003273131
52_20240830 05,5019.6071729103915
52_20240830 06,5045.404280108902
52_20240830 07,5057.191500151063
52_20240830 08,5158.915890196517
52_20240830 09,5232.23090168511
52_20240830 10,5237.555439885933
52_20240830 11,5226.9596304486895
52_20240830 12,5256.04644990784
52_20240830 13,5253.454705119992
52_20240830 14,5288.308802347483
52_20240830 15,5283.999501894551
52_20240830 16,5293.703726725501
52_20240830 17,5236.153850245557
52_20240830 18,5119.6276590262005
52_20240830 19,5066.845785298766
52_20240830 20,5045.191379290416
52_20240830 21,5043.879041990117
52_20240830 22,5135.622349357997
52_20240830 23,5268.569162725538
52_20240831 00,5139.561591918839
52_20240831 01,5114.741852134043
52_20240831 02,5128.877592669503
52_20240831 03,5144.772017940771
52_20240831 04,5126.728420208932
52_20240831 05,5111.673860663467
52_20240831 06,5074.515312616859
52_20240831 07,5025.396693228542
52_20240831 08,4993.440297529621
52_20240831 09,4990.355776236023
52_20240831 10,4978.506232237664
52_20240831 11,4976.725451581653
52_20240831 12,5010.537480927841
52_20240831 13,4990.3619141487725
52_20240831 14,4986.92211850797
52_20240831 15,5026.552842873616
52_20240831 16,5027.3230368139075
52_20240831 17,5017.213611786011
52_20240831 18,5017.440200327154
52_20240831 19,5008.3903285514
52_20240831 20,4987.210346098167
52_20240831 21,4988.080416249815
52_20240831 22,5043.9999585726055
52_20240831 23,5076.612037794589
53_20240825 00,1409.2086064337432
53_20240825 01,1389.5916929482266
53_20240825 02,1414.4467890660617
53_20240825 03,1413.2704272696064
53_20240825 04,1419.6823608487098
53_20240825 05,1412.8744434158243
53_20240825 06,1393.5249205048083
53_20240825 07,1351.9681270927583
53_20240825 08,1349.1300500489351
53_20240825 09,1346.0123466715763
53_20240825 10,1311.0887618748745
53_20240825 11,1312.6342103542738
53_20240825 12,1306.6627995826661
53_20240825 13,1308.2376332403646
53_20240825 14,1314.206519981311
53_20240825 15,1314.5035077790035
53_20240825 16,1317.408712292257
53_20240825 17,1321.639194257098
53_20240825 18,1344.8351882383572
53_20240825 19,1334.6902562370071
53_20240825 20,1341.850746758675
53_20240825 21,1318.8109927934352
53_20240825 22,1286.8866917563587
53_20240825 23,1252.3056118729999
53_20240826 00,1269.2293523950443
53_20240826 01,1289.2058375998527
53_20240826 02,1300.5369337395864
53_20240826 03,1306.8787726743396
53_20240826 04,1323.6126350930351
53_20240826 05,1365.9475243454444
53_20240826 06,1541.821216023809
53_20240826 07,1672.2256570640689
53_20240826 08,1852.6827077864748
53_20240826 09,1975.0477441105659
53_20240826 10,2095.259197648025
53_20240826 11,2105.9693837211744
53_20240826 12,2106.6452556231316
53_20240826 13,2110.1869272182244
53_20240826 14,2194.0242558381387
53_20240826 15,2222.807743056134
53_20240826 16,2205.398944047059
53_20240826 17,2160.059138827377
53_20240826 18,1962.5693048643684
53_20240826 19,1811.148761035554
53_20240826 20,1732.300945412064
53_20240826 21,1690.8322036366533
53_20240826 22,1641.371505443049
53_20240826 23,1601.0243271863042
53_20240827 00,1574.2950429747707
53_20240827 01,1592.3632290714736
53_20240827 02,1599.9063450994227
53_20240827 03,1593.113744048137
53_20240827 04,1595.9469340998653
53_20240827 05,1637.1744397009975
53_20240827 06,1709.6541483062063
53_20240827 07,1786.2378724118716
53_20240827 08,1965.8206935007615
53_20240827 09,2105.924915114393
53_20240827 10,2147.7126858966885
53_20240827 11,2174.86341055887
53_20240827 12,2147.953790432281
53_20240827 13,2119.637100866043
53_20240827 14,2225.224177863406
53_20240827 15,2259.4201801793038
53_20240827 16,2231.2303212774364
53_20240827 17,2171.0637075979757
53_20240827 18,2019.0086475134717
53_20240827 19,1825.2145768571654
53_20240827 20,1755.6570849804202
53_20240827 21,1727.6489659641938
53_20240827 22,1677.168775567833
53_20240827 23,1623.3272788380466
53_20240828 00,1593.9628740272435
53_20240828 01,1630.436667168452
53_20240828 02,1620.7087722745891
53_20240828 03,1628.4106957556119
53_20240828 04,1636.1981387023566
53_20240828 05,1649.3507419739758
53_20240828 06,1692.494923326044
53_20240828 07,1793.9115697616608
53_20240828 08,1985.5894166621456
53_20240828 09,2126.313811821644
53_20240828 10,2166.040130826579
53_20240828 11,2193.9350013994567
53_20240828 12,2193.2448010622757
53_20240828 13,2177.4600540627944
53_20240828 14,2253.190014999912
53_20240828 15,2291.936465474145
53_20240828 16,2298.0069078982096
53_20240828 17,2212.8215822108564
53_20240828 18,2023.8040113251645
53_20240828 19,1824.6924069365218
53_20240828 20,1778.3820994243054
53_20240828 21,1737.7633734729482
53_20240828 22,1675.0501381926283
53_20240828 23,1638.2988077567056
53_20240829 00,1622.0481165380718
53_20240829 01,1611.1747659048226
53_20240829 02,1610.6333751244733
53_20240829 03,1612.5947364732685
53_20240829 04,1605.7659969298604
53_20240829 05,1649.1906675627006
53_20240829 06,1695.9186474215253
53_20240829 07,1781.5096561768223
53_20240829 08,1934.1983125367497
53_20240829 09,2107.6472599535705
53_20240829 10,2149.8801754015153
53_20240829 11,2170.2936680706343
53_20240829 12,2206.6661349972246
53_20240829 13,2198.9841599529764
53_20240829 14,2221.9620714021403
53_20240829 15,2220.5422926442416
53_20240829 16,2234.7969799202806
53_20240829 17,2170.53418111345
53_20240829 18,2010.1256540452164
53_20240829 19,1822.3833529636443
53_20240829 20,1757.1306686732182
53_20240829 21,1729.4102030448594
53_20240829 22,1674.2695323022506
53_20240829 23,1630.9297914288547
53_20240830 00,1596.9139866697308
53_20240830 01,1595.75088767809
53_20240830 02,1595.9335720541085
53_20240830 03,1593.9527646334295
53_20240830 04,1582.2779056541758
53_20240830 05,1608.891830625777
53_20240830 06,1676.2388803077624
53_20240830 07,1720.7957462825132
53_20240830 08,1902.029293754335
53_20240830 09,2063.4038237538944
53_20240830 10,2057.7757968729693
53_20240830 11,2062.698812427563
53_20240830 12,2096.9284499889404
53_20240830 13,2079.2610668795505
53_20240830 14,2124.5785661184077
53_20240830 15,2160.6389830584917
53_20240830 16,2108.1325145259725
53_20240830 17,2076.2377401889435
53_20240830 18,1852.385054067724
53_20240830 19,1769.2909763266744
53_20240830 20,1692.7273034727427
53_20240830 21,1648.5332394791585
53_20240830 22,1609.7937147446264
53_20240830 23,1580.1244553708157
53_20240831 00,1535.736425243023
53_20240831 01,1533.8582828758863
53_20240831 02,1556.1022179196389
53_20240831 03,1553.1762155954307
53_20240831 04,1537.7240016981118
53_20240831 05,1532.745720169951
53_20240831 06,1520.2923180919706
53_20240831 07,1518.8291894182619
53_20240831 08,1493.9243300445737
53_20240831 09,1439.2373922992479
53_20240831 10,1380.6035484524605
53_20240831 11,1365.0355732672656
53_20240831 12,1417.372553603855
53_20240831 13,1422.88927006331
53_20240831 14,1447.8442642151015
53_20240831 15,1456.6385538495097
53_20240831 16,1437.5188469991454
53_20240831 17,1473.068168423869
53_20240831 18,1493.4777633489052
53_20240831 19,1477.1031039473842
53_20240831 20,1472.9711285135886
53_20240831 21,1447.5783428854977
53_20240831 22,1410.4664743512826
53_20240831 23,1361.3973872273841
54_20240825 00,3422.095780423464
54_20240825 01,3231.627790862442
54_20240825 02,2701.672972460019
54_20240825 03,2410.867017435384
54_20240825 04,2259.7032871511888
54_20240825 05,1816.3336299214884
54_20240825 06,919.8766137292977
54_20240825 07,1098.5454329565607
54_20240825 08,1459.9253441492747
54_20240825 09,2076.6413780697385
54_20240825 10,4028.0564435818515
54_20240825 11,4450.587074347349
54_20240825 12,4541.591863844911
54_20240825 13,4611.472850981574
54_20240825 14,4577.942238201285
54_20240825 15,4500.415983751568
54_20240825 16,4456.553433165207
54_20240825 17,4329.487267362848
54_20240825 18,4138.316679901953
54_20240825 19,3972.5625317326453
54_20240825 20,3450.5246006344296
54_20240825 21,1643.0354623111962
54_20240825 22,2460.1490850804057
54_20240825 23,3451.1067979884774
54_20240826 00,3321.2119055243284
54_20240826 01,3168.193665970051
54_20240826 02,2693.663352026
54_20240826 03,2315.0054340899733
54_20240826 04,2296.9586595754354
54_20240826 05,1784.2973571668808
54_20240826 06,1020.8018040534698
54_20240826 07,1105.4320725234375
54_20240826 08,1480.3466787119817
54_20240826 09,2021.2075237951235
54_20240826 10,3830.3408639424056
54_20240826 11,4417.046436207149
54_20240826 12,4481.498160529015
54_20240826 13,4459.619613896602
54_20240826 14,4470.738391067833
54_20240826 15,4469.996052415734
54_20240826 16,4295.562915285074
54_20240826 17,4063.761952320814
54_20240826 18,3848.8067260504204
54_20240826 19,3509.360806570898
54_20240826 20,2602.0125398831688
54_20240826 21,1472.2929798424811
54_20240826 22,2286.6635938630775
54_20240826 23,3107.1026882498077
54_20240827 00,2514.3351797107052
54_20240827 01,2381.251682173244
54_20240827 02,2046.6455907545421
54_20240827 03,1747.0527019441652
54_20240827 04,1633.924534522329
54_20240827 05,1389.5959511832712
54_20240827 06,898.2771926285474
54_20240827 07,1020.1748110922417
54_20240827 08,1500.6716195158797
54_20240827 09,2044.8977535607523
54_20240827 10,3724.465992694796
54_20240827 11,4248.485283650734
54_20240827 12,4366.7168056718965
54_20240827 13,4372.007753555759
54_20240827 14,4360.200250604873
54_20240827 15,4320.720218249062
54_20240827 16,4353.308739628395
54_20240827 17,4139.740089470424
54_20240827 18,4016.0372729288647
54_20240827 19,3665.350536862516
54_20240827 20,2715.0890112553157
54_20240827 21,1484.2109375108266
54_20240827 22,2398.2942020658265
54_20240827 23,3448.952417603755
54_20240828 00,3396.3761860076743
54_20240828 01,3089.895897720966
54_20240828 02,2518.401430982345
54_20240828 03,2033.9669452494568
54_20240828 04,1832.3298636348586
54_20240828 05,1425.2331540116538
54_20240828 06,935.9955570905701
54_20240828 07,1062.0401282101307
54_20240828 08,1444.1443651202571
54_20240828 09,2022.589574714884
54_20240828 10,3727.780708231658
54_20240828 11,4247.768114190705
54_20240828 12,4415.36839859773
54_20240828 13,4547.945832581444
54_20240828 14,4499.648625099566
54_20240828 15,4432.2018102861975
54_20240828 16,4394.368115792324
54_20240828 17,4196.413933303169
54_20240828 18,4003.8276814917785
54_20240828 19,3689.95920342249
54_20240828 20,2742.4175915838296
54_20240828 21,1504.0504861086258
54_20240828 22,2303.4679516952247
54_20240828 23,3488.0027582685398
54_20240829 00,3352.0780400454105
54_20240829 01,3102.4939449689728
54_20240829 02,2511.2022626233515
54_20240829 03,2008.5085067325826
54_20240829 04,1724.6084557694955
54_20240829 05,1381.0466358049716
54_20240829 06,1082.2472211202355
54_20240829 07,1137.0807202867513
54_20240829 08,1428.1927178588362
54_20240829 09,2017.8735608729107
54_20240829 10,3723.6472404529814
54_20240829 11,4212.339174879255
54_20240829 12,4384.753961980526
54_20240829 13,4400.162823716287
54_20240829 14,4418.21878912453
54_20240829 15,4371.149586491351
54_20240829 16,4296.368980087241
54_20240829 17,4141.599664289471
54_20240829 18,3928.6909905272473
54_20240829 19,3733.282668386115
54_20240829 20,2856.289164599827
54_20240829 21,1503.8633564847355
54_20240829 22,2234.051903456418
54_20240829 23,3387.5301705128895
54_20240830 00,3313.4391900116207
54_20240830 01,3146.689141865791
54_20240830 02,2647.635118507984
54_20240830 03,2127.259581762707
54_20240830 04,2047.7793537216874
54_20240830 05,1676.667047175642
54_20240830 06,913.150432174796
54_20240830 07,1015.1251369638522
54_20240830 08,1456.550917304579
54_20240830 09,2046.849449456447
54_20240830 10,3673.0105753589733
54_20240830 11,4217.6029888250105
54_20240830 12,4336.317288530661
54_20240830 13,4379.5434418735485
54_20240830 14,4305.844747416062
54_20240830 15,4298.778853442363
54_20240830 16,4270.391149169642
54_20240830 17,4110.676503599554
54_20240830 18,3943.499801533462
54_20240830 19,3750.9837188815577
54_20240830 20,3208.250942607863
54_20240830 21,1538.4051601165277
54_20240830 22,2252.0393113009404
54_20240830 23,3450.5530958233867
54_20240831 00,3367.095175242463
54_20240831 01,3163.810993414084
54_20240831 02,2426.6218544613666
54_20240831 03,1978.8202693648227
54_20240831 04,1854.7078699060648
54_20240831 05,1456.7769998441704
54_20240831 06,859.2902843596339
54_20240831 07,1059.0566514184434
54_20240831 08,1454.4115533305799
54_20240831 09,2023.1042208920064
54_20240831 10,3718.79893076168
54_20240831 11,4379.525062402052
54_20240831 12,4467.0928321518795
54_20240831 13,4492.862383214304
54_20240831 14,4506.437594697954
54_20240831 15,4395.788724354032
54_20240831 16,4316.135912819129
54_20240831 17,4169.371779370072
54_20240831 18,4049.3036474668816
54_20240831 19,3842.4824274111224
54_20240831 20,3341.769832807119
54_20240831 21,1527.5336562419948
54_20240831 22,2267.3991312706753
54_20240831 23,3462.1715510219374
55_20240825 00,9047.050411477334
55_20240825 01,8919.880801543311
55_20240825 02,8810.30870736139
55_20240825 03,8764.221655516465
55_20240825 04,8614.880040441734
55_20240825 05,8465.505018925247
55_20240825 06,8412.190904835026
55_20240825 07,8667.976205932311
55_20240825 08,8772.076770519321
55_20240825 09,8859.91795748804
55_20240825 10,8890.321551076438
55_20240825 11,9042.604201847078
55_20240825 12,9163.767081359802
55_20240825 13,9321.0520571901
55_20240825 14,9499.569360527748
55_20240825 15,9609.636119590261
55_20240825 16,9778.444561333006
55_20240825 17,9881.252294561878
55_20240825 18,9723.103062239206
55_20240825 19,9522.727798096164
55_20240825 20,9415.191684528678
55_20240825 21,9280.716157502582
55_20240825 22,9125.150012125474
55_20240825 23,9131.834299041055
55_20240826 00,9226.05539068508
55_20240826 01,9205.966605634367
55_20240826 02,8952.892598410916
55_20240826 03,8850.076096241828
55_20240826 04,8688.048131806088
55_20240826 05,8642.545178578868
55_20240826 06,8676.787002385097
55_20240826 07,8945.38586328051
55_20240826 08,9358.470451607287
55_20240826 09,10253.051532849344
55_20240826 10,10465.638004130988
55_20240826 11,10645.700699991285
55_20240826 12,10962.261051125723
55_20240826 13,10948.847274899046
55_20240826 14,10903.422513339861
55_20240826 15,10932.784364948144
55_20240826 16,11050.735713461243
55_20240826 17,11286.244956640792
55_20240826 18,10694.466393273866
55_20240826 19,10525.59829788796
55_20240826 20,10180.867784964561
55_20240826 21,9780.821140855263
55_20240826 22,9563.718597191066
55_20240826 23,9429.101482396101
55_20240827 00,9323.844223800716
55_20240827 01,9331.784768843772
55_20240827 02,9121.126897526427
55_20240827 03,8994.731633048694
55_20240827 04,8834.447909048416
55_20240827 05,8792.70842383692
55_20240827 06,8739.165582252317
55_20240827 07,8945.842256618316
55_20240827 08,9270.331747398264
55_20240827 09,10147.79855550405
55_20240827 10,10392.076771014446
55_20240827 11,10502.721790983423
55_20240827 12,10404.90616112698
55_20240827 13,10196.026822378504
55_20240827 14,10262.50937111116
55_20240827 15,9959.624648232595
55_20240827 16,10005.896948525522
55_20240827 17,10064.47042347545
55_20240827 18,9790.685230202664
55_20240827 19,9745.507875848596
55_20240827 20,9598.014703117648
55_20240827 21,9363.476045867461
55_20240827 22,9160.58220417592
55_20240827 23,8951.333781836849
55_20240828 00,8967.045154676722
55_20240828 01,8784.408078554112
55_20240828 02,8627.540761113578
55_20240828 03,8594.236470799311
55_20240828 04,8403.47954564448
55_20240828 05,8425.587860169475
55_20240828 06,8446.13432001309
55_20240828 07,8729.684169074435
55_20240828 08,8986.26919044933
55_20240828 09,9731.28141836336
55_20240828 10,9929.817521194476
55_20240828 11,10136.52630375339
55_20240828 12,10260.434064412155
55_20240828 13,10107.027493977144
55_20240828 14,10259.864823959673
55_20240828 15,10054.654008941263
55_20240828 16,10193.496244796952
55_20240828 17,10270.846803113021
55_20240828 18,10064.935853370424
55_20240828 19,9939.752942220184
55_20240828 20,9752.208536558002
55_20240828 21,9419.130648405246
55_20240828 22,9300.361819584525
55_20240828 23,9146.337554129655
55_20240829 00,9120.991097245587
55_20240829 01,9108.263376787803
55_20240829 02,8966.51121423972
55_20240829 03,8858.681934939275
55_20240829 04,8704.837935406536
55_20240829 05,8667.444244225893
55_20240829 06,8723.694214148614
55_20240829 07,8962.862715161387
55_20240829 08,9225.027443098841
55_20240829 09,10035.332931105673
55_20240829 10,10353.988007699245
55_20240829 11,10368.406253257685
55_20240829 12,10494.493444626447
55_20240829 13,10451.456243122697
55_20240829 14,10359.215451438726
55_20240829 15,10232.761803958412
55_20240829 16,10454.723547910055
55_20240829 17,10571.036895860445
55_20240829 18,10152.955243345396
55_20240829 19,9945.93141016396
55_20240829 20,9687.516777592033
55_20240829 21,9435.049010895635
55_20240829 22,9247.097122977342
55_20240829 23,9117.777026864425
55_20240830 00,9013.275785766276
55_20240830 01,9043.680951097085
55_20240830 02,8827.710676042812
55_20240830 03,8794.565095609556
55_20240830 04,8555.506024042505
55_20240830 05,8472.341621276591
55_20240830 06,8426.889167315861
55_20240830 07,8586.284619889231
55_20240830 08,8792.433042513687
55_20240830 09,9585.60788908654
55_20240830 10,9768.950502948463
55_20240830 11,9833.05257199052
55_20240830 12,10311.381808431164
55_20240830 13,10225.787532822158
55_20240830 14,10242.537538412818
55_20240830 15,10333.413268036355
55_20240830 16,10399.511073365898
55_20240830 17,10711.631254029033
55_20240830 18,10131.089757202442
55_20240830 19,9689.347575933232
55_20240830 20,9388.233062785437
55_20240830 21,9099.483840986437
55_20240830 22,8822.737786389975
55_20240830 23,8646.454319277613
55_20240831 00,8646.521473189508
55_20240831 01,8559.443405935375
55_20240831 02,8421.612976291497
55_20240831 03,8326.005061858486
55_20240831 04,8163.059997998822
55_20240831 05,8043.793706969414
55_20240831 06,7971.497532181882
55_20240831 07,8144.997475735643
55_20240831 08,8368.314525555694
55_20240831 09,8387.122882658292
55_20240831 10,8406.758383517245
55_20240831 11,8514.247930974427
55_20240831 12,8841.514503734168
55_20240831 13,8755.140996573842
55_20240831 14,8897.758884112356
55_20240831 15,9047.746585657871
55_20240831 16,9187.216094573985
55_20240831 17,9224.107659767158
55_20240831 18,8978.154697156355
55_20240831 19,8897.148502159227
55_20240831 20,8702.175806535175
55_20240831 21,8571.967062051426
55_20240831 22,8500.979073242157
55_20240831 23,8474.042111184477
56_20240825 00,5489.943625917179
56_20240825 01,5501.086835998291
56_20240825 02,5496.854069629961
56_20240825 03,5480.062268691529
56_20240825 04,5483.123013070736
56_20240825 05,5444.738824787698
56_20240825 06,5446.7490053417805
56_20240825 07,5493.149988765899
56_20240825 08,5535.379899560552
56_20240825 09,5583.4327119048885
56_20240825 10,5676.566077259306
56_20240825 11,5708.593521408372
56_20240825 12,5740.096210808799
56_20240825 13,5746.879243463932
56_20240825 14,5751.013430363147
56_20240825 15,5754.9163286767725
56_20240825 16,5730.590566837098
56_20240825 17,5706.619290651761
56_20240825 18,5683.490762656382
56_20240825 19,5636.451661096596
56_20240825 20,5579.041431305848
56_20240825 21,5571.435139119536
56_20240825 22,5545.878543084208
56_20240825 23,5539.284426371856
56_20240826 00,5523.859792286095
56_20240826 01,5527.751116462804
56_20240826 02,5526.575482819523
56_20240826 03,5531.266449891433
56_20240826 04,5533.815829613695
56_20240826 05,5494.934751096212
56_20240826 06,5488.321819642462
56_20240826 07,5517.328343514462
56_20240826 08,5573.860329831699
56_20240826 09,5637.086703585798
56_20240826 10,5713.127656771071
56_20240826 11,5763.261168452863
56_20240826 12,5807.987271811133
56_20240826 13,5859.245101601329
56_20240826 14,5888.8975979000315
56_20240826 15,5897.276014202383
56_20240826 16,5827.737958666297
56_20240826 17,5771.931290115903
56_20240826 18,5671.929984347196
56_20240826 19,5643.418667215788
56_20240826 20,5581.557980945335
56_20240826 21,5566.276127640056
56_20240826 22,5562.932595341388
56_20240826 23,5551.613811507619
56_20240827 00,5526.7797253203125
56_20240827 01,5540.050311492621
56_20240827 02,5542.9068046793
56_20240827 03,5537.8842844006795
56_20240827 04,5517.012946118726
56_20240827 05,5474.956884015033
56_20240827 06,5458.389776249339
56_20240827 07,5498.889763990867
56_20240827 08,5563.349945466996
56_20240827 09,5624.220862894163
56_20240827 10,5659.262479290459
56_20240827 11,5665.152391943728
56_20240827 12,5712.96154351987
56_20240827 13,5740.3774617290865
56_20240827 14,5749.295297623612
56_20240827 15,5760.370689384134
56_20240827 16,5755.977140326078
56_20240827 17,5750.0817334312505
56_20240827 18,5694.45067096252
56_20240827 19,5568.244716372548
56_20240827 20,5530.873480727635
56_20240827 21,5497.472627182617
56_20240827 22,5485.235687015676
56_20240827 23,5495.772125476746
56_20240828 00,5468.628216457915
56_20240828 01,5468.501259039204
56_20240828 02,5460.945561728386
56_20240828 03,5454.407021144047
56_20240828 04,5439.9847043405525
56_20240828 05,5393.213740189212
56_20240828 06,5372.666772816307
56_20240828 07,5429.815985232718
56_20240828 08,5541.127618067875
56_20240828 09,5629.277356661285
56_20240828 10,5719.349750224673
56_20240828 11,5780.719589040111
56_20240828 12,5844.5663743324585
56_20240828 13,5882.2561923290705
56_20240828 14,5901.229117346087
56_20240828 15,5912.59880317169
56_20240828 16,5842.887214204195
56_20240828 17,5807.1643378714425
56_20240828 18,5740.418150326549
56_20240828 19,5635.060808302131
56_20240828 20,5583.433047629218
56_20240828 21,5570.441887140194
56_20240828 22,5543.115862425991
56_20240828 23,5511.256743130489
56_20240829 00,5434.475772736812
56_20240829 01,5436.353800839206
56_20240829 02,5431.320798120005
56_20240829 03,5423.052303245479
56_20240829 04,5414.302127280143
56_20240829 05,5355.5291125255235
56_20240829 06,5354.486811106506
56_20240829 07,5414.510137926398
56_20240829 08,5527.0905665898235
56_20240829 09,5613.625081790446
56_20240829 10,5651.29246445046
56_20240829 11,5689.367466306824
56_20240829 12,5792.69887584999
56_20240829 13,5801.101509346339
56_20240829 14,5868.735383089472
56_20240829 15,5881.430227154094
56_20240829 16,5878.742986768119
56_20240829 17,5823.4423811449615
56_20240829 18,5676.246700484637
56_20240829 19,5616.580724795201
56_20240829 20,5561.77319184467
56_20240829 21,5500.126530801183
56_20240829 22,5490.4802691378645
56_20240829 23,5458.330847197491
56_20240830 00,5431.69669426735
56_20240830 01,5423.7749515797905
56_20240830 02,5414.723549297346
56_20240830 03,5415.9975385730595
56_20240830 04,5386.2313474643315
56_20240830 05,5333.8736756220405
56_20240830 06,5345.608937266923
56_20240830 07,5403.9936827899455
56_20240830 08,5484.33995589983
56_20240830 09,5594.564200699902
56_20240830 10,5637.577679063876
56_20240830 11,5757.878119963033
56_20240830 12,5789.553083042378
56_20240830 13,5820.008428909014
56_20240830 14,5883.734439544345
56_20240830 15,5886.575744203815
56_20240830 16,5799.025703810896
56_20240830 17,5750.241780905597
56_20240830 18,5672.334862110984
56_20240830 19,5620.338651364347
56_20240830 20,5550.786223198056
56_20240830 21,5494.234032336728
56_20240830 22,5465.060105356057
56_20240830 23,5449.700077371226
56_20240831 00,5401.8932681690585
56_20240831 01,5392.720799996756
56_20240831 02,5359.097377802916
56_20240831 03,5372.061238479274
56_20240831 04,5358.239095182982
56_20240831 05,5297.793775339969
56_20240831 06,5303.877278881435
56_20240831 07,5350.4790344972525
56_20240831 08,5466.468758823323
56_20240831 09,5557.133559702844
56_20240831 10,5601.300208878543
56_20240831 11,5614.379726695063
56_20240831 12,5671.8853581355925
56_20240831 13,5685.980531781059
56_20240831 14,5680.5408865604195
56_20240831 15,5699.696782256449
56_20240831 16,5693.883696446365
56_20240831 17,5686.488914977632
56_20240831 18,5660.123213355962
56_20240831 19,5577.879106527959
56_20240831 20,5512.472765658663
56_20240831 21,5501.454709941865
56_20240831 22,5478.983590315409
56_20240831 23,5453.055033171842
57_20240825 00,20368.10297451658
57_20240825 01,20286.598927619507
57_20240825 02,20208.74043875532
57_20240825 03,20140.433086426194
57_20240825 04,19917.850940997436
57_20240825 05,19650.047271444295
57_20240825 06,19342.088347863297
57_20240825 07,18287.074769044277
57_20240825 08,16313.008905525705
57_20240825 09,16692.784452341002
57_20240825 10,17165.883639989464
57_20240825 11,17293.176970606917
57_20240825 12,17342.939884279964
57_20240825 13,17367.293221318236
57_20240825 14,17397.068503844548
57_20240825 15,17389.01252734578
57_20240825 16,17437.069311360625
57_20240825 17,17400.011287248995
57_20240825 18,17403.365861240527
57_20240825 19,17289.776654009765
57_20240825 20,16944.553642537663
57_20240825 21,16930.482627071688
57_20240825 22,19316.71715659935
57_20240825 23,20675.89856336377
57_20240826 00,20375.83715896579
57_20240826 01,20257.138387999556
57_20240826 02,20194.442074886563
57_20240826 03,20131.300602248222
57_20240826 04,19898.815571229454
57_20240826 05,19618.013652704103
57_20240826 06,18769.83910914202
57_20240826 07,18230.044770642657
57_20240826 08,16350.896440982262
57_20240826 09,16684.980148681512
57_20240826 10,17178.36014670135
57_20240826 11,17263.27841358795
57_20240826 12,17294.409725793164
57_20240826 13,17339.616156305146
57_20240826 14,17387.12634189776
57_20240826 15,17511.609072426865
57_20240826 16,17545.930252557573
57_20240826 17,17418.26744902371
57_20240826 18,17417.482659382684
57_20240826 19,17194.71849082313
57_20240826 20,16892.803028908693
57_20240826 21,16894.437728920566
57_20240826 22,19243.577016927098
57_20240826 23,20588.92777663371
57_20240827 00,20372.572117131334
57_20240827 01,20223.28308393778
57_20240827 02,20137.073981889094
57_20240827 03,20030.795856651188
57_20240827 04,19749.701415569027
57_20240827 05,19423.154049974688
57_20240827 06,18731.176270072567
57_20240827 07,18022.873585532663
57_20240827 08,16034.313103026827
57_20240827 09,16488.019427500352
57_20240827 10,16978.318225561277
57_20240827 11,17026.337336717585
57_20240827 12,17059.47011663011
57_20240827 13,17077.282063663075
57_20240827 14,17142.083446239805
57_20240827 15,17162.248436615864
57_20240827 16,17213.312588912493
57_20240827 17,17171.680516675588
57_20240827 18,17151.30150933938
57_20240827 19,16906.746318597816
57_20240827 20,16661.231028996837
57_20240827 21,16667.011942982987
57_20240827 22,18859.56076899232
57_20240827 23,20253.162109800593
57_20240828 00,19954.73708753662
57_20240828 01,19839.841697015025
57_20240828 02,19752.65271015367
57_20240828 03,19694.326444385017
57_20240828 04,19464.091271175406
57_20240828 05,19172.926313825446
57_20240828 06,18421.067286959456
57_20240828 07,18045.829871828162
57_20240828 08,16360.620616387298
57_20240828 09,16537.938628069853
57_20240828 10,16934.692095385843
57_20240828 11,17067.27135536979
57_20240828 12,17093.38463660948
57_20240828 13,17119.95447786251
57_20240828 14,17146.62513255413
57_20240828 15,17202.461139650295
57_20240828 16,17240.387414744684
57_20240828 17,17179.765612794003
57_20240828 18,17139.924930303292
57_20240828 19,16924.65850695708
57_20240828 20,16674.4752218183
57_20240828 21,16674.112791050393
57_20240828 22,18838.625586608992
57_20240828 23,20134.957289831815
57_20240829 00,19925.581639095188
57_20240829 01,19865.789444523907
57_20240829 02,19749.425003226715
57_20240829 03,19679.603509001172
57_20240829 04,19425.954720166716
57_20240829 05,19157.250596274174
57_20240829 06,18518.36378193682
57_20240829 07,18020.679601575826
57_20240829 08,16209.783362219412
57_20240829 09,16555.31576676845
57_20240829 10,16991.539610739546
57_20240829 11,17141.479341013415
57_20240829 12,17134.875337129204
57_20240829 13,17167.79886705906
57_20240829 14,17191.35219586818
57_20240829 15,17240.83587061049
57_20240829 16,17273.262416686557
57_20240829 17,17208.20247391679
57_20240829 18,17158.615339077936
57_20240829 19,16899.708974900634
57_20240829 20,16715.661188219903
57_20240829 21,16727.95701836281
57_20240829 22,18838.439024878237
57_20240829 23,20199.25394736683
57_20240830 00,19953.74211967113
57_20240830 01,19841.877299114472
57_20240830 02,19772.89362799663
57_20240830 03,19664.25002518881
57_20240830 04,19441.313780595105
57_20240830 05,19149.43447724392
57_20240830 06,18983.889977280753
57_20240830 07,17967.872603587028
57_20240830 08,16173.309568063522
57_20240830 09,16509.506511763706
57_20240830 10,16958.21777535849
57_20240830 11,17141.98740196874
57_20240830 12,17138.780777035296
57_20240830 13,17162.502629062896
57_20240830 14,17137.32220026983
57_20240830 15,17118.352513206464
57_20240830 16,17213.460209588116
57_20240830 17,17124.29525865305
57_20240830 18,17116.58351051621
57_20240830 19,16903.00947865024
57_20240830 20,16728.63575265293
57_20240830 21,16725.42295531099
57_20240830 22,18694.259105202615
57_20240830 23,19978.787560530538
57_20240831 00,19931.641047233086
57_20240831 01,19753.0356378051
57_20240831 02,19650.534939409925
57_20240831 03,19577.650305290703
57_20240831 04,19343.640123705594
57_20240831 05,19018.94857814448
57_20240831 06,18763.73828480348
57_20240831 07,17920.78444228211
57_20240831 08,16261.738615969582
57_20240831 09,16464.60228068585
57_20240831 10,16863.56084622712
57_20240831 11,16939.116828944945
57_20240831 12,16990.14649215476
57_20240831 13,17041.84580696183
57_20240831 14,17063.638810546316
57_20240831 15,17111.140771371134
57_20240831 16,17263.744746880107
57_20240831 17,17098.119780179295
57_20240831 18,17090.101812316243
57_20240831 19,16931.300854301513
57_20240831 20,16695.22001619731
57_20240831 21,16717.49883747914
57_20240831 22,18783.249261553963
57_20240831 23,20188.41898909895
58_20240825 00,1076.0979983967345
58_20240825 01,945.1497967507312
58_20240825 02,830.1427923900326
58_20240825 03,721.8755544257255
58_20240825 04,702.9751041235896
58_20240825 05,705.6578365689843
58_20240825 06,841.6999138674121
58_20240825 07,1291.6808355360463
58_20240825 08,1820.6115896543556
58_20240825 09,2114.004382513214
58_20240825 10,2413.483924899999
58_20240825 11,2606.4230245879135
58_20240825 12,2704.4001088379314
58_20240825 13,2752.195908221276
58_20240825 14,2802.6978061276495
58_20240825 15,2785.3649584414393
58_20240825 16,2750.161722759095
58_20240825 17,2733.29161302721
58_20240825 18,2627.116860602472
58_20240825 19,2486.4148278280145
58_20240825 20,2230.1755990253714
58_20240825 21,1821.3980899436142
58_20240825 22,1325.4017695348941
58_20240825 23,1177.1382515159964
58_20240826 00,1050.2402282573134
58_20240826 01,895.6948483387118
58_20240826 02,789.282259270298
58_20240826 03,711.8012305241833
58_20240826 04,682.319622081867
58_20240826 05,695.0325502592839
58_20240826 06,808.7655476036405
58_20240826 07,1214.1509168477025
58_20240826 08,1829.2061179619202
58_20240826 09,2169.8775205743787
58_20240826 10,2528.031626783177
58_20240826 11,2615.277483857947
58_20240826 12,2706.8236045417198
58_20240826 13,2742.8810709767063
58_20240826 14,2741.780581016683
58_20240826 15,2702.7761731790815
58_20240826 16,2634.617290467243
58_20240826 17,2634.878295515341
58_20240826 18,2462.755827003846
58_20240826 19,2257.016332288043
58_20240826 20,2036.1474227389435
58_20240826 21,1687.892192776543
58_20240826 22,1238.5065305928235
58_20240826 23,1121.8117198084115
58_20240827 00,1008.5024272974193
58_20240827 01,882.3413050743764
58_20240827 02,779.4577355047946
58_20240827 03,701.8102472036422
58_20240827 04,676.469480229953
58_20240827 05,682.9293479764897
58_20240827 06,796.8470897581469
58_20240827 07,1244.1528227205426
58_20240827 08,1754.4238598308048
58_20240827 09,2063.8117689589617
58_20240827 10,2339.8872376438194
58_20240827 11,2489.134324426166
58_20240827 12,2632.178622868286
58_20240827 13,2669.4234039026
58_20240827 14,2692.601598906517
58_20240827 15,2672.586644924552
58_20240827 16,2577.75013978268
58_20240827 17,2553.063949745062
58_20240827 18,2455.3598018564508
58_20240827 19,2295.889732524797
58_20240827 20,2035.001026086128
58_20240827 21,1641.8555332060803
58_20240827 22,1236.6479394260775
58_20240827 23,1103.138132417414
58_20240828 00,1007.2601835669211
58_20240828 01,887.9237010161914
58_20240828 02,785.6840528343428
58_20240828 03,701.6351973828223
58_20240828 04,668.0677866812471
58_20240828 05,678.6470979924684
58_20240828 06,782.5200373469578
58_20240828 07,1140.8592286719033
58_20240828 08,1689.0531324489652
58_20240828 09,2122.512969652572
58_20240828 10,2448.715872318758
58_20240828 11,2592.5047992158684
58_20240828 12,2670.3705742161305
58_20240828 13,2716.8251600355284
58_20240828 14,2706.9130443271197
58_20240828 15,2703.3629092118963
58_20240828 16,2667.142323790115
58_20240828 17,2613.485216040681
58_20240828 18,2449.5885364176174
58_20240828 19,2189.1254231451376
58_20240828 20,2025.4254847517702
58_20240828 21,1686.9243980209403
58_20240828 22,1254.1463589517778
58_20240828 23,1107.8310359621448
58_20240829 00,998.7663348743425
58_20240829 01,881.1477481156844
58_20240829 02,764.690554940573
58_20240829 03,702.4685039619715
58_20240829 04,671.5931021174171
58_20240829 05,680.0966633635524
58_20240829 06,790.354151179363
58_20240829 07,1167.995464843491
58_20240829 08,1779.529058402033
58_20240829 09,2159.529697445165
58_20240829 10,2405.699625945558
58_20240829 11,2554.518222192156
58_20240829 12,2659.7659478896876
58_20240829 13,2702.438815558606
58_20240829 14,2697.650636000077
58_20240829 15,2687.4676445309933
58_20240829 16,2662.749824527825
58_20240829 17,2619.316668379479
58_20240829 18,2466.696102044091
58_20240829 19,2270.4134192167976
58_20240829 20,2069.09124114569
58_20240829 21,1657.4572631804272
58_20240829 22,1257.4393851990467
58_20240829 23,1097.1746428023453
58_20240830 00,1002.8152627811735
58_20240830 01,873.808216746548
58_20240830 02,763.4657621733351
58_20240830 03,692.072176935449
58_20240830 04,668.4305692523907
58_20240830 05,679.7266642765244
58_20240830 06,786.0707442716803
58_20240830 07,1164.5357017183076
58_20240830 08,1723.645896517955
58_20240830 09,2127.389252002794
58_20240830 10,2470.2975303686926
58_20240830 11,2606.6085318640557
58_20240830 12,2657.703133237478
58_20240830 13,2686.166790296752
58_20240830 14,2672.3303377807642
58_20240830 15,2687.227726387075
58_20240830 16,2642.6960020074102
58_20240830 17,2611.798720637161
58_20240830 18,2480.7896164553667
58_20240830 19,2266.969504953549
58_20240830 20,2087.1171352757146
58_20240830 21,1730.3493533874178
58_20240830 22,1277.3842868306392
58_20240830 23,1127.9154789754332
58_20240831 00,1014.096422326224
58_20240831 01,908.4127474988059
58_20240831 02,787.7249485430269
58_20240831 03,715.1560404055526
58_20240831 04,691.0765616439314
58_20240831 05,696.7971553855456
58_20240831 06,782.1430212729965
58_20240831 07,1113.1199921498844
58_20240831 08,1597.383254458919
58_20240831 09,1986.9159571255861
58_20240831 10,2312.090024281079
58_20240831 11,2451.526400274117
58_20240831 12,2539.4770885201597
58_20240831 13,2599.400534126713
58_20240831 14,2683.5304176134428
58_20240831 15,2687.4458230225173
58_20240831 16,2646.0060576278656
58_20240831 17,2642.8931606612987
58_20240831 18,2459.166528873903
58_20240831 19,2260.6257394818213
58_20240831 20,2076.4907932472297
58_20240831 21,1740.3365429896908
58_20240831 22,1289.6305776990648
58_20240831 23,1117.0361757029696
59_20240825 00,447.3818218391577
59_20240825 01,426.68014118334287
59_20240825 02,432.3224210974651
59_20240825 03,432.89363255980277
59_20240825 04,434.28134044982653
59_20240825 05,425.413117132408
59_20240825 06,477.5334339151567
59_20240825 07,503.8689760438724
59_20240825 08,543.7909650448449
59_20240825 09,545.4697405884241
59_20240825 10,618.2603476588956
59_20240825 11,606.5513437022848
59_20240825 12,567.8947924375764
59_20240825 13,574.4079501241276
59_20240825 14,593.8610865380463
59_20240825 15,595.837708504602
59_20240825 16,593.8196512676402
59_20240825 17,570.7961560681163
59_20240825 18,560.5379344668834
59_20240825 19,541.4530517468868
59_20240825 20,535.4723707310251
59_20240825 21,536.8195151295199
59_20240825 22,532.72622026144
59_20240825 23,499.9982041188039
59_20240826 00,454.5624738386389
59_20240826 01,436.02054816892314
59_20240826 02,441.3569905548867
59_20240826 03,438.85282239229286
59_20240826 04,441.54168108857124
59_20240826 05,439.92825119858026
59_20240826 06,565.805241187873
59_20240826 07,723.4817867023883
59_20240826 08,1091.6775572424822
59_20240826 09,1351.5731474140691
59_20240826 10,1649.5084430501793
59_20240826 11,1722.8036791996851
59_20240826 12,1717.8259901052766
59_20240826 13,1707.7287007438308
59_20240826 14,1719.9334400665011
59_20240826 15,1703.094772714286
59_20240826 16,1671.0807992988562
59_20240826 17,1660.9251746617538
59_20240826 18,1631.4861940810865
59_20240826 19,1600.3799235767692
59_20240826 20,1476.064430086837
59_20240826 21,1211.6819477417457
59_20240826 22,978.3052594323736
59_20240826 23,683.5158334170569
59_20240827 00,454.04510916902257
59_20240827 01,429.7895699673146
59_20240827 02,440.095498008232
59_20240827 03,435.02000371525287
59_20240827 04,433.9300163862514
59_20240827 05,431.46737024882543
59_20240827 06,543.5611269280151
59_20240827 07,684.5144121886005
59_20240827 08,993.0898521854426
59_20240827 09,1248.990344433928
59_20240827 10,1551.257127069082
59_20240827 11,1576.7014364755566
59_20240827 12,1580.1478856482884
59_20240827 13,1593.5821707171513
59_20240827 14,1609.1200526506361
59_20240827 15,1595.160090967408
59_20240827 16,1570.149640097209
59_20240827 17,1564.1123923428443
59_20240827 18,1532.4203012313005
59_20240827 19,1484.1335288808061
59_20240827 20,1388.3594041119177
59_20240827 21,1140.29769925551
59_20240827 22,929.1065683969582
59_20240827 23,661.9411590712746
59_20240828 00,452.2532747242859
59_20240828 01,429.8663506842509
59_20240828 02,440.2561834691255
59_20240828 03,437.6561031622732
59_20240828 04,436.79306676744494
59_20240828 05,434.37763299080603
59_20240828 06,537.8249735757803
59_20240828 07,678.683671882298
59_20240828 08,953.4820004733724
59_20240828 09,1213.0802143511191
59_20240828 10,1529.490200669889
59_20240828 11,1611.9977603136178
59_20240828 12,1614.79794219095
59_20240828 13,1638.9635362673848
59_20240828 14,1651.9514055535394
59_20240828 15,1634.431439903613
59_20240828 16,1614.2211285613516
59_20240828 17,1596.6137534607153
59_20240828 18,1577.719262953426
59_20240828 19,1539.9195331875744
59_20240828 20,1461.4672377178392
59_20240828 21,1212.531147528864
59_20240828 22,953.9972931651507
59_20240828 23,674.866820172609
59_20240829 00,477.33930281851195
59_20240829 01,436.8662567309467
59_20240829 02,450.5774056522606
59_20240829 03,441.58628697555525
59_20240829 04,441.3001287100812
59_20240829 05,442.3177571611095
59_20240829 06,529.3036012739005
59_20240829 07,681.5750429593863
59_20240829 08,964.2680613519083
59_20240829 09,1227.7549374472428
59_20240829 10,1519.2353446905217
59_20240829 11,1639.4100190938843
59_20240829 12,1632.7133053774623
59_20240829 13,1636.2048152217253
59_20240829 14,1643.374775599555
59_20240829 15,1634.1369792295761
59_20240829 16,1616.1545908174858
59_20240829 17,1605.3616139176647
59_20240829 18,1593.9577641312135
59_20240829 19,1544.2799817841515
59_20240829 20,1455.766786936475
59_20240829 21,1174.3641119756248
59_20240829 22,935.9537391761801
59_20240829 23,644.0032981936818
59_20240830 00,456.4272696059883
59_20240830 01,435.80590491852774
59_20240830 02,446.6158991595924
59_20240830 03,442.42895919332966
59_20240830 04,443.554380834811
59_20240830 05,438.06009120178214
59_20240830 06,531.2652561031966
59_20240830 07,687.6968209583417
59_20240830 08,956.2023348372763
59_20240830 09,1238.0392366092747
59_20240830 10,1540.4592141779451
59_20240830 11,1623.6893839068553
59_20240830 12,1622.1709227829995
59_20240830 13,1613.1021743255096
59_20240830 14,1634.4117992156448
59_20240830 15,1624.9300253683725
59_20240830 16,1597.848545437099
59_20240830 17,1575.4116578634378
59_20240830 18,1558.7602282360438
59_20240830 19,1512.0413124193433
59_20240830 20,1443.9458797523205
59_20240830 21,1222.4950555146565
59_20240830 22,952.7863890149523
59_20240830 23,667.4009037568599
59_20240831 00,452.76799007329856
59_20240831 01,428.2184596015435
59_20240831 02,438.2319974633358
59_20240831 03,432.06188642008186
59_20240831 04,431.3360404865803
59_20240831 05,429.4623398600481
59_20240831 06,536.6256520547627
59_20240831 07,686.0637515021176
59_20240831 08,967.1814081627656
59_20240831 09,1239.1068998603641
59_20240831 10,1550.9178019090002
59_20240831 11,1664.395933708593
59_20240831 12,1716.741000266074
59_20240831 13,1749.1083542791032
59_20240831 14,1773.2554647135876
59_20240831 15,1768.9485798358246
59_20240831 16,1747.2808957972788
59_20240831 17,1740.998079497564
59_20240831 18,1710.9333862045592
59_20240831 19,1681.5597955830403
59_20240831 20,1557.6486142749068
59_20240831 21,1286.8367434928482
59_20240831 22,1034.2007991918185
59_20240831 23,690.4731321006027
60_20240825 00,3305.2184193591174
60_20240825 01,3177.7694612500945
60_20240825 02,3142.6533037185536
60_20240825 03,3118.0225673588216
60_20240825 04,3088.2226344466817
60_20240825 05,3031.589533911579
60_20240825 06,3007.2100320066975
60_20240825 07,3266.297117771015
60_20240825 08,3560.8068053089837
60_20240825 09,3677.2240854530205
60_20240825 10,3835.5652874737516
60_20240825 11,4023.010502351642
60_20240825 12,4037.10366900926
60_20240825 13,4077.696751095476
60_20240825 14,4133.260962343374
60_20240825 15,4111.852271412001
60_20240825 16,4158.774722811542
60_20240825 17,4070.408437031511
60_20240825 18,3965.251416833151
60_20240825 19,3834.7006578911783
60_20240825 20,3772.1396745345883
60_20240825 21,3609.5687771895455
60_20240825 22,3483.7729138680297
60_20240825 23,3379.6909383159473
60_20240826 00,3270.3856547418304
60_20240826 01,3147.141335799479
60_20240826 02,3150.1436501476883
60_20240826 03,3104.6622871577265
60_20240826 04,3071.456628390483
60_20240826 05,3054.590330593618
60_20240826 06,3068.8850350730327
60_20240826 07,3417.2837609824464
60_20240826 08,4085.136672622785
60_20240826 09,4749.4945784157535
60_20240826 10,5196.405904333893
60_20240826 11,5372.413166529805
60_20240826 12,5421.223982281996
60_20240826 13,5383.276642632255
60_20240826 14,5451.8579317034255
60_20240826 15,5460.299658233218
60_20240826 16,5322.340558037857
60_20240826 17,5133.2011662304485
60_20240826 18,4680.332668459843
60_20240826 19,4369.462890636396
60_20240826 20,4293.996121327216
60_20240826 21,4029.07793512867
60_20240826 22,3646.8561315731145
60_20240826 23,3464.1769143853107
60_20240827 00,3322.500593128173
60_20240827 01,3197.1737938058227
60_20240827 02,3164.761309056911
60_20240827 03,3116.055049984442
60_20240827 04,3094.0387482933183
60_20240827 05,3028.4217449883927
60_20240827 06,3026.7890721019176
60_20240827 07,3401.8967225383785
60_20240827 08,4006.4723710494
60_20240827 09,4565.92762409237
60_20240827 10,4892.966224943686
60_20240827 11,4974.301816517296
60_20240827 12,4988.3017239489645
60_20240827 13,4999.50794542068
60_20240827 14,5100.303161337661
60_20240827 15,5155.586598179026
60_20240827 16,5047.841117848509
60_20240827 17,4871.891254040277
60_20240827 18,4556.69523651623
60_20240827 19,4248.028180071126
60_20240827 20,4192.847676137373
60_20240827 21,3882.0516522187886
60_20240827 22,3603.754904398999
60_20240827 23,3471.341668066656
60_20240828 00,3268.2601414310398
60_20240828 01,3133.1584171980194
60_20240828 02,3124.5206864250677
60_20240828 03,3048.474109563221
60_20240828 04,3007.209763635
60_20240828 05,2946.5874212412596
60_20240828 06,2945.555123661191
60_20240828 07,3258.3277768226426
60_20240828 08,4015.789376643041
60_20240828 09,4544.654326801062
60_20240828 10,5009.5661441564
60_20240828 11,5173.106479829647
60_20240828 12,5208.867319968325
60_20240828 13,5314.454822164769
60_20240828 14,5362.203435265388
60_20240828 15,5395.339033792632
60_20240828 16,5306.139618102298
60_20240828 17,5018.96177532062
60_20240828 18,4658.895656567742
60_20240828 19,4337.349480617933
60_20240828 20,4284.951533571469
60_20240828 21,3971.234327549707
60_20240828 22,3640.80415602402
60_20240828 23,3469.831417137637
60_20240829 00,3305.8755067507946
60_20240829 01,3104.2939436795914
60_20240829 02,3085.41515984303
60_20240829 03,3034.600138484679
60_20240829 04,2983.92370261672
60_20240829 05,2917.331796512959
60_20240829 06,2913.1707331379384
60_20240829 07,3203.1168152987875
60_20240829 08,3954.052631630878
60_20240829 09,4519.359656516887
60_20240829 10,4905.976553125643
60_20240829 11,5113.6928477448355
60_20240829 12,5210.409378683567
60_20240829 13,5278.486929514969
60_20240829 14,5324.018864997443
60_20240829 15,5335.050425552819
60_20240829 16,5242.233733727433
60_20240829 17,4957.441863084912
60_20240829 18,4605.223460494153
60_20240829 19,4295.232699033101
60_20240829 20,4190.468611797759
60_20240829 21,3939.6823817646355
60_20240829 22,3577.3051656565685
60_20240829 23,3387.755762410668
60_20240830 00,3317.0483670677277
60_20240830 01,3084.019161471891
60_20240830 02,3030.2471427037613
60_20240830 03,2985.3879735210508
60_20240830 04,2974.4731614954417
60_20240830 05,2894.403014690108
60_20240830 06,2882.1247803523784
60_20240830 07,3189.9845299787175
60_20240830 08,4008.4163066698466
60_20240830 09,4598.78576391754
60_20240830 10,5097.661470141638
60_20240830 11,5225.851675794488
60_20240830 12,5274.726100882549
60_20240830 13,5271.560981749073
60_20240830 14,5293.907342629715
60_20240830 15,5303.9203729443825
60_20240830 16,5234.4455285200265
60_20240830 17,4827.715560289803
60_20240830 18,4472.917076451305
60_20240830 19,4136.733287095259
60_20240830 20,4033.262348321542
60_20240830 21,3698.3250287588844
60_20240830 22,3446.708519657074
60_20240830 23,3249.2391837857926
60_20240831 00,3137.3058616548915
60_20240831 01,3049.3553538962165
60_20240831 02,2984.975013575489
60_20240831 03,2957.9275911752575
60_20240831 04,2910.681124391642
60_20240831 05,2865.249998189499
60_20240831 06,2830.824140277587
60_20240831 07,3038.037982055702
60_20240831 08,3373.9974821778414
60_20240831 09,3648.7416756129423
60_20240831 10,3776.299771766369
60_20240831 11,3994.8479987915007
60_20240831 12,4082.0359897549624
60_20240831 13,4150.886571563106
60_20240831 14,4192.422928609576
60_20240831 15,4218.771367717737
60_20240831 16,4198.11594884953
60_20240831 17,4147.015402606177
60_20240831 18,3944.1879682469257
60_20240831 19,3691.492012630244
60_20240831 20,3655.630031839838
60_20240831 21,3520.0736536096624
60_20240831 22,3233.491203710959
60_20240831 23,3160.8559198071225
61_20240825 00,1097.0420343126325
61_20240825 01,1061.5425896971728
61_20240825 02,1059.1025683993585
61_20240825 03,1049.6971498013604
61_20240825 04,1027.4748913153073
61_20240825 05,1016.513901461376
61_20240825 06,1036.5643429745332
61_20240825 07,1178.2340429554233
61_20240825 08,1808.5790331486064
61_20240825 09,3358.5347132333254
61_20240825 10,3541.437539094645
61_20240825 11,3642.476706226725
61_20240825 12,3650.4395583789974
61_20240825 13,3622.247968156552
61_20240825 14,3667.945096927311
61_20240825 15,3689.9978354598966
61_20240825 16,3736.4468972299774
61_20240825 17,3664.2656253447517
61_20240825 18,3378.441860821285
61_20240825 19,2130.408586776509
61_20240825 20,1504.4928532008657
61_20240825 21,1136.9757496859106
61_20240825 22,1044.5834175940813
61_20240825 23,1058.1974588837845
61_20240826 00,1088.0249905655205
61_20240826 01,1058.3853975528386
61_20240826 02,1057.15865170387
61_20240826 03,1044.9243966927347
61_20240826 04,1019.4717434384885
61_20240826 05,995.6201045157111
61_20240826 06,1024.0258100551248
61_20240826 07,1156.1207077765641
61_20240826 08,1642.6168485224393
61_20240826 09,3021.71510788317
61_20240826 10,3291.9686423953035
61_20240826 11,3361.326246570804
61_20240826 12,3373.3009500903677
61_20240826 13,3356.8113530299997
61_20240826 14,3380.8007173741657
61_20240826 15,3398.9091514004876
61_20240826 16,3397.976964444769
61_20240826 17,3281.7022688691186
61_20240826 18,3033.4883731822674
61_20240826 19,1862.517720141634
61_20240826 20,1350.445026750508
61_20240826 21,1074.7766673108235
61_20240826 22,1049.4106645631782
61_20240826 23,1050.6604719146517
61_20240827 00,1034.7627896843437
61_20240827 01,985.1329983243178
61_20240827 02,975.2379849774563
61_20240827 03,966.3679773922263
61_20240827 04,954.498597496874
61_20240827 05,934.6858890808717
61_20240827 06,943.4880337771615
61_20240827 07,1087.992661769788
61_20240827 08,1588.1485753433344
61_20240827 09,2862.5361323340458
61_20240827 10,3155.476042451252
61_20240827 11,3197.4192754174423
61_20240827 12,3194.7943017365396
61_20240827 13,3196.4849450856127
61_20240827 14,3189.4239959392144
61_20240827 15,3210.5166196650907
61_20240827 16,3190.5516428849787
61_20240827 17,3008.42382443249
61_20240827 18,2456.3860971031854
61_20240827 19,1537.4084738885351
61_20240827 20,1166.4069400919107
61_20240827 21,1001.5151510653027
61_20240827 22,986.0721188709604
61_20240827 23,996.8379891035761
61_20240828 00,1001.3072506190917
61_20240828 01,955.4458092121461
61_20240828 02,930.3510436266849
61_20240828 03,924.1360803876848
61_20240828 04,896.662996775987
61_20240828 05,908.1727075282151
61_20240828 06,929.8360524311734
61_20240828 07,1055.185602689251
61_20240828 08,1453.3905160692518
61_20240828 09,2690.4819948816566
61_20240828 10,3134.309600919174
61_20240828 11,3180.3738845495677
61_20240828 12,3180.195608832345
61_20240828 13,3200.6822049549264
61_20240828 14,3183.18365416416
61_20240828 15,3218.786050948281
61_20240828 16,3162.306986588518
61_20240828 17,3106.9138055505896
61_20240828 18,2755.4524097297167
61_20240828 19,1603.9193391218305
61_20240828 20,1221.6060945430436
61_20240828 21,991.461870848587
61_20240828 22,979.0983742669325
61_20240828 23,988.1140101350351
61_20240829 00,981.8052832230653
61_20240829 01,968.7254061938478
61_20240829 02,937.3307644117342
61_20240829 03,921.2285658383346
61_20240829 04,919.1614283773092
61_20240829 05,919.240049572638
61_20240829 06,936.6609895217124
61_20240829 07,1112.7852984214915
61_20240829 08,1611.2267244831185
61_20240829 09,2925.9741068619755
61_20240829 10,3168.6990187116007
61_20240829 11,3194.0344333238213
61_20240829 12,3217.0279133172603
61_20240829 13,3210.9634572786667
61_20240829 14,3229.104867939934
61_20240829 15,3239.6438758936492
61_20240829 16,3240.8357280404934
61_20240829 17,3187.5198998240585
61_20240829 18,2788.9171351414784
61_20240829 19,1755.470315621772
61_20240829 20,1217.287662733866
61_20240829 21,1070.9477378506172
61_20240829 22,1000.1106185149613
61_20240829 23,999.5931879898071
61_20240830 00,1021.960482750277
61_20240830 01,967.7516351150705
61_20240830 02,959.3742330578523
61_20240830 03,949.8160009644628
61_20240830 04,929.3438880135398
61_20240830 05,921.596062953834
61_20240830 06,948.6791857975703
61_20240830 07,1105.8661964219848
61_20240830 08,1482.016956574576
61_20240830 09,2810.2787297981495
61_20240830 10,3155.4425411008488
61_20240830 11,3237.6904405373166
61_20240830 12,3270.6315828966835
61_20240830 13,3247.7959371080788
61_20240830 14,3239.2749406405555
61_20240830 15,3285.424783675803
61_20240830 16,3270.8065285327916
61_20240830 17,3259.5742424458176
61_20240830 18,2954.519807151748
61_20240830 19,1927.395817901222
61_20240830 20,1380.886295513349
61_20240830 21,1108.444342399841
61_20240830 22,1042.9253026842998
61_20240830 23,1047.9249676965337
61_20240831 00,999.4427799702829
61_20240831 01,1006.8502352350478
61_20240831 02,997.6592773961281
61_20240831 03,955.0197959318958
61_20240831 04,939.457593526083
61_20240831 05,936.8477470246136
61_20240831 06,930.6656070620714
61_20240831 07,1118.1462691391332
61_20240831 08,1660.5936646018038
61_20240831 09,3002.632747002521
61_20240831 10,3397.0941559872927
61_20240831 11,3449.9704341433417
61_20240831 12,3486.2716673294294
61_20240831 13,3487.9006113249607
61_20240831 14,3560.724699373286
61_20240831 15,3583.6788552985154
61_20240831 16,3629.1628106611056
61_20240831 17,3574.3723018119626
61_20240831 18,3189.925326946297
61_20240831 19,2052.3136607803453
61_20240831 20,1601.7517149458529
61_20240831 21,1248.2385292228223
61_20240831 22,1090.4780139201998
61_20240831 23,1068.5099677839708
62_20240825 00,1553.9549761966305
62_20240825 01,1549.8211881203395
62_20240825 02,1530.9485894491881
62_20240825 03,1511.947559011467
62_20240825 04,1516.9889862685945
62_20240825 05,1521.7166760656082
62_20240825 06,1521.1172680870284
62_20240825 07,1538.06094278713
62_20240825 08,1578.2521968755623
62_20240825 09,1635.4731905220358
62_20240825 10,1692.3848434106585
62_20240825 11,1714.9380769180116
62_20240825 12,1719.2120717257412
62_20240825 13,1739.5204524109631
62_20240825 14,1763.5232585488498
62_20240825 15,1769.4147775733577
62_20240825 16,1776.0011783495445
62_20240825 17,1770.573487417988
62_20240825 18,1751.8821886445357
62_20240825 19,1675.14826436897
62_20240825 20,1639.1447020860196
62_20240825 21,1616.0526407337484
62_20240825 22,1585.0951122475576
62_20240825 23,1558.4689918953277
62_20240826 00,1589.4973987317721
62_20240826 01,1583.9977998742684
62_20240826 02,1559.3962155322733
62_20240826 03,1534.6277018210899
62_20240826 04,1524.026915908896
62_20240826 05,1525.2871618126483
62_20240826 06,1640.3453151568956
62_20240826 07,1980.9124767665012
62_20240826 08,2205.4304780487437
62_20240826 09,2321.9633493406227
62_20240826 10,2393.8158607379896
62_20240826 11,2444.8359012775472
62_20240826 12,2462.028319386619
62_20240826 13,2446.036000670225
62_20240826 14,2501.884175466075
62_20240826 15,2590.127089113943
62_20240826 16,2556.852480656405
62_20240826 17,2471.9992174150293
62_20240826 18,2248.231818909955
62_20240826 19,1950.2661504040034
62_20240826 20,1855.2198552470095
62_20240826 21,1794.5204112669346
62_20240826 22,1755.5724951292755
62_20240826 23,1691.2803875816755
62_20240827 00,1620.979517823866
62_20240827 01,1606.9143515387525
62_20240827 02,1588.738151357925
62_20240827 03,1577.0196024976385
62_20240827 04,1568.6841328015753
62_20240827 05,1575.5121073454225
62_20240827 06,1665.693050384714
62_20240827 07,1981.2750472182897
62_20240827 08,2145.868722213483
62_20240827 09,2269.432907285991
62_20240827 10,2356.650884108987
62_20240827 11,2370.4518365001113
62_20240827 12,2333.5754071039682
62_20240827 13,2365.846285563639
62_20240827 14,2396.7351133680345
62_20240827 15,2351.665542598953
62_20240827 16,2352.1308527860247
62_20240827 17,2279.9375322879937
62_20240827 18,2079.5458723055194
62_20240827 19,1843.5845230374932
62_20240827 20,1774.1293756143955
62_20240827 21,1683.335231279264
62_20240827 22,1640.0042436094432
62_20240827 23,1602.6855050348593
62_20240828 00,1557.480599220474
62_20240828 01,1550.5110347629561
62_20240828 02,1536.39165368258
62_20240828 03,1529.788733345716
62_20240828 04,1523.6894791420148
62_20240828 05,1523.5920330881245
62_20240828 06,1586.2301165151473
62_20240828 07,1907.206697908829
62_20240828 08,2089.5155766229445
62_20240828 09,2201.2557146561976
62_20240828 10,2320.8284930981017
62_20240828 11,2391.7985962184025
62_20240828 12,2323.86378762778
62_20240828 13,2373.583849771064
62_20240828 14,2405.420766869921
62_20240828 15,2402.1625521986516
62_20240828 16,2411.5489508448745
62_20240828 17,2299.3812261692055
62_20240828 18,2108.5930084113525
62_20240828 19,1828.6817078760935
62_20240828 20,1761.346860793422
62_20240828 21,1681.298142021614
62_20240828 22,1644.4035338339404
62_20240828 23,1595.6063912507511
62_20240829 00,1558.4933281218023
62_20240829 01,1549.0059202738248
62_20240829 02,1541.415089188199
62_20240829 03,1531.6983652859772
62_20240829 04,1518.1967718490105
62_20240829 05,1522.3996631367368
62_20240829 06,1580.900622957977
62_20240829 07,1924.9042804289843
62_20240829 08,2103.8570076952483
62_20240829 09,2204.363213870445
62_20240829 10,2354.3442644656684
62_20240829 11,2382.5390816807712
62_20240829 12,2355.118934878926
62_20240829 13,2394.2290744408338
62_20240829 14,2441.3751190398434
62_20240829 15,2430.568963091634
62_20240829 16,2404.8834425630957
62_20240829 17,2317.2200217256386
62_20240829 18,2137.140266561688
62_20240829 19,1839.6715908740337
62_20240829 20,1780.2241394222299
62_20240829 21,1695.1417094771482
62_20240829 22,1649.2301281707082
62_20240829 23,1604.731583010309
62_20240830 00,1564.0843345397768
62_20240830 01,1559.516847236448
62_20240830 02,1540.9061288662624
62_20240830 03,1535.5148771537424
62_20240830 04,1526.332259923735
62_20240830 05,1530.5745853572228
62_20240830 06,1588.0279907289348
62_20240830 07,1882.5668501748123
62_20240830 08,2080.8922514375217
62_20240830 09,2182.0833702136647
62_20240830 10,2333.5991112251486
62_20240830 11,2359.9334468550983
62_20240830 12,2326.14575661897
62_20240830 13,2334.0636891803288
62_20240830 14,2372.5126644002603
62_20240830 15,2326.571728166552
62_20240830 16,2309.2239903147283
62_20240830 17,2190.901666227995
62_20240830 18,2054.973004099729
62_20240830 19,1776.8855972881308
62_20240830 20,1687.2880307337273
62_20240830 21,1626.8712920171743
62_20240830 22,1613.3288530187501
62_20240830 23,1578.1117137210422
62_20240831 00,1530.492372010447
62_20240831 01,1510.2863517713904
62_20240831 02,1518.746072017938
62_20240831 03,1506.7443152896826
62_20240831 04,1488.2015155827303
62_20240831 05,1487.032692486261
62_20240831 06,1482.9987619106796
62_20240831 07,1509.7921203246867
62_20240831 08,1571.5493184616996
62_20240831 09,1624.2630881662208
62_20240831 10,1685.005707436941
62_20240831 11,1708.706424330765
62_20240831 12,1704.5964278946178
62_20240831 13,1699.877099535065
62_20240831 14,1726.9570438902608
62_20240831 15,1711.5476084897218
62_20240831 16,1703.2667233149614
62_20240831 17,1698.913822700939
62_20240831 18,1657.7709735210467
62_20240831 19,1615.1547005140674
62_20240831 20,1593.5536457430985
62_20240831 21,1565.6507454128716
62_20240831 22,1544.7621753238734
62_20240831 23,1527.4391119641
63_20240825 00,649.4137841066299
63_20240825 01,609.302052863258
63_20240825 02,581.9039759001198
63_20240825 03,558.828038024631
63_20240825 04,575.7732465745737
63_20240825 05,534.6744330131598
63_20240825 06,600.0558270726035
63_20240825 07,646.5834207395046
63_20240825 08,656.7236347318104
63_20240825 09,737.848906334098
63_20240825 10,802.7050865333599
63_20240825 11,769.5491434739772
63_20240825 12,821.1370531919695
63_20240825 13,764.71007068275
63_20240825 14,757.0143330024844
63_20240825 15,664.522517919784
63_20240825 16,676.3072045544121
63_20240825 17,631.2882065432783
63_20240825 18,623.088470361711
63_20240825 19,587.0727634473425
63_20240825 20,597.9979252587372
63_20240825 21,584.4226225528325
63_20240825 22,571.7853686154599
63_20240825 23,542.488677239194
63_20240826 00,649.0270910431929
63_20240826 01,595.7583014772663
63_20240826 02,567.1672772101842
63_20240826 03,547.7657322065467
63_20240826 04,607.849959657892
63_20240826 05,647.9178098230828
63_20240826 06,819.4896701639643
63_20240826 07,1139.3879751130735
63_20240826 08,1318.2958841222667
63_20240826 09,1599.0149687920537
63_20240826 10,1867.8417383205815
63_20240826 11,1896.3571637528166
63_20240826 12,1951.723644877447
63_20240826 13,1956.3459704569648
63_20240826 14,1962.6901792886079
63_20240826 15,1939.110074253659
63_20240826 16,1928.330773613874
63_20240826 17,1887.6058564303742
63_20240826 18,1908.2370103710261
63_20240826 19,1805.3070561361399
63_20240826 20,1754.2934717939247
63_20240826 21,1615.4139685676987
63_20240826 22,1160.0497425475628
63_20240826 23,848.0402301154884
63_20240827 00,655.3998517004813
63_20240827 01,607.4762124680656
63_20240827 02,569.6483387774374
63_20240827 03,559.1956497288791
63_20240827 04,610.1490643898303
63_20240827 05,638.2088050872122
63_20240827 06,797.7861037376831
63_20240827 07,1118.6241235555053
63_20240827 08,1257.9636136615695
63_20240827 09,1513.691805357866
63_20240827 10,1782.4321778633919
63_20240827 11,1792.1719013605348
63_20240827 12,1841.4288929442992
63_20240827 13,1854.6754026559543
63_20240827 14,1861.3875942602906
63_20240827 15,1873.551820071327
63_20240827 16,1883.57403388706
63_20240827 17,1858.1964528627475
63_20240827 18,1871.371249249847
63_20240827 19,1762.9540965024348
63_20240827 20,1690.3471719456743
63_20240827 21,1530.0539784981277
63_20240827 22,1148.1847120360221
63_20240827 23,835.4048681292595
63_20240828 00,645.5662473812652
63_20240828 01,589.7845750406914
63_20240828 02,539.0443977097535
63_20240828 03,531.3383596368018
63_20240828 04,595.0931452681069
63_20240828 05,629.4725554579485
63_20240828 06,788.9262363679641
63_20240828 07,1055.2574523390554
63_20240828 08,1254.2738902603573
63_20240828 09,1496.9981696799227
63_20240828 10,1816.1117340790793
63_20240828 11,1816.6230538706634
63_20240828 12,1903.0500242553735
63_20240828 13,1919.9088759345593
63_20240828 14,1936.3833465211887
63_20240828 15,1919.1848681353936
63_20240828 16,1930.597179327934
63_20240828 17,1894.2246010435197
63_20240828 18,1910.9505210664006
63_20240828 19,1801.6796242571966
63_20240828 20,1748.3150432676514
63_20240828 21,1618.1374426255293
63_20240828 22,1164.835511122594
63_20240828 23,839.1488729614414
63_20240829 00,645.29563938682
63_20240829 01,585.5576349418286
63_20240829 02,536.660585264347
63_20240829 03,524.8487900161704
63_20240829 04,590.0774311599423
63_20240829 05,626.1024808625618
63_20240829 06,783.0899044967754
63_20240829 07,1103.2386314739558
63_20240829 08,1296.930573641654
63_20240829 09,1514.157618652607
63_20240829 10,1834.46018070922
63_20240829 11,1870.5981210877192
63_20240829 12,1914.8236528748662
63_20240829 13,1938.4318709887152
63_20240829 14,1940.244180494181
63_20240829 15,1908.1797576018453
63_20240829 16,1926.5607212056389
63_20240829 17,1896.3618822344488
63_20240829 18,1912.5062315765126
63_20240829 19,1836.0024195488597
63_20240829 20,1748.2118136256217
63_20240829 21,1597.23857500467
63_20240829 22,1155.5747988327703
63_20240829 23,832.7617056955139
63_20240830 00,645.6705204538691
63_20240830 01,585.5514297430798
63_20240830 02,542.515287927456
63_20240830 03,528.0438581530489
63_20240830 04,590.7320494245159
63_20240830 05,626.4006139344294
63_20240830 06,791.5244352368015
63_20240830 07,1111.1849045304493
63_20240830 08,1299.701967075543
63_20240830 09,1553.270295371349
63_20240830 10,1867.2210960429584
63_20240830 11,1880.078003705411
63_20240830 12,1934.1512845043712
63_20240830 13,1945.1088244320138
63_20240830 14,1964.28076620626
63_20240830 15,1927.0400406379542
63_20240830 16,1924.4465620496364
63_20240830 17,1888.5368415786863
63_20240830 18,1899.5333861496533
63_20240830 19,1822.8577403271609
63_20240830 20,1717.344794863186
63_20240830 21,1589.3589884223038
63_20240830 22,1199.1151335919242
63_20240830 23,869.8543541625796
63_20240831 00,652.1118727027026
63_20240831 01,586.9568804420189
63_20240831 02,536.8090675641052
63_20240831 03,527.1423464660595
63_20240831 04,587.9176110336779
63_20240831 05,638.9175578534508
63_20240831 06,792.6602404770199
63_20240831 07,1067.4050872316548
63_20240831 08,1266.8155217522517
63_20240831 09,1510.7936232750758
63_20240831 10,1820.319547171467
63_20240831 11,1881.4792459708708
63_20240831 12,1956.4305453347083
63_20240831 13,1982.3081662613286
63_20240831 14,1999.7041534039213
63_20240831 15,1985.1126153019038
63_20240831 16,1989.9816090773343
63_20240831 17,1929.211490193063
63_20240831 18,1937.5222013408702
63_20240831 19,1840.9207646799246
63_20240831 20,1764.277403790601
63_20240831 21,1600.770730607342
63_20240831 22,1211.595999962319
63_20240831 23,845.7314292816375
64_20240825 00,10933.554864388363
64_20240825 01,10919.391730269894
64_20240825 02,10900.026990518345
64_20240825 03,10886.384071377262
64_20240825 04,10864.30613285463
64_20240825 05,10777.310448917982
64_20240825 06,10719.487734414366
64_20240825 07,10671.57752466393
64_20240825 08,10626.8878647202
64_20240825 09,10628.482271979643
64_20240825 10,10614.012831884726
64_20240825 11,10587.454748556618
64_20240825 12,10522.764041061302
64_20240825 13,10505.879359150775
64_20240825 14,10547.45934890074
64_20240825 15,10625.00129419327
64_20240825 16,10670.962155050303
64_20240825 17,10677.06135566828
64_20240825 18,10693.453055903314
64_20240825 19,10640.742384081263
64_20240825 20,10652.972126310573
64_20240825 21,10657.126742289385
64_20240825 22,10650.649355384085
64_20240825 23,10627.937977606196
64_20240826 00,10531.611830339763
64_20240826 01,10512.735573545957
64_20240826 02,10512.116723960225
64_20240826 03,10488.799191263613
64_20240826 04,10483.729017170432
64_20240826 05,10587.79210783132
64_20240826 06,10582.196908562772
64_20240826 07,10581.496205517062
64_20240826 08,10584.25044625164
64_20240826 09,11146.142273445299
64_20240826 10,11492.569326029356
64_20240826 11,11391.295099747405
64_20240826 12,10905.095297997726
64_20240826 13,11065.477578626487
64_20240826 14,11320.08687348077
64_20240826 15,11799.895868350157
64_20240826 16,11846.940610865591
64_20240826 17,11655.519224644926
64_20240826 18,11333.778105912723
64_20240826 19,11286.41130107504
64_20240826 20,11170.169298808114
64_20240826 21,11130.008563658746
64_20240826 22,11120.14852548384
64_20240826 23,11054.187666132819
64_20240827 00,10980.081862107183
64_20240827 01,10892.163521153781
64_20240827 02,10906.176338851668
64_20240827 03,10901.77108285488
64_20240827 04,10893.964713824147
64_20240827 05,10854.63837313495
64_20240827 06,10830.133292851886
64_20240827 07,10835.58008061841
64_20240827 08,10839.733626795056
64_20240827 09,11445.158961426872
64_20240827 10,11792.746290770034
64_20240827 11,11599.570235440424
64_20240827 12,11208.092326653696
64_20240827 13,10997.731768525304
64_20240827 14,11394.781437597385
64_20240827 15,11703.358120129958
64_20240827 16,11737.735230985883
64_20240827 17,11800.887177153623
64_20240827 18,11383.273148964247
64_20240827 19,11218.368174963081
64_20240827 20,11215.805374886502
64_20240827 21,11160.674761130242
64_20240827 22,11132.67209683083
64_20240827 23,11107.326187663864
64_20240828 00,11114.289521714367
64_20240828 01,11090.203915007292
64_20240828 02,11073.28144582938
64_20240828 03,11067.667814285898
64_20240828 04,10988.463983848655
64_20240828 05,10924.673304210432
64_20240828 06,10893.461627002931
64_20240828 07,10928.872899802029
64_20240828 08,10858.925148059043
64_20240828 09,11363.871619930302
64_20240828 10,11880.662254783236
64_20240828 11,11630.360636840905
64_20240828 12,11104.827079236456
64_20240828 13,11059.344984343197
64_20240828 14,11761.51587153596
64_20240828 15,11975.877597504495
64_20240828 16,12017.849311283735
64_20240828 17,12036.648782750359
64_20240828 18,11495.036761185896
64_20240828 19,11211.77938632076
64_20240828 20,11189.816960969887
64_20240828 21,11213.075642433285
64_20240828 22,11175.973877196682
64_20240828 23,11073.944095146786
64_20240829 00,11158.581579041615
64_20240829 01,11110.609617782142
64_20240829 02,11072.323723629595
64_20240829 03,11030.25264090695
64_20240829 04,11030.898377341844
64_20240829 05,10980.833809910273
64_20240829 06,10941.717702954269
64_20240829 07,10920.108415849967
64_20240829 08,10884.421807192568
64_20240829 09,11607.712612599706
64_20240829 10,11826.47948413927
64_20240829 11,11564.45300304315
64_20240829 12,10984.731133220335
64_20240829 13,11109.318525357608
64_20240829 14,11797.133793778778
64_20240829 15,11683.394433611564
64_20240829 16,11645.486522475834
64_20240829 17,11808.132166107118
64_20240829 18,11410.247055109996
64_20240829 19,11188.303885508736
64_20240829 20,11144.211472502158
64_20240829 21,11088.557104044048
64_20240829 22,11049.297130336461
64_20240829 23,11033.10924335557
64_20240830 00,11031.32973936417
64_20240830 01,10981.22335411717
64_20240830 02,10947.924004633389
64_20240830 03,10922.777521795906
64_20240830 04,10927.629119009454
64_20240830 05,10854.511675969054
64_20240830 06,10825.52971744115
64_20240830 07,10805.746611197415
64_20240830 08,10790.028245393478
64_20240830 09,11359.72146781793
64_20240830 10,11792.050378176602
64_20240830 11,11724.526004248784
64_20240830 12,11420.88038344853
64_20240830 13,11391.48574715633
64_20240830 14,11498.236779923182
64_20240830 15,11900.264886935907
64_20240830 16,12006.774822209736
64_20240830 17,11801.139532863343
64_20240830 18,11760.764416533973
64_20240830 19,11472.695408855372
64_20240830 20,11174.849248834298
64_20240830 21,11099.595247977915
64_20240830 22,11057.474555366567
64_20240830 23,11050.883995162341
64_20240831 00,10961.70237479318
64_20240831 01,10932.553097212887
64_20240831 02,10861.12908132296
64_20240831 03,10868.25418133139
64_20240831 04,10862.376237039562
64_20240831 05,10847.130479880561
64_20240831 06,10804.473385234929
64_20240831 07,10787.324248965364
64_20240831 08,10730.48779285279
64_20240831 09,10853.57737622876
64_20240831 10,10972.72919225005
64_20240831 11,10923.726031022865
64_20240831 12,10837.750652554347
64_20240831 13,10642.330111854008
64_20240831 14,10512.200712928541
64_20240831 15,10566.619978997496
64_20240831 16,10603.687931762961
64_20240831 17,10658.9654989121
64_20240831 18,10763.925343973859
64_20240831 19,10768.24639742395
64_20240831 20,10787.165076383551
64_20240831 21,10742.268927502322
64_20240831 22,10728.387977472934
64_20240831 23,10733.120306475488
65_20240825 00,35.88063947064576
65_20240825 01,29.28991411879308
65_20240825 02,24.136910130171387
65_20240825 03,22.227897245916328
65_20240825 04,21.23494358052399
65_20240825 05,18.81929726194751
65_20240825 06,19.738016321554596
65_20240825 07,25.54149369444995
65_20240825 08,34.735362463110974
65_20240825 09,49.94690670802024
65_20240825 10,55.734290758604224
65_20240825 11,54.63516049914955
65_20240825 12,50.07882623280061
65_20240825 13,44.62597620306479
65_20240825 14,40.2675261834658
65_20240825 15,37.41909637004426
65_20240825 16,37.08301793674587
65_20240825 17,40.053673669912015
65_20240825 18,45.6303782790879
65_20240825 19,50.721420355024364
65_20240825 20,60.99748380846128
65_20240825 21,61.50931009750803
65_20240825 22,59.521796020242704
65_20240825 23,46.019119372387706
65_20240826 00,35.24648556394524
65_20240826 01,27.576452653400587
65_20240826 02,23.739238755031646
65_20240826 03,21.770121200854934
65_20240826 04,21.133436280927498
65_20240826 05,19.760182271038914
65_20240826 06,28.117951606122766
65_20240826 07,57.40751748956438
65_20240826 08,53.09697920394777
65_20240826 09,39.79115238191952
65_20240826 10,36.80210753251792
65_20240826 11,33.061848991260405
65_20240826 12,31.210326655890995
65_20240826 13,32.03616523360049
65_20240826 14,30.7254483457817
65_20240826 15,29.004698685137033
65_20240826 16,29.339881638992537
65_20240826 17,33.25185429094877
65_20240826 18,39.14298400460723
65_20240826 19,46.28923312762662
65_20240826 20,57.60472692339139
65_20240826 21,60.35660820142727
65_20240826 22,59.239105107322814
65_20240826 23,48.1968921621817
65_20240827 00,35.41472556760339
65_20240827 01,27.41586611660911
65_20240827 02,23.744572612555327
65_20240827 03,21.407128750700302
65_20240827 04,20.78605905404272
65_20240827 05,19.229265495847216
65_20240827 06,27.02664958133044
65_20240827 07,54.53156258410209
65_20240827 08,49.31048689206504
65_20240827 09,37.63550206327721
65_20240827 10,34.70085114542809
65_20240827 11,31.659580420551585
65_20240827 12,30.274259327339085
65_20240827 13,30.0570762212172
65_20240827 14,27.656207125528848
65_20240827 15,26.84016956006208
65_20240827 16,28.085413641449833
65_20240827 17,32.078573283754196
65_20240827 18,38.282756507612106
65_20240827 19,47.24416791920983
65_20240827 20,57.64600013785371
65_20240827 21,60.935209175982166
65_20240827 22,59.55766789541342
65_20240827 23,49.448722837396765
65_20240828 00,36.385981920217816
65_20240828 01,27.78071618281288
65_20240828 02,23.66282759976947
65_20240828 03,21.87405097899968
65_20240828 04,20.807331582653234
65_20240828 05,19.419205587598704
65_20240828 06,27.241517064284118
65_20240828 07,55.55308622446407
65_20240828 08,51.35960828490234
65_20240828 09,38.44382775653179
65_20240828 10,34.08637502676199
65_20240828 11,30.633200048920074
65_20240828 12,29.254242420868763
65_20240828 13,28.11881008556916
65_20240828 14,27.253072675805434
65_20240828 15,26.86883921575202
65_20240828 16,28.44944123172987
65_20240828 17,31.317805693287706
65_20240828 18,38.026311289077334
65_20240828 19,46.8618499480838
65_20240828 20,55.75104259653841
65_20240828 21,59.53306242667841
65_20240828 22,58.29319534096026
65_20240828 23,48.11873558120722
65_20240829 00,36.30505128561605
65_20240829 01,27.919518075315118
65_20240829 02,23.86411121204341
65_20240829 03,21.494517025849838
65_20240829 04,20.923798525812327
65_20240829 05,18.926700752150406
65_20240829 06,26.152531483116128
65_20240829 07,51.245860851861366
65_20240829 08,49.2202414377849
65_20240829 09,38.878804356623476
65_20240829 10,35.9329784488496
65_20240829 11,32.25775158390841
65_20240829 12,29.767600493259657
65_20240829 13,30.232363773083826
65_20240829 14,27.967748908931124
65_20240829 15,27.642034444988393
65_20240829 16,28.16543542120708
65_20240829 17,32.43332101540551
65_20240829 18,38.600547242779726
65_20240829 19,45.356618936579096
65_20240829 20,55.36351671267487
65_20240829 21,59.36326932732565
65_20240829 22,57.777307031018665
65_20240829 23,48.12872130173831
65_20240830 00,35.51541220439067
65_20240830 01,27.884613599853573
65_20240830 02,23.787636712431798
65_20240830 03,21.278051114727266
65_20240830 04,20.976251123729405
65_20240830 05,19.25764353099575
65_20240830 06,26.631522568039188
65_20240830 07,53.89844563763686
65_20240830 08,50.82395030140088
65_20240830 09,39.95738380541307
65_20240830 10,34.90665321904221
65_20240830 11,31.655463619977315
65_20240830 12,30.34380421602153
65_20240830 13,30.07769925590041
65_20240830 14,28.594717528924768
65_20240830 15,27.5397813283639
65_20240830 16,28.74901529870922
65_20240830 17,31.411330491476534
65_20240830 18,37.61030507597471
65_20240830 19,41.76375498482337
65_20240830 20,50.02565515703341
65_20240830 21,52.98362406626433
65_20240830 22,53.13732073757693
65_20240830 23,46.31954919098743
65_20240831 00,37.2875887795592
65_20240831 01,30.01081652752991
65_20240831 02,24.89051793812906
65_20240831 03,22.61720664120809
65_20240831 04,21.599280646923386
65_20240831 05,19.26413595617023
65_20240831 06,20.86541330238774
65_20240831 07,29.545034565369903
65_20240831 08,43.55023240472809
65_20240831 09,54.61119723016742
65_20240831 10,56.21432301442242
65_20240831 11,50.257757737297645
65_20240831 12,44.1488528540957
65_20240831 13,39.96379651432941
65_20240831 14,37.3059795217449
65_20240831 15,33.727445213854494
65_20240831 16,33.61519003585666
65_20240831 17,34.263885062532346
65_20240831 18,38.182056764666406
65_20240831 19,41.22705601965347
65_20240831 20,46.463154420641715
65_20240831 21,49.574773791870754
65_20240831 22,49.469950543920845
65_20240831 23,45.17448119561642
66_20240825 00,1691.9708986865376
66_20240825 01,1631.640747005647
66_20240825 02,1619.6358087457152
66_20240825 03,1610.99756248028
66_20240825 04,1571.2555907524293
66_20240825 05,1577.59565915914
66_20240825 06,1658.761207032876
66_20240825 07,1687.4682142968531
66_20240825 08,1804.1397135642576
66_20240825 09,2360.888206680202
66_20240825 10,2444.278387961047
66_20240825 11,2388.4022764654273
66_20240825 12,2408.3744184773177
66_20240825 13,2382.280831106129
66_20240825 14,2373.3417717079037
66_20240825 15,2408.268148655196
66_20240825 16,2470.8059797379215
66_20240825 17,2497.605182257911
66_20240825 18,2200.8110208312482
66_20240825 19,1781.5386810787209
66_20240825 20,1801.242599365177
66_20240825 21,1773.2057888731101
66_20240825 22,1702.48825627095
66_20240825 23,1683.924602710466
66_20240826 00,1629.0634209092404
66_20240826 01,1624.7838987265895
66_20240826 02,1613.5581213132248
66_20240826 03,1622.2797629829847
66_20240826 04,1612.3351001252804
66_20240826 05,1638.6809010995257
66_20240826 06,1914.135746267361
66_20240826 07,2587.9758622870413
66_20240826 08,2951.8159266341477
66_20240826 09,3009.154873557118
66_20240826 10,2976.2938033656574
66_20240826 11,2990.435597072561
66_20240826 12,2986.1758629284877
66_20240826 13,3102.6173518678374
66_20240826 14,3065.134449967379
66_20240826 15,3087.7166617287403
66_20240826 16,3097.331939672018
66_20240826 17,3108.77607247947
66_20240826 18,3091.071379833854
66_20240826 19,2905.208415009726
66_20240826 20,2774.2861296611686
66_20240826 21,2726.1863100034407
66_20240826 22,2164.058215576738
66_20240826 23,1696.1188033209196
66_20240827 00,1643.5581393304794
66_20240827 01,1675.4311312148639
66_20240827 02,1654.3023101566873
66_20240827 03,1683.372475092556
66_20240827 04,1613.9108045031267
66_20240827 05,1678.140919824758
66_20240827 06,1933.253684668655
66_20240827 07,2575.227476182343
66_20240827 08,2933.898214114385
66_20240827 09,2990.8534693674037
66_20240827 10,2970.9137597063564
66_20240827 11,2968.687864457656
66_20240827 12,2971.8743838048354
66_20240827 13,3063.609324569313
66_20240827 14,3012.6640112027435
66_20240827 15,3001.481162114441
66_20240827 16,2992.519362255017
66_20240827 17,3011.2473805609598
66_20240827 18,3002.1300466280336
66_20240827 19,2817.1318597935388
66_20240827 20,2699.381290286121
66_20240827 21,2629.854597416938
66_20240827 22,2084.2241619809524
66_20240827 23,1667.234439943692
66_20240828 00,1597.528945964225
66_20240828 01,1598.8933273414298
66_20240828 02,1583.3471122448054
66_20240828 03,1575.9049492940555
66_20240828 04,1531.1255996168604
66_20240828 05,1569.4302552788477
66_20240828 06,1725.3714387117516
66_20240828 07,2421.5131054042736
66_20240828 08,2856.86270305408
66_20240828 09,2949.216797412242
66_20240828 10,2941.4624467679996
66_20240828 11,2952.56777257045
66_20240828 12,2959.815134235102
66_20240828 13,3026.749137609234
66_20240828 14,3024.7419806837993
66_20240828 15,3038.0083020986885
66_20240828 16,3053.45798549035
66_20240828 17,3053.248086887058
66_20240828 18,3010.5186491989284
66_20240828 19,2532.5739908404394
66_20240828 20,2224.9603412942815
66_20240828 21,2142.5794346775506
66_20240828 22,1965.6073951023252
66_20240828 23,1710.5757672563464
66_20240829 00,1632.9146715145812
66_20240829 01,1646.3343709984715
66_20240829 02,1647.1310428907977
66_20240829 03,1630.2829095941593
66_20240829 04,1557.6559397888948
66_20240829 05,1592.8907952710583
66_20240829 06,1846.616776553507
66_20240829 07,2499.411159927337
66_20240829 08,2886.1282342894965
66_20240829 09,2959.481979441504
66_20240829 10,2937.3223971978605
66_20240829 11,2947.938780707112
66_20240829 12,2927.98375137527
66_20240829 13,3021.695210446668
66_20240829 14,3027.388090388751
66_20240829 15,2997.0826714501372
66_20240829 16,3017.372974155248
66_20240829 17,3027.4922239653743
66_20240829 18,3021.851146702364
66_20240829 19,2855.1994343425986
66_20240829 20,2755.7684921917
66_20240829 21,2644.160596319276
66_20240829 22,2135.244809724803
66_20240829 23,1729.3714255479942
66_20240830 00,1654.9665375408456
66_20240830 01,1638.2388028773555
66_20240830 02,1592.6374299255135
66_20240830 03,1609.7320996428602
66_20240830 04,1615.428960357835
66_20240830 05,1590.414868366906
66_20240830 06,1790.8590114939443
66_20240830 07,2405.216745376986
66_20240830 08,2833.48232287501
66_20240830 09,2912.100811224493
66_20240830 10,2896.3383464558246
66_20240830 11,2906.7356740860337
66_20240830 12,2912.8397843545704
66_20240830 13,2980.398147907691
66_20240830 14,2982.3475803679626
66_20240830 15,2956.1420412372827
66_20240830 16,2974.8566964062657
66_20240830 17,2993.7530090186833
66_20240830 18,2952.084634661607
66_20240830 19,2726.112792372839
66_20240830 20,2590.526602900354
66_20240830 21,2472.6417264641295
66_20240830 22,2010.7918779584445
66_20240830 23,1627.2108867444686
66_20240831 00,1562.285585882284
66_20240831 01,1560.946812392972
66_20240831 02,1539.3313918952972
66_20240831 03,1519.032061783021
66_20240831 04,1497.7839130997816
66_20240831 05,1485.952452157491
66_20240831 06,1531.0927991336025
66_20240831 07,1574.5046367014554
66_20240831 08,1618.456378298902
66_20240831 09,2209.372955061196
66_20240831 10,2275.4249974618824
66_20240831 11,2306.3503721970133
66_20240831 12,2312.5080666191348
66_20240831 13,2345.3231434940476
66_20240831 14,2371.374608070289
66_20240831 15,2399.853159629047
66_20240831 16,2428.8418319600605
66_20240831 17,2465.361583977249
66_20240831 18,2132.982039725861
66_20240831 19,1701.4961830019952
66_20240831 20,1683.5031341036301
66_20240831 21,1652.008042112609
66_20240831 22,1641.3302778468883
66_20240831 23,1607.2447864887795
67_20240825 00,10699.965306238993
67_20240825 01,10702.17475089434
67_20240825 02,10677.68956861482
67_20240825 03,10677.178714677199
67_20240825 04,10677.50918727156
67_20240825 05,10659.401329960256
67_20240825 06,10674.690644432068
67_20240825 07,10664.185848938523
67_20240825 08,10676.853942219017
67_20240825 09,10684.804288347455
67_20240825 10,10701.099955199488
67_20240825 11,10717.29511877164
67_20240825 12,10728.453399227026
67_20240825 13,10738.88607074815
67_20240825 14,10759.467808614121
67_20240825 15,10771.433112392426
67_20240825 16,10773.511583430296
67_20240825 17,10776.166508423088
67_20240825 18,10781.721351828463
67_20240825 19,10752.03176283491
67_20240825 20,10762.578590714687
67_20240825 21,10738.161033639828
67_20240825 22,10731.014008460836
67_20240825 23,10715.370467846757
67_20240826 00,10723.535153947154
67_20240826 01,10700.874468712946
67_20240826 02,10694.96145451379
67_20240826 03,10693.093910501531
67_20240826 04,10690.139831610593
67_20240826 05,10688.224369163878
67_20240826 06,10992.145794337295
67_20240826 07,11112.255759640037
67_20240826 08,11137.523726406369
67_20240826 09,11235.838496852575
67_20240826 10,11408.533171770277
67_20240826 11,11397.458788338145
67_20240826 12,11403.801911389364
67_20240826 13,11392.89132203881
67_20240826 14,11441.153849994162
67_20240826 15,11416.06758763776
67_20240826 16,11172.484379477904
67_20240826 17,11148.214173082186
67_20240826 18,11173.58942037715
67_20240826 19,11030.004000291388
67_20240826 20,10915.376915393037
67_20240826 21,10892.714620690727
67_20240826 22,10851.862616572995
67_20240826 23,10810.92606397556
67_20240827 00,10797.233802792305
67_20240827 01,10773.421447111317
67_20240827 02,10751.223893644861
67_20240827 03,10722.756710558831
67_20240827 04,10714.201973977288
67_20240827 05,10723.20912857258
67_20240827 06,11053.572074899246
67_20240827 07,11155.78766753503
67_20240827 08,11149.97184635845
67_20240827 09,11248.840708781336
67_20240827 10,11354.573984625558
67_20240827 11,11337.389359714449
67_20240827 12,11304.57807483078
67_20240827 13,11332.73047914701
67_20240827 14,11392.912158024285
67_20240827 15,11347.017389646087
67_20240827 16,11410.853452909754
67_20240827 17,11346.763140141971
67_20240827 18,11124.479091585676
67_20240827 19,11009.251103002292
67_20240827 20,10888.322299285115
67_20240827 21,10869.959093411651
67_20240827 22,10798.49390447243
67_20240827 23,10792.744211942365
67_20240828 00,10789.225639283632
67_20240828 01,10815.567254157999
67_20240828 02,10809.803222623974
67_20240828 03,10770.11081894066
67_20240828 04,10725.401100376701
67_20240828 05,10738.216703764912
67_20240828 06,11028.598766238385
67_20240828 07,11094.956318912737
67_20240828 08,11101.364859403815
67_20240828 09,11257.592379357455
67_20240828 10,11269.732077026472
67_20240828 11,11271.423709146788
67_20240828 12,11269.903771742149
67_20240828 13,11297.761219245433
67_20240828 14,11358.198434893744
67_20240828 15,11332.093971261385
67_20240828 16,11325.851708335482
67_20240828 17,11333.656460482565
67_20240828 18,11139.738779997599
67_20240828 19,10953.644127591959
67_20240828 20,10793.962976418636
67_20240828 21,10773.45686164741
67_20240828 22,10756.138870401881
67_20240828 23,10744.41133497936
67_20240829 00,10777.426205312297
67_20240829 01,10779.5330664795
67_20240829 02,10749.319945980713
67_20240829 03,10762.20713288181
67_20240829 04,10746.735480981672
67_20240829 05,10780.139826440922
67_20240829 06,11002.212371977348
67_20240829 07,11046.430340446488
67_20240829 08,11053.036842941849
67_20240829 09,11171.83360988492
67_20240829 10,11198.152462771997
67_20240829 11,11241.836363786
67_20240829 12,11178.23435385786
67_20240829 13,11245.003775709885
67_20240829 14,11248.248437399048
67_20240829 15,11209.58457023702
67_20240829 16,11209.84400754785
67_20240829 17,11267.843692663406
67_20240829 18,11069.691461543418
67_20240829 19,10875.241667917982
67_20240829 20,10822.4832275994
67_20240829 21,10776.636352526151
67_20240829 22,10746.812578528585
67_20240829 23,10677.610018546908
67_20240830 00,10502.897977267028
67_20240830 01,10532.5380914466
67_20240830 02,10509.790647958507
67_20240830 03,10516.905263702685
67_20240830 04,10517.082372026029
67_20240830 05,10515.90568383025
67_20240830 06,10718.281768052799
67_20240830 07,10806.643287509574
67_20240830 08,10809.585697158182
67_20240830 09,10945.068538734267
67_20240830 10,11063.804585203698
67_20240830 11,11042.054383570361
67_20240830 12,11069.508063156913
67_20240830 13,11137.391446272599
67_20240830 14,11130.634977112522
67_20240830 15,11124.155896886576
67_20240830 16,11200.950498956066
67_20240830 17,11183.457712452695
67_20240830 18,10845.530746002409
67_20240830 19,10647.301909685668
67_20240830 20,10530.429986253257
67_20240830 21,10518.436702236926
67_20240830 22,10495.7752797864
67_20240830 23,10485.35005216564
67_20240831 00,10476.281433157126
67_20240831 01,10479.702258775227
67_20240831 02,10465.082918323697
67_20240831 03,10458.960351205389
67_20240831 04,10457.022546804114
67_20240831 05,10437.923160349426
67_20240831 06,10438.569156443176
67_20240831 07,10453.827655916279
67_20240831 08,10445.922419203362
67_20240831 09,10459.258771596564
67_20240831 10,10465.749046332645
67_20240831 11,10470.267155754831
67_20240831 12,10501.236143388192
67_20240831 13,10516.122622696683
67_20240831 14,10521.025152656237
67_20240831 15,10432.89829487972
67_20240831 16,10423.46807420745
67_20240831 17,10430.315517426194
67_20240831 18,10422.784193511754
67_20240831 19,10391.302375176803
67_20240831 20,10384.234655851587
67_20240831 21,10462.42227353325
67_20240831 22,10467.190104511068
67_20240831 23,10404.013519935248
68_20240825 00,2016.8755734373028
68_20240825 01,2049.917228423238
68_20240825 02,2011.2342807831556
68_20240825 03,1856.0658306446958
68_20240825 04,1766.4248966893688
68_20240825 05,1627.790942699247
68_20240825 06,1598.6733099289793
68_20240825 07,1434.5854710699837
68_20240825 08,1462.4747062731358
68_20240825 09,1575.3509991300857
68_20240825 10,1635.7749950538782
68_20240825 11,1632.7185375987287
68_20240825 12,1663.850031447527
68_20240825 13,1671.4053218657507
68_20240825 14,1683.38091688144
68_20240825 15,1694.5522016658297
68_20240825 16,1691.0925192828386
68_20240825 17,1661.226818071019
68_20240825 18,1549.4096381181732
68_20240825 19,1445.714268025944
68_20240825 20,1474.3645588348068
68_20240825 21,1475.1175089684998
68_20240825 22,1792.7870668784128
68_20240825 23,1811.4519814485477
68_20240826 00,1834.2638849639975
68_20240826 01,1822.5235644303702
68_20240826 02,1784.5662470733064
68_20240826 03,1712.2764597120452
68_20240826 04,1635.4952801691409
68_20240826 05,1568.3161466860524
68_20240826 06,1649.6054490168497
68_20240826 07,2004.3034116278473
68_20240826 08,2631.5174648917446
68_20240826 09,3038.172010121738
68_20240826 10,3279.543985240333
68_20240826 11,3440.6134822480703
68_20240826 12,3406.0341424711514
68_20240826 13,3493.3527025363373
68_20240826 14,3495.914181052445
68_20240826 15,3488.2446915238356
68_20240826 16,3492.95169524363
68_20240826 17,3329.752824539883
68_20240826 18,2387.0598092569626
68_20240826 19,1919.5659108488358
68_20240826 20,1759.7097384499807
68_20240826 21,1713.935539831261
68_20240826 22,2115.7641966745277
68_20240826 23,2321.9695168491544
68_20240827 00,2269.7319647131962
68_20240827 01,2262.6957356284975
68_20240827 02,2248.3787071786664
68_20240827 03,2203.9688767388125
68_20240827 04,2165.3165899084297
68_20240827 05,2161.47566538039
68_20240827 06,2192.8229041713375
68_20240827 07,2085.1265311345232
68_20240827 08,2649.1321164608435
68_20240827 09,3011.5988660298563
68_20240827 10,3170.9500221399194
68_20240827 11,3275.7802485118054
68_20240827 12,3226.969318572109
68_20240827 13,3346.1941074420542
68_20240827 14,3452.723392332374
68_20240827 15,3382.0182791266166
68_20240827 16,3342.848356296961
68_20240827 17,3160.690185087227
68_20240827 18,2383.902109567165
68_20240827 19,2035.309013354231
68_20240827 20,1842.6539162387248
68_20240827 21,1711.3054450603083
68_20240827 22,1944.0343341135665
68_20240827 23,2154.1198418555364
68_20240828 00,2155.09506899223
68_20240828 01,2156.823885279869
68_20240828 02,2087.7134815157006
68_20240828 03,2043.7854032879122
68_20240828 04,2019.336499181743
68_20240828 05,2011.9089330694096
68_20240828 06,2147.7177590196598
68_20240828 07,2067.7796625709516
68_20240828 08,2528.798818929742
68_20240828 09,2974.654763524425
68_20240828 10,3153.636531977702
68_20240828 11,3266.7910789054
68_20240828 12,3322.845737821164
68_20240828 13,3309.064737461555
68_20240828 14,3359.5975967289605
68_20240828 15,3412.5972378478145
68_20240828 16,3387.427602233299
68_20240828 17,3158.7457688610543
68_20240828 18,2325.598495484955
68_20240828 19,1817.8669127377611
68_20240828 20,1719.0484833697535
68_20240828 21,1669.9362267532524
68_20240828 22,2052.728469749213
68_20240828 23,2231.985744775341
68_20240829 00,2164.519219005932
68_20240829 01,2158.6221492312216
68_20240829 02,2078.181036619847
68_20240829 03,1984.994760405734
68_20240829 04,1946.5546399923433
68_20240829 05,1963.0635124978737
68_20240829 06,1985.3763714627826
68_20240829 07,1993.7782900854934
68_20240829 08,2443.5663384201202
68_20240829 09,2928.1879641709565
68_20240829 10,3113.571624637677
68_20240829 11,3278.941020430069
68_20240829 12,3324.247543093008
68_20240829 13,3393.8303377040174
68_20240829 14,3380.7166890223043
68_20240829 15,3397.1613975629148
68_20240829 16,3383.31879895108
68_20240829 17,3107.3040185709
68_20240829 18,2254.787794782783
68_20240829 19,1713.625294572646
68_20240829 20,1592.4613196931818
68_20240829 21,1534.2811389847793
68_20240829 22,2034.8304962135244
68_20240829 23,2161.4783096023375
68_20240830 00,2138.176640942277
68_20240830 01,2058.379670178087
68_20240830 02,1934.0870493446948
68_20240830 03,1794.3216233735186
68_20240830 04,1700.7974399524621
68_20240830 05,1727.4202353472251
68_20240830 06,1938.5783902942499
68_20240830 07,1926.8144396491423
68_20240830 08,2522.6263781059533
68_20240830 09,2892.951295470126
68_20240830 10,3101.1392245946886
68_20240830 11,3253.596362663294
68_20240830 12,3268.038346948214
68_20240830 13,3347.219977889481
68_20240830 14,3351.1583407256144
68_20240830 15,3354.0433638028394
68_20240830 16,3344.8361626713668
68_20240830 17,3189.950457447858
68_20240830 18,2249.9135832060347
68_20240830 19,1756.4152687656242
68_20240830 20,1647.0288927454858
68_20240830 21,1505.0027523291128
68_20240830 22,1857.7525703492474
68_20240830 23,2019.446552527062
68_20240831 00,1949.6342659089378
68_20240831 01,2020.7033834149204
68_20240831 02,1907.1090512129822
68_20240831 03,1840.1570728599233
68_20240831 04,1829.3825042257965
68_20240831 05,1773.954397339282
68_20240831 06,1703.6286163909836
68_20240831 07,1650.1010071756298
68_20240831 08,1492.8884314591555
68_20240831 09,1532.2510003250359
68_20240831 10,1599.4139573057344
68_20240831 11,1586.8473217688952
68_20240831 12,1590.349899785389
68_20240831 13,1628.1101441456103
68_20240831 14,1632.5319260447955
68_20240831 15,1649.1111861157265
68_20240831 16,1647.1703200567947
68_20240831 17,1626.8503118344117
68_20240831 18,1480.5869100812138
68_20240831 19,1411.6893259413107
68_20240831 20,1406.7062596854994
68_20240831 21,1401.0565684541198
68_20240831 22,1787.4775716647707
68_20240831 23,1950.7544229734497
69_20240825 00,7586.8203215488265
69_20240825 01,7538.540671749612
69_20240825 02,7522.877942609201
69_20240825 03,7501.2827221528805
69_20240825 04,7470.6726410610645
69_20240825 05,7482.033935075706
69_20240825 06,7457.658258490559
69_20240825 07,7425.370746217886
69_20240825 08,7386.780911406668
69_20240825 09,7492.143310523587
69_20240825 10,7535.203818718258
69_20240825 11,7563.285885963951
69_20240825 12,7770.994425023186
69_20240825 13,7754.766159620081
69_20240825 14,7770.458085468954
69_20240825 15,7831.24964194532
69_20240825 16,7982.9188481509755
69_20240825 17,8061.546712368094
69_20240825 18,8034.10386960241
69_20240825 19,7942.174604800588
69_20240825 20,7881.904107206086
69_20240825 21,7862.156297322081
69_20240825 22,7758.3028434167245
69_20240825 23,7642.426146821579
69_20240826 00,7655.707943464091
69_20240826 01,7669.88018384311
69_20240826 02,7612.741711593768
69_20240826 03,7597.436153255168
69_20240826 04,7526.922373419355
69_20240826 05,7618.61871106699
69_20240826 06,8442.670573616575
69_20240826 07,9389.182608890364
69_20240826 08,9779.478412881534
69_20240826 09,10036.103330031525
69_20240826 10,10007.38009923246
69_20240826 11,9999.623129554431
69_20240826 12,10004.703409464562
69_20240826 13,9988.524557211898
69_20240826 14,9997.414276790687
69_20240826 15,10002.517668313409
69_20240826 16,10047.992601704413
69_20240826 17,10068.09829550243
69_20240826 18,9711.667131427832
69_20240826 19,9188.890760547969
69_20240826 20,8888.85097970996
69_20240826 21,8395.89906839379
69_20240826 22,7982.392674786403
69_20240826 23,7757.149527564561
69_20240827 00,7712.955331225404
69_20240827 01,7638.552202075121
69_20240827 02,7622.72895417968
69_20240827 03,7555.5958967089155
69_20240827 04,7484.000924325295
69_20240827 05,7559.610998119072
69_20240827 06,8417.488334644111
69_20240827 07,9307.59462624935
69_20240827 08,9663.667241599525
69_20240827 09,9824.761129952985
69_20240827 10,9800.49188975486
69_20240827 11,9802.725068323201
69_20240827 12,9783.159120965653
69_20240827 13,9848.247010427891
69_20240827 14,9846.75733409255
69_20240827 15,9870.250335248456
69_20240827 16,9805.015582256454
69_20240827 17,9846.728110633201
69_20240827 18,9392.905033506373
69_20240827 19,8866.34238243856
69_20240827 20,8628.259066696224
69_20240827 21,8108.086252020384
69_20240827 22,7606.323179525489
69_20240827 23,7258.734910222762
69_20240828 00,7156.716037192068
69_20240828 01,6998.398157745634
69_20240828 02,6913.631622441325
69_20240828 03,6899.117956569374
69_20240828 04,6861.627243929812
69_20240828 05,6815.460962276268
69_20240828 06,7486.805140606417
69_20240828 07,8431.441622820275
69_20240828 08,8881.402968523598
69_20240828 09,9579.284627085915
69_20240828 10,9739.235478507899
69_20240828 11,9826.49567471532
69_20240828 12,9864.807832927898
69_20240828 13,9904.634960401188
69_20240828 14,9878.947036344416
69_20240828 15,9914.191253673866
69_20240828 16,9954.799814565635
69_20240828 17,9981.184000473066
69_20240828 18,9572.12284554292
69_20240828 19,8974.098865856347
69_20240828 20,8570.85491328232
69_20240828 21,8049.2947662005445
69_20240828 22,7604.256435531183
69_20240828 23,7388.922452037954
69_20240829 00,7360.354421800815
69_20240829 01,7302.160465835381
69_20240829 02,7117.86767656632
69_20240829 03,6919.760716575581
69_20240829 04,6841.655974523081
69_20240829 05,6842.791398734356
69_20240829 06,7478.097649699812
69_20240829 07,8373.081842384247
69_20240829 08,8886.087702306379
69_20240829 09,9562.12175727457
69_20240829 10,9645.931724556589
69_20240829 11,9771.456588404151
69_20240829 12,9794.925306224734
69_20240829 13,9828.655103754565
69_20240829 14,9828.58415233598
69_20240829 15,9828.302730214906
69_20240829 16,9853.902281517778
69_20240829 17,9886.339757919886
69_20240829 18,9441.16248302888
69_20240829 19,8948.006917841418
69_20240829 20,8507.91809238749
69_20240829 21,8022.960576792161
69_20240829 22,7648.515056385842
69_20240829 23,7388.614679060778
69_20240830 00,7212.251522002008
69_20240830 01,7106.923657667112
69_20240830 02,7068.424667474353
69_20240830 03,6916.827061140822
69_20240830 04,6830.463138939444
69_20240830 05,6819.515210120295
69_20240830 06,7480.993205250954
69_20240830 07,8437.70553019418
69_20240830 08,9191.316647679982
69_20240830 09,9483.020832559492
69_20240830 10,9586.53762669737
69_20240830 11,9709.617370693271
69_20240830 12,9672.867339883955
69_20240830 13,9709.434332750343
69_20240830 14,9707.462284467718
69_20240830 15,9696.285851866498
69_20240830 16,9750.965273429349
69_20240830 17,9792.002667186936
69_20240830 18,9262.291805196786
69_20240830 19,8697.985768394747
69_20240830 20,8237.153813137218
69_20240830 21,7768.67916611325
69_20240830 22,7431.651154724026
69_20240830 23,7290.28431840632
69_20240831 00,7178.3118965354115
69_20240831 01,7087.612893937137
69_20240831 02,6839.290868689746
69_20240831 03,6739.983111225287
69_20240831 04,6759.25444727412
69_20240831 05,6733.17029569297
69_20240831 06,6765.742976763199
69_20240831 07,6827.6149410026665
69_20240831 08,6836.09716775993
69_20240831 09,7197.977188401726
69_20240831 10,7106.828552866199
69_20240831 11,7133.405734861145
69_20240831 12,7209.2581530837215
69_20240831 13,7299.13480935555
69_20240831 14,7421.475091596002
69_20240831 15,7535.1314645797265
69_20240831 16,7646.248547115832
69_20240831 17,7733.608416626174
69_20240831 18,7695.350689782161
69_20240831 19,7560.875191533427
69_20240831 20,7545.169442704874
69_20240831 21,7506.758046991339
69_20240831 22,7406.331830028592
69_20240831 23,7347.08725046618
70_20240825 00,3057.789221789018
70_20240825 01,2483.2798267723015
70_20240825 02,2137.996249750964
70_20240825 03,1928.4002551536178
70_20240825 04,1798.7109889807061
70_20240825 05,1730.5982072898069
70_20240825 06,1735.3084027901436
70_20240825 07,1994.9282794926908
70_20240825 08,2527.923203747137
70_20240825 09,2994.3474523297614
70_20240825 10,3294.158226768442
70_20240825 11,3383.726499586676
70_20240825 12,3450.99231096223
70_20240825 13,3541.959554348798
70_20240825 14,3539.8403244343735
70_20240825 15,3561.1722227300384
70_20240825 16,3570.5250399382858
70_20240825 17,3625.696691718351
70_20240825 18,3854.7697123804323
70_20240825 19,3979.0697657237824
70_20240825 20,4172.7441766408
70_20240825 21,4151.595049706799
70_20240825 22,3928.6856667780958
70_20240825 23,3505.4270004484306
70_20240826 00,2855.094424306274
70_20240826 01,2343.078156022948
70_20240826 02,2040.0426150779756
70_20240826 03,1851.9225680200122
70_20240826 04,1765.6373952124409
70_20240826 05,1703.1378351994679
70_20240826 06,1825.6963897466844
70_20240826 07,2235.486175253978
70_20240826 08,2716.430419489499
70_20240826 09,2867.58548640601
70_20240826 10,2900.4535047911572
70_20240826 11,2893.800518437057
70_20240826 12,2932.655776307106
70_20240826 13,3003.7024947374653
70_20240826 14,3095.647595283694
70_20240826 15,3189.373544366972
70_20240826 16,3271.0659749505767
70_20240826 17,3448.390408688931
70_20240826 18,3825.778266743151
70_20240826 19,4013.681350215512
70_20240826 20,4175.294659624193
70_20240826 21,4184.82595707212
70_20240826 22,4076.7294772057753
70_20240826 23,3611.423190031571
70_20240827 00,2958.8629305121935
70_20240827 01,2397.005619683694
70_20240827 02,2053.1985353226
70_20240827 03,1844.3202185316402
70_20240827 04,1765.6462864674777
70_20240827 05,1696.347004676289
70_20240827 06,1813.694139438985
70_20240827 07,2263.839345611548
70_20240827 08,2639.2305227478487
70_20240827 09,2726.424224882593
70_20240827 10,2739.777975875948
70_20240827 11,2729.138486543947
70_20240827 12,2751.842746496538
70_20240827 13,2819.4802067419205
70_20240827 14,2841.4860675694626
70_20240827 15,2874.5371066842567
70_20240827 16,2938.6570462041796
70_20240827 17,3035.7066267411883
70_20240827 18,3320.421363145366
70_20240827 19,3607.785227616845
70_20240827 20,3885.950371406279
70_20240827 21,3907.070745707554
70_20240827 22,3683.2143970932843
70_20240827 23,3297.9096980359463
70_20240828 00,2659.8036063445124
70_20240828 01,2184.7830870125845
70_20240828 02,1836.7428802030356
70_20240828 03,1669.8800805706765
70_20240828 04,1590.333900899218
70_20240828 05,1557.682697588802
70_20240828 06,1643.6785036484175
70_20240828 07,2076.768926143077
70_20240828 08,2427.2418504666307
70_20240828 09,2403.8821724249256
70_20240828 10,2421.4627755131814
70_20240828 11,2281.3697600887103
70_20240828 12,2370.41443014013
70_20240828 13,2610.0205525453894
70_20240828 14,2727.957457675585
70_20240828 15,2771.2401250363446
70_20240828 16,2895.92238359326
70_20240828 17,3081.6037716603005
70_20240828 18,3421.4499885703126
70_20240828 19,3578.7532220489657
70_20240828 20,3796.6585137956054
70_20240828 21,3814.3378294541144
70_20240828 22,3679.7300403063273
70_20240828 23,3246.782701592757
70_20240829 00,2572.6343833697747
70_20240829 01,2191.5308875941855
70_20240829 02,1856.786326987983
70_20240829 03,1688.901937395287
70_20240829 04,1609.9615161110196
70_20240829 05,1590.5968014902892
70_20240829 06,1688.1028413156719
70_20240829 07,2125.256526603006
70_20240829 08,2440.5285866261956
70_20240829 09,2473.995825479773
70_20240829 10,2559.093141530778
70_20240829 11,2501.773579062169
70_20240829 12,2593.0767210202357
70_20240829 13,2676.549468596394
70_20240829 14,2729.4423150511725
70_20240829 15,2802.6662363387413
70_20240829 16,2907.0128566733006
70_20240829 17,3027.874596841905
70_20240829 18,3379.39685293368
70_20240829 19,3541.7914457306897
70_20240829 20,3612.878226492723
70_20240829 21,3598.350925119675
70_20240829 22,3566.823475388417
70_20240829 23,3079.9933352625885
70_20240830 00,2489.7643910506104
70_20240830 01,2162.2774237999292
70_20240830 02,1811.9223098312273
70_20240830 03,1652.8361053574126
70_20240830 04,1582.769988171683
70_20240830 05,1551.6415213014157
70_20240830 06,1649.6278643460741
70_20240830 07,2081.6396806812104
70_20240830 08,2341.6461102540597
70_20240830 09,2406.177046335653
70_20240830 10,2428.321901235807
70_20240830 11,2473.0223630278424
70_20240830 12,2541.722559558132
70_20240830 13,2638.847466962164
70_20240830 14,2697.905492714667
70_20240830 15,2842.8934881669948
70_20240830 16,2917.042958543799
70_20240830 17,3029.387501141915
70_20240830 18,3280.382778005637
70_20240830 19,3473.820081576673
70_20240830 20,3642.7490957024484
70_20240830 21,3619.8976464658476
70_20240830 22,3546.339723286308
70_20240830 23,3207.7457890595033
70_20240831 00,2646.7361203337055
70_20240831 01,2240.4581886869437
70_20240831 02,1924.6747772313372
70_20240831 03,1707.538793963188
70_20240831 04,1600.9248535886534
70_20240831 05,1549.5805988016577
70_20240831 06,1561.0226894332236
70_20240831 07,1852.6971756118483
70_20240831 08,2254.4641514366526
70_20240831 09,2494.7561910042045
70_20240831 10,2660.274430947986
70_20240831 11,2812.538499528102
70_20240831 12,2889.470413276476
70_20240831 13,2856.64563668125
70_20240831 14,2827.0610248657176
70_20240831 15,2777.7436384522166
70_20240831 16,2855.250115189429
70_20240831 17,2925.4283070081265
70_20240831 18,3019.044445164798
70_20240831 19,3103.351533714214
70_20240831 20,3281.1328567859173
70_20240831 21,3346.3994839579104
70_20240831 22,3318.474441005866
70_20240831 23,2973.439137714933
71_20240825 00,1304.248756004473
71_20240825 01,1094.2530634022417
71_20240825 02,980.0360946108377
71_20240825 03,879.1309406507055
71_20240825 04,830.0083242858968
71_20240825 05,811.4359558422514
71_20240825 06,833.5870856600304
71_20240825 07,908.6946498063548
71_20240825 08,1053.3254648645507
71_20240825 09,1160.958961621158
71_20240825 10,1336.5230575123212
71_20240825 11,1380.5883152740055
71_20240825 12,1487.7567216157113
71_20240825 13,1531.172540537077
71_20240825 14,1524.194229780121
71_20240825 15,1537.0732858370523
71_20240825 16,1526.5412279610437
71_20240825 17,1719.3003750227317
71_20240825 18,1827.0498559371354
71_20240825 19,1926.3130381027458
71_20240825 20,1936.5949518952825
71_20240825 21,1901.8861204948053
71_20240825 22,1731.2979712125652
71_20240825 23,1474.2455291325784
71_20240826 00,1224.1045457631853
71_20240826 01,1044.1245247071706
71_20240826 02,955.5401401065452
71_20240826 03,861.9383990090146
71_20240826 04,820.676052718648
71_20240826 05,804.0112420438381
71_20240826 06,844.8442909146736
71_20240826 07,1004.5880303689348
71_20240826 08,1117.6719992644103
71_20240826 09,1107.832517225141
71_20240826 10,1114.9749188522783
71_20240826 11,1209.8746341299714
71_20240826 12,1180.7235556980063
71_20240826 13,1268.7857011545343
71_20240826 14,1207.1768228905066
71_20240826 15,1243.8277962979669
71_20240826 16,1373.1330126994508
71_20240826 17,1505.4669557753205
71_20240826 18,1691.537550136639
71_20240826 19,1845.8586566412712
71_20240826 20,1868.7878411837617
71_20240826 21,1853.9342145413452
71_20240826 22,1706.5263869048056
71_20240826 23,1469.3017558612173
71_20240827 00,1167.7974090159112
71_20240827 01,997.1187994743217
71_20240827 02,910.9752877873503
71_20240827 03,845.8412278251288
71_20240827 04,816.7663619885602
71_20240827 05,801.3804502479009
71_20240827 06,842.5793050575536
71_20240827 07,979.7899943512846
71_20240827 08,1058.436513313703
71_20240827 09,998.4338207929079
71_20240827 10,1006.4028222017255
71_20240827 11,1012.6440824813126
71_20240827 12,1024.3493583581603
71_20240827 13,1059.6032687890706
71_20240827 14,1072.46085598297
71_20240827 15,1087.140738581484
71_20240827 16,1125.4280923490699
71_20240827 17,1260.122550262372
71_20240827 18,1460.7174464108116
71_20240827 19,1602.7318010966542
71_20240827 20,1645.0003794089844
71_20240827 21,1626.6867963872687
71_20240827 22,1497.7898073350207
71_20240827 23,1262.2147285001458
71_20240828 00,1056.8802089742312
71_20240828 01,892.3095045890745
71_20240828 02,801.6802057097383
71_20240828 03,743.4605981963703
71_20240828 04,719.2060790962182
71_20240828 05,713.0019986069461
71_20240828 06,750.6498725482465
71_20240828 07,889.7267061308144
71_20240828 08,1003.2125308562983
71_20240828 09,936.7148712427002
71_20240828 10,932.3556898078922
71_20240828 11,1007.069225202442
71_20240828 12,1055.03702372563
71_20240828 13,1085.314681499266
71_20240828 14,1080.3382814931833
71_20240828 15,1105.3678088625786
71_20240828 16,1217.296346160436
71_20240828 17,1304.1681032654
71_20240828 18,1427.755409494959
71_20240828 19,1591.1499995998645
71_20240828 20,1627.39382826192
71_20240828 21,1605.586008295938
71_20240828 22,1496.006136414276
71_20240828 23,1268.967869322411
71_20240829 00,1082.9006401823358
71_20240829 01,925.1189016418238
71_20240829 02,821.6747100236904
71_20240829 03,770.411082868349
71_20240829 04,733.1793674686073
71_20240829 05,722.2721237274147
71_20240829 06,754.2551537869522
71_20240829 07,883.3670831277552
71_20240829 08,994.6931355885198
71_20240829 09,939.0239068112817
71_20240829 10,977.6164640715389
71_20240829 11,1038.5600995982518
71_20240829 12,1057.7008691306753
71_20240829 13,1088.097010190099
71_20240829 14,1103.576353871625
71_20240829 15,1137.3974983505668
71_20240829 16,1229.9570618077992
71_20240829 17,1289.6316390718052
71_20240829 18,1421.8030486763273
71_20240829 19,1547.1946027020367
71_20240829 20,1616.8819059803689
71_20240829 21,1557.402507894315
71_20240829 22,1459.1589960394595
71_20240829 23,1258.5018508374553
71_20240830 00,1072.511613448151
71_20240830 01,910.2495153766437
71_20240830 02,810.1683274129829
71_20240830 03,753.9032753141432
71_20240830 04,719.9834752709667
71_20240830 05,709.2375080014904
71_20240830 06,748.8803401744285
71_20240830 07,880.4141802486209
71_20240830 08,983.6950029558077
71_20240830 09,911.4403877404491
71_20240830 10,943.8015233513516
71_20240830 11,1004.8099863288203
71_20240830 12,1043.565456954135
71_20240830 13,1072.2750132314886
71_20240830 14,1090.831339193084
71_20240830 15,1113.887821939161
71_20240830 16,1230.685151667641
71_20240830 17,1289.285168867787
71_20240830 18,1414.5501632748553
71_20240830 19,1563.1140645537275
71_20240830 20,1552.1554573286792
71_20240830 21,1523.5594697330423
71_20240830 22,1438.6555167974186
71_20240830 23,1250.9105130502446
71_20240831 00,1064.1908028540743
71_20240831 01,910.25539112472
71_20240831 02,814.963978899219
71_20240831 03,742.4202675005833
71_20240831 04,710.1100818253856
71_20240831 05,695.8800345140348
71_20240831 06,713.9246680019342
71_20240831 07,792.3636896565703
71_20240831 08,926.8123837556875
71_20240831 09,1042.4565381706734
71_20240831 10,1089.5206175659
71_20240831 11,1144.6348065184404
71_20240831 12,1185.1012647893263
71_20240831 13,1203.2294604173228
71_20240831 14,1205.4103964951582
71_20240831 15,1207.9397523457956
71_20240831 16,1260.1236274193493
71_20240831 17,1328.9148322178885
71_20240831 18,1387.3829878384227
71_20240831 19,1455.928267054574
71_20240831 20,1494.6556095998872
71_20240831 21,1475.533512050618
71_20240831 22,1415.8678199830397
71_20240831 23,1242.5172395792486
72_20240825 00,1304.2813654907509
72_20240825 01,1259.734097735559
72_20240825 02,1263.2465963910226
72_20240825 03,1263.6595567888571
72_20240825 04,1252.3687051191955
72_20240825 05,1242.9641258661009
72_20240825 06,1222.424215582967
72_20240825 07,1156.568686689361
72_20240825 08,1011.986714588129
72_20240825 09,940.9379107554245
72_20240825 10,854.5630194049876
72_20240825 11,837.6214555878729
72_20240825 12,845.5022517771522
72_20240825 13,836.33570294478
72_20240825 14,930.6246305355745
72_20240825 15,889.4326056499792
72_20240825 16,1011.6450924348044
72_20240825 17,1117.7750004461388
72_20240825 18,1149.7894899862154
72_20240825 19,1192.958100214742
72_20240825 20,1177.7189160986438
72_20240825 21,1176.8574836801486
72_20240825 22,1268.8320605911604
72_20240825 23,1372.8861587474846
72_20240826 00,1640.035659365978
72_20240826 01,1718.0359325294173
72_20240826 02,1714.485616084548
72_20240826 03,1608.9168831883871
72_20240826 04,1331.7129780961816
72_20240826 05,1319.52699168523
72_20240826 06,1435.6176599409744
72_20240826 07,1597.519145388831
72_20240826 08,1737.6807101593856
72_20240826 09,1911.2778451150698
72_20240826 10,1874.1576607755017
72_20240826 11,1736.298913563512
72_20240826 12,1743.2951611008293
72_20240826 13,1841.8041209730695
72_20240826 14,1659.3421804844327
72_20240826 15,1620.9524850812504
72_20240826 16,1486.3517825610147
72_20240826 17,1687.165891247471
72_20240826 18,1618.6206888771023
72_20240826 19,1517.297977702855
72_20240826 20,1399.6024824288202
72_20240826 21,1428.356876498764
72_20240826 22,1527.1985349385122
72_20240826 23,1568.8547528400932
72_20240827 00,1701.9813688624245
72_20240827 01,1900.5685203077144
72_20240827 02,1892.6571222059017
72_20240827 03,1711.4962699018533
72_20240827 04,1475.4016554673906
72_20240827 05,1481.3581616576876
72_20240827 06,1595.8142738518582
72_20240827 07,1715.215569563779
72_20240827 08,1760.9963010206914
72_20240827 09,1936.9047605294745
72_20240827 10,1899.8040480893164
72_20240827 11,1799.6036930693115
72_20240827 12,1739.2700750557874
72_20240827 13,1848.0776014768248
72_20240827 14,1668.1237008572848
72_20240827 15,1564.9464439438373
72_20240827 16,1447.778359491922
72_20240827 17,1643.9714590755143
72_20240827 18,1591.5150678440045
72_20240827 19,1499.4480490515684
72_20240827 20,1378.5885505901379
72_20240827 21,1391.7014194957374
72_20240827 22,1519.6279739306838
72_20240827 23,1549.5957750987632
72_20240828 00,1694.6646991720322
72_20240828 01,1886.405034557135
72_20240828 02,1882.1370621271026
72_20240828 03,1702.472918449397
72_20240828 04,1471.52863900674
72_20240828 05,1456.8695966917937
72_20240828 06,1546.0822371834458
72_20240828 07,1669.4725924318634
72_20240828 08,1711.471212466757
72_20240828 09,1937.2056023774508
72_20240828 10,1894.0209726751264
72_20240828 11,1723.2347546110545
72_20240828 12,1732.2479283008906
72_20240828 13,1853.4808691763285
72_20240828 14,1693.5511865913743
72_20240828 15,1582.4337101074193
72_20240828 16,1484.311941479983
72_20240828 17,1653.8051652588633
72_20240828 18,1595.5745780388906
72_20240828 19,1487.5217069813632
72_20240828 20,1381.754312447485
72_20240828 21,1391.3427169353865
72_20240828 22,1480.2156401954815
72_20240828 23,1539.049020015881
72_20240829 00,1681.8225892347805
72_20240829 01,1852.7937260934918
72_20240829 02,1850.4415168686262
72_20240829 03,1691.9979817415622
72_20240829 04,1471.712458569513
72_20240829 05,1464.3338956786224
72_20240829 06,1574.3678753711679
72_20240829 07,1680.2406854786684
72_20240829 08,1682.6202200917803
72_20240829 09,1790.0612631198
72_20240829 10,1772.004408680845
72_20240829 11,1676.8565540100765
72_20240829 12,1720.0060119656682
72_20240829 13,1849.8168459269373
72_20240829 14,1613.7946873256296
72_20240829 15,1567.5757453546923
72_20240829 16,1437.7778052776848
72_20240829 17,1628.0835039131453
72_20240829 18,1569.9064505463252
72_20240829 19,1496.3792522126112
72_20240829 20,1381.959006361296
72_20240829 21,1359.1023321277744
72_20240829 22,1492.1291349997393
72_20240829 23,1564.074700267506
72_20240830 00,1694.777396077192
72_20240830 01,1886.4994132601892
72_20240830 02,1898.6529091964956
72_20240830 03,1704.9718222779222
72_20240830 04,1484.9878441062883
72_20240830 05,1454.4912373343786
72_20240830 06,1587.436013363907
72_20240830 07,1672.3054943636898
72_20240830 08,1666.7010724431152
72_20240830 09,1840.802795572738
72_20240830 10,1715.0825036979272
72_20240830 11,1642.5299589730053
72_20240830 12,1668.5748407656085
72_20240830 13,1738.936298525577
72_20240830 14,1569.328704112088
72_20240830 15,1476.8135196771443
72_20240830 16,1394.2489760135063
72_20240830 17,1603.225488198031
72_20240830 18,1435.5738920686435
72_20240830 19,1331.380316130745
72_20240830 20,1273.7998654377798
72_20240830 21,1232.1515495142717
72_20240830 22,1406.0231671202055
72_20240830 23,1493.6249292319822
72_20240831 00,1426.5776302387535
72_20240831 01,1405.7572216281199
72_20240831 02,1409.1488722418687
72_20240831 03,1400.3356006266997
72_20240831 04,1365.2813421628193
72_20240831 05,1353.9129208811883
72_20240831 06,1354.2523765605752
72_20240831 07,1159.4983755247176
72_20240831 08,973.118002380605
72_20240831 09,908.0180102366003
72_20240831 10,870.7788166701721
72_20240831 11,833.6824823535055
72_20240831 12,841.2485023589953
72_20240831 13,884.9715283679045
72_20240831 14,940.632761253855
72_20240831 15,937.4223552243515
72_20240831 16,985.1903563483597
72_20240831 17,1025.452113723106
72_20240831 18,1106.5524233152946
72_20240831 19,1127.3106786282278
72_20240831 20,1121.2321278886525
72_20240831 21,1119.1901895158196
72_20240831 22,1170.6205239881222
72_20240831 23,1235.457379852392
73_20240825 00,686.7384172791001
73_20240825 01,672.7515790399275
73_20240825 02,663.3107829212803
73_20240825 03,635.3183023613493
73_20240825 04,593.4653782894709
73_20240825 05,581.3000331390102
73_20240825 06,594.7688214205846
73_20240825 07,713.2166982982515
73_20240825 08,1214.9903085494204
73_20240825 09,2279.3242703244773
73_20240825 10,4004.481253465221
73_20240825 11,4892.559983681295
73_20240825 12,5010.265255876132
73_20240825 13,4997.067994962995
73_20240825 14,5063.819233173333
73_20240825 15,5093.281682413233
73_20240825 16,5067.18149534409
73_20240825 17,5050.410206452616
73_20240825 18,4972.460661295525
73_20240825 19,4686.173615483096
73_20240825 20,3968.5210940719317
73_20240825 21,1492.9668918326079
73_20240825 22,777.7362772879449
73_20240825 23,721.6001503677057
73_20240826 00,696.1069387136251
73_20240826 01,685.7898562494663
73_20240826 02,674.4004957340926
73_20240826 03,639.451515648436
73_20240826 04,598.8227964992445
73_20240826 05,585.5366643585182
73_20240826 06,609.8572199328245
73_20240826 07,709.9139632341046
73_20240826 08,1120.007818831643
73_20240826 09,2088.6763617667466
73_20240826 10,4033.8971501858323
73_20240826 11,4735.155314358794
73_20240826 12,4757.920253117425
73_20240826 13,4769.4671940955195
73_20240826 14,4773.055235047112
73_20240826 15,4753.710455068391
73_20240826 16,4662.968009830483
73_20240826 17,4611.509417009275
73_20240826 18,4536.470044999456
73_20240826 19,4326.642007622213
73_20240826 20,3821.7106905323412
73_20240826 21,1459.4635277456562
73_20240826 22,796.2931464897715
73_20240826 23,724.8093378392746
73_20240827 00,725.8843294251735
73_20240827 01,709.4883921204726
73_20240827 02,691.7878218880663
73_20240827 03,634.2172214208124
73_20240827 04,587.9340979033338
73_20240827 05,579.5349991486223
73_20240827 06,594.6714892376231
73_20240827 07,702.7309009765593
73_20240827 08,1126.0000029021896
73_20240827 09,2060.207002954049
73_20240827 10,3560.905978026831
73_20240827 11,4154.291544186335
73_20240827 12,4190.271105573911
73_20240827 13,4287.568106316074
73_20240827 14,4331.936349971962
73_20240827 15,4313.9864729151395
73_20240827 16,4280.270584741866
73_20240827 17,4345.908712429557
73_20240827 18,4232.935961975667
73_20240827 19,4047.1733611618
73_20240827 20,3547.358492003774
73_20240827 21,1398.9437302940382
73_20240827 22,778.5182670746108
73_20240827 23,730.3723745821022
73_20240828 00,703.304107920037
73_20240828 01,677.7442323581373
73_20240828 02,659.2837855548213
73_20240828 03,628.8967581348261
73_20240828 04,592.4208568829956
73_20240828 05,582.5440366524456
73_20240828 06,598.6750605252205
73_20240828 07,697.0847131932169
73_20240828 08,1177.3784898612034
73_20240828 09,2112.817104522809
73_20240828 10,3715.1484009037886
73_20240828 11,4526.663104085838
73_20240828 12,4620.403442552699
73_20240828 13,4724.822773138717
73_20240828 14,4646.164105693523
73_20240828 15,4588.872395782727
73_20240828 16,4581.106374298867
73_20240828 17,4580.65983823402
73_20240828 18,4478.157713363022
73_20240828 19,4284.164820505926
73_20240828 20,3749.662425909821
73_20240828 21,1449.5716612884548
73_20240828 22,777.9651235766635
73_20240828 23,724.3547377374155
73_20240829 00,697.3799794064656
73_20240829 01,685.7602184888655
73_20240829 02,672.7473609119488
73_20240829 03,637.856289011794
73_20240829 04,587.1049978064831
73_20240829 05,575.1564933977849
73_20240829 06,600.6818128102809
73_20240829 07,698.1644210961308
73_20240829 08,1122.1647444194473
73_20240829 09,2074.2331838927466
73_20240829 10,3686.6033676707107
73_20240829 11,4475.131077257214
73_20240829 12,4610.716360923805
73_20240829 13,4667.616829743831
73_20240829 14,4647.401734876448
73_20240829 15,4649.9298018728605
73_20240829 16,4592.7381533164535
73_20240829 17,4607.471292691322
73_20240829 18,4531.864139079872
73_20240829 19,4334.7781348321405
73_20240829 20,3787.3759145161494
73_20240829 21,1468.6261777999484
73_20240829 22,785.1821986402358
73_20240829 23,722.8150203630976
73_20240830 00,704.1526383436984
73_20240830 01,690.3104592559528
73_20240830 02,675.0791712843371
73_20240830 03,637.1101125488631
73_20240830 04,588.2075486078379
73_20240830 05,579.5388046814176
73_20240830 06,598.503963596618
73_20240830 07,709.0078674636636
73_20240830 08,1152.930365967884
73_20240830 09,2105.272336422487
73_20240830 10,3677.26182563554
73_20240830 11,4443.977175073665
73_20240830 12,4553.498667476215
73_20240830 13,4553.13933258009
73_20240830 14,4611.72946679917
73_20240830 15,4618.41528750408
73_20240830 16,4496.940398920151
73_20240830 17,4502.543604829301
73_20240830 18,4431.937328380358
73_20240830 19,4095.7627809458763
73_20240830 20,3608.1433981947666
73_20240830 21,1415.684170227842
73_20240830 22,759.237989327738
73_20240830 23,706.2499320180186
73_20240831 00,686.4345061094273
73_20240831 01,677.1957421321085
73_20240831 02,660.1740621811663
73_20240831 03,629.9419800194429
73_20240831 04,596.0767109608547
73_20240831 05,580.74914282763
73_20240831 06,591.5111031814713
73_20240831 07,707.1698562315798
73_20240831 08,1142.5413468870445
73_20240831 09,2059.5737300392407
73_20240831 10,3579.393621877376
73_20240831 11,4358.762789940699
73_20240831 12,4584.348577859517
73_20240831 13,4628.140300175741
73_20240831 14,4741.767109024857
73_20240831 15,4696.6498338391075
73_20240831 16,4634.910751412597
73_20240831 17,4634.3247327856
73_20240831 18,4547.0172006085295
73_20240831 19,4358.916362772931
73_20240831 20,3717.40525657911
73_20240831 21,1441.3858886947153
73_20240831 22,750.1247469206938
73_20240831 23,690.3474126803291
74_20240825 00,930.8142683641439
74_20240825 01,911.282775704692
74_20240825 02,880.0448215543604
74_20240825 03,866.7473653314078
74_20240825 04,862.6720893499884
74_20240825 05,893.685228362177
74_20240825 06,962.6527025501017
74_20240825 07,1065.1254283859037
74_20240825 08,1356.0365298053214
74_20240825 09,2494.56348960623
74_20240825 10,4212.763516264562
74_20240825 11,4959.363729604003
74_20240825 12,5119.398456728806
74_20240825 13,5044.991455247346
74_20240825 14,4992.7359930253515
74_20240825 15,4983.74507750993
74_20240825 16,4953.78693957919
74_20240825 17,4921.496452633443
74_20240825 18,4688.409868044113
74_20240825 19,4395.972106398322
74_20240825 20,3633.0620294995033
74_20240825 21,2058.395099379862
74_20240825 22,1117.6191058165261
74_20240825 23,901.3641311634784
74_20240826 00,1322.965258864759
74_20240826 01,1477.6580835919538
74_20240826 02,1458.5215082523625
74_20240826 03,1444.9940016759556
74_20240826 04,1395.4593841618303
74_20240826 05,1164.1724154598537
74_20240826 06,1118.3719903204315
74_20240826 07,1057.6363649753264
74_20240826 08,1412.1634139087068
74_20240826 09,2280.2357750817196
74_20240826 10,2638.3433521820893
74_20240826 11,2304.556154533935
74_20240826 12,2724.6703756082984
74_20240826 13,2442.618256043332
74_20240826 14,2149.1094700846465
74_20240826 15,2142.6840849122545
74_20240826 16,2066.1046680738427
74_20240826 17,2126.5441211055513
74_20240826 18,2580.4261525991396
74_20240826 19,2330.276716573541
74_20240826 20,2194.4796340283315
74_20240826 21,1761.3105469527584
74_20240826 22,1086.9457267068028
74_20240826 23,884.99896426079
74_20240827 00,1471.8547141047914
74_20240827 01,1577.8929167545407
74_20240827 02,1535.1638865393577
74_20240827 03,1519.562360507293
74_20240827 04,1476.9172690484713
74_20240827 05,1223.8704496747873
74_20240827 06,1131.6834575598837
74_20240827 07,1105.1427879535177
74_20240827 08,1490.757386480184
74_20240827 09,2720.764348697435
74_20240827 10,4268.683093145579
74_20240827 11,4798.671945455933
74_20240827 12,5115.507597234668
74_20240827 13,4873.392387583605
74_20240827 14,4628.478221149765
74_20240827 15,4558.283345988581
74_20240827 16,4500.89394887427
74_20240827 17,4461.810014235223
74_20240827 18,4503.589124039992
74_20240827 19,4199.7217300019565
74_20240827 20,3316.650503273828
74_20240827 21,1891.054294413114
74_20240827 22,1156.5621459355
74_20240827 23,900.0557200732502
74_20240828 00,1418.7681797271357
74_20240828 01,1535.7059807030314
74_20240828 02,1504.7399041678823
74_20240828 03,1504.0256467560025
74_20240828 04,1457.1983389300206
74_20240828 05,1228.9950900308024
74_20240828 06,1140.9828945711693
74_20240828 07,1101.2068211624241
74_20240828 08,1439.0264378534903
74_20240828 09,2563.080231078644
74_20240828 10,4224.405179413925
74_20240828 11,4743.101894611185
74_20240828 12,4982.375109089338
74_20240828 13,4767.693596420003
74_20240828 14,4515.8108500749195
74_20240828 15,4543.828500051957
74_20240828 16,4449.927867767986
74_20240828 17,4481.8775936470975
74_20240828 18,4628.286554277369
74_20240828 19,4235.416372072629
74_20240828 20,3356.0221303763524
74_20240828 21,2036.016034597991
74_20240828 22,1181.670035250935
74_20240828 23,923.4716252234691
74_20240829 00,1388.7887839607408
74_20240829 01,1541.793037228238
74_20240829 02,1499.5203965368096
74_20240829 03,1498.3823340527595
74_20240829 04,1447.6747825043267
74_20240829 05,1224.3373914224444
74_20240829 06,1151.4487962050418
74_20240829 07,1114.0023812252655
74_20240829 08,1475.944440368076
74_20240829 09,2689.8653339198363
74_20240829 10,4239.104829563971
74_20240829 11,4850.978515801546
74_20240829 12,5081.122544379174
74_20240829 13,4848.448303305661
74_20240829 14,4681.9609651486735
74_20240829 15,4625.885647308879
74_20240829 16,4578.949208598883
74_20240829 17,4593.051331320498
74_20240829 18,4696.046049082062
74_20240829 19,4363.892914782271
74_20240829 20,3283.8275376355687
74_20240829 21,2054.623506396844
74_20240829 22,1192.4357825458044
74_20240829 23,943.4871328140246
74_20240830 00,1451.5714617479396
74_20240830 01,1557.5717194411918
74_20240830 02,1518.9807420605252
74_20240830 03,1510.2639599084523
74_20240830 04,1469.1297323779872
74_20240830 05,1227.336266043819
74_20240830 06,1122.973595112333
74_20240830 07,1090.4430600102232
74_20240830 08,1439.833694067592
74_20240830 09,2646.013839347873
74_20240830 10,4212.370859392278
74_20240830 11,4768.848756295605
74_20240830 12,5048.934036842091
74_20240830 13,4842.79266257882
74_20240830 14,4677.726044284581
74_20240830 15,4617.8283993223295
74_20240830 16,4589.880481483378
74_20240830 17,4602.586747033886
74_20240830 18,4752.073738571236
74_20240830 19,4391.772749363383
74_20240830 20,3777.484643262116
74_20240830 21,2199.019923309181
74_20240830 22,1177.2395834089791
74_20240830 23,902.4264907379276
74_20240831 00,1403.5982867916628
74_20240831 01,1533.2971185293848
74_20240831 02,1502.8865978995314
74_20240831 03,1497.1191468670102
74_20240831 04,1464.0857225985756
74_20240831 05,1225.5653200828467
74_20240831 06,1126.9970842084365
74_20240831 07,1100.0280673812908
74_20240831 08,1529.2883944300072
74_20240831 09,2552.2729646853436
74_20240831 10,4142.84512008391
74_20240831 11,4775.4895390165875
74_20240831 12,5135.265909899434
74_20240831 13,4886.82204131839
74_20240831 14,4863.312633365642
74_20240831 15,4751.330134078083
74_20240831 16,4694.688379131815
74_20240831 17,4679.903574300863
74_20240831 18,4803.0479227288015
74_20240831 19,4336.420678040878
74_20240831 20,3623.4208421618678
74_20240831 21,2156.266860167946
74_20240831 22,1163.052528443483
74_20240831 23,906.1929048559595
75_20240825 00,2607.6962890337454
75_20240825 01,2550.96481334931
75_20240825 02,2559.337740386109
75_20240825 03,2500.158212040895
75_20240825 04,2531.8005634515175
75_20240825 05,2621.3926863419492
75_20240825 06,2774.4251728054205
75_20240825 07,2945.644704309952
75_20240825 08,3052.3656395996777
75_20240825 09,3138.5431432574787
75_20240825 10,3186.8529118330416
75_20240825 11,3259.989578977465
75_20240825 12,3174.4772149423206
75_20240825 13,3140.5577993549014
75_20240825 14,3218.3390883166526
75_20240825 15,3157.5983831326353
75_20240825 16,3047.368762134966
75_20240825 17,3102.2868681054506
75_20240825 18,3023.3803238563805
75_20240825 19,2949.41095709734
75_20240825 20,2819.1940680553407
75_20240825 21,2760.2650796384137
75_20240825 22,2645.115025521996
75_20240825 23,2590.880676481342
75_20240826 00,2597.341176835905
75_20240826 01,2526.567672375151
75_20240826 02,2463.4032745966397
75_20240826 03,2556.5601969691243
75_20240826 04,2653.3255678978594
75_20240826 05,2771.612871060621
75_20240826 06,2938.852959362534
75_20240826 07,3351.1826606413406
75_20240826 08,3718.2772705102934
75_20240826 09,3946.673564091838
75_20240826 10,3995.6539268534552
75_20240826 11,4002.35909643621
75_20240826 12,3977.1949723966354
75_20240826 13,3962.165939419719
75_20240826 14,4037.3885475080033
75_20240826 15,3997.1330644555674
75_20240826 16,3942.568126905195
75_20240826 17,3739.480931303353
75_20240826 18,3534.768749312969
75_20240826 19,3262.4987448117945
75_20240826 20,2979.83619485821
75_20240826 21,2857.849418282061
75_20240826 22,2750.71846251263
75_20240826 23,2666.824727178672
75_20240827 00,2577.255303649546
75_20240827 01,2507.347620169891
75_20240827 02,2482.787193308253
75_20240827 03,2545.3121475992525
75_20240827 04,2601.454036628301
75_20240827 05,2740.640076913429
75_20240827 06,2900.031380376324
75_20240827 07,3272.880971396941
75_20240827 08,3630.3449620991455
75_20240827 09,3864.6758649539224
75_20240827 10,3923.688542866002
75_20240827 11,3907.08098913707
75_20240827 12,3924.3660490844886
75_20240827 13,3915.1342557910166
75_20240827 14,3984.0863496800794
75_20240827 15,3942.9338437312776
75_20240827 16,3898.830375209659
75_20240827 17,3690.4506630895958
75_20240827 18,3486.2679717757173
75_20240827 19,3301.0406188233146
75_20240827 20,2987.557302065098
75_20240827 21,2877.383042163986
75_20240827 22,2734.240318951184
75_20240827 23,2609.99352460717
75_20240828 00,2547.7159044281784
75_20240828 01,2490.798291208407
75_20240828 02,2409.5378432828647
75_20240828 03,2408.371299291657
75_20240828 04,2446.1438081541005
75_20240828 05,2582.301329258353
75_20240828 06,2735.869383315783
75_20240828 07,3121.8978665410905
75_20240828 08,3578.3786767319234
75_20240828 09,3837.5880486804253
75_20240828 10,3937.435984881866
75_20240828 11,3935.0652113006417
75_20240828 12,3918.1724692362595
75_20240828 13,3911.7614319519694
75_20240828 14,3973.441780612823
75_20240828 15,3936.657380295195
75_20240828 16,3896.121224428655
75_20240828 17,3681.652579663355
75_20240828 18,3472.6543868243875
75_20240828 19,3253.5402933098776
75_20240828 20,2989.3932829286196
75_20240828 21,2869.661608851002
75_20240828 22,2731.2703657039992
75_20240828 23,2649.160196408874
75_20240829 00,2528.095167189262
75_20240829 01,2489.2277338964736
75_20240829 02,2400.7786357931227
75_20240829 03,2455.579340316291
75_20240829 04,2555.6066707736522
75_20240829 05,2643.6539887244135
75_20240829 06,2836.9064197761127
75_20240829 07,3145.536612657914
75_20240829 08,3599.944299140391
75_20240829 09,3804.3416330563737
75_20240829 10,3866.3618005338353
75_20240829 11,3867.063019682428
75_20240829 12,3840.6947736825414
75_20240829 13,3837.092609140795
75_20240829 14,3891.5152237193856
75_20240829 15,3869.4038189321514
75_20240829 16,3812.039187695967
75_20240829 17,3630.2173593853377
75_20240829 18,3431.491565844477
75_20240829 19,3252.2578307723247
75_20240829 20,2998.8904910267847
75_20240829 21,2858.260044814617
75_20240829 22,2759.1933390148874
75_20240829 23,2596.436830597424
75_20240830 00,2542.741773943304
75_20240830 01,2435.386042029458
75_20240830 02,2402.1561670014303
75_20240830 03,2448.417131777175
75_20240830 04,2531.027888655797
75_20240830 05,2644.4274344752585
75_20240830 06,2772.6706012044765
75_20240830 07,3108.4407972918752
75_20240830 08,3537.7826601142297
75_20240830 09,3806.1021266748053
75_20240830 10,3896.7822499693843
75_20240830 11,3894.1193713748644
75_20240830 12,3846.2051325969164
75_20240830 13,3849.281171477779
75_20240830 14,3909.7630981575803
75_20240830 15,3873.169388695905
75_20240830 16,3837.354252403604
75_20240830 17,3643.4398619910826
75_20240830 18,3423.1625468187435
75_20240830 19,3227.6183981104277
75_20240830 20,2933.874455319231
75_20240830 21,2838.043796851788
75_20240830 22,2706.8868930110284
75_20240830 23,2609.8132556842866
75_20240831 00,2500.8768395327174
75_20240831 01,2414.8890093791824
75_20240831 02,2332.841681220204
75_20240831 03,2284.876263636994
75_20240831 04,2263.156232095381
75_20240831 05,2339.5487080294183
75_20240831 06,2476.2388998336137
75_20240831 07,2701.0022145615394
75_20240831 08,2966.4098102375037
75_20240831 09,3185.0926427215436
75_20240831 10,3267.6603627964755
75_20240831 11,3284.040194099061
75_20240831 12,3243.423573996466
75_20240831 13,3199.257200294184
75_20240831 14,3253.608868338822
75_20240831 15,3231.4365819148625
75_20240831 16,3161.1732605854363
75_20240831 17,3117.0403087332033
75_20240831 18,2983.4285101921096
75_20240831 19,2867.3850507503503
75_20240831 20,2717.8055114710205
75_20240831 21,2634.8004173018917
75_20240831 22,2525.54225644887
75_20240831 23,2502.800038217217
76_20240825 00,3232.65383099641
76_20240825 01,3188.4164140810117
76_20240825 02,3154.4750652321145
76_20240825 03,3140.448448241308
76_20240825 04,3111.734187830518
76_20240825 05,3105.6671654217516
76_20240825 06,3104.902484140161
76_20240825 07,3141.35438235164
76_20240825 08,3262.6081287468933
76_20240825 09,3332.9519563512877
76_20240825 10,3399.6904391538533
76_20240825 11,3436.232614364479
76_20240825 12,3439.958581207214
76_20240825 13,3458.13556389274
76_20240825 14,3474.219202757503
76_20240825 15,3479.978907851704
76_20240825 16,3474.7613709181114
76_20240825 17,3453.5653362841736
76_20240825 18,3457.4016929672307
76_20240825 19,3411.0895001519725
76_20240825 20,3345.9261693861067
76_20240825 21,3287.73897389433
76_20240825 22,3272.9000709289367
76_20240825 23,3245.007888620986
76_20240826 00,3191.2012499499024
76_20240826 01,3168.777873776684
76_20240826 02,3139.2981466012834
76_20240826 03,3153.839326370834
76_20240826 04,3137.453748016432
76_20240826 05,3163.1503644995996
76_20240826 06,3175.2846505945245
76_20240826 07,3225.821668251313
76_20240826 08,3296.5635881879116
76_20240826 09,3360.57828518303
76_20240826 10,3380.497001670745
76_20240826 11,3441.003622519799
76_20240826 12,3464.825300335534
76_20240826 13,3497.744357715744
76_20240826 14,3493.787241679651
76_20240826 15,3520.523076874714
76_20240826 16,3513.6583866591945
76_20240826 17,3471.56388529893
76_20240826 18,3437.7044819647645
76_20240826 19,3327.4308615138857
76_20240826 20,3315.48125256816
76_20240826 21,3277.693869808161
76_20240826 22,3252.448982831432
76_20240826 23,3224.8517662397726
76_20240827 00,3205.724710614146
76_20240827 01,3187.9963693338304
76_20240827 02,3185.115002001913
76_20240827 03,3169.2303480292067
76_20240827 04,3164.285164556798
76_20240827 05,3157.2405406730586
76_20240827 06,3149.308221350709
76_20240827 07,3152.9661272153394
76_20240827 08,3204.7121236807834
76_20240827 09,3194.112434029828
76_20240827 10,3235.7964019670803
76_20240827 11,3188.38966291911
76_20240827 12,3202.6060440939395
76_20240827 13,3205.354472433236
76_20240827 14,3281.2211871800955
76_20240827 15,3301.91576541587
76_20240827 16,3330.870292996672
76_20240827 17,3358.466446608241
76_20240827 18,3334.496629436784
76_20240827 19,3299.2165173269204
76_20240827 20,3255.0829559475205
76_20240827 21,3211.899671029453
76_20240827 22,3167.524279732304
76_20240827 23,3129.8110879507117
76_20240828 00,3105.008626883544
76_20240828 01,3073.572685350669
76_20240828 02,3035.958628078606
76_20240828 03,3036.49290175485
76_20240828 04,3016.5544239223846
76_20240828 05,2994.4035910370185
76_20240828 06,2981.168806965714
76_20240828 07,3040.1268995112455
76_20240828 08,3114.546424499951
76_20240828 09,3203.7754696423935
76_20240828 10,3239.490200664382
76_20240828 11,3299.4697464393207
76_20240828 12,3345.1990746257406
76_20240828 13,3407.4993600038833
76_20240828 14,3442.752907829576
76_20240828 15,3460.1426812560862
76_20240828 16,3469.2384566830046
76_20240828 17,3453.8050655275906
76_20240828 18,3436.4831816519386
76_20240828 19,3356.324002698715
76_20240828 20,3322.356121909392
76_20240828 21,3272.9741636118765
76_20240828 22,3230.5259212446304
76_20240828 23,3193.2865339867612
76_20240829 00,3182.062243724128
76_20240829 01,3110.6175826229573
76_20240829 02,3072.8794337790696
76_20240829 03,3058.999077315841
76_20240829 04,3031.6075128235834
76_20240829 05,2999.430512309761
76_20240829 06,2993.482911622392
76_20240829 07,3045.6084071600394
76_20240829 08,3131.147967739872
76_20240829 09,3194.958162274604
76_20240829 10,3243.9780349834546
76_20240829 11,3314.040351703434
76_20240829 12,3346.374884886261
76_20240829 13,3394.656399318539
76_20240829 14,3418.562903242908
76_20240829 15,3422.0840846549627
76_20240829 16,3452.885757025556
76_20240829 17,3444.527743909898
76_20240829 18,3421.5431166845547
76_20240829 19,3384.3574299915463
76_20240829 20,3297.9800250505023
76_20240829 21,3224.0105675061686
76_20240829 22,3198.3713994458376
76_20240829 23,3165.457171574425
76_20240830 00,3151.132079272912
76_20240830 01,3092.9888559354804
76_20240830 02,3057.0976416188323
76_20240830 03,3021.48454360734
76_20240830 04,2998.352827244575
76_20240830 05,2988.6546596885714
76_20240830 06,2998.1368874218138
76_20240830 07,3059.8236984290647
76_20240830 08,3176.6915522698146
76_20240830 09,3248.650171409047
76_20240830 10,3278.7956575362346
76_20240830 11,3321.1218786067593
76_20240830 12,3373.630880147703
76_20240830 13,3400.6939587085203
76_20240830 14,3399.528321985017
76_20240830 15,3416.77303173928
76_20240830 16,3430.318045370211
76_20240830 17,3399.5765323549094
76_20240830 18,3360.759036179151
76_20240830 19,3271.4927517494107
76_20240830 20,3213.403129583294
76_20240830 21,3116.8496454016927
76_20240830 22,3113.8019907870294
76_20240830 23,3084.826759667108
76_20240831 00,3058.744707806608
76_20240831 01,3042.2635816875045
76_20240831 02,3020.4023874106924
76_20240831 03,2984.4159429718275
76_20240831 04,2950.161436596986
76_20240831 05,2950.7050867268645
76_20240831 06,2926.7509930135056
76_20240831 07,2978.389955960509
76_20240831 08,3054.320948575134
76_20240831 09,3122.922943354679
76_20240831 10,3195.195137643328
76_20240831 11,3250.396015149169
76_20240831 12,3254.862975184808
76_20240831 13,3318.250298765728
76_20240831 14,3344.278815000095
76_20240831 15,3363.503205185726
76_20240831 16,3357.748102039879
76_20240831 17,3357.410552037195
76_20240831 18,3300.9146387901324
76_20240831 19,3242.243268955826
76_20240831 20,3172.6697779075757
76_20240831 21,3134.983531850206
76_20240831 22,3098.825489056293
76_20240831 23,3073.475809884497
77_20240825 00,1310.4171956526347
77_20240825 01,1301.9962380062814
77_20240825 02,1272.7796740508834
77_20240825 03,1223.3244339153575
77_20240825 04,1199.3267622393212
77_20240825 05,1161.2715108551322
77_20240825 06,1180.2019454693454
77_20240825 07,1436.107483716789
77_20240825 08,1710.672559842164
77_20240825 09,1694.406377956561
77_20240825 10,1920.4423535653336
77_20240825 11,1778.1535131941696
77_20240825 12,1755.7449510754873
77_20240825 13,1785.4312575314875
77_20240825 14,1858.902056455522
77_20240825 15,1966.7934166102723
77_20240825 16,2046.3214048400887
77_20240825 17,1918.0519535016083
77_20240825 18,1707.243498871536
77_20240825 19,1478.7042838415296
77_20240825 20,1429.716869230736
77_20240825 21,1383.7035555128482
77_20240825 22,1191.4043689923196
77_20240825 23,1228.534564040835
77_20240826 00,1228.0654857529842
77_20240826 01,1199.581879822391
77_20240826 02,1180.063770613686
77_20240826 03,1160.2868923829847
77_20240826 04,1136.9245310940973
77_20240826 05,1086.56481180133
77_20240826 06,1093.503462744465
77_20240826 07,1265.7943650957639
77_20240826 08,1605.3902466238542
77_20240826 09,1625.9521104089417
77_20240826 10,1816.6907701857551
77_20240826 11,1755.9750695691514
77_20240826 12,1731.6261149146685
77_20240826 13,1761.0079347361625
77_20240826 14,1776.9797408750467
77_20240826 15,1808.0498055429543
77_20240826 16,1842.4459171374554
77_20240826 17,1772.697537454668
77_20240826 18,1511.4039486450608
77_20240826 19,1312.195029031961
77_20240826 20,1262.267987582546
77_20240826 21,1192.579389981077
77_20240826 22,984.4063280325407
77_20240826 23,943.064580168407
77_20240827 00,1060.3907758925577
77_20240827 01,1251.1299979691953
77_20240827 02,1207.2509705308426
77_20240827 03,1170.7791667055437
77_20240827 04,1149.6896128423855
77_20240827 05,1075.8662273054797
77_20240827 06,1080.4721999593844
77_20240827 07,1172.5726024962246
77_20240827 08,1457.63166924596
77_20240827 09,1604.716956600172
77_20240827 10,1756.6868322125542
77_20240827 11,1663.8477708903129
77_20240827 12,1645.0283131562865
77_20240827 13,1656.4923077299804
77_20240827 14,1680.4600083688674
77_20240827 15,1722.419203650292
77_20240827 16,1768.28789925105
77_20240827 17,1723.9092631716433
77_20240827 18,1438.5764157160231
77_20240827 19,1292.3506094131003
77_20240827 20,1233.7625300316572
77_20240827 21,1166.8480133550647
77_20240827 22,1038.81887656356
77_20240827 23,1005.6060891554913
77_20240828 00,1139.1819803757185
77_20240828 01,1211.3722855393921
77_20240828 02,1175.7263367065293
77_20240828 03,1131.7773582565537
77_20240828 04,1014.3029355796469
77_20240828 05,948.6372618756948
77_20240828 06,955.5938388963872
77_20240828 07,1063.1183524139253
77_20240828 08,1271.2323195920649
77_20240828 09,1388.183291872071
77_20240828 10,1615.1628197555328
77_20240828 11,1615.5898049516495
77_20240828 12,1604.371005477506
77_20240828 13,1588.3862616554616
77_20240828 14,1592.4150479416382
77_20240828 15,1645.3763388213704
77_20240828 16,1724.6239849873955
77_20240828 17,1631.5806578142735
77_20240828 18,1402.2911617560876
77_20240828 19,1291.246583603031
77_20240828 20,1266.6077090756753
77_20240828 21,1202.6714748159259
77_20240828 22,1079.4611196554056
77_20240828 23,1061.2493067092812
77_20240829 00,1117.1658183334316
77_20240829 01,1138.9622291649737
77_20240829 02,1092.1481669995433
77_20240829 03,1026.4572151957677
77_20240829 04,988.1471730339575
77_20240829 05,914.7362157733257
77_20240829 06,922.1213329107329
77_20240829 07,1081.243391587359
77_20240829 08,1306.4279012344991
77_20240829 09,1513.6522894815416
77_20240829 10,1682.8544520773244
77_20240829 11,1652.6736934193186
77_20240829 12,1647.1270498942963
77_20240829 13,1684.2561048838252
77_20240829 14,1750.1095881500155
77_20240829 15,1792.8341986684018
77_20240829 16,1843.221103210963
77_20240829 17,1747.2398341994526
77_20240829 18,1544.8072694427256
77_20240829 19,1435.8020517155348
77_20240829 20,1379.0201509773174
77_20240829 21,1328.4811192404406
77_20240829 22,1242.48023407308
77_20240829 23,1178.6287215183725
77_20240830 00,1194.3888562990023
77_20240830 01,1221.6902597077374
77_20240830 02,1189.4120861184788
77_20240830 03,1134.0541671773426
77_20240830 04,1080.7118871616349
77_20240830 05,1040.8857005540692
77_20240830 06,1037.0695319807596
77_20240830 07,1130.6936117715268
77_20240830 08,1420.4055427568392
77_20240830 09,1512.2582301653283
77_20240830 10,1728.162173014891
77_20240830 11,1677.8591653722974
77_20240830 12,1641.6018750021772
77_20240830 13,1670.438551348077
77_20240830 14,1735.7912485745926
77_20240830 15,1772.4034527627077
77_20240830 16,1844.8758806291207
77_20240830 17,1754.9887181502643
77_20240830 18,1567.8383767340188
77_20240830 19,1451.5232009793822
77_20240830 20,1395.683056336534
77_20240830 21,1321.2510727747676
77_20240830 22,1183.7676842813714
77_20240830 23,1254.8194084771478
77_20240831 00,1181.6422542484195
77_20240831 01,1140.7212312239985
77_20240831 02,1101.898527443447
77_20240831 03,1048.7915404728894
77_20240831 04,984.1939885334687
77_20240831 05,950.8151481138215
77_20240831 06,981.2902708831505
77_20240831 07,1161.6804062516017
77_20240831 08,1401.9116453807924
77_20240831 09,1515.7603806999405
77_20240831 10,1703.643517042367
77_20240831 11,1649.641789057327
77_20240831 12,1614.5639861845586
77_20240831 13,1678.5255770965964
77_20240831 14,1750.4685630986423
77_20240831 15,1814.5441559431538
77_20240831 16,1855.2098315277208
77_20240831 17,1782.7063565023996
77_20240831 18,1563.912344724863
77_20240831 19,1485.8650284710566
77_20240831 20,1496.948938848988
77_20240831 21,1401.0870359588157
77_20240831 22,1289.466691093222
77_20240831 23,1232.689812672154
78_20240825 00,1434.9935232135672
78_20240825 01,1229.4743623769305
78_20240825 02,1138.2931325948994
78_20240825 03,1020.5514634034396
78_20240825 04,978.5110762344635
78_20240825 05,984.1633627282861
78_20240825 06,1018.1188561841393
78_20240825 07,1122.419297102917
78_20240825 08,1303.2346105763604
78_20240825 09,1584.1446872208833
78_20240825 10,1744.4871376973629
78_20240825 11,1822.9000871464903
78_20240825 12,1858.2814425108133
78_20240825 13,1880.4070460032783
78_20240825 14,1888.2991965676927
78_20240825 15,1922.8522437889771
78_20240825 16,1909.569199037919
78_20240825 17,1916.725571021199
78_20240825 18,2027.0446188686637
78_20240825 19,2060.6860680267546
78_20240825 20,2028.004139888085
78_20240825 21,1984.8350853170148
78_20240825 22,1845.040911720821
78_20240825 23,1672.4029020284236
78_20240826 00,1420.9823916994255
78_20240826 01,1210.6915686015773
78_20240826 02,1121.4451040339395
78_20240826 03,1018.3807638065559
78_20240826 04,979.7357422238006
78_20240826 05,1001.202734415449
78_20240826 06,1145.3544588038549
78_20240826 07,1295.3371609527621
78_20240826 08,1466.0806506098959
78_20240826 09,1651.1861447120518
78_20240826 10,1709.9498935910747
78_20240826 11,1752.2260069121307
78_20240826 12,1808.8076415873056
78_20240826 13,1832.2504294285886
78_20240826 14,1845.5856322171685
78_20240826 15,1860.0179756537855
78_20240826 16,1859.0294478344679
78_20240826 17,1890.9966096537835
78_20240826 18,2005.9403035939936
78_20240826 19,2022.9824946931299
78_20240826 20,1987.1385447236617
78_20240826 21,2009.0312556636172
78_20240826 22,1908.6891103678258
78_20240826 23,1689.8736497336254
78_20240827 00,1404.6116293000912
78_20240827 01,1208.9612580073565
78_20240827 02,1117.0661158920643
78_20240827 03,1026.9929130678465
78_20240827 04,970.8938219753661
78_20240827 05,985.3165530557385
78_20240827 06,1121.9111507153364
78_20240827 07,1271.4352632512955
78_20240827 08,1397.1934818583281
78_20240827 09,1517.6979946659626
78_20240827 10,1565.634918614
78_20240827 11,1545.6960112076272
78_20240827 12,1600.5952946092043
78_20240827 13,1620.051664680583
78_20240827 14,1660.0036141840606
78_20240827 15,1720.4573801586894
78_20240827 16,1763.2797766115486
78_20240827 17,1808.347319198382
78_20240827 18,1898.4400675857942
78_20240827 19,1992.5883814624387
78_20240827 20,1948.9679722136411
78_20240827 21,1933.000754727736
78_20240827 22,1812.4403085425638
78_20240827 23,1616.943006752237
78_20240828 00,1314.2297751866254
78_20240828 01,1157.1427077554408
78_20240828 02,1029.0991255078914
78_20240828 03,927.5666590451978
78_20240828 04,883.4677767112895
78_20240828 05,903.1578223546747
78_20240828 06,1004.8942522331329
78_20240828 07,1181.0092856755596
78_20240828 08,1325.2739485298011
78_20240828 09,1523.418910488043
78_20240828 10,1585.5686532496393
78_20240828 11,1613.8090939287708
78_20240828 12,1670.9001768770381
78_20240828 13,1714.1460370494929
78_20240828 14,1723.1539409978618
78_20240828 15,1761.597718771738
78_20240828 16,1782.91807771629
78_20240828 17,1820.6407153564505
78_20240828 18,1965.433767733028
78_20240828 19,1975.9682349467967
78_20240828 20,1954.3878776165434
78_20240828 21,1944.6455505856447
78_20240828 22,1846.8316197204772
78_20240828 23,1633.0102352756126
78_20240829 00,1370.1699648823903
78_20240829 01,1159.4467248059934
78_20240829 02,1039.9419925410275
78_20240829 03,942.8226541990635
78_20240829 04,892.7720530858909
78_20240829 05,913.8171545618461
78_20240829 06,1039.1246223147482
78_20240829 07,1186.2066212119619
78_20240829 08,1329.0590861075339
78_20240829 09,1512.768860521706
78_20240829 10,1583.2910588611037
78_20240829 11,1631.5134271561005
78_20240829 12,1670.8577918443195
78_20240829 13,1681.7403366892831
78_20240829 14,1699.4751711430504
78_20240829 15,1724.9803508315613
78_20240829 16,1743.8226288589588
78_20240829 17,1796.2709565784548
78_20240829 18,1866.74015586232
78_20240829 19,1902.6262987768341
78_20240829 20,1853.3079728765888
78_20240829 21,1834.8737581884975
78_20240829 22,1726.9498395262306
78_20240829 23,1565.9941282196196
78_20240830 00,1335.6786500690093
78_20240830 01,1151.915352076241
78_20240830 02,1027.6928420997695
78_20240830 03,926.1714011837166
78_20240830 04,894.8207591842868
78_20240830 05,909.4697332875596
78_20240830 06,1035.6666875382832
78_20240830 07,1204.85819224143
78_20240830 08,1363.85332902749
78_20240830 09,1559.9791715969682
78_20240830 10,1613.3926605781062
78_20240830 11,1624.3242708424614
78_20240830 12,1689.642510513947
78_20240830 13,1701.7858305501572
78_20240830 14,1711.0109331891667
78_20240830 15,1756.7529907542116
78_20240830 16,1791.8043301379926
78_20240830 17,1793.620313116835
78_20240830 18,1840.0691950375033
78_20240830 19,1834.2999359075202
78_20240830 20,1783.7610103416725
78_20240830 21,1720.2546562923035
78_20240830 22,1674.5259330937151
78_20240830 23,1529.2254632626311
78_20240831 00,1271.6399223028968
78_20240831 01,1142.3242692754868
78_20240831 02,1030.0946423501039
78_20240831 03,935.3078345242766
78_20240831 04,844.4783011209207
78_20240831 05,857.6418598727952
78_20240831 06,922.6646158604833
78_20240831 07,1086.7852566268245
78_20240831 08,1220.032829998937
78_20240831 09,1479.903053323325
78_20240831 10,1600.1417850479563
78_20240831 11,1679.8651446078834
78_20240831 12,1731.168534041271
78_20240831 13,1759.5040361914062
78_20240831 14,1787.8271560413014
78_20240831 15,1809.9803441031238
78_20240831 16,1790.2516849341357
78_20240831 17,1801.7359791480092
78_20240831 18,1821.324783982009
78_20240831 19,1797.1736795518607
78_20240831 20,1739.3476358003722
78_20240831 21,1705.791712711378
78_20240831 22,1574.9608042129248
78_20240831 23,1481.6501443931354
79_20240825 00,2220.1253922536303
79_20240825 01,2074.252763338217
79_20240825 02,1997.8889076977578
79_20240825 03,1978.5239687197977
79_20240825 04,1961.758426241811
79_20240825 05,2014.8651233749263
79_20240825 06,2422.662538725007
79_20240825 07,3371.204065277876
79_20240825 08,5067.380953292219
79_20240825 09,7406.968276947042
79_20240825 10,9908.680392102448
79_20240825 11,11091.251211326347
79_20240825 12,11140.579475929715
79_20240825 13,11319.17084546567
79_20240825 14,11265.1099185241
79_20240825 15,11141.351777706943
79_20240825 16,11256.442545161779
79_20240825 17,10726.280358225878
79_20240825 18,10507.682176598148
79_20240825 19,10083.775735899238
79_20240825 20,7922.317829758374
79_20240825 21,4304.3913614508465
79_20240825 22,2967.0414668530484
79_20240825 23,2435.694792841986
79_20240826 00,2162.6974917573484
79_20240826 01,2050.1518154013347
79_20240826 02,1995.3443934581924
79_20240826 03,1966.291357099288
79_20240826 04,1945.8851230598825
79_20240826 05,2015.0896640469527
79_20240826 06,2411.361765421605
79_20240826 07,3282.2218189535038
79_20240826 08,4830.787315693298
79_20240826 09,6959.227446208432
79_20240826 10,9377.10682180834
79_20240826 11,10542.96490284539
79_20240826 12,10577.53903707281
79_20240826 13,10741.50745432517
79_20240826 14,10704.941232210282
79_20240826 15,10525.284681367657
79_20240826 16,10468.07985357716
79_20240826 17,10371.542677970147
79_20240826 18,10169.160608708917
79_20240826 19,9661.139768090183
79_20240826 20,6151.243283168207
79_20240826 21,4261.910066883676
79_20240826 22,2843.113307697096
79_20240826 23,2416.2520185764006
79_20240827 00,2153.8029669781367
79_20240827 01,2106.974950139453
79_20240827 02,2031.2029558910901
79_20240827 03,1980.6320856688026
79_20240827 04,1970.2638141981408
79_20240827 05,2063.9402451604765
79_20240827 06,2477.0982146681727
79_20240827 07,3190.220440597094
79_20240827 08,4744.33322046252
79_20240827 09,6946.809943198047
79_20240827 10,9779.768195035771
79_20240827 11,10751.481224379695
79_20240827 12,10671.1413286086
79_20240827 13,10694.54063638327
79_20240827 14,10496.358181889103
79_20240827 15,10254.488342856497
79_20240827 16,10240.284665013236
79_20240827 17,10007.658516698699
79_20240827 18,9865.569906154136
79_20240827 19,9495.78032700462
79_20240827 20,6120.510358727194
79_20240827 21,4094.144540835251
79_20240827 22,2770.063972926042
79_20240827 23,2363.4307790577004
79_20240828 00,2104.033483789144
79_20240828 01,2001.3349361694584
79_20240828 02,1974.3387922030806
79_20240828 03,1967.521029062011
79_20240828 04,1956.258734899758
79_20240828 05,2008.5801705739236
79_20240828 06,2417.1260302662804
79_20240828 07,3220.5245146661664
79_20240828 08,4674.74451491584
79_20240828 09,6575.080503116856
79_20240828 10,9173.560599726437
79_20240828 11,10239.453135622409
79_20240828 12,10232.482386020023
79_20240828 13,10405.265676648023
79_20240828 14,10296.549076503969
79_20240828 15,10197.323685485091
79_20240828 16,10159.372250963603
79_20240828 17,10063.930642381732
79_20240828 18,9831.217710447854
79_20240828 19,9521.215105201227
79_20240828 20,6169.411781109895
79_20240828 21,4137.498712712252
79_20240828 22,2828.659744911206
79_20240828 23,2332.0642507047237
79_20240829 00,2130.927873911359
79_20240829 01,2038.3765938630102
79_20240829 02,1990.7378757635513
79_20240829 03,2000.7677937301644
79_20240829 04,1944.9237903860278
79_20240829 05,1996.6143491435453
79_20240829 06,2364.1941604081867
79_20240829 07,3226.7910454261937
79_20240829 08,4673.284687799846
79_20240829 09,6634.31110444609
79_20240829 10,9401.371350365167
79_20240829 11,10459.68763975912
79_20240829 12,10587.099970809555
79_20240829 13,10547.071911041325
79_20240829 14,10566.572835787183
79_20240829 15,10390.707880573935
79_20240829 16,10342.24208676214
79_20240829 17,10252.82363487327
79_20240829 18,10027.441784397277
79_20240829 19,9575.871158499547
79_20240829 20,6560.256699426718
79_20240829 21,4139.578605296471
79_20240829 22,2849.6638913967126
79_20240829 23,2351.2421819267056
79_20240830 00,2142.9958444750114
79_20240830 01,2054.936619393862
79_20240830 02,1997.682773045657
79_20240830 03,1963.9236855748109
79_20240830 04,1936.7227553815685
79_20240830 05,1998.9961141859076
79_20240830 06,2360.790176092888
79_20240830 07,3309.2200914483
79_20240830 08,4858.52808514252
79_20240830 09,7046.99063711644
79_20240830 10,9456.198535160063
79_20240830 11,10469.895388391189
79_20240830 12,10554.044248068394
79_20240830 13,10675.698045165413
79_20240830 14,10659.887920190535
79_20240830 15,10665.964608989885
79_20240830 16,10663.422664102825
79_20240830 17,10610.4251314799
79_20240830 18,10345.398617770508
79_20240830 19,9972.932906905153
79_20240830 20,7931.727156775442
79_20240830 21,4346.403620594364
79_20240830 22,2863.0208417188196
79_20240830 23,2327.818847267129
79_20240831 00,2119.4655072956193
79_20240831 01,2019.518418283413
79_20240831 02,1965.5552429792324
79_20240831 03,1966.0728385706557
79_20240831 04,1944.045232784858
79_20240831 05,1989.7718047234991
79_20240831 06,2386.713165895765
79_20240831 07,3255.0925042494678
79_20240831 08,4797.436587877677
79_20240831 09,6662.472794585946
79_20240831 10,9240.130240623286
79_20240831 11,10371.73937452638
79_20240831 12,10427.031482922443
79_20240831 13,10535.7461095642
79_20240831 14,10635.278919876138
79_20240831 15,10523.349438299083
79_20240831 16,10563.01630464927
79_20240831 17,10488.63701096011
79_20240831 18,10214.115172677084
79_20240831 19,9933.0167348823
79_20240831 20,7854.610049936418
79_20240831 21,4272.466143970856
79_20240831 22,2940.9306854392444
79_20240831 23,2445.0308947174526
80_20240825 00,1978.03396129777
80_20240825 01,1981.3500211966018
80_20240825 02,1987.3522303423317
80_20240825 03,1985.2910273007897
80_20240825 04,1971.0297801127906
80_20240825 05,1954.9307053219538
80_20240825 06,1933.5739781678956
80_20240825 07,1918.3881198248837
80_20240825 08,1834.5810236111533
80_20240825 09,1915.047004877603
80_20240825 10,2169.6922425956764
80_20240825 11,2124.377434791976
80_20240825 12,2078.839366118837
80_20240825 13,2164.15507364325
80_20240825 14,2160.442526612909
80_20240825 15,2190.327391771327
80_20240825 16,2312.72247359578
80_20240825 17,2127.442947069551
80_20240825 18,2050.85244603969
80_20240825 19,2053.063712672556
80_20240825 20,2032.728799704063
80_20240825 21,2018.9899733321859
80_20240825 22,1994.0822144733506
80_20240825 23,1984.3049262321588
80_20240826 00,2007.4601432229852
80_20240826 01,2003.1137834843553
80_20240826 02,2011.0984215220124
80_20240826 03,2000.4747284467785
80_20240826 04,1957.2893303842238
80_20240826 05,1951.7620517944613
80_20240826 06,1969.9241377546537
80_20240826 07,2163.9244099311118
80_20240826 08,3036.258057354233
80_20240826 09,3405.045289056468
80_20240826 10,3469.2295163619037
80_20240826 11,3451.802389554241
80_20240826 12,3381.9538619812624
80_20240826 13,3428.643466602406
80_20240826 14,3435.43599387302
80_20240826 15,3438.746424607332
80_20240826 16,3463.648131621693
80_20240826 17,3460.096905862033
80_20240826 18,2763.6346392611504
80_20240826 19,2492.278841774463
80_20240826 20,2264.407091139672
80_20240826 21,2092.935422396803
80_20240826 22,2047.558238254855
80_20240826 23,2003.6791921650822
80_20240827 00,2005.8174163469364
80_20240827 01,2028.1519668046517
80_20240827 02,2021.503578193101
80_20240827 03,2021.5672718517567
80_20240827 04,1989.4876319810296
80_20240827 05,1956.3551482906933
80_20240827 06,1970.9145252891794
80_20240827 07,2155.55767401338
80_20240827 08,2990.073392241544
80_20240827 09,3324.6198129144677
80_20240827 10,3351.663242977306
80_20240827 11,3363.3776677931655
80_20240827 12,3347.189813118027
80_20240827 13,3342.078976340498
80_20240827 14,3394.0266723953378
80_20240827 15,3418.284780034963
80_20240827 16,3435.71872163487
80_20240827 17,3404.937587575537
80_20240827 18,2750.6660727264825
80_20240827 19,2514.4550248306314
80_20240827 20,2269.8463764168027
80_20240827 21,2144.43556011945
80_20240827 22,2086.183251216957
80_20240827 23,2022.5960400864933
80_20240828 00,2010.7212675309358
80_20240828 01,2000.3038660110392
80_20240828 02,2003.8287513750088
80_20240828 03,1993.9178391940052
80_20240828 04,1991.1648127501153
80_20240828 05,1977.962769258078
80_20240828 06,2011.138838430757
80_20240828 07,2218.696095205581
80_20240828 08,2978.28167669696
80_20240828 09,3265.6584326712164
80_20240828 10,3295.3578505797313
80_20240828 11,3295.93445715665
80_20240828 12,3311.507880630918
80_20240828 13,3314.6417626737257
80_20240828 14,3340.7591229477594
80_20240828 15,3362.9285770780907
80_20240828 16,3386.092268166797
80_20240828 17,3361.2561972942262
80_20240828 18,2694.32458369075
80_20240828 19,2462.9740946118563
80_20240828 20,2212.016859042737
80_20240828 21,2103.3814424399266
80_20240828 22,2063.0371804292777
80_20240828 23,2021.3905035272492
80_20240829 00,1966.132310607135
80_20240829 01,1980.9779600937213
80_20240829 02,1980.9211825882542
80_20240829 03,1961.0650040834194
80_20240829 04,1952.9639689051849
80_20240829 05,1949.7669585208628
80_20240829 06,1961.531297402622
80_20240829 07,2146.0220961431987
80_20240829 08,2880.6962919863545
80_20240829 09,3226.000479236759
80_20240829 10,3253.696053095826
80_20240829 11,3241.0192969942564
80_20240829 12,3209.46138094434
80_20240829 13,3243.0851805214493
80_20240829 14,3295.0448542885206
80_20240829 15,3325.994050516413
80_20240829 16,3318.60511330594
80_20240829 17,3340.1524066125776
80_20240829 18,2702.25443814127
80_20240829 19,2482.4448006199646
80_20240829 20,2225.432508075798
80_20240829 21,2099.140420474248
80_20240829 22,2056.9443137269855
80_20240829 23,2000.3816331291996
80_20240830 00,1966.7202148417628
80_20240830 01,1990.1224405480693
80_20240830 02,1974.7982640256682
80_20240830 03,1973.5706564122008
80_20240830 04,1954.0564279678852
80_20240830 05,1937.5350734065337
80_20240830 06,1950.6759218131097
80_20240830 07,2083.9399484856767
80_20240830 08,2866.7613397026307
80_20240830 09,3136.408862810209
80_20240830 10,3161.0633387206294
80_20240830 11,3177.379842257794
80_20240830 12,3162.476096434086
80_20240830 13,3147.5608604016943
80_20240830 14,3189.658483383905
80_20240830 15,3206.05275474673
80_20240830 16,3220.8891828045216
80_20240830 17,3195.739650593068
80_20240830 18,2552.756216797904
80_20240830 19,2360.1052064830583
80_20240830 20,2100.002661055124
80_20240830 21,2026.760760551137
80_20240830 22,1989.623971004282
80_20240830 23,1957.8534804433566
80_20240831 00,1911.9394835096762
80_20240831 01,1914.8282146502422
80_20240831 02,1912.4882326789213
80_20240831 03,1907.7078899911728
80_20240831 04,1905.6492497008144
80_20240831 05,1897.1059235070484
80_20240831 06,1890.7599678850213
80_20240831 07,1866.618865474104
80_20240831 08,1844.517670880259
80_20240831 09,1758.4780983205012
80_20240831 10,1914.9472804133359
80_20240831 11,1943.2960929137507
80_20240831 12,1890.3078553442813
80_20240831 13,1958.7526322064655
80_20240831 14,2033.5785075872654
80_20240831 15,2127.908843347683
80_20240831 16,2241.0580147116884
80_20240831 17,2067.2296554204836
80_20240831 18,2013.774605990436
80_20240831 19,2010.4762690413988
80_20240831 20,1998.3904910845763
80_20240831 21,1963.956161132504
80_20240831 22,1945.2632624783707
80_20240831 23,1950.6729744212116
81_20240825 00,1175.3304415771106
81_20240825 01,1183.9501562825117
81_20240825 02,1179.203275642166
81_20240825 03,1162.5200277611443
81_20240825 04,1162.0187699545845
81_20240825 05,1161.601918089631
81_20240825 06,1162.5808971366353
81_20240825 07,1159.566670908027
81_20240825 08,1160.9654665458465
81_20240825 09,1158.4083298527787
81_20240825 10,1163.2269557095585
81_20240825 11,1167.6718882955872
81_20240825 12,1162.6762478403514
81_20240825 13,1152.8364342798834
81_20240825 14,1159.7740247636616
81_20240825 15,1161.5058949402915
81_20240825 16,1161.6198229419424
81_20240825 17,1165.9642406207586
81_20240825 18,1163.1464955552906
81_20240825 19,1161.9581833311659
81_20240825 20,1162.633256755775
81_20240825 21,1162.864451436145
81_20240825 22,1161.0937645928102
81_20240825 23,1168.9553715106244
81_20240826 00,1177.2686095553222
81_20240826 01,1171.1560038328435
81_20240826 02,1169.9153765608517
81_20240826 03,1160.3065337644657
81_20240826 04,1160.840252588452
81_20240826 05,1159.9094583248777
81_20240826 06,1166.9095698522938
81_20240826 07,1166.2811430844192
81_20240826 08,1167.4662289402154
81_20240826 09,1189.5042660685226
81_20240826 10,1132.635825744655
81_20240826 11,1020.2388105461358
81_20240826 12,1063.2538781198164
81_20240826 13,1005.4799546842696
81_20240826 14,965.5486848312648
81_20240826 15,957.7511598991288
81_20240826 16,1028.74271640025
81_20240826 17,1114.1907404434182
81_20240826 18,1206.129709640629
81_20240826 19,1192.8921865274715
81_20240826 20,1177.7736104860542
81_20240826 21,1173.6627644469986
81_20240826 22,1178.2336745913385
81_20240826 23,1176.9610731206665
81_20240827 00,1190.295702050751
81_20240827 01,1178.6090733860565
81_20240827 02,1179.1196475386466
81_20240827 03,1175.0479288316214
81_20240827 04,1170.1200029877612
81_20240827 05,1170.9684456964774
81_20240827 06,1178.482467343782
81_20240827 07,1168.91983064625
81_20240827 08,1176.1261983284496
81_20240827 09,1197.6280216229004
81_20240827 10,1209.6853992088365
81_20240827 11,1215.481835857077
81_20240827 12,1217.600547064113
81_20240827 13,1175.600081042976
81_20240827 14,1057.1335569679786
81_20240827 15,1053.6459609546087
81_20240827 16,1106.481101328395
81_20240827 17,1172.004019724739
81_20240827 18,1186.5694008669002
81_20240827 19,1178.6545618724742
81_20240827 20,1164.8989561237158
81_20240827 21,1160.141468383784
81_20240827 22,1162.3637333380252
81_20240827 23,1162.4342617070456
81_20240828 00,1170.0825766046084
81_20240828 01,1169.10451071449
81_20240828 02,1166.407636148048
81_20240828 03,1164.0569492689829
81_20240828 04,1161.5969106074224
81_20240828 05,1161.1258392092434
81_20240828 06,1167.1214113112728
81_20240828 07,1159.3629925577152
81_20240828 08,1159.9643827693253
81_20240828 09,1173.4409580563083
81_20240828 10,1187.4698743930903
81_20240828 11,1175.2011365593219
81_20240828 12,1171.8998144218936
81_20240828 13,1078.7927729343887
81_20240828 14,1045.8302113597088
81_20240828 15,1047.355305500855
81_20240828 16,1085.0106199485683
81_20240828 17,1156.9802640717076
81_20240828 18,1203.3823712734588
81_20240828 19,1189.0579534784927
81_20240828 20,1173.9219021824197
81_20240828 21,1169.2193531127095
81_20240828 22,1167.0041947803807
81_20240828 23,1169.5876713782532
81_20240829 00,1184.5168115939182
81_20240829 01,1187.4511530300128
81_20240829 02,1176.2261791593542
81_20240829 03,1171.2354583622305
81_20240829 04,1171.110817134031
81_20240829 05,1166.978024249016
81_20240829 06,1174.2988675674465
81_20240829 07,1164.423790610205
81_20240829 08,1175.700261012382
81_20240829 09,1190.890847875768
81_20240829 10,1204.0709288623038
81_20240829 11,1199.633657176139
81_20240829 12,1200.697207482172
81_20240829 13,1178.0003408185075
81_20240829 14,1120.7416440350578
81_20240829 15,1138.1452034230292
81_20240829 16,1137.6897048177555
81_20240829 17,1149.6506212445206
81_20240829 18,1207.2960126688395
81_20240829 19,1191.4226792732418
81_20240829 20,1176.9186403572198
81_20240829 21,1168.7616302381443
81_20240829 22,1171.3925218305797
81_20240829 23,1172.3408858069902
81_20240830 00,1186.2040021136543
81_20240830 01,1182.248917301228
81_20240830 02,1174.3222357672444
81_20240830 03,1166.6917386547827
81_20240830 04,1162.4899621210993
81_20240830 05,1160.8134263892375
81_20240830 06,1166.2631143907079
81_20240830 07,1156.609600775082
81_20240830 08,1162.2054517215179
81_20240830 09,1184.7008084993558
81_20240830 10,1177.6192428156653
81_20240830 11,1051.0493194871385
81_20240830 12,1008.9748618285346
81_20240830 13,966.8019274987839
81_20240830 14,945.713241103585
81_20240830 15,951.4250659086263
81_20240830 16,950.4165419209645
81_20240830 17,1041.7725506721247
81_20240830 18,1194.2107570787039
81_20240830 19,1191.951957918794
81_20240830 20,1182.9667759208469
81_20240830 21,1172.2568329097103
81_20240830 22,1171.9021311129554
81_20240830 23,1167.0811069719323
81_20240831 00,1170.3314052814367
81_20240831 01,1168.1288049763612
81_20240831 02,1168.7331766579268
81_20240831 03,1166.3329080020899
81_20240831 04,1165.6412745688792
81_20240831 05,1164.3334520651056
81_20240831 06,1167.7761750036761
81_20240831 07,1161.841984453146
81_20240831 08,1158.584910535917
81_20240831 09,1166.0115113866218
81_20240831 10,1167.4844397958827
81_20240831 11,1166.182666487825
81_20240831 12,1166.6874892445462
81_20240831 13,1160.0193831008132
81_20240831 14,1159.3753379870861
81_20240831 15,1166.3983989417934
81_20240831 16,1170.4208635480625
81_20240831 17,1173.9861704655327
81_20240831 18,1176.98952810965
81_20240831 19,1167.6071373392897
81_20240831 20,1164.1950524278125
81_20240831 21,1166.2284256765133
81_20240831 22,1166.6018220206724
81_20240831 23,1164.324041119501
82_20240825 00,532.1554968711652
82_20240825 01,517.7702001553387
82_20240825 02,514.5111272127473
82_20240825 03,511.626861762946
82_20240825 04,508.8829611499542
82_20240825 05,507.35617982615713
82_20240825 06,540.6304436119495
82_20240825 07,606.9059111007927
82_20240825 08,779.1090121157403
82_20240825 09,1373.9350393423724
82_20240825 10,1937.170760858884
82_20240825 11,2097.0418777938094
82_20240825 12,2167.8663692801247
82_20240825 13,2178.239265943079
82_20240825 14,2176.9819900084303
82_20240825 15,2113.660471431709
82_20240825 16,2100.0493037373785
82_20240825 17,2115.4489945571772
82_20240825 18,2087.70628286213
82_20240825 19,2035.062382294651
82_20240825 20,1882.4650387441593
82_20240825 21,1492.0386958784711
82_20240825 22,801.2982668937749
82_20240825 23,541.1303241950147
82_20240826 00,503.2742601120537
82_20240826 01,495.9402162028406
82_20240826 02,495.5853767117537
82_20240826 03,494.6281073896536
82_20240826 04,487.8504344381289
82_20240826 05,486.9186407717987
82_20240826 06,501.0525004288869
82_20240826 07,531.5339584918954
82_20240826 08,713.2736947634246
82_20240826 09,1192.1639899023903
82_20240826 10,1737.3651287469947
82_20240826 11,1797.5034481884743
82_20240826 12,1839.6671957768706
82_20240826 13,1827.8453315456904
82_20240826 14,1823.4014658128285
82_20240826 15,1824.2716644088232
82_20240826 16,1811.354240395308
82_20240826 17,1801.8551075844584
82_20240826 18,1794.0468205074212
82_20240826 19,1760.9288156669625
82_20240826 20,1703.735402048386
82_20240826 21,1466.0806838067801
82_20240826 22,841.6688673883012
82_20240826 23,542.2057118475109
82_20240827 00,519.1846744235957
82_20240827 01,508.8856258021926
82_20240827 02,510.570432651064
82_20240827 03,504.8049660080351
82_20240827 04,498.0411335208125
82_20240827 05,496.414932493567
82_20240827 06,511.8404575433954
82_20240827 07,564.1542565197751
82_20240827 08,762.3929482869445
82_20240827 09,1263.4811873298927
82_20240827 10,1835.4285713834786
82_20240827 11,1951.4899568321762
82_20240827 12,1960.1089727442372
82_20240827 13,1963.67758262485
82_20240827 14,1959.2782318976058
82_20240827 15,1873.8360079924626
82_20240827 16,1858.0701922029623
82_20240827 17,1878.1866481508455
82_20240827 18,1851.9353691326096
82_20240827 19,1865.7329086664536
82_20240827 20,1759.5885503772188
82_20240827 21,1446.7299187257004
82_20240827 22,822.1159698099666
82_20240827 23,541.1081577718562
82_20240828 00,503.4638754164232
82_20240828 01,483.1234109378877
82_20240828 02,478.7778695022622
82_20240828 03,477.50198169024407
82_20240828 04,475.4299974301726
82_20240828 05,479.18167277292383
82_20240828 06,489.5809882242985
82_20240828 07,555.1859017433416
82_20240828 08,729.4020242243172
82_20240828 09,1103.2261316581664
82_20240828 10,1691.5922284360481
82_20240828 11,1875.165702226836
82_20240828 12,1901.2215124034387
82_20240828 13,1899.9071313896618
82_20240828 14,1904.6517039123507
82_20240828 15,1853.1859288689607
82_20240828 16,1846.2905486197014
82_20240828 17,1886.7495627814396
82_20240828 18,1877.8291012500108
82_20240828 19,1850.5050053368443
82_20240828 20,1784.6521579827702
82_20240828 21,1417.47253286542
82_20240828 22,826.3588398140905
82_20240828 23,545.7774436611163
82_20240829 00,510.3556813759521
82_20240829 01,503.5537906471814
82_20240829 02,504.00024636383364
82_20240829 03,503.0190751087175
82_20240829 04,499.3814420640269
82_20240829 05,502.29005188686534
82_20240829 06,511.25819290764855
82_20240829 07,590.5152719296674
82_20240829 08,765.4079433974825
82_20240829 09,1245.7956946608756
82_20240829 10,1871.1480545214154
82_20240829 11,1977.6734686541856
82_20240829 12,2010.2201924472022
82_20240829 13,2013.9912884603145
82_20240829 14,2009.0047138191053
82_20240829 15,1984.8369067913736
82_20240829 16,1974.4344025915689
82_20240829 17,1993.8738181677063
82_20240829 18,1961.299157475041
82_20240829 19,1919.9503491113176
82_20240829 20,1840.940803809609
82_20240829 21,1481.318384638304
82_20240829 22,855.1556157511692
82_20240829 23,541.1495858613464
82_20240830 00,517.2485638873308
82_20240830 01,509.1626352920097
82_20240830 02,508.32553184002893
82_20240830 03,509.34076250051794
82_20240830 04,503.9511118651892
82_20240830 05,504.7159673806823
82_20240830 06,506.7993846086882
82_20240830 07,555.9143960479547
82_20240830 08,761.9089381367751
82_20240830 09,1311.1643295904369
82_20240830 10,1855.315492971883
82_20240830 11,1954.3696879283898
82_20240830 12,2062.9339787230197
82_20240830 13,2057.7806759800606
82_20240830 14,2028.8273462854809
82_20240830 15,1993.0390750029105
82_20240830 16,1989.5885871952523
82_20240830 17,2027.943422487093
82_20240830 18,1993.523461417614
82_20240830 19,1932.0199299492097
82_20240830 20,1856.68608654978
82_20240830 21,1498.7198172631724
82_20240830 22,888.0264549315573
82_20240830 23,543.9048880304625
82_20240831 00,502.7514237240958
82_20240831 01,487.125369750453
82_20240831 02,485.7002757479451
82_20240831 03,483.1161723147147
82_20240831 04,480.2436084223258
82_20240831 05,484.37335087261886
82_20240831 06,521.5566268794565
82_20240831 07,615.428687825249
82_20240831 08,791.4418576436441
82_20240831 09,1321.751319444263
82_20240831 10,1943.4960567973126
82_20240831 11,2061.1125743092
82_20240831 12,2149.521131011773
82_20240831 13,2126.794578894239
82_20240831 14,2101.435196393766
82_20240831 15,2106.4876046067398
82_20240831 16,2102.5674766663083
82_20240831 17,2073.317650986917
82_20240831 18,2027.2593753066694
82_20240831 19,1991.124363638583
82_20240831 20,1890.0999093589517
82_20240831 21,1526.0521697727777
82_20240831 22,868.0806642394957
82_20240831 23,533.7806745996286
83_20240825 00,2586.8677069686846
83_20240825 01,2600.869943440305
83_20240825 02,2593.840946494094
83_20240825 03,2590.6766670764328
83_20240825 04,2569.889979055677
83_20240825 05,2567.4825809334743
83_20240825 06,2558.768528980682
83_20240825 07,2550.4938890737126
83_20240825 08,2663.214820597522
83_20240825 09,2691.849495037596
83_20240825 10,2675.5680491474013
83_20240825 11,2620.0284083195415
83_20240825 12,2641.884803241306
83_20240825 13,2679.692523164104
83_20240825 14,2691.4136230495333
83_20240825 15,2720.6867231410774
83_20240825 16,2786.224288102339
83_20240825 17,2791.715393572421
83_20240825 18,2741.1886922857393
83_20240825 19,2738.1619410303892
83_20240825 20,2725.837543134293
83_20240825 21,2713.7236593262205
83_20240825 22,2650.8413197710247
83_20240825 23,2628.851698095159
83_20240826 00,2601.0082534865032
83_20240826 01,2644.3164838194834
83_20240826 02,2641.1107261962097
83_20240826 03,2605.165440385528
83_20240826 04,2598.9935876366612
83_20240826 05,2602.1821378654267
83_20240826 06,2614.2262618032396
83_20240826 07,2648.5309636740176
83_20240826 08,2905.9634425833037
83_20240826 09,3204.548015842691
83_20240826 10,3194.2291530106377
83_20240826 11,3160.0223534221955
83_20240826 12,3166.4141703420646
83_20240826 13,3150.819599141889
83_20240826 14,3168.483763133992
83_20240826 15,3198.978702439223
83_20240826 16,3194.330547336224
83_20240826 17,3245.144607180833
83_20240826 18,3149.914936495403
83_20240826 19,3024.875928121217
83_20240826 20,2891.4716919059497
83_20240826 21,2802.7239904701046
83_20240826 22,2699.6656461081666
83_20240826 23,2630.3542279837225
83_20240827 00,2610.105211650577
83_20240827 01,2653.152097387925
83_20240827 02,2648.617052553279
83_20240827 03,2642.4098848711355
83_20240827 04,2637.145494002042
83_20240827 05,2604.157599987777
83_20240827 06,2610.8949628529144
83_20240827 07,2635.4430768896823
83_20240827 08,2868.731713041699
83_20240827 09,3143.8237426775495
83_20240827 10,3145.902539819182
83_20240827 11,3147.446546962693
83_20240827 12,3131.057755571881
83_20240827 13,3135.664693292933
83_20240827 14,3164.422051942305
83_20240827 15,3176.355825894959
83_20240827 16,3206.9703723066364
83_20240827 17,3225.4809435142747
83_20240827 18,3118.5697102984764
83_20240827 19,2990.894107551153
83_20240827 20,2867.2316687792177
83_20240827 21,2752.217155744629
83_20240827 22,2656.0556433727834
83_20240827 23,2594.682551177466
83_20240828 00,2554.3926836337896
83_20240828 01,2593.110570180653
83_20240828 02,2585.7224685508136
83_20240828 03,2582.1673435418893
83_20240828 04,2570.9251341756662
83_20240828 05,2543.1374343500415
83_20240828 06,2543.0608904141372
83_20240828 07,2564.4772543371632
83_20240828 08,2847.767989880136
83_20240828 09,3129.4223853944577
83_20240828 10,3103.2583541366366
83_20240828 11,3116.9614992419642
83_20240828 12,3167.968679252316
83_20240828 13,3125.607323846979
83_20240828 14,3108.3105795239853
83_20240828 15,3174.574455152744
83_20240828 16,3177.0598112237194
83_20240828 17,3219.2629496006366
83_20240828 18,3133.1411947756415
83_20240828 19,2988.2792305857074
83_20240828 20,2854.39964769947
83_20240828 21,2769.5212456123145
83_20240828 22,2669.720848845137
83_20240828 23,2605.9311204637957
83_20240829 00,2569.274749608751
83_20240829 01,2607.3375459307017
83_20240829 02,2585.250801043318
83_20240829 03,2574.6115682895866
83_20240829 04,2562.0877036957845
83_20240829 05,2539.638131806187
83_20240829 06,2534.7103858712926
83_20240829 07,2558.0339523989946
83_20240829 08,2809.1461579851607
83_20240829 09,3089.1472298967337
83_20240829 10,3106.878806949525
83_20240829 11,3114.9283000903524
83_20240829 12,3154.3048668813353
83_20240829 13,3155.602368418757
83_20240829 14,3150.9717629203005
83_20240829 15,3170.694293354359
83_20240829 16,3184.696996192033
83_20240829 17,3193.3933068645606
83_20240829 18,3075.3221958718823
83_20240829 19,2972.8034968205243
83_20240829 20,2871.430444772407
83_20240829 21,2756.8260061955793
83_20240829 22,2668.3914347036216
83_20240829 23,2619.766279394
83_20240830 00,2568.52978759055
83_20240830 01,2608.378593812975
83_20240830 02,2591.1769085498036
83_20240830 03,2582.138000991793
83_20240830 04,2568.6906250210395
83_20240830 05,2528.950483730376
83_20240830 06,2533.03756069666
83_20240830 07,2549.447372660119
83_20240830 08,2799.3733741093115
83_20240830 09,3074.6731014239554
83_20240830 10,3064.9204946005702
83_20240830 11,3052.653796471408
83_20240830 12,3085.0619481575286
83_20240830 13,3058.0647667267226
83_20240830 14,3062.4023080989473
83_20240830 15,3067.1762795883656
83_20240830 16,3097.6808320184637
83_20240830 17,3149.1675212753726
83_20240830 18,3087.290323437459
83_20240830 19,2954.665555864983
83_20240830 20,2851.652016900762
83_20240830 21,2757.429970250717
83_20240830 22,2632.4673682777548
83_20240830 23,2573.557038166739
83_20240831 00,2516.5463156996348
83_20240831 01,2521.8701109538156
83_20240831 02,2512.067843767111
83_20240831 03,2511.3693649921825
83_20240831 04,2482.3083625501063
83_20240831 05,2477.288433314663
83_20240831 06,2481.8547563914185
83_20240831 07,2469.9069806166704
83_20240831 08,2573.3620196699835
83_20240831 09,2628.5179798703393
83_20240831 10,2628.117467679225
83_20240831 11,2549.1824466289536
83_20240831 12,2618.392533636755
83_20240831 13,2636.8450737821804
83_20240831 14,2639.7903489153923
83_20240831 15,2666.0843522144423
83_20240831 16,2709.006596487663
83_20240831 17,2732.19795920507
83_20240831 18,2689.640951568983
83_20240831 19,2682.036366242535
83_20240831 20,2675.0945740695493
83_20240831 21,2662.0118805422335
83_20240831 22,2613.2908186025898
83_20240831 23,2587.816804339981
84_20240825 00,1286.0004468954405
84_20240825 01,1215.24279031644
84_20240825 02,1207.080943474405
84_20240825 03,1190.3395111448112
84_20240825 04,1210.4331141651269
84_20240825 05,1280.6896662241954
84_20240825 06,1387.301563332213
84_20240825 07,1550.561042837698
84_20240825 08,1711.245962808738
84_20240825 09,1877.5146909681587
84_20240825 10,2189.7769453508504
84_20240825 11,2367.1384041541673
84_20240825 12,2309.6719020610753
84_20240825 13,2417.617346970116
84_20240825 14,2305.43287224684
84_20240825 15,2411.9019958889003
84_20240825 16,2308.5977821069
84_20240825 17,2373.1803467472328
84_20240825 18,2138.8349663509703
84_20240825 19,2063.371111665787
84_20240825 20,1850.3150273817416
84_20240825 21,1755.1749968019087
84_20240825 22,1589.030929443979
84_20240825 23,1382.0318042447018
84_20240826 00,1229.6750387991888
84_20240826 01,1167.1793705295913
84_20240826 02,1160.3295756165144
84_20240826 03,1137.2031040359034
84_20240826 04,1157.1743118669908
84_20240826 05,1263.6407718047765
84_20240826 06,1340.2591795070211
84_20240826 07,1499.254388305068
84_20240826 08,1648.780122743944
84_20240826 09,1792.5374750301096
84_20240826 10,2062.3946291308475
84_20240826 11,2252.6876053281076
84_20240826 12,2163.6827595037926
84_20240826 13,2287.513346957415
84_20240826 14,2206.2354420817965
84_20240826 15,2349.2299803112332
84_20240826 16,2198.5328925212857
84_20240826 17,2259.3205643663814
84_20240826 18,2066.502985526191
84_20240826 19,1980.8012514310112
84_20240826 20,1767.2649723108466
84_20240826 21,1675.2738958564455
84_20240826 22,1529.9707486943155
84_20240826 23,1336.4917232518653
84_20240827 00,1241.9410381776363
84_20240827 01,1184.956654293218
84_20240827 02,1170.6899033385196
84_20240827 03,1162.7004528776613
84_20240827 04,1172.4359589918333
84_20240827 05,1244.7746484730847
84_20240827 06,1319.5657901983234
84_20240827 07,1455.648176297628
84_20240827 08,1586.4737881262258
84_20240827 09,1710.6881868277355
84_20240827 10,1961.6606467624738
84_20240827 11,2174.4367233038965
84_20240827 12,2047.392801079453
84_20240827 13,2131.556296200645
84_20240827 14,2028.8169965717082
84_20240827 15,2220.976938920969
84_20240827 16,2119.718420764734
84_20240827 17,2179.2535005200216
84_20240827 18,2000.6181861543203
84_20240827 19,1778.2627346030388
84_20240827 20,1621.4899325176953
84_20240827 21,1562.6767807166318
84_20240827 22,1446.427438801557
84_20240827 23,1287.691778004354
84_20240828 00,1160.5292186638083
84_20240828 01,1119.9207734432948
84_20240828 02,1123.450611004761
84_20240828 03,1120.1383059258706
84_20240828 04,1131.1787486236303
84_20240828 05,1235.0465203726521
84_20240828 06,1303.3707749461228
84_20240828 07,1417.4661396021525
84_20240828 08,1547.3805849454914
84_20240828 09,1651.9188966280667
84_20240828 10,1948.745920079995
84_20240828 11,2145.535668066448
84_20240828 12,2050.0900139380255
84_20240828 13,2166.643972782438
84_20240828 14,2073.733960133972
84_20240828 15,2199.810448693449
84_20240828 16,2096.9490372936516
84_20240828 17,2179.4108270870584
84_20240828 18,1995.719576396617
84_20240828 19,1846.6036659036179
84_20240828 20,1662.2835851939426
84_20240828 21,1574.8454463945136
84_20240828 22,1465.7240243050578
84_20240828 23,1337.5055835120193
84_20240829 00,1199.669193161882
84_20240829 01,1112.5942431004753
84_20240829 02,1067.426418428749
84_20240829 03,1053.8758535763745
84_20240829 04,1076.4555410423964
84_20240829 05,1191.173450012401
84_20240829 06,1320.7420837763473
84_20240829 07,1409.9799742603611
84_20240829 08,1535.3920038223414
84_20240829 09,1653.4941652597556
84_20240829 10,1905.7006184841416
84_20240829 11,2085.403019888052
84_20240829 12,2051.740716214567
84_20240829 13,2152.46344586288
84_20240829 14,2041.7193123745196
84_20240829 15,2180.8331497280833
84_20240829 16,2123.1669924819244
84_20240829 17,2219.6261435310444
84_20240829 18,1974.6539124522455
84_20240829 19,1881.308916206764
84_20240829 20,1696.1327448662544
84_20240829 21,1608.6075270433498
84_20240829 22,1480.3197677901535
84_20240829 23,1343.7955618084077
84_20240830 00,1209.8342960562
84_20240830 01,1132.8499627873903
84_20240830 02,1127.3350190963113
84_20240830 03,1113.1530099023184
84_20240830 04,1118.982816843068
84_20240830 05,1233.8681385429936
84_20240830 06,1322.79715014431
84_20240830 07,1421.2960405886968
84_20240830 08,1546.4079004783862
84_20240830 09,1686.764161952915
84_20240830 10,1969.597143908867
84_20240830 11,2131.755894427835
84_20240830 12,2055.140679450634
84_20240830 13,2166.769156066315
84_20240830 14,2064.5475756529895
84_20240830 15,2203.1162852298057
84_20240830 16,2053.9077442501966
84_20240830 17,2156.6691255701267
84_20240830 18,1970.1643844416642
84_20240830 19,1880.7968231035152
84_20240830 20,1656.8074197489161
84_20240830 21,1554.9159225568262
84_20240830 22,1438.732227148816
84_20240830 23,1321.3612596634075
84_20240831 00,1163.4012226888306
84_20240831 01,1096.677114330646
84_20240831 02,1074.258025328959
84_20240831 03,1063.0554990447538
84_20240831 04,1075.201737880961
84_20240831 05,1203.5008784179945
84_20240831 06,1274.9432073918338
84_20240831 07,1372.6196868589793
84_20240831 08,1537.455716174249
84_20240831 09,1677.4314687264427
84_20240831 10,1986.6957316851092
84_20240831 11,2198.3163556420436
84_20240831 12,2159.914115775076
84_20240831 13,2248.836567168423
84_20240831 14,2189.726570609198
84_20240831 15,2265.9193656885427
84_20240831 16,2153.0916037975903
84_20240831 17,2204.5719236272093
84_20240831 18,2049.712449440433
84_20240831 19,1922.106317675797
84_20240831 20,1715.1597674456034
84_20240831 21,1562.7838999097314
84_20240831 22,1457.195089986938
84_20240831 23,1313.7768815009817
85_20240825 00,23.257557004821354
85_20240825 01,18.113806083722015
85_20240825 02,15.711338800250914
85_20240825 03,14.763719619201897
85_20240825 04,14.209779844483982
85_20240825 05,13.961043626984061
85_20240825 06,13.137346177221511
85_20240825 07,17.13979482001661
85_20240825 08,25.81054009107781
85_20240825 09,35.3008669926229
85_20240825 10,37.22165620048855
85_20240825 11,35.841077927761674
85_20240825 12,33.93274048590279
85_20240825 13,31.215355919944052
85_20240825 14,28.128263480684414
85_20240825 15,26.913839850594837
85_20240825 16,29.129218390251587
85_20240825 17,33.211937330539975
85_20240825 18,37.36564630558095
85_20240825 19,39.14424107896642
85_20240825 20,47.382126119179716
85_20240825 21,47.89657766616352
85_20240825 22,39.76496057060423
85_20240825 23,30.538426462585065
85_20240826 00,21.632137706872644
85_20240826 01,16.922463440903364
85_20240826 02,15.653074626277215
85_20240826 03,14.360421688460773
85_20240826 04,14.69327143376566
85_20240826 05,14.180795253688558
85_20240826 06,17.92631302249432
85_20240826 07,33.23859388397357
85_20240826 08,35.989358809615645
85_20240826 09,30.422820892185406
85_20240826 10,25.872522552431462
85_20240826 11,25.020178201520014
85_20240826 12,23.58118546687714
85_20240826 13,21.741908794311048
85_20240826 14,19.541986668312525
85_20240826 15,18.856962765893947
85_20240826 16,19.803108865791266
85_20240826 17,27.502108248320063
85_20240826 18,34.7555926059176
85_20240826 19,40.35982971122231
85_20240826 20,48.26055024725063
85_20240826 21,47.90266520391446
85_20240826 22,39.606282099192214
85_20240826 23,29.83549355149177
85_20240827 00,22.312447597906917
85_20240827 01,17.09162701215275
85_20240827 02,15.161662651656918
85_20240827 03,14.21502577504274
85_20240827 04,14.075248433431852
85_20240827 05,13.954450770063069
85_20240827 06,17.683067532548836
85_20240827 07,32.50302620718706
85_20240827 08,34.638087970953016
85_20240827 09,28.301280433213822
85_20240827 10,23.116048875515997
85_20240827 11,23.011744612754956
85_20240827 12,20.754043238175843
85_20240827 13,18.903620801729225
85_20240827 14,18.10601674265848
85_20240827 15,17.715382680672793
85_20240827 16,18.641809327230987
85_20240827 17,24.818372636825284
85_20240827 18,33.60114305458877
85_20240827 19,38.89479208383604
85_20240827 20,48.33677174669466
85_20240827 21,47.900481651525816
85_20240827 22,39.71753918316535
85_20240827 23,30.831508813720056
85_20240828 00,21.675814558616544
85_20240828 01,16.869310919523677
85_20240828 02,15.250988590756634
85_20240828 03,14.670917540195223
85_20240828 04,14.340145989063434
85_20240828 05,14.004679298883973
85_20240828 06,17.116381740850002
85_20240828 07,32.78813880528467
85_20240828 08,35.20951629092377
85_20240828 09,29.455763281565957
85_20240828 10,23.38146864808327
85_20240828 11,21.163623570742537
85_20240828 12,19.296324809838207
85_20240828 13,18.416711360681724
85_20240828 14,19.263695699406263
85_20240828 15,17.90481919532736
85_20240828 16,18.774185801801963
85_20240828 17,24.681403810593082
85_20240828 18,34.63555910274188
85_20240828 19,39.371324873988
85_20240828 20,46.73904632680832
85_20240828 21,47.074748158339176
85_20240828 22,39.723814511862074
85_20240828 23,30.128892873145602
85_20240829 00,22.57012037204684
85_20240829 01,17.012017750274445
85_20240829 02,15.210891839848063
85_20240829 03,14.122750099347563
85_20240829 04,14.02030785757974
85_20240829 05,14.041662857719645
85_20240829 06,17.478134134034406
85_20240829 07,29.83089664266535
85_20240829 08,33.74038784846419
85_20240829 09,31.343914879020897
85_20240829 10,26.273694456408613
85_20240829 11,23.991515193984707
85_20240829 12,21.187484805460066
85_20240829 13,19.936352527380507
85_20240829 14,18.19131137939279
85_20240829 15,18.42029850377175
85_20240829 16,20.50348920326587
85_20240829 17,25.07391530805712
85_20240829 18,33.30042362498314
85_20240829 19,39.38004426159301
85_20240829 20,47.307857746837534
85_20240829 21,46.17135660452593
85_20240829 22,39.41723564366128
85_20240829 23,29.688098130394344
85_20240830 00,21.745382547179943
85_20240830 01,17.78044266788633
85_20240830 02,15.556156241941572
85_20240830 03,14.304047141593422
85_20240830 04,14.669508826870146
85_20240830 05,13.997276544294586
85_20240830 06,17.704182935033824
85_20240830 07,32.10757410991495
85_20240830 08,35.67829497552912
85_20240830 09,30.743407845764487
85_20240830 10,24.693143458352175
85_20240830 11,23.874386579039957
85_20240830 12,20.94839611288986
85_20240830 13,19.60683317751461
85_20240830 14,18.90013387512839
85_20240830 15,18.9174550349623
85_20240830 16,20.190953698611054
85_20240830 17,25.78543713784306
85_20240830 18,31.11674902040147
85_20240830 19,37.65808574615158
85_20240830 20,43.71051188738684
85_20240830 21,43.19411001094909
85_20240830 22,38.23461892672664
85_20240830 23,32.02459317304603
85_20240831 00,24.141179508186568
85_20240831 01,18.29303233179855
85_20240831 02,15.78577525432405
85_20240831 03,14.420415905699976
85_20240831 04,14.254012292719736
85_20240831 05,13.922030820250775
85_20240831 06,14.213817815275444
85_20240831 07,19.944281225205692
85_20240831 08,30.067999595156945
85_20240831 09,37.64150720314811
85_20240831 10,36.793722003208316
85_20240831 11,33.750072613465164
85_20240831 12,29.411874859913343
85_20240831 13,26.65571129173061
85_20240831 14,24.506196916243262
85_20240831 15,23.509332747500213
85_20240831 16,25.37475107302127
85_20240831 17,28.104410232936978
85_20240831 18,29.160286798948004
85_20240831 19,34.523501960133174
85_20240831 20,39.63232524542212
85_20240831 21,40.24262453799095
85_20240831 22,37.731088787774254
85_20240831 23,30.870752190348867
86_20240825 00,672.8039812679312
86_20240825 01,644.2815435069131
86_20240825 02,630.7446455919619
86_20240825 03,621.7658993869115
86_20240825 04,617.9032479482983
86_20240825 05,617.5457370498561
86_20240825 06,633.5059327394011
86_20240825 07,738.879876776479
86_20240825 08,1051.3628174189503
86_20240825 09,1108.7446719603404
86_20240825 10,1179.0227148046179
86_20240825 11,1229.7081102017014
86_20240825 12,1264.7624765589305
86_20240825 13,1282.1567312052903
86_20240825 14,1313.3690178712236
86_20240825 15,1317.603224247889
86_20240825 16,1350.235690449382
86_20240825 17,1376.392125432875
86_20240825 18,1345.526852494787
86_20240825 19,1293.4816503492148
86_20240825 20,1142.9375512188103
86_20240825 21,1032.7755561327172
86_20240825 22,831.5845389492929
86_20240825 23,703.9949494528433
86_20240826 00,669.642384214242
86_20240826 01,648.4520800598764
86_20240826 02,635.7864998982681
86_20240826 03,632.0109406985686
86_20240826 04,630.0619365260848
86_20240826 05,629.4765315058405
86_20240826 06,692.1647485342014
86_20240826 07,1345.2824595750621
86_20240826 08,2164.897740753768
86_20240826 09,2759.758527288037
86_20240826 10,3061.732338588324
86_20240826 11,3169.6102393875617
86_20240826 12,3136.441048203412
86_20240826 13,3153.0559386771647
86_20240826 14,3118.2189704941966
86_20240826 15,3019.435613598267
86_20240826 16,2955.3177941898175
86_20240826 17,2869.208310577619
86_20240826 18,2440.34100807114
86_20240826 19,2029.727200303578
86_20240826 20,1693.1711191627123
86_20240826 21,1385.8663851063877
86_20240826 22,1052.4413042189392
86_20240826 23,815.0090377566792
86_20240827 00,719.0678473088152
86_20240827 01,681.9134303676213
86_20240827 02,656.859746913831
86_20240827 03,637.0637290713461
86_20240827 04,634.2024210864422
86_20240827 05,634.069508337486
86_20240827 06,680.6019657959147
86_20240827 07,1220.6024561487366
86_20240827 08,2037.4498465074782
86_20240827 09,2650.817313889289
86_20240827 10,2927.9287072532206
86_20240827 11,2967.6920867964777
86_20240827 12,2942.8415087126787
86_20240827 13,2966.5965923859194
86_20240827 14,2986.669832652359
86_20240827 15,2943.880370592541
86_20240827 16,2912.4140980566212
86_20240827 17,2801.806201295233
86_20240827 18,2399.192704661046
86_20240827 19,1974.692094568762
86_20240827 20,1628.8888876930087
86_20240827 21,1288.2337015708608
86_20240827 22,999.6828511870764
86_20240827 23,794.4462978430254
86_20240828 00,705.0330676439792
86_20240828 01,667.2037275969417
86_20240828 02,639.7135516518833
86_20240828 03,628.8560072557117
86_20240828 04,625.1601373008056
86_20240828 05,629.8027388902302
86_20240828 06,671.7545380094921
86_20240828 07,1248.0758620631682
86_20240828 08,2055.3923547434383
86_20240828 09,2657.400820996806
86_20240828 10,2959.605614834438
86_20240828 11,3010.8102169540225
86_20240828 12,3010.905320844434
86_20240828 13,3061.353588169023
86_20240828 14,3058.211825792553
86_20240828 15,2967.7211754909226
86_20240828 16,2915.98797182419
86_20240828 17,2825.324893107483
86_20240828 18,2403.5620590248895
86_20240828 19,2004.8133265694298
86_20240828 20,1681.6596506233127
86_20240828 21,1344.2508381905689
86_20240828 22,1033.8054657176149
86_20240828 23,802.6873283143724
86_20240829 00,702.4115577781728
86_20240829 01,659.9607783580946
86_20240829 02,633.6472483962575
86_20240829 03,622.0618620204486
86_20240829 04,618.6941803301436
86_20240829 05,621.7950046763473
86_20240829 06,662.8290674314514
86_20240829 07,1154.6351366971826
86_20240829 08,1953.399059291297
86_20240829 09,2570.1040691857434
86_20240829 10,2863.3584550714077
86_20240829 11,2981.653100083889
86_20240829 12,3000.1679204744605
86_20240829 13,3022.2185665250445
86_20240829 14,3027.306471003864
86_20240829 15,2942.496746940641
86_20240829 16,2883.9135828749636
86_20240829 17,2788.779340075857
86_20240829 18,2325.5676111466355
86_20240829 19,1933.713433762025
86_20240829 20,1631.4576651214438
86_20240829 21,1250.5632085003392
86_20240829 22,1005.7191049026328
86_20240829 23,794.8209612223076
86_20240830 00,699.0654508776478
86_20240830 01,664.9666794535727
86_20240830 02,631.9632592827711
86_20240830 03,618.8178409128483
86_20240830 04,615.6582816005746
86_20240830 05,616.1678448330072
86_20240830 06,660.1510963785437
86_20240830 07,1154.190328736072
86_20240830 08,1982.6932338429501
86_20240830 09,2564.8871631110997
86_20240830 10,2860.8985586955355
86_20240830 11,2920.210634882458
86_20240830 12,2909.4685155569396
86_20240830 13,2902.8274329291767
86_20240830 14,2910.858758337541
86_20240830 15,2849.588226709927
86_20240830 16,2797.8646528014506
86_20240830 17,2704.7829904367773
86_20240830 18,2242.088598087965
86_20240830 19,1861.2484016769183
86_20240830 20,1557.4358401774923
86_20240830 21,1259.7361223175956
86_20240830 22,989.4628143237586
86_20240830 23,784.432130217939
86_20240831 00,677.7304407174515
86_20240831 01,641.6418395972057
86_20240831 02,623.484979451111
86_20240831 03,608.2536687522195
86_20240831 04,603.2229251292165
86_20240831 05,602.1601794160463
86_20240831 06,629.2512520841225
86_20240831 07,717.1868189263052
86_20240831 08,1017.9179461663059
86_20240831 09,1086.8240124941062
86_20240831 10,1210.5508813776987
86_20240831 11,1264.1351358941095
86_20240831 12,1315.743966674942
86_20240831 13,1336.0559677280826
86_20240831 14,1316.8949984209958
86_20240831 15,1324.284099201995
86_20240831 16,1335.166154405149
86_20240831 17,1362.9108045194776
86_20240831 18,1325.0930273765475
86_20240831 19,1279.9939762998365
86_20240831 20,1121.0797280789168
86_20240831 21,1026.7873128007373
86_20240831 22,834.0148373673318
86_20240831 23,704.5863346399013
87_20240825 00,1212.4077704570084
87_20240825 01,1229.9165579757682
87_20240825 02,1236.6568998650291
87_20240825 03,1271.652915720903
87_20240825 04,1343.3583966301867
87_20240825 05,1375.0158172244703
87_20240825 06,1375.544825066304
87_20240825 07,1351.9967234909332
87_20240825 08,1392.7168051862977
87_20240825 09,1309.4625413455096
87_20240825 10,1318.6080576660975
87_20240825 11,1275.3152231436643
87_20240825 12,1230.3950353137293
87_20240825 13,1179.6219678973775
87_20240825 14,1124.4412950154633
87_20240825 15,1098.0032365864463
87_20240825 16,1077.8203641074178
87_20240825 17,1066.8310358659135
87_20240825 18,1038.1170274831047
87_20240825 19,1033.1085374089096
87_20240825 20,1117.893177513111
87_20240825 21,1346.4272279630404
87_20240825 22,1605.5454269362383
87_20240825 23,2137.16846783274
87_20240826 00,2619.3871543833793
87_20240826 01,2605.5303411874092
87_20240826 02,2739.91348555081
87_20240826 03,2734.4878619747014
87_20240826 04,2834.985658518029
87_20240826 05,2684.5572666130042
87_20240826 06,2560.9755678372803
87_20240826 07,2186.2791949483735
87_20240826 08,1997.3075065345743
87_20240826 09,1784.2438069428658
87_20240826 10,1730.1206549513747
87_20240826 11,1589.5021759207634
87_20240826 12,1446.3339966579817
87_20240826 13,1347.1743450371682
87_20240826 14,1226.112374840999
87_20240826 15,1180.7528052116827
87_20240826 16,1146.5869628019864
87_20240826 17,1112.6300123191318
87_20240826 18,1091.9381322598517
87_20240826 19,1095.23682856095
87_20240826 20,1204.652379094594
87_20240826 21,1448.1748967610788
87_20240826 22,1687.888456777162
87_20240826 23,2241.4782794259986
87_20240827 00,2538.7424219203085
87_20240827 01,2590.3301880057033
87_20240827 02,2718.062591296678
87_20240827 03,2757.5846440545324
87_20240827 04,2822.0249188241296
87_20240827 05,2665.3557150705665
87_20240827 06,2552.369606365353
87_20240827 07,2160.489873828076
87_20240827 08,1913.4641132303477
87_20240827 09,1798.6415410627874
87_20240827 10,1767.9365842195261
87_20240827 11,1596.4014395469596
87_20240827 12,1437.9328390891862
87_20240827 13,1330.6084258578878
87_20240827 14,1241.5252888582156
87_20240827 15,1166.4503824276608
87_20240827 16,1132.1402102651768
87_20240827 17,1098.821670600823
87_20240827 18,1080.4249153637854
87_20240827 19,1076.8018421200222
87_20240827 20,1181.333922969659
87_20240827 21,1394.6120404418148
87_20240827 22,1690.198087239913
87_20240827 23,2221.4866472619788
87_20240828 00,2469.0133324228423
87_20240828 01,2424.231992599599
87_20240828 02,2625.825140531738
87_20240828 03,2665.831160533987
87_20240828 04,2729.9261835439747
87_20240828 05,2575.8191486748037
87_20240828 06,2468.817022147833
87_20240828 07,2073.0742074525356
87_20240828 08,1882.370380901271
87_20240828 09,1783.1492369612417
87_20240828 10,1697.0301631502423
87_20240828 11,1591.2431662994336
87_20240828 12,1417.802283452809
87_20240828 13,1323.6404475378213
87_20240828 14,1216.785531784781
87_20240828 15,1155.1057842577752
87_20240828 16,1128.7910039412586
87_20240828 17,1088.8002587244303
87_20240828 18,1071.9626698135544
87_20240828 19,1070.1172476689128
87_20240828 20,1150.817092844947
87_20240828 21,1381.553415347936
87_20240828 22,1559.3753902412395
87_20240828 23,2055.3915757518616
87_20240829 00,2254.8712067115825
87_20240829 01,2314.2760367088213
87_20240829 02,2449.7204423504495
87_20240829 03,2470.900867392941
87_20240829 04,2580.731618664494
87_20240829 05,2476.0156859444587
87_20240829 06,2322.09709297912
87_20240829 07,2012.2036997449009
87_20240829 08,1869.2059163040963
87_20240829 09,1742.6094992724195
87_20240829 10,1639.6651064896823
87_20240829 11,1557.3755139306816
87_20240829 12,1378.8381280214508
87_20240829 13,1328.3912005247
87_20240829 14,1205.8271460748258
87_20240829 15,1163.2393652692958
87_20240829 16,1126.785108334059
87_20240829 17,1071.683245216836
87_20240829 18,1068.0742655950962
87_20240829 19,1054.8416999635242
87_20240829 20,1131.4021534335855
87_20240829 21,1334.0769539826488
87_20240829 22,1516.0163958603775
87_20240829 23,1812.7279518979171
87_20240830 00,1885.5198581099578
87_20240830 01,1945.8027077515303
87_20240830 02,2135.9408856737314
87_20240830 03,2212.040382767691
87_20240830 04,2242.9981069781907
87_20240830 05,2168.7302222701196
87_20240830 06,2049.019741563976
87_20240830 07,1870.3220681869948
87_20240830 08,1685.4599952891163
87_20240830 09,1593.6750365140492
87_20240830 10,1592.2229918101675
87_20240830 11,1509.172382012926
87_20240830 12,1330.7795265653313
87_20240830 13,1249.1840075416467
87_20240830 14,1157.943440060494
87_20240830 15,1123.0601120489423
87_20240830 16,1088.1205869843875
87_20240830 17,1039.969961925461
87_20240830 18,1029.0090537823537
87_20240830 19,1021.0550486078332
87_20240830 20,1043.0236959421004
87_20240830 21,1072.4429049707646
87_20240830 22,1152.7485188166124
87_20240830 23,1239.9278030056767
87_20240831 00,1227.9744413958874
87_20240831 01,1263.062767622435
87_20240831 02,1310.0663242513433
87_20240831 03,1379.4963649580245
87_20240831 04,1443.5151425272013
87_20240831 05,1418.2274649699925
87_20240831 06,1346.157147939473
87_20240831 07,1341.6410221381561
87_20240831 08,1334.7166437648825
87_20240831 09,1286.6795775757291
87_20240831 10,1246.16898210107
87_20240831 11,1209.9922925883461
87_20240831 12,1160.1749613770362
87_20240831 13,1115.3907857979468
87_20240831 14,1070.3153876595961
87_20240831 15,1050.9264740775832
87_20240831 16,1045.4583905089335
87_20240831 17,1034.7282817516866
87_20240831 18,997.5038083073492
87_20240831 19,989.9437476898268
87_20240831 20,1000.2770321662219
87_20240831 21,1021.1020159919724
87_20240831 22,1043.499265266188
87_20240831 23,1094.1118817699416
88_20240825 00,958.5496188917873
88_20240825 01,848.3237658542912
88_20240825 02,782.5559859150378
88_20240825 03,766.5410032367105
88_20240825 04,717.0796188802573
88_20240825 05,708.258116315806
88_20240825 06,737.7015167478592
88_20240825 07,1052.8445510317642
88_20240825 08,1496.9056759800023
88_20240825 09,2676.6573043905546
88_20240825 10,5068.942253073269
88_20240825 11,5645.910759503893
88_20240825 12,5749.068335773031
88_20240825 13,5840.659495671345
88_20240825 14,5887.615977374463
88_20240825 15,5848.478601734433
88_20240825 16,5873.231305299265
88_20240825 17,5751.005526929892
88_20240825 18,5539.621583624436
88_20240825 19,5083.851593261666
88_20240825 20,4722.835431245409
88_20240825 21,2322.051721585011
88_20240825 22,1275.1553149274127
88_20240825 23,1083.4100388836277
88_20240826 00,915.6505093263729
88_20240826 01,823.0495676373408
88_20240826 02,797.3734319768107
88_20240826 03,778.1311313889416
88_20240826 04,741.2477389133569
88_20240826 05,747.42597690722
88_20240826 06,761.1306326060139
88_20240826 07,991.3146329954725
88_20240826 08,1354.0411332904976
88_20240826 09,2420.883491088982
88_20240826 10,4747.510451746954
88_20240826 11,5176.499686533509
88_20240826 12,5269.581905836363
88_20240826 13,5255.693391158637
88_20240826 14,5261.72761983437
88_20240826 15,5132.925922866147
88_20240826 16,5050.573014169103
88_20240826 17,5035.662141622204
88_20240826 18,4965.789636751619
88_20240826 19,4715.587013975395
88_20240826 20,4490.444780929514
88_20240826 21,2186.4054484909584
88_20240826 22,1229.1281952558065
88_20240826 23,1048.9721961274317
88_20240827 00,889.1406794555411
88_20240827 01,801.3304470878966
88_20240827 02,778.5398668053622
88_20240827 03,773.3953009073455
88_20240827 04,724.2115513305641
88_20240827 05,704.2874044354596
88_20240827 06,724.042642773642
88_20240827 07,1009.0142003241509
88_20240827 08,1324.5960455868833
88_20240827 09,2344.7801243458525
88_20240827 10,4491.550456831181
88_20240827 11,4904.28106810316
88_20240827 12,4902.625703751217
88_20240827 13,5023.556801913745
88_20240827 14,5057.845338664672
88_20240827 15,4979.1892078574
88_20240827 16,4845.080986185312
88_20240827 17,4684.435082086211
88_20240827 18,4643.8047125456715
88_20240827 19,4438.01771333695
88_20240827 20,4160.170684035841
88_20240827 21,2160.3426429151764
88_20240827 22,1217.9561544458115
88_20240827 23,1010.0585946686303
88_20240828 00,882.0028722586019
88_20240828 01,811.9264348138814
88_20240828 02,785.757364664931
88_20240828 03,784.4452302458403
88_20240828 04,734.7475562496779
88_20240828 05,717.036623850136
88_20240828 06,738.4049647837671
88_20240828 07,1042.7810819362137
88_20240828 08,1435.4651064866632
88_20240828 09,2477.6239082867023
88_20240828 10,4512.327439187738
88_20240828 11,5001.182245816799
88_20240828 12,5105.651862958142
88_20240828 13,5073.143765951577
88_20240828 14,5135.014501565305
88_20240828 15,5112.012769533398
88_20240828 16,5034.8795624707745
88_20240828 17,4869.882624447734
88_20240828 18,4763.414383994181
88_20240828 19,4573.859289573858
88_20240828 20,4314.561408771358
88_20240828 21,2285.464808297774
88_20240828 22,1270.1588681114156
88_20240828 23,1096.3354837764837
88_20240829 00,913.7050021832285
88_20240829 01,820.3618192695179
88_20240829 02,788.9725313492515
88_20240829 03,771.2022205674768
88_20240829 04,713.7461675171068
88_20240829 05,711.0379416458497
88_20240829 06,731.4912807550704
88_20240829 07,1032.0475263739913
88_20240829 08,1465.510078417377
88_20240829 09,2556.2550932300824
88_20240829 10,4597.047834863258
88_20240829 11,5089.732685684314
88_20240829 12,5244.559714142457
88_20240829 13,5248.567607243522
88_20240829 14,5189.71323891332
88_20240829 15,5187.57736084611
88_20240829 16,5055.295887810351
88_20240829 17,4825.363253031832
88_20240829 18,4659.438389967334
88_20240829 19,4546.490109427043
88_20240829 20,4286.51968690709
88_20240829 21,2179.9707038680754
88_20240829 22,1254.4430260463848
88_20240829 23,1071.0930247402864
88_20240830 00,912.4843053580839
88_20240830 01,829.2762218254461
88_20240830 02,788.0492524245242
88_20240830 03,781.1563695765981
88_20240830 04,734.0594370657129
88_20240830 05,716.8939932856777
88_20240830 06,723.8253649381261
88_20240830 07,967.6523856272195
88_20240830 08,1441.330618499142
88_20240830 09,2518.9571694028264
88_20240830 10,4611.087787119485
88_20240830 11,5067.028901216023
88_20240830 12,5253.777738008072
88_20240830 13,5311.593090406372
88_20240830 14,5277.992727271623
88_20240830 15,5198.116133473254
88_20240830 16,5080.643729007624
88_20240830 17,5043.149952701458
88_20240830 18,4923.05526373176
88_20240830 19,4699.583856370559
88_20240830 20,4320.654375853944
88_20240830 21,2289.4800217920983
88_20240830 22,1280.1459341547609
88_20240830 23,1088.270922006228
88_20240831 00,958.6960093280122
88_20240831 01,836.0034811062599
88_20240831 02,778.465703246697
88_20240831 03,771.0626384886067
88_20240831 04,721.3022643274783
88_20240831 05,719.5490487426001
88_20240831 06,756.656429458065
88_20240831 07,1136.6298534973257
88_20240831 08,1604.3415086084954
88_20240831 09,2619.885259480419
88_20240831 10,4755.654084535064
88_20240831 11,5310.901173361921
88_20240831 12,5471.640212741946
88_20240831 13,5618.186185855455
88_20240831 14,5676.217718438206
88_20240831 15,5659.687219973189
88_20240831 16,5637.510802306563
88_20240831 17,5506.331765065574
88_20240831 18,5298.87929122945
88_20240831 19,4919.434682390622
88_20240831 20,4455.781156901563
88_20240831 21,2320.0204552046457
88_20240831 22,1262.749432571155
88_20240831 23,1085.5368815048928
89_20240825 00,8663.64442474302
89_20240825 01,8296.659896005953
89_20240825 02,7765.5091621753545
89_20240825 03,7710.696003758025
89_20240825 04,7451.663571491484
89_20240825 05,7632.166172938031
89_20240825 06,7689.683904700973
89_20240825 07,7742.976520194238
89_20240825 08,7667.553434905562
89_20240825 09,7948.052555536404
89_20240825 10,8260.418782319382
89_20240825 11,8400.628204175251
89_20240825 12,8318.196322929076
89_20240825 13,8385.599588681629
89_20240825 14,8409.207109936811
89_20240825 15,8469.991431706516
89_20240825 16,8443.762018972899
89_20240825 17,8469.938954622177
89_20240825 18,8530.995571013491
89_20240825 19,8607.217585189544
89_20240825 20,8614.066574913684
89_20240825 21,8659.588354440251
89_20240825 22,8609.95816872878
89_20240825 23,8773.761510044058
89_20240826 00,8467.40213758673
89_20240826 01,8125.523428037397
89_20240826 02,7765.771729119322
89_20240826 03,7492.971318681099
89_20240826 04,7411.8718852864695
89_20240826 05,7610.863841639282
89_20240826 06,7685.513336897766
89_20240826 07,7713.165395570156
89_20240826 08,7496.053782156956
89_20240826 09,7857.471382135896
89_20240826 10,8166.668710734835
89_20240826 11,8229.268955172893
89_20240826 12,8213.414696138716
89_20240826 13,8269.139704262301
89_20240826 14,8253.130506242698
89_20240826 15,8278.27688695777
89_20240826 16,8241.246369990286
89_20240826 17,8286.039067159145
89_20240826 18,8341.28802054947
89_20240826 19,8381.826050840707
89_20240826 20,8379.611818233636
89_20240826 21,8380.898200930767
89_20240826 22,8507.681598677564
89_20240826 23,8618.069791893193
89_20240827 00,8418.83514539717
89_20240827 01,8031.807171462082
89_20240827 02,7581.466874284688
89_20240827 03,7575.642436576128
89_20240827 04,7462.494867905027
89_20240827 05,7557.135580998471
89_20240827 06,7657.693021115465
89_20240827 07,7688.123814332154
89_20240827 08,7432.422016825708
89_20240827 09,7741.488506125989
89_20240827 10,7987.921871518971
89_20240827 11,8161.67077334789
89_20240827 12,8144.252927437535
89_20240827 13,8205.73551027974
89_20240827 14,8227.955654758942
89_20240827 15,8277.764896107448
89_20240827 16,8209.684900287231
89_20240827 17,8311.958519067073
89_20240827 18,8274.596016340989
89_20240827 19,8296.455671887717
89_20240827 20,8324.156690402559
89_20240827 21,8368.972396215613
89_20240827 22,8366.01384785976
89_20240827 23,8585.925084600125
89_20240828 00,8315.890515137118
89_20240828 01,7815.36537596091
89_20240828 02,7444.43260636639
89_20240828 03,7434.27198072387
89_20240828 04,7261.687602561635
89_20240828 05,7493.070502620261
89_20240828 06,7586.44791097693
89_20240828 07,7609.433043576538
89_20240828 08,7280.914005692401
89_20240828 09,7644.561666660984
89_20240828 10,8009.161345025206
89_20240828 11,8126.6351275886245
89_20240828 12,8129.310338275318
89_20240828 13,8162.80997452889
89_20240828 14,8197.59782251759
89_20240828 15,8265.68358004764
89_20240828 16,8250.568212762428
89_20240828 17,8311.00672432252
89_20240828 18,8343.15806243405
89_20240828 19,8263.756847995366
89_20240828 20,8276.840536482558
89_20240828 21,8245.772982275053
89_20240828 22,8412.165048667232
89_20240828 23,8549.318506170832
89_20240829 00,8327.704307520939
89_20240829 01,7837.686926063355
89_20240829 02,7508.301929548825
89_20240829 03,7421.999961340061
89_20240829 04,7267.937334946083
89_20240829 05,7482.035606058147
89_20240829 06,7561.612946080974
89_20240829 07,7652.896810537335
89_20240829 08,7374.756131011594
89_20240829 09,7702.079918191152
89_20240829 10,8022.591319752833
89_20240829 11,8139.760484927527
89_20240829 12,8107.571141268418
89_20240829 13,8229.979388108133
89_20240829 14,8199.23195353689
89_20240829 15,8291.139720592024
89_20240829 16,8286.795049126718
89_20240829 17,8322.831826089247
89_20240829 18,8368.413142295201
89_20240829 19,8311.693884574186
89_20240829 20,8364.364482144761
89_20240829 21,8430.530154541164
89_20240829 22,8441.495032653498
89_20240829 23,8476.294141959643
89_20240830 00,8249.978507434069
89_20240830 01,7940.058772124065
89_20240830 02,7508.344418186651
89_20240830 03,7425.9861817751425
89_20240830 04,7265.737857616061
89_20240830 05,7459.779661172404
89_20240830 06,7563.425458162328
89_20240830 07,7612.418937895405
89_20240830 08,7233.164424954899
89_20240830 09,7612.398570945147
89_20240830 10,7975.0100369926795
89_20240830 11,8108.908191721699
89_20240830 12,8093.2472609909155
89_20240830 13,8159.5521142724865
89_20240830 14,8180.512182447611
89_20240830 15,8204.764572302349
89_20240830 16,8214.400892339634
89_20240830 17,8296.928256367248
89_20240830 18,8339.675653921884
89_20240830 19,8359.282947974863
89_20240830 20,8394.734406459509
89_20240830 21,8384.418862717079
89_20240830 22,8371.635676567344
89_20240830 23,8299.981077773067
89_20240831 00,8045.900648086642
89_20240831 01,7837.977683438158
89_20240831 02,7464.08083860358
89_20240831 03,7370.480827524181
89_20240831 04,7210.451823437434
89_20240831 05,7392.430232329129
89_20240831 06,7485.586032449333
89_20240831 07,7580.52692330293
89_20240831 08,7254.71477931271
89_20240831 09,7585.812980321112
89_20240831 10,7851.980760629018
89_20240831 11,7980.115697479501
89_20240831 12,7938.806577480254
89_20240831 13,8058.498153429578
89_20240831 14,8108.612147009411
89_20240831 15,8134.8239885281255
89_20240831 16,8176.743836681708
89_20240831 17,8073.045241715936
89_20240831 18,8223.607745917967
89_20240831 19,8239.297199738363
89_20240831 20,8258.999059649721
89_20240831 21,8234.11816242914
89_20240831 22,8339.14974522572
89_20240831 23,8233.693936309359
90_20240825 00,1901.383091122003
90_20240825 01,1906.1261039704718
90_20240825 02,1874.2038823985888
90_20240825 03,1842.527973360477
90_20240825 04,1848.1387620198038
90_20240825 05,1917.3900730583746
90_20240825 06,1946.2379845102682
90_20240825 07,2004.611554201772
90_20240825 08,2116.2453373803114
90_20240825 09,2181.573656718051
90_20240825 10,2198.3058511759273
90_20240825 11,2151.4114557606426
90_20240825 12,2189.7365467518475
90_20240825 13,2159.927153511215
90_20240825 14,2143.834355651889
90_20240825 15,2148.3441238331247
90_20240825 16,2199.437534894654
90_20240825 17,2194.455443492673
90_20240825 18,2127.3536219583384
90_20240825 19,2057.3943249914632
90_20240825 20,2058.812206507022
90_20240825 21,1982.015721870112
90_20240825 22,1926.6672763344252
90_20240825 23,1893.0369731901283
90_20240826 00,1851.2880435932545
90_20240826 01,1804.4002343904585
90_20240826 02,1795.2874946187387
90_20240826 03,1807.1485934426341
90_20240826 04,1832.2548839519363
90_20240826 05,1925.2728502037182
90_20240826 06,2059.486495401942
90_20240826 07,2607.890325928307
90_20240826 08,3049.0144403411355
90_20240826 09,3246.358231316976
90_20240826 10,3259.5070637623235
90_20240826 11,3223.378588677853
90_20240826 12,3118.72897445718
90_20240826 13,3121.8141872229558
90_20240826 14,3148.658863566973
90_20240826 15,3168.444097793253
90_20240826 16,3120.8159743916044
90_20240826 17,2922.9944781509184
90_20240826 18,2509.292893896158
90_20240826 19,2190.4359310431087
90_20240826 20,2105.648159129486
90_20240826 21,2046.7770416938677
90_20240826 22,1952.7237661816225
90_20240826 23,1888.4324289617944
90_20240827 00,1858.893328699557
90_20240827 01,1840.8332579360276
90_20240827 02,1837.1211909715248
90_20240827 03,1835.25062889679
90_20240827 04,1838.5216826337096
90_20240827 05,1924.2305176775712
90_20240827 06,2090.163761322579
90_20240827 07,2584.4133282279445
90_20240827 08,3032.9650811271486
90_20240827 09,3222.5922823531973
90_20240827 10,3230.387545636385
90_20240827 11,3178.84336045454
90_20240827 12,3066.2974048955566
90_20240827 13,3085.312497994324
90_20240827 14,3138.180770985853
90_20240827 15,3140.5177635605146
90_20240827 16,3070.2984895510835
90_20240827 17,2897.2729363317167
90_20240827 18,2500.916586441036
90_20240827 19,2175.8605031881125
90_20240827 20,2135.9741494948585
90_20240827 21,2065.750770160811
90_20240827 22,1967.236722909839
90_20240827 23,1885.7462699728133
90_20240828 00,1862.5723842200832
90_20240828 01,1835.8672249152837
90_20240828 02,1824.8132518155885
90_20240828 03,1783.2075487820505
90_20240828 04,1737.656835609443
90_20240828 05,1798.658685200287
90_20240828 06,1987.5543860173532
90_20240828 07,2529.417782500646
90_20240828 08,2994.895885143739
90_20240828 09,3184.6775483059173
90_20240828 10,3216.204124189687
90_20240828 11,3177.141979657197
90_20240828 12,3055.007148458675
90_20240828 13,3059.545576650875
90_20240828 14,3102.116325525657
90_20240828 15,3121.8440365734905
90_20240828 16,3060.0305744083935
90_20240828 17,2884.149791032006
90_20240828 18,2467.9649254195224
90_20240828 19,2168.427376539009
90_20240828 20,2110.614023801625
90_20240828 21,2060.68024535699
90_20240828 22,1946.1808828889993
90_20240828 23,1873.494711940562
90_20240829 00,1864.6414314537158
90_20240829 01,1856.6800284270967
90_20240829 02,1845.8951857407442
90_20240829 03,1839.091989632547
90_20240829 04,1801.760500560364
90_20240829 05,1862.195438085311
90_20240829 06,2015.5451872170654
90_20240829 07,2518.5515435272227
90_20240829 08,2920.2402889177747
90_20240829 09,3105.217236544176
90_20240829 10,3183.133665574465
90_20240829 11,3141.3833950824414
90_20240829 12,3030.7714618993773
90_20240829 13,3040.8924133024293
90_20240829 14,3058.107958731291
90_20240829 15,3084.4540885359397
90_20240829 16,3028.709168156477
90_20240829 17,2864.9576149650534
90_20240829 18,2441.0134627684465
90_20240829 19,2158.296952263929
90_20240829 20,2036.1072664119752
90_20240829 21,2005.0626525833657
90_20240829 22,1911.2101921863973
90_20240829 23,1858.2928806500659
90_20240830 00,1829.7111673799548
90_20240830 01,1801.312221394667
90_20240830 02,1770.073601923032
90_20240830 03,1761.2027516601477
90_20240830 04,1763.7274669727635
90_20240830 05,1782.2613592383134
90_20240830 06,1977.990759256465
90_20240830 07,2525.744692253991
90_20240830 08,2937.0676325810177
90_20240830 09,3126.9264590974562
90_20240830 10,3141.5040353718073
90_20240830 11,3115.870285100332
90_20240830 12,3014.2551191785933
90_20240830 13,2999.3626598389037
90_20240830 14,3029.7671894189048
90_20240830 15,3061.865462262571
90_20240830 16,3017.460193695439
90_20240830 17,2844.2112366906827
90_20240830 18,2406.929093736112
90_20240830 19,2133.3911150598187
90_20240830 20,2073.2054374354952
90_20240830 21,2050.758181374686
90_20240830 22,1966.2760291580184
90_20240830 23,1887.2533159296675
90_20240831 00,1834.5820454485606
90_20240831 01,1812.9388624012054
90_20240831 02,1740.330206747055
90_20240831 03,1714.7892159564879
90_20240831 04,1721.8827060451426
90_20240831 05,1768.7518135634396
90_20240831 06,1814.1600277338557
90_20240831 07,1873.2883244092343
90_20240831 08,2055.6346255976255
90_20240831 09,2170.162959379396
90_20240831 10,2182.7462423984553
90_20240831 11,2153.6401448564866
90_20240831 12,2151.2988558684315
90_20240831 13,2122.5021528223538
90_20240831 14,2136.584834574454
90_20240831 15,2177.6228920671965
90_20240831 16,2183.873494299103
90_20240831 17,2147.186605450842
90_20240831 18,2136.408845649144
90_20240831 19,2071.298735354678
90_20240831 20,2032.0609351114226
90_20240831 21,1945.6401496350918
90_20240831 22,1881.1116784875119
90_20240831 23,1841.6981461173032
91_20240825 00,1881.588798597972
91_20240825 01,1642.7199236540127
91_20240825 02,1498.3756877032722
91_20240825 03,1358.240584978006
91_20240825 04,1296.7363367867808
91_20240825 05,1245.5980247918847
91_20240825 06,1259.7001232839025
91_20240825 07,1393.970892560154
91_20240825 08,1611.5742249227715
91_20240825 09,1757.3280582225352
91_20240825 10,1929.964741625497
91_20240825 11,2023.69917088356
91_20240825 12,2094.0920901813
91_20240825 13,2147.7575244270633
91_20240825 14,2238.1274150707127
91_20240825 15,2214.8931669450067
91_20240825 16,2228.625069028043
91_20240825 17,2324.3147564724013
91_20240825 18,2483.3730990878466
91_20240825 19,2633.627206449466
91_20240825 20,2675.748947355175
91_20240825 21,2607.2488959062457
91_20240825 22,2444.8155569444352
91_20240825 23,2172.7683606774062
91_20240826 00,1799.0860627078941
91_20240826 01,1564.2162319300112
91_20240826 02,1416.7950865870591
91_20240826 03,1287.3940261670818
91_20240826 04,1250.9271207299525
91_20240826 05,1226.3955780688998
91_20240826 06,1285.6256788170288
91_20240826 07,1519.8855450378815
91_20240826 08,1611.6266699445396
91_20240826 09,1617.3268406179736
91_20240826 10,1667.9528680300286
91_20240826 11,1700.1086932600067
91_20240826 12,1741.385547031062
91_20240826 13,1754.3498259313083
91_20240826 14,1753.3109625481384
91_20240826 15,1727.86382110847
91_20240826 16,1785.4388394953667
91_20240826 17,1987.1998809708607
91_20240826 18,2291.285800765178
91_20240826 19,2403.6303950942074
91_20240826 20,2466.0848757614513
91_20240826 21,2392.5100682320235
91_20240826 22,2224.5834239739675
91_20240826 23,2027.2867715325997
91_20240827 00,1698.409548175714
91_20240827 01,1495.0133898632967
91_20240827 02,1351.8400719678216
91_20240827 03,1241.582846121496
91_20240827 04,1190.1479137614883
91_20240827 05,1189.9068320843603
91_20240827 06,1227.7891679354389
91_20240827 07,1456.8807828171402
91_20240827 08,1527.6502315632192
91_20240827 09,1518.5532112238363
91_20240827 10,1548.410555083386
91_20240827 11,1580.6625461232024
91_20240827 12,1646.8165841300865
91_20240827 13,1654.864204900364
91_20240827 14,1677.5449282828718
91_20240827 15,1677.4617036287382
91_20240827 16,1675.2976715542195
91_20240827 17,1888.433778214104
91_20240827 18,2160.9610986008697
91_20240827 19,2412.6144683070515
91_20240827 20,2410.692227571205
91_20240827 21,2387.911053258077
91_20240827 22,2198.9540218938673
91_20240827 23,2003.47501344394
91_20240828 00,1673.0203500999764
91_20240828 01,1462.1699649136751
91_20240828 02,1278.0012240181843
91_20240828 03,1165.847128292183
91_20240828 04,1113.3455510819529
91_20240828 05,1110.4129601356651
91_20240828 06,1158.0486503909067
91_20240828 07,1370.6913040183533
91_20240828 08,1452.9681995505473
91_20240828 09,1428.6824643472887
91_20240828 10,1490.2355074647367
91_20240828 11,1547.7180974259697
91_20240828 12,1592.8599191350272
91_20240828 13,1608.5451283589189
91_20240828 14,1605.0473633258819
91_20240828 15,1628.1405420183592
91_20240828 16,1684.7565271291585
91_20240828 17,1886.7857325178752
91_20240828 18,2155.330944777408
91_20240828 19,2305.059179623271
91_20240828 20,2306.9609580638958
91_20240828 21,2273.671729864393
91_20240828 22,2168.774314534276
91_20240828 23,1927.301452821342
91_20240829 00,1606.3571395622291
91_20240829 01,1424.6596318575725
91_20240829 02,1287.8153854186614
91_20240829 03,1196.067317334123
91_20240829 04,1158.664550882779
91_20240829 05,1132.9596232764954
91_20240829 06,1183.4587919942028
91_20240829 07,1378.3212741451553
91_20240829 08,1493.2911317220676
91_20240829 09,1479.9547930777023
91_20240829 10,1518.4513868814156
91_20240829 11,1546.4473737495691
91_20240829 12,1587.4705227817497
91_20240829 13,1583.947701004919
91_20240829 14,1604.271186059938
91_20240829 15,1679.3551219479211
91_20240829 16,1691.3390723308996
91_20240829 17,1839.9669910021444
91_20240829 18,2166.9042019320477
91_20240829 19,2349.6381503919747
91_20240829 20,2369.050202489916
91_20240829 21,2316.992488815184
91_20240829 22,2192.796174258398
91_20240829 23,1915.3903526418924
91_20240830 00,1595.5731678510992
91_20240830 01,1410.1519710561165
91_20240830 02,1290.4168741340986
91_20240830 03,1202.4338348578633
91_20240830 04,1139.5103987201205
91_20240830 05,1126.9143846229472
91_20240830 06,1172.3687620298829
91_20240830 07,1351.7745199453093
91_20240830 08,1439.9955602186583
91_20240830 09,1450.8969176901758
91_20240830 10,1484.000578788222
91_20240830 11,1523.3642577560877
91_20240830 12,1545.6603073894469
91_20240830 13,1557.5589706564124
91_20240830 14,1582.6269814677391
91_20240830 15,1603.7354594589046
91_20240830 16,1658.2503847810412
91_20240830 17,1815.7374981828411
91_20240830 18,2067.9575946415694
91_20240830 19,2218.8503891887767
91_20240830 20,2218.3752236036407
91_20240830 21,2176.9518330359724
91_20240830 22,2090.808480478183
91_20240830 23,1870.8947979850432
91_20240831 00,1610.702877361578
91_20240831 01,1416.7234729020374
91_20240831 02,1282.014060394066
91_20240831 03,1180.1322163352943
91_20240831 04,1123.0615171802044
91_20240831 05,1094.4847053488231
91_20240831 06,1115.1434486930834
91_20240831 07,1247.4462968647954
91_20240831 08,1396.608998265335
91_20240831 09,1515.4560280994751
91_20240831 10,1620.7311220838076
91_20240831 11,1700.3531797338246
91_20240831 12,1773.1661948138353
91_20240831 13,1789.9142785857284
91_20240831 14,1808.221804517819
91_20240831 15,1832.123235808983
91_20240831 16,1818.8809393235476
91_20240831 17,1908.4980164265876
91_20240831 18,1994.2595431402392
91_20240831 19,2062.398474251663
91_20240831 20,2107.4022624505774
91_20240831 21,2104.3226507122968
91_20240831 22,1984.4543776851956
91_20240831 23,1840.1317662372462
92_20240825 00,282.12062171127565
92_20240825 01,285.10989198335835
92_20240825 02,286.199713944457
92_20240825 03,288.4779301401105
92_20240825 04,304.6596355983058
92_20240825 05,465.5729732150129
92_20240825 06,524.7769307125659
92_20240825 07,732.6269035658203
92_20240825 08,776.3976236092408
92_20240825 09,809.3564260607391
92_20240825 10,803.9277714112706
92_20240825 11,806.550655591961
92_20240825 12,823.2652054906738
92_20240825 13,799.8223271947445
92_20240825 14,811.8484972295222
92_20240825 15,779.3020058945515
92_20240825 16,633.1117306374831
92_20240825 17,524.5549483579075
92_20240825 18,318.6054840046597
92_20240825 19,298.3365792357919
92_20240825 20,303.39267555633853
92_20240825 21,302.5958555821537
92_20240825 22,301.6568702203808
92_20240825 23,288.3801423699173
92_20240826 00,286.38781423318835
92_20240826 01,288.14638792873785
92_20240826 02,288.9100926544089
92_20240826 03,290.11053703409897
92_20240826 04,309.00675575436213
92_20240826 05,464.96669115309805
92_20240826 06,530.3554209522651
92_20240826 07,746.5830916631087
92_20240826 08,784.9415525575102
92_20240826 09,812.0135473745247
92_20240826 10,807.6364488299351
92_20240826 11,808.0411719329663
92_20240826 12,823.3918538040508
92_20240826 13,805.6712968848184
92_20240826 14,814.1865471516014
92_20240826 15,789.1527365240231
92_20240826 16,639.785388497681
92_20240826 17,508.9979891880322
92_20240826 18,314.29146445070376
92_20240826 19,294.4629928527753
92_20240826 20,306.45493507262336
92_20240826 21,302.38533889605065
92_20240826 22,301.0847112718041
92_20240826 23,283.58693019652765
92_20240827 00,280.7974983645839
92_20240827 01,284.24431649609835
92_20240827 02,284.60931636002067
92_20240827 03,285.99244774608377
92_20240827 04,305.9685587208688
92_20240827 05,444.60209027717417
92_20240827 06,511.75447367913546
92_20240827 07,698.1020794724466
92_20240827 08,743.9050302866385
92_20240827 09,775.4305252588952
92_20240827 10,763.7423769970168
92_20240827 11,750.2127102043305
92_20240827 12,763.3498781749917
92_20240827 13,777.9882438525449
92_20240827 14,783.1928212429002
92_20240827 15,746.8332421385066
92_20240827 16,609.4068157052885
92_20240827 17,490.8625316331082
92_20240827 18,303.48963578967016
92_20240827 19,286.7589640155602
92_20240827 20,296.2272122840793
92_20240827 21,292.87373956165504
92_20240827 22,289.843670913711
92_20240827 23,275.8649430451159
92_20240828 00,273.10838506848296
92_20240828 01,275.3214251948621
92_20240828 02,276.0423885040619
92_20240828 03,277.1569835632859
92_20240828 04,294.5192710606508
92_20240828 05,438.0010631223406
92_20240828 06,491.64804260808
92_20240828 07,677.7769815163922
92_20240828 08,724.0399297585648
92_20240828 09,784.1555795740913
92_20240828 10,792.6639374650794
92_20240828 11,785.6090398024917
92_20240828 12,804.3589221267113
92_20240828 13,792.97467050291
92_20240828 14,785.9465515196225
92_20240828 15,748.2612731774988
92_20240828 16,614.8463739907185
92_20240828 17,498.3045299802509
92_20240828 18,304.9560483643349
92_20240828 19,289.89815343168164
92_20240828 20,294.83911828759506
92_20240828 21,293.3482847096468
92_20240828 22,294.23965102095684
92_20240828 23,280.6569011654867
92_20240829 00,276.7909399774152
92_20240829 01,278.98531390637487
92_20240829 02,275.8240898784955
92_20240829 03,275.77518573220175
92_20240829 04,291.2174223319896
92_20240829 05,437.7639552125361
92_20240829 06,490.795505761773
92_20240829 07,679.9333069902422
92_20240829 08,723.1504869682855
92_20240829 09,770.8006488149358
92_20240829 10,782.3188268211832
92_20240829 11,781.690322429605
92_20240829 12,803.5711069771473
92_20240829 13,782.7125777427318
92_20240829 14,784.7016944761928
92_20240829 15,755.8674342050862
92_20240829 16,618.8856047864463
92_20240829 17,501.7630390222955
92_20240829 18,306.52950702741
92_20240829 19,290.65795001165947
92_20240829 20,298.19529196232605
92_20240829 21,293.6078553652036
92_20240829 22,292.3700181655208
92_20240829 23,279.4222926588717
92_20240830 00,275.93094459327335
92_20240830 01,278.8814724784364
92_20240830 02,274.718266422651
92_20240830 03,275.4802137923908
92_20240830 04,291.66983735418466
92_20240830 05,433.43100354687647
92_20240830 06,485.06973006789127
92_20240830 07,676.1502460782964
92_20240830 08,715.9501688785545
92_20240830 09,777.2430541929402
92_20240830 10,772.8787339942753
92_20240830 11,774.7108523774796
92_20240830 12,798.6458792719664
92_20240830 13,774.1972318544548
92_20240830 14,790.3675451987441
92_20240830 15,750.4333973433838
92_20240830 16,600.5263209863554
92_20240830 17,489.78844216697007
92_20240830 18,308.3936726786065
92_20240830 19,284.5861597868699
92_20240830 20,297.13570424576943
92_20240830 21,293.03153672670754
92_20240830 22,291.2965733437036
92_20240830 23,278.0103652125168
92_20240831 00,271.6374957133273
92_20240831 01,273.5149834046017
92_20240831 02,274.20341216939505
92_20240831 03,276.0298928946954
92_20240831 04,297.0276409979711
92_20240831 05,429.3625588600152
92_20240831 06,482.5421376672338
92_20240831 07,662.2257634077694
92_20240831 08,719.2109715751031
92_20240831 09,753.2210514893031
92_20240831 10,754.5299318851946
92_20240831 11,768.9739973400358
92_20240831 12,787.6261553326976
92_20240831 13,770.2427413154173
92_20240831 14,785.3912869627823
92_20240831 15,749.7945440594006
92_20240831 16,604.1190049641219
92_20240831 17,489.85443332742045
92_20240831 18,297.1610895050744
92_20240831 19,284.1405611935711
92_20240831 20,294.11960615660087
92_20240831 21,289.4028239630853
92_20240831 22,289.09546158877663
92_20240831 23,278.2014903756259
93_20240825 00,1623.7899156611938
93_20240825 01,1426.2829580288435
93_20240825 02,1293.855452297058
93_20240825 03,1185.8490278727481
93_20240825 04,1132.2778031813132
93_20240825 05,1099.824602550505
93_20240825 06,1108.8271985422634
93_20240825 07,1232.9163168331902
93_20240825 08,1459.2317642127414
93_20240825 09,1629.227061239224
93_20240825 10,1867.2499787191357
93_20240825 11,1949.2691486887015
93_20240825 12,2033.219163889814
93_20240825 13,2046.375252458906
93_20240825 14,2008.1454118730717
93_20240825 15,2051.022977434078
93_20240825 16,2090.2525273330903
93_20240825 17,2209.877608800975
93_20240825 18,2346.6719834460446
93_20240825 19,2446.031713992774
93_20240825 20,2431.8865513427777
93_20240825 21,2343.5524802378695
93_20240825 22,2134.603274272522
93_20240825 23,1852.2315056787756
93_20240826 00,1604.065667152512
93_20240826 01,1376.346106413178
93_20240826 02,1256.420121193446
93_20240826 03,1158.841431987936
93_20240826 04,1112.9279035444747
93_20240826 05,1093.9899118321064
93_20240826 06,1158.4100931438945
93_20240826 07,1366.7050561705883
93_20240826 08,1511.2021736027195
93_20240826 09,1555.8927134928324
93_20240826 10,1582.0692195697393
93_20240826 11,1688.3515250238502
93_20240826 12,1742.021695240132
93_20240826 13,1764.7088733620972
93_20240826 14,1694.6576486517188
93_20240826 15,1692.1025766318298
93_20240826 16,1826.293395194386
93_20240826 17,1986.7735336283972
93_20240826 18,2216.06203197265
93_20240826 19,2403.872581071926
93_20240826 20,2410.725336355708
93_20240826 21,2345.6712471830206
93_20240826 22,2142.8028998148206
93_20240826 23,1840.9499536056835
93_20240827 00,1616.436479372131
93_20240827 01,1371.6227161204738
93_20240827 02,1260.442476950527
93_20240827 03,1166.8173762776958
93_20240827 04,1125.9627840212652
93_20240827 05,1106.25404765878
93_20240827 06,1156.572770935018
93_20240827 07,1371.5613001514375
93_20240827 08,1488.1034676523154
93_20240827 09,1478.8869028921645
93_20240827 10,1473.6864481325583
93_20240827 11,1481.5912083777423
93_20240827 12,1487.7742661835418
93_20240827 13,1496.6841473881186
93_20240827 14,1493.156179833225
93_20240827 15,1506.4014705638824
93_20240827 16,1594.54919470482
93_20240827 17,1797.496110639433
93_20240827 18,2053.6786550208367
93_20240827 19,2133.644501047431
93_20240827 20,2169.3761714032285
93_20240827 21,2113.340993315321
93_20240827 22,2018.670933702295
93_20240827 23,1697.0147237293218
93_20240828 00,1471.3285244560032
93_20240828 01,1271.1935378557293
93_20240828 02,1169.2546613071324
93_20240828 03,1076.1415969961754
93_20240828 04,1025.3703273748874
93_20240828 05,1014.204109284048
93_20240828 06,1102.6013074541622
93_20240828 07,1282.8567997730192
93_20240828 08,1374.0812275070168
93_20240828 09,1348.445943976366
93_20240828 10,1378.577119159119
93_20240828 11,1396.9441729604173
93_20240828 12,1452.5609446174599
93_20240828 13,1511.4365140165664
93_20240828 14,1573.6585019219451
93_20240828 15,1600.4508615223747
93_20240828 16,1706.1526279910693
93_20240828 17,1876.3745356725503
93_20240828 18,2138.1208495268447
93_20240828 19,2248.1314724879603
93_20240828 20,2229.9500570516902
93_20240828 21,2150.4259546553353
93_20240828 22,1984.3255826710474
93_20240828 23,1711.8478785523046
93_20240829 00,1503.9542962173473
93_20240829 01,1309.4686370208744
93_20240829 02,1198.3787504774798
93_20240829 03,1107.4410145870859
93_20240829 04,1054.7582587951952
93_20240829 05,1031.81276409848
93_20240829 06,1086.1478731555542
93_20240829 07,1285.5167473968281
93_20240829 08,1367.4150843106563
93_20240829 09,1368.7955853519338
93_20240829 10,1399.652350209415
93_20240829 11,1457.8070573394775
93_20240829 12,1476.1652899062285
93_20240829 13,1533.9793796005897
93_20240829 14,1573.439741286146
93_20240829 15,1604.8855349527614
93_20240829 16,1693.2119279553726
93_20240829 17,1837.9659603341354
93_20240829 18,2043.851771864083
93_20240829 19,2196.284151091224
93_20240829 20,2200.711939718556
93_20240829 21,2131.4106072310733
93_20240829 22,1944.5133291076563
93_20240829 23,1669.27562230707
93_20240830 00,1457.5336905626552
93_20240830 01,1280.3144562691427
93_20240830 02,1172.9633009917193
93_20240830 03,1071.4991370348557
93_20240830 04,1029.567371995614
93_20240830 05,1001.1526487274143
93_20240830 06,1080.6107488095765
93_20240830 07,1292.1713191019558
93_20240830 08,1366.7604261082354
93_20240830 09,1367.6348855425044
93_20240830 10,1411.148323425859
93_20240830 11,1513.0542925406005
93_20240830 12,1576.1966629788503
93_20240830 13,1546.1966561074298
93_20240830 14,1545.968018055104
93_20240830 15,1593.286492423476
93_20240830 16,1702.3683670573537
93_20240830 17,1802.1157703224453
93_20240830 18,1993.4891200535162
93_20240830 19,2047.4837815709434
93_20240830 20,2085.037226980913
93_20240830 21,2032.719644431763
93_20240830 22,1939.3938544141588
93_20240830 23,1678.603095488095
93_20240831 00,1498.1417878674692
93_20240831 01,1312.4474287290802
93_20240831 02,1205.243437625988
93_20240831 03,1105.9317183001156
93_20240831 04,1062.0517874846757
93_20240831 05,1008.594558794122
93_20240831 06,1057.4696096545586
93_20240831 07,1168.9747957757108
93_20240831 08,1330.5848368068946
93_20240831 09,1461.024584824618
93_20240831 10,1549.7961388633357
93_20240831 11,1583.1023937221698
93_20240831 12,1622.9276201569455
93_20240831 13,1642.0678301866521
93_20240831 14,1700.3128775892014
93_20240831 15,1670.917517239282
93_20240831 16,1706.3749028510438
93_20240831 17,1774.4626861916788
93_20240831 18,1933.1015511659446
93_20240831 19,1981.99020143705
93_20240831 20,1974.0073928414595
93_20240831 21,1954.4176355199331
93_20240831 22,1848.8510057894423
93_20240831 23,1604.9966439800874
94_20240825 00,1529.892371774775
94_20240825 01,1509.2876709324332
94_20240825 02,1553.9645070321421
94_20240825 03,1482.6841611766858
94_20240825 04,1481.0461639746045
94_20240825 05,1473.9484612622414
94_20240825 06,1478.627319190461
94_20240825 07,1493.6244696406015
94_20240825 08,1492.464926838379
94_20240825 09,1548.9953077569153
94_20240825 10,1552.5709760902992
94_20240825 11,1615.8938166073535
94_20240825 12,1646.2121160499726
94_20240825 13,1651.6001217035737
94_20240825 14,1675.5777687191369
94_20240825 15,1677.9671412346597
94_20240825 16,1695.2215174759876
94_20240825 17,1686.5888766840349
94_20240825 18,1618.4307115613362
94_20240825 19,1596.6525967911057
94_20240825 20,1591.8411220841147
94_20240825 21,1584.153010250128
94_20240825 22,1521.8245869186655
94_20240825 23,1516.4830478532722
94_20240826 00,1541.4497119958096
94_20240826 01,1477.7823976821323
94_20240826 02,1501.8243932148594
94_20240826 03,1488.2327038726028
94_20240826 04,1442.6900187471713
94_20240826 05,1519.1275043832934
94_20240826 06,1618.5299258514901
94_20240826 07,1720.5876754039145
94_20240826 08,1922.6653807552748
94_20240826 09,2390.304348875705
94_20240826 10,2641.382405294411
94_20240826 11,2811.6211855202896
94_20240826 12,2818.1686682945638
94_20240826 13,2838.3586373347925
94_20240826 14,2900.5749108817145
94_20240826 15,2931.2616398210407
94_20240826 16,2879.1885430590673
94_20240826 17,2827.698925510399
94_20240826 18,2625.455328555933
94_20240826 19,2428.9410636038974
94_20240826 20,2345.0637726728446
94_20240826 21,2204.4909295138054
94_20240826 22,2011.671521021614
94_20240826 23,1914.7288031191986
94_20240827 00,1870.1503286356358
94_20240827 01,1865.436380046746
94_20240827 02,1871.8531914373395
94_20240827 03,1788.4169733826923
94_20240827 04,1758.4012031438644
94_20240827 05,1755.1019515372855
94_20240827 06,1896.457031810561
94_20240827 07,1977.1603252669433
94_20240827 08,2101.440730600507
94_20240827 09,2551.5122424687966
94_20240827 10,2691.245731182984
94_20240827 11,2709.473690481507
94_20240827 12,2695.8890709802736
94_20240827 13,2811.407319631491
94_20240827 14,2874.3846464059643
94_20240827 15,2832.9850517662853
94_20240827 16,2778.537533110271
94_20240827 17,2700.202169017088
94_20240827 18,2489.6878521576564
94_20240827 19,2318.981824201034
94_20240827 20,2210.2570956570953
94_20240827 21,2146.498182012842
94_20240827 22,2069.221667734974
94_20240827 23,1904.1617073748093
94_20240828 00,1843.7950031492428
94_20240828 01,1801.5504581847197
94_20240828 02,1776.3703032845497
94_20240828 03,1708.0477921705856
94_20240828 04,1706.1895636541342
94_20240828 05,1718.6773203974228
94_20240828 06,1795.3058334835061
94_20240828 07,1861.6857282052133
94_20240828 08,1972.0816364395594
94_20240828 09,2298.7713301499425
94_20240828 10,2644.5722473977476
94_20240828 11,2765.3622152795147
94_20240828 12,2747.5463829014348
94_20240828 13,2847.702349618018
94_20240828 14,2960.129238497855
94_20240828 15,2961.4025323583337
94_20240828 16,2920.7248210578427
94_20240828 17,2836.045372468702
94_20240828 18,2635.2636359858884
94_20240828 19,2416.801917448869
94_20240828 20,2304.9226960934693
94_20240828 21,2153.128060540301
94_20240828 22,2015.3942261300936
94_20240828 23,1899.3357191815744
94_20240829 00,1833.876504595756
94_20240829 01,1813.4307751493666
94_20240829 02,1775.3671604833257
94_20240829 03,1723.6309843222152
94_20240829 04,1688.1079698691635
94_20240829 05,1722.2476119827907
94_20240829 06,1776.6167236852411
94_20240829 07,1858.259542122189
94_20240829 08,1963.5580095047997
94_20240829 09,2369.56473295244
94_20240829 10,2619.3913580140093
94_20240829 11,2722.0540587334663
94_20240829 12,2713.9489628813362
94_20240829 13,2815.867017386281
94_20240829 14,2938.95115514696
94_20240829 15,2932.3291590928875
94_20240829 16,2912.6539544327275
94_20240829 17,2774.005919665695
94_20240829 18,2545.3162843449877
94_20240829 19,2385.7231705590857
94_20240829 20,2245.7977082110638
94_20240829 21,2079.8229405207185
94_20240829 22,1927.339536785736
94_20240829 23,1854.8187881856916
94_20240830 00,1793.8298421961847
94_20240830 01,1783.2665986599393
94_20240830 02,1758.828302455862
94_20240830 03,1715.7601623180822
94_20240830 04,1709.791257509494
94_20240830 05,1690.2259616535587
94_20240830 06,1755.0518114384463
94_20240830 07,1811.9859705518857
94_20240830 08,1926.553875549981
94_20240830 09,2325.7616523070496
94_20240830 10,2528.8704998198086
94_20240830 11,2669.9525709456148
94_20240830 12,2658.614590092281
94_20240830 13,2678.299919853672
94_20240830 14,2717.464825042855
94_20240830 15,2619.321304191775
94_20240830 16,2531.0718976718567
94_20240830 17,2429.7627627886095
94_20240830 18,2090.0250176714417
94_20240830 19,1883.604304472112
94_20240830 20,1774.4237445507345
94_20240830 21,1767.4781802653679
94_20240830 22,1651.6714195799727
94_20240830 23,1607.4924448071654
94_20240831 00,1526.8423161969845
94_20240831 01,1493.5437451514974
94_20240831 02,1512.5844820124344
94_20240831 03,1496.9383793994139
94_20240831 04,1520.5256182388948
94_20240831 05,1497.3140158805609
94_20240831 06,1494.0288959563968
94_20240831 07,1484.7807046415742
94_20240831 08,1476.3158071958405
94_20240831 09,1477.448594216166
94_20240831 10,1499.3200898404325
94_20240831 11,1513.2904451281115
94_20240831 12,1530.560130437586
94_20240831 13,1547.755181046488
94_20240831 14,1539.8780365093303
94_20240831 15,1546.1485748671041
94_20240831 16,1536.1924528206164
94_20240831 17,1521.516532955579
94_20240831 18,1500.932549958597
94_20240831 19,1480.6255853200096
94_20240831 20,1472.5614428583615
94_20240831 21,1451.436153447246
94_20240831 22,1430.8206450579114
94_20240831 23,1387.5273976921367
95_20240825 00,2323.6044634871114
95_20240825 01,2027.1853546195512
95_20240825 02,1742.126276669686
95_20240825 03,1525.1698797574245
95_20240825 04,968.9616532902892
95_20240825 05,689.1746208542169
95_20240825 06,685.145980189475
95_20240825 07,730.5955203087635
95_20240825 08,1016.0782629924065
95_20240825 09,1840.7311030911692
95_20240825 10,3358.495265578791
95_20240825 11,3816.2479099122374
95_20240825 12,4418.124204348094
95_20240825 13,4705.777259621698
95_20240825 14,4808.865199368019
95_20240825 15,4896.490702741519
95_20240825 16,4895.342933096799
95_20240825 17,4871.714868208499
95_20240825 18,4708.043783454965
95_20240825 19,4156.214688965345
95_20240825 20,2332.99366541323
95_20240825 21,1113.7333658526572
95_20240825 22,1923.7298676717821
95_20240825 23,2301.255767180254
95_20240826 00,2204.7429310969915
95_20240826 01,1994.0012216941482
95_20240826 02,1632.4836671524627
95_20240826 03,1368.7238742637562
95_20240826 04,935.4115409891615
95_20240826 05,686.4893030465539
95_20240826 06,668.2898818789707
95_20240826 07,698.37199087405
95_20240826 08,942.6890430555914
95_20240826 09,1775.0211549257892
95_20240826 10,3197.14706197333
95_20240826 11,3644.706496798921
95_20240826 12,4125.19013115749
95_20240826 13,4573.988838645864
95_20240826 14,4591.603395902697
95_20240826 15,4564.020938256178
95_20240826 16,4587.498336394446
95_20240826 17,4578.2508177633845
95_20240826 18,4355.799975930616
95_20240826 19,3448.302924265691
95_20240826 20,1897.5447946087338
95_20240826 21,1040.543657303725
95_20240826 22,2000.926388956973
95_20240826 23,2548.9504634771674
95_20240827 00,2301.283186452227
95_20240827 01,2011.5579441175446
95_20240827 02,1602.2871617945323
95_20240827 03,1381.2208245400639
95_20240827 04,929.0370471454366
95_20240827 05,670.0472032893009
95_20240827 06,662.7604041999144
95_20240827 07,725.3399096403851
95_20240827 08,989.2442092906031
95_20240827 09,1843.7941270478873
95_20240827 10,3244.696722893947
95_20240827 11,3619.2456883656014
95_20240827 12,4049.1281937997046
95_20240827 13,4309.555298769157
95_20240827 14,4317.052785842419
95_20240827 15,4298.017149810972
95_20240827 16,4306.991772885619
95_20240827 17,4310.031742542096
95_20240827 18,4195.031515232935
95_20240827 19,3377.697548904956
95_20240827 20,1821.805624219654
95_20240827 21,1052.5205580928202
95_20240827 22,1968.3828200148614
95_20240827 23,2496.135252812667
95_20240828 00,2259.698693182996
95_20240828 01,1984.479851549725
95_20240828 02,1655.2920116179985
95_20240828 03,1374.0836220600204
95_20240828 04,873.256932873609
95_20240828 05,636.2928486461112
95_20240828 06,636.5987627094769
95_20240828 07,683.0506117031723
95_20240828 08,944.4242218143604
95_20240828 09,1803.9278401945667
95_20240828 10,3232.2544358188698
95_20240828 11,3650.0470260519514
95_20240828 12,4136.649035205939
95_20240828 13,4480.157720723684
95_20240828 14,4575.14249133623
95_20240828 15,4546.539663578183
95_20240828 16,4546.844364011304
95_20240828 17,4562.6974440020285
95_20240828 18,4381.753360324689
95_20240828 19,3488.262723673297
95_20240828 20,1879.108788521371
95_20240828 21,1114.3544212031263
95_20240828 22,1991.0812878836573
95_20240828 23,2504.98747486527
95_20240829 00,2317.6472451687387
95_20240829 01,2056.253716167953
95_20240829 02,1753.0306201814788
95_20240829 03,1520.0689046420603
95_20240829 04,916.8583028353946
95_20240829 05,678.8073838437876
95_20240829 06,637.7177623798148
95_20240829 07,686.3929990330292
95_20240829 08,950.8975472184943
95_20240829 09,1808.2204817443098
95_20240829 10,3260.819490335472
95_20240829 11,3703.6402169079583
95_20240829 12,4232.125632963358
95_20240829 13,4589.753684255715
95_20240829 14,4595.924014376125
95_20240829 15,4577.2496526250925
95_20240829 16,4583.493699496513
95_20240829 17,4603.072482815014
95_20240829 18,4406.020422817771
95_20240829 19,3609.471286116625
95_20240829 20,2031.1831205594922
95_20240829 21,1164.0837573102021
95_20240829 22,2069.400834704808
95_20240829 23,2539.9258893375063
95_20240830 00,2353.7753598000772
95_20240830 01,2093.2010942892703
95_20240830 02,1731.4276853285326
95_20240830 03,1511.060254658104
95_20240830 04,929.2219079580253
95_20240830 05,694.4265451056463
95_20240830 06,686.8370518909435
95_20240830 07,685.6468408042289
95_20240830 08,961.8898980178794
95_20240830 09,1799.9019269560117
95_20240830 10,3252.02358280738
95_20240830 11,3689.8230783374543
95_20240830 12,4292.270563293791
95_20240830 13,4550.288195337209
95_20240830 14,4589.240322674377
95_20240830 15,4581.4551133665245
95_20240830 16,4593.372245939066
95_20240830 17,4556.76654220061
95_20240830 18,4400.098523849874
95_20240830 19,3828.771261991095
95_20240830 20,2362.2454757709415
95_20240830 21,1142.071507180716
95_20240830 22,2011.148567976871
95_20240830 23,2495.691873739521
95_20240831 00,2294.750178410958
95_20240831 01,2032.1227575032576
95_20240831 02,1664.0803408052952
95_20240831 03,1426.0448848206659
95_20240831 04,927.7765323019379
95_20240831 05,697.736378811686
95_20240831 06,654.7225334842918
95_20240831 07,686.82591904259
95_20240831 08,946.4301527053128
95_20240831 09,1792.0507230415787
95_20240831 10,3192.4065618363966
95_20240831 11,3666.00519566214
95_20240831 12,4133.635035119473
95_20240831 13,4433.643661192204
95_20240831 14,4721.650036697338
95_20240831 15,4620.641336171729
95_20240831 16,4682.391850207279
95_20240831 17,4655.0386292092035
95_20240831 18,4459.045733065925
95_20240831 19,3943.5173049616274
95_20240831 20,2336.272591675789
95_20240831 21,1115.0908648954082
95_20240831 22,2015.9336969817755
95_20240831 23,2529.227006677413
96_20240825 00,1243.4472557542367
96_20240825 01,1077.0110729360545
96_20240825 02,950.1444614987947
96_20240825 03,850.9622088694782
96_20240825 04,809.746618264721
96_20240825 05,762.7017478806742
96_20240825 06,764.414968298236
96_20240825 07,801.2406068647989
96_20240825 08,873.8783551394354
96_20240825 09,972.3308822658366
96_20240825 10,1006.0294826534177
96_20240825 11,1039.265694909011
96_20240825 12,1098.7893047330178
96_20240825 13,1149.961403490497
96_20240825 14,1179.2304762661634
96_20240825 15,1230.4309894258943
96_20240825 16,1289.8128666188495
96_20240825 17,1343.3045616500758
96_20240825 18,1486.4468619950167
96_20240825 19,1635.373068667316
96_20240825 20,1680.3838563226923
96_20240825 21,1695.7716289757218
96_20240825 22,1611.3208800656462
96_20240825 23,1422.6447013980717
96_20240826 00,1210.154473190803
96_20240826 01,1031.1689577945374
96_20240826 02,909.678707165917
96_20240826 03,827.4428905896007
96_20240826 04,788.8119462475818
96_20240826 05,756.799089279015
96_20240826 06,796.9288770915191
96_20240826 07,888.4093187128417
96_20240826 08,882.2574021278401
96_20240826 09,851.2886692658193
96_20240826 10,818.6681306691751
96_20240826 11,740.2313283336196
96_20240826 12,735.8484801672187
96_20240826 13,796.951977016997
96_20240826 14,783.2153531535535
96_20240826 15,847.1217970477203
96_20240826 16,888.5439417067007
96_20240826 17,1019.7633082784018
96_20240826 18,1208.7382115854853
96_20240826 19,1454.570491539766
96_20240826 20,1571.6828288668667
96_20240826 21,1613.7839007438956
96_20240826 22,1528.1518047913842
96_20240826 23,1375.0868885976847
96_20240827 00,1202.5619291974558
96_20240827 01,1020.3595144287225
96_20240827 02,894.3262296557584
96_20240827 03,814.8280884947502
96_20240827 04,780.1318439407704
96_20240827 05,747.4057901559331
96_20240827 06,786.7395705960108
96_20240827 07,870.6630736220739
96_20240827 08,861.0815698410079
96_20240827 09,853.8618926125633
96_20240827 10,834.1091529102205
96_20240827 11,738.2856708632356
96_20240827 12,745.7740163855997
96_20240827 13,770.942525203453
96_20240827 14,762.3768243803062
96_20240827 15,809.6689204145412
96_20240827 16,926.5732548459025
96_20240827 17,1000.238151457523
96_20240827 18,1178.8741180554518
96_20240827 19,1410.970337778578
96_20240827 20,1464.9760566264024
96_20240827 21,1497.9482039334707
96_20240827 22,1436.8604312212588
96_20240827 23,1304.002157673812
96_20240828 00,1137.9252163082235
96_20240828 01,950.229922548379
96_20240828 02,834.3340836758814
96_20240828 03,773.6753392783269
96_20240828 04,743.3466230159561
96_20240828 05,716.8915563635751
96_20240828 06,758.4042911723473
96_20240828 07,848.4673359724627
96_20240828 08,853.9104170239897
96_20240828 09,851.6725582712837
96_20240828 10,811.7885634079433
96_20240828 11,765.1729837210337
96_20240828 12,754.3567039643865
96_20240828 13,767.4245306320628
96_20240828 14,802.7444275227786
96_20240828 15,839.9939341645909
96_20240828 16,935.3278247150362
96_20240828 17,1033.3574636491849
96_20240828 18,1183.322596713028
96_20240828 19,1452.441634203481
96_20240828 20,1531.9707366481643
96_20240828 21,1569.872494025539
96_20240828 22,1490.485137735871
96_20240828 23,1352.8005562604258
96_20240829 00,1148.9982890661427
96_20240829 01,965.9870220195374
96_20240829 02,848.5686603460078
96_20240829 03,784.2461021027257
96_20240829 04,755.876045223257
96_20240829 05,722.2939369132832
96_20240829 06,753.6867359758778
96_20240829 07,829.7310324494067
96_20240829 08,834.4659254347758
96_20240829 09,827.0559445018745
96_20240829 10,811.1903540654831
96_20240829 11,764.4259873208863
96_20240829 12,779.5593147339765
96_20240829 13,814.5774665428872
96_20240829 14,817.3807367857607
96_20240829 15,893.7029761936271
96_20240829 16,968.4682775951081
96_20240829 17,1042.3292825689402
96_20240829 18,1187.7819471449777
96_20240829 19,1417.5418541309662
96_20240829 20,1502.571398390158
96_20240829 21,1503.3422735867425
96_20240829 22,1459.135820282706
96_20240829 23,1319.4526165201696
96_20240830 00,1134.095206823467
96_20240830 01,945.7928533713746
96_20240830 02,831.1425366519135
96_20240830 03,772.7604424048642
96_20240830 04,741.3005785238597
96_20240830 05,714.9269464313675
96_20240830 06,745.2280067193135
96_20240830 07,817.2364257089938
96_20240830 08,829.072618591852
96_20240830 09,818.6162320831335
96_20240830 10,790.9234444455403
96_20240830 11,764.1830025877107
96_20240830 12,783.0186988359619
96_20240830 13,786.0055160428064
96_20240830 14,787.6141892408045
96_20240830 15,851.986464206167
96_20240830 16,950.7566037715699
96_20240830 17,1020.6833436574068
96_20240830 18,1153.0539986164708
96_20240830 19,1394.612684323751
96_20240830 20,1425.8968895008466
96_20240830 21,1466.9668419792777
96_20240830 22,1429.495714681912
96_20240830 23,1343.7249666214507
96_20240831 00,1158.1043633161376
96_20240831 01,989.3454092285795
96_20240831 02,870.6071617395867
96_20240831 03,797.4321311810058
96_20240831 04,751.7558018017795
96_20240831 05,716.4545791901801
96_20240831 06,731.6454007163239
96_20240831 07,754.2178703052837
96_20240831 08,798.3730124777168
96_20240831 09,895.1992170214216
96_20240831 10,908.4605670436547
96_20240831 11,943.904040015512
96_20240831 12,995.452626803781
96_20240831 13,1004.9744704631476
96_20240831 14,988.9905415469611
96_20240831 15,1045.9078814335505
96_20240831 16,1091.3863116352643
96_20240831 17,1123.7024728639794
96_20240831 18,1193.2889261919672
96_20240831 19,1355.205020491252
96_20240831 20,1402.9916367363908
96_20240831 21,1428.71523992692
96_20240831 22,1405.9200581325258
96_20240831 23,1301.1076651426595
97_20240825 00,1227.3862427356682
97_20240825 01,1261.203104308767
97_20240825 02,1183.1653339929303
97_20240825 03,1195.095439058199
97_20240825 04,1117.4481442248184
97_20240825 05,1231.6205390729817
97_20240825 06,1172.382709896744
97_20240825 07,1242.0868763418353
97_20240825 08,1290.8293123435847
97_20240825 09,1405.7103265161893
97_20240825 10,1671.7393843380619
97_20240825 11,1704.721189218825
97_20240825 12,1759.1219123967912
97_20240825 13,1736.251246400882
97_20240825 14,1757.1268814982159
97_20240825 15,1774.262320112245
97_20240825 16,1820.7287706046554
97_20240825 17,1792.787783693084
97_20240825 18,1775.4661603388317
97_20240825 19,1727.8261080731202
97_20240825 20,1632.9918918357512
97_20240825 21,1607.1342326081694
97_20240825 22,1524.5629286239891
97_20240825 23,1388.8164152787813
97_20240826 00,1344.0510542388713
97_20240826 01,1257.1132064942808
97_20240826 02,1257.8456666164232
97_20240826 03,1218.5973710791698
97_20240826 04,1161.0033116141399
97_20240826 05,1179.9414400331661
97_20240826 06,1181.9572505783296
97_20240826 07,1224.9742753917983
97_20240826 08,1305.99037775307
97_20240826 09,1435.2253781120537
97_20240826 10,1685.9867293611649
97_20240826 11,1764.6293189408636
97_20240826 12,1752.9131661008928
97_20240826 13,1801.9513308937321
97_20240826 14,1786.3109932043901
97_20240826 15,1815.8508649279381
97_20240826 16,1831.8493397885072
97_20240826 17,1828.7786704599325
97_20240826 18,1818.7191647154066
97_20240826 19,1756.7489225978225
97_20240826 20,1626.8875971599944
97_20240826 21,1518.8417062808307
97_20240826 22,1383.7395821043149
97_20240826 23,1376.4198525072684
97_20240827 00,1322.7335619841667
97_20240827 01,1252.0708475086633
97_20240827 02,1226.047959101425
97_20240827 03,1198.0887173237004
97_20240827 04,1147.4178017851013
97_20240827 05,1209.2893999620871
97_20240827 06,1153.6363236510824
97_20240827 07,1207.1417898790364
97_20240827 08,1304.6191373275274
97_20240827 09,1394.6861015933669
97_20240827 10,1650.3071169889636
97_20240827 11,1724.0866699731914
97_20240827 12,1714.7723296538202
97_20240827 13,1772.7547118741445
97_20240827 14,1771.1367949047444
97_20240827 15,1763.6912541413553
97_20240827 16,1827.6697915854943
97_20240827 17,1770.5220372784158
97_20240827 18,1795.9166687567154
97_20240827 19,1713.6162516540285
97_20240827 20,1606.458983852934
97_20240827 21,1531.2466634314446
97_20240827 22,1461.171755179685
97_20240827 23,1365.1184116604763
97_20240828 00,1261.866452859322
97_20240828 01,1212.2889761305346
97_20240828 02,1146.7851291745928
97_20240828 03,1140.2849813446853
97_20240828 04,1123.1552850995415
97_20240828 05,1029.3388060455422
97_20240828 06,1132.1477329855923
97_20240828 07,1108.7204709944203
97_20240828 08,1259.7491930781882
97_20240828 09,1420.979492304892
97_20240828 10,1645.5333227922738
97_20240828 11,1740.1393192941312
97_20240828 12,1746.887804106094
97_20240828 13,1782.9866850087888
97_20240828 14,1753.12011412811
97_20240828 15,1802.3949150954315
97_20240828 16,1856.8464497642915
97_20240828 17,1810.9515259209331
97_20240828 18,1810.1826781458228
97_20240828 19,1760.4257750893657
97_20240828 20,1631.6252433433779
97_20240828 21,1583.817115607918
97_20240828 22,1418.4371370441431
97_20240828 23,1360.0395862113455
97_20240829 00,1242.993177840348
97_20240829 01,1246.423259169143
97_20240829 02,1188.430217623846
97_20240829 03,1168.252748621479
97_20240829 04,1175.1175071090279
97_20240829 05,1159.3458703206202
97_20240829 06,1089.646820179878
97_20240829 07,1204.4699383360978
97_20240829 08,1267.4375111894688
97_20240829 09,1403.5130644318915
97_20240829 10,1672.591074698703
97_20240829 11,1757.8797898612568
97_20240829 12,1779.7245262840263
97_20240829 13,1778.740126021436
97_20240829 14,1785.8725069513293
97_20240829 15,1828.5386032122867
97_20240829 16,1835.463627458977
97_20240829 17,1803.6849773671672
97_20240829 18,1783.7888219490765
97_20240829 19,1739.733383233693
97_20240829 20,1661.9059936492895
97_20240829 21,1598.244231576206
97_20240829 22,1504.2757521884032
97_20240829 23,1370.7904313043755
97_20240830 00,1267.4937699678044
97_20240830 01,1193.6397263790677
97_20240830 02,1157.5707798060978
97_20240830 03,1163.3403115813317
97_20240830 04,1065.348576317995
97_20240830 05,1118.551083299785
97_20240830 06,1179.2003268242179
97_20240830 07,1102.2052645751437
97_20240830 08,1259.7272338757184
97_20240830 09,1448.9976983644538
97_20240830 10,1630.4685718247208
97_20240830 11,1700.9341442369014
97_20240830 12,1745.388936780601
97_20240830 13,1766.9909997189188
97_20240830 14,1776.6733024815292
97_20240830 15,1793.9213013747662
97_20240830 16,1825.9673201116107
97_20240830 17,1824.8549204829887
97_20240830 18,1808.0219223587596
97_20240830 19,1742.3355744705102
97_20240830 20,1620.9116963335946
97_20240830 21,1548.9226959929147
97_20240830 22,1403.1860071360695
97_20240830 23,1360.0973428379866
97_20240831 00,1217.0927358487183
97_20240831 01,1206.571940108792
97_20240831 02,1152.5577907712507
97_20240831 03,1176.3875225832853
97_20240831 04,1071.1815007680843
97_20240831 05,1154.8760933927213
97_20240831 06,1159.722067318196
97_20240831 07,1116.8884635165148
97_20240831 08,1211.3362634149878
97_20240831 09,1340.1126562964016
97_20240831 10,1389.8368029068927
97_20240831 11,1485.0314919746306
97_20240831 12,1556.2697089284216
97_20240831 13,1573.7987032138249
97_20240831 14,1598.8589913508965
97_20240831 15,1583.459919090565
97_20240831 16,1616.8188344978237
97_20240831 17,1600.4168141322652
97_20240831 18,1498.4835650154369
97_20240831 19,1410.8981925593948
97_20240831 20,1352.9848418628242
97_20240831 21,1342.7443531661743
97_20240831 22,1234.7576853697456
97_20240831 23,1271.7803206481826
98_20240825 00,1655.3787464636673
98_20240825 01,1581.1452187190603
98_20240825 02,1552.2600782757227
98_20240825 03,1509.9383618922254
98_20240825 04,1509.4595067477617
98_20240825 05,1524.7261309030775
98_20240825 06,1810.9546681613947
98_20240825 07,2083.9412300591102
98_20240825 08,2249.848119426927
98_20240825 09,2326.0437222164464
98_20240825 10,2487.343342746031
98_20240825 11,2339.1941533528784
98_20240825 12,2263.0264221749276
98_20240825 13,2646.102369087783
98_20240825 14,2881.92377497795
98_20240825 15,3065.0498791975288
98_20240825 16,3161.0192419152218
98_20240825 17,3103.035175764143
98_20240825 18,2606.8603857412872
98_20240825 19,2503.2741314259156
98_20240825 20,2467.4133725234615
98_20240825 21,2232.665021593782
98_20240825 22,1955.7059909099335
98_20240825 23,1801.694268768735
98_20240826 00,1658.2844291412482
98_20240826 01,1584.9101177610016
98_20240826 02,1529.6558666111898
98_20240826 03,1488.1770687582969
98_20240826 04,1469.2288458994049
98_20240826 05,1500.8891490916278
98_20240826 06,1800.0991961529614
98_20240826 07,2036.148069290443
98_20240826 08,2206.2441304457584
98_20240826 09,2369.335177940573
98_20240826 10,2434.7255279292926
98_20240826 11,2347.7883776968647
98_20240826 12,2267.9093552700597
98_20240826 13,2599.3030135059225
98_20240826 14,2822.0080239253666
98_20240826 15,2912.6453304021056
98_20240826 16,2963.7277611931704
98_20240826 17,2848.414748948225
98_20240826 18,2458.275029135295
98_20240826 19,2265.8842939413444
98_20240826 20,2167.9623190038933
98_20240826 21,1994.8210499298243
98_20240826 22,1803.5714914950067
98_20240826 23,1725.055844695099
98_20240827 00,1615.853287812159
98_20240827 01,1554.2432008911173
98_20240827 02,1508.6745163369878
98_20240827 03,1479.2544488512208
98_20240827 04,1424.0604456341484
98_20240827 05,1433.272726032591
98_20240827 06,1689.0775391969764
98_20240827 07,1942.4210764779632
98_20240827 08,2094.3714313905184
98_20240827 09,2210.6851857627526
98_20240827 10,2260.2477217440837
98_20240827 11,2138.8396746875565
98_20240827 12,2066.4197364335887
98_20240827 13,2322.4991313518385
98_20240827 14,2458.4396710348014
98_20240827 15,2504.3809052216266
98_20240827 16,2602.594458550372
98_20240827 17,2565.120590921294
98_20240827 18,2160.698114212995
98_20240827 19,2014.8509192319943
98_20240827 20,1919.5250643118675
98_20240827 21,1746.7676935595282
98_20240827 22,1580.9649008866963
98_20240827 23,1541.7645902452048
98_20240828 00,1466.6002972127062
98_20240828 01,1373.7428977190516
98_20240828 02,1331.4806166685112
98_20240828 03,1307.6779343233402
98_20240828 04,1290.83258757288
98_20240828 05,1310.957562453695
98_20240828 06,1565.9523994900737
98_20240828 07,1752.0258811465765
98_20240828 08,1987.0336319476592
98_20240828 09,2114.5596299438184
98_20240828 10,2218.5935470198724
98_20240828 11,2108.7920657131044
98_20240828 12,2045.0077869199142
98_20240828 13,2365.8212012425724
98_20240828 14,2552.774052750115
98_20240828 15,2711.065036795845
98_20240828 16,2815.6123194446573
98_20240828 17,2742.7543369214977
98_20240828 18,2279.37144672958
98_20240828 19,2079.0193042534365
98_20240828 20,2050.3256024919065
98_20240828 21,1887.0373630300805
98_20240828 22,1667.675764520984
98_20240828 23,1612.5662121478674
98_20240829 00,1505.3408518076126
98_20240829 01,1461.372227423204
98_20240829 02,1398.8486326937366
98_20240829 03,1366.9557238069804
98_20240829 04,1318.877550428644
98_20240829 05,1339.2101412297286
98_20240829 06,1608.918621859721
98_20240829 07,1868.4718774355663
98_20240829 08,2086.4354121476485
98_20240829 09,2170.0780492362055
98_20240829 10,2269.045201825541
98_20240829 11,2186.4952486358516
98_20240829 12,2127.1493809297276
98_20240829 13,2400.701987689197
98_20240829 14,2474.5308201035614
98_20240829 15,2607.1463162280743
98_20240829 16,2756.541950392072
98_20240829 17,2650.359234945039
98_20240829 18,2287.9712160751073
98_20240829 19,2190.957689998065
98_20240829 20,2176.0770229347436
98_20240829 21,1991.9715610060903
98_20240829 22,1751.9577682253225
98_20240829 23,1649.8573089598376
98_20240830 00,1558.1482681069942
98_20240830 01,1497.3491487632298
98_20240830 02,1443.9375455704767
98_20240830 03,1388.6234589030228
98_20240830 04,1380.5918562790798
98_20240830 05,1334.5939452729071
98_20240830 06,1599.1228383862804
98_20240830 07,1906.1432132886891
98_20240830 08,2120.00836668862
98_20240830 09,2249.9371118785702
98_20240830 10,2289.0277674814415
98_20240830 11,2197.3702432488717
98_20240830 12,2124.498077584634
98_20240830 13,2479.995948364413
98_20240830 14,2749.8770551635703
98_20240830 15,2859.64154924756
98_20240830 16,3010.4539083909112
98_20240830 17,3002.0015262814777
98_20240830 18,2435.5479510585183
98_20240830 19,2327.7012861012486
98_20240830 20,2215.6796265880207
98_20240830 21,2119.0175174979513
98_20240830 22,1825.9718703373308
98_20240830 23,1700.0994178214496
98_20240831 00,1520.9432795947541
98_20240831 01,1422.7768033916468
98_20240831 02,1381.4677561084507
98_20240831 03,1356.096764702638
98_20240831 04,1322.746919087424
98_20240831 05,1337.6624226463582
98_20240831 06,1606.2576806005009
98_20240831 07,1804.3562139879632
98_20240831 08,2039.139594581029
98_20240831 09,2159.498904808334
98_20240831 10,2226.9493611790967
98_20240831 11,2184.2621064348
98_20240831 12,2168.682432320968
98_20240831 13,2440.566503427499
98_20240831 14,2605.4463400031523
98_20240831 15,2759.2149285320106
98_20240831 16,2912.683355150218
98_20240831 17,2908.448488228025
98_20240831 18,2509.6355402950016
98_20240831 19,2361.1836689455813
98_20240831 20,2335.043230915174
98_20240831 21,2137.3922658617457
98_20240831 22,1918.9992710929168
98_20240831 23,1709.3850981066248
99_20240825 00,1196.1629599664748
99_20240825 01,1189.1429214127447
99_20240825 02,1163.1366700417216
99_20240825 03,1174.8491885041637
99_20240825 04,1040.3271502433868
99_20240825 05,889.6147532100267
99_20240825 06,832.8743768578731
99_20240825 07,825.5896369774206
99_20240825 08,946.9072260064557
99_20240825 09,1108.6440318169973
99_20240825 10,1158.6995121590808
99_20240825 11,1218.6211349883479
99_20240825 12,1137.869055485
99_20240825 13,1175.4043119226685
99_20240825 14,1179.8682261258596
99_20240825 15,1165.1734442366417
99_20240825 16,1176.6778811909755
99_20240825 17,1186.8851029856323
99_20240825 18,1101.7197850970588
99_20240825 19,1172.266446731655
99_20240825 20,1206.337792938339
99_20240825 21,1265.329136001794
99_20240825 22,1191.8123859058367
99_20240825 23,1228.4798235548294
99_20240826 00,1179.8632877534471
99_20240826 01,1174.8545629341036
99_20240826 02,1146.171356192198
99_20240826 03,1149.602326595124
99_20240826 04,1035.9717439629064
99_20240826 05,893.2031720636592
99_20240826 06,833.0563014308543
99_20240826 07,832.5829355627727
99_20240826 08,965.495718584594
99_20240826 09,1135.517721806165
99_20240826 10,1184.7301244861287
99_20240826 11,1257.3923674972189
99_20240826 12,1147.881678033999
99_20240826 13,1207.0251774480116
99_20240826 14,1225.183566118822
99_20240826 15,1227.7957128203757
99_20240826 16,1228.338183490007
99_20240826 17,1240.8982266235907
99_20240826 18,1134.4240913372682
99_20240826 19,1172.816883528743
99_20240826 20,1211.3698452330284
99_20240826 21,1272.0301615127655
99_20240826 22,1194.4436977804323
99_20240826 23,1225.5746664571438
99_20240827 00,1175.4330012500955
99_20240827 01,1169.7441564145165
99_20240827 02,1138.6122368645777
99_20240827 03,1123.8527385616335
99_20240827 04,1027.738573646805
99_20240827 05,894.9374435719923
99_20240827 06,860.1215100798045
99_20240827 07,848.5626232416273
99_20240827 08,961.7187064433917
99_20240827 09,1113.0068370543104
99_20240827 10,1166.4918344144376
99_20240827 11,1231.238006146511
99_20240827 12,1145.8499841230837
99_20240827 13,1196.9007264707172
99_20240827 14,1218.600911700502
99_20240827 15,1195.0315291148554
99_20240827 16,1213.2733310295157
99_20240827 17,1223.289298369991
99_20240827 18,1089.3741476040284
99_20240827 19,1126.9829529137176
99_20240827 20,1166.788852050284
99_20240827 21,1234.2814689361844
99_20240827 22,1129.8087366829836
99_20240827 23,1184.7411815242053
99_20240828 00,1130.0802347935087
99_20240828 01,1132.0976019187892
99_20240828 02,1113.698254492973
99_20240828 03,1117.801364028052
99_20240828 04,918.8825634100144
99_20240828 05,736.9962330866987
99_20240828 06,665.3557468042479
99_20240828 07,653.9577090759743
99_20240828 08,897.3657647139546
99_20240828 09,1101.1928896383179
99_20240828 10,1184.0134588553979
99_20240828 11,1243.278525970735
99_20240828 12,1132.1967058863602
99_20240828 13,1207.0480760088972
99_20240828 14,1225.5662255242114
99_20240828 15,1218.026578582868
99_20240828 16,1222.793321935297
99_20240828 17,1234.2980075768437
99_20240828 18,1124.8334315669777
99_20240828 19,1185.2007916227526
99_20240828 20,1216.2618580239564
99_20240828 21,1256.5194090284995
99_20240828 22,1175.4914398054416
99_20240828 23,1212.7005329055592
99_20240829 00,1182.8017084912924
99_20240829 01,1179.1334099552716
99_20240829 02,1134.2128561014092
99_20240829 03,1157.2777942322828
99_20240829 04,1034.7982907409876
99_20240829 05,904.841025887112
99_20240829 06,848.1253840043654
99_20240829 07,841.9716033385095
99_20240829 08,953.380342680987
99_20240829 09,1113.0768309415653
99_20240829 10,1180.2954503041099
99_20240829 11,1247.7243182164746
99_20240829 12,1167.9686446081316
99_20240829 13,1209.8892284592039
99_20240829 14,1220.7494674810584
99_20240829 15,1209.0861623574374
99_20240829 16,1217.3727067273244
99_20240829 17,1230.0693019763567
99_20240829 18,1150.4725599398369
99_20240829 19,1189.1121380405916
99_20240829 20,1210.9803311222458
99_20240829 21,1256.6380505385553
99_20240829 22,1190.9623627639062
99_20240829 23,1217.9305381754164
99_20240830 00,1181.9371028101355
99_20240830 01,1160.209609897975
99_20240830 02,1114.2757034104109
99_20240830 03,1146.4241694362809
99_20240830 04,1030.0017252595032
99_20240830 05,888.0380915641774
99_20240830 06,830.0170750048708
99_20240830 07,821.0944114267179
99_20240830 08,942.651194701414
99_20240830 09,1105.9544012494766
99_20240830 10,1160.093861886891
99_20240830 11,1218.0589752589672
99_20240830 12,1109.6947553039327
99_20240830 13,1172.856829282047
99_20240830 14,1183.6929532464571
99_20240830 15,1201.8233993869078
99_20240830 16,1207.5249172178328
99_20240830 17,1219.4406203543695
99_20240830 18,1130.8498445690257
99_20240830 19,1181.7860758204806
99_20240830 20,1205.2145964619435
99_20240830 21,1245.4703480703238
99_20240830 22,1182.3671837964182
99_20240830 23,1206.7837511366674
99_20240831 00,1148.3009490934578
99_20240831 01,1141.5112050729547
99_20240831 02,1104.972824293046
99_20240831 03,1111.8081803816663
99_20240831 04,1009.4357685790214
99_20240831 05,878.5664443049145
99_20240831 06,823.623861820161
99_20240831 07,816.3645572665692
99_20240831 08,930.9989845773027
99_20240831 09,1078.3718036062467
99_20240831 10,1125.1565053799627
99_20240831 11,1186.5662900388347
99_20240831 12,1085.6716316153374
99_20240831 13,1128.1616309720525
99_20240831 14,1160.3926673066253
99_20240831 15,1160.0492672847256
99_20240831 16,1171.306870846437
99_20240831 17,1198.3744322360358
99_20240831 18,1096.8423857299922
99_20240831 19,1154.7955596019826
99_20240831 20,1185.8277553733935
99_20240831 21,1217.3406912894623
99_20240831 22,1132.5398797557195
99_20240831 23,1176.1283846436118
100_20240825 00,2805.567839296195
100_20240825 01,2776.6965377607467
100_20240825 02,2605.7133502705865
100_20240825 03,2317.1980153120808
100_20240825 04,2076.4957404379898
100_20240825 05,1951.909667792831
100_20240825 06,2200.406263073622
100_20240825 07,2378.3033191738214
100_20240825 08,1424.4574730854831
100_20240825 09,1354.29532745641
100_20240825 10,1421.323943171979
100_20240825 11,1434.3706634800585
100_20240825 12,1514.2699410733635
100_20240825 13,1847.859750490536
100_20240825 14,2044.4258070866854
100_20240825 15,2290.855359362058
100_20240825 16,2369.850925554791
100_20240825 17,2558.393640337899
100_20240825 18,2658.2544782798805
100_20240825 19,2577.1023888579116
100_20240825 20,2578.1727628346403
100_20240825 21,2024.506838590823
100_20240825 22,2503.7065762153625
100_20240825 23,2726.9629663336113
100_20240826 00,2717.525736936759
100_20240826 01,2611.872162729842
100_20240826 02,2371.2378630851204
100_20240826 03,2027.5633302908477
100_20240826 04,1779.878399953612
100_20240826 05,1756.2961762115224
100_20240826 06,1976.3338281773617
100_20240826 07,2144.947411641889
100_20240826 08,1298.055861920653
100_20240826 09,1250.6132308796045
100_20240826 10,1280.5726046686875
100_20240826 11,1336.8391426617516
100_20240826 12,1481.9189949487006
100_20240826 13,1756.6260935306707
100_20240826 14,1860.887899944044
100_20240826 15,2002.3590573608888
100_20240826 16,2022.5694267986014
100_20240826 17,2058.104462504112
100_20240826 18,2209.0581013416913
100_20240826 19,2181.0803374153134
100_20240826 20,2156.79103261969
100_20240826 21,1735.5957223336789
100_20240826 22,2372.130814782119
100_20240826 23,2660.5856867458406
100_20240827 00,2599.0949827589475
100_20240827 01,2567.1577419136247
100_20240827 02,2344.703785070499
100_20240827 03,2040.215958937295
100_20240827 04,1787.1940009738676
100_20240827 05,1751.4155266855955
100_20240827 06,1834.6239032592096
100_20240827 07,1925.1195921569554
100_20240827 08,1269.912611226722
100_20240827 09,1208.0786153358579
100_20240827 10,1271.915629368482
100_20240827 11,1324.6894552328934
100_20240827 12,1410.3642601970703
100_20240827 13,1547.3967942876436
100_20240827 14,1860.3764357990995
100_20240827 15,2158.736711051237
100_20240827 16,2174.722749967472
100_20240827 17,2025.373885372562
100_20240827 18,1958.4618125016934
100_20240827 19,1853.8511873152293
100_20240827 20,1902.9370573661172
100_20240827 21,1733.8677924012409
100_20240827 22,2388.581714188114
100_20240827 23,2651.894238998167
100_20240828 00,2611.9949592586518
100_20240828 01,2514.773330147896
100_20240828 02,2254.9599133474676
100_20240828 03,1956.3428405844147
100_20240828 04,1647.6277874932023
100_20240828 05,1581.200672104274
100_20240828 06,1725.9917671385115
100_20240828 07,1863.664402263227
100_20240828 08,1227.4015872004256
100_20240828 09,1157.1045312131605
100_20240828 10,1208.721834765365
100_20240828 11,1282.8044100471648
100_20240828 12,1272.522611523115
100_20240828 13,1405.6087722559287
100_20240828 14,1628.604922793556
100_20240828 15,1718.4773954117004
100_20240828 16,1933.6926991233513
100_20240828 17,1953.962788255167
100_20240828 18,2016.6027331870805
100_20240828 19,1915.085856420023
100_20240828 20,1939.802347594186
100_20240828 21,1600.9737264058167
100_20240828 22,2268.68780566506
100_20240828 23,2563.3305934656314
100_20240829 00,2530.4927949003677
100_20240829 01,2480.3696759346244
100_20240829 02,2221.8360908562154
100_20240829 03,1811.3989939097378
100_20240829 04,1497.177859911607
100_20240829 05,1452.4718168537313
100_20240829 06,1675.3391300066946
100_20240829 07,1761.2222281057477
100_20240829 08,1208.8583661643174
100_20240829 09,1167.0707097059133
100_20240829 10,1209.1368917785558
100_20240829 11,1261.7508342826288
100_20240829 12,1288.7650314843117
100_20240829 13,1517.2429147837688
100_20240829 14,1683.4425685414067
100_20240829 15,1891.3298920503764
100_20240829 16,1785.377785909714
100_20240829 17,1904.3992605961637
100_20240829 18,2052.0855044439436
100_20240829 19,2068.0556747420196
100_20240829 20,2018.8238054433077
100_20240829 21,1885.9671104767413
100_20240829 22,2329.9261751112003
100_20240829 23,2552.549197531408
100_20240830 00,2544.391642110456
100_20240830 01,2494.0359267273975
100_20240830 02,2172.41600578471
100_20240830 03,1875.647939980974
100_20240830 04,1554.6467804465635
100_20240830 05,1524.2496374591835
100_20240830 06,1641.0594512975788
100_20240830 07,1784.7624728159965
100_20240830 08,1252.4629630374916
100_20240830 09,1199.195690170197
100_20240830 10,1262.7321726533146
100_20240830 11,1316.2021622448206
100_20240830 12,1323.661186035748
100_20240830 13,1449.4407947137497
100_20240830 14,1681.1138864161926
100_20240830 15,1728.3450582226155
100_20240830 16,1795.911561384772
100_20240830 17,1896.1546426011541
100_20240830 18,2052.944584881993
100_20240830 19,1928.178032020015
100_20240830 20,1939.991304494171
100_20240830 21,1759.2692207932855
100_20240830 22,2306.5291477676355
100_20240830 23,2534.919406838104
100_20240831 00,2406.7517064478343
100_20240831 01,2380.02361665416
100_20240831 02,2014.467315678673
100_20240831 03,1720.1121307710773
100_20240831 04,1550.2105939697744
100_20240831 05,1533.7603197765707
100_20240831 06,1699.4943525405592
100_20240831 07,1821.98323715218
100_20240831 08,1320.353030068933
100_20240831 09,1305.3990549266312
100_20240831 10,1346.8260665657385
100_20240831 11,1379.66403549012
100_20240831 12,1415.6889974384385
100_20240831 13,1587.694251850839
100_20240831 14,1701.1102404504445
100_20240831 15,1710.3321503827683
100_20240831 16,1896.6983059017562
100_20240831 17,1953.4148706137041
100_20240831 18,2012.6929922619756
100_20240831 19,2064.401890623717
100_20240831 20,2171.3986040736863
100_20240831 21,2036.196906290178
100_20240831 22,2431.1039752130405
100_20240831 23,2663.838681768953
