num_date_time,answer
1_20240825 00,4104.499269032422
1_20240825 01,3990.1367063260914
1_20240825 02,3780.2950358374037
1_20240825 03,3519.0392195805734
1_20240825 04,3363.9620963557722
1_20240825 05,3355.6850963284805
1_20240825 06,3415.6191740267695
1_20240825 07,3774.571168381169
1_20240825 08,4266.1823807069995
1_20240825 09,5918.385871978728
1_20240825 10,6070.960796772661
1_20240825 11,6410.196547320265
1_20240825 12,6628.602196438171
1_20240825 13,6841.333323814224
1_20240825 14,6885.637343820664
1_20240825 15,6819.983711939516
1_20240825 16,6923.8048833931225
1_20240825 17,7112.266825949513
1_20240825 18,6975.354025368018
1_20240825 19,6670.550309794386
1_20240825 20,5642.881662483781
1_20240825 21,4561.634171044081
1_20240825 22,4712.005501834732
1_20240825 23,5055.3954676286885
1_20240826 00,4336.598001996919
1_20240826 01,3929.8782318401845
1_20240826 02,3665.0461728590694
1_20240826 03,3478.1210340098505
1_20240826 04,3414.2160525901195
1_20240826 05,3368.8762627715832
1_20240826 06,3403.56183785753
1_20240826 07,3814.2941968320897
1_20240826 08,4487.778822330671
1_20240826 09,4965.319676712292
1_20240826 10,5255.086855991625
1_20240826 11,5008.12158024294
1_20240826 12,5778.329971782459
1_20240826 13,5975.937277362296
1_20240826 14,5916.452684915485
1_20240826 15,5954.756382340952
1_20240826 16,5832.860170909933
1_20240826 17,6323.712463946815
1_20240826 18,6576.141623618845
1_20240826 19,5972.226902376974
1_20240826 20,4994.693269294263
1_20240826 21,4351.165417975364
1_20240826 22,5106.59925965947
1_20240826 23,5398.0170492624375
1_20240827 00,5064.1480011198255
1_20240827 01,4658.979100501979
1_20240827 02,4074.192041257668
1_20240827 03,3727.7013135684165
1_20240827 04,3745.3037846865072
1_20240827 05,3475.1923533416307
1_20240827 06,3614.2429766195573
1_20240827 07,4233.050282940109
1_20240827 08,5071.012368472058
1_20240827 09,5192.606626592672
1_20240827 10,5025.599671094286
1_20240827 11,4673.765897197283
1_20240827 12,5247.9381145745065
1_20240827 13,5404.935985771352
1_20240827 14,5521.409455038791
1_20240827 15,5482.590374403864
1_20240827 16,5454.621404064262
1_20240827 17,5726.128692103261
1_20240827 18,5934.605580001134
1_20240827 19,5689.231854579222
1_20240827 20,5136.648800861507
1_20240827 21,4191.000053164771
1_20240827 22,5297.001825994475
1_20240827 23,5555.520685127884
1_20240828 00,5256.6768381458005
1_20240828 01,4728.266237081183
1_20240828 02,4375.677517726805
1_20240828 03,4079.905697678986
1_20240828 04,3897.1519119569384
1_20240828 05,3904.5624996303072
1_20240828 06,4113.827910208319
1_20240828 07,4141.163513894971
1_20240828 08,4666.460866201247
1_20240828 09,5478.717011204519
1_20240828 10,5377.19763224639
1_20240828 11,5109.9739974581535
1_20240828 12,5712.241065234877
1_20240828 13,6213.459690253367
1_20240828 14,6285.884790116721
1_20240828 15,6133.806700439161
1_20240828 16,6130.555216974455
1_20240828 17,6443.67147598222
1_20240828 18,6627.903179934485
1_20240828 19,5921.578072039201
1_20240828 20,4823.350456043152
1_20240828 21,4193.985551693016
1_20240828 22,5398.451151604693
1_20240828 23,5501.555729457805
1_20240829 00,5095.900111926181
1_20240829 01,4393.117367269784
1_20240829 02,4146.430407387512
1_20240829 03,3919.905850510756
1_20240829 04,3821.2693012419963
1_20240829 05,3622.0508056768444
1_20240829 06,3628.407912535158
1_20240829 07,4003.6532507315005
1_20240829 08,4978.524393892403
1_20240829 09,5377.059191987616
1_20240829 10,5414.904361763796
1_20240829 11,5528.641970744193
1_20240829 12,5942.128001189438
1_20240829 13,6234.624709354685
1_20240829 14,6127.751499209031
1_20240829 15,6126.48167949523
1_20240829 16,6199.273710537261
1_20240829 17,6641.018722357111
1_20240829 18,6673.292131575356
1_20240829 19,6289.336062686321
1_20240829 20,5348.45875372855
1_20240829 21,4236.767163930605
1_20240829 22,4525.665283929156
1_20240829 23,4936.782313422124
1_20240830 00,4834.548798988166
1_20240830 01,4197.226151282366
1_20240830 02,4132.297104763773
1_20240830 03,3872.3665784864106
1_20240830 04,3586.080529447033
1_20240830 05,3574.000293752246
1_20240830 06,3592.181018892551
1_20240830 07,3996.666413909188
1_20240830 08,4786.010679515146
1_20240830 09,5432.189913896207
1_20240830 10,5425.079850799274
1_20240830 11,5269.506736728675
1_20240830 12,5673.553642305477
1_20240830 13,5952.048826870055
1_20240830 14,6038.12507175791
1_20240830 15,6038.347959510588
1_20240830 16,6140.381661621026
1_20240830 17,6634.249900695815
1_20240830 18,6576.2558416522315
1_20240830 19,6375.104646021572
1_20240830 20,5523.553643648853
1_20240830 21,4259.83932764873
1_20240830 22,5199.71237505948
1_20240830 23,5435.478944212745
1_20240831 00,5157.677641025211
1_20240831 01,4728.255107218318
1_20240831 02,4260.542419400852
1_20240831 03,3897.896077432665
1_20240831 04,3824.5762165864635
1_20240831 05,3752.5371223444986
1_20240831 06,3729.3069419429976
1_20240831 07,3964.239212355613
1_20240831 08,4884.737329149299
1_20240831 09,5512.986287757555
1_20240831 10,5700.418161891163
1_20240831 11,5921.722681051182
1_20240831 12,6117.6531547952745
1_20240831 13,6555.3519867584855
1_20240831 14,6675.297822452049
1_20240831 15,6335.056070040852
1_20240831 16,6406.714074230479
1_20240831 17,6551.464719601364
1_20240831 18,6742.461935645897
1_20240831 19,6539.6537205832665
1_20240831 20,5524.643815948391
1_20240831 21,4169.51685625652
1_20240831 22,4430.247138606819
1_20240831 23,4577.10614728769
2_20240825 00,1099.16340797394
2_20240825 01,1064.0954839856886
2_20240825 02,1062.714036726678
2_20240825 03,1067.9142656711583
2_20240825 04,1075.7575521418253
2_20240825 05,1140.2913045398845
2_20240825 06,1252.1450705198527
2_20240825 07,1344.2767505249076
2_20240825 08,1435.6445018506818
2_20240825 09,1569.995292983175
2_20240825 10,1751.5229425753782
2_20240825 11,1764.632962612638
2_20240825 12,1597.9178950212483
2_20240825 13,1575.9533578909713
2_20240825 14,1619.6994091056808
2_20240825 15,1676.1450570698128
2_20240825 16,1735.137805093606
2_20240825 17,1809.9574604578625
2_20240825 18,2300.404041240857
2_20240825 19,1576.0246508351456
2_20240825 20,1878.1585746458923
2_20240825 21,2768.810163346602
2_20240825 22,1882.7596251156046
2_20240825 23,1971.9990602075434
2_20240826 00,1671.779232216028
2_20240826 01,1327.276614318443
2_20240826 02,1278.7351368850518
2_20240826 03,1296.8148517573995
2_20240826 04,1283.5075444449658
2_20240826 05,1390.8402910610978
2_20240826 06,1566.39231788625
2_20240826 07,1801.8928625402418
2_20240826 08,1869.7044835067381
2_20240826 09,1974.9443297122045
2_20240826 10,2175.7706283260036
2_20240826 11,2156.6572773759144
2_20240826 12,1893.6380459514771
2_20240826 13,1908.1571478490946
2_20240826 14,1982.509598409881
2_20240826 15,1985.0251049875067
2_20240826 16,2034.78591872454
2_20240826 17,2096.1059999949734
2_20240826 18,2648.538789920003
2_20240826 19,1871.0181555624008
2_20240826 20,1929.8276777028382
2_20240826 21,2778.5502483861246
2_20240826 22,1875.786254694655
2_20240826 23,1904.0468815107781
2_20240827 00,1667.2492965476047
2_20240827 01,1327.1142336269008
2_20240827 02,1283.107224111168
2_20240827 03,1282.4116201642862
2_20240827 04,1264.515566318943
2_20240827 05,1376.705006782618
2_20240827 06,1542.333972544934
2_20240827 07,1729.7987131434313
2_20240827 08,1817.1051397293752
2_20240827 09,1945.2162316649787
2_20240827 10,2103.25255856651
2_20240827 11,2091.30773385327
2_20240827 12,1915.0934143880613
2_20240827 13,1922.0287220486916
2_20240827 14,1964.371722391608
2_20240827 15,1962.3396970713952
2_20240827 16,2014.9901324003704
2_20240827 17,2076.6843607625256
2_20240827 18,2692.7533436796602
2_20240827 19,1862.9329185887307
2_20240827 20,2085.8063305000496
2_20240827 21,2856.59241253913
2_20240827 22,1694.371171613074
2_20240827 23,2031.439346805712
2_20240828 00,1491.5441246188136
2_20240828 01,1256.6116050037206
2_20240828 02,1197.6744204921997
2_20240828 03,1230.7985593543929
2_20240828 04,1238.8552390647
2_20240828 05,1306.929918908159
2_20240828 06,1508.783484947649
2_20240828 07,1703.4128454807728
2_20240828 08,1787.5254475626284
2_20240828 09,1918.6022623034353
2_20240828 10,2167.440541337588
2_20240828 11,2150.6700026001085
2_20240828 12,1879.0956904723787
2_20240828 13,1871.8432082121897
2_20240828 14,1895.465757944076
2_20240828 15,1940.866103079106
2_20240828 16,2042.1740099758945
2_20240828 17,2090.112177725121
2_20240828 18,2661.362213379866
2_20240828 19,1834.7211537168064
2_20240828 20,1868.6122488670433
2_20240828 21,2784.5087051059136
2_20240828 22,1730.3040512901202
2_20240828 23,1931.7644325258195
2_20240829 00,1600.4417535186737
2_20240829 01,1336.4556656837794
2_20240829 02,1235.766935093289
2_20240829 03,1238.4728998060177
2_20240829 04,1233.551039467566
2_20240829 05,1306.3926245756593
2_20240829 06,1458.9133083914605
2_20240829 07,1627.0322600385582
2_20240829 08,1738.412565209242
2_20240829 09,1898.4408496528033
2_20240829 10,2021.0468047229822
2_20240829 11,2003.6337902736059
2_20240829 12,1837.8683358957137
2_20240829 13,1843.676998005522
2_20240829 14,1910.1782112893604
2_20240829 15,1942.566259298253
2_20240829 16,2025.6749360312513
2_20240829 17,2073.5064511347873
2_20240829 18,2651.2760287174997
2_20240829 19,1839.1010842938176
2_20240829 20,1928.4526939163604
2_20240829 21,2890.40480187562
2_20240829 22,1843.3691868517983
2_20240829 23,1946.1616078842026
2_20240830 00,1609.1810303162479
2_20240830 01,1235.9415039890564
2_20240830 02,1221.3686430084772
2_20240830 03,1227.0051840093329
2_20240830 04,1225.3652624599013
2_20240830 05,1277.7411192172963
2_20240830 06,1453.784225441502
2_20240830 07,1678.9576200666136
2_20240830 08,1774.5888517817298
2_20240830 09,1891.0241293790862
2_20240830 10,2059.0883313892696
2_20240830 11,1948.2450705411823
2_20240830 12,1809.1006513350421
2_20240830 13,1850.0455433577172
2_20240830 14,1912.0348607308008
2_20240830 15,1918.7598100784323
2_20240830 16,2018.7958849799638
2_20240830 17,1956.8001037059953
2_20240830 18,2334.286743685769
2_20240830 19,1789.1402983282057
2_20240830 20,1871.5101352236702
2_20240830 21,2407.6017068393835
2_20240830 22,1543.8533395641389
2_20240830 23,1926.9619981946594
2_20240831 00,1455.2038816481404
2_20240831 01,1276.7839250432708
2_20240831 02,1209.79946010729
2_20240831 03,1216.983453208224
2_20240831 04,1193.368991601925
2_20240831 05,1205.2841535551288
2_20240831 06,1197.7787940450658
2_20240831 07,1175.3420894062224
2_20240831 08,1173.250463217542
2_20240831 09,1206.0854774529666
2_20240831 10,1283.2057792525484
2_20240831 11,1324.292153146624
2_20240831 12,1310.997851996638
2_20240831 13,1304.5127918954477
2_20240831 14,1330.409104063618
2_20240831 15,1347.4791055798607
2_20240831 16,1347.9555443272347
2_20240831 17,1248.8776125487698
2_20240831 18,1276.1891696750006
2_20240831 19,1250.7483154689573
2_20240831 20,1213.4944276621331
2_20240831 21,1120.4468144097918
2_20240831 22,1125.5691123606437
2_20240831 23,1080.5586236243414
3_20240825 00,13749.515029769647
3_20240825 01,13902.343093837386
3_20240825 02,13647.08876932351
3_20240825 03,13554.768056916322
3_20240825 04,13655.475428085796
3_20240825 05,13865.31936147772
3_20240825 06,14828.52360499499
3_20240825 07,15335.375150041771
3_20240825 08,16005.130296536365
3_20240825 09,16756.35268617692
3_20240825 10,17338.27720654588
3_20240825 11,17677.5863038824
3_20240825 12,17705.432835844265
3_20240825 13,17692.778542257533
3_20240825 14,17793.897687049048
3_20240825 15,17856.254145007355
3_20240825 16,17615.130283825885
3_20240825 17,17115.445253936632
3_20240825 18,16102.185908673655
3_20240825 19,15588.049383132213
3_20240825 20,15246.339751008367
3_20240825 21,14490.544039509945
3_20240825 22,14224.088626419518
3_20240825 23,14006.272879880777
3_20240826 00,13839.745979560665
3_20240826 01,13703.241971061692
3_20240826 02,13617.040970288006
3_20240826 03,13726.264705211443
3_20240826 04,13884.346769705397
3_20240826 05,15193.749020412542
3_20240826 06,17709.921822046388
3_20240826 07,20799.234119506364
3_20240826 08,23391.265230378238
3_20240826 09,24410.741281711656
3_20240826 10,24659.685941125863
3_20240826 11,24951.04477243642
3_20240826 12,24966.80779295024
3_20240826 13,24867.08356428786
3_20240826 14,24876.07734339747
3_20240826 15,24961.811226708815
3_20240826 16,24538.00131830312
3_20240826 17,23332.37109175924
3_20240826 18,20829.976376370087
3_20240826 19,18646.057686889697
3_20240826 20,17854.846135760377
3_20240826 21,16837.200207298476
3_20240826 22,16096.032819385247
3_20240826 23,15424.14362665849
3_20240827 00,14834.2007764229
3_20240827 01,14729.269374497911
3_20240827 02,14716.994149963364
3_20240827 03,14532.991607639884
3_20240827 04,14800.889418172686
3_20240827 05,15802.111364636981
3_20240827 06,17154.819287922888
3_20240827 07,20607.0137937712
3_20240827 08,22619.218140649617
3_20240827 09,23573.036590135926
3_20240827 10,23540.15955816883
3_20240827 11,23671.74517521536
3_20240827 12,23682.92838553586
3_20240827 13,23551.139837816856
3_20240827 14,23788.229962692734
3_20240827 15,23836.86032021903
3_20240827 16,23706.031616178145
3_20240827 17,22776.023081482213
3_20240827 18,20163.021297684256
3_20240827 19,18652.954081920365
3_20240827 20,17529.422489154756
3_20240827 21,15909.007974808641
3_20240827 22,15005.461479435959
3_20240827 23,14506.581128406246
3_20240828 00,13854.039040315556
3_20240828 01,13787.036107048356
3_20240828 02,13708.041164568705
3_20240828 03,13387.079839283622
3_20240828 04,13782.478410714155
3_20240828 05,14388.454609772818
3_20240828 06,16327.405122676602
3_20240828 07,20237.576277465705
3_20240828 08,22700.297041678718
3_20240828 09,23741.511873927884
3_20240828 10,24205.16081416746
3_20240828 11,24335.810996529206
3_20240828 12,24464.773679607573
3_20240828 13,24647.53766989975
3_20240828 14,24779.432988081455
3_20240828 15,24604.14376850335
3_20240828 16,24267.754869545864
3_20240828 17,23189.61556335
3_20240828 18,20793.70764971229
3_20240828 19,18977.234715439034
3_20240828 20,17833.533065304146
3_20240828 21,16629.6994469187
3_20240828 22,15969.055207145731
3_20240828 23,15282.811936734886
3_20240829 00,14363.097966767564
3_20240829 01,14059.537119611454
3_20240829 02,13683.003994478735
3_20240829 03,13741.782049316482
3_20240829 04,13745.88651866583
3_20240829 05,14497.979473613019
3_20240829 06,16328.364584229734
3_20240829 07,20137.84862664659
3_20240829 08,22512.50283514586
3_20240829 09,23506.98202446973
3_20240829 10,23951.809416640586
3_20240829 11,24258.349497089886
3_20240829 12,24535.164001053396
3_20240829 13,24565.454522158958
3_20240829 14,24596.355329058122
3_20240829 15,24383.54951445188
3_20240829 16,24050.851046449832
3_20240829 17,22773.560939532304
3_20240829 18,20369.053086673142
3_20240829 19,18169.457659210933
3_20240829 20,17323.934658366357
3_20240829 21,15851.185315587201
3_20240829 22,15729.103928564
3_20240829 23,14621.948826943517
3_20240830 00,14342.467129491966
3_20240830 01,14025.768294006313
3_20240830 02,14147.629958627618
3_20240830 03,13837.48557374227
3_20240830 04,13927.728229204993
3_20240830 05,14279.865178322376
3_20240830 06,16331.709602202742
3_20240830 07,20126.406502882368
3_20240830 08,22334.587130216318
3_20240830 09,23354.992981808038
3_20240830 10,23912.81530680435
3_20240830 11,24105.24747023532
3_20240830 12,24167.583551185882
3_20240830 13,24197.92894922056
3_20240830 14,24240.509953089975
3_20240830 15,24144.18846092232
3_20240830 16,23830.678436269016
3_20240830 17,22743.592062137028
3_20240830 18,20008.388830683958
3_20240830 19,18387.400695104014
3_20240830 20,17514.39435491642
3_20240830 21,16127.30113765521
3_20240830 22,15305.839547794978
3_20240830 23,14905.42307888649
3_20240831 00,13949.770232415896
3_20240831 01,13535.637613121371
3_20240831 02,13205.978014865885
3_20240831 03,13017.900608614149
3_20240831 04,13356.534721628497
3_20240831 05,13772.722369704568
3_20240831 06,15051.381920371054
3_20240831 07,16435.873904789092
3_20240831 08,17650.334460023296
3_20240831 09,18647.650970996536
3_20240831 10,19011.327966051602
3_20240831 11,19310.73047854284
3_20240831 12,19412.76567229316
3_20240831 13,18980.992850647905
3_20240831 14,18944.32534353133
3_20240831 15,18309.329981876923
3_20240831 16,18050.610070640734
3_20240831 17,17321.27788184405
3_20240831 18,16191.961618738695
3_20240831 19,15375.608318885757
3_20240831 20,14827.459749438676
3_20240831 21,14193.869704993735
3_20240831 22,13905.357918859416
3_20240831 23,13662.641821426532
4_20240825 00,647.1559793650404
4_20240825 01,605.7649106422413
4_20240825 02,611.5550119463068
4_20240825 03,615.9082996940659
4_20240825 04,632.3477020105438
4_20240825 05,762.9683018233492
4_20240825 06,842.3780499943422
4_20240825 07,910.085102715566
4_20240825 08,952.7233714232055
4_20240825 09,1023.4504594593633
4_20240825 10,1093.697747944554
4_20240825 11,1128.7541063119859
4_20240825 12,1144.4551577924874
4_20240825 13,1172.498730580668
4_20240825 14,1166.4492547351665
4_20240825 15,1140.3900508188995
4_20240825 16,1134.622505637898
4_20240825 17,1133.0345565038933
4_20240825 18,1116.7238224872121
4_20240825 19,1096.5430849386
4_20240825 20,1059.1337639452654
4_20240825 21,998.9871110155078
4_20240825 22,768.203537676231
4_20240825 23,677.6362205268042
4_20240826 00,624.7419849712718
4_20240826 01,616.0608556422847
4_20240826 02,595.5566171857374
4_20240826 03,596.6161919531892
4_20240826 04,620.0899588295454
4_20240826 05,737.3955935076638
4_20240826 06,828.9659801152197
4_20240826 07,907.3104757359231
4_20240826 08,987.1747114859495
4_20240826 09,1065.460428147671
4_20240826 10,1128.7218555095906
4_20240826 11,1121.4311098910152
4_20240826 12,1116.715377941351
4_20240826 13,1125.291772103636
4_20240826 14,1107.3623271876827
4_20240826 15,1082.9541665244917
4_20240826 16,1066.6374628245453
4_20240826 17,1068.257600932782
4_20240826 18,1043.3689044919288
4_20240826 19,966.2303988180363
4_20240826 20,942.7124058947456
4_20240826 21,913.5616994418267
4_20240826 22,765.6111636558599
4_20240826 23,640.1415156042206
4_20240827 00,603.4968892690563
4_20240827 01,595.8885799406644
4_20240827 02,589.4695737975568
4_20240827 03,592.2271179302259
4_20240827 04,617.1306779452618
4_20240827 05,724.148981711598
4_20240827 06,788.7533660230129
4_20240827 07,906.554975615311
4_20240827 08,928.4972428030535
4_20240827 09,1007.4061256723335
4_20240827 10,1047.2630755646233
4_20240827 11,1033.9634005410262
4_20240827 12,1061.9515504756814
4_20240827 13,1059.766776219135
4_20240827 14,1100.3578096608856
4_20240827 15,1079.4385090384576
4_20240827 16,1090.0258562158342
4_20240827 17,1097.2819764125397
4_20240827 18,1070.8438374210593
4_20240827 19,1028.005433874147
4_20240827 20,992.9021626264994
4_20240827 21,902.8952071304413
4_20240827 22,709.9875530891525
4_20240827 23,622.1276568545096
4_20240828 00,588.355828146802
4_20240828 01,565.8829744216932
4_20240828 02,555.9447459906148
4_20240828 03,559.4689909928152
4_20240828 04,594.9881834014069
4_20240828 05,680.3526374235133
4_20240828 06,773.6436392265132
4_20240828 07,885.0869360343281
4_20240828 08,933.992837783415
4_20240828 09,1047.4642129361462
4_20240828 10,1107.7262853190225
4_20240828 11,1122.2814240839707
4_20240828 12,1164.0538054031438
4_20240828 13,1168.0288540565803
4_20240828 14,1185.7001664130817
4_20240828 15,1168.3507934593429
4_20240828 16,1155.2617037357957
4_20240828 17,1165.1179516976263
4_20240828 18,1147.7858005115604
4_20240828 19,1131.4726201142807
4_20240828 20,1106.5462235051787
4_20240828 21,1008.2147989626461
4_20240828 22,753.0258136465301
4_20240828 23,649.3609294456801
4_20240829 00,608.5732750284074
4_20240829 01,575.8369738822323
4_20240829 02,579.1798746593649
4_20240829 03,605.0480462395224
4_20240829 04,614.3040762479418
4_20240829 05,695.9652979876884
4_20240829 06,788.7136540480901
4_20240829 07,877.7303754370391
4_20240829 08,932.6781468361899
4_20240829 09,1038.62156398956
4_20240829 10,1095.3296023642365
4_20240829 11,1121.5773305302832
4_20240829 12,1139.0083537030496
4_20240829 13,1161.5554705252111
4_20240829 14,1167.2852305162896
4_20240829 15,1146.6619857040362
4_20240829 16,1141.250790921336
4_20240829 17,1158.7723318980115
4_20240829 18,1140.7844644464337
4_20240829 19,1100.3362611716657
4_20240829 20,1086.3306038787473
4_20240829 21,974.9398871754231
4_20240829 22,774.5382238775505
4_20240829 23,618.9589183779611
4_20240830 00,598.300548074259
4_20240830 01,557.9344307005922
4_20240830 02,561.398842551537
4_20240830 03,563.4152423806308
4_20240830 04,598.8828100462482
4_20240830 05,676.0126728865246
4_20240830 06,730.4011055925685
4_20240830 07,860.3908897520254
4_20240830 08,936.9514712153461
4_20240830 09,1047.515776330497
4_20240830 10,1071.1852470055128
4_20240830 11,1151.4706094253143
4_20240830 12,1171.6746561272766
4_20240830 13,1193.714998714869
4_20240830 14,1194.3011822703513
4_20240830 15,1192.0951118712433
4_20240830 16,1183.9876130407947
4_20240830 17,1192.0199563457832
4_20240830 18,1171.151458055456
4_20240830 19,1148.7077998210507
4_20240830 20,1101.5820739894368
4_20240830 21,1025.902455104237
4_20240830 22,768.5202824822597
4_20240830 23,650.4810680119234
4_20240831 00,609.133366697237
4_20240831 01,569.5599592262
4_20240831 02,568.0894371863731
4_20240831 03,565.9080450500823
4_20240831 04,592.8638214146731
4_20240831 05,676.0252258586424
4_20240831 06,752.3148178381111
4_20240831 07,848.249523376536
4_20240831 08,874.3783328246545
4_20240831 09,996.64877085032
4_20240831 10,1066.9074980420964
4_20240831 11,1103.801842426169
4_20240831 12,1138.4022906798207
4_20240831 13,1169.523771783771
4_20240831 14,1171.8462458571937
4_20240831 15,1162.0435927554054
4_20240831 16,1160.8605601093502
4_20240831 17,1162.2354251492138
4_20240831 18,1158.7129268881754
4_20240831 19,1111.1890242464242
4_20240831 20,1077.5484176928314
4_20240831 21,1005.6399515980228
4_20240831 22,813.4367638435974
4_20240831 23,677.96806391606
5_20240825 00,4058.0740570868275
5_20240825 01,3939.556405358877
5_20240825 02,3886.161203575769
5_20240825 03,3843.932816448959
5_20240825 04,3784.6721622901828
5_20240825 05,3758.911303454183
5_20240825 06,3763.57526395228
5_20240825 07,3893.703582810754
5_20240825 08,4037.2546477414116
5_20240825 09,4185.549378668925
5_20240825 10,4361.892993685231
5_20240825 11,4495.854506152631
5_20240825 12,4640.9038994679795
5_20240825 13,4711.643461001134
5_20240825 14,4720.0902116579455
5_20240825 15,4757.928680120111
5_20240825 16,4716.289602822233
5_20240825 17,4689.131386016683
5_20240825 18,4583.523138179415
5_20240825 19,4459.24710343999
5_20240825 20,4397.05334424239
5_20240825 21,4327.367528759501
5_20240825 22,4243.808205206498
5_20240825 23,4123.087414541033
5_20240826 00,4076.4259864402698
5_20240826 01,3968.1623717865223
5_20240826 02,3907.159894926381
5_20240826 03,3835.9730503713863
5_20240826 04,3812.771465087201
5_20240826 05,3799.830797945756
5_20240826 06,3813.2559862493185
5_20240826 07,4121.21263905468
5_20240826 08,4690.947860573022
5_20240826 09,5385.042731416112
5_20240826 10,6046.376817163111
5_20240826 11,6365.973236868482
5_20240826 12,6482.776390731367
5_20240826 13,6532.16656994349
5_20240826 14,6621.917341641831
5_20240826 15,6634.151547253106
5_20240826 16,6411.074194206567
5_20240826 17,5867.179842612446
5_20240826 18,5401.587688560619
5_20240826 19,5042.489954110686
5_20240826 20,4917.517282986789
5_20240826 21,4687.580410453726
5_20240826 22,4394.398350505914
5_20240826 23,4221.252869432461
5_20240827 00,4067.3251408309134
5_20240827 01,3961.28178674043
5_20240827 02,3869.223030814849
5_20240827 03,3830.510353919073
5_20240827 04,3790.9763722908688
5_20240827 05,3719.4632162044554
5_20240827 06,3758.9279545504196
5_20240827 07,3998.625162959095
5_20240827 08,4485.354387542635
5_20240827 09,5149.811013659195
5_20240827 10,5675.654761277533
5_20240827 11,5840.361904328676
5_20240827 12,5963.137193850098
5_20240827 13,6019.383369019496
5_20240827 14,6234.125126305973
5_20240827 15,6307.048328431754
5_20240827 16,6240.645170701274
5_20240827 17,5833.795039244301
5_20240827 18,5403.542030533313
5_20240827 19,5033.996015867984
5_20240827 20,4845.81231249529
5_20240827 21,4541.386817251825
5_20240827 22,4239.386658232723
5_20240827 23,4086.744648677558
5_20240828 00,3946.518078376592
5_20240828 01,3854.735746691821
5_20240828 02,3803.332064066193
5_20240828 03,3712.292189147217
5_20240828 04,3677.5612522490655
5_20240828 05,3653.9569014299336
5_20240828 06,3645.6019545198305
5_20240828 07,3922.848145992665
5_20240828 08,4497.909623386524
5_20240828 09,5309.6273672872985
5_20240828 10,5912.010426577191
5_20240828 11,6198.476183822959
5_20240828 12,6383.230193897366
5_20240828 13,6487.661389704763
5_20240828 14,6634.044108386528
5_20240828 15,6638.201091935196
5_20240828 16,6431.106880205475
5_20240828 17,5962.1777679536535
5_20240828 18,5497.807405973833
5_20240828 19,5169.033602802326
5_20240828 20,4960.105844935019
5_20240828 21,4727.264814542774
5_20240828 22,4403.121768338799
5_20240828 23,4230.753806572472
5_20240829 00,4079.6391375018516
5_20240829 01,3931.3867447942202
5_20240829 02,3823.8646330921947
5_20240829 03,3758.258808626712
5_20240829 04,3704.6540924582478
5_20240829 05,3654.3162905945383
5_20240829 06,3657.0488273452547
5_20240829 07,3929.1430193381775
5_20240829 08,4483.789853460059
5_20240829 09,5249.21944169762
5_20240829 10,5834.74301123118
5_20240829 11,6162.742816408261
5_20240829 12,6301.242372814795
5_20240829 13,6432.120534409127
5_20240829 14,6575.706855477072
5_20240829 15,6573.9740197459
5_20240829 16,6378.372571154408
5_20240829 17,5916.396250322023
5_20240829 18,5459.559458856986
5_20240829 19,5083.459847544876
5_20240829 20,4842.785529530094
5_20240829 21,4577.664836315571
5_20240829 22,4304.868267188402
5_20240829 23,4132.856851491265
5_20240830 00,3995.0889830459096
5_20240830 01,3823.210225491637
5_20240830 02,3776.541511443087
5_20240830 03,3727.107832785353
5_20240830 04,3660.253293367717
5_20240830 05,3598.455921172019
5_20240830 06,3618.8432084444526
5_20240830 07,3895.706412898884
5_20240830 08,4444.753766876478
5_20240830 09,5187.307822525321
5_20240830 10,5861.397531065835
5_20240830 11,6185.907538243919
5_20240830 12,6228.689984942362
5_20240830 13,6317.84788966387
5_20240830 14,6454.0424423132135
5_20240830 15,6421.736068683851
5_20240830 16,6199.665034720093
5_20240830 17,5722.264387611605
5_20240830 18,5266.064227770912
5_20240830 19,4964.995120232053
5_20240830 20,4731.115241166685
5_20240830 21,4484.62401189991
5_20240830 22,4189.470418178555
5_20240830 23,4035.1842235654694
5_20240831 00,3834.3224757964713
5_20240831 01,3721.46979105159
5_20240831 02,3683.7527078619237
5_20240831 03,3609.573021472196
5_20240831 04,3587.46301794559
5_20240831 05,3527.8314225047943
5_20240831 06,3486.5361792150616
5_20240831 07,3597.637761721791
5_20240831 08,3754.8970938083326
5_20240831 09,4004.186513186678
5_20240831 10,4263.895155009868
5_20240831 11,4424.05099172162
5_20240831 12,4615.525021604436
5_20240831 13,4649.04044450689
5_20240831 14,4634.981634321834
5_20240831 15,4707.718928691608
5_20240831 16,4666.246485399973
5_20240831 17,4632.141552296655
5_20240831 18,4491.4788366912935
5_20240831 19,4355.103594508656
5_20240831 20,4219.420224436729
5_20240831 21,4159.838218831984
5_20240831 22,4061.633496201219
5_20240831 23,3908.6280102338615
6_20240825 00,1636.395426458925
6_20240825 01,1543.015770824513
6_20240825 02,1584.1850049426525
6_20240825 03,1540.5582461545155
6_20240825 04,1589.3196444292162
6_20240825 05,1657.2182809680176
6_20240825 06,1859.4752576737387
6_20240825 07,2200.479648263886
6_20240825 08,2702.0526217796273
6_20240825 09,3025.275078177241
6_20240825 10,3086.246952905887
6_20240825 11,2927.0991944236034
6_20240825 12,2950.1136430555994
6_20240825 13,2913.660690015876
6_20240825 14,3058.1268061939404
6_20240825 15,3075.8565492974553
6_20240825 16,3214.516353052515
6_20240825 17,3129.148416074737
6_20240825 18,3005.7102472936713
6_20240825 19,2676.74674896525
6_20240825 20,2591.4299728817678
6_20240825 21,2209.513899190749
6_20240825 22,1798.1875287214016
6_20240825 23,1633.2732530910323
6_20240826 00,1761.8108326047293
6_20240826 01,1701.3613618655004
6_20240826 02,1763.1122218715795
6_20240826 03,2083.8717745277054
6_20240826 04,2962.0345024340595
6_20240826 05,3334.573081895757
6_20240826 06,3628.6792750958075
6_20240826 07,3885.7881834316645
6_20240826 08,4773.571477923753
6_20240826 09,5092.039841421446
6_20240826 10,5347.877167316132
6_20240826 11,5464.820420711796
6_20240826 12,5430.702063199331
6_20240826 13,5562.238320327971
6_20240826 14,5492.251683141234
6_20240826 15,5564.6308592395435
6_20240826 16,5459.532463540574
6_20240826 17,5159.866532194957
6_20240826 18,4661.643953920381
6_20240826 19,3809.986610035616
6_20240826 20,3511.954581362063
6_20240826 21,3119.0475687529724
6_20240826 22,2497.30996821845
6_20240826 23,2029.7819330322868
6_20240827 00,1983.4226133419834
6_20240827 01,1943.5704111069017
6_20240827 02,2058.069665765709
6_20240827 03,1962.4750868771393
6_20240827 04,2987.323466600238
6_20240827 05,3328.220075227482
6_20240827 06,3568.5961927024937
6_20240827 07,3720.3250822822274
6_20240827 08,4475.173878292592
6_20240827 09,4876.142891145919
6_20240827 10,4968.017958265013
6_20240827 11,4995.80036731775
6_20240827 12,4940.746882101805
6_20240827 13,4961.815815068017
6_20240827 14,5047.04198730904
6_20240827 15,5054.482837646808
6_20240827 16,5115.01240187394
6_20240827 17,4895.35685302477
6_20240827 18,4499.802761955302
6_20240827 19,3782.161680859782
6_20240827 20,3395.843858941652
6_20240827 21,2917.742736055081
6_20240827 22,2348.4761309256255
6_20240827 23,1913.6009867215432
6_20240828 00,1782.9697089004003
6_20240828 01,1707.6897023041743
6_20240828 02,1693.4978791077954
6_20240828 03,1581.8326035506848
6_20240828 04,2924.6690534463887
6_20240828 05,3035.2634874105715
6_20240828 06,3297.365501967921
6_20240828 07,3483.8857115336473
6_20240828 08,4519.287104558735
6_20240828 09,4923.352145439456
6_20240828 10,5179.159126283213
6_20240828 11,5249.180885913688
6_20240828 12,5243.429157195099
6_20240828 13,5495.442179486193
6_20240828 14,5582.664987815148
6_20240828 15,5542.712178702446
6_20240828 16,5435.069397833395
6_20240828 17,5230.615924655631
6_20240828 18,4687.448310070651
6_20240828 19,3813.3743424877803
6_20240828 20,3406.3365352830942
6_20240828 21,2997.307792065335
6_20240828 22,2364.826504952682
6_20240828 23,1986.5484360644014
6_20240829 00,1725.4525076199327
6_20240829 01,1576.9701748549285
6_20240829 02,1635.3770953000014
6_20240829 03,1592.043399575132
6_20240829 04,2982.6897232864544
6_20240829 05,3047.1667425176656
6_20240829 06,3275.384544261956
6_20240829 07,3511.101074502877
6_20240829 08,4469.067233768585
6_20240829 09,4845.873020713163
6_20240829 10,5109.7178860005015
6_20240829 11,5253.555531247969
6_20240829 12,5418.099917442278
6_20240829 13,5598.858878694804
6_20240829 14,5601.9913352375215
6_20240829 15,5612.231382193428
6_20240829 16,5486.965169895318
6_20240829 17,5251.334367750801
6_20240829 18,4690.716574577843
6_20240829 19,3823.9311872646404
6_20240829 20,3453.1297280082717
6_20240829 21,2933.228153263122
6_20240829 22,2350.3404971856835
6_20240829 23,1977.527945346365
6_20240830 00,1690.503762568809
6_20240830 01,1565.9913231585242
6_20240830 02,1612.7412729366629
6_20240830 03,1544.0131288948742
6_20240830 04,2841.925129281696
6_20240830 05,3072.3349795905924
6_20240830 06,3355.1673448951724
6_20240830 07,3490.5452357119066
6_20240830 08,4459.747585473247
6_20240830 09,4844.470941177382
6_20240830 10,5216.81506016361
6_20240830 11,5260.765954707298
6_20240830 12,5286.871928886041
6_20240830 13,5510.649520458753
6_20240830 14,5554.589932051122
6_20240830 15,5477.395450390958
6_20240830 16,5382.244286429355
6_20240830 17,5048.20428609764
6_20240830 18,4463.078707422492
6_20240830 19,3607.287923975513
6_20240830 20,3216.3549540604567
6_20240830 21,2683.3410862805194
6_20240830 22,2158.4960003763003
6_20240830 23,1662.6058020549115
6_20240831 00,1552.3868391818346
6_20240831 01,1462.3752735819344
6_20240831 02,1490.9427613703936
6_20240831 03,1465.2908709706867
6_20240831 04,1507.4382248282361
6_20240831 05,1491.7116835832298
6_20240831 06,1807.5176260528278
6_20240831 07,1961.2746709698506
6_20240831 08,2586.4320574516187
6_20240831 09,2928.0631308433526
6_20240831 10,2913.0104708589165
6_20240831 11,2820.6265239338245
6_20240831 12,3003.7146433878866
6_20240831 13,2937.2434807549516
6_20240831 14,2948.7769850895716
6_20240831 15,2946.107301979374
6_20240831 16,3026.967984944242
6_20240831 17,2944.472526332128
6_20240831 18,2865.878673164026
6_20240831 19,2561.6886832095997
6_20240831 20,2557.7488178162603
6_20240831 21,2360.6789677021743
6_20240831 22,1910.9267251963354
6_20240831 23,1591.5836048723563
7_20240825 00,4757.0709018866455
7_20240825 01,4892.800254897091
7_20240825 02,4922.711552543129
7_20240825 03,5117.578122583947
7_20240825 04,5002.636884054387
7_20240825 05,4987.946647300481
7_20240825 06,4890.118802994114
7_20240825 07,4792.722757950318
7_20240825 08,4764.262541073615
7_20240825 09,4838.136811915237
7_20240825 10,4885.674865900422
7_20240825 11,4889.9897933404445
7_20240825 12,4905.05925163321
7_20240825 13,4900.967554595527
7_20240825 14,4918.6086638766155
7_20240825 15,4899.356119276122
7_20240825 16,4948.107684859678
7_20240825 17,4971.978941287958
7_20240825 18,4942.68714663297
7_20240825 19,4865.4063624095725
7_20240825 20,4852.758399463595
7_20240825 21,4722.667419425871
7_20240825 22,4841.975965919634
7_20240825 23,4791.938442824794
7_20240826 00,5003.770845659185
7_20240826 01,5378.957405028898
7_20240826 02,5396.391671607969
7_20240826 03,5432.604012930215
7_20240826 04,5434.052448127716
7_20240826 05,5427.421492943133
7_20240826 06,5413.307290071043
7_20240826 07,5365.256368046224
7_20240826 08,5185.325324911555
7_20240826 09,5267.501252802027
7_20240826 10,5315.103487670711
7_20240826 11,5398.63433987015
7_20240826 12,5393.263526106697
7_20240826 13,5375.414875715116
7_20240826 14,5355.850108369623
7_20240826 15,5344.3085537606175
7_20240826 16,5313.072723135019
7_20240826 17,5344.8361055241
7_20240826 18,5295.8465922730775
7_20240826 19,5062.417122153532
7_20240826 20,5017.000203331442
7_20240826 21,4973.689267848701
7_20240826 22,4953.27019539373
7_20240826 23,5054.212492936646
7_20240827 00,5193.772625046562
7_20240827 01,5424.341705282543
7_20240827 02,5443.114471951822
7_20240827 03,5501.343611317083
7_20240827 04,5593.193532662937
7_20240827 05,5565.462450319388
7_20240827 06,5505.279328195835
7_20240827 07,5481.4429630237755
7_20240827 08,5272.951945783432
7_20240827 09,5307.905767530103
7_20240827 10,5292.77556888748
7_20240827 11,5324.131962923024
7_20240827 12,5303.509854701835
7_20240827 13,5240.080735066373
7_20240827 14,5279.285345825869
7_20240827 15,5259.670890786991
7_20240827 16,5297.53250085274
7_20240827 17,5305.686598857634
7_20240827 18,5318.413799329227
7_20240827 19,5182.125980077665
7_20240827 20,5136.597229727838
7_20240827 21,5022.596458591988
7_20240827 22,5017.7510433433545
7_20240827 23,5012.58851392896
7_20240828 00,5274.683589485272
7_20240828 01,5466.331981835659
7_20240828 02,5436.017583189874
7_20240828 03,5479.708211001879
7_20240828 04,5494.115936116077
7_20240828 05,5477.886924886592
7_20240828 06,5390.746468002278
7_20240828 07,5394.547581376697
7_20240828 08,5267.445808616335
7_20240828 09,5272.545501525668
7_20240828 10,5340.107265604256
7_20240828 11,5380.171437094723
7_20240828 12,5364.141283949784
7_20240828 13,5355.142590579726
7_20240828 14,5352.871168139924
7_20240828 15,5362.675820742275
7_20240828 16,5356.1859676765
7_20240828 17,5366.816063019417
7_20240828 18,5370.447108608202
7_20240828 19,5232.029972857954
7_20240828 20,5212.659936440772
7_20240828 21,5149.779680110028
7_20240828 22,5104.649379841183
7_20240828 23,5094.607903868184
7_20240829 00,5337.269220333272
7_20240829 01,5440.433846334598
7_20240829 02,5446.617622500527
7_20240829 03,5456.792996132182
7_20240829 04,5471.360182050024
7_20240829 05,5471.007502188658
7_20240829 06,5431.1887394687565
7_20240829 07,5425.665270399816
7_20240829 08,5258.260899374252
7_20240829 09,5322.8933217838685
7_20240829 10,5353.24681900141
7_20240829 11,5457.567818083918
7_20240829 12,5395.57167761067
7_20240829 13,5388.883909301831
7_20240829 14,5408.086312858234
7_20240829 15,5341.016381768677
7_20240829 16,5343.052543985498
7_20240829 17,5385.311607630673
7_20240829 18,5374.068430789101
7_20240829 19,5192.349694645209
7_20240829 20,5173.821133740949
7_20240829 21,5055.676869870141
7_20240829 22,5069.993969895056
7_20240829 23,5022.264755504792
7_20240830 00,5310.455750516006
7_20240830 01,5387.001743876432
7_20240830 02,5387.070093904387
7_20240830 03,5410.411575391521
7_20240830 04,5427.8621866693165
7_20240830 05,5417.989977478197
7_20240830 06,5388.638031630962
7_20240830 07,5403.627872894423
7_20240830 08,5231.793001229555
7_20240830 09,5324.582095546079
7_20240830 10,5342.6564050955285
7_20240830 11,5418.464536317766
7_20240830 12,5339.214874433593
7_20240830 13,5360.419492132424
7_20240830 14,5300.3795781249955
7_20240830 15,5311.016917181512
7_20240830 16,5316.8846073710465
7_20240830 17,5324.985339349985
7_20240830 18,5312.6696040387205
7_20240830 19,5134.927294673093
7_20240830 20,5133.008586724466
7_20240830 21,5008.29004434109
7_20240830 22,5025.623040087134
7_20240830 23,4997.521686901004
7_20240831 00,5085.286576895611
7_20240831 01,5367.785875068238
7_20240831 02,5378.525089983651
7_20240831 03,5407.859493525578
7_20240831 04,5423.319767308345
7_20240831 05,5396.2699855357405
7_20240831 06,5357.138055760307
7_20240831 07,5340.705033812159
7_20240831 08,5159.322972502625
7_20240831 09,5190.694820522261
7_20240831 10,5236.523477431384
7_20240831 11,5285.164543268908
7_20240831 12,5293.435574917703
7_20240831 13,5298.8611467950805
7_20240831 14,5308.247439793241
7_20240831 15,5298.42516319327
7_20240831 16,5308.665944980871
7_20240831 17,5334.823918452376
7_20240831 18,5312.868088389303
7_20240831 19,5139.302736701777
7_20240831 20,5111.127919540982
7_20240831 21,5009.538798923601
7_20240831 22,5004.225880187544
7_20240831 23,4847.5871186559
8_20240825 00,677.1869239921116
8_20240825 01,589.3481175443936
8_20240825 02,565.8594669248369
8_20240825 03,551.8920543766969
8_20240825 04,540.0846461726652
8_20240825 05,526.3418473573911
8_20240825 06,519.114321219421
8_20240825 07,517.7933805662512
8_20240825 08,522.6110849628294
8_20240825 09,574.0366384833397
8_20240825 10,584.1598918930458
8_20240825 11,638.5031268950308
8_20240825 12,694.3502240453003
8_20240825 13,748.9717743889396
8_20240825 14,750.9652415515307
8_20240825 15,766.9773536100093
8_20240825 16,788.3959952652601
8_20240825 17,784.1981630875794
8_20240825 18,752.5325344817807
8_20240825 19,738.0283996260504
8_20240825 20,755.1202230217258
8_20240825 21,752.9152693567876
8_20240825 22,697.7412670561691
8_20240825 23,718.9951207342815
8_20240826 00,681.457334868533
8_20240826 01,605.0676298710109
8_20240826 02,589.5120913396869
8_20240826 03,579.3827191289577
8_20240826 04,548.9233923368162
8_20240826 05,538.7554115344923
8_20240826 06,529.5294639495786
8_20240826 07,618.9907283821713
8_20240826 08,761.2412714300845
8_20240826 09,1066.0357638550872
8_20240826 10,1311.823865922819
8_20240826 11,1392.1501704925058
8_20240826 12,1415.7957441221138
8_20240826 13,1459.3545509907678
8_20240826 14,1476.157877037433
8_20240826 15,1440.5139158855695
8_20240826 16,1280.9217764216185
8_20240826 17,1104.3557858751956
8_20240826 18,931.6984329621091
8_20240826 19,796.6783030004046
8_20240826 20,763.9574970915661
8_20240826 21,729.294079891743
8_20240826 22,723.0276260191695
8_20240826 23,715.2676045191286
8_20240827 00,719.8643952895402
8_20240827 01,714.9910517114712
8_20240827 02,695.0780462026873
8_20240827 03,658.0731026179394
8_20240827 04,577.3189416698993
8_20240827 05,546.4392668009004
8_20240827 06,541.5606686682422
8_20240827 07,618.2857316061956
8_20240827 08,750.471835064699
8_20240827 09,1032.9177261634027
8_20240827 10,1221.2965252026888
8_20240827 11,1304.3201050107868
8_20240827 12,1344.3773169271549
8_20240827 13,1376.5558115647536
8_20240827 14,1368.7839602041422
8_20240827 15,1323.677930761094
8_20240827 16,1188.106226299565
8_20240827 17,1079.8828664960588
8_20240827 18,916.4690117311895
8_20240827 19,794.244345123843
8_20240827 20,756.9165789081073
8_20240827 21,717.7122853661951
8_20240827 22,713.5248153601228
8_20240827 23,707.607543701235
8_20240828 00,704.742945346374
8_20240828 01,704.4502341993374
8_20240828 02,684.591978570879
8_20240828 03,657.1398847826067
8_20240828 04,574.9117471181047
8_20240828 05,544.7841911450168
8_20240828 06,534.9055011248395
8_20240828 07,627.7670820827461
8_20240828 08,728.8065432472499
8_20240828 09,1025.524624055619
8_20240828 10,1267.0716477697124
8_20240828 11,1337.775024921108
8_20240828 12,1407.3816019580802
8_20240828 13,1447.6338730178268
8_20240828 14,1475.465157090715
8_20240828 15,1431.9604625932461
8_20240828 16,1277.0365839740102
8_20240828 17,1099.3771752913838
8_20240828 18,932.7254950990207
8_20240828 19,795.0056569292778
8_20240828 20,760.3385743921131
8_20240828 21,723.6303162112583
8_20240828 22,716.7115059844733
8_20240828 23,705.8713929492943
8_20240829 00,708.8131234763205
8_20240829 01,706.0417874665477
8_20240829 02,685.5781159786362
8_20240829 03,660.8562577784364
8_20240829 04,587.2601569417786
8_20240829 05,550.9900373058758
8_20240829 06,538.0384733560245
8_20240829 07,607.2086653591712
8_20240829 08,732.7392990115253
8_20240829 09,1012.114628065048
8_20240829 10,1217.9096510229276
8_20240829 11,1337.4838022401298
8_20240829 12,1369.9303081719263
8_20240829 13,1389.6048504336663
8_20240829 14,1392.5338417965927
8_20240829 15,1330.4794786782807
8_20240829 16,1183.0761359224518
8_20240829 17,1062.1636049756721
8_20240829 18,873.3627229608161
8_20240829 19,768.1129907444083
8_20240829 20,740.1582198828883
8_20240829 21,703.4764069028715
8_20240829 22,699.075125590487
8_20240829 23,692.0134756472993
8_20240830 00,696.9054235996026
8_20240830 01,688.4863036761153
8_20240830 02,661.6228251638926
8_20240830 03,642.8822771576456
8_20240830 04,564.5564963564
8_20240830 05,529.5532857549651
8_20240830 06,522.9843632856912
8_20240830 07,599.1182290014931
8_20240830 08,705.5397092464361
8_20240830 09,1007.0962700074464
8_20240830 10,1185.134488687954
8_20240830 11,1279.4038706798306
8_20240830 12,1306.71553350274
8_20240830 13,1345.9742515322862
8_20240830 14,1351.779118121574
8_20240830 15,1305.5507061580117
8_20240830 16,1158.5168841083682
8_20240830 17,1021.4567220636935
8_20240830 18,842.907447552504
8_20240830 19,738.5158133476787
8_20240830 20,710.5599991552474
8_20240830 21,681.0639169766212
8_20240830 22,669.4376210257636
8_20240830 23,672.9844772605377
8_20240831 00,677.8948133963306
8_20240831 01,652.6339982290804
8_20240831 02,631.9854206561089
8_20240831 03,584.2054475797636
8_20240831 04,524.6330067675934
8_20240831 05,510.6642885931712
8_20240831 06,505.0039376007537
8_20240831 07,503.9448318909082
8_20240831 08,515.4837855362837
8_20240831 09,661.4107499017364
8_20240831 10,667.4953472523936
8_20240831 11,745.1695406114472
8_20240831 12,749.0026477962107
8_20240831 13,753.4211059025179
8_20240831 14,711.3889039074861
8_20240831 15,698.1722262635609
8_20240831 16,734.4700877742423
8_20240831 17,754.017901378571
8_20240831 18,692.1022440824071
8_20240831 19,674.9632676808319
8_20240831 20,725.9095705581226
8_20240831 21,738.1101080779569
8_20240831 22,637.2474792695011
8_20240831 23,676.4555817108794
9_20240825 00,2114.403050692628
9_20240825 01,1937.2431424945592
9_20240825 02,1878.1543905173594
9_20240825 03,1838.8846967734921
9_20240825 04,1888.5824155376781
9_20240825 05,1998.926255476831
9_20240825 06,2213.06615558419
9_20240825 07,2776.9790235430555
9_20240825 08,3202.200860847117
9_20240825 09,3782.9564171180073
9_20240825 10,4107.873809563091
9_20240825 11,4318.577357772363
9_20240825 12,4210.159612785709
9_20240825 13,4412.895121344549
9_20240825 14,4494.413834648352
9_20240825 15,4449.677142363281
9_20240825 16,4356.975366023027
9_20240825 17,4089.023536125317
9_20240825 18,3551.857687107184
9_20240825 19,3116.549330374401
9_20240825 20,2925.4187445022435
9_20240825 21,2731.973451148274
9_20240825 22,2560.540309031023
9_20240825 23,2328.8465477309783
9_20240826 00,1987.3661320112803
9_20240826 01,1829.994533059844
9_20240826 02,1759.852983185281
9_20240826 03,1736.4167295410728
9_20240826 04,1782.2184017157729
9_20240826 05,1934.8644079645517
9_20240826 06,2063.888192921822
9_20240826 07,2548.6986141351576
9_20240826 08,2965.930290847631
9_20240826 09,3589.0163815487213
9_20240826 10,3911.9390849615074
9_20240826 11,4059.2852621866355
9_20240826 12,4146.115652713968
9_20240826 13,4250.760282964111
9_20240826 14,4377.783154104228
9_20240826 15,4328.565557172677
9_20240826 16,4154.37216586314
9_20240826 17,3770.6899443968705
9_20240826 18,3259.699693195347
9_20240826 19,2891.4362699108374
9_20240826 20,2742.9864878870812
9_20240826 21,2647.9479573863696
9_20240826 22,2490.961569824323
9_20240826 23,2240.553800421896
9_20240827 00,1943.9948704899061
9_20240827 01,1783.3797820545474
9_20240827 02,1718.8550660833448
9_20240827 03,1708.309220611603
9_20240827 04,1739.6038510534158
9_20240827 05,1852.35956075387
9_20240827 06,1960.9470970460627
9_20240827 07,2430.3127165617852
9_20240827 08,2819.92880972876
9_20240827 09,3467.3655602215676
9_20240827 10,3588.547485432855
9_20240827 11,3646.1127102066193
9_20240827 12,3535.4397451250325
9_20240827 13,3590.1160982997217
9_20240827 14,3670.9412703759526
9_20240827 15,3810.7942850879604
9_20240827 16,3773.544285352122
9_20240827 17,3327.182763421583
9_20240827 18,2986.8675678093914
9_20240827 19,2727.7938226975366
9_20240827 20,2550.7279285217705
9_20240827 21,2388.5480215162074
9_20240827 22,2218.095483055672
9_20240827 23,2047.8415836068464
9_20240828 00,1902.8691338746723
9_20240828 01,1728.829901653446
9_20240828 02,1656.056221180929
9_20240828 03,1643.3899685938545
9_20240828 04,1687.4213482069122
9_20240828 05,1817.1375139145575
9_20240828 06,1974.112115443566
9_20240828 07,2232.8817385274006
9_20240828 08,2595.5015075077426
9_20240828 09,3271.002429169929
9_20240828 10,3734.9777376066786
9_20240828 11,3727.6667044151104
9_20240828 12,3839.1211776021355
9_20240828 13,3944.018941191759
9_20240828 14,4132.297206476897
9_20240828 15,4093.5139615168027
9_20240828 16,3948.979196726317
9_20240828 17,3520.0663036055435
9_20240828 18,2973.9296408553346
9_20240828 19,2545.3816752628727
9_20240828 20,2376.10191949454
9_20240828 21,2315.234063689227
9_20240828 22,2131.275224860227
9_20240828 23,1970.5759786431654
9_20240829 00,1798.1334455823285
9_20240829 01,1680.5832991600473
9_20240829 02,1616.7473627047016
9_20240829 03,1597.8294460426284
9_20240829 04,1643.8959012650798
9_20240829 05,1717.5691474827295
9_20240829 06,1896.8060303140635
9_20240829 07,2132.0572358042928
9_20240829 08,2599.549726017726
9_20240829 09,3417.7129726598614
9_20240829 10,3838.324502557603
9_20240829 11,4055.060616919647
9_20240829 12,4067.8021071721246
9_20240829 13,4170.379656980959
9_20240829 14,4127.753572372176
9_20240829 15,4139.570687280258
9_20240829 16,4024.5200380107267
9_20240829 17,3595.771310048695
9_20240829 18,3093.6695425618072
9_20240829 19,2747.840348880059
9_20240829 20,2621.231332942157
9_20240829 21,2452.8882724739533
9_20240829 22,2286.2865786298166
9_20240829 23,2048.881919583397
9_20240830 00,1840.8292554895866
9_20240830 01,1689.8447728086985
9_20240830 02,1580.4353545471943
9_20240830 03,1567.854456647501
9_20240830 04,1671.9244724682808
9_20240830 05,1877.513252219911
9_20240830 06,1933.5032042492717
9_20240830 07,2162.958826486907
9_20240830 08,2756.1829242718686
9_20240830 09,3418.313552046603
9_20240830 10,3896.8430795436298
9_20240830 11,4056.644303350852
9_20240830 12,4109.226767665146
9_20240830 13,4178.82805512428
9_20240830 14,4254.120838122878
9_20240830 15,4269.91513514601
9_20240830 16,4176.308320626835
9_20240830 17,3943.095796109171
9_20240830 18,3493.005318037417
9_20240830 19,2995.585122420367
9_20240830 20,2884.799925022889
9_20240830 21,2638.480564938421
9_20240830 22,2416.355709561824
9_20240830 23,2192.0312565659724
9_20240831 00,1931.9176076825615
9_20240831 01,1807.1716233777183
9_20240831 02,1720.6752147644847
9_20240831 03,1666.0840142565894
9_20240831 04,1753.379891727841
9_20240831 05,1951.4874375298346
9_20240831 06,2023.8624473764664
9_20240831 07,2348.219970339083
9_20240831 08,2742.6500619863746
9_20240831 09,3391.4960762323158
9_20240831 10,3656.8471461961376
9_20240831 11,3901.2077888500758
9_20240831 12,3920.3938337489826
9_20240831 13,4093.897182830494
9_20240831 14,4167.201066364315
9_20240831 15,4136.233839190319
9_20240831 16,4148.584503135676
9_20240831 17,3850.2867075075683
9_20240831 18,3577.9499310490282
9_20240831 19,2937.66487371893
9_20240831 20,2764.676234080249
9_20240831 21,2613.4047111598557
9_20240831 22,2481.797261934006
9_20240831 23,2222.107238136105
10_20240825 00,5944.522773353776
10_20240825 01,5322.109310026441
10_20240825 02,4702.74678899522
10_20240825 03,4648.387065136616
10_20240825 04,4422.3681090572545
10_20240825 05,4539.524508925419
10_20240825 06,4780.512254392164
10_20240825 07,5578.997319691038
10_20240825 08,6530.861823834479
10_20240825 09,6662.049715040608
10_20240825 10,7027.923916300739
10_20240825 11,6847.1995471730315
10_20240825 12,6851.520394630412
10_20240825 13,7021.8226811406785
10_20240825 14,7022.068167441337
10_20240825 15,7164.146885329702
10_20240825 16,7337.863655063941
10_20240825 17,7046.758109265133
10_20240825 18,6681.357912586705
10_20240825 19,6901.5889198995865
10_20240825 20,6915.5817429356775
10_20240825 21,6949.093805903249
10_20240825 22,6489.648324682182
10_20240825 23,5962.567092272806
10_20240826 00,5355.445940192675
10_20240826 01,4678.172255941013
10_20240826 02,4369.060308872853
10_20240826 03,4411.866354416009
10_20240826 04,4109.632644431654
10_20240826 05,4206.387492627381
10_20240826 06,4297.165161133005
10_20240826 07,5047.32969393857
10_20240826 08,6005.043147218995
10_20240826 09,6174.569804289493
10_20240826 10,6581.43246005824
10_20240826 11,6566.804512897994
10_20240826 12,6629.44614408592
10_20240826 13,6667.164816568036
10_20240826 14,6665.48986135668
10_20240826 15,6652.89233444937
10_20240826 16,6533.492982485687
10_20240826 17,6504.956811494891
10_20240826 18,6407.982932135123
10_20240826 19,6213.326430060564
10_20240826 20,6021.219162162088
10_20240826 21,5970.02134641703
10_20240826 22,5307.367515021026
10_20240826 23,5374.038248850906
10_20240827 00,4740.974293236095
10_20240827 01,4295.337573886444
10_20240827 02,4006.5436633106738
10_20240827 03,4111.544554564508
10_20240827 04,4053.607351774016
10_20240827 05,4094.489922294849
10_20240827 06,4063.558547837717
10_20240827 07,4675.92795464379
10_20240827 08,5820.426372888041
10_20240827 09,5969.541852866826
10_20240827 10,6080.2652077811545
10_20240827 11,6117.340142568607
10_20240827 12,6006.304153725119
10_20240827 13,6037.772214338386
10_20240827 14,6058.934205724638
10_20240827 15,6258.958087329525
10_20240827 16,6326.309320438046
10_20240827 17,6207.990710178185
10_20240827 18,6506.208482528224
10_20240827 19,5977.965908395661
10_20240827 20,5810.230607026758
10_20240827 21,5252.673962146329
10_20240827 22,4932.067353554759
10_20240827 23,5169.2358817974
10_20240828 00,4528.4500979471195
10_20240828 01,4116.063016760292
10_20240828 02,3996.7682237256704
10_20240828 03,3962.784657145797
10_20240828 04,3888.2010536404255
10_20240828 05,3913.689080626481
10_20240828 06,3901.773200674762
10_20240828 07,4378.857275258925
10_20240828 08,5790.334733600697
10_20240828 09,5993.305229984296
10_20240828 10,6160.603366213429
10_20240828 11,6331.209020282668
10_20240828 12,6487.218373301384
10_20240828 13,6576.324474849232
10_20240828 14,6477.172561781377
10_20240828 15,6609.579388475515
10_20240828 16,6468.92024392854
10_20240828 17,6296.736269988031
10_20240828 18,6437.339686175783
10_20240828 19,6197.482071923186
10_20240828 20,5963.46345768152
10_20240828 21,5617.963005035753
10_20240828 22,4945.645625283489
10_20240828 23,5136.889158624137
10_20240829 00,4716.303607430682
10_20240829 01,4391.939114786158
10_20240829 02,4046.070148916784
10_20240829 03,3923.773817484198
10_20240829 04,3761.055304542627
10_20240829 05,3828.627319400673
10_20240829 06,3857.493347201191
10_20240829 07,4266.317876034751
10_20240829 08,5713.607517852624
10_20240829 09,5911.915568809896
10_20240829 10,6296.6582355357605
10_20240829 11,6608.68400577798
10_20240829 12,6768.754262554944
10_20240829 13,6885.474547335794
10_20240829 14,6873.078647632352
10_20240829 15,6790.331431331397
10_20240829 16,6536.279507272606
10_20240829 17,6459.441372742551
10_20240829 18,6304.878741981436
10_20240829 19,6376.971140401971
10_20240829 20,6354.175274720454
10_20240829 21,6130.539597492967
10_20240829 22,5644.2955014397885
10_20240829 23,5508.906884493024
10_20240830 00,4897.724026979815
10_20240830 01,4484.392324220117
10_20240830 02,4217.503852335038
10_20240830 03,4145.829720765665
10_20240830 04,3988.5719646819753
10_20240830 05,4037.7565872039213
10_20240830 06,4182.478693553293
10_20240830 07,4845.944575554928
10_20240830 08,5805.414092163694
10_20240830 09,5880.670543720119
10_20240830 10,6507.824170690112
10_20240830 11,6484.738353195195
10_20240830 12,6512.641168946336
10_20240830 13,6687.082736511756
10_20240830 14,6750.646769291854
10_20240830 15,6945.634352468505
10_20240830 16,6872.105379208134
10_20240830 17,6836.153774375231
10_20240830 18,6619.58901100145
10_20240830 19,6773.838060166965
10_20240830 20,6688.696472018797
10_20240830 21,6446.883175508898
10_20240830 22,6251.808969508966
10_20240830 23,6136.910622694948
10_20240831 00,5468.1994315529355
10_20240831 01,4745.624156721669
10_20240831 02,4385.503712826168
10_20240831 03,4258.976319786428
10_20240831 04,3861.693518418314
10_20240831 05,3911.85189388673
10_20240831 06,4077.993459476824
10_20240831 07,5255.520456899473
10_20240831 08,5974.212116726147
10_20240831 09,6002.186898015119
10_20240831 10,6220.643054117521
10_20240831 11,6357.182046922364
10_20240831 12,6515.440179154162
10_20240831 13,6739.344033152308
10_20240831 14,6825.368815362027
10_20240831 15,6961.428961939716
10_20240831 16,7200.835164275258
10_20240831 17,7050.851396708534
10_20240831 18,7018.471719674793
10_20240831 19,7001.684170118495
10_20240831 20,7029.2493258044515
10_20240831 21,6820.229164734533
10_20240831 22,6639.914765378033
10_20240831 23,6667.718838478908
11_20240825 00,1466.1926346766493
11_20240825 01,1199.9987788868557
11_20240825 02,1067.5617930522305
11_20240825 03,925.7068527318081
11_20240825 04,852.6658774226418
11_20240825 05,814.5517228145559
11_20240825 06,838.8686756039913
11_20240825 07,961.0876579583814
11_20240825 08,1123.4361917890255
11_20240825 09,1309.4985543058806
11_20240825 10,1467.1056471096622
11_20240825 11,1566.08815204109
11_20240825 12,1700.3698807296641
11_20240825 13,1802.3445841896244
11_20240825 14,1834.1687888536533
11_20240825 15,1837.7654829503476
11_20240825 16,1858.9150344533716
11_20240825 17,1889.2286637139139
11_20240825 18,2027.9609949941034
11_20240825 19,2058.845342253514
11_20240825 20,2093.875367531047
11_20240825 21,2105.3823891450684
11_20240825 22,2028.2688206823327
11_20240825 23,1754.990734145892
11_20240826 00,1408.5171480440627
11_20240826 01,1146.8942886515792
11_20240826 02,991.8491922443484
11_20240826 03,888.9339634711246
11_20240826 04,824.9137730729717
11_20240826 05,802.4105592974822
11_20240826 06,879.0771412487297
11_20240826 07,1124.804103266245
11_20240826 08,1213.4337180861794
11_20240826 09,1210.5606319950216
11_20240826 10,1217.7369483283653
11_20240826 11,1276.8514539516937
11_20240826 12,1475.3109097678623
11_20240826 13,1507.1842552763878
11_20240826 14,1525.8075351892235
11_20240826 15,1515.569837288656
11_20240826 16,1533.8113731730905
11_20240826 17,1673.1765029838673
11_20240826 18,1882.3795284586379
11_20240826 19,1998.2564038268185
11_20240826 20,2014.3068998073477
11_20240826 21,2026.9103326859083
11_20240826 22,1977.4424877594886
11_20240826 23,1754.5213982744956
11_20240827 00,1430.2847556527997
11_20240827 01,1162.7284568370292
11_20240827 02,990.542034506123
11_20240827 03,891.4891275060434
11_20240827 04,834.4978141643664
11_20240827 05,810.4294817740738
11_20240827 06,861.6880445818999
11_20240827 07,1118.1991562809906
11_20240827 08,1177.795493864452
11_20240827 09,1125.110445711032
11_20240827 10,1096.434731045084
11_20240827 11,1128.3344659512165
11_20240827 12,1179.943827726735
11_20240827 13,1236.8232574537674
11_20240827 14,1303.4777810610694
11_20240827 15,1333.7208505657381
11_20240827 16,1391.4060227899233
11_20240827 17,1489.344886941095
11_20240827 18,1683.5521681141804
11_20240827 19,1782.03199504137
11_20240827 20,1792.209231525063
11_20240827 21,1785.2203426377466
11_20240827 22,1690.841184856646
11_20240827 23,1532.2089624021182
11_20240828 00,1216.6884036827846
11_20240828 01,954.9657952291569
11_20240828 02,797.9654347691776
11_20240828 03,737.7162748566502
11_20240828 04,702.1372431600903
11_20240828 05,693.8919956856826
11_20240828 06,755.9255529171054
11_20240828 07,1017.4836653261029
11_20240828 08,1119.13484961863
11_20240828 09,1095.7387147435977
11_20240828 10,1072.8165402886987
11_20240828 11,1083.935055524666
11_20240828 12,1181.3591415370865
11_20240828 13,1214.3279862845789
11_20240828 14,1261.536964044481
11_20240828 15,1300.5420343270594
11_20240828 16,1348.7662795831466
11_20240828 17,1436.1962011976361
11_20240828 18,1630.5483143247684
11_20240828 19,1717.7893434938615
11_20240828 20,1731.654108408955
11_20240828 21,1741.1474732216814
11_20240828 22,1696.2232800008346
11_20240828 23,1544.916381374497
11_20240829 00,1237.1362140442109
11_20240829 01,1020.1300046463928
11_20240829 02,881.7687214945258
11_20240829 03,753.2689867774932
11_20240829 04,701.70951861816
11_20240829 05,710.738757809115
11_20240829 06,747.5095688523384
11_20240829 07,999.6200743514983
11_20240829 08,1087.235892318349
11_20240829 09,1066.7256282930077
11_20240829 10,1063.7076547668612
11_20240829 11,1093.941479869788
11_20240829 12,1200.3915188684405
11_20240829 13,1269.0588979625552
11_20240829 14,1267.9573451582755
11_20240829 15,1391.050287873979
11_20240829 16,1413.6925728986485
11_20240829 17,1417.8528213319262
11_20240829 18,1552.4491270393578
11_20240829 19,1647.1546721834573
11_20240829 20,1686.5557962089556
11_20240829 21,1683.407825236291
11_20240829 22,1613.4368047264966
11_20240829 23,1501.4564581723143
11_20240830 00,1206.52133925474
11_20240830 01,981.347927971578
11_20240830 02,830.4066505011599
11_20240830 03,749.3638097909601
11_20240830 04,686.537811266827
11_20240830 05,678.2173558815
11_20240830 06,732.1354258432114
11_20240830 07,1007.1046109305106
11_20240830 08,1076.7332451832508
11_20240830 09,1056.1573386201937
11_20240830 10,1070.621193035695
11_20240830 11,1078.5809883374068
11_20240830 12,1243.3650560318506
11_20240830 13,1334.2109037470232
11_20240830 14,1380.1441728000518
11_20240830 15,1436.890410069543
11_20240830 16,1425.9125653416577
11_20240830 17,1494.0502665251042
11_20240830 18,1575.0863900543327
11_20240830 19,1679.2223830002818
11_20240830 20,1648.7912722192546
11_20240830 21,1647.3754920017384
11_20240830 22,1602.120488441694
11_20240830 23,1471.9019085526788
11_20240831 00,1213.7368761254645
11_20240831 01,966.25955784082
11_20240831 02,786.8639222718541
11_20240831 03,724.7015388210158
11_20240831 04,678.1384951936266
11_20240831 05,666.9946436983021
11_20240831 06,703.417027881282
11_20240831 07,855.6964133273597
11_20240831 08,1040.190723327929
11_20240831 09,1188.0200575865958
11_20240831 10,1286.189545067348
11_20240831 11,1297.3732586943654
11_20240831 12,1350.268178144743
11_20240831 13,1404.1244806216473
11_20240831 14,1332.8963861627708
11_20240831 15,1391.360643803292
11_20240831 16,1407.2551124558158
11_20240831 17,1475.7106387197796
11_20240831 18,1529.2883211970297
11_20240831 19,1552.401500227526
11_20240831 20,1612.3312663275053
11_20240831 21,1628.8860058367254
11_20240831 22,1587.1171163719425
11_20240831 23,1470.9920836850126
12_20240825 00,4900.481330200579
12_20240825 01,4796.706847749626
12_20240825 02,4745.3851524966285
12_20240825 03,4662.755146442614
12_20240825 04,4618.363371145748
12_20240825 05,4648.323251864645
12_20240825 06,4680.248007858342
12_20240825 07,4860.3539810620605
12_20240825 08,4955.88157609173
12_20240825 09,5045.181682195223
12_20240825 10,5193.465611629537
12_20240825 11,5246.467495689313
12_20240825 12,5324.373277616025
12_20240825 13,5469.834552038295
12_20240825 14,5558.316995784412
12_20240825 15,5676.489485177137
12_20240825 16,5914.718096447266
12_20240825 17,5934.555980087381
12_20240825 18,5868.991966985033
12_20240825 19,5781.727220663337
12_20240825 20,5750.28211842066
12_20240825 21,5680.539150743391
12_20240825 22,5448.756164897506
12_20240825 23,5022.4424497582695
12_20240826 00,5000.184736801451
12_20240826 01,4868.027950412147
12_20240826 02,4743.174339994884
12_20240826 03,4705.320093183842
12_20240826 04,4691.083737997817
12_20240826 05,4733.6785022779295
12_20240826 06,4878.493652800024
12_20240826 07,5428.232099679946
12_20240826 08,6241.729767543661
12_20240826 09,7890.90386371797
12_20240826 10,8376.1899402932
12_20240826 11,8450.58139368962
12_20240826 12,8416.496921100668
12_20240826 13,8643.019883642415
12_20240826 14,8959.526059731295
12_20240826 15,8807.233452235108
12_20240826 16,8667.375127610712
12_20240826 17,8306.090934384574
12_20240826 18,7502.040946093726
12_20240826 19,6938.460257198184
12_20240826 20,6505.149963346849
12_20240826 21,6201.525601710922
12_20240826 22,5711.993007857682
12_20240826 23,5241.98880970381
12_20240827 00,5017.846020272456
12_20240827 01,4899.849022802666
12_20240827 02,4799.999642004216
12_20240827 03,4721.0848980687915
12_20240827 04,4702.630326461324
12_20240827 05,4762.030502313648
12_20240827 06,4880.061261932946
12_20240827 07,5412.266177845241
12_20240827 08,6196.517923048733
12_20240827 09,7535.670781199728
12_20240827 10,7966.18780015982
12_20240827 11,8150.607842019973
12_20240827 12,7893.612281224707
12_20240827 13,8213.85734863062
12_20240827 14,8588.392929278876
12_20240827 15,8519.691032514529
12_20240827 16,8384.944192786119
12_20240827 17,7983.318016135795
12_20240827 18,7254.6672114965595
12_20240827 19,6700.158391131976
12_20240827 20,6378.901735752616
12_20240827 21,6020.494160798911
12_20240827 22,5607.533068645178
12_20240827 23,5157.748938547433
12_20240828 00,4915.707842338688
12_20240828 01,4809.7893452900735
12_20240828 02,4693.052533154634
12_20240828 03,4645.4037338687685
12_20240828 04,4616.793958245933
12_20240828 05,4685.849423091691
12_20240828 06,4782.5062588382825
12_20240828 07,5324.954350441882
12_20240828 08,5988.129766317626
12_20240828 09,7457.866526512814
12_20240828 10,7873.160134272215
12_20240828 11,8090.888006663738
12_20240828 12,8127.768227475464
12_20240828 13,8271.049711052481
12_20240828 14,8397.611523780713
12_20240828 15,8664.299624829884
12_20240828 16,8553.731670958663
12_20240828 17,8150.031263833602
12_20240828 18,7340.635712375087
12_20240828 19,6815.405778865594
12_20240828 20,6440.120949861564
12_20240828 21,6082.0703105468365
12_20240828 22,5623.161387490453
12_20240828 23,5155.469189051872
12_20240829 00,4941.292208869859
12_20240829 01,4812.659377696718
12_20240829 02,4728.954324602886
12_20240829 03,4652.481063903444
12_20240829 04,4618.073437217527
12_20240829 05,4690.813475694522
12_20240829 06,4743.855622480107
12_20240829 07,5281.907683637401
12_20240829 08,5908.277139543657
12_20240829 09,7182.939710230694
12_20240829 10,7825.583920157396
12_20240829 11,7950.909003971321
12_20240829 12,8029.612119497857
12_20240829 13,8214.969104033858
12_20240829 14,8402.23605789378
12_20240829 15,8532.70981030335
12_20240829 16,8345.100902776307
12_20240829 17,7822.097284041794
12_20240829 18,7080.3677257164945
12_20240829 19,6667.59457850747
12_20240829 20,6259.424167047168
12_20240829 21,5939.711149548696
12_20240829 22,5530.825359870067
12_20240829 23,5078.8510285417615
12_20240830 00,4871.124398315927
12_20240830 01,4743.800092183861
12_20240830 02,4633.705417005765
12_20240830 03,4570.791260700785
12_20240830 04,4568.979726467209
12_20240830 05,4610.368210883848
12_20240830 06,4698.297254593469
12_20240830 07,5294.889714789779
12_20240830 08,5854.24655836635
12_20240830 09,7023.2747850339765
12_20240830 10,7654.185167473475
12_20240830 11,7867.612080882141
12_20240830 12,7842.784078560606
12_20240830 13,8099.097304289482
12_20240830 14,8480.208391207878
12_20240830 15,8454.68675635837
12_20240830 16,8289.726054246235
12_20240830 17,7987.610906260695
12_20240830 18,7128.2610302733465
12_20240830 19,6639.913270689733
12_20240830 20,6147.138399535248
12_20240830 21,5839.749132978063
12_20240830 22,5418.064690406586
12_20240830 23,4957.741314255931
12_20240831 00,4723.709655140526
12_20240831 01,4627.954210987253
12_20240831 02,4564.081678247641
12_20240831 03,4498.922118035653
12_20240831 04,4449.654213601774
12_20240831 05,4487.067777230088
12_20240831 06,4506.994151712928
12_20240831 07,4668.304798227691
12_20240831 08,4824.737242325164
12_20240831 09,4915.722811932478
12_20240831 10,5152.0420716121625
12_20240831 11,5207.345626086525
12_20240831 12,5349.990606744041
12_20240831 13,5474.260326721755
12_20240831 14,5567.886430943369
12_20240831 15,5705.157897892637
12_20240831 16,5853.15514768275
12_20240831 17,5839.945711116528
12_20240831 18,5748.935387596421
12_20240831 19,5612.259465704517
12_20240831 20,5534.6776418243435
12_20240831 21,5495.183704003433
12_20240831 22,5200.313997555959
12_20240831 23,4859.903122254211
13_20240825 00,2114.5995903631506
13_20240825 01,2067.3028269886754
13_20240825 02,2049.6053561940757
13_20240825 03,2043.615220030988
13_20240825 04,1975.512809583699
13_20240825 05,1942.2935882052766
13_20240825 06,1922.7080256172997
13_20240825 07,1892.0444929986047
13_20240825 08,1857.8529701917132
13_20240825 09,1826.2938333189495
13_20240825 10,1832.4438607266045
13_20240825 11,1805.9571826715794
13_20240825 12,1801.4549791341235
13_20240825 13,1828.976165774513
13_20240825 14,1821.8195546001566
13_20240825 15,1883.5836171651658
13_20240825 16,1967.8522431691922
13_20240825 17,2018.0718124952891
13_20240825 18,2052.8657158416477
13_20240825 19,2064.8134135813343
13_20240825 20,2070.152721901577
13_20240825 21,2053.384380254078
13_20240825 22,2022.1213479694393
13_20240825 23,2047.811927533289
13_20240826 00,2360.299775659276
13_20240826 01,2479.560644621563
13_20240826 02,2474.669858052468
13_20240826 03,2466.0074968301633
13_20240826 04,2164.9557762585728
13_20240826 05,2067.5191927108717
13_20240826 06,2106.483824039522
13_20240826 07,2179.864896340906
13_20240826 08,2364.7636709803182
13_20240826 09,2919.2278048501835
13_20240826 10,3278.4348968347263
13_20240826 11,3184.544264928042
13_20240826 12,2884.6724698799662
13_20240826 13,3178.5799136290793
13_20240826 14,2773.999410487642
13_20240826 15,2990.477019220624
13_20240826 16,2769.3498109337893
13_20240826 17,2828.011081199118
13_20240826 18,2594.1440290010605
13_20240826 19,2470.6232226988177
13_20240826 20,2371.8920783434587
13_20240826 21,2281.408674403765
13_20240826 22,2156.8542144675002
13_20240826 23,2335.028732563051
13_20240827 00,2466.448819902782
13_20240827 01,2491.928117014359
13_20240827 02,2508.862722692689
13_20240827 03,2500.2452122287914
13_20240827 04,2183.724771164482
13_20240827 05,2092.6043203761224
13_20240827 06,2117.043862189191
13_20240827 07,2146.5175714947995
13_20240827 08,2307.250006010537
13_20240827 09,2829.044976692229
13_20240827 10,3194.4392944657543
13_20240827 11,3176.939499998743
13_20240827 12,2940.699878631641
13_20240827 13,3194.0706777926584
13_20240827 14,2843.0512162514483
13_20240827 15,3057.8535289393203
13_20240827 16,2764.6393992810717
13_20240827 17,2783.710993674411
13_20240827 18,2606.5645217081656
13_20240827 19,2440.654604969209
13_20240827 20,2374.0307212945736
13_20240827 21,2241.9732819558108
13_20240827 22,2075.6948270488847
13_20240827 23,2281.4694639735703
13_20240828 00,2440.699306553422
13_20240828 01,2463.8078038076087
13_20240828 02,2471.2754247111525
13_20240828 03,2464.6760248306123
13_20240828 04,2105.450258012344
13_20240828 05,1982.1602312822608
13_20240828 06,1992.109978661205
13_20240828 07,2029.8204205858312
13_20240828 08,2304.323337371942
13_20240828 09,2807.7708569586175
13_20240828 10,3169.4938079379835
13_20240828 11,3132.320230761198
13_20240828 12,2959.4191968311984
13_20240828 13,3144.839045303059
13_20240828 14,2722.066785060586
13_20240828 15,2965.4277816209537
13_20240828 16,2709.87004299141
13_20240828 17,2750.071782613443
13_20240828 18,2559.995591212449
13_20240828 19,2404.5237321353643
13_20240828 20,2285.3375103786957
13_20240828 21,2223.0690729642365
13_20240828 22,2101.664401111945
13_20240828 23,2297.4452215490264
13_20240829 00,2435.605766447614
13_20240829 01,2444.5285394563934
13_20240829 02,2438.3243858097
13_20240829 03,2424.0739517687043
13_20240829 04,2108.805101877963
13_20240829 05,1974.6929739578231
13_20240829 06,1975.3861335023385
13_20240829 07,2019.830185910957
13_20240829 08,2199.4737336518724
13_20240829 09,2751.3735980580864
13_20240829 10,3135.670161317466
13_20240829 11,3069.0565344236716
13_20240829 12,2907.934855193547
13_20240829 13,3117.981404348169
13_20240829 14,2601.678299074169
13_20240829 15,2826.839120901006
13_20240829 16,2681.7581051671914
13_20240829 17,2703.7057476732534
13_20240829 18,2543.230323133843
13_20240829 19,2387.010299850725
13_20240829 20,2309.477451744474
13_20240829 21,2217.702738934063
13_20240829 22,2111.4896897596677
13_20240829 23,2281.988198634814
13_20240830 00,2428.752567624425
13_20240830 01,2454.372236583892
13_20240830 02,2454.030845080939
13_20240830 03,2449.7073513880905
13_20240830 04,2124.7397417008906
13_20240830 05,1958.0291730218482
13_20240830 06,1967.0625770387892
13_20240830 07,1997.6291778605307
13_20240830 08,2213.0242200124803
13_20240830 09,2683.990494252581
13_20240830 10,3081.4438429670263
13_20240830 11,3030.642904972613
13_20240830 12,2730.1848917840375
13_20240830 13,2942.2944131749528
13_20240830 14,2429.0552990587125
13_20240830 15,2656.1693957199845
13_20240830 16,2388.3522181245135
13_20240830 17,2545.0129680928176
13_20240830 18,2369.3985007184056
13_20240830 19,2220.4416525773613
13_20240830 20,2140.524246115143
13_20240830 21,2073.3706934694587
13_20240830 22,2021.0016543849044
13_20240830 23,2237.703889862657
13_20240831 00,2372.5723904311735
13_20240831 01,2367.019089717376
13_20240831 02,2353.8481876176443
13_20240831 03,2357.439280122531
13_20240831 04,2029.3552422016314
13_20240831 05,1888.5594564484259
13_20240831 06,1864.1985069473985
13_20240831 07,1849.8454103190925
13_20240831 08,1811.0847662419078
13_20240831 09,1799.48069388682
13_20240831 10,1784.4404851932952
13_20240831 11,1674.1437816337193
13_20240831 12,1750.0909617499965
13_20240831 13,1714.6604822890188
13_20240831 14,1226.9323189032652
13_20240831 15,1503.4699766690574
13_20240831 16,1385.4489291654515
13_20240831 17,1645.0318418802794
13_20240831 18,1958.6322576391804
13_20240831 19,1981.208656730718
13_20240831 20,1977.0091752300727
13_20240831 21,1974.6191159634755
13_20240831 22,1958.5120372132203
13_20240831 23,2152.69385724226
14_20240825 00,3296.96886433195
14_20240825 01,3154.708811594065
14_20240825 02,3126.4035620520945
14_20240825 03,3100.4842715430623
14_20240825 04,3065.05110834113
14_20240825 05,3027.098111073695
14_20240825 06,3014.161606453631
14_20240825 07,3033.699406107999
14_20240825 08,3268.5452062512127
14_20240825 09,3544.6333808083396
14_20240825 10,3647.2857594867337
14_20240825 11,3690.294420282705
14_20240825 12,3689.5757516718395
14_20240825 13,3792.0927326112433
14_20240825 14,3925.401200735527
14_20240825 15,4067.1437397926293
14_20240825 16,4055.800890498468
14_20240825 17,4044.9007523687333
14_20240825 18,3989.163422993067
14_20240825 19,3934.5128293274774
14_20240825 20,3923.8934203390295
14_20240825 21,3782.7688650308573
14_20240825 22,3582.4733319861148
14_20240825 23,3469.483419372931
14_20240826 00,3323.1344801959176
14_20240826 01,3259.279479524746
14_20240826 02,3157.4613890077126
14_20240826 03,3148.1588481012886
14_20240826 04,3107.706056205237
14_20240826 05,3149.252871198507
14_20240826 06,3326.2961542458893
14_20240826 07,3497.147856239874
14_20240826 08,4183.221157203994
14_20240826 09,6369.945668416463
14_20240826 10,6880.872817777592
14_20240826 11,6891.369223852421
14_20240826 12,6644.161974604702
14_20240826 13,6939.766927100725
14_20240826 14,7083.332746725762
14_20240826 15,7105.9507712789
14_20240826 16,6996.487172656214
14_20240826 17,6422.24164158993
14_20240826 18,5157.545681999796
14_20240826 19,4700.963790144638
14_20240826 20,4459.306158892738
14_20240826 21,4143.786031577258
14_20240826 22,3747.321326561594
14_20240826 23,3517.866339781982
14_20240827 00,3329.868688721251
14_20240827 01,3237.4104576973377
14_20240827 02,3168.6553231087137
14_20240827 03,3098.4608558396235
14_20240827 04,3069.7303368153234
14_20240827 05,3098.9166932080375
14_20240827 06,3252.5339858852867
14_20240827 07,3415.7521334808253
14_20240827 08,4072.3569365794224
14_20240827 09,6183.720793782201
14_20240827 10,6643.48546652227
14_20240827 11,6642.568624962685
14_20240827 12,6350.178564204542
14_20240827 13,6667.6065659084825
14_20240827 14,6751.969706237271
14_20240827 15,6785.281232390204
14_20240827 16,6677.6283941440015
14_20240827 17,6094.188002542806
14_20240827 18,4982.01513296937
14_20240827 19,4550.985798700298
14_20240827 20,4293.248044127094
14_20240827 21,4024.8390666190257
14_20240827 22,3660.072772029701
14_20240827 23,3403.252887786197
14_20240828 00,3214.601645456344
14_20240828 01,3121.9345171123487
14_20240828 02,3046.66948421839
14_20240828 03,3034.5694242810187
14_20240828 04,2995.416166894868
14_20240828 05,3029.0141852554307
14_20240828 06,3169.1498110360035
14_20240828 07,3281.0648451584984
14_20240828 08,4060.604358139994
14_20240828 09,6086.218094772106
14_20240828 10,6527.905780355063
14_20240828 11,6612.989958169596
14_20240828 12,6536.232861339815
14_20240828 13,6813.562470485376
14_20240828 14,6958.785099883951
14_20240828 15,6981.598202199901
14_20240828 16,6930.032969480862
14_20240828 17,6389.669724640879
14_20240828 18,5152.400296298226
14_20240828 19,4720.261335704863
14_20240828 20,4385.552894911536
14_20240828 21,4096.91231398456
14_20240828 22,3722.3653904104076
14_20240828 23,3472.2453585996564
14_20240829 00,3278.844418151184
14_20240829 01,3166.918322635258
14_20240829 02,3090.1433488603416
14_20240829 03,3081.9721513896084
14_20240829 04,3037.6659685391114
14_20240829 05,3072.4002264668898
14_20240829 06,3164.285611794558
14_20240829 07,3312.459718550572
14_20240829 08,3965.495916863748
14_20240829 09,5908.35273119112
14_20240829 10,6354.760377510197
14_20240829 11,6545.802913959211
14_20240829 12,6306.451229467979
14_20240829 13,6692.392009938732
14_20240829 14,6843.6380816489345
14_20240829 15,6923.437621077015
14_20240829 16,6806.111314110005
14_20240829 17,6167.190926143163
14_20240829 18,5013.168171132091
14_20240829 19,4492.219840811424
14_20240829 20,4253.704337784769
14_20240829 21,3961.9998504462346
14_20240829 22,3623.717318691506
14_20240829 23,3372.600699074056
14_20240830 00,3178.4341426364554
14_20240830 01,3080.546992401786
14_20240830 02,3032.0431791863202
14_20240830 03,2985.3098636743275
14_20240830 04,2956.349017346684
14_20240830 05,2987.8822292117834
14_20240830 06,3094.5299738050635
14_20240830 07,3234.361368692721
14_20240830 08,3936.2022625816435
14_20240830 09,5902.774650170239
14_20240830 10,6200.048282872566
14_20240830 11,6452.35733849025
14_20240830 12,6238.508620059422
14_20240830 13,6529.582890451738
14_20240830 14,6654.309451115615
14_20240830 15,6713.682012733632
14_20240830 16,6634.823625311061
14_20240830 17,6050.458354727692
14_20240830 18,4894.460960519599
14_20240830 19,4386.378174095311
14_20240830 20,4103.93656232891
14_20240830 21,3831.513796556891
14_20240830 22,3472.680844277873
14_20240830 23,3246.152694036003
14_20240831 00,3103.431018976212
14_20240831 01,3006.7668792108693
14_20240831 02,2973.1252259168577
14_20240831 03,2949.9235306586743
14_20240831 04,2911.099326230387
14_20240831 05,2884.664956946001
14_20240831 06,2859.987395042607
14_20240831 07,2883.5046410770365
14_20240831 08,3087.121180582674
14_20240831 09,3444.003929224107
14_20240831 10,3523.892403929761
14_20240831 11,3627.5997904540636
14_20240831 12,3628.328803574839
14_20240831 13,3696.091640817522
14_20240831 14,3955.0434132962755
14_20240831 15,4122.601110324445
14_20240831 16,4102.566076288427
14_20240831 17,4034.0012035389664
14_20240831 18,3833.1576620562787
14_20240831 19,3733.6307598872872
14_20240831 20,3693.2843664253114
14_20240831 21,3532.0329018125185
14_20240831 22,3329.1028289501264
14_20240831 23,3268.3514457156725
15_20240825 00,2829.974349619165
15_20240825 01,2823.3669209988952
15_20240825 02,2825.7743143488788
15_20240825 03,2823.096665002847
15_20240825 04,2825.1260188613564
15_20240825 05,2824.8755583387983
15_20240825 06,2770.5136733533936
15_20240825 07,2790.1361316980124
15_20240825 08,2677.3091587540184
15_20240825 09,2455.5136300665954
15_20240825 10,2341.054565775662
15_20240825 11,2398.7352164857
15_20240825 12,2357.449252753984
15_20240825 13,2298.907471630216
15_20240825 14,2383.898504726725
15_20240825 15,2548.3020825731783
15_20240825 16,2691.168633928136
15_20240825 17,2794.6079667986814
15_20240825 18,2864.0197622222777
15_20240825 19,2976.863654674906
15_20240825 20,2950.866793500095
15_20240825 21,2912.5975755659765
15_20240825 22,2906.3733529401443
15_20240825 23,2875.206641338384
15_20240826 00,2894.6937608535927
15_20240826 01,2925.0076250789443
15_20240826 02,2930.9996848852115
15_20240826 03,2929.026351863284
15_20240826 04,2950.5241757726553
15_20240826 05,3060.9803091704453
15_20240826 06,3176.4422980144636
15_20240826 07,3442.5474425651764
15_20240826 08,3581.3894021616934
15_20240826 09,4071.9340232936606
15_20240826 10,4159.609085715555
15_20240826 11,4207.719683538986
15_20240826 12,4131.96391351061
15_20240826 13,4199.644649705551
15_20240826 14,4429.170697486209
15_20240826 15,4474.020361390697
15_20240826 16,4467.712424539073
15_20240826 17,4477.669285452469
15_20240826 18,3842.2315520698485
15_20240826 19,3563.199997595147
15_20240826 20,3502.008544608949
15_20240826 21,3321.2833437566705
15_20240826 22,3227.634976144027
15_20240826 23,3169.238692565521
15_20240827 00,3066.7549931211847
15_20240827 01,3070.940449338607
15_20240827 02,3075.6831534314924
15_20240827 03,3061.94917940549
15_20240827 04,3047.281176746291
15_20240827 05,3108.757784108784
15_20240827 06,3187.518167016567
15_20240827 07,3355.251275669019
15_20240827 08,3673.1624731649076
15_20240827 09,4075.6621292028267
15_20240827 10,4160.686533970739
15_20240827 11,3958.55571503621
15_20240827 12,3941.033579009888
15_20240827 13,4239.068227552398
15_20240827 14,4478.694796036213
15_20240827 15,4498.0964080738395
15_20240827 16,4489.471334913287
15_20240827 17,4437.626916953133
15_20240827 18,3755.12363712552
15_20240827 19,3533.9293546197273
15_20240827 20,3410.444936246554
15_20240827 21,3250.3551535529746
15_20240827 22,3164.5834616388825
15_20240827 23,3092.354699464129
15_20240828 00,3018.0567213923127
15_20240828 01,3001.5308167323433
15_20240828 02,2988.4910754948564
15_20240828 03,2975.4124322331586
15_20240828 04,2994.5071254681116
15_20240828 05,3058.1114042181734
15_20240828 06,3148.3256607574667
15_20240828 07,3314.07416863437
15_20240828 08,3620.0709679441843
15_20240828 09,4232.100899565356
15_20240828 10,4217.762300288099
15_20240828 11,4160.458636394476
15_20240828 12,4093.508432090225
15_20240828 13,4053.2136554435183
15_20240828 14,4172.1725587998735
15_20240828 15,4245.7364629601725
15_20240828 16,4312.844321071005
15_20240828 17,4108.001344007938
15_20240828 18,3581.624052571895
15_20240828 19,3389.155253383484
15_20240828 20,3312.092534986268
15_20240828 21,3231.8807574579305
15_20240828 22,3140.180328452322
15_20240828 23,3094.3634079965127
15_20240829 00,3020.9083334375873
15_20240829 01,3006.8168658735813
15_20240829 02,2988.3428521918495
15_20240829 03,2966.128231174329
15_20240829 04,2978.195753875567
15_20240829 05,3037.031667209175
15_20240829 06,3113.0411690933506
15_20240829 07,3207.217535424474
15_20240829 08,3497.6073151727423
15_20240829 09,3803.9160671352492
15_20240829 10,3809.6918699860535
15_20240829 11,3713.448375132555
15_20240829 12,3793.9241619049776
15_20240829 13,3790.886378517635
15_20240829 14,3788.3654001097875
15_20240829 15,3880.6746850919303
15_20240829 16,3877.934110403674
15_20240829 17,3903.712549955059
15_20240829 18,3506.9507684680257
15_20240829 19,3386.7513393466097
15_20240829 20,3278.71887126302
15_20240829 21,3184.3083994054177
15_20240829 22,3061.120654004929
15_20240829 23,3021.17691170981
15_20240830 00,2904.2248099117132
15_20240830 01,2900.2095171597985
15_20240830 02,2873.413374222468
15_20240830 03,2881.4474075799762
15_20240830 04,2864.01217857799
15_20240830 05,2943.672970696757
15_20240830 06,2988.1476864501346
15_20240830 07,3150.437197867993
15_20240830 08,3303.7306754037927
15_20240830 09,3749.3003389957175
15_20240830 10,3728.576779141582
15_20240830 11,3635.5144282180945
15_20240830 12,3628.748026831007
15_20240830 13,3682.5969211527404
15_20240830 14,3758.6005672049696
15_20240830 15,3761.477883425102
15_20240830 16,3724.7353843876494
15_20240830 17,3709.770335185134
15_20240830 18,3257.1888117420185
15_20240830 19,3121.9578124753093
15_20240830 20,3081.5386620268655
15_20240830 21,2935.13112094209
15_20240830 22,2900.6413867580204
15_20240830 23,2849.6331764723527
15_20240831 00,2728.9051926807842
15_20240831 01,2709.8198587053625
15_20240831 02,2692.5702238226454
15_20240831 03,2694.630223227232
15_20240831 04,2695.550770245576
15_20240831 05,2694.6041427897962
15_20240831 06,2669.028897930411
15_20240831 07,2627.3754271762673
15_20240831 08,2509.316381828369
15_20240831 09,2334.5045461136037
15_20240831 10,2241.953783320585
15_20240831 11,2230.263913286355
15_20240831 12,2245.303566381004
15_20240831 13,2164.3428865789247
15_20240831 14,2309.599097003148
15_20240831 15,2369.663567711924
15_20240831 16,2555.167217421035
15_20240831 17,2633.999349963974
15_20240831 18,2742.4062129806734
15_20240831 19,2851.6553107829523
15_20240831 20,2844.547820081727
15_20240831 21,2833.4781542880164
15_20240831 22,2775.8870190235357
15_20240831 23,2766.4114593904806
16_20240825 00,759.0087619168969
16_20240825 01,756.4600444177215
16_20240825 02,761.39007559055
16_20240825 03,760.6388560436199
16_20240825 04,760.3631674372169
16_20240825 05,755.8468670779015
16_20240825 06,749.7232694861731
16_20240825 07,754.5874152466413
16_20240825 08,768.8118840110928
16_20240825 09,782.013997522688
16_20240825 10,792.9513804698144
16_20240825 11,794.1941979381664
16_20240825 12,798.8308922235947
16_20240825 13,798.0509947052005
16_20240825 14,808.7609994790423
16_20240825 15,810.6689202858058
16_20240825 16,806.1392369423296
16_20240825 17,794.9291908492821
16_20240825 18,786.845487773231
16_20240825 19,775.333199168887
16_20240825 20,776.3768871522573
16_20240825 21,768.3932717514203
16_20240825 22,761.8863798374827
16_20240825 23,757.4584279606877
16_20240826 00,762.5459020814227
16_20240826 01,756.1439379908913
16_20240826 02,755.3320657719576
16_20240826 03,761.6206655816715
16_20240826 04,810.3340302254105
16_20240826 05,1010.4963944494573
16_20240826 06,1281.748470699929
16_20240826 07,1420.2709255591917
16_20240826 08,1600.5370351849647
16_20240826 09,1695.4717527947303
16_20240826 10,1695.7286426913988
16_20240826 11,1693.1858140647832
16_20240826 12,1712.7863821930623
16_20240826 13,1709.9569309919534
16_20240826 14,1682.2438233096468
16_20240826 15,1667.4040075873859
16_20240826 16,1637.7496153039167
16_20240826 17,1559.5820653086967
16_20240826 18,1194.0402757581828
16_20240826 19,957.3973948649582
16_20240826 20,874.4196508974917
16_20240826 21,812.525795902274
16_20240826 22,785.2679766931196
16_20240826 23,768.7081080320055
16_20240827 00,757.5275242809485
16_20240827 01,756.5162413946512
16_20240827 02,756.838092330255
16_20240827 03,758.9420966258147
16_20240827 04,768.1552629411244
16_20240827 05,926.6209215795118
16_20240827 06,1204.8525835846767
16_20240827 07,1327.2124675808288
16_20240827 08,1496.27853331006
16_20240827 09,1584.420315564098
16_20240827 10,1580.1101755218365
16_20240827 11,1564.6165591036136
16_20240827 12,1596.357041577662
16_20240827 13,1608.7109020384776
16_20240827 14,1578.571099315358
16_20240827 15,1552.2961643402546
16_20240827 16,1543.566564240119
16_20240827 17,1494.5575428138063
16_20240827 18,1183.0020641556548
16_20240827 19,948.1348259516667
16_20240827 20,872.8298908243636
16_20240827 21,804.539806170516
16_20240827 22,774.6402318422861
16_20240827 23,761.5454323571628
16_20240828 00,749.8756966058536
16_20240828 01,749.171231582193
16_20240828 02,748.7359516956449
16_20240828 03,750.7831181405713
16_20240828 04,758.3078285598945
16_20240828 05,874.1154654067313
16_20240828 06,1139.534627988588
16_20240828 07,1257.9594012232117
16_20240828 08,1466.5765876410633
16_20240828 09,1586.4715207063878
16_20240828 10,1584.5288697302487
16_20240828 11,1626.2367138325699
16_20240828 12,1669.2811663759248
16_20240828 13,1674.3871184138338
16_20240828 14,1639.8926040574265
16_20240828 15,1607.8684749978731
16_20240828 16,1592.037887676539
16_20240828 17,1515.190144734006
16_20240828 18,1176.8062798586993
16_20240828 19,938.8226992208797
16_20240828 20,863.535280065925
16_20240828 21,807.1307760965847
16_20240828 22,780.6082248122193
16_20240828 23,764.3706965516311
16_20240829 00,756.944228220663
16_20240829 01,753.899359250981
16_20240829 02,748.8157691569614
16_20240829 03,751.1000252609942
16_20240829 04,756.5577855358679
16_20240829 05,861.5620790012941
16_20240829 06,1106.7188767151438
16_20240829 07,1229.097247225072
16_20240829 08,1408.2746156536766
16_20240829 09,1535.3550831574262
16_20240829 10,1534.8946836318169
16_20240829 11,1579.6223750087902
16_20240829 12,1628.3400192750657
16_20240829 13,1627.2657052423365
16_20240829 14,1585.9209778227255
16_20240829 15,1563.882523705324
16_20240829 16,1557.2007635363234
16_20240829 17,1480.7801043036927
16_20240829 18,1154.6531101556998
16_20240829 19,943.6092900700614
16_20240829 20,861.6292348928567
16_20240829 21,799.1595990391661
16_20240829 22,774.0547046158374
16_20240829 23,759.7832642403164
16_20240830 00,753.0259957462822
16_20240830 01,752.040130496007
16_20240830 02,744.2732890518166
16_20240830 03,747.3451713120472
16_20240830 04,755.478311904951
16_20240830 05,865.1251804490729
16_20240830 06,1155.56841467019
16_20240830 07,1247.7634622211963
16_20240830 08,1437.9684785918664
16_20240830 09,1531.9062636124524
16_20240830 10,1535.1479461953586
16_20240830 11,1576.1761946929787
16_20240830 12,1603.837869161803
16_20240830 13,1596.7341594945776
16_20240830 14,1580.5843781019273
16_20240830 15,1575.2780306242064
16_20240830 16,1565.3382171608641
16_20240830 17,1476.3196348313043
16_20240830 18,1148.2974207307468
16_20240830 19,920.7870237876468
16_20240830 20,854.1208996702691
16_20240830 21,793.7737695114213
16_20240830 22,771.7093220760302
16_20240830 23,756.1961684747159
16_20240831 00,742.5383063222464
16_20240831 01,741.041932711341
16_20240831 02,738.3383041600358
16_20240831 03,739.0794454171219
16_20240831 04,739.894834759509
16_20240831 05,735.0626188286335
16_20240831 06,731.3359390759622
16_20240831 07,739.7906347182162
16_20240831 08,750.0877143623019
16_20240831 09,780.7897472774209
16_20240831 10,810.5371133205186
16_20240831 11,820.6747852963032
16_20240831 12,828.0041626690431
16_20240831 13,827.400783262756
16_20240831 14,833.9106730986609
16_20240831 15,832.2677459648378
16_20240831 16,831.8717071718671
16_20240831 17,803.8909125404766
16_20240831 18,788.4431573218518
16_20240831 19,774.6617734215166
16_20240831 20,772.6069527224876
16_20240831 21,762.3259104715437
16_20240831 22,758.3903544861604
16_20240831 23,751.2318941719525
17_20240825 00,2078.78644303382
17_20240825 01,2034.3553018426571
17_20240825 02,1996.4150852041075
17_20240825 03,1980.5087047522857
17_20240825 04,1987.439720007706
17_20240825 05,2033.4258339959256
17_20240825 06,2145.5672786907953
17_20240825 07,2284.805092072322
17_20240825 08,2382.0367539415724
17_20240825 09,2468.9241012457787
17_20240825 10,2515.899606712703
17_20240825 11,2576.55240713653
17_20240825 12,2523.099759552286
17_20240825 13,2523.74203525971
17_20240825 14,2519.4126510541596
17_20240825 15,2505.8406873983354
17_20240825 16,2477.627198244383
17_20240825 17,2431.3807257956396
17_20240825 18,2361.996241270304
17_20240825 19,2277.587671546368
17_20240825 20,2229.7091506311963
17_20240825 21,2203.0491427407032
17_20240825 22,2174.7534209762566
17_20240825 23,2118.1407874784963
17_20240826 00,2105.6232547331037
17_20240826 01,2070.561012465776
17_20240826 02,2042.0622111058763
17_20240826 03,2039.710410961217
17_20240826 04,2073.413913340619
17_20240826 05,2231.8640326882887
17_20240826 06,2626.191349396614
17_20240826 07,3045.1899974698117
17_20240826 08,3449.805687079417
17_20240826 09,3761.197605945768
17_20240826 10,3813.900290323213
17_20240826 11,3868.602514422826
17_20240826 12,3853.3672956569453
17_20240826 13,3844.156453631514
17_20240826 14,3881.0352721085274
17_20240826 15,3824.963790341417
17_20240826 16,3760.9599748504315
17_20240826 17,3453.3848560546785
17_20240826 18,2895.0204738354323
17_20240826 19,2632.553052017737
17_20240826 20,2465.935112818277
17_20240826 21,2344.000732488412
17_20240826 22,2249.935497814262
17_20240826 23,2178.620263283107
17_20240827 00,2106.188509275813
17_20240827 01,2076.789848477241
17_20240827 02,2039.3462533370428
17_20240827 03,2035.7555983418476
17_20240827 04,2075.174807169818
17_20240827 05,2228.4720397835636
17_20240827 06,2630.938012953804
17_20240827 07,2969.741571074771
17_20240827 08,3364.940021794858
17_20240827 09,3588.924793350896
17_20240827 10,3620.1613860073194
17_20240827 11,3645.033432522895
17_20240827 12,3603.4116120471795
17_20240827 13,3601.5345176246606
17_20240827 14,3676.142879195083
17_20240827 15,3664.902595121351
17_20240827 16,3600.0915444585694
17_20240827 17,3346.89333246318
17_20240827 18,2807.909189512203
17_20240827 19,2577.9111641184463
17_20240827 20,2447.7091713307423
17_20240827 21,2349.126610398672
17_20240827 22,2229.8839938157216
17_20240827 23,2113.9719914598486
17_20240828 00,2040.9450215863694
17_20240828 01,2026.282969851511
17_20240828 02,1959.9828021513606
17_20240828 03,1935.1306214244225
17_20240828 04,1984.9513722300253
17_20240828 05,2073.7784195366453
17_20240828 06,2449.997684753775
17_20240828 07,2874.680912406573
17_20240828 08,3277.4413810597275
17_20240828 09,3594.2136725145565
17_20240828 10,3597.806963816116
17_20240828 11,3696.681308637318
17_20240828 12,3709.8984262157996
17_20240828 13,3726.621367929032
17_20240828 14,3758.029902328255
17_20240828 15,3694.3697599529105
17_20240828 16,3679.4118806055994
17_20240828 17,3374.262498704206
17_20240828 18,2873.0601175550264
17_20240828 19,2578.7174991029474
17_20240828 20,2435.0842261944804
17_20240828 21,2357.317605450766
17_20240828 22,2267.124177911874
17_20240828 23,2153.7827816573367
17_20240829 00,2060.1466436502396
17_20240829 01,1984.0126214510042
17_20240829 02,1938.1273177911944
17_20240829 03,1932.8211753575583
17_20240829 04,1934.347694431376
17_20240829 05,2047.195823949241
17_20240829 06,2404.2659801658015
17_20240829 07,2868.802302532803
17_20240829 08,3253.6865193340072
17_20240829 09,3540.6741989981424
17_20240829 10,3583.2436142802544
17_20240829 11,3666.539356123338
17_20240829 12,3673.4266490342598
17_20240829 13,3695.6494247980636
17_20240829 14,3714.052439460135
17_20240829 15,3665.0196174840503
17_20240829 16,3633.24256727052
17_20240829 17,3351.266663508651
17_20240829 18,2809.8814240290476
17_20240829 19,2519.620326525095
17_20240829 20,2399.374823365205
17_20240829 21,2298.9125587205644
17_20240829 22,2214.754744072309
17_20240829 23,2103.512000378728
17_20240830 00,2000.8375210672539
17_20240830 01,1953.5130251171636
17_20240830 02,1905.7205448803816
17_20240830 03,1874.2327850951483
17_20240830 04,1903.6690723148279
17_20240830 05,2035.9150386510853
17_20240830 06,2377.324768860125
17_20240830 07,2876.593055107942
17_20240830 08,3270.2997372897753
17_20240830 09,3584.2640059825158
17_20240830 10,3620.3423528517133
17_20240830 11,3656.7913131981513
17_20240830 12,3643.9554188510447
17_20240830 13,3630.9059470221437
17_20240830 14,3650.8947215215685
17_20240830 15,3623.9334298955937
17_20240830 16,3603.7229379711607
17_20240830 17,3289.2860696523326
17_20240830 18,2758.2068411805853
17_20240830 19,2464.160144136534
17_20240830 20,2324.043925237243
17_20240830 21,2175.700148862884
17_20240830 22,2139.724206674633
17_20240830 23,2043.7170899700682
17_20240831 00,1964.83478913769
17_20240831 01,1932.2968139725708
17_20240831 02,1884.9820989827285
17_20240831 03,1857.3290458957797
17_20240831 04,1871.7452261361516
17_20240831 05,1929.1505994721456
17_20240831 06,2109.352997946151
17_20240831 07,2325.793229871047
17_20240831 08,2467.5629598509818
17_20240831 09,2600.6309790577225
17_20240831 10,2690.338671899832
17_20240831 11,2751.2523124422487
17_20240831 12,2706.0999176554847
17_20240831 13,2670.2473377498372
17_20240831 14,2547.7031247350697
17_20240831 15,2538.153672326586
17_20240831 16,2516.683645254442
17_20240831 17,2441.497733303693
17_20240831 18,2316.5546018549903
17_20240831 19,2215.1626438538033
17_20240831 20,2138.5291810332815
17_20240831 21,2100.886306201559
17_20240831 22,2034.3131942473024
17_20240831 23,2000.0198592885017
18_20240825 00,567.3229582751532
18_20240825 01,549.9769107262241
18_20240825 02,534.4170898262878
18_20240825 03,535.843073846093
18_20240825 04,543.9033232544757
18_20240825 05,662.121677494247
18_20240825 06,910.4994146380209
18_20240825 07,1120.4101828445073
18_20240825 08,1386.9385655097185
18_20240825 09,1623.8197048192005
18_20240825 10,1696.081512818158
18_20240825 11,1703.5666346541611
18_20240825 12,1762.3274165146365
18_20240825 13,1707.9005840726304
18_20240825 14,1693.8334540524224
18_20240825 15,1660.122318671452
18_20240825 16,1447.5822408099496
18_20240825 17,1229.660712991643
18_20240825 18,937.7840166526853
18_20240825 19,841.5417105377592
18_20240825 20,802.887583181042
18_20240825 21,717.4796685761071
18_20240825 22,643.6462282819581
18_20240825 23,563.9352771779303
18_20240826 00,548.9136268137397
18_20240826 01,540.4807624192701
18_20240826 02,539.701748452628
18_20240826 03,541.3749601076715
18_20240826 04,549.7510972362791
18_20240826 05,624.5207156692293
18_20240826 06,774.4743082774008
18_20240826 07,1006.9086984197091
18_20240826 08,1323.7626413812804
18_20240826 09,1663.2782069928946
18_20240826 10,2076.1922014916404
18_20240826 11,2152.3061066549726
18_20240826 12,2172.3156139051703
18_20240826 13,2151.237921815324
18_20240826 14,2118.239946035642
18_20240826 15,2079.1271494878783
18_20240826 16,2020.12027410973
18_20240826 17,2010.2659332444905
18_20240826 18,2014.036449300464
18_20240826 19,1963.7504542588117
18_20240826 20,1909.5708166977192
18_20240826 21,1640.3108952565635
18_20240826 22,890.3857478542368
18_20240826 23,612.9669846116659
18_20240827 00,561.3718527885817
18_20240827 01,545.7174762975827
18_20240827 02,543.220169993673
18_20240827 03,548.7284670952885
18_20240827 04,559.0354086777725
18_20240827 05,633.4264811229151
18_20240827 06,777.1467988497914
18_20240827 07,1021.1186390115031
18_20240827 08,1308.0652106971634
18_20240827 09,1639.8198051503132
18_20240827 10,2081.1797069564236
18_20240827 11,2146.5482673289953
18_20240827 12,2154.853964507803
18_20240827 13,2176.137881107292
18_20240827 14,2159.890835977252
18_20240827 15,2145.7785114491435
18_20240827 16,2067.213478836112
18_20240827 17,2050.167573329925
18_20240827 18,2016.3418713399685
18_20240827 19,1999.1456752610013
18_20240827 20,1935.4818591846467
18_20240827 21,1648.0724469774773
18_20240827 22,934.4556088059383
18_20240827 23,620.2504331495434
18_20240828 00,571.5139565105824
18_20240828 01,556.1758912810002
18_20240828 02,547.8182532687322
18_20240828 03,544.9897190621922
18_20240828 04,554.3847464194318
18_20240828 05,636.889080729699
18_20240828 06,726.4336178671884
18_20240828 07,966.7377047421924
18_20240828 08,1308.6520263723314
18_20240828 09,1757.741341225122
18_20240828 10,2237.6407352447604
18_20240828 11,2319.3893803712963
18_20240828 12,2328.4606837485712
18_20240828 13,2283.2330163278016
18_20240828 14,2248.1116762050583
18_20240828 15,2211.9536676313583
18_20240828 16,2146.1903088324916
18_20240828 17,2144.014850674612
18_20240828 18,2177.81979839783
18_20240828 19,2183.7403248730798
18_20240828 20,2111.243084906255
18_20240828 21,1790.0914789259923
18_20240828 22,928.8691641028993
18_20240828 23,630.2671617450176
18_20240829 00,571.3373179082679
18_20240829 01,556.3927184458125
18_20240829 02,551.0573831006658
18_20240829 03,544.0228579397465
18_20240829 04,556.6535492639745
18_20240829 05,638.7479794525289
18_20240829 06,726.4706098814142
18_20240829 07,991.6739753593322
18_20240829 08,1288.2366204713483
18_20240829 09,1636.1238528187127
18_20240829 10,2077.1607833130083
18_20240829 11,2203.908201119024
18_20240829 12,2227.5170368802756
18_20240829 13,2239.3282184528975
18_20240829 14,2203.2699457323533
18_20240829 15,2147.5188069874484
18_20240829 16,2067.828632456383
18_20240829 17,2049.2212243200543
18_20240829 18,2023.2265951938602
18_20240829 19,2009.961269244861
18_20240829 20,1927.8596324887214
18_20240829 21,1622.242146585289
18_20240829 22,933.8856348718386
18_20240829 23,632.4811810329666
18_20240830 00,569.2105999760611
18_20240830 01,553.825928637876
18_20240830 02,541.6595260553754
18_20240830 03,539.0779419708762
18_20240830 04,551.3195800073404
18_20240830 05,620.5001135958067
18_20240830 06,728.0259714216071
18_20240830 07,1025.6312376276114
18_20240830 08,1342.6391647096307
18_20240830 09,1688.2555403696756
18_20240830 10,2106.0037817844345
18_20240830 11,2192.974018095198
18_20240830 12,2204.6953219251786
18_20240830 13,2210.8121030835614
18_20240830 14,2200.1552909721513
18_20240830 15,2176.344546772612
18_20240830 16,2127.7374795666105
18_20240830 17,2136.551625849995
18_20240830 18,2159.466111646133
18_20240830 19,2193.9207820529505
18_20240830 20,2128.961641365092
18_20240830 21,1786.6303998075925
18_20240830 22,1001.6093998428814
18_20240830 23,636.2505061336047
18_20240831 00,564.8896938456005
18_20240831 01,550.8103337487147
18_20240831 02,547.6434624704758
18_20240831 03,541.955807287738
18_20240831 04,549.3422116301319
18_20240831 05,632.1265422003448
18_20240831 06,737.6864644356824
18_20240831 07,995.4457342005601
18_20240831 08,1358.1905173040946
18_20240831 09,1756.667681384072
18_20240831 10,2204.3491837110587
18_20240831 11,2274.9224727083692
18_20240831 12,2302.0901753068774
18_20240831 13,2301.796974659738
18_20240831 14,2288.506570132175
18_20240831 15,2261.2514419600857
18_20240831 16,2188.162263286904
18_20240831 17,2140.4301926415765
18_20240831 18,2048.6456837691444
18_20240831 19,2019.8930142491686
18_20240831 20,1962.5349173313493
18_20240831 21,1670.0581965944366
18_20240831 22,962.6413366999461
18_20240831 23,639.7941403884686
19_20240825 00,496.7686969846191
19_20240825 01,433.16435265029776
19_20240825 02,410.78345620371056
19_20240825 03,410.03960890661693
19_20240825 04,409.4720011739016
19_20240825 05,436.9358149485562
19_20240825 06,602.7947218689546
19_20240825 07,660.1828561720763
19_20240825 08,1031.9316090134628
19_20240825 09,1765.5214388624572
19_20240825 10,2681.6759662835966
19_20240825 11,2923.593902687009
19_20240825 12,2922.920523785411
19_20240825 13,2938.4769248188454
19_20240825 14,2963.310281358331
19_20240825 15,2969.244063980009
19_20240825 16,2948.3973315831026
19_20240825 17,2922.1875292437976
19_20240825 18,2912.1588228500173
19_20240825 19,2807.0229503406085
19_20240825 20,2276.614241537116
19_20240825 21,991.5911986806177
19_20240825 22,727.1246187932406
19_20240825 23,587.9233645141672
19_20240826 00,463.637117397481
19_20240826 01,420.1053210907024
19_20240826 02,406.8877192795687
19_20240826 03,406.712007139362
19_20240826 04,406.9569587315701
19_20240826 05,424.1343086998029
19_20240826 06,577.8171521895251
19_20240826 07,633.5453300483134
19_20240826 08,972.812447070816
19_20240826 09,1690.1643797473528
19_20240826 10,2660.1586583179796
19_20240826 11,2948.2579467650285
19_20240826 12,2936.568377853995
19_20240826 13,2914.8216070718786
19_20240826 14,2916.5598001740673
19_20240826 15,2906.2723336668646
19_20240826 16,2865.300687540676
19_20240826 17,2840.542086189489
19_20240826 18,2805.2717423329987
19_20240826 19,2545.412310626744
19_20240826 20,1557.2402426800354
19_20240826 21,858.3114129509283
19_20240826 22,708.1634498932519
19_20240826 23,577.945773742075
19_20240827 00,468.3774004122473
19_20240827 01,427.29910891840177
19_20240827 02,409.6646977859439
19_20240827 03,407.1675562877631
19_20240827 04,407.7172437831959
19_20240827 05,435.78466971564393
19_20240827 06,603.1950577022176
19_20240827 07,657.7869054187009
19_20240827 08,1015.8678391370131
19_20240827 09,1752.4749020021663
19_20240827 10,2665.816670853885
19_20240827 11,2930.7186583152547
19_20240827 12,2950.277377208982
19_20240827 13,2904.4990692736765
19_20240827 14,2924.715847598412
19_20240827 15,2899.6908365482595
19_20240827 16,2878.698712795004
19_20240827 17,2852.1475934030786
19_20240827 18,2840.338817748905
19_20240827 19,2735.5935261682284
19_20240827 20,1771.835081390338
19_20240827 21,868.4130820122128
19_20240827 22,713.474656610168
19_20240827 23,627.2720059572789
19_20240828 00,501.0641593238556
19_20240828 01,443.7133713033425
19_20240828 02,413.43908059763726
19_20240828 03,422.442922675115
19_20240828 04,418.13564534424205
19_20240828 05,439.81721399409105
19_20240828 06,584.5412747880544
19_20240828 07,637.8381250618827
19_20240828 08,989.342154817931
19_20240828 09,1805.5538598396647
19_20240828 10,2687.838061515326
19_20240828 11,2974.474490827433
19_20240828 12,2971.1176723642316
19_20240828 13,2962.402390483204
19_20240828 14,2994.007101131062
19_20240828 15,2983.1696980178194
19_20240828 16,2922.2895119586065
19_20240828 17,2855.965774333892
19_20240828 18,2845.226653051557
19_20240828 19,2718.607626998424
19_20240828 20,1715.5698864464016
19_20240828 21,883.7511392006663
19_20240828 22,723.3084758450743
19_20240828 23,596.563712611551
19_20240829 00,494.30260723252474
19_20240829 01,446.32510480793974
19_20240829 02,416.9498046646719
19_20240829 03,417.4006603255133
19_20240829 04,421.63283189643874
19_20240829 05,457.9331740796489
19_20240829 06,606.6246398578979
19_20240829 07,657.8409547489097
19_20240829 08,1007.0163715636434
19_20240829 09,1768.7945792237188
19_20240829 10,2674.9240695089043
19_20240829 11,2952.6103710698553
19_20240829 12,2948.891570896658
19_20240829 13,2936.582907891977
19_20240829 14,2935.5484152904082
19_20240829 15,2904.0944115949587
19_20240829 16,2861.857245458127
19_20240829 17,2835.588091181541
19_20240829 18,2851.753432595765
19_20240829 19,2716.6201521807516
19_20240829 20,1779.0189470870982
19_20240829 21,956.5543799545444
19_20240829 22,730.5568834850368
19_20240829 23,608.4420960887479
19_20240830 00,515.6866453908058
19_20240830 01,458.91875432530935
19_20240830 02,432.14679465791096
19_20240830 03,414.68549303989744
19_20240830 04,415.9107222422077
19_20240830 05,453.78530727663065
19_20240830 06,600.7327443896015
19_20240830 07,649.1013157745118
19_20240830 08,967.8232649501338
19_20240830 09,1763.8283425042825
19_20240830 10,2638.5859008569228
19_20240830 11,2923.1314985215886
19_20240830 12,2917.1141197616507
19_20240830 13,2921.019970168509
19_20240830 14,2910.1542502095926
19_20240830 15,2896.808780887867
19_20240830 16,2849.61921410828
19_20240830 17,2821.866657014745
19_20240830 18,2818.978197142031
19_20240830 19,2654.2408937316604
19_20240830 20,2196.1623754142765
19_20240830 21,945.504792210493
19_20240830 22,729.1046904126472
19_20240830 23,604.1549292323987
19_20240831 00,502.06420834917924
19_20240831 01,441.3681805881521
19_20240831 02,411.104046381592
19_20240831 03,407.11628124387147
19_20240831 04,410.14198281628717
19_20240831 05,444.99027584233
19_20240831 06,579.1580308125117
19_20240831 07,627.875840406319
19_20240831 08,980.6970091959925
19_20240831 09,1744.7852157868783
19_20240831 10,2626.820486565949
19_20240831 11,2909.9320902313593
19_20240831 12,2922.3464811894455
19_20240831 13,2945.7359903554625
19_20240831 14,2960.2875509368505
19_20240831 15,2947.9029984506255
19_20240831 16,2942.238168624139
19_20240831 17,2911.502690155886
19_20240831 18,2877.8990675684063
19_20240831 19,2683.966681388535
19_20240831 20,2199.266998260976
19_20240831 21,975.9233583994187
19_20240831 22,721.0958559062536
19_20240831 23,603.9550829015136
20_20240825 00,1816.9113701526355
20_20240825 01,1819.034121380281
20_20240825 02,1815.9903872044931
20_20240825 03,1816.8470491353273
20_20240825 04,1807.1745142045334
20_20240825 05,1802.6125282894777
20_20240825 06,1811.359720123795
20_20240825 07,1795.6619904362187
20_20240825 08,1803.721605090761
20_20240825 09,1814.0839355279177
20_20240825 10,1828.2747032258994
20_20240825 11,1828.6866784279462
20_20240825 12,1827.3362745412046
20_20240825 13,1829.990154115117
20_20240825 14,1831.3240655020056
20_20240825 15,1832.2589439636663
20_20240825 16,1829.652473101659
20_20240825 17,1845.1930798529734
20_20240825 18,1825.52167376747
20_20240825 19,1827.2277143822134
20_20240825 20,1826.9731177315766
20_20240825 21,1820.5679941288329
20_20240825 22,1807.3694691917538
20_20240825 23,1814.9150628818934
20_20240826 00,1815.684111673309
20_20240826 01,1825.6600627242929
20_20240826 02,1813.6877472035778
20_20240826 03,1815.0536940238972
20_20240826 04,1818.4282241941244
20_20240826 05,1812.0388015645572
20_20240826 06,1998.5712070106315
20_20240826 07,2137.573843965966
20_20240826 08,2171.073409024684
20_20240826 09,2317.537165850792
20_20240826 10,2350.8073134276883
20_20240826 11,2332.3733494014696
20_20240826 12,2330.3693749953873
20_20240826 13,2328.062297949997
20_20240826 14,2355.106293571327
20_20240826 15,2311.380854093258
20_20240826 16,2246.730235476127
20_20240826 17,2215.3190305785747
20_20240826 18,2039.2915059843945
20_20240826 19,1945.3728832675142
20_20240826 20,1897.8850618286488
20_20240826 21,1871.003794563579
20_20240826 22,1854.471312661211
20_20240826 23,1845.0605001849415
20_20240827 00,1828.013714884621
20_20240827 01,1828.895630608297
20_20240827 02,1822.382784125861
20_20240827 03,1821.5922236316326
20_20240827 04,1817.2113089443274
20_20240827 05,1815.3125933281347
20_20240827 06,2001.4778067756124
20_20240827 07,2116.9519505285652
20_20240827 08,2162.3285954542052
20_20240827 09,2295.5102912304933
20_20240827 10,2338.6794904671724
20_20240827 11,2321.065254770726
20_20240827 12,2320.9775409041563
20_20240827 13,2319.848150185783
20_20240827 14,2338.6425152473903
20_20240827 15,2281.7993178214074
20_20240827 16,2223.9492131933994
20_20240827 17,2179.7307703069564
20_20240827 18,2012.9490817322783
20_20240827 19,1933.8409986353367
20_20240827 20,1881.0270464850241
20_20240827 21,1861.6437098820938
20_20240827 22,1839.1906665185743
20_20240827 23,1828.0489503581284
20_20240828 00,1822.0642887955846
20_20240828 01,1820.8270523478272
20_20240828 02,1809.1565576748837
20_20240828 03,1810.7456994356512
20_20240828 04,1811.7614794202514
20_20240828 05,1812.132998443499
20_20240828 06,1975.7309800276953
20_20240828 07,2099.254668453098
20_20240828 08,2145.786371024809
20_20240828 09,2259.9222907497924
20_20240828 10,2302.5771756987006
20_20240828 11,2280.695591513642
20_20240828 12,2285.1509543898746
20_20240828 13,2292.9384906650084
20_20240828 14,2329.739469349578
20_20240828 15,2268.881497753514
20_20240828 16,2216.864133992014
20_20240828 17,2195.205023693222
20_20240828 18,2013.0833183623754
20_20240828 19,1922.788466375232
20_20240828 20,1873.7551877479455
20_20240828 21,1847.4656190194114
20_20240828 22,1834.2916078841317
20_20240828 23,1825.1622517850633
20_20240829 00,1829.0208342844212
20_20240829 01,1822.6924217930778
20_20240829 02,1820.5067452414473
20_20240829 03,1824.0214452701116
20_20240829 04,1816.8000363703884
20_20240829 05,1818.2233850139726
20_20240829 06,1978.3509042385822
20_20240829 07,2106.922199740979
20_20240829 08,2156.1076795782997
20_20240829 09,2261.3906993005908
20_20240829 10,2331.904274163085
20_20240829 11,2302.0586746574745
20_20240829 12,2301.5296924783247
20_20240829 13,2307.7924023661053
20_20240829 14,2335.9779656743394
20_20240829 15,2254.5399675150484
20_20240829 16,2218.3083200617766
20_20240829 17,2195.428319290898
20_20240829 18,2007.2690946575824
20_20240829 19,1932.0889934118386
20_20240829 20,1904.1125413544983
20_20240829 21,1862.724654867961
20_20240829 22,1847.682101833972
20_20240829 23,1840.0917125693202
20_20240830 00,1826.6553786428321
20_20240830 01,1817.6914256871098
20_20240830 02,1814.712890893353
20_20240830 03,1814.0786746615727
20_20240830 04,1814.2303813605276
20_20240830 05,1817.9195215213326
20_20240830 06,1975.5786074908879
20_20240830 07,2122.7164858387914
20_20240830 08,2146.4401151098505
20_20240830 09,2261.514600515083
20_20240830 10,2316.8945393737213
20_20240830 11,2299.5441532060513
20_20240830 12,2292.6295344321093
20_20240830 13,2291.238680853835
20_20240830 14,2314.1951801388527
20_20240830 15,2279.749291496476
20_20240830 16,2203.4010418899497
20_20240830 17,2195.1632139023595
20_20240830 18,2005.2369783180075
20_20240830 19,1918.627789449662
20_20240830 20,1887.795772988507
20_20240830 21,1847.3098513250416
20_20240830 22,1839.7393528853154
20_20240830 23,1831.0212159465382
20_20240831 00,1813.2539363813696
20_20240831 01,1812.0828954300791
20_20240831 02,1811.195824952526
20_20240831 03,1811.3061461815882
20_20240831 04,1813.4620720141359
20_20240831 05,1811.2268544198405
20_20240831 06,1812.548636587413
20_20240831 07,1812.5755547575163
20_20240831 08,1803.4470170220504
20_20240831 09,1807.5260406285765
20_20240831 10,1815.8973290793601
20_20240831 11,1827.7915678472461
20_20240831 12,1836.6103123646842
20_20240831 13,1830.7486456280776
20_20240831 14,1832.2989092145124
20_20240831 15,1830.8652434619503
20_20240831 16,1833.8066847226366
20_20240831 17,1849.0261341300625
20_20240831 18,1813.9768385209295
20_20240831 19,1806.8606187523526
20_20240831 20,1810.9088878796329
20_20240831 21,1813.696748808884
20_20240831 22,1811.150852121424
20_20240831 23,1811.215848549029
21_20240825 00,2648.162196396561
21_20240825 01,2646.243698157511
21_20240825 02,2623.5380253250696
21_20240825 03,2632.549064404
21_20240825 04,2653.1839810486567
21_20240825 05,2732.9180311775353
21_20240825 06,2775.8582328902157
21_20240825 07,2878.6565021533297
21_20240825 08,2951.6439893470124
21_20240825 09,2963.0982158945053
21_20240825 10,3011.8688618217802
21_20240825 11,3015.9662166572566
21_20240825 12,2967.2311681338433
21_20240825 13,2926.660683906005
21_20240825 14,2910.564662734275
21_20240825 15,2944.850810500706
21_20240825 16,2951.065230370187
21_20240825 17,2945.8149299245624
21_20240825 18,2939.986998055695
21_20240825 19,2863.1693683806247
21_20240825 20,2831.6786833885953
21_20240825 21,2761.4293364044324
21_20240825 22,2705.882614512935
21_20240825 23,2705.5993482897084
21_20240826 00,2704.3256692669947
21_20240826 01,2715.4600569442778
21_20240826 02,2700.16333975242
21_20240826 03,2716.8708005302497
21_20240826 04,2737.264285448039
21_20240826 05,2930.650340284374
21_20240826 06,3121.421713753383
21_20240826 07,3421.880097868586
21_20240826 08,3781.6327182588802
21_20240826 09,3866.5877600356353
21_20240826 10,3932.251996817807
21_20240826 11,3924.8283144128204
21_20240826 12,3881.777686742707
21_20240826 13,3838.759997499491
21_20240826 14,3882.146655097572
21_20240826 15,3904.934313732694
21_20240826 16,3857.983750141755
21_20240826 17,3624.385883173797
21_20240826 18,3270.471340398342
21_20240826 19,3069.555789941831
21_20240826 20,2944.3522849181263
21_20240826 21,2841.6292122314635
21_20240826 22,2788.5282992974608
21_20240826 23,2737.0664588459185
21_20240827 00,2704.1785448816513
21_20240827 01,2723.1357626798617
21_20240827 02,2722.038651236635
21_20240827 03,2729.9744330188423
21_20240827 04,2752.198076711776
21_20240827 05,2903.373368769817
21_20240827 06,3107.8771519836655
21_20240827 07,3381.605436144045
21_20240827 08,3721.8348200006285
21_20240827 09,3828.59710366581
21_20240827 10,3871.077276509451
21_20240827 11,3848.5543324736705
21_20240827 12,3846.7871360523577
21_20240827 13,3803.5284643119303
21_20240827 14,3812.89123379507
21_20240827 15,3761.192202346372
21_20240827 16,3766.2194175412233
21_20240827 17,3543.7046740110327
21_20240827 18,3192.359872831221
21_20240827 19,2967.7499254972404
21_20240827 20,2804.9895075238464
21_20240827 21,2725.466529597792
21_20240827 22,2728.5875379409736
21_20240827 23,2610.9079075371856
21_20240828 00,2565.722729443481
21_20240828 01,2571.5166671950938
21_20240828 02,2558.744985437483
21_20240828 03,2581.7737529988317
21_20240828 04,2628.4904409554856
21_20240828 05,2771.7255480761382
21_20240828 06,2962.6802430429043
21_20240828 07,3275.330323053185
21_20240828 08,3632.4769984063687
21_20240828 09,3734.2859764742307
21_20240828 10,3757.4314432699794
21_20240828 11,3800.4796659519698
21_20240828 12,3751.2083548832607
21_20240828 13,3717.449153961851
21_20240828 14,3741.245310101258
21_20240828 15,3793.3078017258144
21_20240828 16,3739.1572088132934
21_20240828 17,3517.160254673077
21_20240828 18,3173.2911804116625
21_20240828 19,2957.393965697196
21_20240828 20,2883.1914170197965
21_20240828 21,2766.283284562315
21_20240828 22,2721.602509414076
21_20240828 23,2683.9815213487946
21_20240829 00,2624.089653910167
21_20240829 01,2626.427755493046
21_20240829 02,2620.725977728142
21_20240829 03,2586.5788178895336
21_20240829 04,2662.7292060562404
21_20240829 05,2825.170876486183
21_20240829 06,3027.468042764745
21_20240829 07,3285.343535947311
21_20240829 08,3648.198479025623
21_20240829 09,3732.3960658503433
21_20240829 10,3772.238902206702
21_20240829 11,3775.2180834141736
21_20240829 12,3734.5287616025425
21_20240829 13,3686.014279281506
21_20240829 14,3713.701679391566
21_20240829 15,3728.354450171749
21_20240829 16,3685.265118339241
21_20240829 17,3466.5236901897247
21_20240829 18,3161.455953985521
21_20240829 19,2960.92319901296
21_20240829 20,2835.0515585069443
21_20240829 21,2759.739395634876
21_20240829 22,2702.749103150727
21_20240829 23,2640.6794008683296
21_20240830 00,2615.8883395839475
21_20240830 01,2623.192233087259
21_20240830 02,2610.0062090846927
21_20240830 03,2624.2631484890444
21_20240830 04,2639.3341673787086
21_20240830 05,2797.558609999787
21_20240830 06,3026.3963060575743
21_20240830 07,3264.3248762367675
21_20240830 08,3614.37348447999
21_20240830 09,3701.2456687968956
21_20240830 10,3754.5419669170246
21_20240830 11,3773.1394988616094
21_20240830 12,3746.640435481124
21_20240830 13,3678.6057852973922
21_20240830 14,3711.899802414113
21_20240830 15,3764.627784892111
21_20240830 16,3729.2629782804115
21_20240830 17,3485.467637409698
21_20240830 18,3184.5549294879547
21_20240830 19,2978.1673089378796
21_20240830 20,2866.349273065304
21_20240830 21,2771.6863704319994
21_20240830 22,2714.3860575485405
21_20240830 23,2666.925833192521
21_20240831 00,2598.3916910489133
21_20240831 01,2584.757709279781
21_20240831 02,2560.2528593792867
21_20240831 03,2576.3901749276797
21_20240831 04,2581.49406073536
21_20240831 05,2645.4605798920456
21_20240831 06,2768.562163071027
21_20240831 07,3026.1007636016875
21_20240831 08,3164.891881044797
21_20240831 09,3180.9189095260826
21_20240831 10,3211.032491532251
21_20240831 11,3242.6588395755925
21_20240831 12,3115.283409552336
21_20240831 13,2930.567651473142
21_20240831 14,2855.276277725723
21_20240831 15,2908.7982033184167
21_20240831 16,2914.841768151867
21_20240831 17,2867.2664720258576
21_20240831 18,2824.340874321092
21_20240831 19,2733.201183456583
21_20240831 20,2704.7727681621827
21_20240831 21,2634.101846922309
21_20240831 22,2546.7639953456373
21_20240831 23,2517.0514502847586
22_20240825 00,1777.8109550259935
22_20240825 01,1750.4134281466181
22_20240825 02,1734.289251221599
22_20240825 03,1706.063828793544
22_20240825 04,1683.117458250651
22_20240825 05,1672.828981441833
22_20240825 06,1666.3382566133191
22_20240825 07,1695.7898579510293
22_20240825 08,1716.2152499014933
22_20240825 09,1721.2190738690617
22_20240825 10,1772.063811033417
22_20240825 11,1823.4126545376025
22_20240825 12,1838.927153117162
22_20240825 13,1919.5268857173978
22_20240825 14,2034.99999277823
22_20240825 15,2100.5762428966127
22_20240825 16,2141.5488811647024
22_20240825 17,2112.663747503804
22_20240825 18,2104.9756539658592
22_20240825 19,2082.4566281598145
22_20240825 20,2070.702929313982
22_20240825 21,2040.6891530340156
22_20240825 22,1968.3371533719333
22_20240825 23,1846.5642144742242
22_20240826 00,1862.2938691928348
22_20240826 01,1796.5564260700526
22_20240826 02,1764.2541840602776
22_20240826 03,1741.8598878205858
22_20240826 04,1729.001344909854
22_20240826 05,1675.2633218155745
22_20240826 06,1690.6941128119336
22_20240826 07,1802.3622169249052
22_20240826 08,2298.5431584498388
22_20240826 09,3040.9758462465206
22_20240826 10,3352.785146695805
22_20240826 11,3440.162246385715
22_20240826 12,3346.4615113234067
22_20240826 13,3526.1262894558063
22_20240826 14,3691.970874953834
22_20240826 15,3692.5901729224
22_20240826 16,3607.0438381493263
22_20240826 17,3313.5409112420834
22_20240826 18,2787.7922322253003
22_20240826 19,2464.8397216099634
22_20240826 20,2354.823573491292
22_20240826 21,2233.322067580243
22_20240826 22,2113.997647903917
22_20240826 23,1981.7724553353178
22_20240827 00,1902.1902908034178
22_20240827 01,1836.6213780031558
22_20240827 02,1807.3496391585911
22_20240827 03,1776.6512528673231
22_20240827 04,1771.6549842416234
22_20240827 05,1715.288858857542
22_20240827 06,1738.1222351094398
22_20240827 07,1870.2790591907406
22_20240827 08,2277.8650065869756
22_20240827 09,2959.4295581103624
22_20240827 10,3145.3310674294644
22_20240827 11,3228.9982809079293
22_20240827 12,3188.1320191795503
22_20240827 13,3475.4841196542257
22_20240827 14,3562.516176745697
22_20240827 15,3366.8586519869514
22_20240827 16,3387.07683769505
22_20240827 17,3147.706491396212
22_20240827 18,2714.4959329752537
22_20240827 19,2430.3295925649277
22_20240827 20,2333.931964042929
22_20240827 21,2224.0151279530937
22_20240827 22,2098.204932008615
22_20240827 23,1954.823133513283
22_20240828 00,1854.5403508719032
22_20240828 01,1795.6816669912573
22_20240828 02,1749.4644962519092
22_20240828 03,1718.157269043284
22_20240828 04,1712.5379642484002
22_20240828 05,1670.7969316922176
22_20240828 06,1697.0220548598795
22_20240828 07,1814.723312877243
22_20240828 08,2255.9840574782575
22_20240828 09,2794.142475632756
22_20240828 10,2974.1887148821356
22_20240828 11,3074.9388401922783
22_20240828 12,2973.255750789365
22_20240828 13,3278.5337949416426
22_20240828 14,3424.5276041894867
22_20240828 15,3483.6253114917286
22_20240828 16,3375.198722412659
22_20240828 17,3058.1213867780098
22_20240828 18,2670.073444912965
22_20240828 19,2398.9119807823854
22_20240828 20,2319.4257080846214
22_20240828 21,2210.7529445317005
22_20240828 22,2079.7447832313137
22_20240828 23,1938.4200247281583
22_20240829 00,1871.9076773830534
22_20240829 01,1817.6583314339787
22_20240829 02,1807.711049729139
22_20240829 03,1754.7904290617091
22_20240829 04,1731.6305637099717
22_20240829 05,1676.5297256847275
22_20240829 06,1691.485104834012
22_20240829 07,1808.0229343882302
22_20240829 08,2219.9793800199063
22_20240829 09,2869.958877195525
22_20240829 10,3099.9410606873025
22_20240829 11,3150.14445158897
22_20240829 12,3092.5061731744736
22_20240829 13,3310.1711489060785
22_20240829 14,3414.621583109825
22_20240829 15,3379.959007128491
22_20240829 16,3342.20870786892
22_20240829 17,3078.361407403514
22_20240829 18,2670.538004738368
22_20240829 19,2396.399279762527
22_20240829 20,2268.7449450151257
22_20240829 21,2176.875572151983
22_20240829 22,2037.0335881856895
22_20240829 23,1896.0989324868838
22_20240830 00,1839.2049325556254
22_20240830 01,1790.7917958482649
22_20240830 02,1760.9708690087098
22_20240830 03,1716.6199195549134
22_20240830 04,1709.31246660316
22_20240830 05,1659.7326145269094
22_20240830 06,1677.1775395143404
22_20240830 07,1774.036049692501
22_20240830 08,2160.1504284431107
22_20240830 09,2796.4381684668638
22_20240830 10,2995.122629531471
22_20240830 11,3064.8566713226924
22_20240830 12,2971.005524646644
22_20240830 13,3162.418145806537
22_20240830 14,3288.417894798419
22_20240830 15,3279.2565219798917
22_20240830 16,3222.9247318290963
22_20240830 17,3014.5542633309356
22_20240830 18,2596.1849202872654
22_20240830 19,2284.4443121866907
22_20240830 20,2164.8474582494086
22_20240830 21,2067.1917593881008
22_20240830 22,1965.9541710305655
22_20240830 23,1815.5695643063855
22_20240831 00,1748.1190567414333
22_20240831 01,1686.3345607968515
22_20240831 02,1679.291308240306
22_20240831 03,1669.3525191978129
22_20240831 04,1626.9418053606787
22_20240831 05,1583.4834077698092
22_20240831 06,1590.2341803635434
22_20240831 07,1640.2260222550904
22_20240831 08,1657.3720294429952
22_20240831 09,1634.8625317358456
22_20240831 10,1755.1914888871042
22_20240831 11,1823.2779141104652
22_20240831 12,1808.192781182115
22_20240831 13,1899.50119002899
22_20240831 14,2033.1634221351906
22_20240831 15,2070.5028266244826
22_20240831 16,2079.047892157886
22_20240831 17,2006.9490798920474
22_20240831 18,1974.7399949815385
22_20240831 19,1916.6407033544604
22_20240831 20,1924.0611374486266
22_20240831 21,1904.9018089410636
22_20240831 22,1804.5790053319733
22_20240831 23,1710.8551705484456
23_20240825 00,1587.3165119172895
23_20240825 01,1572.0098130762885
23_20240825 02,1552.9952209576347
23_20240825 03,1546.0846224854686
23_20240825 04,1549.4229764378142
23_20240825 05,1545.0564668505563
23_20240825 06,1523.2135418452988
23_20240825 07,1497.0364833166038
23_20240825 08,1386.311957837948
23_20240825 09,1256.3150880168546
23_20240825 10,1254.2676995085137
23_20240825 11,1298.7726953475499
23_20240825 12,1213.0870100946306
23_20240825 13,1240.8653894085874
23_20240825 14,1216.531189607994
23_20240825 15,1265.6073873101798
23_20240825 16,1380.152682929648
23_20240825 17,1460.4631212921886
23_20240825 18,1579.9390913551238
23_20240825 19,1603.0387694496576
23_20240825 20,1602.2415171670302
23_20240825 21,1588.011464324283
23_20240825 22,1586.1214851404889
23_20240825 23,1572.0071546705742
23_20240826 00,1708.0456305580944
23_20240826 01,1724.6174144708957
23_20240826 02,1723.5809840425013
23_20240826 03,1723.4394689902463
23_20240826 04,1720.234855094305
23_20240826 05,1723.946527787988
23_20240826 06,1743.320336080766
23_20240826 07,1848.2155560132478
23_20240826 08,2136.752704550967
23_20240826 09,2817.6194317772233
23_20240826 10,2830.0944134872757
23_20240826 11,2665.5609491360483
23_20240826 12,3493.9164984257714
23_20240826 13,3730.1599763174
23_20240826 14,3807.5929089614583
23_20240826 15,3695.551794982034
23_20240826 16,3551.2952209468776
23_20240826 17,3140.8868355730974
23_20240826 18,2412.9674715298793
23_20240826 19,2299.2203075673006
23_20240826 20,2024.931087267684
23_20240826 21,1865.119075701884
23_20240826 22,1689.3152340229967
23_20240826 23,1648.8085376439988
23_20240827 00,1751.6735540535349
23_20240827 01,1768.1057083703731
23_20240827 02,1761.7757813518942
23_20240827 03,1771.5413857366975
23_20240827 04,1771.5220052427205
23_20240827 05,1766.1067115662784
23_20240827 06,1793.01071769558
23_20240827 07,1897.9487428478765
23_20240827 08,2171.7738628268153
23_20240827 09,2991.6836695543057
23_20240827 10,3713.042732400304
23_20240827 11,3679.7656943137063
23_20240827 12,3891.8348760078657
23_20240827 13,4178.720756490036
23_20240827 14,3886.939914037539
23_20240827 15,3739.0433432986447
23_20240827 16,3778.015231900381
23_20240827 17,2921.2914775327845
23_20240827 18,2225.6943965665605
23_20240827 19,1947.5762586848973
23_20240827 20,1833.521623090098
23_20240827 21,1762.4034411235657
23_20240827 22,1665.084586006925
23_20240827 23,1647.9930984345751
23_20240828 00,1751.1314879478402
23_20240828 01,1763.4863463806093
23_20240828 02,1761.8381507507897
23_20240828 03,1767.1557492168201
23_20240828 04,1776.6481030349287
23_20240828 05,1771.6939159321755
23_20240828 06,1793.2740090529405
23_20240828 07,1889.822329846535
23_20240828 08,2099.838197607379
23_20240828 09,3192.5667775906013
23_20240828 10,3977.4815839539933
23_20240828 11,3858.1741035994646
23_20240828 12,4032.909355569969
23_20240828 13,4036.246198332994
23_20240828 14,3905.8505771408218
23_20240828 15,3803.880502519775
23_20240828 16,3335.2943832340707
23_20240828 17,3255.2062894018827
23_20240828 18,2672.0926171828655
23_20240828 19,2521.596528511437
23_20240828 20,2168.1159545668
23_20240828 21,1879.9220894055998
23_20240828 22,1665.996513233272
23_20240828 23,1646.2841025411622
23_20240829 00,1748.330137070911
23_20240829 01,1762.071388017483
23_20240829 02,1749.495618414281
23_20240829 03,1764.6645463367445
23_20240829 04,1751.4772574655867
23_20240829 05,1749.4854302150497
23_20240829 06,1790.167047297167
23_20240829 07,1857.1614322394616
23_20240829 08,2076.3722024065924
23_20240829 09,2798.934608285326
23_20240829 10,3483.2805289840126
23_20240829 11,3465.7821355786336
23_20240829 12,3663.4636304359788
23_20240829 13,3536.296752908471
23_20240829 14,3611.3432710732714
23_20240829 15,3543.7014596408867
23_20240829 16,3457.6611593786693
23_20240829 17,2964.6923516854063
23_20240829 18,2538.8088918056287
23_20240829 19,2403.4985315737113
23_20240829 20,2182.829122011676
23_20240829 21,1907.16506309908
23_20240829 22,1676.0140293462402
23_20240829 23,1622.2164342537867
23_20240830 00,1732.9888020031465
23_20240830 01,1741.0961639073207
23_20240830 02,1740.1841558226936
23_20240830 03,1744.3054810930175
23_20240830 04,1738.160235828288
23_20240830 05,1742.6428606507216
23_20240830 06,1760.6897153280308
23_20240830 07,1842.9575139734116
23_20240830 08,2065.8688375327174
23_20240830 09,2546.1813457307994
23_20240830 10,2277.2018737372305
23_20240830 11,2332.2909415260638
23_20240830 12,2731.9884873998362
23_20240830 13,2451.3188015496603
23_20240830 14,2321.105629778893
23_20240830 15,2275.7932632448005
23_20240830 16,2366.5626547308148
23_20240830 17,2167.9224159544437
23_20240830 18,1840.3236908158538
23_20240830 19,1751.2564174704887
23_20240830 20,1691.4783636922593
23_20240830 21,1633.0061402734898
23_20240830 22,1611.6566612756048
23_20240830 23,1592.54928930003
23_20240831 00,1591.2585882044827
23_20240831 01,1571.768845011519
23_20240831 02,1537.892654424334
23_20240831 03,1517.364698487268
23_20240831 04,1507.0955770033854
23_20240831 05,1502.296345345584
23_20240831 06,1487.9780448744727
23_20240831 07,1453.4256205993352
23_20240831 08,1335.403252727408
23_20240831 09,1181.3211813669768
23_20240831 10,1124.3249192869246
23_20240831 11,1088.5780613240292
23_20240831 12,1074.478546291576
23_20240831 13,1090.6494641779618
23_20240831 14,1105.1274469339205
23_20240831 15,1236.0464174692847
23_20240831 16,1363.643490997812
23_20240831 17,1424.8627305747132
23_20240831 18,1532.5582111986753
23_20240831 19,1587.5895799702944
23_20240831 20,1585.645855817481
23_20240831 21,1569.2936439398761
23_20240831 22,1560.2614850466814
23_20240831 23,1547.7610567065788
24_20240825 00,1212.025640225845
24_20240825 01,1193.2447214659255
24_20240825 02,1162.6306174083304
24_20240825 03,1148.5985365434617
24_20240825 04,1137.5884507867377
24_20240825 05,1107.6723781011874
24_20240825 06,1062.1461850979372
24_20240825 07,1036.1497895516238
24_20240825 08,999.0038409045358
24_20240825 09,869.1724850749567
24_20240825 10,832.9134950714714
24_20240825 11,850.9021840145258
24_20240825 12,842.7459652261464
24_20240825 13,870.7162569536758
24_20240825 14,984.5682440523384
24_20240825 15,1042.8991575485027
24_20240825 16,1169.1138225676837
24_20240825 17,1314.3923188441051
24_20240825 18,1372.3686338095526
24_20240825 19,1373.1792585973762
24_20240825 20,1387.5169268994318
24_20240825 21,1358.3601065248433
24_20240825 22,1324.086454770696
24_20240825 23,1266.72117336713
24_20240826 00,1248.52701042363
24_20240826 01,1214.9951346999812
24_20240826 02,1177.4046960364194
24_20240826 03,1156.048293607283
24_20240826 04,1146.2252650865494
24_20240826 05,1124.731266605726
24_20240826 06,1094.8394085478296
24_20240826 07,1083.7572552600318
24_20240826 08,1221.9786405769694
24_20240826 09,1628.434199607811
24_20240826 10,1838.3136766108723
24_20240826 11,2081.8148526895375
24_20240826 12,2005.4647542508233
24_20240826 13,2088.110307773905
24_20240826 14,2167.0651453313976
24_20240826 15,2278.313664648979
24_20240826 16,2361.552900127092
24_20240826 17,2306.942327888729
24_20240826 18,2003.5647057271958
24_20240826 19,1768.9971747060313
24_20240826 20,1652.4490850516095
24_20240826 21,1574.0040303986375
24_20240826 22,1439.3979867991573
24_20240826 23,1346.2402916751848
24_20240827 00,1264.5397331083086
24_20240827 01,1231.7839370289767
24_20240827 02,1188.8842424625473
24_20240827 03,1152.547809198076
24_20240827 04,1144.3625841905364
24_20240827 05,1120.3113819966898
24_20240827 06,1097.917478039652
24_20240827 07,1086.690928611646
24_20240827 08,1227.108492844324
24_20240827 09,1637.539658723501
24_20240827 10,1830.9293078208334
24_20240827 11,1953.1077558992238
24_20240827 12,1858.4987040933324
24_20240827 13,2050.463775242688
24_20240827 14,2078.6120753006758
24_20240827 15,2213.4571694519736
24_20240827 16,2228.346882097655
24_20240827 17,2180.453478555871
24_20240827 18,1921.0691671245515
24_20240827 19,1704.851547489519
24_20240827 20,1605.3010860640775
24_20240827 21,1519.1288265965
24_20240827 22,1408.7495911195674
24_20240827 23,1326.2598529503057
24_20240828 00,1256.9730154907115
24_20240828 01,1219.4644063104024
24_20240828 02,1176.8597167554542
24_20240828 03,1150.266377036891
24_20240828 04,1131.0013588777447
24_20240828 05,1113.3441875812177
24_20240828 06,1090.8321657007527
24_20240828 07,1062.4259744643873
24_20240828 08,1204.9957293176044
24_20240828 09,1582.0466582824738
24_20240828 10,1792.7947098463865
24_20240828 11,1922.9445540646973
24_20240828 12,1795.6667398320992
24_20240828 13,1946.3995202374142
24_20240828 14,1929.1053935446052
24_20240828 15,2093.4352865367214
24_20240828 16,2218.3616804272688
24_20240828 17,2188.9247275636435
24_20240828 18,1906.6055085055004
24_20240828 19,1714.1304046494865
24_20240828 20,1617.8062495352015
24_20240828 21,1537.4196648476018
24_20240828 22,1402.9138854590124
24_20240828 23,1330.4829374672431
24_20240829 00,1250.9726375928362
24_20240829 01,1221.210857019246
24_20240829 02,1184.8064726978532
24_20240829 03,1169.0858402522392
24_20240829 04,1144.1812412705535
24_20240829 05,1116.1516525116717
24_20240829 06,1093.2623989923807
24_20240829 07,1067.163577166048
24_20240829 08,1189.8366319914273
24_20240829 09,1535.2164016975719
24_20240829 10,1697.625572630068
24_20240829 11,1798.5411413834197
24_20240829 12,1772.5224109852734
24_20240829 13,1921.8726017976528
24_20240829 14,2016.8333678460144
24_20240829 15,2128.9805477587506
24_20240829 16,2159.9680861093652
24_20240829 17,2133.643411955779
24_20240829 18,1801.884835937769
24_20240829 19,1627.9777757415309
24_20240829 20,1580.8250097822856
24_20240829 21,1511.7183457738488
24_20240829 22,1399.4197489647208
24_20240829 23,1323.5110666633145
24_20240830 00,1241.305883303073
24_20240830 01,1200.1337650840487
24_20240830 02,1176.7174246804045
24_20240830 03,1146.2180844197433
24_20240830 04,1138.5757121671713
24_20240830 05,1103.3300297437775
24_20240830 06,1070.9885897300042
24_20240830 07,1056.1991822200034
24_20240830 08,1145.4551793738685
24_20240830 09,1506.2326714713263
24_20240830 10,1634.6670185498874
24_20240830 11,1810.5789573060788
24_20240830 12,1738.2288614527342
24_20240830 13,1885.8293284856886
24_20240830 14,1924.9169147306316
24_20240830 15,2049.9254503356033
24_20240830 16,2133.0745056888245
24_20240830 17,2070.1912166494712
24_20240830 18,1794.938161034965
24_20240830 19,1622.8249098198999
24_20240830 20,1520.6185130753397
24_20240830 21,1444.118816569034
24_20240830 22,1326.9460081803295
24_20240830 23,1263.8931181207645
24_20240831 00,1188.1051450916839
24_20240831 01,1151.0962797299308
24_20240831 02,1127.2166847942772
24_20240831 03,1103.0465697007314
24_20240831 04,1092.0244927649273
24_20240831 05,1052.287438176928
24_20240831 06,1000.2848291756661
24_20240831 07,960.9160617335431
24_20240831 08,915.6374003530761
24_20240831 09,791.0576653999836
24_20240831 10,793.910306156967
24_20240831 11,808.273526195125
24_20240831 12,789.6682022664536
24_20240831 13,795.6231570279595
24_20240831 14,915.8109514840273
24_20240831 15,989.084676813987
24_20240831 16,1161.1865303360992
24_20240831 17,1291.171036573872
24_20240831 18,1293.582177028415
24_20240831 19,1286.9150765106908
24_20240831 20,1301.6320728520884
24_20240831 21,1273.702442439221
24_20240831 22,1238.3327439515642
24_20240831 23,1209.2905573772573
25_20240825 00,1280.1537076514269
25_20240825 01,1118.506335951991
25_20240825 02,1011.717218453257
25_20240825 03,926.805475856891
25_20240825 04,893.3178669518229
25_20240825 05,890.3895914607273
25_20240825 06,966.0483285893442
25_20240825 07,1123.371866532948
25_20240825 08,1254.5931185556776
25_20240825 09,1414.948124947538
25_20240825 10,1532.8724626923922
25_20240825 11,1589.5930287728447
25_20240825 12,1662.3015061891551
25_20240825 13,1694.4751446673288
25_20240825 14,1642.7050123419388
25_20240825 15,1650.216589697795
25_20240825 16,1690.0604957635637
25_20240825 17,1816.5208412740872
25_20240825 18,1949.7952134743753
25_20240825 19,2129.3000263458975
25_20240825 20,2061.1682718374504
25_20240825 21,1972.7847424957095
25_20240825 22,1771.2000050710353
25_20240825 23,1494.496186846872
25_20240826 00,1240.447413030985
25_20240826 01,1113.814044693565
25_20240826 02,1004.9583136603728
25_20240826 03,904.6516411412399
25_20240826 04,864.6335321124595
25_20240826 05,860.7350906770066
25_20240826 06,944.2552173692226
25_20240826 07,1130.8886791512227
25_20240826 08,1226.7965072395352
25_20240826 09,1168.667048220585
25_20240826 10,1151.9770055093225
25_20240826 11,1158.0297361124562
25_20240826 12,1369.5084623299456
25_20240826 13,1335.2551844294221
25_20240826 14,1385.3617194395076
25_20240826 15,1660.99786129402
25_20240826 16,1761.7717261055527
25_20240826 17,1974.878969617242
25_20240826 18,2194.034101486952
25_20240826 19,2373.2111808301115
25_20240826 20,2224.366388678498
25_20240826 21,2007.4045333586855
25_20240826 22,1703.4293589633576
25_20240826 23,1432.4652518037071
25_20240827 00,1206.3038575394244
25_20240827 01,1101.5286272271742
25_20240827 02,961.4106631516304
25_20240827 03,944.950832179654
25_20240827 04,914.645476636635
25_20240827 05,866.5659248674222
25_20240827 06,962.704413419654
25_20240827 07,1170.2169863441409
25_20240827 08,1247.090678212428
25_20240827 09,1163.0032988554358
25_20240827 10,1144.0827285190185
25_20240827 11,1054.3772807176315
25_20240827 12,1152.9442764761227
25_20240827 13,1191.7073516152436
25_20240827 14,1201.6280180973217
25_20240827 15,1186.2160639872964
25_20240827 16,1256.5750333410656
25_20240827 17,1431.6758987601138
25_20240827 18,1621.4457059083436
25_20240827 19,1732.5187043156573
25_20240827 20,1745.3346026993638
25_20240827 21,1695.9484435662007
25_20240827 22,1567.7942925236457
25_20240827 23,1255.7189709738068
25_20240828 00,1121.1988210065933
25_20240828 01,990.3323182283409
25_20240828 02,893.0341221762465
25_20240828 03,833.3233691106367
25_20240828 04,817.6888136008083
25_20240828 05,812.781361115145
25_20240828 06,862.6056852722821
25_20240828 07,1093.6087403739812
25_20240828 08,1106.8732545375333
25_20240828 09,1059.9433472319076
25_20240828 10,1018.2863010186454
25_20240828 11,1034.7054832560766
25_20240828 12,1075.683461616647
25_20240828 13,1152.327728977043
25_20240828 14,1233.6938621557883
25_20240828 15,1287.4876735784446
25_20240828 16,1307.6201355942885
25_20240828 17,1453.6847429829395
25_20240828 18,1634.6411568150381
25_20240828 19,1777.2646101367886
25_20240828 20,1746.158037490979
25_20240828 21,1701.7915891441216
25_20240828 22,1565.5561521153986
25_20240828 23,1292.5935883895631
25_20240829 00,1133.6010768245894
25_20240829 01,988.2967306430035
25_20240829 02,909.6794489664245
25_20240829 03,843.232538045242
25_20240829 04,819.3472379247785
25_20240829 05,823.0126203953456
25_20240829 06,894.0901013700363
25_20240829 07,1099.397065059511
25_20240829 08,1170.405102698893
25_20240829 09,1108.8519445687436
25_20240829 10,1084.942010864299
25_20240829 11,1092.2224846236127
25_20240829 12,1166.6699318586484
25_20240829 13,1241.0090009435512
25_20240829 14,1249.8774411262496
25_20240829 15,1477.185014275111
25_20240829 16,1508.9424260202761
25_20240829 17,1558.8372000462577
25_20240829 18,1745.6111012211263
25_20240829 19,1897.127827128925
25_20240829 20,1923.534646905899
25_20240829 21,1861.2162306113505
25_20240829 22,1694.7888454586725
25_20240829 23,1345.0432650998605
25_20240830 00,1182.036885616621
25_20240830 01,1032.138528076802
25_20240830 02,897.3123741051106
25_20240830 03,844.2555068358367
25_20240830 04,815.1233131165573
25_20240830 05,802.5650914052914
25_20240830 06,892.7233808509143
25_20240830 07,1122.4267712569788
25_20240830 08,1171.8394845032262
25_20240830 09,1108.8954801149362
25_20240830 10,1080.2662175480705
25_20240830 11,1059.5341109556384
25_20240830 12,1181.202586376593
25_20240830 13,1216.4228978071615
25_20240830 14,1309.6435852455138
25_20240830 15,1311.1916603907475
25_20240830 16,1379.7705457408238
25_20240830 17,1551.2671528482342
25_20240830 18,1703.052493555892
25_20240830 19,1699.6648105321544
25_20240830 20,1698.4747622627588
25_20240830 21,1574.9800879194022
25_20240830 22,1463.6981653915402
25_20240830 23,1248.8948704455188
25_20240831 00,1109.3930364511714
25_20240831 01,946.9789600817891
25_20240831 02,852.6982854924254
25_20240831 03,773.4566445835612
25_20240831 04,748.7847985534806
25_20240831 05,751.7973482988564
25_20240831 06,783.7687955225844
25_20240831 07,920.4904231163854
25_20240831 08,1016.5628646252494
25_20240831 09,1119.0973663157017
25_20240831 10,1225.598286808741
25_20240831 11,1328.2896632705465
25_20240831 12,1228.1486655830954
25_20240831 13,1294.5674757310221
25_20240831 14,1290.4254281986828
25_20240831 15,1247.812536491748
25_20240831 16,1253.6664447694866
25_20240831 17,1352.77389814576
25_20240831 18,1489.948931105101
25_20240831 19,1583.6798728199142
25_20240831 20,1589.5830219242148
25_20240831 21,1553.842960675177
25_20240831 22,1415.062848633555
25_20240831 23,1234.3018213517212
26_20240825 00,786.8700556510498
26_20240825 01,765.091554684337
26_20240825 02,780.7301480846945
26_20240825 03,791.4867935531893
26_20240825 04,758.1918733478464
26_20240825 05,748.0612720019149
26_20240825 06,846.2393965401943
26_20240825 07,1196.1672011717762
26_20240825 08,2106.8733735242927
26_20240825 09,3237.237853557977
26_20240825 10,3847.446148778562
26_20240825 11,4015.8732735123563
26_20240825 12,4031.9751566572977
26_20240825 13,4042.0902603195927
26_20240825 14,4152.786131652776
26_20240825 15,4165.960837869941
26_20240825 16,3965.852388005273
26_20240825 17,3538.335537723914
26_20240825 18,2414.887264871787
26_20240825 19,1561.9126442247677
26_20240825 20,1364.7317282838071
26_20240825 21,1151.0122680684785
26_20240825 22,955.1888233259672
26_20240825 23,826.3381460835279
26_20240826 00,767.068103495109
26_20240826 01,742.2524563114756
26_20240826 02,765.2558178109366
26_20240826 03,760.6412593561105
26_20240826 04,739.2293680503365
26_20240826 05,734.8459848031365
26_20240826 06,859.3548919046056
26_20240826 07,1176.3132870376855
26_20240826 08,2023.0517454769363
26_20240826 09,2915.1852475531186
26_20240826 10,3302.3233605758005
26_20240826 11,3350.009391101409
26_20240826 12,3282.366630962545
26_20240826 13,3286.718420408366
26_20240826 14,3402.445908645911
26_20240826 15,3312.8117980136453
26_20240826 16,3193.5585868178073
26_20240826 17,2891.8535703727975
26_20240826 18,1830.8689101475559
26_20240826 19,1283.7699929206951
26_20240826 20,1214.2836700872238
26_20240826 21,1064.5747393579045
26_20240826 22,906.1467958863008
26_20240826 23,769.2622743232567
26_20240827 00,736.7633313858507
26_20240827 01,722.9127803370262
26_20240827 02,742.3721517027116
26_20240827 03,750.1009915883691
26_20240827 04,732.1215907661812
26_20240827 05,732.296841169245
26_20240827 06,820.2038401027495
26_20240827 07,1127.3252915612816
26_20240827 08,1828.8412546386007
26_20240827 09,2826.2630822900924
26_20240827 10,3200.494878879176
26_20240827 11,3324.698442884337
26_20240827 12,3201.4358340822805
26_20240827 13,3332.817015902327
26_20240827 14,3409.1979102444648
26_20240827 15,3372.9009175021943
26_20240827 16,3181.116261814507
26_20240827 17,2948.967472253513
26_20240827 18,1847.2270196444706
26_20240827 19,1286.1765466741945
26_20240827 20,1206.2334018202328
26_20240827 21,1066.891680821411
26_20240827 22,914.351580779434
26_20240827 23,781.693566167148
26_20240828 00,731.6643864857043
26_20240828 01,717.9571373216389
26_20240828 02,733.6914847707804
26_20240828 03,754.8730146995323
26_20240828 04,726.7828238799091
26_20240828 05,728.2220609130298
26_20240828 06,827.1244414537492
26_20240828 07,1142.3688244994928
26_20240828 08,2026.150909444892
26_20240828 09,2864.53274436154
26_20240828 10,3269.399720609965
26_20240828 11,3339.019109714851
26_20240828 12,3314.5699926216375
26_20240828 13,3402.976292361961
26_20240828 14,3482.754307582368
26_20240828 15,3420.1505384866255
26_20240828 16,3310.6960883994284
26_20240828 17,3044.167002428378
26_20240828 18,1996.7234483706854
26_20240828 19,1378.0644853643644
26_20240828 20,1254.2612058277482
26_20240828 21,1072.2908216267701
26_20240828 22,929.1157848631744
26_20240828 23,767.1687606067402
26_20240829 00,731.0851661775331
26_20240829 01,723.0107437451705
26_20240829 02,746.6565957383142
26_20240829 03,764.9186347715467
26_20240829 04,734.161158984092
26_20240829 05,730.3346937550551
26_20240829 06,872.9056241383679
26_20240829 07,1262.1064663172224
26_20240829 08,2175.064011760078
26_20240829 09,3086.848648791115
26_20240829 10,3452.728381519244
26_20240829 11,3720.7040323941883
26_20240829 12,3508.0872418122776
26_20240829 13,3576.5798822978686
26_20240829 14,3858.0211457496544
26_20240829 15,3922.6150908015507
26_20240829 16,3661.8392276766504
26_20240829 17,3338.033098671178
26_20240829 18,2312.4614136695345
26_20240829 19,1488.6340270279618
26_20240829 20,1282.7170178424267
26_20240829 21,1069.1652840303393
26_20240829 22,908.8961142042025
26_20240829 23,785.6889905813173
26_20240830 00,733.6046885241389
26_20240830 01,723.2500951310942
26_20240830 02,751.1318307566314
26_20240830 03,764.9321644201027
26_20240830 04,733.5466888222958
26_20240830 05,730.630020616667
26_20240830 06,831.5679785516571
26_20240830 07,1197.988343875364
26_20240830 08,2165.2453268610634
26_20240830 09,3216.616531901231
26_20240830 10,3831.4743984369197
26_20240830 11,4025.7424787463983
26_20240830 12,3994.06794626438
26_20240830 13,4095.005571868658
26_20240830 14,4153.1914472013395
26_20240830 15,4108.795863134775
26_20240830 16,3936.702903865739
26_20240830 17,3652.1090327139627
26_20240830 18,2503.6285014236887
26_20240830 19,1654.3636348251296
26_20240830 20,1348.122229098281
26_20240830 21,1117.1899120970752
26_20240830 22,945.4704932191846
26_20240830 23,801.1398225623665
26_20240831 00,773.6803939482589
26_20240831 01,769.2808122863414
26_20240831 02,776.3442861326441
26_20240831 03,787.6063744824576
26_20240831 04,777.06833096194
26_20240831 05,780.4836776358353
26_20240831 06,890.4201575161153
26_20240831 07,1222.8058873166872
26_20240831 08,2233.366795186219
26_20240831 09,3158.2228295769737
26_20240831 10,3884.8720995437548
26_20240831 11,4171.206325577212
26_20240831 12,4181.508522486175
26_20240831 13,4307.281970384101
26_20240831 14,4334.624307722006
26_20240831 15,4390.7500207230905
26_20240831 16,4247.468377728825
26_20240831 17,3745.8023461818434
26_20240831 18,2458.8216330968035
26_20240831 19,1720.5474852788484
26_20240831 20,1337.9327107118847
26_20240831 21,1137.3322433829003
26_20240831 22,976.2546369725833
26_20240831 23,810.3407445849638
27_20240825 00,610.7281279830879
27_20240825 01,432.1026542598802
27_20240825 02,433.40052103833233
27_20240825 03,434.4835450288384
27_20240825 04,435.4376692674271
27_20240825 05,440.80425284478065
27_20240825 06,470.4502978179472
27_20240825 07,521.820945960568
27_20240825 08,528.4182405715422
27_20240825 09,568.7315515634291
27_20240825 10,626.9137105181691
27_20240825 11,617.8384137111287
27_20240825 12,612.9152013592083
27_20240825 13,611.4998440707707
27_20240825 14,644.2441389310354
27_20240825 15,663.891684638318
27_20240825 16,623.4819749388364
27_20240825 17,624.242679266031
27_20240825 18,623.8025223918899
27_20240825 19,625.9028190985769
27_20240825 20,598.2062337218283
27_20240825 21,603.8339797958715
27_20240825 22,591.2614152792904
27_20240825 23,566.9672138384446
27_20240826 00,548.2978267118249
27_20240826 01,441.36846956728
27_20240826 02,445.4374093621426
27_20240826 03,452.36524428207645
27_20240826 04,451.64987640680397
27_20240826 05,454.3111770825931
27_20240826 06,572.603059217198
27_20240826 07,1161.5203924955167
27_20240826 08,1540.7200451522315
27_20240826 09,1850.894583539703
27_20240826 10,2234.201956162406
27_20240826 11,2302.978858551894
27_20240826 12,2296.528470540191
27_20240826 13,2297.5970858237506
27_20240826 14,2328.075496003828
27_20240826 15,2329.7695902973924
27_20240826 16,2288.3566550713354
27_20240826 17,2271.026833696832
27_20240826 18,2229.4779699758487
27_20240826 19,2129.3500353410777
27_20240826 20,1979.1394189740813
27_20240826 21,1618.8078043043738
27_20240826 22,1022.3950483104632
27_20240826 23,799.795883898862
27_20240827 00,556.7412677605946
27_20240827 01,438.49079052023365
27_20240827 02,439.52051438792034
27_20240827 03,443.4468570994535
27_20240827 04,443.0091857321562
27_20240827 05,442.69221579416853
27_20240827 06,556.2125208007203
27_20240827 07,1055.9397150524562
27_20240827 08,1424.3272026230911
27_20240827 09,1841.279124750854
27_20240827 10,2177.919547286293
27_20240827 11,2197.934578240758
27_20240827 12,2244.4581164058673
27_20240827 13,2232.693928489758
27_20240827 14,2277.390752315734
27_20240827 15,2277.7058696415716
27_20240827 16,2253.060412811978
27_20240827 17,2227.1614719829804
27_20240827 18,2155.2637471182647
27_20240827 19,2119.1921231574133
27_20240827 20,1910.3534633026818
27_20240827 21,1488.2762923745895
27_20240827 22,954.0094678255932
27_20240827 23,790.5400009641982
27_20240828 00,561.8265408506875
27_20240828 01,438.0141127251892
27_20240828 02,440.61119816145356
27_20240828 03,444.1206753264803
27_20240828 04,443.4843573625665
27_20240828 05,442.1441830334156
27_20240828 06,547.1243989150361
27_20240828 07,1016.8327051576323
27_20240828 08,1433.394334087444
27_20240828 09,1839.248973224971
27_20240828 10,2217.8342695811757
27_20240828 11,2268.47771126405
27_20240828 12,2266.8352134400147
27_20240828 13,2292.443925122072
27_20240828 14,2311.875516899903
27_20240828 15,2314.9638522789155
27_20240828 16,2263.781300308433
27_20240828 17,2248.3717658347828
27_20240828 18,2221.232467463785
27_20240828 19,2137.2403426183905
27_20240828 20,1997.0600723045036
27_20240828 21,1582.5436692460185
27_20240828 22,955.1407364935412
27_20240828 23,798.4544152121252
27_20240829 00,549.4784966541542
27_20240829 01,437.2818965486823
27_20240829 02,443.0540335765019
27_20240829 03,444.63631761476177
27_20240829 04,446.7943654501171
27_20240829 05,451.1865279351453
27_20240829 06,546.840358820286
27_20240829 07,1033.7012462395223
27_20240829 08,1401.0059261053034
27_20240829 09,1800.3898367007275
27_20240829 10,2184.328848764461
27_20240829 11,2221.9991489759714
27_20240829 12,2237.1038766880406
27_20240829 13,2244.84882944325
27_20240829 14,2276.0663316817577
27_20240829 15,2278.829513401306
27_20240829 16,2237.5213948848545
27_20240829 17,2225.8941339607236
27_20240829 18,2200.784195680045
27_20240829 19,2157.0749749929864
27_20240829 20,1973.1601987757736
27_20240829 21,1559.003840305953
27_20240829 22,990.7541316474293
27_20240829 23,797.1327420511586
27_20240830 00,552.9762931046658
27_20240830 01,441.5620988543288
27_20240830 02,442.865755016182
27_20240830 03,448.21766922920614
27_20240830 04,449.263706356034
27_20240830 05,448.90395297396344
27_20240830 06,550.478825123711
27_20240830 07,1023.4994635742223
27_20240830 08,1411.669792550519
27_20240830 09,1827.3684093429567
27_20240830 10,2188.543681310646
27_20240830 11,2234.0563973963413
27_20240830 12,2258.450645923314
27_20240830 13,2241.08876181136
27_20240830 14,2304.537658608726
27_20240830 15,2312.074743248787
27_20240830 16,2274.2337565009243
27_20240830 17,2229.4720025497763
27_20240830 18,2199.617661923716
27_20240830 19,2175.6724771802997
27_20240830 20,2006.5935531558448
27_20240830 21,1565.9193901103877
27_20240830 22,961.4968423837835
27_20240830 23,801.8969574764211
27_20240831 00,554.9162996318271
27_20240831 01,436.536787427424
27_20240831 02,438.3153420258742
27_20240831 03,441.28430747784034
27_20240831 04,444.1497493532326
27_20240831 05,442.2180330261389
27_20240831 06,538.807472421572
27_20240831 07,1001.6571243029539
27_20240831 08,1387.3065457039756
27_20240831 09,1781.246887158144
27_20240831 10,2173.8693119685604
27_20240831 11,2217.7795494232605
27_20240831 12,2276.7116603394206
27_20240831 13,2293.2052505558536
27_20240831 14,2310.376587484765
27_20240831 15,2301.7282276228484
27_20240831 16,2272.083738168447
27_20240831 17,2256.2416899292793
27_20240831 18,2239.0112243152817
27_20240831 19,2181.3091841011606
27_20240831 20,2006.0789809430898
27_20240831 21,1663.3768760179205
27_20240831 22,1040.9982784413446
27_20240831 23,853.6126001342685
28_20240825 00,717.7195252373022
28_20240825 01,651.5345033832493
28_20240825 02,570.4934264918979
28_20240825 03,548.6403816117256
28_20240825 04,548.8280358128177
28_20240825 05,594.8162002801911
28_20240825 06,750.526805084615
28_20240825 07,858.4876515127694
28_20240825 08,904.9433949551856
28_20240825 09,981.1395360750618
28_20240825 10,1065.1785717877497
28_20240825 11,1039.9410478394107
28_20240825 12,1047.3342996936537
28_20240825 13,1040.3491602600106
28_20240825 14,1059.4889834417481
28_20240825 15,1067.2211441454415
28_20240825 16,1106.5339757629517
28_20240825 17,1120.2902259315822
28_20240825 18,1117.242774378667
28_20240825 19,1109.3899781848627
28_20240825 20,1086.5372529527244
28_20240825 21,981.9045610065035
28_20240825 22,887.2690194662496
28_20240825 23,811.4005690877125
28_20240826 00,688.7008717239089
28_20240826 01,615.7581500498972
28_20240826 02,552.072541963828
28_20240826 03,527.4435096115333
28_20240826 04,532.2958159282746
28_20240826 05,579.6739178397856
28_20240826 06,699.6293752675801
28_20240826 07,785.1681214627449
28_20240826 08,867.1284390186886
28_20240826 09,985.6309349904332
28_20240826 10,1051.3071088761378
28_20240826 11,1049.460679459599
28_20240826 12,1055.8779497383375
28_20240826 13,1049.8928485579688
28_20240826 14,1063.9879152446028
28_20240826 15,1077.736578613752
28_20240826 16,1099.3840865337042
28_20240826 17,1108.5016027253014
28_20240826 18,1109.9256108670693
28_20240826 19,1077.4790714248384
28_20240826 20,1038.6757404290206
28_20240826 21,913.9040984593526
28_20240826 22,815.4375543796193
28_20240826 23,729.72495365838
28_20240827 00,646.3235414084968
28_20240827 01,572.7367004107555
28_20240827 02,524.2649217906264
28_20240827 03,512.8288992886612
28_20240827 04,510.91667459737346
28_20240827 05,575.1255629459924
28_20240827 06,711.911450391309
28_20240827 07,757.1827353947658
28_20240827 08,831.1646326680511
28_20240827 09,911.2753337699826
28_20240827 10,981.9336100401907
28_20240827 11,986.0821359361505
28_20240827 12,977.2070780375291
28_20240827 13,977.4880785987157
28_20240827 14,989.6671654992483
28_20240827 15,1021.7618911226498
28_20240827 16,1034.1492355262458
28_20240827 17,1047.7806353319393
28_20240827 18,1076.014212700839
28_20240827 19,1052.4472066272797
28_20240827 20,981.4969695764016
28_20240827 21,863.1206881450977
28_20240827 22,747.9646228927695
28_20240827 23,676.5102177401873
28_20240828 00,612.0034051280591
28_20240828 01,541.0655642179207
28_20240828 02,494.89967400193314
28_20240828 03,483.8682651876484
28_20240828 04,486.2948176343888
28_20240828 05,527.6196890866877
28_20240828 06,644.5706338393435
28_20240828 07,730.8619667196918
28_20240828 08,803.7639100646593
28_20240828 09,927.8419077563319
28_20240828 10,987.5609186031872
28_20240828 11,975.4833767635901
28_20240828 12,979.3543115991113
28_20240828 13,970.6106066245643
28_20240828 14,999.278823581865
28_20240828 15,1031.60000831594
28_20240828 16,1059.2053584177997
28_20240828 17,1060.0816840594762
28_20240828 18,1064.2136107992583
28_20240828 19,1057.3082007603894
28_20240828 20,1049.2234679247476
28_20240828 21,889.2598883110878
28_20240828 22,807.9711661613588
28_20240828 23,733.5990383290385
28_20240829 00,630.1942540512501
28_20240829 01,538.3892785511529
28_20240829 02,494.9256291661684
28_20240829 03,476.96820168012005
28_20240829 04,480.30398950669223
28_20240829 05,512.4734829962858
28_20240829 06,629.4743629749645
28_20240829 07,721.480028972878
28_20240829 08,780.4644539953892
28_20240829 09,903.4646384622199
28_20240829 10,981.9447780042389
28_20240829 11,994.3497745740376
28_20240829 12,996.8800583468936
28_20240829 13,989.1577295856503
28_20240829 14,991.1514055397984
28_20240829 15,989.7665046489774
28_20240829 16,1001.4508372528389
28_20240829 17,1030.1112890231357
28_20240829 18,1023.7240140657788
28_20240829 19,1043.6245296432123
28_20240829 20,1028.2006236011152
28_20240829 21,957.6516685248715
28_20240829 22,824.5396270865479
28_20240829 23,772.2081030535994
28_20240830 00,650.6790718386494
28_20240830 01,581.9738774729094
28_20240830 02,516.8378812147289
28_20240830 03,506.1551365535812
28_20240830 04,511.9155811803546
28_20240830 05,545.2062653913548
28_20240830 06,664.8470557612645
28_20240830 07,757.2935515610031
28_20240830 08,831.5104948331409
28_20240830 09,916.7228211764741
28_20240830 10,964.9346572641432
28_20240830 11,966.0910160678833
28_20240830 12,984.2642749282028
28_20240830 13,979.910106953167
28_20240830 14,977.9119870674108
28_20240830 15,994.1767247254111
28_20240830 16,1046.651120625199
28_20240830 17,1073.6736989350852
28_20240830 18,1078.5700029297323
28_20240830 19,1050.1162840623306
28_20240830 20,1029.5367493251672
28_20240830 21,930.9124721368303
28_20240830 22,814.7782150706857
28_20240830 23,726.0774606652851
28_20240831 00,603.5498008004232
28_20240831 01,542.317651862561
28_20240831 02,496.53003562171085
28_20240831 03,485.4924157534909
28_20240831 04,485.9903039663937
28_20240831 05,520.5096263239263
28_20240831 06,625.9146887017513
28_20240831 07,716.8515080802174
28_20240831 08,802.1803089010557
28_20240831 09,892.1619713228831
28_20240831 10,982.4365733913869
28_20240831 11,975.4788045526392
28_20240831 12,949.9132610720574
28_20240831 13,955.0410607016037
28_20240831 14,954.9258942688749
28_20240831 15,960.8231671910157
28_20240831 16,965.4480180860206
28_20240831 17,980.4744630538295
28_20240831 18,971.5574691584525
28_20240831 19,956.044171894395
28_20240831 20,949.5031755410603
28_20240831 21,877.6763837180386
28_20240831 22,782.097515759901
28_20240831 23,706.4439495831032
29_20240825 00,520.1237410421516
29_20240825 01,505.3253894674004
29_20240825 02,486.89903917013294
29_20240825 03,492.4483197722859
29_20240825 04,496.4554290596443
29_20240825 05,493.54807062514624
29_20240825 06,504.067709699559
29_20240825 07,524.3822477425949
29_20240825 08,562.9331904221707
29_20240825 09,570.0710190154123
29_20240825 10,567.4403518516164
29_20240825 11,581.3450766640769
29_20240825 12,594.1714680539703
29_20240825 13,607.6223244435303
29_20240825 14,578.9874951822982
29_20240825 15,585.1383963481501
29_20240825 16,573.339833694846
29_20240825 17,552.4068826767518
29_20240825 18,554.8207142745985
29_20240825 19,570.1830909389336
29_20240825 20,580.1256742030639
29_20240825 21,578.9634996509903
29_20240825 22,549.1303465290357
29_20240825 23,532.5908657238939
29_20240826 00,532.958129528959
29_20240826 01,515.8804766751298
29_20240826 02,496.77777965098335
29_20240826 03,503.95693166887327
29_20240826 04,512.5969796063926
29_20240826 05,504.9120630398641
29_20240826 06,548.610980117202
29_20240826 07,675.4502256975677
29_20240826 08,849.3064710139608
29_20240826 09,1139.3420850402063
29_20240826 10,1572.7865245299417
29_20240826 11,1593.0168369805856
29_20240826 12,1613.2381319485503
29_20240826 13,1599.5887315898387
29_20240826 14,1577.7390081752947
29_20240826 15,1585.4506395162216
29_20240826 16,1567.811882373926
29_20240826 17,1506.1643288678474
29_20240826 18,1458.0893773612584
29_20240826 19,1418.375661008333
29_20240826 20,1377.9556163099362
29_20240826 21,1271.7030647725846
29_20240826 22,958.7633813777361
29_20240826 23,665.410440141264
29_20240827 00,533.0049476856353
29_20240827 01,516.4330384138841
29_20240827 02,498.11197442657124
29_20240827 03,506.4007673193436
29_20240827 04,513.3104848202158
29_20240827 05,505.47860828236
29_20240827 06,552.5422924035399
29_20240827 07,679.7203137284091
29_20240827 08,854.8407054894556
29_20240827 09,1096.352852922283
29_20240827 10,1536.3967867899783
29_20240827 11,1526.0984566253424
29_20240827 12,1553.9143296855113
29_20240827 13,1532.0324843844764
29_20240827 14,1524.9149481112177
29_20240827 15,1530.894051464295
29_20240827 16,1527.5445209860477
29_20240827 17,1494.7957376008724
29_20240827 18,1449.16854555302
29_20240827 19,1440.026243385367
29_20240827 20,1385.8316289156728
29_20240827 21,1258.0627522291957
29_20240827 22,960.9070430839689
29_20240827 23,667.2437615698748
29_20240828 00,528.8874991056316
29_20240828 01,510.1109424493453
29_20240828 02,492.24725311759374
29_20240828 03,498.45022217272486
29_20240828 04,504.8404219520305
29_20240828 05,497.9469605627849
29_20240828 06,543.5586507411351
29_20240828 07,669.730793890335
29_20240828 08,841.9662109077701
29_20240828 09,1104.522841527972
29_20240828 10,1522.1003759852056
29_20240828 11,1553.7590781292488
29_20240828 12,1578.515971851442
29_20240828 13,1586.2312313300124
29_20240828 14,1574.1990323144198
29_20240828 15,1576.7157201426908
29_20240828 16,1566.870168944522
29_20240828 17,1515.0118692650415
29_20240828 18,1465.9691566741274
29_20240828 19,1445.224612517982
29_20240828 20,1386.1267657488647
29_20240828 21,1271.0980474344683
29_20240828 22,951.551150567604
29_20240828 23,667.2410206901716
29_20240829 00,537.4716494460419
29_20240829 01,512.9858131751002
29_20240829 02,500.5828946710469
29_20240829 03,503.73205981681934
29_20240829 04,509.75668404978717
29_20240829 05,500.01695866183786
29_20240829 06,549.5318086994496
29_20240829 07,675.652283202109
29_20240829 08,856.6642812202334
29_20240829 09,1126.3667383903958
29_20240829 10,1541.3953510362194
29_20240829 11,1563.3735948773046
29_20240829 12,1589.7507996965821
29_20240829 13,1590.3699251527605
29_20240829 14,1579.6646500316483
29_20240829 15,1583.292492570994
29_20240829 16,1575.5209207730643
29_20240829 17,1520.8763158328602
29_20240829 18,1490.1297162649003
29_20240829 19,1464.8456560075083
29_20240829 20,1406.5706889716198
29_20240829 21,1271.2604242529937
29_20240829 22,961.403847780651
29_20240829 23,667.3274353258487
29_20240830 00,535.3546480829525
29_20240830 01,510.79008787166856
29_20240830 02,496.99192296872343
29_20240830 03,499.00614150430647
29_20240830 04,506.14559526071685
29_20240830 05,498.11786848790985
29_20240830 06,546.0592792096138
29_20240830 07,675.1645489726709
29_20240830 08,851.0176773096521
29_20240830 09,1118.6659215712134
29_20240830 10,1565.8775052829415
29_20240830 11,1576.8639562813378
29_20240830 12,1617.8338702156939
29_20240830 13,1595.5482648888278
29_20240830 14,1584.6974869119815
29_20240830 15,1586.1127802408732
29_20240830 16,1581.7845390932878
29_20240830 17,1527.031314338023
29_20240830 18,1471.253880492387
29_20240830 19,1457.9877413301685
29_20240830 20,1412.7566037238923
29_20240830 21,1264.8724839641438
29_20240830 22,964.5606231357327
29_20240830 23,669.8647131282164
29_20240831 00,531.7067092194573
29_20240831 01,513.9202141412536
29_20240831 02,499.46223293500816
29_20240831 03,501.9157388529003
29_20240831 04,508.06309160119906
29_20240831 05,501.7888763892538
29_20240831 06,560.3520927537741
29_20240831 07,688.238097914085
29_20240831 08,854.8202166985812
29_20240831 09,1109.373865656039
29_20240831 10,1567.303351685413
29_20240831 11,1593.7056596686143
29_20240831 12,1623.9519345303474
29_20240831 13,1636.0328294919434
29_20240831 14,1643.0929978877002
29_20240831 15,1648.9739835000614
29_20240831 16,1627.9939480818944
29_20240831 17,1588.3012212698786
29_20240831 18,1535.1495434314295
29_20240831 19,1484.18870387172
29_20240831 20,1412.9400392900052
29_20240831 21,1284.410109145348
29_20240831 22,948.1275647850043
29_20240831 23,665.9207855961856
30_20240825 00,9869.70966283762
30_20240825 01,9833.148454884451
30_20240825 02,9830.564361522904
30_20240825 03,9827.671030916506
30_20240825 04,9828.462176596857
30_20240825 05,9828.369672473022
30_20240825 06,9816.71660192956
30_20240825 07,9815.27196474359
30_20240825 08,9836.593710790603
30_20240825 09,9915.045135980603
30_20240825 10,9984.288220534952
30_20240825 11,10020.805027599708
30_20240825 12,9992.901667154714
30_20240825 13,10002.148358187307
30_20240825 14,10007.875872396642
30_20240825 15,10028.984554574214
30_20240825 16,10025.170186022166
30_20240825 17,9972.89416215654
30_20240825 18,9990.509635026967
30_20240825 19,9967.968223098324
30_20240825 20,9945.03214022007
30_20240825 21,9941.337738888935
30_20240825 22,9915.6485473889
30_20240825 23,9892.949872534578
30_20240826 00,9919.973417010864
30_20240826 01,9872.325886077848
30_20240826 02,9851.910157851864
30_20240826 03,9870.019613029457
30_20240826 04,9865.435593518556
30_20240826 05,9858.415488394181
30_20240826 06,9847.842062969208
30_20240826 07,9859.324568713146
30_20240826 08,9886.439531178185
30_20240826 09,9927.16509813567
30_20240826 10,9959.288558635704
30_20240826 11,9973.439988719085
30_20240826 12,10007.01357698782
30_20240826 13,9993.009017542245
30_20240826 14,10001.144451194872
30_20240826 15,10023.784593262677
30_20240826 16,10020.88108515412
30_20240826 17,9981.732402737696
30_20240826 18,9967.068818605745
30_20240826 19,9959.474090351301
30_20240826 20,9877.72458769958
30_20240826 21,9938.139695030817
30_20240826 22,9910.038794368531
30_20240826 23,9901.412397115424
30_20240827 00,9928.162399467627
30_20240827 01,9884.10387939039
30_20240827 02,9878.106894374176
30_20240827 03,9879.159144597896
30_20240827 04,9881.278156396764
30_20240827 05,9881.572762862033
30_20240827 06,9839.882141969789
30_20240827 07,9854.094938984435
30_20240827 08,9861.730123778805
30_20240827 09,9890.099679199142
30_20240827 10,9897.858250932808
30_20240827 11,9923.327731313728
30_20240827 12,9917.370819916534
30_20240827 13,9920.75598562842
30_20240827 14,9947.343419492234
30_20240827 15,9980.471871602891
30_20240827 16,9990.873449936169
30_20240827 17,9980.501125214505
30_20240827 18,9969.446530437392
30_20240827 19,9959.695296037647
30_20240827 20,9864.264311465626
30_20240827 21,9919.697928531834
30_20240827 22,9896.912115680161
30_20240827 23,9891.324870998502
30_20240828 00,9906.078106962897
30_20240828 01,9860.547173023206
30_20240828 02,9847.295978125936
30_20240828 03,9856.570629239113
30_20240828 04,9853.083573601143
30_20240828 05,9855.896464941849
30_20240828 06,9827.939025610565
30_20240828 07,9818.463971136161
30_20240828 08,9846.737905278587
30_20240828 09,9885.130239882315
30_20240828 10,9929.157441101403
30_20240828 11,9967.61004034898
30_20240828 12,9968.694556456612
30_20240828 13,9975.368903307412
30_20240828 14,9985.149701729591
30_20240828 15,10003.95914992427
30_20240828 16,10031.014718382532
30_20240828 17,9989.987298074317
30_20240828 18,9988.679453220018
30_20240828 19,9967.793290917549
30_20240828 20,9882.347492629146
30_20240828 21,9943.398166634212
30_20240828 22,9930.95396309223
30_20240828 23,9899.84370985363
30_20240829 00,9836.129640674726
30_20240829 01,9852.230110557077
30_20240829 02,9838.33092764445
30_20240829 03,9843.401260629762
30_20240829 04,9852.430525088377
30_20240829 05,9847.92071542804
30_20240829 06,9842.073896950587
30_20240829 07,9838.516688804546
30_20240829 08,9852.070650097305
30_20240829 09,9881.280069827812
30_20240829 10,9893.969181813558
30_20240829 11,9953.876951053944
30_20240829 12,9941.008142790024
30_20240829 13,9963.835967680543
30_20240829 14,10005.539049549061
30_20240829 15,10009.938892090358
30_20240829 16,10033.447437536408
30_20240829 17,10026.063873151274
30_20240829 18,9972.328626309229
30_20240829 19,9990.58066400566
30_20240829 20,9893.602181661017
30_20240829 21,9933.667273293151
30_20240829 22,9884.67272626006
30_20240829 23,9877.704634961845
30_20240830 00,9890.93997496817
30_20240830 01,9844.92311582311
30_20240830 02,9828.747806187248
30_20240830 03,9834.657288613476
30_20240830 04,9838.166621222532
30_20240830 05,9836.172940533641
30_20240830 06,9823.187115923847
30_20240830 07,9827.422795990627
30_20240830 08,9842.461632285489
30_20240830 09,9923.386560052104
30_20240830 10,9956.27581682079
30_20240830 11,9964.641914058906
30_20240830 12,9983.930131764215
30_20240830 13,9969.27924554978
30_20240830 14,9976.232332197775
30_20240830 15,10008.52416862588
30_20240830 16,10019.876507062721
30_20240830 17,9979.150777875715
30_20240830 18,9964.032067085871
30_20240830 19,9961.38091958742
30_20240830 20,9835.174760963724
30_20240830 21,9895.008046168548
30_20240830 22,9890.595204574527
30_20240830 23,9873.808601807948
30_20240831 00,9875.177037019585
30_20240831 01,9832.6760046335
30_20240831 02,9828.344410083842
30_20240831 03,9833.123632166113
30_20240831 04,9838.859293633364
30_20240831 05,9832.573896673797
30_20240831 06,9831.070289244773
30_20240831 07,9824.919083943569
30_20240831 08,9817.867647995497
30_20240831 09,9850.93146161435
30_20240831 10,9897.074892517558
30_20240831 11,9923.791292258134
30_20240831 12,9922.038228948764
30_20240831 13,9931.414540543297
30_20240831 14,9980.519658415418
30_20240831 15,9994.270017204468
30_20240831 16,9980.71539282192
30_20240831 17,9975.288458370425
30_20240831 18,9960.250848109274
30_20240831 19,9931.788962772596
30_20240831 20,9655.408119734067
30_20240831 21,9884.402792604775
30_20240831 22,9881.54748928123
30_20240831 23,9860.90076490576
31_20240825 00,859.8293585529134
31_20240825 01,729.4047857212095
31_20240825 02,664.2140187526836
31_20240825 03,605.8686173967093
31_20240825 04,577.8401414109683
31_20240825 05,571.7854766993406
31_20240825 06,597.5327834102748
31_20240825 07,659.4433319393745
31_20240825 08,838.5842550300085
31_20240825 09,955.6074199168822
31_20240825 10,1026.9494881101064
31_20240825 11,1090.3901115602673
31_20240825 12,1094.9426648617548
31_20240825 13,1091.0096694285535
31_20240825 14,1093.014422984174
31_20240825 15,1100.9796598189205
31_20240825 16,1068.135924038549
31_20240825 17,1084.3653196550708
31_20240825 18,1147.1936299172435
31_20240825 19,1217.294615825975
31_20240825 20,1177.4733012618494
31_20240825 21,1151.312340517879
31_20240825 22,1125.8751274875317
31_20240825 23,976.1740622074288
31_20240826 00,837.9429462000845
31_20240826 01,712.9645030124661
31_20240826 02,651.8562656585497
31_20240826 03,610.5229720930326
31_20240826 04,585.4823687668568
31_20240826 05,581.7236526917633
31_20240826 06,622.5725028876526
31_20240826 07,726.3481620331283
31_20240826 08,881.1277440088187
31_20240826 09,928.4990100500412
31_20240826 10,936.2391556336602
31_20240826 11,983.8776360377308
31_20240826 12,997.3698694791631
31_20240826 13,982.9354612446486
31_20240826 14,997.2962789987696
31_20240826 15,1026.0182830738836
31_20240826 16,1013.0935866134241
31_20240826 17,1033.5265666690216
31_20240826 18,1105.746537929247
31_20240826 19,1146.2621936911928
31_20240826 20,1135.9525424194612
31_20240826 21,1101.940230112645
31_20240826 22,1089.9860252200383
31_20240826 23,943.6351640209207
31_20240827 00,812.1135157266947
31_20240827 01,705.4780443278488
31_20240827 02,642.6623663360934
31_20240827 03,597.2359646565387
31_20240827 04,578.4362880351945
31_20240827 05,577.5835882789446
31_20240827 06,610.0989640436585
31_20240827 07,691.4849007644602
31_20240827 08,832.6409540487092
31_20240827 09,817.9529758482759
31_20240827 10,808.1589940901176
31_20240827 11,818.5378268984542
31_20240827 12,793.5704914286188
31_20240827 13,796.9278400756784
31_20240827 14,822.2340743409446
31_20240827 15,882.1605380803849
31_20240827 16,905.6540013723712
31_20240827 17,965.1072274366177
31_20240827 18,1002.6853885159751
31_20240827 19,1096.961172038747
31_20240827 20,1071.4112753263219
31_20240827 21,1041.4349237771776
31_20240827 22,1011.8194269953981
31_20240827 23,869.8126007449098
31_20240828 00,758.337065558039
31_20240828 01,666.3794646276012
31_20240828 02,602.9150811865459
31_20240828 03,562.7926713197435
31_20240828 04,538.9329188567635
31_20240828 05,527.3124413944158
31_20240828 06,550.8565494493994
31_20240828 07,655.7616494880415
31_20240828 08,793.5801815860985
31_20240828 09,810.7651835955323
31_20240828 10,812.3819640086285
31_20240828 11,850.4465474009072
31_20240828 12,877.5039015381267
31_20240828 13,894.6594910106214
31_20240828 14,904.9416257431692
31_20240828 15,961.0119623758643
31_20240828 16,961.2498711176529
31_20240828 17,998.9538535084168
31_20240828 18,1047.0843200896595
31_20240828 19,1135.4760642236038
31_20240828 20,1112.8241961904596
31_20240828 21,1102.606574629473
31_20240828 22,1057.6557894965379
31_20240828 23,908.7393092142403
31_20240829 00,802.6961445752701
31_20240829 01,682.0731804975262
31_20240829 02,629.988195205804
31_20240829 03,575.3031629620835
31_20240829 04,549.5409768783447
31_20240829 05,537.2605076199147
31_20240829 06,563.3615680718443
31_20240829 07,664.2600817207976
31_20240829 08,780.3924193221901
31_20240829 09,798.0554192073571
31_20240829 10,820.2103875699404
31_20240829 11,896.1176471278536
31_20240829 12,899.7669854853536
31_20240829 13,903.3695780923589
31_20240829 14,908.3695874106849
31_20240829 15,947.4710509537257
31_20240829 16,946.6034369685012
31_20240829 17,971.9158626903403
31_20240829 18,1017.0016310229561
31_20240829 19,1105.583260082126
31_20240829 20,1070.7457331065193
31_20240829 21,1031.9524273529769
31_20240829 22,1028.1719672579197
31_20240829 23,878.7672000880124
31_20240830 00,768.6706918558602
31_20240830 01,665.6983022801836
31_20240830 02,602.3455570952001
31_20240830 03,553.2787464292317
31_20240830 04,536.3567377897266
31_20240830 05,528.0537264044688
31_20240830 06,563.4700093953819
31_20240830 07,655.2448282732635
31_20240830 08,791.6465342443819
31_20240830 09,851.4591763436197
31_20240830 10,858.7295960420231
31_20240830 11,894.260801895083
31_20240830 12,899.7916675504512
31_20240830 13,896.1773485121331
31_20240830 14,915.1869336316203
31_20240830 15,945.4341019488409
31_20240830 16,946.1553636382946
31_20240830 17,958.227965450396
31_20240830 18,978.5083246667327
31_20240830 19,1051.9056712807346
31_20240830 20,1019.4615459793212
31_20240830 21,962.8912634986102
31_20240830 22,980.2884489853529
31_20240830 23,844.7505995799097
31_20240831 00,751.1384440760044
31_20240831 01,653.5830748399203
31_20240831 02,591.3107426858185
31_20240831 03,544.131969428424
31_20240831 04,514.3681024204257
31_20240831 05,503.76667187515676
31_20240831 06,521.2522494743635
31_20240831 07,598.8252157978791
31_20240831 08,731.8188074977002
31_20240831 09,779.8966530343665
31_20240831 10,834.1644829565182
31_20240831 11,904.4776268189416
31_20240831 12,915.8101434288011
31_20240831 13,941.7692937939819
31_20240831 14,933.524297718854
31_20240831 15,954.3060833777364
31_20240831 16,934.5924647367525
31_20240831 17,950.0674361841401
31_20240831 18,957.0310171956792
31_20240831 19,1016.2114540096862
31_20240831 20,982.0944485759326
31_20240831 21,967.986747636156
31_20240831 22,939.2583241748436
31_20240831 23,813.6986488549305
32_20240825 00,665.4415951288211
32_20240825 01,515.7394509144561
32_20240825 02,516.2721098105667
32_20240825 03,510.0958116054876
32_20240825 04,511.2015593639167
32_20240825 05,546.660305697419
32_20240825 06,567.6091975233084
32_20240825 07,775.3057250624875
32_20240825 08,1013.756069734061
32_20240825 09,2037.368701201806
32_20240825 10,2467.086282458292
32_20240825 11,2650.26957818185
32_20240825 12,2645.5804997106684
32_20240825 13,2725.171596971254
32_20240825 14,2751.340858642207
32_20240825 15,2742.5577414798904
32_20240825 16,2749.8536159095383
32_20240825 17,2688.2628528150167
32_20240825 18,2558.5130944905895
32_20240825 19,2442.440968098621
32_20240825 20,2283.3019095144414
32_20240825 21,2069.525552014774
32_20240825 22,1275.1630359130477
32_20240825 23,957.9167973709402
32_20240826 00,636.8484289223095
32_20240826 01,482.69954320459124
32_20240826 02,478.92766177925427
32_20240826 03,476.65161937964757
32_20240826 04,474.56920223074286
32_20240826 05,487.38495314184473
32_20240826 06,485.2343418552674
32_20240826 07,514.6967114051439
32_20240826 08,518.7386961117475
32_20240826 09,546.9813754799043
32_20240826 10,566.283916818114
32_20240826 11,576.1815627376562
32_20240826 12,549.2428104495452
32_20240826 13,561.9151151323331
32_20240826 14,573.3673172261676
32_20240826 15,562.2582829430431
32_20240826 16,551.7207952990976
32_20240826 17,551.9221709803212
32_20240826 18,549.5220781774876
32_20240826 19,563.6167288883414
32_20240826 20,558.6094154209217
32_20240826 21,561.6367170714407
32_20240826 22,556.4861452501696
32_20240826 23,555.3996489953795
32_20240827 00,606.3525648153941
32_20240827 01,489.20287311014795
32_20240827 02,486.477470681118
32_20240827 03,483.3261103480448
32_20240827 04,490.2447319982931
32_20240827 05,529.8405550370774
32_20240827 06,548.6780051132605
32_20240827 07,754.9350118587217
32_20240827 08,987.5570040538041
32_20240827 09,1857.8762103539193
32_20240827 10,2372.9033811418058
32_20240827 11,2519.4569912213005
32_20240827 12,2524.3540078983506
32_20240827 13,2588.2034337925106
32_20240827 14,2530.3704197796997
32_20240827 15,2514.5921948302976
32_20240827 16,2480.04262790578
32_20240827 17,2427.3651738028702
32_20240827 18,2341.9896786105655
32_20240827 19,2244.0928285943646
32_20240827 20,2045.9953395994219
32_20240827 21,1932.6540153002968
32_20240827 22,1222.834262964339
32_20240827 23,886.6069625132185
32_20240828 00,610.9377913048454
32_20240828 01,484.2349730094309
32_20240828 02,483.50318615654055
32_20240828 03,477.1436019579015
32_20240828 04,488.11838272785445
32_20240828 05,522.9647986617331
32_20240828 06,542.9509831003392
32_20240828 07,738.1809616134835
32_20240828 08,945.1381340930611
32_20240828 09,1810.715785976629
32_20240828 10,2290.97621636773
32_20240828 11,2463.3761736333327
32_20240828 12,2451.9650818940563
32_20240828 13,2501.3705291543856
32_20240828 14,2483.554360582105
32_20240828 15,2499.735780720943
32_20240828 16,2480.286093403314
32_20240828 17,2427.983578041217
32_20240828 18,2358.1331392990683
32_20240828 19,2259.5104524149224
32_20240828 20,2063.3462179662156
32_20240828 21,1934.63148169722
32_20240828 22,1237.056699546014
32_20240828 23,906.5771406744478
32_20240829 00,640.7525770199079
32_20240829 01,501.9111532704144
32_20240829 02,502.39256259289635
32_20240829 03,495.2902257935666
32_20240829 04,499.3983933098839
32_20240829 05,530.968429327171
32_20240829 06,553.5417101408534
32_20240829 07,745.1593739261225
32_20240829 08,972.6779749178841
32_20240829 09,1830.883358573421
32_20240829 10,2302.0607491051187
32_20240829 11,2457.694413095943
32_20240829 12,2497.0048506134076
32_20240829 13,2516.4731512855906
32_20240829 14,2510.7262513309292
32_20240829 15,2537.0269615784828
32_20240829 16,2507.637251657163
32_20240829 17,2446.3602296753575
32_20240829 18,2355.7702079156256
32_20240829 19,2272.981963421695
32_20240829 20,2074.9780486099944
32_20240829 21,1949.7631942302846
32_20240829 22,1216.1922272343704
32_20240829 23,918.0166833912203
32_20240830 00,652.0833858891176
32_20240830 01,512.2888639880678
32_20240830 02,508.3533772583703
32_20240830 03,502.4257370444155
32_20240830 04,506.99322773162066
32_20240830 05,540.8193371198416
32_20240830 06,562.2102137461422
32_20240830 07,768.280134274642
32_20240830 08,997.6168706402943
32_20240830 09,1842.6836764702762
32_20240830 10,2326.281906255048
32_20240830 11,2464.9037273848403
32_20240830 12,2512.7759094661537
32_20240830 13,2565.59533244714
32_20240830 14,2568.7710429065746
32_20240830 15,2597.8386490380863
32_20240830 16,2574.665973852232
32_20240830 17,2505.7386468797795
32_20240830 18,2420.672828400668
32_20240830 19,2321.7771295251887
32_20240830 20,2160.5981305636797
32_20240830 21,1996.0997818418884
32_20240830 22,1255.9779115848123
32_20240830 23,933.0559911691283
32_20240831 00,649.7856565698398
32_20240831 01,503.37678507444923
32_20240831 02,501.549963662197
32_20240831 03,493.4023860136098
32_20240831 04,492.0152503231021
32_20240831 05,526.6753914349457
32_20240831 06,544.296463517426
32_20240831 07,757.2183130486842
32_20240831 08,981.9203873572451
32_20240831 09,1881.177444912772
32_20240831 10,2343.9917746173114
32_20240831 11,2521.6110442957265
32_20240831 12,2510.0066197037886
32_20240831 13,2565.7023913873004
32_20240831 14,2642.8535271217447
32_20240831 15,2640.0055968319816
32_20240831 16,2644.0695083812616
32_20240831 17,2582.71762444299
32_20240831 18,2518.964444951248
32_20240831 19,2393.530456340347
32_20240831 20,2204.620071175271
32_20240831 21,1985.7440729084947
32_20240831 22,1237.9792697372386
32_20240831 23,923.3430797511849
33_20240825 00,1142.362980997898
33_20240825 01,1139.1782912983872
33_20240825 02,1188.5879175222797
33_20240825 03,1237.3315110364765
33_20240825 04,1259.906237339243
33_20240825 05,717.2361119378959
33_20240825 06,678.3483957981861
33_20240825 07,1632.5047675069397
33_20240825 08,2170.3604265761974
33_20240825 09,2702.040024811291
33_20240825 10,3008.528920082923
33_20240825 11,2965.774902719546
33_20240825 12,3025.0770603605433
33_20240825 13,2999.1262310868733
33_20240825 14,2994.355306960501
33_20240825 15,2980.417012723846
33_20240825 16,2976.387926108769
33_20240825 17,2918.3192157619496
33_20240825 18,1938.6798202902269
33_20240825 19,1528.4793768953969
33_20240825 20,1398.1424894743232
33_20240825 21,851.5927780667241
33_20240825 22,539.0031488484715
33_20240825 23,1076.3627463763494
33_20240826 00,1322.146397151305
33_20240826 01,1293.494806730254
33_20240826 02,1271.110052398557
33_20240826 03,1238.3470972981504
33_20240826 04,1375.956489251371
33_20240826 05,750.1253003862577
33_20240826 06,721.8669394507956
33_20240826 07,1934.0439371561206
33_20240826 08,2910.180388516936
33_20240826 09,3083.1956274550203
33_20240826 10,3043.981110209209
33_20240826 11,3121.9312477329518
33_20240826 12,3033.4737112440607
33_20240826 13,3147.2839541575245
33_20240826 14,3127.7361943388078
33_20240826 15,3158.360194912386
33_20240826 16,3111.184239616152
33_20240826 17,3004.4281296445934
33_20240826 18,2141.159324427719
33_20240826 19,1535.1467482179814
33_20240826 20,1456.277873332542
33_20240826 21,831.558549000406
33_20240826 22,545.3010081022803
33_20240826 23,1131.4060167155776
33_20240827 00,1781.7301492772322
33_20240827 01,1670.484911855387
33_20240827 02,1699.2088645347585
33_20240827 03,1676.5081274615864
33_20240827 04,1457.3520706816325
33_20240827 05,740.2264135562818
33_20240827 06,704.1708333023532
33_20240827 07,1694.2713320671676
33_20240827 08,2396.4164551453996
33_20240827 09,2678.0566292711883
33_20240827 10,2801.2939094346866
33_20240827 11,2850.3966308726076
33_20240827 12,2904.547337179416
33_20240827 13,2889.3108843823925
33_20240827 14,2913.1539771576613
33_20240827 15,2905.3773704183377
33_20240827 16,3037.28431397485
33_20240827 17,2996.1507426912713
33_20240827 18,2177.52500723259
33_20240827 19,1547.5911542582915
33_20240827 20,1417.0331187966783
33_20240827 21,818.8430288757216
33_20240827 22,533.4365216870648
33_20240827 23,1128.2192251098843
33_20240828 00,1724.3963636978792
33_20240828 01,1722.0550365766571
33_20240828 02,1689.698645191137
33_20240828 03,1698.8696563710982
33_20240828 04,1517.1873974592158
33_20240828 05,754.4125830762691
33_20240828 06,678.5811190673707
33_20240828 07,1841.2945736216848
33_20240828 08,2544.217493429445
33_20240828 09,2833.466248963712
33_20240828 10,2948.561453467826
33_20240828 11,3053.684615377271
33_20240828 12,3058.0786030253303
33_20240828 13,3067.0949926539097
33_20240828 14,3083.696080500645
33_20240828 15,3115.2448363166823
33_20240828 16,3150.5052222940417
33_20240828 17,3128.7926786073212
33_20240828 18,2765.134600928602
33_20240828 19,2569.5502867838964
33_20240828 20,2460.2671396042024
33_20240828 21,1068.9965074932259
33_20240828 22,548.572256215905
33_20240828 23,1147.6177260708216
33_20240829 00,1819.1661120546487
33_20240829 01,1768.6316561172493
33_20240829 02,1759.5057083767476
33_20240829 03,1793.1867845932147
33_20240829 04,1593.6800717400433
33_20240829 05,742.6146994099136
33_20240829 06,670.1954686375925
33_20240829 07,1759.9297374114844
33_20240829 08,2403.0775823049667
33_20240829 09,2801.559311974729
33_20240829 10,2872.8139974243118
33_20240829 11,3082.1357332496655
33_20240829 12,3097.903443904387
33_20240829 13,3112.8907886292845
33_20240829 14,3106.9982223774437
33_20240829 15,3078.2154470164905
33_20240829 16,3058.6620428218357
33_20240829 17,3057.670810458376
33_20240829 18,2246.277764949138
33_20240829 19,1629.2971258133734
33_20240829 20,1438.2027425791966
33_20240829 21,864.3122133413758
33_20240829 22,546.1179501683553
33_20240829 23,1122.6310174867715
33_20240830 00,1853.479018014581
33_20240830 01,1754.3003285706022
33_20240830 02,1686.9279743430639
33_20240830 03,1715.4007696717035
33_20240830 04,1417.9345548965205
33_20240830 05,714.4856836619241
33_20240830 06,667.9497437560144
33_20240830 07,1753.73698874611
33_20240830 08,2444.6636462183524
33_20240830 09,2769.8903407974067
33_20240830 10,2990.480539852141
33_20240830 11,3054.4145739168152
33_20240830 12,3039.2622328661682
33_20240830 13,3041.383881617934
33_20240830 14,3050.5406555598474
33_20240830 15,3006.351693374205
33_20240830 16,2995.501440065055
33_20240830 17,2921.11500723238
33_20240830 18,2021.6509814588348
33_20240830 19,1555.8988354832281
33_20240830 20,1410.7380608627413
33_20240830 21,806.1395958310912
33_20240830 22,531.3631769009737
33_20240830 23,1036.1341487698899
33_20240831 00,1272.854731631211
33_20240831 01,1251.6662759458018
33_20240831 02,1251.6176492050035
33_20240831 03,1292.4108207825777
33_20240831 04,1384.6601796536156
33_20240831 05,684.7199689394361
33_20240831 06,642.1583645917476
33_20240831 07,1413.4477104307434
33_20240831 08,1950.148397986156
33_20240831 09,2440.0288093390186
33_20240831 10,2704.8870505991385
33_20240831 11,2897.2303348724536
33_20240831 12,3040.023366455571
33_20240831 13,3010.087318424338
33_20240831 14,2957.5281566624235
33_20240831 15,2993.8164337059047
33_20240831 16,2949.2231169613806
33_20240831 17,2931.75945078364
33_20240831 18,2580.7224408670872
33_20240831 19,2333.997096870288
33_20240831 20,2227.036529935774
33_20240831 21,1022.4345045503579
33_20240831 22,508.74110252242235
33_20240831 23,1013.4042134577389
34_20240825 00,5270.804357858137
34_20240825 01,4833.803137546152
34_20240825 02,4604.115523706554
34_20240825 03,4413.826831685972
34_20240825 04,4403.499680276862
34_20240825 05,4936.770970609953
34_20240825 06,5537.869809968151
34_20240825 07,6403.863833738297
34_20240825 08,7622.764357475009
34_20240825 09,9941.961945537103
34_20240825 10,14680.238073336131
34_20240825 11,15751.43285676706
34_20240825 12,16087.115245910049
34_20240825 13,16147.856529044217
34_20240825 14,16164.048059241255
34_20240825 15,16174.15644807891
34_20240825 16,16218.57823962863
34_20240825 17,16275.629829675774
34_20240825 18,16220.082729542239
34_20240825 19,15517.573179788391
34_20240825 20,14262.013421746164
34_20240825 21,10457.755856204985
34_20240825 22,7889.710152156462
34_20240825 23,6175.986959595707
34_20240826 00,5336.620111784776
34_20240826 01,4794.343275933375
34_20240826 02,4572.047385418069
34_20240826 03,4348.41953103387
34_20240826 04,4320.245902736692
34_20240826 05,4832.54305277981
34_20240826 06,5568.253807692406
34_20240826 07,7159.174470914989
34_20240826 08,8676.65053616251
34_20240826 09,10777.7739346625
34_20240826 10,15494.725532294331
34_20240826 11,16302.070305578038
34_20240826 12,16457.319961795845
34_20240826 13,16428.90614825337
34_20240826 14,16322.793862468572
34_20240826 15,16397.783125868733
34_20240826 16,16276.276774870184
34_20240826 17,16266.919248308783
34_20240826 18,16150.212613038175
34_20240826 19,14677.84452838833
34_20240826 20,13592.059558643814
34_20240826 21,10180.365110486715
34_20240826 22,7892.9311160497655
34_20240826 23,6247.684092192932
34_20240827 00,5219.7805267253325
34_20240827 01,4639.218980804613
34_20240827 02,4431.659713995781
34_20240827 03,4263.95443428615
34_20240827 04,4273.907935365242
34_20240827 05,4797.119036562262
34_20240827 06,5444.204223365789
34_20240827 07,6826.33057556484
34_20240827 08,8128.665149577873
34_20240827 09,9924.878838877175
34_20240827 10,14161.452200158328
34_20240827 11,15063.642020554958
34_20240827 12,15295.094122347764
34_20240827 13,15286.789043249959
34_20240827 14,15339.289901007298
34_20240827 15,15377.480844171521
34_20240827 16,15611.81780816294
34_20240827 17,15748.437452050792
34_20240827 18,15481.180160082342
34_20240827 19,14505.863775053931
34_20240827 20,12996.775480006394
34_20240827 21,9544.465548911261
34_20240827 22,7635.417481161505
34_20240827 23,6074.294417879209
34_20240828 00,5132.156058844066
34_20240828 01,4635.427720113098
34_20240828 02,4462.58620072932
34_20240828 03,4261.7201917793955
34_20240828 04,4232.248991188291
34_20240828 05,4705.40913675262
34_20240828 06,5327.041425725371
34_20240828 07,6593.579162779792
34_20240828 08,8248.816703525437
34_20240828 09,9997.412233930841
34_20240828 10,14677.077600722667
34_20240828 11,15586.788765129986
34_20240828 12,15868.098089804382
34_20240828 13,16062.086868271314
34_20240828 14,16125.706879660625
34_20240828 15,16133.7403309738
34_20240828 16,16027.723365228134
34_20240828 17,16067.713077437038
34_20240828 18,15993.11221380742
34_20240828 19,15019.809187534589
34_20240828 20,13718.283062711445
34_20240828 21,10219.21822430617
34_20240828 22,7859.27035112542
34_20240828 23,6173.512885399932
34_20240829 00,5160.59950801661
34_20240829 01,4665.970134830975
34_20240829 02,4450.319063857846
34_20240829 03,4305.7996820909275
34_20240829 04,4256.475151984417
34_20240829 05,4720.488915726224
34_20240829 06,5289.772269704077
34_20240829 07,6555.933841308369
34_20240829 08,8045.104745535147
34_20240829 09,9926.521380977447
34_20240829 10,14480.70824597989
34_20240829 11,15644.8025965886
34_20240829 12,15993.065198438526
34_20240829 13,16146.187961227191
34_20240829 14,16108.415050593188
34_20240829 15,16140.63364337694
34_20240829 16,16062.60915876945
34_20240829 17,16046.341434553255
34_20240829 18,15821.029819603235
34_20240829 19,14926.957392672422
34_20240829 20,13595.564430082926
34_20240829 21,9846.694419848682
34_20240829 22,7673.18962730164
34_20240829 23,6058.162876917245
34_20240830 00,5123.243821293636
34_20240830 01,4685.184137812079
34_20240830 02,4417.777353814565
34_20240830 03,4276.845095093749
34_20240830 04,4221.264778368107
34_20240830 05,4649.242328439961
34_20240830 06,5376.72756580153
34_20240830 07,6524.782249617565
34_20240830 08,8008.175021880021
34_20240830 09,10095.927390402574
34_20240830 10,14688.660928409794
34_20240830 11,15650.518089413064
34_20240830 12,15846.617518778869
34_20240830 13,15938.72060751824
34_20240830 14,15987.059446883824
34_20240830 15,15963.503290084538
34_20240830 16,15916.20966717903
34_20240830 17,15916.09026807708
34_20240830 18,15686.307740303164
34_20240830 19,15088.817044355641
34_20240830 20,13605.178310006573
34_20240830 21,10170.595805152556
34_20240830 22,7774.9384077085215
34_20240830 23,6052.002775643956
34_20240831 00,5125.577835327889
34_20240831 01,4640.854674356411
34_20240831 02,4381.253410353268
34_20240831 03,4250.0655044444575
34_20240831 04,4255.305346395449
34_20240831 05,4706.109205961067
34_20240831 06,5195.037858590686
34_20240831 07,6048.20057675329
34_20240831 08,7260.467207136575
34_20240831 09,9327.056015823178
34_20240831 10,13719.015403371825
34_20240831 11,14796.543652031758
34_20240831 12,15516.356139338803
34_20240831 13,15743.681135304185
34_20240831 14,15749.96062710315
34_20240831 15,15761.003673963623
34_20240831 16,15709.275074854275
34_20240831 17,15772.675905513588
34_20240831 18,15695.133035234565
34_20240831 19,14795.229159552697
34_20240831 20,13882.054155069769
34_20240831 21,10427.298794881743
34_20240831 22,7908.518192178913
34_20240831 23,6166.9058566021695
35_20240825 00,9498.259462038179
35_20240825 01,9447.027022578797
35_20240825 02,9418.61852111998
35_20240825 03,9406.72203609295
35_20240825 04,9389.572717069625
35_20240825 05,9382.962427001268
35_20240825 06,9369.849842805126
35_20240825 07,9398.853443440512
35_20240825 08,9433.753029403695
35_20240825 09,9468.892492740153
35_20240825 10,9494.975757986202
35_20240825 11,9521.51597896498
35_20240825 12,9545.319038010624
35_20240825 13,9542.19946326835
35_20240825 14,9551.360311559443
35_20240825 15,9558.437609830262
35_20240825 16,9565.658861137403
35_20240825 17,9554.33163527062
35_20240825 18,9544.175698663832
35_20240825 19,9528.088682311933
35_20240825 20,9538.696699261945
35_20240825 21,9528.729785642043
35_20240825 22,9508.061104154931
35_20240825 23,9505.492867075918
35_20240826 00,9520.77374340954
35_20240826 01,9453.892877374758
35_20240826 02,9429.232680364556
35_20240826 03,9425.657308624886
35_20240826 04,9412.29115326208
35_20240826 05,9402.845293434064
35_20240826 06,9385.616688691292
35_20240826 07,9418.565828792835
35_20240826 08,9467.267190526909
35_20240826 09,9501.220104083592
35_20240826 10,9518.474127370557
35_20240826 11,9543.002610659456
35_20240826 12,9546.084387821957
35_20240826 13,9563.625876578906
35_20240826 14,9555.917629494143
35_20240826 15,9589.973390203224
35_20240826 16,9568.354158591268
35_20240826 17,9551.479697667513
35_20240826 18,9540.957642785159
35_20240826 19,9492.290999980494
35_20240826 20,9523.809715650048
35_20240826 21,9526.688371292352
35_20240826 22,9507.393514949814
35_20240826 23,9500.661316881655
35_20240827 00,9508.76458587986
35_20240827 01,9469.42953183889
35_20240827 02,9441.982304122139
35_20240827 03,9435.745748278721
35_20240827 04,9330.880757159972
35_20240827 05,9316.628224125801
35_20240827 06,9285.743231855195
35_20240827 07,9400.758938842897
35_20240827 08,9385.916087844249
35_20240827 09,9434.490607084688
35_20240827 10,9445.841712950314
35_20240827 11,9464.9116961287
35_20240827 12,9479.438411986715
35_20240827 13,9489.0029358241
35_20240827 14,9521.787594992938
35_20240827 15,9534.442275959525
35_20240827 16,9548.669580421083
35_20240827 17,9543.475877503915
35_20240827 18,9526.150495814141
35_20240827 19,9499.420742482032
35_20240827 20,9479.32257268552
35_20240827 21,9464.980403594887
35_20240827 22,9463.010679294215
35_20240827 23,9429.101608470217
35_20240828 00,9435.79337246874
35_20240828 01,9379.11250362464
35_20240828 02,9360.411556165665
35_20240828 03,9356.63744728627
35_20240828 04,9338.78188023631
35_20240828 05,9244.783044471238
35_20240828 06,9228.378572695145
35_20240828 07,9347.131050364304
35_20240828 08,9382.666092138343
35_20240828 09,9447.660455002355
35_20240828 10,9512.575762166422
35_20240828 11,9541.771397880255
35_20240828 12,9540.684119044261
35_20240828 13,9545.124423775738
35_20240828 14,9587.434390039722
35_20240828 15,9578.337768878766
35_20240828 16,9555.40468205865
35_20240828 17,9560.945565221813
35_20240828 18,9543.255918643283
35_20240828 19,9515.074669872176
35_20240828 20,9516.250468352759
35_20240828 21,9515.014992297343
35_20240828 22,9477.802115419669
35_20240828 23,9460.309633369816
35_20240829 00,9492.949644957598
35_20240829 01,9436.530918777225
35_20240829 02,9402.485680075242
35_20240829 03,9375.002674097894
35_20240829 04,9340.901185581994
35_20240829 05,9326.330575127286
35_20240829 06,9315.946838724767
35_20240829 07,9362.850876702043
35_20240829 08,9400.835845898862
35_20240829 09,9454.372981234643
35_20240829 10,9503.979783572358
35_20240829 11,9542.303833514861
35_20240829 12,9539.98029286358
35_20240829 13,9580.682015646225
35_20240829 14,9597.748072203547
35_20240829 15,9592.95080661989
35_20240829 16,9600.465989842263
35_20240829 17,9587.536035004341
35_20240829 18,9549.436335935483
35_20240829 19,9520.274418368474
35_20240829 20,9520.759545110726
35_20240829 21,9495.607033786971
35_20240829 22,9488.342911654045
35_20240829 23,9470.066664296255
35_20240830 00,9491.336659962004
35_20240830 01,9436.357501733419
35_20240830 02,9385.616357591387
35_20240830 03,9372.427136311611
35_20240830 04,9352.315622065718
35_20240830 05,9335.702308685326
35_20240830 06,9321.062745299767
35_20240830 07,9360.400587164999
35_20240830 08,9423.670842508385
35_20240830 09,9478.584719360848
35_20240830 10,9512.639452342904
35_20240830 11,9532.667348603904
35_20240830 12,9531.648924674038
35_20240830 13,9551.778563048681
35_20240830 14,9577.338065925254
35_20240830 15,9590.698998410178
35_20240830 16,9547.618565431854
35_20240830 17,9537.901220365651
35_20240830 18,9524.929550282961
35_20240830 19,9526.519072265653
35_20240830 20,9521.4270513733
35_20240830 21,9502.56958195696
35_20240830 22,9500.117879987718
35_20240830 23,9482.424958866917
35_20240831 00,9485.293255929164
35_20240831 01,9427.559419181734
35_20240831 02,9356.34026487875
35_20240831 03,9356.31336111718
35_20240831 04,9325.350884739255
35_20240831 05,9305.188143303167
35_20240831 06,9288.646367846659
35_20240831 07,9316.501391036507
35_20240831 08,9352.284586144591
35_20240831 09,9427.847189097749
35_20240831 10,9457.775059652628
35_20240831 11,9488.693354557736
35_20240831 12,9504.760714902804
35_20240831 13,9535.619860924107
35_20240831 14,9533.732980508652
35_20240831 15,9525.240338837522
35_20240831 16,9521.715202878027
35_20240831 17,9516.662508618483
35_20240831 18,9507.665480145057
35_20240831 19,9490.241789517244
35_20240831 20,9491.269232115941
35_20240831 21,9493.500587927403
35_20240831 22,9490.525170485376
35_20240831 23,9465.344585763758
36_20240825 00,13909.367130416069
36_20240825 01,13861.845676588211
36_20240825 02,13837.97877482652
36_20240825 03,13808.35362549833
36_20240825 04,13797.076908170897
36_20240825 05,13802.472704616215
36_20240825 06,13803.759503978086
36_20240825 07,13806.874811220845
36_20240825 08,13868.401553312302
36_20240825 09,13963.181924864344
36_20240825 10,14100.345938276298
36_20240825 11,14130.436693774416
36_20240825 12,14162.94578237025
36_20240825 13,14201.968016151124
36_20240825 14,14222.846099142589
36_20240825 15,14211.949699201927
36_20240825 16,14238.958435633645
36_20240825 17,14209.704355811278
36_20240825 18,14156.784430611888
36_20240825 19,14092.300859314477
36_20240825 20,14006.120397424285
36_20240825 21,13969.682297575035
36_20240825 22,13904.863655796387
36_20240825 23,13889.031781409964
36_20240826 00,13898.494317232198
36_20240826 01,13890.934591847732
36_20240826 02,13891.14275532782
36_20240826 03,13894.320035455115
36_20240826 04,13885.203255921802
36_20240826 05,13897.169789959496
36_20240826 06,13814.049257506838
36_20240826 07,13848.719635422787
36_20240826 08,13900.577847842244
36_20240826 09,13992.980825235185
36_20240826 10,14182.508057804152
36_20240826 11,14251.679903464279
36_20240826 12,14268.79189123568
36_20240826 13,14274.124981675137
36_20240826 14,14384.548042339346
36_20240826 15,14397.848306572214
36_20240826 16,14396.742388227738
36_20240826 17,14282.494794355029
36_20240826 18,14067.880634932097
36_20240826 19,14013.77572130167
36_20240826 20,13943.293886701253
36_20240826 21,13930.255004300578
36_20240826 22,13907.02497207628
36_20240826 23,13881.86704646791
36_20240827 00,13881.867141620665
36_20240827 01,13853.335334584313
36_20240827 02,13856.460913622694
36_20240827 03,13824.673733019354
36_20240827 04,13835.780290484983
36_20240827 05,13807.453965155788
36_20240827 06,13766.351851666013
36_20240827 07,13768.757149425743
36_20240827 08,13816.29560623212
36_20240827 09,13915.688349954737
36_20240827 10,14020.730127876574
36_20240827 11,14018.307806259581
36_20240827 12,14004.27071807203
36_20240827 13,14052.3301816484
36_20240827 14,14077.28571731317
36_20240827 15,14082.74470723005
36_20240827 16,14120.120204633515
36_20240827 17,14055.907856474903
36_20240827 18,14045.75464386705
36_20240827 19,13835.195509295942
36_20240827 20,13793.255365792591
36_20240827 21,13722.005912788829
36_20240827 22,13671.76954565596
36_20240827 23,13710.31171466007
36_20240828 00,13737.287904900259
36_20240828 01,13676.816567817514
36_20240828 02,13651.508073147397
36_20240828 03,13662.076643551474
36_20240828 04,13637.444546493472
36_20240828 05,13631.064195532912
36_20240828 06,13574.813654408794
36_20240828 07,13636.367598135497
36_20240828 08,13706.773024389373
36_20240828 09,13867.526086474107
36_20240828 10,14000.468054428533
36_20240828 11,14115.889514670478
36_20240828 12,14136.14676496881
36_20240828 13,14158.017651986578
36_20240828 14,14263.51963110974
36_20240828 15,14264.99410660268
36_20240828 16,14260.132273243256
36_20240828 17,14187.125648700168
36_20240828 18,14074.364045877737
36_20240828 19,13922.744033648349
36_20240828 20,13866.572460292764
36_20240828 21,13825.48778607796
36_20240828 22,13760.084569513692
36_20240828 23,13723.716259819073
36_20240829 00,13716.086549584623
36_20240829 01,13636.655641049309
36_20240829 02,13633.827114545415
36_20240829 03,13575.9696892775
36_20240829 04,13564.052309365159
36_20240829 05,13557.279772447964
36_20240829 06,13539.438922412979
36_20240829 07,13604.799089147444
36_20240829 08,13687.819474026612
36_20240829 09,13833.294295672282
36_20240829 10,13963.836022500984
36_20240829 11,14042.041443386513
36_20240829 12,14080.86683991843
36_20240829 13,14108.083674842605
36_20240829 14,14224.084724100067
36_20240829 15,14229.422031030268
36_20240829 16,14227.172349877439
36_20240829 17,14152.130542641684
36_20240829 18,13993.948486939798
36_20240829 19,13934.188636448253
36_20240829 20,13843.305604739926
36_20240829 21,13805.84387328248
36_20240829 22,13719.624757612335
36_20240829 23,13653.454925687787
36_20240830 00,13678.859053292432
36_20240830 01,13630.239964059563
36_20240830 02,13628.921174698886
36_20240830 03,13604.941372906389
36_20240830 04,13571.085599095833
36_20240830 05,13548.317227644382
36_20240830 06,13549.349187226426
36_20240830 07,13595.214509411557
36_20240830 08,13643.929261225392
36_20240830 09,13825.421794728894
36_20240830 10,13964.848291750966
36_20240830 11,14047.455480787274
36_20240830 12,14107.619482560009
36_20240830 13,14176.525515091149
36_20240830 14,14166.593071765836
36_20240830 15,14179.35406628454
36_20240830 16,14119.028850010935
36_20240830 17,14077.460491275924
36_20240830 18,14016.29914330295
36_20240830 19,13921.361869771217
36_20240830 20,13857.254160313323
36_20240830 21,13788.933314359914
36_20240830 22,13667.537751543265
36_20240830 23,13660.39651062677
36_20240831 00,13665.774079889703
36_20240831 01,13596.067001359073
36_20240831 02,13585.233279770211
36_20240831 03,13569.362137420543
36_20240831 04,13574.781529231768
36_20240831 05,13595.76978948015
36_20240831 06,13570.630376481764
36_20240831 07,13583.118923894155
36_20240831 08,13635.191794922077
36_20240831 09,13756.80370029062
36_20240831 10,13888.064701811196
36_20240831 11,13915.230308727241
36_20240831 12,13973.247250161763
36_20240831 13,13969.344313599677
36_20240831 14,13967.4394049505
36_20240831 15,14056.153471934394
36_20240831 16,14009.645927010657
36_20240831 17,13971.661686629679
36_20240831 18,13959.031300211529
36_20240831 19,13825.790817960355
36_20240831 20,13771.651704846734
36_20240831 21,13741.993584963804
36_20240831 22,13673.874103325941
36_20240831 23,13628.46578891543
37_20240825 00,1587.8877005899724
37_20240825 01,1563.020165204534
37_20240825 02,1563.3878237579765
37_20240825 03,1551.7421388443017
37_20240825 04,1550.0664288596374
37_20240825 05,1575.197533043054
37_20240825 06,1655.9188721743274
37_20240825 07,1661.001641265138
37_20240825 08,1735.2537662679206
37_20240825 09,1857.7231192780773
37_20240825 10,1905.293236673131
37_20240825 11,1945.1903237894348
37_20240825 12,1991.4024796524254
37_20240825 13,1984.2204324779636
37_20240825 14,1998.2100642604223
37_20240825 15,1993.758229404288
37_20240825 16,2000.024318350656
37_20240825 17,1946.6414905588554
37_20240825 18,1881.1970235154386
37_20240825 19,1836.3199696315812
37_20240825 20,1826.4025819455123
37_20240825 21,1726.326525357896
37_20240825 22,1657.7404060922104
37_20240825 23,1613.267648363812
37_20240826 00,1587.4120206266293
37_20240826 01,1567.3917948066542
37_20240826 02,1574.0055797823259
37_20240826 03,1591.9060660195225
37_20240826 04,1697.3883809634094
37_20240826 05,2353.992562055142
37_20240826 06,3349.4170325824643
37_20240826 07,3797.6795623111248
37_20240826 08,4087.4028040475637
37_20240826 09,4152.690694072171
37_20240826 10,4227.382495883407
37_20240826 11,4296.032993769495
37_20240826 12,4228.500133680329
37_20240826 13,4288.636170012452
37_20240826 14,4239.354547781641
37_20240826 15,4205.788612197908
37_20240826 16,4179.6770262648915
37_20240826 17,4162.855351040402
37_20240826 18,3639.517486929963
37_20240826 19,3038.8739450433654
37_20240826 20,2459.9611703873916
37_20240826 21,2087.263216291525
37_20240826 22,1917.5143694640371
37_20240826 23,1724.356648992431
37_20240827 00,1631.2597364518192
37_20240827 01,1593.0816968209374
37_20240827 02,1601.2375142857309
37_20240827 03,1571.0749268897484
37_20240827 04,1575.059918301072
37_20240827 05,2096.813533166139
37_20240827 06,3203.059013950252
37_20240827 07,3528.34563090689
37_20240827 08,3821.0532215664425
37_20240827 09,3875.01348792516
37_20240827 10,3921.4889466870277
37_20240827 11,3974.520706562912
37_20240827 12,3928.953547232243
37_20240827 13,3964.866315454167
37_20240827 14,4088.206338413248
37_20240827 15,4113.582381011021
37_20240827 16,4099.5904512506395
37_20240827 17,3985.8170217382985
37_20240827 18,3555.273641782853
37_20240827 19,3041.5746147690206
37_20240827 20,2383.8425201954105
37_20240827 21,2040.697115478455
37_20240827 22,1853.0518597841842
37_20240827 23,1659.1711886039807
37_20240828 00,1580.136646721698
37_20240828 01,1550.4388456388797
37_20240828 02,1548.4494238116154
37_20240828 03,1540.1066458247699
37_20240828 04,1596.9444158449733
37_20240828 05,2010.648571553672
37_20240828 06,3043.5000102407466
37_20240828 07,3327.3593639725536
37_20240828 08,3799.9382488441333
37_20240828 09,3962.9789741817303
37_20240828 10,4155.339415850114
37_20240828 11,4224.989352124916
37_20240828 12,4178.684804465145
37_20240828 13,4253.04135083288
37_20240828 14,4137.7590959622685
37_20240828 15,4124.843074024645
37_20240828 16,4174.120594382797
37_20240828 17,4055.148432876532
37_20240828 18,3696.7763057239654
37_20240828 19,3072.6848738723093
37_20240828 20,2397.0347914657577
37_20240828 21,2017.0699103895674
37_20240828 22,1842.380686245329
37_20240828 23,1690.9209312553228
37_20240829 00,1596.0979783629962
37_20240829 01,1564.6510017398348
37_20240829 02,1567.4446497575286
37_20240829 03,1544.648795046244
37_20240829 04,1530.288748277228
37_20240829 05,1953.194801349757
37_20240829 06,2970.9175589855136
37_20240829 07,3254.8222799618416
37_20240829 08,3662.2919182203377
37_20240829 09,3781.5822700427534
37_20240829 10,3933.7502896914475
37_20240829 11,4018.408571623438
37_20240829 12,3973.9490974322807
37_20240829 13,3985.8264363976737
37_20240829 14,3995.7008141037004
37_20240829 15,3910.9505655733487
37_20240829 16,3933.2956251365795
37_20240829 17,3925.7264598880497
37_20240829 18,3476.696616573722
37_20240829 19,2955.792758978743
37_20240829 20,2348.5810300919234
37_20240829 21,1975.988244899103
37_20240829 22,1816.4231809844528
37_20240829 23,1649.4051667431256
37_20240830 00,1583.1493660092292
37_20240830 01,1554.2888441318494
37_20240830 02,1551.6245199208206
37_20240830 03,1540.736014262976
37_20240830 04,1558.6349331033016
37_20240830 05,1990.8695429481393
37_20240830 06,2997.214097897344
37_20240830 07,3228.6789770797623
37_20240830 08,3726.7292481402487
37_20240830 09,3926.903904607575
37_20240830 10,4056.1892757714236
37_20240830 11,4086.467323944072
37_20240830 12,4036.458487093316
37_20240830 13,4078.4715672359134
37_20240830 14,4000.183136176557
37_20240830 15,4029.7614292396966
37_20240830 16,4023.8473243630956
37_20240830 17,3852.2735104048684
37_20240830 18,3373.383933421987
37_20240830 19,2887.9784240635868
37_20240830 20,2224.349212726822
37_20240830 21,1896.6235294411122
37_20240830 22,1706.2998640164453
37_20240830 23,1590.4918984752828
37_20240831 00,1547.0521136423124
37_20240831 01,1510.8139195258977
37_20240831 02,1488.836295628077
37_20240831 03,1482.986179316719
37_20240831 04,1495.6128008460057
37_20240831 05,1522.983830052991
37_20240831 06,1564.1502522591852
37_20240831 07,1610.982753677616
37_20240831 08,1661.4187353311518
37_20240831 09,1838.02670018896
37_20240831 10,1933.695170043118
37_20240831 11,1952.8462625600432
37_20240831 12,1991.3665703460106
37_20240831 13,2007.4620876047575
37_20240831 14,1998.7032399697134
37_20240831 15,2001.1648221800617
37_20240831 16,1991.720989412691
37_20240831 17,1926.839485006307
37_20240831 18,1887.0138057755798
37_20240831 19,1807.4391585223816
37_20240831 20,1732.4431616274792
37_20240831 21,1681.802444856737
37_20240831 22,1593.9251369463075
37_20240831 23,1568.9789430366686
38_20240825 00,941.3584082376992
38_20240825 01,934.8844257816065
38_20240825 02,923.1511733563214
38_20240825 03,925.5624536213998
38_20240825 04,918.2872647244387
38_20240825 05,916.7994760700001
38_20240825 06,956.2388040257888
38_20240825 07,990.2440986942672
38_20240825 08,1041.5986154317245
38_20240825 09,1094.1096437640635
38_20240825 10,1163.5065618995802
38_20240825 11,1191.4354580962975
38_20240825 12,1196.604339558684
38_20240825 13,1217.9032733887896
38_20240825 14,1236.877636193149
38_20240825 15,1208.816156390309
38_20240825 16,1191.712790530285
38_20240825 17,1101.279311914391
38_20240825 18,1036.8981094833593
38_20240825 19,1018.3199310231541
38_20240825 20,996.8975094645064
38_20240825 21,981.6548134407803
38_20240825 22,958.0433854331038
38_20240825 23,951.2276365574588
38_20240826 00,957.2153834736187
38_20240826 01,938.7939351938304
38_20240826 02,937.0658708992326
38_20240826 03,932.6180997567591
38_20240826 04,932.6666631291248
38_20240826 05,1094.8869388227777
38_20240826 06,1320.76403736347
38_20240826 07,1427.8808510428503
38_20240826 08,1596.445841791937
38_20240826 09,1706.2753110377416
38_20240826 10,1714.1928976109848
38_20240826 11,1741.4179634433403
38_20240826 12,1722.244325225322
38_20240826 13,1724.315037238367
38_20240826 14,1748.7723247608599
38_20240826 15,1739.7876531774418
38_20240826 16,1729.2034291664927
38_20240826 17,1703.1981314880513
38_20240826 18,1463.1180610876231
38_20240826 19,1225.1320120037303
38_20240826 20,1176.6748401975055
38_20240826 21,1125.5634481359657
38_20240826 22,1046.8179781293181
38_20240826 23,995.8093580339374
38_20240827 00,963.7255853626139
38_20240827 01,949.641587856854
38_20240827 02,947.7975674990357
38_20240827 03,945.0222827005568
38_20240827 04,933.7240785534119
38_20240827 05,1046.7034803447473
38_20240827 06,1316.0393058834418
38_20240827 07,1466.9067229023844
38_20240827 08,1589.1657610259956
38_20240827 09,1701.4875939866142
38_20240827 10,1713.5070391555564
38_20240827 11,1722.8549479145527
38_20240827 12,1689.0518993853682
38_20240827 13,1692.4541298219387
38_20240827 14,1713.2197878690715
38_20240827 15,1709.9701242526116
38_20240827 16,1697.508981144347
38_20240827 17,1660.7143360448308
38_20240827 18,1410.5722403002642
38_20240827 19,1185.7415823892056
38_20240827 20,1130.1727813779294
38_20240827 21,1080.8020081963296
38_20240827 22,1003.4920427567856
38_20240827 23,971.1375792781137
38_20240828 00,934.9130576468552
38_20240828 01,922.0919002652531
38_20240828 02,917.4724941476064
38_20240828 03,925.3443004597036
38_20240828 04,915.0750644471389
38_20240828 05,999.7362268403054
38_20240828 06,1248.8498774252134
38_20240828 07,1400.274079282071
38_20240828 08,1536.9261054378726
38_20240828 09,1656.4532134444567
38_20240828 10,1681.622985033843
38_20240828 11,1739.8996526768226
38_20240828 12,1693.6567346042616
38_20240828 13,1725.0141316290026
38_20240828 14,1747.6387586650012
38_20240828 15,1730.212136612946
38_20240828 16,1713.9227950341626
38_20240828 17,1669.975846787341
38_20240828 18,1450.1798347562933
38_20240828 19,1186.3765701480665
38_20240828 20,1131.7362391954116
38_20240828 21,1075.312039881701
38_20240828 22,1023.5325751544472
38_20240828 23,974.0796769535896
38_20240829 00,937.9537465127864
38_20240829 01,920.9473440901261
38_20240829 02,917.6373954779584
38_20240829 03,913.2137558034076
38_20240829 04,911.7445714397195
38_20240829 05,974.2881981894873
38_20240829 06,1214.258548157346
38_20240829 07,1361.8226274546391
38_20240829 08,1500.7216495496282
38_20240829 09,1616.0528945592453
38_20240829 10,1649.6920499834055
38_20240829 11,1678.4782947878941
38_20240829 12,1652.0561791873388
38_20240829 13,1674.152784682488
38_20240829 14,1700.6372216548477
38_20240829 15,1697.1229236152594
38_20240829 16,1680.8788050240792
38_20240829 17,1637.8714984471399
38_20240829 18,1401.5879336515295
38_20240829 19,1159.3599463768753
38_20240829 20,1103.4922731517963
38_20240829 21,1053.9629829690207
38_20240829 22,987.1170098869903
38_20240829 23,942.6955261105581
38_20240830 00,913.1191523968048
38_20240830 01,900.6830410254488
38_20240830 02,897.1498080769383
38_20240830 03,894.8296308222098
38_20240830 04,886.4359865908011
38_20240830 05,951.0760109180026
38_20240830 06,1218.932490936029
38_20240830 07,1353.7057138111627
38_20240830 08,1456.145398973928
38_20240830 09,1601.4843837739772
38_20240830 10,1633.8570538605936
38_20240830 11,1647.4983778987753
38_20240830 12,1637.7774945349372
38_20240830 13,1657.186600612854
38_20240830 14,1669.8455368357927
38_20240830 15,1665.7611322897403
38_20240830 16,1648.5511412834603
38_20240830 17,1611.5050439706924
38_20240830 18,1354.05668824865
38_20240830 19,1119.5038272165525
38_20240830 20,1068.2501592100039
38_20240830 21,1013.7542679419166
38_20240830 22,967.8828953421023
38_20240830 23,935.3982266364952
38_20240831 00,900.2106392339683
38_20240831 01,892.9165308712325
38_20240831 02,891.1563368534851
38_20240831 03,887.7576055569389
38_20240831 04,885.5531900215533
38_20240831 05,886.3654049901635
38_20240831 06,913.6206313964965
38_20240831 07,947.1808494416146
38_20240831 08,1044.4391359115239
38_20240831 09,1084.9511945821735
38_20240831 10,1099.20175792095
38_20240831 11,1119.0084642478091
38_20240831 12,1169.7467131853373
38_20240831 13,1163.8735896676885
38_20240831 14,1146.777785305003
38_20240831 15,1174.9700242870863
38_20240831 16,1167.8245964306218
38_20240831 17,1113.688513521219
38_20240831 18,1061.4502745263526
38_20240831 19,996.1953875644044
38_20240831 20,966.690822028244
38_20240831 21,949.0440691093816
38_20240831 22,935.073263261659
38_20240831 23,916.401914845637
39_20240825 00,1808.2833475657076
39_20240825 01,1764.4883831302564
39_20240825 02,1746.555453364348
39_20240825 03,1777.121316496195
39_20240825 04,1813.521868346706
39_20240825 05,1874.4347296792932
39_20240825 06,2020.802415464338
39_20240825 07,2093.782584940629
39_20240825 08,2169.583006300964
39_20240825 09,2199.7753051960426
39_20240825 10,2216.4698576225733
39_20240825 11,2233.8088091142963
39_20240825 12,2245.241819327065
39_20240825 13,2277.1098105172487
39_20240825 14,2281.3935050619375
39_20240825 15,2268.1159809898845
39_20240825 16,2267.2137020654595
39_20240825 17,2261.416997855062
39_20240825 18,2265.031840486134
39_20240825 19,2225.1803500973333
39_20240825 20,2078.7914533141375
39_20240825 21,2018.8563500706723
39_20240825 22,1971.6612841386589
39_20240825 23,1891.367076365196
39_20240826 00,1857.9919037833483
39_20240826 01,1800.190275729679
39_20240826 02,1795.2777556105784
39_20240826 03,1810.0722477001896
39_20240826 04,1835.9591168231627
39_20240826 05,2044.4327280502603
39_20240826 06,2528.809366350203
39_20240826 07,2888.6074882020685
39_20240826 08,3172.2050903048316
39_20240826 09,3257.3093175447284
39_20240826 10,3284.7630362693926
39_20240826 11,3303.613944794435
39_20240826 12,3304.9923577080044
39_20240826 13,3335.952734727251
39_20240826 14,3333.257356308737
39_20240826 15,3343.626087575113
39_20240826 16,3305.981762124241
39_20240826 17,3059.0090023584667
39_20240826 18,2707.4851103973806
39_20240826 19,2498.3920570905507
39_20240826 20,2242.767545865639
39_20240826 21,2125.8460229992475
39_20240826 22,2017.9429005254356
39_20240826 23,1944.0001425170033
39_20240827 00,1861.8362275085083
39_20240827 01,1808.1863480351826
39_20240827 02,1783.2477236926645
39_20240827 03,1773.0830043236263
39_20240827 04,1768.8036497001394
39_20240827 05,1936.009901876966
39_20240827 06,2434.453950170027
39_20240827 07,2717.5427726631333
39_20240827 08,3013.5685963547153
39_20240827 09,3106.0998542169486
39_20240827 10,3076.7296072917306
39_20240827 11,3088.1792813757775
39_20240827 12,3076.578982509077
39_20240827 13,3201.0459829943356
39_20240827 14,3227.0740557114073
39_20240827 15,3214.2969747610605
39_20240827 16,3191.309695445988
39_20240827 17,2957.9658614074733
39_20240827 18,2612.362056175875
39_20240827 19,2421.80924130868
39_20240827 20,2152.6593672387335
39_20240827 21,2059.3717426575577
39_20240827 22,1954.30428439856
39_20240827 23,1880.7546609263418
39_20240828 00,1809.643977783357
39_20240828 01,1732.7993567115682
39_20240828 02,1738.6905898278264
39_20240828 03,1725.8400660803077
39_20240828 04,1734.1368267385524
39_20240828 05,1806.3346180810904
39_20240828 06,2293.8465614808656
39_20240828 07,2626.4030899914687
39_20240828 08,2981.566531713046
39_20240828 09,3147.238345884297
39_20240828 10,3168.186824550774
39_20240828 11,3210.277078981685
39_20240828 12,3228.2868598806153
39_20240828 13,3279.1128888311423
39_20240828 14,3265.162313496581
39_20240828 15,3259.111447096755
39_20240828 16,3232.796455893958
39_20240828 17,3009.281099996224
39_20240828 18,2653.5481375543395
39_20240828 19,2454.6920418898712
39_20240828 20,2183.6985071834924
39_20240828 21,2076.5810357806067
39_20240828 22,1994.3888647200913
39_20240828 23,1911.432908733966
39_20240829 00,1831.7874903604443
39_20240829 01,1765.9505702584697
39_20240829 02,1754.4128164274362
39_20240829 03,1726.2151009571967
39_20240829 04,1755.0806761811118
39_20240829 05,1845.6761313874813
39_20240829 06,2273.6293716302976
39_20240829 07,2590.1592089387045
39_20240829 08,2952.723414118892
39_20240829 09,3064.4980695601434
39_20240829 10,3100.5921250175297
39_20240829 11,3154.9904522908473
39_20240829 12,3172.759054456801
39_20240829 13,3243.4219635670606
39_20240829 14,3244.5468438285025
39_20240829 15,3223.2001139872355
39_20240829 16,3161.2455963239836
39_20240829 17,2914.1016929248235
39_20240829 18,2612.8007053821348
39_20240829 19,2394.454735243123
39_20240829 20,2136.614338673421
39_20240829 21,2032.4716516323
39_20240829 22,1946.29604604203
39_20240829 23,1900.265009297779
39_20240830 00,1796.622188157817
39_20240830 01,1762.9122274276297
39_20240830 02,1725.982321752982
39_20240830 03,1707.9617276894814
39_20240830 04,1714.0143454331676
39_20240830 05,1829.1785864296653
39_20240830 06,2253.028478634181
39_20240830 07,2561.6633804179637
39_20240830 08,2901.0162065125305
39_20240830 09,3067.67845299332
39_20240830 10,3089.3547394622065
39_20240830 11,3133.5047309421075
39_20240830 12,3130.8998792034076
39_20240830 13,3161.3935411965795
39_20240830 14,3181.6538958180754
39_20240830 15,3174.5116349915484
39_20240830 16,3148.178935934601
39_20240830 17,2892.8293581886915
39_20240830 18,2584.791353821015
39_20240830 19,2362.2063711199335
39_20240830 20,2077.6458654405446
39_20240830 21,2009.4837715974227
39_20240830 22,1936.7736169547507
39_20240830 23,1857.3781804268174
39_20240831 00,1757.046231497041
39_20240831 01,1694.310058577944
39_20240831 02,1616.26001776283
39_20240831 03,1591.267850740869
39_20240831 04,1581.3886691015796
39_20240831 05,1624.017592773649
39_20240831 06,1809.9571957772193
39_20240831 07,1874.6851017268293
39_20240831 08,2069.38418646268
39_20240831 09,2147.5945115269433
39_20240831 10,2188.640020499128
39_20240831 11,2223.0156879713218
39_20240831 12,2225.2903150667516
39_20240831 13,2257.90021537177
39_20240831 14,2267.0475051251024
39_20240831 15,2225.9672136756967
39_20240831 16,2213.459960121641
39_20240831 17,2197.65434545683
39_20240831 18,2196.4350054458273
39_20240831 19,2101.747408339648
39_20240831 20,1997.9904979825303
39_20240831 21,1929.992183017971
39_20240831 22,1851.3438989413469
39_20240831 23,1793.2941824664797
40_20240825 00,519.6356560517434
40_20240825 01,487.36070377929525
40_20240825 02,494.9036621324303
40_20240825 03,503.32195994303277
40_20240825 04,512.6943081888973
40_20240825 05,514.8063206092015
40_20240825 06,522.2805002639518
40_20240825 07,554.0780044360288
40_20240825 08,607.6220986093291
40_20240825 09,681.243624401696
40_20240825 10,704.7617401992577
40_20240825 11,707.8397571068948
40_20240825 12,709.6567820524656
40_20240825 13,703.8012754799413
40_20240825 14,710.5317014039954
40_20240825 15,704.5956978154488
40_20240825 16,702.0492055043255
40_20240825 17,716.0292760690883
40_20240825 18,769.9480332185695
40_20240825 19,717.5856757646998
40_20240825 20,777.6250199797922
40_20240825 21,671.7191879414482
40_20240825 22,598.9705609073683
40_20240825 23,544.6456853034485
40_20240826 00,534.4129590687239
40_20240826 01,500.2225129650115
40_20240826 02,495.8539279793254
40_20240826 03,499.1729620654648
40_20240826 04,497.0374563031224
40_20240826 05,512.1668647991057
40_20240826 06,565.5851686453238
40_20240826 07,673.3743473928243
40_20240826 08,823.4726691195295
40_20240826 09,1214.307321859146
40_20240826 10,1889.3408584203644
40_20240826 11,1920.9863413149446
40_20240826 12,1942.8124634735943
40_20240826 13,1907.7237069549576
40_20240826 14,1905.533659334034
40_20240826 15,1872.3469943635744
40_20240826 16,1854.4552749235966
40_20240826 17,1788.1928732799292
40_20240826 18,1759.817405910831
40_20240826 19,1653.4651268283578
40_20240826 20,1622.7813650104545
40_20240826 21,1352.7568545997196
40_20240826 22,973.693338079762
40_20240826 23,666.2098214223167
40_20240827 00,532.0526343461838
40_20240827 01,503.74157377196383
40_20240827 02,495.80892974573305
40_20240827 03,497.1792267281909
40_20240827 04,493.8119126796445
40_20240827 05,513.9096476934601
40_20240827 06,565.4594177997784
40_20240827 07,663.102740290095
40_20240827 08,804.6318827960501
40_20240827 09,1180.608029600981
40_20240827 10,1792.0247532962533
40_20240827 11,1761.3247036027885
40_20240827 12,1815.3052213023236
40_20240827 13,1831.5535935660778
40_20240827 14,1826.5004469378512
40_20240827 15,1826.3157802403175
40_20240827 16,1807.4799771825722
40_20240827 17,1745.314381069819
40_20240827 18,1709.7909870112462
40_20240827 19,1642.9689299540973
40_20240827 20,1595.756846591801
40_20240827 21,1330.233555731901
40_20240827 22,959.8708751923524
40_20240827 23,661.4968814936567
40_20240828 00,532.8314626209917
40_20240828 01,499.925266558549
40_20240828 02,498.53332307799644
40_20240828 03,501.1033988968725
40_20240828 04,487.1356077831503
40_20240828 05,498.27793148577746
40_20240828 06,547.869616396363
40_20240828 07,663.3689111363352
40_20240828 08,805.317448960929
40_20240828 09,1167.3315824373203
40_20240828 10,1812.705783659207
40_20240828 11,1856.9532202575042
40_20240828 12,1889.915556626142
40_20240828 13,1874.0491378178413
40_20240828 14,1863.769317348848
40_20240828 15,1850.6503092735686
40_20240828 16,1812.90169307245
40_20240828 17,1758.0448243503838
40_20240828 18,1719.8190585942505
40_20240828 19,1629.304329819391
40_20240828 20,1607.4176226982868
40_20240828 21,1343.3914412388945
40_20240828 22,986.8773302281909
40_20240828 23,671.5758135430119
40_20240829 00,533.1443589381588
40_20240829 01,504.63212606642134
40_20240829 02,501.0602414524073
40_20240829 03,504.6711307800873
40_20240829 04,489.5376321475388
40_20240829 05,505.8493832486808
40_20240829 06,554.9703261944771
40_20240829 07,670.2221420068894
40_20240829 08,809.5863117102571
40_20240829 09,1172.003004016623
40_20240829 10,1804.9959768194215
40_20240829 11,1829.3973076935995
40_20240829 12,1877.593143212847
40_20240829 13,1874.4923531988238
40_20240829 14,1845.0217224220487
40_20240829 15,1831.8120258456665
40_20240829 16,1808.7465780459952
40_20240829 17,1759.8446615328555
40_20240829 18,1721.7198488383412
40_20240829 19,1640.9518265481956
40_20240829 20,1594.5759696666935
40_20240829 21,1290.597691241789
40_20240829 22,977.6192836421571
40_20240829 23,665.3337741934022
40_20240830 00,540.5071085812846
40_20240830 01,512.0243990829669
40_20240830 02,510.3812197459533
40_20240830 03,513.0601704163112
40_20240830 04,496.98475574524286
40_20240830 05,513.120707888806
40_20240830 06,562.8002578100625
40_20240830 07,671.2210190599503
40_20240830 08,820.4393123742259
40_20240830 09,1169.0071982477816
40_20240830 10,1826.2084031878608
40_20240830 11,1835.2498717132135
40_20240830 12,1885.2625455419875
40_20240830 13,1862.6198166044796
40_20240830 14,1850.6365543725362
40_20240830 15,1835.1570582558425
40_20240830 16,1823.5385763627169
40_20240830 17,1766.262375032777
40_20240830 18,1713.8281193120656
40_20240830 19,1641.7895627359526
40_20240830 20,1576.8983906372264
40_20240830 21,1325.1525693948943
40_20240830 22,958.7774508696581
40_20240830 23,667.0161086908174
40_20240831 00,539.795165175429
40_20240831 01,508.03483284098945
40_20240831 02,506.1520955851796
40_20240831 03,513.3189816261307
40_20240831 04,500.382075438318
40_20240831 05,514.3818021935592
40_20240831 06,562.9284726777369
40_20240831 07,667.1950698722037
40_20240831 08,826.9112157472687
40_20240831 09,1178.3949939750748
40_20240831 10,1802.1920380458141
40_20240831 11,1877.2819064436637
40_20240831 12,1900.6328242333411
40_20240831 13,1907.3850019740053
40_20240831 14,1931.567184158932
40_20240831 15,1919.4280002074768
40_20240831 16,1883.2536352058414
40_20240831 17,1822.9958790617552
40_20240831 18,1764.1932015556624
40_20240831 19,1674.243609179658
40_20240831 20,1614.2272078975034
40_20240831 21,1369.3255128634014
40_20240831 22,985.0250783668346
40_20240831 23,669.6568143935949
41_20240825 00,2684.512288376942
41_20240825 01,2685.70580461442
41_20240825 02,2689.180444965895
41_20240825 03,2688.712118992701
41_20240825 04,2684.040443045843
41_20240825 05,2686.502956156504
41_20240825 06,2686.7619819378106
41_20240825 07,2686.392960612725
41_20240825 08,2689.659669519281
41_20240825 09,2694.988892084845
41_20240825 10,2709.480289716318
41_20240825 11,2714.164556047583
41_20240825 12,2719.142916784106
41_20240825 13,2720.6474716475764
41_20240825 14,2724.00274657776
41_20240825 15,2726.3485789893557
41_20240825 16,2726.2523889475233
41_20240825 17,2722.6651100456215
41_20240825 18,2721.707899033746
41_20240825 19,2714.9786428685907
41_20240825 20,2712.8519193888314
41_20240825 21,2709.5208038364954
41_20240825 22,2700.55401379558
41_20240825 23,2692.2901032508053
41_20240826 00,2690.955588831179
41_20240826 01,2691.9380273467923
41_20240826 02,2693.051556807191
41_20240826 03,2698.257021361612
41_20240826 04,2691.4310583189003
41_20240826 05,2692.3560459592945
41_20240826 06,2691.6805730419596
41_20240826 07,2692.134690295458
41_20240826 08,2697.9945126936564
41_20240826 09,2717.6025550091013
41_20240826 10,2723.79027475212
41_20240826 11,2731.063695548605
41_20240826 12,2737.290301120617
41_20240826 13,2735.8116914277607
41_20240826 14,2734.80841614887
41_20240826 15,2732.732307656415
41_20240826 16,2730.583542782279
41_20240826 17,2730.472995519267
41_20240826 18,2731.3581329672943
41_20240826 19,2727.4781475920904
41_20240826 20,2728.4877928989863
41_20240826 21,2727.095847584218
41_20240826 22,2717.2649249325905
41_20240826 23,2707.6732842525057
41_20240827 00,2700.490931173268
41_20240827 01,2707.5581403006963
41_20240827 02,2706.9931152532668
41_20240827 03,2701.8696581583727
41_20240827 04,2695.513630086749
41_20240827 05,2681.99815526192
41_20240827 06,2693.2556866935406
41_20240827 07,2696.3082947252406
41_20240827 08,2705.82071500732
41_20240827 09,2704.7548423403905
41_20240827 10,2711.374063014632
41_20240827 11,2721.994838146066
41_20240827 12,2720.009746928333
41_20240827 13,2725.6223889331804
41_20240827 14,2728.876428815497
41_20240827 15,2729.590174546622
41_20240827 16,2724.840275409496
41_20240827 17,2727.0480767041577
41_20240827 18,2722.290933622355
41_20240827 19,2722.6519683519464
41_20240827 20,2720.818783987624
41_20240827 21,2719.198031210102
41_20240827 22,2718.842837561424
41_20240827 23,2715.3146241091117
41_20240828 00,2707.9493043367024
41_20240828 01,2708.289766646544
41_20240828 02,2706.933837499986
41_20240828 03,2703.8693725636076
41_20240828 04,2695.939634415796
41_20240828 05,2694.054662494703
41_20240828 06,2695.71892280185
41_20240828 07,2701.2858480221357
41_20240828 08,2703.6763840934286
41_20240828 09,2705.2370356986876
41_20240828 10,2714.06039760123
41_20240828 11,2724.317788931803
41_20240828 12,2724.8018755122657
41_20240828 13,2722.167563419919
41_20240828 14,2733.335478667277
41_20240828 15,2739.0405958478323
41_20240828 16,2731.970033686162
41_20240828 17,2733.7635414692427
41_20240828 18,2729.8574809011734
41_20240828 19,2720.5014819101207
41_20240828 20,2715.766288371554
41_20240828 21,2710.9642389137325
41_20240828 22,2707.79094204312
41_20240828 23,2703.8673399281715
41_20240829 00,2698.66309423584
41_20240829 01,2698.0987979463885
41_20240829 02,2699.6345709562966
41_20240829 03,2701.8616310659054
41_20240829 04,2692.9212662021127
41_20240829 05,2691.1533191647177
41_20240829 06,2692.0984350617837
41_20240829 07,2696.086334633537
41_20240829 08,2699.2850999812244
41_20240829 09,2699.0859862001143
41_20240829 10,2710.9836696692564
41_20240829 11,2722.711940264286
41_20240829 12,2726.8730281310905
41_20240829 13,2727.296904141919
41_20240829 14,2732.7992702828997
41_20240829 15,2745.530629757317
41_20240829 16,2736.178509529487
41_20240829 17,2723.571312906268
41_20240829 18,2720.5757710487346
41_20240829 19,2716.941836642853
41_20240829 20,2716.9325757326897
41_20240829 21,2713.6784229429927
41_20240829 22,2710.17503130328
41_20240829 23,2708.203276804428
41_20240830 00,2700.586718430979
41_20240830 01,2701.32334487544
41_20240830 02,2707.192338794975
41_20240830 03,2698.77470144765
41_20240830 04,2693.4650027953894
41_20240830 05,2691.7310307824355
41_20240830 06,2691.5144020282323
41_20240830 07,2693.883982441236
41_20240830 08,2697.4246690556392
41_20240830 09,2698.313674795746
41_20240830 10,2714.0544669613873
41_20240830 11,2718.5779465640303
41_20240830 12,2731.0465271138655
41_20240830 13,2735.6675739173115
41_20240830 14,2736.5893995713895
41_20240830 15,2736.977459421976
41_20240830 16,2734.939219960457
41_20240830 17,2739.518459446191
41_20240830 18,2729.913850253959
41_20240830 19,2726.6676784325564
41_20240830 20,2717.022311186787
41_20240830 21,2712.217716698339
41_20240830 22,2711.721566361708
41_20240830 23,2709.4324765708498
41_20240831 00,2699.3312679881947
41_20240831 01,2693.5227970253213
41_20240831 02,2692.8884683952933
41_20240831 03,2690.392735394983
41_20240831 04,2688.5526307280647
41_20240831 05,2690.1086940956357
41_20240831 06,2690.287500921666
41_20240831 07,2691.281646117912
41_20240831 08,2694.562852562013
41_20240831 09,2694.2947306874753
41_20240831 10,2706.5002426590777
41_20240831 11,2713.5476542565875
41_20240831 12,2712.9154895413544
41_20240831 13,2722.482209644042
41_20240831 14,2720.7326295192497
41_20240831 15,2728.9553083922574
41_20240831 16,2726.182006283803
41_20240831 17,2723.535205182906
41_20240831 18,2722.5495616192457
41_20240831 19,2718.9750448439445
41_20240831 20,2718.122023984366
41_20240831 21,2718.0322082613584
41_20240831 22,2712.721853786065
41_20240831 23,2709.276184440728
42_20240825 00,3706.602325249987
42_20240825 01,3670.9674795593846
42_20240825 02,3656.6068218024852
42_20240825 03,3637.3311348560956
42_20240825 04,3716.873600343826
42_20240825 05,3765.085986788631
42_20240825 06,3947.597955061442
42_20240825 07,4071.075951098242
42_20240825 08,4230.029650397228
42_20240825 09,4386.21035409354
42_20240825 10,4439.816375237459
42_20240825 11,4444.837823865131
42_20240825 12,4463.895497571331
42_20240825 13,4467.7740596679205
42_20240825 14,4498.165239355739
42_20240825 15,4517.0572169214665
42_20240825 16,4504.785774059326
42_20240825 17,4400.39797052681
42_20240825 18,4302.173211264888
42_20240825 19,4248.655985578785
42_20240825 20,4184.9591355077755
42_20240825 21,4132.583991448623
42_20240825 22,3922.2327711377993
42_20240825 23,3721.197837581598
42_20240826 00,3716.771503528251
42_20240826 01,3651.1714002872736
42_20240826 02,3634.9661999822356
42_20240826 03,3617.6482970031275
42_20240826 04,3756.041946886082
42_20240826 05,3852.9077027253593
42_20240826 06,4171.737477363247
42_20240826 07,4718.015152454714
42_20240826 08,5293.975258707311
42_20240826 09,5688.975681310191
42_20240826 10,5743.038863504786
42_20240826 11,5732.915934818528
42_20240826 12,5685.4993835144405
42_20240826 13,5687.823825211778
42_20240826 14,5770.365268056107
42_20240826 15,5699.9451209665385
42_20240826 16,5640.06911573523
42_20240826 17,5432.985069738186
42_20240826 18,4725.4361060249175
42_20240826 19,4412.457689086991
42_20240826 20,4387.822508784136
42_20240826 21,4217.722266534428
42_20240826 22,3982.628247306996
42_20240826 23,3714.6731739260263
42_20240827 00,3678.0536282638586
42_20240827 01,3633.4885698200633
42_20240827 02,3624.9836250654234
42_20240827 03,3593.667599697241
42_20240827 04,3735.1497585192506
42_20240827 05,3844.351887040574
42_20240827 06,4158.978284655543
42_20240827 07,4720.154218776951
42_20240827 08,5273.60452688895
42_20240827 09,5626.8535339560185
42_20240827 10,5682.143867804681
42_20240827 11,5699.230799597779
42_20240827 12,5616.761358320358
42_20240827 13,5603.711726852545
42_20240827 14,5688.584144929557
42_20240827 15,5562.647729162399
42_20240827 16,5536.466538795109
42_20240827 17,5273.50906845366
42_20240827 18,4584.181669271132
42_20240827 19,4291.894916364372
42_20240827 20,4184.096483773841
42_20240827 21,4090.3174283212675
42_20240827 22,3856.6946492393495
42_20240827 23,3647.1957946218995
42_20240828 00,3595.759245738748
42_20240828 01,3577.305809823588
42_20240828 02,3562.5514226670884
42_20240828 03,3546.0444145666124
42_20240828 04,3694.2970114152877
42_20240828 05,3798.0808507692554
42_20240828 06,4141.247822370713
42_20240828 07,4585.682469996701
42_20240828 08,5143.824338413011
42_20240828 09,5459.361093806917
42_20240828 10,5549.571268900459
42_20240828 11,5558.731478508519
42_20240828 12,5500.365068946388
42_20240828 13,5529.576144284421
42_20240828 14,5554.859735668546
42_20240828 15,5552.041997737661
42_20240828 16,5483.9371121882505
42_20240828 17,5286.61721463197
42_20240828 18,4601.053904708019
42_20240828 19,4278.24307068005
42_20240828 20,4171.675103467089
42_20240828 21,4077.1170069496216
42_20240828 22,3857.1582444126725
42_20240828 23,3645.693949254702
42_20240829 00,3605.9200682125065
42_20240829 01,3584.738722068178
42_20240829 02,3558.0612096186214
42_20240829 03,3529.5577787711436
42_20240829 04,3670.3957482852993
42_20240829 05,3767.685678198442
42_20240829 06,4089.2344770697846
42_20240829 07,4605.130678371374
42_20240829 08,5114.010604005287
42_20240829 09,5508.655013229402
42_20240829 10,5584.063919736722
42_20240829 11,5591.835902490566
42_20240829 12,5557.605795637002
42_20240829 13,5545.099089490148
42_20240829 14,5610.483267869497
42_20240829 15,5547.015005395187
42_20240829 16,5485.811023509723
42_20240829 17,5293.483530271341
42_20240829 18,4587.370806993555
42_20240829 19,4301.5800214877945
42_20240829 20,4173.185159427702
42_20240829 21,4094.1795813962935
42_20240829 22,3872.8538434106304
42_20240829 23,3618.8910641916827
42_20240830 00,3618.9891807602717
42_20240830 01,3547.3727976313717
42_20240830 02,3546.914362316564
42_20240830 03,3526.5693704250907
42_20240830 04,3655.678223651817
42_20240830 05,3761.0713750911154
42_20240830 06,4073.449474183164
42_20240830 07,4611.458561934854
42_20240830 08,5164.794489915052
42_20240830 09,5554.891565404426
42_20240830 10,5648.5052667602495
42_20240830 11,5588.2621776052765
42_20240830 12,5511.665053050976
42_20240830 13,5489.02549634849
42_20240830 14,5606.818507944385
42_20240830 15,5558.872841169676
42_20240830 16,5512.9511619481755
42_20240830 17,5306.808557521873
42_20240830 18,4629.992997701512
42_20240830 19,4412.270256952612
42_20240830 20,4234.664346088338
42_20240830 21,4118.242295798565
42_20240830 22,3816.3290645117
42_20240830 23,3598.6866401649663
42_20240831 00,3537.4774280644124
42_20240831 01,3497.115124680036
42_20240831 02,3497.364661246874
42_20240831 03,3478.699224621789
42_20240831 04,3594.7167044427165
42_20240831 05,3678.0169459220992
42_20240831 06,3779.820803026566
42_20240831 07,3900.873805651565
42_20240831 08,4014.3940450464784
42_20240831 09,4126.08810954931
42_20240831 10,4225.51041189402
42_20240831 11,4253.526495213948
42_20240831 12,4271.418764855351
42_20240831 13,4299.3134650133725
42_20240831 14,4368.775918994204
42_20240831 15,4422.221267696768
42_20240831 16,4360.1941265648165
42_20240831 17,4299.597859254347
42_20240831 18,4222.352510227322
42_20240831 19,4098.210987950063
42_20240831 20,4021.362357910755
42_20240831 21,3963.1971900697094
42_20240831 22,3746.9805152272756
42_20240831 23,3571.5040859261026
43_20240825 00,13789.886925952036
43_20240825 01,13809.354674597424
43_20240825 02,13868.698141906749
43_20240825 03,13788.757279241147
43_20240825 04,13704.22040394136
43_20240825 05,13651.685449469258
43_20240825 06,13566.815328472952
43_20240825 07,13514.879284042845
43_20240825 08,13610.147511992205
43_20240825 09,13595.303983472613
43_20240825 10,13718.671312710117
43_20240825 11,13565.055339025093
43_20240825 12,13557.565103406721
43_20240825 13,13554.131395859076
43_20240825 14,13564.22490242278
43_20240825 15,13567.059261933899
43_20240825 16,13563.754978070372
43_20240825 17,13546.715452872504
43_20240825 18,13549.897867817912
43_20240825 19,13546.344043230323
43_20240825 20,13548.599341105013
43_20240825 21,13544.624263609436
43_20240825 22,13740.201288592263
43_20240825 23,14057.395166603947
43_20240826 00,14064.266561273937
43_20240826 01,13988.949435863793
43_20240826 02,13765.645148951824
43_20240826 03,13680.537879717842
43_20240826 04,13714.616875592592
43_20240826 05,13573.977348267039
43_20240826 06,13658.547678437015
43_20240826 07,13675.762325987904
43_20240826 08,13784.614925394882
43_20240826 09,13912.111873024156
43_20240826 10,13945.978431162926
43_20240826 11,13961.767447767883
43_20240826 12,14153.417358568344
43_20240826 13,14149.283894710861
43_20240826 14,14030.211273242698
43_20240826 15,14063.815426013754
43_20240826 16,14241.76472557244
43_20240826 17,14235.081684201205
43_20240826 18,14265.602409463201
43_20240826 19,13951.972884959767
43_20240826 20,13881.699692798276
43_20240826 21,13795.34226638228
43_20240826 22,14220.604910080803
43_20240826 23,14489.657777886
43_20240827 00,14634.404770833711
43_20240827 01,14642.234867342879
43_20240827 02,14480.444343879326
43_20240827 03,14307.424321315306
43_20240827 04,14174.501256495465
43_20240827 05,13847.009486757926
43_20240827 06,13760.382129917265
43_20240827 07,13832.328047040244
43_20240827 08,13893.529895396847
43_20240827 09,13948.504369729697
43_20240827 10,14012.066301754117
43_20240827 11,14042.881214136607
43_20240827 12,14213.888291004678
43_20240827 13,14179.554551210218
43_20240827 14,14062.074368431306
43_20240827 15,14072.398603504123
43_20240827 16,14272.74198173284
43_20240827 17,14281.91838731888
43_20240827 18,14192.866900006024
43_20240827 19,13998.44362622766
43_20240827 20,13945.734029412248
43_20240827 21,13876.476914329072
43_20240827 22,14312.095182744639
43_20240827 23,14524.060908702173
43_20240828 00,14612.389179608359
43_20240828 01,14530.806234416337
43_20240828 02,14357.15297377398
43_20240828 03,14257.224916098203
43_20240828 04,14194.885624488377
43_20240828 05,13908.831055914081
43_20240828 06,13823.840276131323
43_20240828 07,13925.015694772275
43_20240828 08,13885.598513853372
43_20240828 09,13940.586830624052
43_20240828 10,13973.150586284297
43_20240828 11,14014.034775624667
43_20240828 12,14159.028267027488
43_20240828 13,14147.485555726596
43_20240828 14,14035.982440039736
43_20240828 15,14075.567871451007
43_20240828 16,14271.15067652378
43_20240828 17,14264.173245327438
43_20240828 18,14195.012152827701
43_20240828 19,13975.189021971908
43_20240828 20,13929.757606929408
43_20240828 21,13856.704076337934
43_20240828 22,14351.023283050574
43_20240828 23,14593.330545455683
43_20240829 00,14733.075471022788
43_20240829 01,14668.40701495032
43_20240829 02,14405.486100920538
43_20240829 03,14149.82814496327
43_20240829 04,14067.46432216229
43_20240829 05,13806.549469977095
43_20240829 06,13808.193991299911
43_20240829 07,13827.705786192633
43_20240829 08,13895.923157099463
43_20240829 09,14099.017734457026
43_20240829 10,14232.654736674576
43_20240829 11,14338.56541875361
43_20240829 12,14471.907715214425
43_20240829 13,14467.67657534329
43_20240829 14,14323.78351983328
43_20240829 15,14295.334132932014
43_20240829 16,14421.878467220742
43_20240829 17,14406.727726958834
43_20240829 18,14285.04696831149
43_20240829 19,13962.940322579412
43_20240829 20,13915.573242044264
43_20240829 21,13824.505302118388
43_20240829 22,14286.04498406214
43_20240829 23,14467.513088945478
43_20240830 00,14640.338142843293
43_20240830 01,14434.611637553986
43_20240830 02,14173.170504432062
43_20240830 03,14126.810758009316
43_20240830 04,13987.964944594292
43_20240830 05,13787.464130467599
43_20240830 06,13823.569883200562
43_20240830 07,13824.294579393443
43_20240830 08,13818.857859641877
43_20240830 09,13915.122206949341
43_20240830 10,13946.058276474047
43_20240830 11,13975.231977198728
43_20240830 12,14112.33074965567
43_20240830 13,14105.457857297713
43_20240830 14,13994.321168039398
43_20240830 15,14019.22159449274
43_20240830 16,14259.780877745237
43_20240830 17,14272.101468208211
43_20240830 18,14214.441622543873
43_20240830 19,13960.909578724277
43_20240830 20,13941.177821031182
43_20240830 21,13866.060553908861
43_20240830 22,14368.53684934147
43_20240830 23,14664.944171326517
43_20240831 00,14707.079148399593
43_20240831 01,14495.175997692506
43_20240831 02,14320.006574343157
43_20240831 03,14162.432761769483
43_20240831 04,13807.303082006649
43_20240831 05,13693.873157515865
43_20240831 06,13703.22867271895
43_20240831 07,13716.545400634248
43_20240831 08,13800.352845007266
43_20240831 09,13800.98291170875
43_20240831 10,13871.090253208737
43_20240831 11,13728.876374712736
43_20240831 12,13720.911033565815
43_20240831 13,13715.33534351513
43_20240831 14,13686.926573527677
43_20240831 15,13650.591008463627
43_20240831 16,13651.02152192757
43_20240831 17,13641.745833685041
43_20240831 18,13670.49708442622
43_20240831 19,13628.373917768913
43_20240831 20,13644.210161374795
43_20240831 21,13614.091209283397
43_20240831 22,13546.600067851883
43_20240831 23,13887.42177689778
44_20240825 00,1636.073239522168
44_20240825 01,1610.9338304350658
44_20240825 02,1604.981232991512
44_20240825 03,1605.0176778863465
44_20240825 04,1611.9954658697122
44_20240825 05,1649.6957131755905
44_20240825 06,1664.94555763918
44_20240825 07,1693.0432780658018
44_20240825 08,1731.1461871864856
44_20240825 09,1797.613859368364
44_20240825 10,1842.6184269824382
44_20240825 11,1901.3862214841934
44_20240825 12,1887.5072637826133
44_20240825 13,1875.8759975420105
44_20240825 14,1888.3004405854122
44_20240825 15,1911.0028869659413
44_20240825 16,1885.0528672849327
44_20240825 17,1797.6763381292303
44_20240825 18,1742.1037854414296
44_20240825 19,1721.7239945510478
44_20240825 20,1703.0725646056449
44_20240825 21,1667.3766901113136
44_20240825 22,1643.1128410769309
44_20240825 23,1623.5603309137
44_20240826 00,1672.0463496660045
44_20240826 01,1687.4572065432887
44_20240826 02,1684.3794385308752
44_20240826 03,1657.3509042581804
44_20240826 04,1604.5005334249893
44_20240826 05,1655.1425239862497
44_20240826 06,2042.0132225991656
44_20240826 07,2318.3541848318555
44_20240826 08,2602.6362622788265
44_20240826 09,2734.2819207364437
44_20240826 10,2722.652273968434
44_20240826 11,2668.429691226576
44_20240826 12,2676.7744931450156
44_20240826 13,2620.202772259768
44_20240826 14,2636.566779639964
44_20240826 15,2659.5763829385687
44_20240826 16,2659.6720018624674
44_20240826 17,2487.6395178806292
44_20240826 18,1873.3377758347892
44_20240826 19,1793.3403304536205
44_20240826 20,1710.0740704423156
44_20240826 21,1658.2796210167705
44_20240826 22,1639.9883810602066
44_20240826 23,1634.3430615476045
44_20240827 00,1672.6621010966426
44_20240827 01,1688.4210692449983
44_20240827 02,1682.6864603903216
44_20240827 03,1642.4105032624702
44_20240827 04,1586.9262500037914
44_20240827 05,1661.5573715851328
44_20240827 06,2080.8067935770378
44_20240827 07,2364.8059418732287
44_20240827 08,2577.122436340981
44_20240827 09,2707.5404743840186
44_20240827 10,2702.3875467462203
44_20240827 11,2660.013557484631
44_20240827 12,2668.7722042695736
44_20240827 13,2605.8106607455743
44_20240827 14,2623.943392887474
44_20240827 15,2642.719644064918
44_20240827 16,2645.596459010861
44_20240827 17,2455.300048704933
44_20240827 18,1852.4259185721658
44_20240827 19,1761.0730066348906
44_20240827 20,1682.568097618561
44_20240827 21,1640.2566794182542
44_20240827 22,1628.0227125986876
44_20240827 23,1616.5651994487266
44_20240828 00,1645.3443666401304
44_20240828 01,1658.1390354037485
44_20240828 02,1646.627013766785
44_20240828 03,1619.1729261729272
44_20240828 04,1564.0470529604452
44_20240828 05,1634.5832145416075
44_20240828 06,2038.861381247218
44_20240828 07,2281.956024554782
44_20240828 08,2538.5892005329333
44_20240828 09,2660.642321226841
44_20240828 10,2663.27547771003
44_20240828 11,2611.076833737895
44_20240828 12,2627.413133863887
44_20240828 13,2581.478734857972
44_20240828 14,2609.3959118334697
44_20240828 15,2633.442052809435
44_20240828 16,2636.1833670682927
44_20240828 17,2466.7495248956757
44_20240828 18,1873.4195245147444
44_20240828 19,1777.0472850820956
44_20240828 20,1699.3699742148187
44_20240828 21,1663.3757273353424
44_20240828 22,1635.793554818676
44_20240828 23,1616.9226385445777
44_20240829 00,1648.686546396264
44_20240829 01,1657.8845262120144
44_20240829 02,1657.300080151253
44_20240829 03,1631.6557606665065
44_20240829 04,1582.1097779945192
44_20240829 05,1646.1148953083175
44_20240829 06,2067.788281303392
44_20240829 07,2306.099942864454
44_20240829 08,2514.5105264292865
44_20240829 09,2678.478882472496
44_20240829 10,2678.0064933566036
44_20240829 11,2621.231424325169
44_20240829 12,2626.9838323871654
44_20240829 13,2577.5942903029827
44_20240829 14,2571.00030640333
44_20240829 15,2602.4518630286634
44_20240829 16,2586.178342768483
44_20240829 17,2420.585743292462
44_20240829 18,1881.4037254644352
44_20240829 19,1795.8706720886516
44_20240829 20,1705.2492383427575
44_20240829 21,1659.319533121797
44_20240829 22,1627.3419351001635
44_20240829 23,1617.8093070027949
44_20240830 00,1645.694844668421
44_20240830 01,1653.1605271400103
44_20240830 02,1640.2981379163318
44_20240830 03,1613.5864082837106
44_20240830 04,1570.9773230015091
44_20240830 05,1633.028170731796
44_20240830 06,2059.0247441034444
44_20240830 07,2280.716265601448
44_20240830 08,2504.0836375691824
44_20240830 09,2640.1682329554747
44_20240830 10,2661.1324367177303
44_20240830 11,2597.939557468384
44_20240830 12,2614.3135515755675
44_20240830 13,2563.877195499074
44_20240830 14,2554.9599651495623
44_20240830 15,2567.8837598668824
44_20240830 16,2560.3540591492665
44_20240830 17,2404.6149252924033
44_20240830 18,1860.7857054842716
44_20240830 19,1787.11204517182
44_20240830 20,1699.3325756725294
44_20240830 21,1648.4608761609034
44_20240830 22,1618.1223349136346
44_20240830 23,1610.4754191410482
44_20240831 00,1567.8320397835932
44_20240831 01,1549.5174339934952
44_20240831 02,1548.400889778476
44_20240831 03,1552.5320226652061
44_20240831 04,1549.9967192713423
44_20240831 05,1584.4569626552143
44_20240831 06,1592.8384312083874
44_20240831 07,1635.8364578079836
44_20240831 08,1681.8751872739997
44_20240831 09,1762.800680528071
44_20240831 10,1827.9234678179378
44_20240831 11,1878.9998764984562
44_20240831 12,1875.4662894730404
44_20240831 13,1844.7791800966988
44_20240831 14,1847.317903489705
44_20240831 15,1856.2620236196453
44_20240831 16,1857.5442136190075
44_20240831 17,1770.138659092403
44_20240831 18,1703.5688893509796
44_20240831 19,1679.4413905296265
44_20240831 20,1649.0715172404093
44_20240831 21,1625.674399462514
44_20240831 22,1594.2400945478491
44_20240831 23,1586.739352099947
45_20240825 00,2039.780256911814
45_20240825 01,1714.6590501805256
45_20240825 02,1716.7345619010857
45_20240825 03,1700.3221804589703
45_20240825 04,1503.1923528277925
45_20240825 05,1496.2281713826385
45_20240825 06,1625.9116521690662
45_20240825 07,1983.6211035413876
45_20240825 08,2707.3921217372945
45_20240825 09,4672.9448373692885
45_20240825 10,8769.162264225546
45_20240825 11,9675.644923992555
45_20240825 12,9659.974569111495
45_20240825 13,9582.630318131309
45_20240825 14,9620.957789724069
45_20240825 15,9637.270514930959
45_20240825 16,9297.999107974609
45_20240825 17,9305.2706009736
45_20240825 18,9158.730256892613
45_20240825 19,8603.092808548474
45_20240825 20,6544.787668546271
45_20240825 21,3978.5928347948416
45_20240825 22,2762.275141592565
45_20240825 23,2321.2253587197165
45_20240826 00,1944.0832330484197
45_20240826 01,1636.6361819034446
45_20240826 02,1640.814451111365
45_20240826 03,1619.0738888412586
45_20240826 04,1467.4182708534206
45_20240826 05,1483.6680866498946
45_20240826 06,1647.7022768835272
45_20240826 07,2045.0705407078208
45_20240826 08,2653.871619044249
45_20240826 09,4550.780348618047
45_20240826 10,8154.235395835619
45_20240826 11,8738.538451085542
45_20240826 12,8801.635428866506
45_20240826 13,8653.032163607562
45_20240826 14,8565.18411877871
45_20240826 15,8624.048418876058
45_20240826 16,8526.973485795648
45_20240826 17,8360.191932233021
45_20240826 18,8277.044168599554
45_20240826 19,7399.32836265633
45_20240826 20,5674.839709204012
45_20240826 21,3701.6288698724406
45_20240826 22,2653.577668983538
45_20240826 23,2265.8867548076037
45_20240827 00,1876.5497014235236
45_20240827 01,1627.3997583741168
45_20240827 02,1659.1923506410449
45_20240827 03,1669.9453111084706
45_20240827 04,1487.6995723487016
45_20240827 05,1501.2007349075147
45_20240827 06,1689.467897268451
45_20240827 07,2079.562813053284
45_20240827 08,2701.7503045669846
45_20240827 09,4633.888535393426
45_20240827 10,8583.257532904445
45_20240827 11,9286.593078692054
45_20240827 12,9357.52422119231
45_20240827 13,9243.855653123737
45_20240827 14,8710.169133705722
45_20240827 15,8968.033065011174
45_20240827 16,8983.566564791738
45_20240827 17,8516.656411196967
45_20240827 18,8160.252149723414
45_20240827 19,7782.832758743885
45_20240827 20,5801.570604682771
45_20240827 21,3658.494542626853
45_20240827 22,2651.91030283587
45_20240827 23,2227.281852244283
45_20240828 00,1841.466105560661
45_20240828 01,1570.7414521405638
45_20240828 02,1623.9547527845416
45_20240828 03,1654.723032696388
45_20240828 04,1459.4718480532351
45_20240828 05,1489.4577844596865
45_20240828 06,1685.757296718922
45_20240828 07,2046.0382853970934
45_20240828 08,2722.7470804009736
45_20240828 09,4348.908484882154
45_20240828 10,8034.232033310303
45_20240828 11,8880.117058792786
45_20240828 12,8955.255789949755
45_20240828 13,8933.089159837094
45_20240828 14,8675.615643169243
45_20240828 15,8599.050289755818
45_20240828 16,8897.128087552095
45_20240828 17,8847.44607531217
45_20240828 18,8574.319235969555
45_20240828 19,8071.613053571935
45_20240828 20,5932.464062377172
45_20240828 21,3724.7815230313117
45_20240828 22,2733.2057010564813
45_20240828 23,2305.673251000262
45_20240829 00,2006.5216152211485
45_20240829 01,1638.668032443058
45_20240829 02,1755.212327709539
45_20240829 03,1744.50413137214
45_20240829 04,1514.4208542930364
45_20240829 05,1511.2751893862937
45_20240829 06,1694.0428397511366
45_20240829 07,2051.103685332625
45_20240829 08,2707.376642395462
45_20240829 09,4610.010496088376
45_20240829 10,8440.82706529816
45_20240829 11,9198.424910075792
45_20240829 12,9270.168130343358
45_20240829 13,9223.165912012975
45_20240829 14,9080.714687493324
45_20240829 15,9112.491319927518
45_20240829 16,9000.861313217854
45_20240829 17,8849.06578885282
45_20240829 18,8763.74989633733
45_20240829 19,8163.837851081902
45_20240829 20,6097.678756682876
45_20240829 21,3785.2790783375826
45_20240829 22,2802.345507451256
45_20240829 23,2385.0432846974377
45_20240830 00,1979.357389501838
45_20240830 01,1628.897208861517
45_20240830 02,1713.147370250888
45_20240830 03,1725.0884326650207
45_20240830 04,1483.7641982294092
45_20240830 05,1500.9389900878114
45_20240830 06,1682.6314853922117
45_20240830 07,2040.2956948289511
45_20240830 08,2711.5816663907817
45_20240830 09,4533.5913115521835
45_20240830 10,8333.421502460169
45_20240830 11,9163.53159196553
45_20240830 12,9186.359911851472
45_20240830 13,9206.895705807246
45_20240830 14,8985.128458481377
45_20240830 15,9166.618755672833
45_20240830 16,9074.671920329318
45_20240830 17,8974.163309356507
45_20240830 18,8792.000062670371
45_20240830 19,8297.602761028757
45_20240830 20,6513.669955263482
45_20240830 21,3862.627732688285
45_20240830 22,2767.757408563748
45_20240830 23,2306.5472051719153
45_20240831 00,1964.7486536187457
45_20240831 01,1624.7767652569014
45_20240831 02,1676.014681657304
45_20240831 03,1677.6571693672606
45_20240831 04,1464.0582789011955
45_20240831 05,1477.7265792466392
45_20240831 06,1613.5180356152155
45_20240831 07,2009.9100886284336
45_20240831 08,2618.1357852126025
45_20240831 09,4336.577252732994
45_20240831 10,8177.460000332311
45_20240831 11,9315.869610892958
45_20240831 12,9318.874570379438
45_20240831 13,9207.72467977055
45_20240831 14,9054.65331484275
45_20240831 15,9093.094956490095
45_20240831 16,9050.456262616832
45_20240831 17,8946.32403307034
45_20240831 18,8740.929739505464
45_20240831 19,8400.27641134912
45_20240831 20,6542.964593826104
45_20240831 21,3799.781772252857
45_20240831 22,2785.863150529683
45_20240831 23,2351.0975363501375
46_20240825 00,882.1208903949448
46_20240825 01,855.401631503549
46_20240825 02,856.488556345307
46_20240825 03,842.9755182395702
46_20240825 04,842.7201348955091
46_20240825 05,822.7067348659025
46_20240825 06,812.0287499626124
46_20240825 07,772.5313886715305
46_20240825 08,741.5312337194855
46_20240825 09,686.459712485522
46_20240825 10,648.6720370723431
46_20240825 11,666.387242247368
46_20240825 12,647.1241258103507
46_20240825 13,750.2711780929934
46_20240825 14,780.5017015209116
46_20240825 15,824.100483983352
46_20240825 16,850.0239675357004
46_20240825 17,882.2575002533712
46_20240825 18,903.1547418457083
46_20240825 19,968.6339429251564
46_20240825 20,972.8171728263703
46_20240825 21,966.5063952611704
46_20240825 22,946.445385793228
46_20240825 23,917.1898489774061
46_20240826 00,923.1522327800448
46_20240826 01,893.0819241521241
46_20240826 02,872.1883659104279
46_20240826 03,860.8221600549056
46_20240826 04,850.6817069711012
46_20240826 05,840.2265662275506
46_20240826 06,838.3759797384841
46_20240826 07,852.4130586467251
46_20240826 08,988.0221150822016
46_20240826 09,1379.810641141691
46_20240826 10,1603.3502759600894
46_20240826 11,1640.74865882007
46_20240826 12,1434.4772593578155
46_20240826 13,1663.5205159648913
46_20240826 14,1704.0075550408333
46_20240826 15,1718.7996372640555
46_20240826 16,1693.8157940064982
46_20240826 17,1609.6612534889225
46_20240826 18,1393.7807983424623
46_20240826 19,1215.7599423428796
46_20240826 20,1153.5652570526572
46_20240826 21,1084.1012602519559
46_20240826 22,1029.4972355496236
46_20240826 23,992.7625049357996
46_20240827 00,958.4606874454305
46_20240827 01,913.2558533202827
46_20240827 02,891.7076914701393
46_20240827 03,879.8814745822452
46_20240827 04,868.0164024716275
46_20240827 05,859.0604618572497
46_20240827 06,861.7766184448135
46_20240827 07,882.2515801722907
46_20240827 08,1031.620344211729
46_20240827 09,1436.6415955825328
46_20240827 10,1584.332647450351
46_20240827 11,1572.1709768115331
46_20240827 12,1382.7409060529785
46_20240827 13,1568.1013178649587
46_20240827 14,1615.6246169945948
46_20240827 15,1627.3991317583418
46_20240827 16,1602.164402362758
46_20240827 17,1567.6682171576783
46_20240827 18,1368.6594274333625
46_20240827 19,1205.9498666578406
46_20240827 20,1140.4338714273508
46_20240827 21,1081.1435516119607
46_20240827 22,1043.180207824266
46_20240827 23,993.9736029251173
46_20240828 00,963.7777519722588
46_20240828 01,917.7881392393264
46_20240828 02,892.4488117019864
46_20240828 03,879.7029202382049
46_20240828 04,866.3150721207664
46_20240828 05,852.4863319987307
46_20240828 06,847.4012970835474
46_20240828 07,876.9976078672768
46_20240828 08,1001.274117463206
46_20240828 09,1329.9850313916882
46_20240828 10,1537.3455641423222
46_20240828 11,1546.901639346277
46_20240828 12,1422.1504459412724
46_20240828 13,1635.3465656793048
46_20240828 14,1693.8197485821418
46_20240828 15,1712.663968724371
46_20240828 16,1672.6745203074784
46_20240828 17,1618.1875295608397
46_20240828 18,1386.6394260720517
46_20240828 19,1218.654126094092
46_20240828 20,1157.4657927606527
46_20240828 21,1083.9361131171347
46_20240828 22,1039.7559184088657
46_20240828 23,994.3999040065848
46_20240829 00,959.6228293706888
46_20240829 01,914.352854755432
46_20240829 02,892.8717049083107
46_20240829 03,877.6138692866109
46_20240829 04,870.2930796227515
46_20240829 05,857.5030581151893
46_20240829 06,850.2706421364508
46_20240829 07,862.2682638369719
46_20240829 08,947.5643805348412
46_20240829 09,1302.0738448082188
46_20240829 10,1431.3109610025444
46_20240829 11,1480.1242063272666
46_20240829 12,1273.1025634314442
46_20240829 13,1483.6300779613478
46_20240829 14,1562.2685985677813
46_20240829 15,1627.1085397235288
46_20240829 16,1589.553284274898
46_20240829 17,1483.4637095569167
46_20240829 18,1257.029658439068
46_20240829 19,1153.4427472073276
46_20240829 20,1088.0170958178512
46_20240829 21,1055.1477857580996
46_20240829 22,1005.9822426222343
46_20240829 23,974.7944937290099
46_20240830 00,934.4205728469308
46_20240830 01,884.277888739359
46_20240830 02,871.4493664094516
46_20240830 03,856.6098914932069
46_20240830 04,846.2175718338963
46_20240830 05,843.9836823570413
46_20240830 06,827.1298801260615
46_20240830 07,843.8866662896152
46_20240830 08,937.0831751596636
46_20240830 09,1233.9970704662146
46_20240830 10,1344.9040503269298
46_20240830 11,1391.1615104567936
46_20240830 12,1200.5884867492016
46_20240830 13,1346.3090489891829
46_20240830 14,1429.2444030337992
46_20240830 15,1467.6588577437697
46_20240830 16,1459.18837582177
46_20240830 17,1385.956606002711
46_20240830 18,1166.8693475162722
46_20240830 19,1087.1711563033523
46_20240830 20,1021.2710653595144
46_20240830 21,994.2877715192122
46_20240830 22,959.2558734349373
46_20240830 23,926.7349227440629
46_20240831 00,854.7661259435596
46_20240831 01,831.2441578835424
46_20240831 02,823.157171159928
46_20240831 03,811.664830379147
46_20240831 04,807.329188945791
46_20240831 05,784.8363477317325
46_20240831 06,766.6133498659796
46_20240831 07,726.4535274359562
46_20240831 08,688.9849770437479
46_20240831 09,640.2588642810031
46_20240831 10,617.7271139239926
46_20240831 11,637.668118857692
46_20240831 12,652.8375425942418
46_20240831 13,684.4398943709598
46_20240831 14,713.0945892155974
46_20240831 15,755.0074819227143
46_20240831 16,824.0877303569308
46_20240831 17,861.8306206428347
46_20240831 18,861.1446865175536
46_20240831 19,913.0186682297276
46_20240831 20,923.7905836545405
46_20240831 21,911.1971879896319
46_20240831 22,886.0853837247518
46_20240831 23,865.174060731
47_20240825 00,512.0820244463716
47_20240825 01,462.46588830889334
47_20240825 02,453.3498165440928
47_20240825 03,447.5782628351385
47_20240825 04,443.14473590997295
47_20240825 05,463.0785331715409
47_20240825 06,520.4046322593467
47_20240825 07,579.5126052586311
47_20240825 08,783.9299784671734
47_20240825 09,837.9949863737611
47_20240825 10,866.0984626679814
47_20240825 11,882.7212944703864
47_20240825 12,896.6685387579375
47_20240825 13,902.4517946743686
47_20240825 14,902.1280418153206
47_20240825 15,891.8788400545084
47_20240825 16,876.6102558273373
47_20240825 17,846.1544912681246
47_20240825 18,793.7651458240084
47_20240825 19,668.5334539197917
47_20240825 20,579.494624514588
47_20240825 21,547.1318091398017
47_20240825 22,517.0114883521713
47_20240825 23,486.1945889474358
47_20240826 00,508.41930663235223
47_20240826 01,455.54089669288567
47_20240826 02,444.17380435220787
47_20240826 03,443.35294810192397
47_20240826 04,451.8744911079392
47_20240826 05,510.6738651927448
47_20240826 06,787.3340826420457
47_20240826 07,1255.3706359627224
47_20240826 08,1508.1632220049758
47_20240826 09,1711.1278077423103
47_20240826 10,1822.26927173996
47_20240826 11,1849.5574163477868
47_20240826 12,1831.4888798895563
47_20240826 13,1839.5922116751556
47_20240826 14,1791.5434717901026
47_20240826 15,1715.8730532107556
47_20240826 16,1618.833095700655
47_20240826 17,1554.8892157507487
47_20240826 18,1398.0298605520825
47_20240826 19,1220.0710051484743
47_20240826 20,873.4042903498541
47_20240826 21,672.7132378808051
47_20240826 22,605.0179368478991
47_20240826 23,552.6105818290555
47_20240827 00,544.6976398942467
47_20240827 01,501.60813248792806
47_20240827 02,477.58205388577517
47_20240827 03,462.84632167790016
47_20240827 04,480.80889367266997
47_20240827 05,528.315168170494
47_20240827 06,799.1758254749041
47_20240827 07,1226.9932430003141
47_20240827 08,1469.32120538612
47_20240827 09,1673.1099994497533
47_20240827 10,1766.93569366869
47_20240827 11,1786.1626008272178
47_20240827 12,1780.2654100551879
47_20240827 13,1772.8043021365445
47_20240827 14,1739.2011456753105
47_20240827 15,1670.7488529715215
47_20240827 16,1596.8379159490069
47_20240827 17,1528.9618369846887
47_20240827 18,1358.2795625213125
47_20240827 19,1200.578795035161
47_20240827 20,868.9344174262758
47_20240827 21,682.3515770556944
47_20240827 22,608.7489890712731
47_20240827 23,537.6594758902971
47_20240828 00,529.1389904782411
47_20240828 01,473.526270077405
47_20240828 02,459.0295530255338
47_20240828 03,458.8054350830941
47_20240828 04,473.0103317134623
47_20240828 05,509.4047045755118
47_20240828 06,745.9827590026105
47_20240828 07,1190.958903652556
47_20240828 08,1460.0372409451288
47_20240828 09,1681.6206813641759
47_20240828 10,1792.3534515241859
47_20240828 11,1799.8969273404098
47_20240828 12,1801.5433113924732
47_20240828 13,1813.4689476695626
47_20240828 14,1764.7498112830274
47_20240828 15,1701.4650102509274
47_20240828 16,1594.40728164634
47_20240828 17,1541.839957084718
47_20240828 18,1376.3117533743152
47_20240828 19,1213.236427203067
47_20240828 20,889.6743631011952
47_20240828 21,713.0102929055055
47_20240828 22,613.3205171443389
47_20240828 23,548.0749502108054
47_20240829 00,538.0598511156318
47_20240829 01,475.702614643054
47_20240829 02,462.2326557058155
47_20240829 03,458.4052579848875
47_20240829 04,469.35745737008904
47_20240829 05,505.3108258972765
47_20240829 06,734.1036683472516
47_20240829 07,1147.2428002785646
47_20240829 08,1394.1477711589087
47_20240829 09,1615.2857830465002
47_20240829 10,1726.68419778618
47_20240829 11,1769.913295880056
47_20240829 12,1769.8303192741234
47_20240829 13,1779.5679286705704
47_20240829 14,1729.522465087476
47_20240829 15,1668.9571056898315
47_20240829 16,1576.0407627038367
47_20240829 17,1482.622997467334
47_20240829 18,1338.3239332593062
47_20240829 19,1158.6036940317535
47_20240829 20,863.1771702395125
47_20240829 21,667.3892527188535
47_20240829 22,601.4624522218901
47_20240829 23,541.5533800874183
47_20240830 00,539.243218164382
47_20240830 01,474.10327042471687
47_20240830 02,458.0031806055386
47_20240830 03,460.73024250830656
47_20240830 04,475.1360440737717
47_20240830 05,512.2414681762956
47_20240830 06,723.0872413217872
47_20240830 07,1184.1245293503277
47_20240830 08,1437.762737512925
47_20240830 09,1657.7865582554116
47_20240830 10,1770.0285022656346
47_20240830 11,1796.3985430299672
47_20240830 12,1792.5964208183987
47_20240830 13,1808.1571554608824
47_20240830 14,1746.3535263611398
47_20240830 15,1666.2158250031366
47_20240830 16,1556.5444926218033
47_20240830 17,1490.3237120643637
47_20240830 18,1321.7862276975234
47_20240830 19,1159.987927140984
47_20240830 20,832.5329393367253
47_20240830 21,660.5310250606406
47_20240830 22,587.2721457732273
47_20240830 23,535.4772636831296
47_20240831 00,527.6278033443523
47_20240831 01,469.74682954138905
47_20240831 02,452.8736180881476
47_20240831 03,454.726055851523
47_20240831 04,452.0572284823246
47_20240831 05,466.85136707747523
47_20240831 06,621.1579362885784
47_20240831 07,917.8637853797029
47_20240831 08,1058.064134758476
47_20240831 09,1139.3484423846405
47_20240831 10,1175.8026133154372
47_20240831 11,1199.7680064960123
47_20240831 12,1218.880565030634
47_20240831 13,1218.4431028060526
47_20240831 14,1142.573098914614
47_20240831 15,1089.366761225347
47_20240831 16,1063.967713713453
47_20240831 17,937.7780270333233
47_20240831 18,856.4111000333332
47_20240831 19,809.4965032285855
47_20240831 20,724.8836416051984
47_20240831 21,636.8926547636636
47_20240831 22,525.380102298383
47_20240831 23,494.1202086280882
48_20240825 00,4276.5062384447265
48_20240825 01,4262.949610548833
48_20240825 02,4244.957161031856
48_20240825 03,4143.93895536482
48_20240825 04,4118.814852450525
48_20240825 05,4059.4061504018873
48_20240825 06,4066.841595243731
48_20240825 07,3941.1530806772616
48_20240825 08,3605.394107229603
48_20240825 09,3758.1350500323897
48_20240825 10,3813.8803962807747
48_20240825 11,3840.8289669709625
48_20240825 12,3875.8671708361994
48_20240825 13,3840.198576351228
48_20240825 14,3805.8675401609225
48_20240825 15,3726.980724752914
48_20240825 16,3713.714876579726
48_20240825 17,3746.7680224414958
48_20240825 18,3698.683928214376
48_20240825 19,3656.1004512642057
48_20240825 20,3630.063884933596
48_20240825 21,3532.4193568948103
48_20240825 22,4111.420350427714
48_20240825 23,4298.177082865099
48_20240826 00,4293.362525171925
48_20240826 01,4254.392217178241
48_20240826 02,4233.163391435016
48_20240826 03,4175.251342315023
48_20240826 04,4182.698782983526
48_20240826 05,4049.1336068647533
48_20240826 06,4183.481496245473
48_20240826 07,4201.109308528015
48_20240826 08,4261.192200289756
48_20240826 09,4535.11541392174
48_20240826 10,4590.289285002264
48_20240826 11,4627.881492104772
48_20240826 12,4664.264188727052
48_20240826 13,4618.273569706802
48_20240826 14,4569.300151044429
48_20240826 15,4576.081457861397
48_20240826 16,4610.517582090658
48_20240826 17,4502.714908537884
48_20240826 18,4135.8226893012015
48_20240826 19,3989.350443378956
48_20240826 20,3886.365940610617
48_20240826 21,3804.4739198636016
48_20240826 22,4192.994069076702
48_20240826 23,4342.20895531434
48_20240827 00,4300.421691722387
48_20240827 01,4247.916023702101
48_20240827 02,4271.11779651647
48_20240827 03,4233.221105147293
48_20240827 04,4169.454951906359
48_20240827 05,4147.1400006131125
48_20240827 06,4316.084269451684
48_20240827 07,4188.328169738191
48_20240827 08,4200.594711653396
48_20240827 09,4389.176847395396
48_20240827 10,4449.176566003662
48_20240827 11,4425.33188738844
48_20240827 12,4469.401314309433
48_20240827 13,4417.093277840069
48_20240827 14,4345.4451739843025
48_20240827 15,4339.256892526001
48_20240827 16,4378.443360382682
48_20240827 17,4358.579585295624
48_20240827 18,4020.5001187314224
48_20240827 19,3932.9981395878817
48_20240827 20,3876.844665053777
48_20240827 21,3817.5375396637946
48_20240827 22,4178.05957915267
48_20240827 23,4293.687088893292
48_20240828 00,4247.699845758878
48_20240828 01,4190.512812957973
48_20240828 02,4208.75766403998
48_20240828 03,4180.445239659274
48_20240828 04,4165.242482941742
48_20240828 05,4114.696375612608
48_20240828 06,4239.725247923768
48_20240828 07,4163.265103942751
48_20240828 08,4182.919508481113
48_20240828 09,4392.996681760709
48_20240828 10,4444.188752695733
48_20240828 11,4471.035617829317
48_20240828 12,4526.8290247430095
48_20240828 13,4579.425748767073
48_20240828 14,4544.187443214134
48_20240828 15,4549.941364610098
48_20240828 16,4594.568140259435
48_20240828 17,4520.715725148818
48_20240828 18,4134.092116001889
48_20240828 19,3987.9180869826723
48_20240828 20,3890.2024188467517
48_20240828 21,3722.075759181087
48_20240828 22,4130.87306497964
48_20240828 23,4257.429778427853
48_20240829 00,4223.110150136123
48_20240829 01,4205.747230098478
48_20240829 02,4185.479719839633
48_20240829 03,4165.938803876405
48_20240829 04,4151.78433328283
48_20240829 05,4055.014521126218
48_20240829 06,4204.337948807821
48_20240829 07,4085.373519466163
48_20240829 08,4127.081144086271
48_20240829 09,4311.202942626852
48_20240829 10,4392.921093355089
48_20240829 11,4427.879977106166
48_20240829 12,4528.252170854869
48_20240829 13,4502.030115688884
48_20240829 14,4494.472461708018
48_20240829 15,4472.243843259929
48_20240829 16,4504.643606488164
48_20240829 17,4412.368353727558
48_20240829 18,4045.903059691622
48_20240829 19,3922.3800829274596
48_20240829 20,3798.341958086577
48_20240829 21,3663.6141734153325
48_20240829 22,4117.952433352489
48_20240829 23,4270.93046490419
48_20240830 00,4223.337119027134
48_20240830 01,4167.808596365636
48_20240830 02,4155.826364987636
48_20240830 03,4142.351480405611
48_20240830 04,4104.081210152366
48_20240830 05,4019.6214027606256
48_20240830 06,4181.992892916275
48_20240830 07,4111.089090119423
48_20240830 08,4140.302196643253
48_20240830 09,4396.361001460585
48_20240830 10,4498.94307469235
48_20240830 11,4489.282502469064
48_20240830 12,4537.6746056419615
48_20240830 13,4511.3432108485285
48_20240830 14,4488.025823346709
48_20240830 15,4492.160059968973
48_20240830 16,4516.814426477717
48_20240830 17,4385.504517053393
48_20240830 18,4002.327921380547
48_20240830 19,3875.016162694982
48_20240830 20,3779.357526660954
48_20240830 21,3665.889399982172
48_20240830 22,4109.995827376479
48_20240830 23,4251.14233723273
48_20240831 00,4184.892255468625
48_20240831 01,4169.999087356093
48_20240831 02,4172.096749356797
48_20240831 03,4109.554203898134
48_20240831 04,4076.5365889233844
48_20240831 05,3928.7923033200173
48_20240831 06,3916.320063311953
48_20240831 07,3835.478043904841
48_20240831 08,3667.257645207176
48_20240831 09,3801.7170379240174
48_20240831 10,3855.6724164417215
48_20240831 11,3884.309815687252
48_20240831 12,3907.9930434645394
48_20240831 13,3792.2205673623967
48_20240831 14,3751.181290904955
48_20240831 15,3672.8500932364595
48_20240831 16,3618.9878781408665
48_20240831 17,3696.0512260015767
48_20240831 18,3580.99852664338
48_20240831 19,3506.3980038078416
48_20240831 20,3448.5221096759874
48_20240831 21,3370.8057712813898
48_20240831 22,3976.2196986257177
48_20240831 23,4176.448484080249
49_20240825 00,630.3896697183432
49_20240825 01,619.5965275287933
49_20240825 02,607.822530956435
49_20240825 03,600.4692393064709
49_20240825 04,595.5137591901112
49_20240825 05,591.0111097035393
49_20240825 06,598.6026906171671
49_20240825 07,598.016495039514
49_20240825 08,590.284933731926
49_20240825 09,586.4031119884032
49_20240825 10,613.7819155716033
49_20240825 11,677.8334867207666
49_20240825 12,720.5190108171709
49_20240825 13,711.3650654397171
49_20240825 14,743.6667322582309
49_20240825 15,675.6421885822252
49_20240825 16,736.2632098394977
49_20240825 17,727.526144249529
49_20240825 18,685.5481646142883
49_20240825 19,670.2314933398012
49_20240825 20,687.7231237372628
49_20240825 21,687.3914849586329
49_20240825 22,1067.5533997027196
49_20240825 23,1355.372914284113
49_20240826 00,1424.0743683618284
49_20240826 01,1414.7893169906856
49_20240826 02,1369.2465189843842
49_20240826 03,1223.7768092161868
49_20240826 04,1181.4722182651108
49_20240826 05,1166.2880708515227
49_20240826 06,1635.2728495608574
49_20240826 07,1670.12769147974
49_20240826 08,1667.1246991970238
49_20240826 09,1596.5076414856806
49_20240826 10,1573.8079319447816
49_20240826 11,1627.3095288810932
49_20240826 12,1715.9275728258513
49_20240826 13,1752.289906288157
49_20240826 14,1863.1376984403246
49_20240826 15,1859.3930230992132
49_20240826 16,1866.7335474778597
49_20240826 17,1901.9359639158397
49_20240826 18,1732.507287407499
49_20240826 19,1053.157801164815
49_20240826 20,847.0129968430203
49_20240826 21,796.7720277030683
49_20240826 22,1083.3152768855718
49_20240826 23,1408.5944915026666
49_20240827 00,1403.058132749834
49_20240827 01,1388.853682373875
49_20240827 02,1394.910103805345
49_20240827 03,1382.8270786033163
49_20240827 04,1240.5623443785453
49_20240827 05,1152.0656969036281
49_20240827 06,1649.0728539229187
49_20240827 07,1660.8615836243785
49_20240827 08,1613.4956776861427
49_20240827 09,1583.0214843034466
49_20240827 10,1536.5841176755105
49_20240827 11,1522.7348819420351
49_20240827 12,1512.5681605326477
49_20240827 13,1598.877071823786
49_20240827 14,1693.869394778932
49_20240827 15,1770.7186836813926
49_20240827 16,1813.6885330129826
49_20240827 17,1839.2480035594026
49_20240827 18,1681.6380932730433
49_20240827 19,1068.3889704531912
49_20240827 20,851.1521325283552
49_20240827 21,789.2935742136177
49_20240827 22,1081.4494980050765
49_20240827 23,1422.0566370363404
49_20240828 00,1431.5205252159376
49_20240828 01,1424.6837179382653
49_20240828 02,1433.0086157299438
49_20240828 03,1424.8804235467205
49_20240828 04,1312.6125637358518
49_20240828 05,1133.1227043729828
49_20240828 06,1518.106245001533
49_20240828 07,1529.6288053830096
49_20240828 08,1605.1678016433982
49_20240828 09,1554.7190990233594
49_20240828 10,1558.0649386502566
49_20240828 11,1517.566493678437
49_20240828 12,1495.7495464061294
49_20240828 13,1532.4461189159294
49_20240828 14,1699.2581713465124
49_20240828 15,1753.3889111927301
49_20240828 16,1836.9186421161307
49_20240828 17,1876.0742917609218
49_20240828 18,1723.7040218878078
49_20240828 19,1042.3355691390213
49_20240828 20,830.3586378335567
49_20240828 21,773.8977475659242
49_20240828 22,921.0181088313046
49_20240828 23,995.5020548540705
49_20240829 00,1019.6604118644967
49_20240829 01,1006.9429423472504
49_20240829 02,1026.9576011634977
49_20240829 03,1026.9953636181112
49_20240829 04,1006.3129691048969
49_20240829 05,980.2933348589686
49_20240829 06,1189.3082436418927
49_20240829 07,1084.3423600262922
49_20240829 08,1110.2374738541178
49_20240829 09,1097.7538848656343
49_20240829 10,1197.8531933910813
49_20240829 11,1197.6416433671814
49_20240829 12,1198.6403554977455
49_20240829 13,1217.7514278415172
49_20240829 14,1291.4690781025565
49_20240829 15,1443.9157732575845
49_20240829 16,1440.949740572641
49_20240829 17,1468.5368871828632
49_20240829 18,1142.1439175924443
49_20240829 19,982.9429758869677
49_20240829 20,813.2700776126304
49_20240829 21,743.5966654816358
49_20240829 22,1121.1088656983543
49_20240829 23,1449.3059987047845
49_20240830 00,1445.4505398362367
49_20240830 01,1416.6516525203233
49_20240830 02,1420.2470079809784
49_20240830 03,1422.393761955921
49_20240830 04,1399.678216725456
49_20240830 05,1313.5399244361702
49_20240830 06,1615.5068844487673
49_20240830 07,1595.6087495613092
49_20240830 08,1573.248297592296
49_20240830 09,1521.008259776267
49_20240830 10,1496.42214007134
49_20240830 11,1492.4599924669244
49_20240830 12,1505.1522150920346
49_20240830 13,1530.1674536126095
49_20240830 14,1655.0454668293967
49_20240830 15,1734.6953657149343
49_20240830 16,1756.5628143596505
49_20240830 17,1747.4065966536286
49_20240830 18,1477.7254881892836
49_20240830 19,1000.4421059548092
49_20240830 20,758.8632328579346
49_20240830 21,709.8127891888366
49_20240830 22,663.991807839925
49_20240830 23,699.3753065574548
49_20240831 00,611.7394456028906
49_20240831 01,607.0455585503069
49_20240831 02,606.3277763681727
49_20240831 03,598.8841011214947
49_20240831 04,584.5578357143011
49_20240831 05,579.878165152742
49_20240831 06,580.5848013605948
49_20240831 07,586.0876386904852
49_20240831 08,579.6496363225571
49_20240831 09,581.1703834311772
49_20240831 10,639.699492942297
49_20240831 11,621.9502531250769
49_20240831 12,610.774968817241
49_20240831 13,632.9230350284038
49_20240831 14,671.5752236030394
49_20240831 15,693.0205920100436
49_20240831 16,665.0877096980862
49_20240831 17,655.4591866837264
49_20240831 18,664.4960736481585
49_20240831 19,637.5352295375401
49_20240831 20,630.5731740162555
49_20240831 21,625.7465400693344
49_20240831 22,639.3690189419042
49_20240831 23,639.623593227257
50_20240825 00,1563.1916625374272
50_20240825 01,1553.8154922853075
50_20240825 02,1533.9288266631957
50_20240825 03,1541.2637851130971
50_20240825 04,1541.1521635559423
50_20240825 05,1554.435238813746
50_20240825 06,1569.8505519075645
50_20240825 07,1481.7000304477544
50_20240825 08,1250.1826065765295
50_20240825 09,1231.6350052150342
50_20240825 10,1124.2127108808077
50_20240825 11,1087.6747000731948
50_20240825 12,1050.7074083421487
50_20240825 13,1073.2381888651003
50_20240825 14,1091.6865033061492
50_20240825 15,1211.5547280523883
50_20240825 16,1308.547059626533
50_20240825 17,1424.9361674447002
50_20240825 18,1575.3046726602438
50_20240825 19,1617.9074555988184
50_20240825 20,1704.7191877173025
50_20240825 21,1695.4637180856553
50_20240825 22,1651.3307877890074
50_20240825 23,1648.3591621013989
50_20240826 00,1694.400424927854
50_20240826 01,1683.8846700437527
50_20240826 02,1687.797096339489
50_20240826 03,1672.266176457491
50_20240826 04,1659.340695350034
50_20240826 05,1735.213356207101
50_20240826 06,2242.041148321794
50_20240826 07,2353.542186788362
50_20240826 08,2567.3798302980276
50_20240826 09,2652.201407316523
50_20240826 10,2622.387777259555
50_20240826 11,2573.046899402957
50_20240826 12,2534.5513943999827
50_20240826 13,2495.926860853292
50_20240826 14,2546.8759982077727
50_20240826 15,2607.19086475833
50_20240826 16,2631.8937718432403
50_20240826 17,2622.7041535480084
50_20240826 18,2320.8641534105395
50_20240826 19,2061.3915864046785
50_20240826 20,1723.5847111660016
50_20240826 21,1636.65757868485
50_20240826 22,1680.0153179485044
50_20240826 23,1678.6807347006115
50_20240827 00,1699.7203931186566
50_20240827 01,1695.0890923267357
50_20240827 02,1702.4320066134742
50_20240827 03,1694.7336516293599
50_20240827 04,1668.2943976159336
50_20240827 05,1821.7011501756065
50_20240827 06,2182.6882373343915
50_20240827 07,2316.0879453473553
50_20240827 08,2588.696813055134
50_20240827 09,2672.798775572795
50_20240827 10,2654.544240322062
50_20240827 11,2584.827810312963
50_20240827 12,2566.4404765486543
50_20240827 13,2584.925741307609
50_20240827 14,2647.5254131378724
50_20240827 15,2656.321785804518
50_20240827 16,2663.7780174831532
50_20240827 17,2679.8081087434894
50_20240827 18,2332.3860544708014
50_20240827 19,2015.476440311231
50_20240827 20,1711.0528506434514
50_20240827 21,1627.8187076081238
50_20240827 22,1620.0159186797937
50_20240827 23,1667.133545698582
50_20240828 00,1664.2858225673335
50_20240828 01,1664.4429272692646
50_20240828 02,1666.8276286890891
50_20240828 03,1660.6871647650355
50_20240828 04,1647.8244345048874
50_20240828 05,1790.0196918144727
50_20240828 06,2150.746743226263
50_20240828 07,2351.5709078150803
50_20240828 08,2515.088543043643
50_20240828 09,2615.117895816171
50_20240828 10,2572.8180161465916
50_20240828 11,2584.473741231365
50_20240828 12,2535.3812991148616
50_20240828 13,2475.2047921531644
50_20240828 14,2576.228341826006
50_20240828 15,2567.9249925700956
50_20240828 16,2565.766382707023
50_20240828 17,2635.7586696044814
50_20240828 18,2305.2650079926516
50_20240828 19,1899.2544941839228
50_20240828 20,1669.6138804899565
50_20240828 21,1592.4014581271185
50_20240828 22,1648.9906517393906
50_20240828 23,1654.6333525771533
50_20240829 00,1617.4844629703205
50_20240829 01,1639.0241013105506
50_20240829 02,1639.5232960857368
50_20240829 03,1641.846937893017
50_20240829 04,1628.2277484320134
50_20240829 05,1772.2182801444396
50_20240829 06,2122.5706282925403
50_20240829 07,2257.3820541955683
50_20240829 08,2466.2020800356067
50_20240829 09,2601.007116139588
50_20240829 10,2614.5106469140546
50_20240829 11,2575.201697834923
50_20240829 12,2474.1357338025705
50_20240829 13,2547.285992498541
50_20240829 14,2587.334273005341
50_20240829 15,2565.159766055517
50_20240829 16,2602.9809041520784
50_20240829 17,2619.2576816758483
50_20240829 18,2209.2120287740636
50_20240829 19,1886.3300540139367
50_20240829 20,1637.7860304046972
50_20240829 21,1586.9452758054408
50_20240829 22,1618.288587003414
50_20240829 23,1634.8039044329844
50_20240830 00,1627.2984722240708
50_20240830 01,1622.8090482183497
50_20240830 02,1622.9354667881316
50_20240830 03,1624.1184721877078
50_20240830 04,1608.002778124675
50_20240830 05,1697.7680958505366
50_20240830 06,2081.173798941066
50_20240830 07,2264.7588731051146
50_20240830 08,2429.2291282945525
50_20240830 09,2457.9106308421983
50_20240830 10,2447.602527350137
50_20240830 11,2394.9625250537433
50_20240830 12,2352.9475918184544
50_20240830 13,2364.7354748744574
50_20240830 14,2431.037764798508
50_20240830 15,2456.9233060555434
50_20240830 16,2494.6433325691596
50_20240830 17,2502.8832049817274
50_20240830 18,2142.059686896262
50_20240830 19,1696.1160099390054
50_20240830 20,1558.9962673312293
50_20240830 21,1455.563318986809
50_20240830 22,1517.7950230298427
50_20240830 23,1558.1015291175963
50_20240831 00,1583.3956886986412
50_20240831 01,1564.0038510584386
50_20240831 02,1574.7025837065946
50_20240831 03,1571.9056152992198
50_20240831 04,1545.8093187388283
50_20240831 05,1563.8768671880234
50_20240831 06,1573.4474546845704
50_20240831 07,1408.3763905358467
50_20240831 08,1156.58954346841
50_20240831 09,1103.9013906202943
50_20240831 10,1087.8490909890356
50_20240831 11,1007.3352774499997
50_20240831 12,1010.662077687744
50_20240831 13,1033.4462487980804
50_20240831 14,1123.2169739331046
50_20240831 15,1169.1905812008863
50_20240831 16,1296.1551839536291
50_20240831 17,1426.3531177702666
50_20240831 18,1444.0796127234853
50_20240831 19,1445.304653663756
50_20240831 20,1416.631740406129
50_20240831 21,1356.9505502379905
50_20240831 22,1420.8172499959448
50_20240831 23,1520.6749779059937
51_20240825 00,3286.8890073653465
51_20240825 01,3266.7460142322934
51_20240825 02,3252.3647610428593
51_20240825 03,3258.6203870045892
51_20240825 04,3249.2126940357102
51_20240825 05,3250.3513795342783
51_20240825 06,3242.4314887867927
51_20240825 07,3254.9743742169303
51_20240825 08,3272.6998232811793
51_20240825 09,3291.029673736688
51_20240825 10,3301.958175913573
51_20240825 11,3301.5018691057903
51_20240825 12,3300.6405059786603
51_20240825 13,3306.859277397394
51_20240825 14,3309.2197145140153
51_20240825 15,3319.678995466078
51_20240825 16,3305.3754609581747
51_20240825 17,3295.4606124625298
51_20240825 18,3301.765287349729
51_20240825 19,3286.7539423118515
51_20240825 20,3288.470396579747
51_20240825 21,3274.907977268411
51_20240825 22,3264.812701432712
51_20240825 23,3265.0416578195136
51_20240826 00,3287.7422608049683
51_20240826 01,3285.4205497234625
51_20240826 02,3273.908100553459
51_20240826 03,3291.038960536539
51_20240826 04,3282.0976194463556
51_20240826 05,3273.4096487811466
51_20240826 06,3287.812374305975
51_20240826 07,3304.6593106659707
51_20240826 08,3382.4294374840874
51_20240826 09,3451.656928276042
51_20240826 10,3472.309615998642
51_20240826 11,3490.0216704414834
51_20240826 12,3500.9433523544726
51_20240826 13,3492.6356872311
51_20240826 14,3497.0253331457875
51_20240826 15,3501.961440354634
51_20240826 16,3498.320393309144
51_20240826 17,3490.126502144208
51_20240826 18,3471.4602571363644
51_20240826 19,3411.2800913852
51_20240826 20,3383.525949967458
51_20240826 21,3355.2098405057977
51_20240826 22,3333.5547737619127
51_20240826 23,3308.9091641355735
51_20240827 00,3301.124773656716
51_20240827 01,3297.858177719924
51_20240827 02,3298.534839266681
51_20240827 03,3302.0030344418687
51_20240827 04,3298.31348289772
51_20240827 05,3281.1298887664934
51_20240827 06,3292.0862265523538
51_20240827 07,3309.6054713865924
51_20240827 08,3399.1547889043895
51_20240827 09,3434.4775366959984
51_20240827 10,3466.4195180171396
51_20240827 11,3439.610198996518
51_20240827 12,3439.863544830344
51_20240827 13,3436.586597072468
51_20240827 14,3466.035354906173
51_20240827 15,3468.1849363797664
51_20240827 16,3480.296775832395
51_20240827 17,3481.3206499445455
51_20240827 18,3461.611981132249
51_20240827 19,3417.901907184515
51_20240827 20,3378.9875095235957
51_20240827 21,3351.6872801770205
51_20240827 22,3329.7147515507477
51_20240827 23,3297.636274548865
51_20240828 00,3270.7179829764327
51_20240828 01,3261.6291866479846
51_20240828 02,3265.912689283037
51_20240828 03,3271.1405720586113
51_20240828 04,3270.3694266573902
51_20240828 05,3254.837444447068
51_20240828 06,3271.881926324675
51_20240828 07,3287.913131300352
51_20240828 08,3364.796138639107
51_20240828 09,3452.2816563836095
51_20240828 10,3468.0017343303944
51_20240828 11,3475.185316064948
51_20240828 12,3486.113990109686
51_20240828 13,3490.5354491909748
51_20240828 14,3501.2781387989694
51_20240828 15,3505.8765209734656
51_20240828 16,3510.014065382854
51_20240828 17,3505.0055512154386
51_20240828 18,3487.2144438506507
51_20240828 19,3429.7522383268924
51_20240828 20,3381.608414623276
51_20240828 21,3362.0804113853164
51_20240828 22,3341.748945601034
51_20240828 23,3300.2920388482307
51_20240829 00,3287.178795604611
51_20240829 01,3250.7306847327673
51_20240829 02,3243.8577416276444
51_20240829 03,3254.916042404826
51_20240829 04,3253.409032378238
51_20240829 05,3233.9289802685325
51_20240829 06,3245.9046447383153
51_20240829 07,3273.9664611188473
51_20240829 08,3350.902706407257
51_20240829 09,3433.300491622541
51_20240829 10,3453.9111944765336
51_20240829 11,3464.951079822317
51_20240829 12,3480.9242485848526
51_20240829 13,3483.8595546186916
51_20240829 14,3491.8959759614922
51_20240829 15,3493.9934361897404
51_20240829 16,3498.9130791699204
51_20240829 17,3493.884941408662
51_20240829 18,3466.8906719145684
51_20240829 19,3410.1143961853822
51_20240829 20,3379.77860404109
51_20240829 21,3356.5051780614303
51_20240829 22,3341.74985257251
51_20240829 23,3312.970068187657
51_20240830 00,3276.025047890945
51_20240830 01,3263.1497163253016
51_20240830 02,3255.426900937469
51_20240830 03,3264.3158466799046
51_20240830 04,3256.5242421419916
51_20240830 05,3240.6549855561784
51_20240830 06,3254.6348736679206
51_20240830 07,3282.2815809826275
51_20240830 08,3386.6748072733844
51_20240830 09,3444.7657944934413
51_20240830 10,3471.1514686678456
51_20240830 11,3467.5572185886076
51_20240830 12,3480.3343329098316
51_20240830 13,3479.1840145365964
51_20240830 14,3484.273057620597
51_20240830 15,3517.2953948560935
51_20240830 16,3493.745423796449
51_20240830 17,3484.543471228184
51_20240830 18,3458.313791191541
51_20240830 19,3392.3240564106463
51_20240830 20,3370.1397927986036
51_20240830 21,3321.485906096137
51_20240830 22,3323.453578759977
51_20240830 23,3291.96388417188
51_20240831 00,3256.911533542515
51_20240831 01,3254.6183085097246
51_20240831 02,3249.5401595994645
51_20240831 03,3249.6939066280293
51_20240831 04,3250.970932543534
51_20240831 05,3242.3771355429253
51_20240831 06,3238.42796188585
51_20240831 07,3239.2443097581963
51_20240831 08,3244.252953894824
51_20240831 09,3262.15865262408
51_20240831 10,3286.144587067385
51_20240831 11,3297.6944163603757
51_20240831 12,3300.7914708368576
51_20240831 13,3300.983638347754
51_20240831 14,3307.4248783617522
51_20240831 15,3315.7387173512484
51_20240831 16,3310.113780809861
51_20240831 17,3299.2217560535337
51_20240831 18,3292.841074684043
51_20240831 19,3282.268155271329
51_20240831 20,3278.4030585829373
51_20240831 21,3258.364830072438
51_20240831 22,3237.9811476037376
51_20240831 23,3237.582104173777
52_20240825 00,5171.749011727589
52_20240825 01,5162.5860426138415
52_20240825 02,5184.2309164764665
52_20240825 03,5148.080545123773
52_20240825 04,5120.678981376699
52_20240825 05,5075.085415584642
52_20240825 06,5063.263274441755
52_20240825 07,5020.184018109234
52_20240825 08,5012.686004530138
52_20240825 09,5049.170566449775
52_20240825 10,5053.679593601402
52_20240825 11,5054.781480214805
52_20240825 12,5107.876250886075
52_20240825 13,5112.340560336077
52_20240825 14,5115.049195128615
52_20240825 15,5100.120490892939
52_20240825 16,5092.815401023543
52_20240825 17,5076.397692018791
52_20240825 18,5047.331140767812
52_20240825 19,5050.284222129091
52_20240825 20,5046.221894299991
52_20240825 21,5030.0814565323235
52_20240825 22,5033.269071280233
52_20240825 23,5015.605218848967
52_20240826 00,5081.69227123828
52_20240826 01,5061.804297428431
52_20240826 02,5051.644675046548
52_20240826 03,5054.738552887982
52_20240826 04,5052.7131125217265
52_20240826 05,5053.756254466999
52_20240826 06,5093.547462114187
52_20240826 07,5109.070593845483
52_20240826 08,5227.560841164965
52_20240826 09,5331.618433958002
52_20240826 10,5334.336872843033
52_20240826 11,5317.588878909361
52_20240826 12,5339.612812922904
52_20240826 13,5337.076934552151
52_20240826 14,5335.777937666521
52_20240826 15,5350.591861503979
52_20240826 16,5328.399732028379
52_20240826 17,5291.987486942615
52_20240826 18,5205.106582659985
52_20240826 19,5099.552549710922
52_20240826 20,5068.977753119352
52_20240826 21,5056.970040703412
52_20240826 22,5199.868705697374
52_20240826 23,5255.519694334334
52_20240827 00,5200.539616098296
52_20240827 01,5189.499783914754
52_20240827 02,5194.458972207591
52_20240827 03,5195.192051144436
52_20240827 04,5139.1342381757995
52_20240827 05,5128.827022284109
52_20240827 06,5166.972950418895
52_20240827 07,5182.528051575713
52_20240827 08,5198.767908463376
52_20240827 09,5263.378354404563
52_20240827 10,5273.829322572991
52_20240827 11,5245.891201221266
52_20240827 12,5267.349885737411
52_20240827 13,5261.234393413956
52_20240827 14,5273.875330794857
52_20240827 15,5304.508552419805
52_20240827 16,5311.979351226085
52_20240827 17,5286.648479713218
52_20240827 18,5155.103426432088
52_20240827 19,5078.939669758934
52_20240827 20,5078.641848728379
52_20240827 21,5049.901156143689
52_20240827 22,5108.285872314909
52_20240827 23,5164.578780938
52_20240828 00,5099.533642954443
52_20240828 01,5053.484421022563
52_20240828 02,5043.667146292638
52_20240828 03,5040.148004450541
52_20240828 04,5034.969059192867
52_20240828 05,5033.073722897574
52_20240828 06,5050.006522681115
52_20240828 07,5067.9868797827485
52_20240828 08,5152.428603624631
52_20240828 09,5263.63456944988
52_20240828 10,5257.027592119742
52_20240828 11,5243.659915595697
52_20240828 12,5281.485737333802
52_20240828 13,5284.950010857784
52_20240828 14,5293.823739460633
52_20240828 15,5307.76949350595
52_20240828 16,5296.549179233456
52_20240828 17,5265.3189239917165
52_20240828 18,5159.721292531452
52_20240828 19,5093.059028653708
52_20240828 20,5076.706536430256
52_20240828 21,5056.163643416368
52_20240828 22,5147.542685208476
52_20240828 23,5190.139840501621
52_20240829 00,5178.006808511972
52_20240829 01,5140.449429206552
52_20240829 02,5129.825205955271
52_20240829 03,5124.03562949455
52_20240829 04,5124.637459400694
52_20240829 05,5121.126591656926
52_20240829 06,5120.019645932343
52_20240829 07,5127.8965489985185
52_20240829 08,5166.555119164344
52_20240829 09,5246.9635198226915
52_20240829 10,5251.731601684231
52_20240829 11,5253.110076110222
52_20240829 12,5274.7478838719435
52_20240829 13,5268.927567592561
52_20240829 14,5266.0047796508825
52_20240829 15,5284.059119967413
52_20240829 16,5265.904731342542
52_20240829 17,5266.561031122862
52_20240829 18,5175.538890472257
52_20240829 19,5140.191365078415
52_20240829 20,5092.126302150264
52_20240829 21,5066.378918958155
52_20240829 22,5138.500888076018
52_20240829 23,5163.905905008054
52_20240830 00,5095.8079278971545
52_20240830 01,5033.986050700842
52_20240830 02,5020.261188953398
52_20240830 03,5025.541683653322
52_20240830 04,5022.241799790991
52_20240830 05,5020.63488408749
52_20240830 06,5045.760676396879
52_20240830 07,5066.841895186473
52_20240830 08,5192.778708110742
52_20240830 09,5253.375698634933
52_20240830 10,5269.897642320762
52_20240830 11,5255.953044823601
52_20240830 12,5273.352803121705
52_20240830 13,5270.654250406877
52_20240830 14,5349.888001966244
52_20240830 15,5293.965429213638
52_20240830 16,5288.615057883313
52_20240830 17,5274.65513613358
52_20240830 18,5174.425482047316
52_20240830 19,5110.923809610699
52_20240830 20,5077.735808045429
52_20240830 21,5051.683347740785
52_20240830 22,5152.590888205099
52_20240830 23,5210.065905768473
52_20240831 00,5123.7589963472765
52_20240831 01,5111.9875698202695
52_20240831 02,5144.491441447832
52_20240831 03,5135.710290179414
52_20240831 04,5139.856630589134
52_20240831 05,5131.1512336914475
52_20240831 06,5064.365845817116
52_20240831 07,5032.1732417926705
52_20240831 08,5002.641769026622
52_20240831 09,4999.897562982189
52_20240831 10,4997.527520359599
52_20240831 11,4998.505598052294
52_20240831 12,5039.522793535604
52_20240831 13,5030.359071153902
52_20240831 14,5031.214196330588
52_20240831 15,5043.762500345235
52_20240831 16,5043.529526847076
52_20240831 17,5021.604117011827
52_20240831 18,5015.257282854189
52_20240831 19,4994.263111641402
52_20240831 20,4999.554990663414
52_20240831 21,4995.004952149042
52_20240831 22,5023.636793019341
52_20240831 23,5035.35915835996
53_20240825 00,1466.1027034965805
53_20240825 01,1442.0175801630442
53_20240825 02,1454.7127497316037
53_20240825 03,1458.4454701473746
53_20240825 04,1453.8154914193105
53_20240825 05,1447.4611343510219
53_20240825 06,1421.853569473974
53_20240825 07,1391.1385054365064
53_20240825 08,1373.5907441559907
53_20240825 09,1386.5117891795371
53_20240825 10,1355.2080194152518
53_20240825 11,1351.5056517363244
53_20240825 12,1371.842411291754
53_20240825 13,1363.7861589255567
53_20240825 14,1368.6348864173424
53_20240825 15,1367.27181296327
53_20240825 16,1352.8005309499406
53_20240825 17,1341.9173141056895
53_20240825 18,1378.8475397709874
53_20240825 19,1357.2777896871708
53_20240825 20,1373.0451360422685
53_20240825 21,1334.7614945472765
53_20240825 22,1319.2989592318286
53_20240825 23,1288.5158691211927
53_20240826 00,1291.6114748071768
53_20240826 01,1359.3832988757003
53_20240826 02,1306.5905278397224
53_20240826 03,1294.829095536878
53_20240826 04,1310.742222267316
53_20240826 05,1395.5319284723105
53_20240826 06,1588.5001514921864
53_20240826 07,1710.61320699305
53_20240826 08,1856.704134950206
53_20240826 09,1978.2200724747286
53_20240826 10,2087.7232227234
53_20240826 11,2116.6238768571593
53_20240826 12,2107.4873761707536
53_20240826 13,2100.623696540034
53_20240826 14,2167.6178988979373
53_20240826 15,2195.590737095453
53_20240826 16,2195.6913780934647
53_20240826 17,2131.987769235018
53_20240826 18,1967.6306556356485
53_20240826 19,1804.390406677106
53_20240826 20,1742.4823355647834
53_20240826 21,1705.9459037726856
53_20240826 22,1653.0074480906965
53_20240826 23,1608.8661090661951
53_20240827 00,1592.6707453797862
53_20240827 01,1590.5294403723028
53_20240827 02,1607.9717238880098
53_20240827 03,1604.323600270367
53_20240827 04,1601.70277958797
53_20240827 05,1640.0405366548973
53_20240827 06,1711.7859297776106
53_20240827 07,1769.3327286842987
53_20240827 08,1971.1934200110086
53_20240827 09,2051.053315945483
53_20240827 10,2119.633437210905
53_20240827 11,2137.4357489093395
53_20240827 12,2110.905921081419
53_20240827 13,2113.674428243052
53_20240827 14,2166.081555075054
53_20240827 15,2216.6286786307337
53_20240827 16,2197.139983210524
53_20240827 17,2125.8266906890867
53_20240827 18,1999.4316501896794
53_20240827 19,1834.2150633101137
53_20240827 20,1753.7509177960708
53_20240827 21,1708.7110892084652
53_20240827 22,1675.8799110061298
53_20240827 23,1609.3079303747222
53_20240828 00,1599.8564256380073
53_20240828 01,1615.018974613221
53_20240828 02,1618.222914475592
53_20240828 03,1615.5669025909924
53_20240828 04,1607.32994718588
53_20240828 05,1645.767830474359
53_20240828 06,1691.4540039885778
53_20240828 07,1798.0797362204082
53_20240828 08,1975.0539022442363
53_20240828 09,2078.298367193245
53_20240828 10,2153.821183670312
53_20240828 11,2160.5298617512785
53_20240828 12,2157.8073113575842
53_20240828 13,2156.9661688653896
53_20240828 14,2205.283011326567
53_20240828 15,2271.823821290001
53_20240828 16,2278.8713405905955
53_20240828 17,2189.6909095031765
53_20240828 18,2020.0789743222576
53_20240828 19,1837.1239716168573
53_20240828 20,1806.4782529080487
53_20240828 21,1754.694572424461
53_20240828 22,1677.3619848755752
53_20240828 23,1632.7837850095486
53_20240829 00,1617.8324256656142
53_20240829 01,1614.1469126866932
53_20240829 02,1617.3591944048935
53_20240829 03,1620.798477777895
53_20240829 04,1608.5182906344805
53_20240829 05,1662.6241305359652
53_20240829 06,1696.8654704656287
53_20240829 07,1793.261812878157
53_20240829 08,1947.8598905761446
53_20240829 09,2072.817124840447
53_20240829 10,2134.891234885725
53_20240829 11,2204.972465448792
53_20240829 12,2212.4676658901053
53_20240829 13,2198.1930006294706
53_20240829 14,2233.982690565317
53_20240829 15,2231.759645995634
53_20240829 16,2222.218432184771
53_20240829 17,2186.4528091431503
53_20240829 18,2013.0684372626288
53_20240829 19,1852.8024337178144
53_20240829 20,1792.2876710796656
53_20240829 21,1741.969566155949
53_20240829 22,1678.2604858584298
53_20240829 23,1645.4716531167085
53_20240830 00,1601.267143111469
53_20240830 01,1602.6451150626408
53_20240830 02,1602.6871514457878
53_20240830 03,1601.4445223633265
53_20240830 04,1590.986059371055
53_20240830 05,1626.485631127936
53_20240830 06,1668.2423430621675
53_20240830 07,1728.6169005851261
53_20240830 08,1922.484696912119
53_20240830 09,2026.467590565939
53_20240830 10,2054.8278018454594
53_20240830 11,2078.91606647534
53_20240830 12,2104.548188006643
53_20240830 13,2095.639073722086
53_20240830 14,2124.5199634634005
53_20240830 15,2152.0879201583894
53_20240830 16,2114.563901878405
53_20240830 17,2045.249453849779
53_20240830 18,1905.1171573692977
53_20240830 19,1765.8263013716526
53_20240830 20,1735.2839045086175
53_20240830 21,1688.0301963160553
53_20240830 22,1638.3727342978536
53_20240830 23,1601.514932532073
53_20240831 00,1576.5979919151425
53_20240831 01,1574.5530585984823
53_20240831 02,1580.2000888108353
53_20240831 03,1563.3812327384553
53_20240831 04,1554.9877429357919
53_20240831 05,1543.2435590925074
53_20240831 06,1540.2077841451724
53_20240831 07,1519.7575731288794
53_20240831 08,1499.805155701761
53_20240831 09,1482.9626829128376
53_20240831 10,1412.258244634937
53_20240831 11,1403.6518253859663
53_20240831 12,1449.7348414041342
53_20240831 13,1447.895638203907
53_20240831 14,1468.5218026512314
53_20240831 15,1475.6443013711942
53_20240831 16,1460.3388642227465
53_20240831 17,1486.6259857127227
53_20240831 18,1500.6829130282479
53_20240831 19,1485.1432911245538
53_20240831 20,1481.4501452919424
53_20240831 21,1458.189349943468
53_20240831 22,1451.210557673713
53_20240831 23,1405.2809125198187
54_20240825 00,3415.7492506679964
54_20240825 01,3236.9162986375914
54_20240825 02,2598.9966031043896
54_20240825 03,2453.5036064252668
54_20240825 04,2331.375592981368
54_20240825 05,1897.218808176545
54_20240825 06,1082.8330778480758
54_20240825 07,1204.3707344462987
54_20240825 08,1493.3132260009488
54_20240825 09,2086.427256433172
54_20240825 10,4038.6634745149777
54_20240825 11,4413.274184228334
54_20240825 12,4524.612990302982
54_20240825 13,4580.422930429421
54_20240825 14,4565.724026876858
54_20240825 15,4458.210805019709
54_20240825 16,4420.295247183126
54_20240825 17,4260.1886568293385
54_20240825 18,4135.247986849697
54_20240825 19,3922.5910268307853
54_20240825 20,3447.2046051761977
54_20240825 21,1654.7810433729405
54_20240825 22,2486.697449978004
54_20240825 23,3516.9662636803964
54_20240826 00,3378.9657916639685
54_20240826 01,3142.2647592313374
54_20240826 02,2596.4327774768053
54_20240826 03,2347.184277576842
54_20240826 04,2282.0154827161764
54_20240826 05,1870.7904384890085
54_20240826 06,1137.9985437878577
54_20240826 07,1201.9611325012868
54_20240826 08,1481.2039079499802
54_20240826 09,2025.1623081435623
54_20240826 10,3800.613070527086
54_20240826 11,4465.020632749961
54_20240826 12,4503.553051362072
54_20240826 13,4467.498652047883
54_20240826 14,4484.086956488036
54_20240826 15,4456.551873287019
54_20240826 16,4352.509428536248
54_20240826 17,4081.0325160119737
54_20240826 18,3912.4328775608888
54_20240826 19,3512.2913383689465
54_20240826 20,2494.2904677154625
54_20240826 21,1546.58190886772
54_20240826 22,2264.22117966954
54_20240826 23,3125.719735493472
54_20240827 00,2357.1583149214534
54_20240827 01,2205.029042595828
54_20240827 02,1936.8633529346384
54_20240827 03,1813.3788125333433
54_20240827 04,1712.3148695231394
54_20240827 05,1552.9302578974152
54_20240827 06,979.3137598046229
54_20240827 07,1140.6853706881443
54_20240827 08,1521.4324979602184
54_20240827 09,2079.2532038049544
54_20240827 10,3743.4397757426013
54_20240827 11,4266.004623747188
54_20240827 12,4343.58656406343
54_20240827 13,4357.948244570303
54_20240827 14,4363.265066730948
54_20240827 15,4324.679165287525
54_20240827 16,4311.867628590002
54_20240827 17,4134.684644854924
54_20240827 18,3998.1073446885334
54_20240827 19,3655.554002595485
54_20240827 20,2675.0152403744814
54_20240827 21,1528.584971564564
54_20240827 22,2385.4809260586344
54_20240827 23,3487.072054440657
54_20240828 00,3407.955983077
54_20240828 01,3094.542973010463
54_20240828 02,2521.358236950972
54_20240828 03,2131.6870805606577
54_20240828 04,1941.0118492873937
54_20240828 05,1592.214806866584
54_20240828 06,1052.2492783729672
54_20240828 07,1140.9443593385479
54_20240828 08,1465.5471975019107
54_20240828 09,2040.4088359086397
54_20240828 10,3738.357905824507
54_20240828 11,4264.505939366662
54_20240828 12,4353.850457262544
54_20240828 13,4529.279617921941
54_20240828 14,4488.699434115357
54_20240828 15,4392.242296709344
54_20240828 16,4347.496334356794
54_20240828 17,4137.859790617657
54_20240828 18,3975.3625212341594
54_20240828 19,3656.9786987849993
54_20240828 20,2708.9463757278777
54_20240828 21,1492.9478824549892
54_20240828 22,2318.65073473356
54_20240828 23,3459.333552077328
54_20240829 00,3378.727750323241
54_20240829 01,3118.209000968946
54_20240829 02,2567.23240348117
54_20240829 03,2170.7228642753435
54_20240829 04,1851.8323937665398
54_20240829 05,1379.8729080995151
54_20240829 06,1207.9990850970676
54_20240829 07,1260.3404371328288
54_20240829 08,1475.3497721068288
54_20240829 09,2061.2620614922917
54_20240829 10,3707.886432396555
54_20240829 11,4256.089831693959
54_20240829 12,4344.495071368684
54_20240829 13,4386.854115985108
54_20240829 14,4381.981717137458
54_20240829 15,4348.3329560150605
54_20240829 16,4279.834020259486
54_20240829 17,4078.310480035997
54_20240829 18,3939.5139529509097
54_20240829 19,3694.0833585501737
54_20240829 20,2882.013013190447
54_20240829 21,1513.1176590608434
54_20240829 22,2270.0794302633676
54_20240829 23,3454.7608384390865
54_20240830 00,3347.430005122568
54_20240830 01,3138.834342460222
54_20240830 02,2697.6575737689313
54_20240830 03,2291.097576444682
54_20240830 04,2151.527771114407
54_20240830 05,1807.9897416510794
54_20240830 06,1055.369125771077
54_20240830 07,1113.2299176266135
54_20240830 08,1463.6228888204168
54_20240830 09,2081.5751623888045
54_20240830 10,3670.750219921397
54_20240830 11,4218.056500833276
54_20240830 12,4322.510922452585
54_20240830 13,4358.781402035811
54_20240830 14,4290.812908303869
54_20240830 15,4285.684533997857
54_20240830 16,4254.364766130622
54_20240830 17,4083.2367802162194
54_20240830 18,3952.1025095510204
54_20240830 19,3706.1793015122025
54_20240830 20,3206.116423825844
54_20240830 21,1548.5068826890003
54_20240830 22,2346.8834513161696
54_20240830 23,3493.4036790056216
54_20240831 00,3391.7066066808593
54_20240831 01,3148.6244415217143
54_20240831 02,2427.740564690782
54_20240831 03,2198.6304414101182
54_20240831 04,2001.625346545134
54_20240831 05,1535.2549044733137
54_20240831 06,1017.5562353280932
54_20240831 07,1119.200504363972
54_20240831 08,1454.8543047259523
54_20240831 09,2059.4271578058283
54_20240831 10,3715.5596169156897
54_20240831 11,4335.750964564637
54_20240831 12,4380.838758282348
54_20240831 13,4445.631228877404
54_20240831 14,4446.306917854677
54_20240831 15,4353.776651911949
54_20240831 16,4288.4228594069145
54_20240831 17,4150.502483897007
54_20240831 18,4042.9593760105254
54_20240831 19,3808.826571047628
54_20240831 20,3266.3934018132345
54_20240831 21,1555.7876511653712
54_20240831 22,2434.3106362267335
54_20240831 23,3492.8586521523885
55_20240825 00,9151.981865936477
55_20240825 01,8972.502712509067
55_20240825 02,8805.97953265624
55_20240825 03,8775.870606861148
55_20240825 04,8604.3167254769
55_20240825 05,8491.531488793258
55_20240825 06,8476.922939545402
55_20240825 07,8638.50908039049
55_20240825 08,8817.640613540014
55_20240825 09,8928.828734065823
55_20240825 10,8975.91045703629
55_20240825 11,9076.24785281274
55_20240825 12,9268.606986474899
55_20240825 13,9346.996951213005
55_20240825 14,9531.993077056155
55_20240825 15,9599.143674786028
55_20240825 16,9758.35960397001
55_20240825 17,9858.757924547055
55_20240825 18,9721.250172654056
55_20240825 19,9533.76549419165
55_20240825 20,9471.1079766198
55_20240825 21,9360.351486263224
55_20240825 22,9165.499490914415
55_20240825 23,9152.691239380707
55_20240826 00,9261.441218305015
55_20240826 01,9278.32304364426
55_20240826 02,8931.578824229337
55_20240826 03,8809.846514471536
55_20240826 04,8628.824143416065
55_20240826 05,8638.167984420319
55_20240826 06,8656.414366053043
55_20240826 07,8872.11424185675
55_20240826 08,9413.940142341684
55_20240826 09,10303.02146571483
55_20240826 10,10533.177405551018
55_20240826 11,10650.111612888097
55_20240826 12,10980.443488151064
55_20240826 13,10905.43673354911
55_20240826 14,10952.870349800076
55_20240826 15,10935.617336401294
55_20240826 16,11023.796797214149
55_20240826 17,11030.445216183249
55_20240826 18,10744.594281785958
55_20240826 19,10545.026389280212
55_20240826 20,10214.716249017383
55_20240826 21,9758.640339511261
55_20240826 22,9578.323523150511
55_20240826 23,9479.36107462141
55_20240827 00,9331.97610826628
55_20240827 01,9400.78794190038
55_20240827 02,9121.945099907462
55_20240827 03,9048.511631811012
55_20240827 04,8781.879026097195
55_20240827 05,8761.621026331588
55_20240827 06,8689.193519085964
55_20240827 07,8975.361285692705
55_20240827 08,9335.483069749396
55_20240827 09,10190.294970060411
55_20240827 10,10470.619215153707
55_20240827 11,10461.553296910284
55_20240827 12,10374.456748530702
55_20240827 13,10272.25284950931
55_20240827 14,10299.187845873888
55_20240827 15,9942.911452959022
55_20240827 16,9982.483065452288
55_20240827 17,9969.31095590155
55_20240827 18,9751.204421773107
55_20240827 19,9688.079406667764
55_20240827 20,9524.373492392693
55_20240827 21,9272.435485301186
55_20240827 22,9199.83409287313
55_20240827 23,9074.58261280187
55_20240828 00,8939.747928339677
55_20240828 01,8839.979020037837
55_20240828 02,8664.744046862063
55_20240828 03,8611.462733727523
55_20240828 04,8388.828497958752
55_20240828 05,8394.909549068867
55_20240828 06,8412.660832033362
55_20240828 07,8701.392345654582
55_20240828 08,8986.264887928159
55_20240828 09,9742.315284096427
55_20240828 10,9879.759406719691
55_20240828 11,10076.202211313994
55_20240828 12,10320.300454367542
55_20240828 13,10118.713673873026
55_20240828 14,10327.596847776098
55_20240828 15,10129.246343608762
55_20240828 16,10179.071752193402
55_20240828 17,10249.517804677951
55_20240828 18,10124.811463194179
55_20240828 19,9941.699383427953
55_20240828 20,9729.975997715115
55_20240828 21,9341.836437631813
55_20240828 22,9356.03364369326
55_20240828 23,9224.937310977228
55_20240829 00,9112.87469830158
55_20240829 01,9126.691778197022
55_20240829 02,8953.957430435188
55_20240829 03,8848.871139694485
55_20240829 04,8696.659727188084
55_20240829 05,8568.909045689754
55_20240829 06,8772.763628964167
55_20240829 07,8968.942104208105
55_20240829 08,9188.730010519208
55_20240829 09,10059.417457118221
55_20240829 10,10342.743576997078
55_20240829 11,10397.649883626535
55_20240829 12,10564.276063164567
55_20240829 13,10522.234791301142
55_20240829 14,10424.615820656181
55_20240829 15,10278.42942011622
55_20240829 16,10496.352092677143
55_20240829 17,10518.58610308413
55_20240829 18,10172.47578093724
55_20240829 19,9936.235518832082
55_20240829 20,9620.833089217947
55_20240829 21,9398.967281519479
55_20240829 22,9251.032076193527
55_20240829 23,9169.973384016794
55_20240830 00,9009.770687016748
55_20240830 01,9052.296778888222
55_20240830 02,8778.034478252039
55_20240830 03,8768.545291028287
55_20240830 04,8589.343696478056
55_20240830 05,8462.068654436087
55_20240830 06,8438.829502429824
55_20240830 07,8575.53546521418
55_20240830 08,8791.050681108738
55_20240830 09,9647.944645908898
55_20240830 10,9747.911983827766
55_20240830 11,9912.518487019463
55_20240830 12,10391.444861831837
55_20240830 13,10315.111470548803
55_20240830 14,10314.626070027942
55_20240830 15,10444.420928944754
55_20240830 16,10450.35420396132
55_20240830 17,10525.985105782123
55_20240830 18,10236.543683852144
55_20240830 19,9714.851568224582
55_20240830 20,9413.868151500563
55_20240830 21,9140.035301467771
55_20240830 22,8865.847623544274
55_20240830 23,8764.451977496517
55_20240831 00,8649.978336921029
55_20240831 01,8586.620243135687
55_20240831 02,8459.68689713881
55_20240831 03,8396.038836875563
55_20240831 04,8121.4159148661865
55_20240831 05,8029.343001721465
55_20240831 06,8002.2661734326575
55_20240831 07,8074.216970367499
55_20240831 08,8374.155785018687
55_20240831 09,8365.620561114323
55_20240831 10,8458.279724243988
55_20240831 11,8583.380375352965
55_20240831 12,8860.23532898969
55_20240831 13,8785.564888403776
55_20240831 14,8932.368470070318
55_20240831 15,9056.069656087533
55_20240831 16,9205.907620885197
55_20240831 17,9226.833322155006
55_20240831 18,9033.896315830882
55_20240831 19,8894.36982599006
55_20240831 20,8723.861828575435
55_20240831 21,8635.130319153513
55_20240831 22,8562.02372888775
55_20240831 23,8553.192196999133
56_20240825 00,5484.202798183909
56_20240825 01,5501.723456056281
56_20240825 02,5499.118363560323
56_20240825 03,5492.015631948059
56_20240825 04,5497.095335494741
56_20240825 05,5421.739479711073
56_20240825 06,5453.194486233034
56_20240825 07,5498.483493313174
56_20240825 08,5531.804005783175
56_20240825 09,5567.490373619718
56_20240825 10,5660.693056194465
56_20240825 11,5699.0604659949895
56_20240825 12,5747.925308159851
56_20240825 13,5762.8949044543015
56_20240825 14,5756.3656264658275
56_20240825 15,5758.787476327812
56_20240825 16,5754.384528149629
56_20240825 17,5709.652212929435
56_20240825 18,5680.283956210115
56_20240825 19,5621.376555314486
56_20240825 20,5569.280877990689
56_20240825 21,5554.004186125676
56_20240825 22,5511.034789780264
56_20240825 23,5502.59369532559
56_20240826 00,5463.715810741872
56_20240826 01,5520.169552055415
56_20240826 02,5523.279066970296
56_20240826 03,5536.029010986451
56_20240826 04,5539.327381640231
56_20240826 05,5420.849320680456
56_20240826 06,5451.621497467921
56_20240826 07,5527.8064142670155
56_20240826 08,5573.845984362715
56_20240826 09,5624.229280464094
56_20240826 10,5714.8402131917255
56_20240826 11,5780.011306683249
56_20240826 12,5803.528714167254
56_20240826 13,5838.071401251867
56_20240826 14,5902.630891731398
56_20240826 15,5892.584686373252
56_20240826 16,5837.340204698527
56_20240826 17,5768.790543695477
56_20240826 18,5651.133841135225
56_20240826 19,5625.002976751935
56_20240826 20,5579.671271295
56_20240826 21,5561.23251591448
56_20240826 22,5542.326166835487
56_20240826 23,5480.791709458523
56_20240827 00,5478.163452618352
56_20240827 01,5505.534324169632
56_20240827 02,5558.827452595638
56_20240827 03,5560.972903954875
56_20240827 04,5535.576333673835
56_20240827 05,5409.3031710808755
56_20240827 06,5439.808987692062
56_20240827 07,5520.593919766003
56_20240827 08,5578.9661814979045
56_20240827 09,5628.153588514224
56_20240827 10,5650.611361360981
56_20240827 11,5678.284761672411
56_20240827 12,5726.817832372161
56_20240827 13,5759.17357289907
56_20240827 14,5769.8143027692895
56_20240827 15,5772.072227113771
56_20240827 16,5783.137399787023
56_20240827 17,5748.689097211196
56_20240827 18,5688.307964764908
56_20240827 19,5565.588657155391
56_20240827 20,5542.092002585269
56_20240827 21,5491.5705303129935
56_20240827 22,5464.877393930117
56_20240827 23,5426.6639743415835
56_20240828 00,5426.691179050439
56_20240828 01,5475.936270677723
56_20240828 02,5478.788056031437
56_20240828 03,5473.241655691531
56_20240828 04,5471.1428764062985
56_20240828 05,5343.027059820286
56_20240828 06,5356.422301557117
56_20240828 07,5469.45205782366
56_20240828 08,5557.905362661513
56_20240828 09,5638.996942525309
56_20240828 10,5705.637305246359
56_20240828 11,5794.171389398105
56_20240828 12,5865.057103122438
56_20240828 13,5888.270495751303
56_20240828 14,5920.784831232826
56_20240828 15,5924.726197088777
56_20240828 16,5880.306192045584
56_20240828 17,5822.683274590116
56_20240828 18,5749.2776637420375
56_20240828 19,5628.337258317182
56_20240828 20,5591.857331311844
56_20240828 21,5574.2084847782935
56_20240828 22,5529.916644350493
56_20240828 23,5460.353210525233
56_20240829 00,5465.245204565204
56_20240829 01,5474.938604186825
56_20240829 02,5472.162725446872
56_20240829 03,5460.9189317144355
56_20240829 04,5459.397774530743
56_20240829 05,5367.626061780558
56_20240829 06,5396.459020111519
56_20240829 07,5466.952910532189
56_20240829 08,5552.345692083054
56_20240829 09,5631.885292472298
56_20240829 10,5683.47082441233
56_20240829 11,5735.220373166189
56_20240829 12,5816.825544625173
56_20240829 13,5842.739340479007
56_20240829 14,5902.635783794438
56_20240829 15,5902.091356648889
56_20240829 16,5905.218878646223
56_20240829 17,5844.202695847988
56_20240829 18,5719.167357415143
56_20240829 19,5626.925482286666
56_20240829 20,5589.797471575562
56_20240829 21,5538.764162049714
56_20240829 22,5503.95921728282
56_20240829 23,5473.38871321067
56_20240830 00,5467.52255919381
56_20240830 01,5473.32881457666
56_20240830 02,5458.235347763635
56_20240830 03,5461.719004484152
56_20240830 04,5434.1276565706985
56_20240830 05,5368.81630480748
56_20240830 06,5398.79814880277
56_20240830 07,5461.4619427867465
56_20240830 08,5528.4286818960245
56_20240830 09,5634.955227842078
56_20240830 10,5677.57793559316
56_20240830 11,5792.082507562976
56_20240830 12,5828.767799424035
56_20240830 13,5861.272889315779
56_20240830 14,5906.5254277206095
56_20240830 15,5901.332054327986
56_20240830 16,5835.003162549611
56_20240830 17,5779.451924118926
56_20240830 18,5720.07429573386
56_20240830 19,5629.215667619072
56_20240830 20,5574.917550756158
56_20240830 21,5523.717201780689
56_20240830 22,5489.677048056724
56_20240830 23,5468.000964894709
56_20240831 00,5441.027330847701
56_20240831 01,5432.581885883528
56_20240831 02,5412.77324713708
56_20240831 03,5410.109876930061
56_20240831 04,5415.17861160922
56_20240831 05,5344.378308723617
56_20240831 06,5369.821878796091
56_20240831 07,5415.142689267977
56_20240831 08,5504.865982191793
56_20240831 09,5557.681590965491
56_20240831 10,5617.9904651608895
56_20240831 11,5641.347195487401
56_20240831 12,5702.673130079509
56_20240831 13,5705.75557010054
56_20240831 14,5725.7760751016995
56_20240831 15,5737.416043104817
56_20240831 16,5728.373875171978
56_20240831 17,5696.806995854382
56_20240831 18,5670.207494592639
56_20240831 19,5572.563317047835
56_20240831 20,5542.64258055523
56_20240831 21,5499.479778466322
56_20240831 22,5477.77325219088
56_20240831 23,5461.637604418663
57_20240825 00,20457.89495763102
57_20240825 01,20267.135544449065
57_20240825 02,20272.677151796328
57_20240825 03,20136.239381555715
57_20240825 04,19803.87589093911
57_20240825 05,19575.121476436354
57_20240825 06,18816.241666813763
57_20240825 07,18113.844768009272
57_20240825 08,16292.786868245179
57_20240825 09,16577.163113890907
57_20240825 10,17185.38221799829
57_20240825 11,17275.521593070083
57_20240825 12,17320.49011655604
57_20240825 13,17328.65935695332
57_20240825 14,17339.310938737028
57_20240825 15,17354.672959447875
57_20240825 16,17420.3921418728
57_20240825 17,17387.60292339383
57_20240825 18,17416.646710506695
57_20240825 19,17316.19024109486
57_20240825 20,16862.70512436482
57_20240825 21,16791.199606563845
57_20240825 22,19122.69376285033
57_20240825 23,20445.398926069265
57_20240826 00,20422.788181907734
57_20240826 01,20239.132723759987
57_20240826 02,20210.964428870226
57_20240826 03,20053.973675770103
57_20240826 04,19814.732827002947
57_20240826 05,19597.951607766223
57_20240826 06,18710.57636349564
57_20240826 07,18082.158549354746
57_20240826 08,16370.110553367907
57_20240826 09,16605.59265821737
57_20240826 10,17171.323262199017
57_20240826 11,17234.332218579606
57_20240826 12,17311.00499953478
57_20240826 13,17267.985930775394
57_20240826 14,17299.26874816203
57_20240826 15,17322.78102493601
57_20240826 16,17361.963820642428
57_20240826 17,17333.490228872535
57_20240826 18,17350.194387848926
57_20240826 19,17220.840909208022
57_20240826 20,16809.04947369578
57_20240826 21,16815.138524731447
57_20240826 22,19073.236369184502
57_20240826 23,20397.822130294124
57_20240827 00,20393.50745545323
57_20240827 01,20202.34526715534
57_20240827 02,20141.120913180144
57_20240827 03,19958.405760351012
57_20240827 04,19707.698957892135
57_20240827 05,19425.19527828429
57_20240827 06,18603.366432763374
57_20240827 07,17971.487402539264
57_20240827 08,16253.557447587224
57_20240827 09,16517.959348385004
57_20240827 10,17041.609973181483
57_20240827 11,17034.9187780074
57_20240827 12,17049.22018429385
57_20240827 13,17038.822987250573
57_20240827 14,17061.810518422204
57_20240827 15,17099.99387620468
57_20240827 16,17157.15903833026
57_20240827 17,17145.242486010524
57_20240827 18,17139.297820997184
57_20240827 19,16910.872006173602
57_20240827 20,16592.291613955822
57_20240827 21,16651.332436983634
57_20240827 22,18885.80537639498
57_20240827 23,20185.781025285127
57_20240828 00,20195.64525860473
57_20240828 01,19974.61474714704
57_20240828 02,19926.939934826347
57_20240828 03,19840.178243545415
57_20240828 04,19484.290159580993
57_20240828 05,19265.247616366934
57_20240828 06,18558.17962381622
57_20240828 07,18116.288245123465
57_20240828 08,16337.529489787328
57_20240828 09,16538.448552078924
57_20240828 10,16891.55055033281
57_20240828 11,17090.781073497772
57_20240828 12,17144.2078567795
57_20240828 13,17130.7914240213
57_20240828 14,17155.894555721785
57_20240828 15,17172.97879287054
57_20240828 16,17217.54985752961
57_20240828 17,17190.28591860302
57_20240828 18,17168.290706863485
57_20240828 19,16997.564779708246
57_20240828 20,16631.69870568974
57_20240828 21,16644.382871598213
57_20240828 22,18879.52221596981
57_20240828 23,20209.29370722249
57_20240829 00,20271.909641023492
57_20240829 01,20068.02860663932
57_20240829 02,19948.73507353216
57_20240829 03,19809.396820904818
57_20240829 04,19559.547231007382
57_20240829 05,19245.75306232156
57_20240829 06,19059.618460777518
57_20240829 07,18134.947505855118
57_20240829 08,16248.523412384973
57_20240829 09,16555.124083067138
57_20240829 10,17039.402500790933
57_20240829 11,17104.39032128162
57_20240829 12,17092.749379415753
57_20240829 13,17076.985153883852
57_20240829 14,17119.174586832116
57_20240829 15,17066.77020511116
57_20240829 16,17067.598316979736
57_20240829 17,17031.423190597525
57_20240829 18,16960.875394126902
57_20240829 19,16863.373001093416
57_20240829 20,16607.098561612598
57_20240829 21,16654.174356136802
57_20240829 22,18756.876696844447
57_20240829 23,20133.223640818753
57_20240830 00,20143.794050238634
57_20240830 01,19932.34430931054
57_20240830 02,19807.234815227017
57_20240830 03,19718.230835759285
57_20240830 04,19424.51578071605
57_20240830 05,19191.398601278852
57_20240830 06,18412.116120381084
57_20240830 07,17913.892427432966
57_20240830 08,16171.029396911603
57_20240830 09,16391.366129397928
57_20240830 10,16938.304096917593
57_20240830 11,17050.309268663375
57_20240830 12,17079.57505135431
57_20240830 13,17069.474474899696
57_20240830 14,17057.778979355317
57_20240830 15,17071.68677048728
57_20240830 16,17046.450519088467
57_20240830 17,17055.6850096094
57_20240830 18,17058.611717979446
57_20240830 19,16950.39282766261
57_20240830 20,16645.01963150296
57_20240830 21,16674.081707977093
57_20240830 22,18719.547820418844
57_20240830 23,20021.974885982825
57_20240831 00,20137.634111484676
57_20240831 01,19806.13905010814
57_20240831 02,19743.022674429354
57_20240831 03,19645.355488176407
57_20240831 04,19307.630715275252
57_20240831 05,19048.09975394164
57_20240831 06,18328.12818493755
57_20240831 07,17905.91167492859
57_20240831 08,16273.424714380448
57_20240831 09,16425.09376380194
57_20240831 10,16878.414560213314
57_20240831 11,16935.875092795075
57_20240831 12,16966.09913327029
57_20240831 13,16980.385728950103
57_20240831 14,16969.02129527617
57_20240831 15,17036.751139980315
57_20240831 16,17083.75983336348
57_20240831 17,17028.25585677511
57_20240831 18,17045.31511708439
57_20240831 19,16890.279353742648
57_20240831 20,16536.520139212276
57_20240831 21,16561.352917119024
57_20240831 22,18748.525087293154
57_20240831 23,20102.301828962634
58_20240825 00,1056.2722477310622
58_20240825 01,931.5593954112583
58_20240825 02,827.8300439453483
58_20240825 03,712.5550767262969
58_20240825 04,685.9099962555833
58_20240825 05,692.2220667274099
58_20240825 06,814.5883480471427
58_20240825 07,1309.6948972925134
58_20240825 08,1803.6169163589589
58_20240825 09,2115.471040890022
58_20240825 10,2422.4167446624433
58_20240825 11,2584.084278439547
58_20240825 12,2721.403059566752
58_20240825 13,2739.8536744063904
58_20240825 14,2794.9477419383484
58_20240825 15,2779.6551703397213
58_20240825 16,2748.1586561085232
58_20240825 17,2736.6044378932293
58_20240825 18,2618.326777148135
58_20240825 19,2441.326472184329
58_20240825 20,2202.2342734864437
58_20240825 21,1760.4279349598833
58_20240825 22,1333.89652079986
58_20240825 23,1161.9915883972656
58_20240826 00,1039.9357277472777
58_20240826 01,882.534863552317
58_20240826 02,774.4565118882639
58_20240826 03,688.8985665588535
58_20240826 04,672.7745655870593
58_20240826 05,682.3184577056229
58_20240826 06,805.7387449188242
58_20240826 07,1232.901711314601
58_20240826 08,1826.2540082869564
58_20240826 09,2181.844245256454
58_20240826 10,2517.804108774835
58_20240826 11,2592.0999944202126
58_20240826 12,2701.610374738973
58_20240826 13,2746.2509704597405
58_20240826 14,2739.265372837532
58_20240826 15,2709.5438355517845
58_20240826 16,2650.1832342511093
58_20240826 17,2628.363038352721
58_20240826 18,2463.854124672902
58_20240826 19,2237.913127827096
58_20240826 20,2012.1608778184946
58_20240826 21,1644.328367713022
58_20240826 22,1241.2130612402907
58_20240826 23,1105.4964025178422
58_20240827 00,986.2564936315766
58_20240827 01,847.5182288592907
58_20240827 02,753.9534911701617
58_20240827 03,685.0383180529658
58_20240827 04,666.2433639845995
58_20240827 05,672.9064893026742
58_20240827 06,778.8641979128009
58_20240827 07,1239.2779075107792
58_20240827 08,1743.4901223624684
58_20240827 09,2072.8523232711027
58_20240827 10,2390.0301205409382
58_20240827 11,2492.690298496731
58_20240827 12,2614.532193777704
58_20240827 13,2636.9813438339943
58_20240827 14,2688.4562279832885
58_20240827 15,2658.735016405398
58_20240827 16,2541.6303752568847
58_20240827 17,2528.0057896012577
58_20240827 18,2430.9402242855394
58_20240827 19,2287.272903946863
58_20240827 20,2009.6518114943813
58_20240827 21,1628.5347056910232
58_20240827 22,1229.129763188534
58_20240827 23,1087.1093133555414
58_20240828 00,992.416210811373
58_20240828 01,860.0557256479713
58_20240828 02,770.9425152823688
58_20240828 03,687.9832300181375
58_20240828 04,661.7832425075371
58_20240828 05,673.1861247783493
58_20240828 06,782.0399446838532
58_20240828 07,1137.1198825398321
58_20240828 08,1708.008441238081
58_20240828 09,2114.5907148546935
58_20240828 10,2445.8061046011608
58_20240828 11,2563.4485056040658
58_20240828 12,2670.4622870993385
58_20240828 13,2686.2117983992025
58_20240828 14,2677.3912645585388
58_20240828 15,2672.474658707001
58_20240828 16,2639.174268269704
58_20240828 17,2565.0977375791617
58_20240828 18,2456.8799532474604
58_20240828 19,2203.694346097728
58_20240828 20,1999.65681108736
58_20240828 21,1655.2100468130693
58_20240828 22,1260.8237104065072
58_20240828 23,1093.9397958574818
58_20240829 00,1008.5403723791186
58_20240829 01,863.1331642612761
58_20240829 02,763.6272121366699
58_20240829 03,691.5238231270848
58_20240829 04,670.2519282619548
58_20240829 05,681.7344176529974
58_20240829 06,787.4472228208856
58_20240829 07,1164.592876590741
58_20240829 08,1795.904525738974
58_20240829 09,2128.778729136495
58_20240829 10,2433.719658605912
58_20240829 11,2546.6182770002692
58_20240829 12,2643.885394295672
58_20240829 13,2678.6822487025242
58_20240829 14,2664.5459134615166
58_20240829 15,2667.6630112103
58_20240829 16,2631.9471924081527
58_20240829 17,2575.3779032780003
58_20240829 18,2446.5528759202407
58_20240829 19,2270.2726759573666
58_20240829 20,2030.8078468234037
58_20240829 21,1652.446026732586
58_20240829 22,1245.1048700566676
58_20240829 23,1078.4326599178632
58_20240830 00,994.0832380597793
58_20240830 01,842.718056523116
58_20240830 02,748.2178477767594
58_20240830 03,676.3830457376231
58_20240830 04,664.421937875943
58_20240830 05,674.8701163009102
58_20240830 06,783.91515595861
58_20240830 07,1159.4280075799632
58_20240830 08,1734.7822320578675
58_20240830 09,2110.178749698419
58_20240830 10,2469.772499637856
58_20240830 11,2573.4600962149607
58_20240830 12,2607.276770192225
58_20240830 13,2638.6671851969586
58_20240830 14,2621.1534509222997
58_20240830 15,2645.8389717176315
58_20240830 16,2605.5137477289845
58_20240830 17,2569.2694763985883
58_20240830 18,2433.2056898163623
58_20240830 19,2249.6202749173344
58_20240830 20,2080.526085933823
58_20240830 21,1692.7761919798565
58_20240830 22,1280.61667280918
58_20240830 23,1116.0267771788158
58_20240831 00,1023.7055035727847
58_20240831 01,887.4989925890179
58_20240831 02,769.2628437491366
58_20240831 03,694.4840398583835
58_20240831 04,677.9335183012962
58_20240831 05,680.7723691762377
58_20240831 06,781.4752314301851
58_20240831 07,1102.664902976888
58_20240831 08,1652.9347849828364
58_20240831 09,2021.9560089840538
58_20240831 10,2321.5126241731637
58_20240831 11,2447.0240169458557
58_20240831 12,2518.5802045420487
58_20240831 13,2584.9294378926706
58_20240831 14,2649.5787699347766
58_20240831 15,2646.297970339795
58_20240831 16,2599.096576557941
58_20240831 17,2602.683835329336
58_20240831 18,2422.024547076382
58_20240831 19,2251.5980621271783
58_20240831 20,2090.773930441068
58_20240831 21,1689.0094724665469
58_20240831 22,1284.6869420223043
58_20240831 23,1122.308925678353
59_20240825 00,454.8096595416454
59_20240825 01,431.1627271710416
59_20240825 02,442.2782029566861
59_20240825 03,443.1421763313138
59_20240825 04,441.9919741309369
59_20240825 05,428.0751001036639
59_20240825 06,489.0960380351304
59_20240825 07,521.6505246177434
59_20240825 08,556.7506457296126
59_20240825 09,555.1597213217648
59_20240825 10,637.7225604016712
59_20240825 11,620.9809747730437
59_20240825 12,594.080628520598
59_20240825 13,586.6161016862416
59_20240825 14,596.9657168317341
59_20240825 15,594.0947334910837
59_20240825 16,609.4598033409138
59_20240825 17,593.952503548131
59_20240825 18,569.2722045799769
59_20240825 19,564.3091961852953
59_20240825 20,558.2097739635553
59_20240825 21,545.7349866902479
59_20240825 22,532.7623399247054
59_20240825 23,511.37374984630816
59_20240826 00,451.0725688255496
59_20240826 01,426.4817764365166
59_20240826 02,437.42454883594166
59_20240826 03,435.11357479633944
59_20240826 04,434.26316433530104
59_20240826 05,429.9696757074214
59_20240826 06,564.0587008207893
59_20240826 07,716.0437450944075
59_20240826 08,1080.3925403331198
59_20240826 09,1326.942571655182
59_20240826 10,1658.6013992897342
59_20240826 11,1718.9276930943722
59_20240826 12,1717.5718140530366
59_20240826 13,1706.551610639951
59_20240826 14,1709.3059216838578
59_20240826 15,1688.3975439836975
59_20240826 16,1661.4522281233142
59_20240826 17,1637.4704786445197
59_20240826 18,1628.7814572748123
59_20240826 19,1568.4055007266477
59_20240826 20,1453.3153415815084
59_20240826 21,1194.7806139108848
59_20240826 22,975.5373926833092
59_20240826 23,686.1888797609545
59_20240827 00,448.97902998825424
59_20240827 01,422.7887748280382
59_20240827 02,434.996470876022
59_20240827 03,432.86938967913096
59_20240827 04,429.71090389393237
59_20240827 05,425.4285374840912
59_20240827 06,538.8168038553571
59_20240827 07,676.806213443065
59_20240827 08,973.8285452127049
59_20240827 09,1198.608040133281
59_20240827 10,1529.8173611244233
59_20240827 11,1572.8221558046448
59_20240827 12,1567.1479928487747
59_20240827 13,1607.9468281302097
59_20240827 14,1607.2482149654707
59_20240827 15,1608.709435907043
59_20240827 16,1577.5238946723957
59_20240827 17,1574.7901281072864
59_20240827 18,1544.6455523081547
59_20240827 19,1504.1005512995662
59_20240827 20,1413.2534136693291
59_20240827 21,1147.9315998669267
59_20240827 22,943.7862543329761
59_20240827 23,664.9917231695474
59_20240828 00,441.98737502922916
59_20240828 01,420.2694400927691
59_20240828 02,432.8935953665049
59_20240828 03,431.5434927915303
59_20240828 04,432.0187651394418
59_20240828 05,427.91503845305135
59_20240828 06,531.5669021061194
59_20240828 07,669.5462390294742
59_20240828 08,966.3380239216247
59_20240828 09,1202.6812006515122
59_20240828 10,1548.823372921875
59_20240828 11,1629.2186352311492
59_20240828 12,1637.9038502111143
59_20240828 13,1651.381208540247
59_20240828 14,1666.302502482124
59_20240828 15,1645.6829055525232
59_20240828 16,1614.418056850296
59_20240828 17,1611.126665286591
59_20240828 18,1590.1658129102577
59_20240828 19,1548.0424516785304
59_20240828 20,1434.9931281843596
59_20240828 21,1169.7148007738642
59_20240828 22,953.7997503117492
59_20240828 23,674.6223240788236
59_20240829 00,470.135698016636
59_20240829 01,431.2401895442681
59_20240829 02,442.02176025543497
59_20240829 03,438.6585718996828
59_20240829 04,437.2006900787915
59_20240829 05,434.0407827210351
59_20240829 06,531.0442762460516
59_20240829 07,684.4524318848331
59_20240829 08,974.2827702783429
59_20240829 09,1203.982008525386
59_20240829 10,1517.4631167142468
59_20240829 11,1639.9247658492877
59_20240829 12,1639.4013083003756
59_20240829 13,1640.5517750000217
59_20240829 14,1651.6032424922923
59_20240829 15,1644.694689346019
59_20240829 16,1630.3273234730486
59_20240829 17,1600.6785299440144
59_20240829 18,1584.985382826089
59_20240829 19,1543.6482918945649
59_20240829 20,1450.0545447837903
59_20240829 21,1151.1892845961625
59_20240829 22,956.9187930733909
59_20240829 23,650.9790234116721
59_20240830 00,446.698710981511
59_20240830 01,427.13085066791916
59_20240830 02,437.33460813024953
59_20240830 03,439.37244523834147
59_20240830 04,435.41452958353995
59_20240830 05,430.0464580594758
59_20240830 06,531.2944087194521
59_20240830 07,689.9876699082037
59_20240830 08,963.1698808936146
59_20240830 09,1204.0454820510145
59_20240830 10,1537.582754292726
59_20240830 11,1631.753492299567
59_20240830 12,1644.3281898266775
59_20240830 13,1619.4815154067387
59_20240830 14,1636.1710254229492
59_20240830 15,1626.3908051740636
59_20240830 16,1601.9041205329977
59_20240830 17,1577.183394598255
59_20240830 18,1567.5144517444198
59_20240830 19,1508.2495816741657
59_20240830 20,1442.158701344444
59_20240830 21,1182.6530820376274
59_20240830 22,967.3780883497125
59_20240830 23,668.5099493501473
59_20240831 00,442.3423038739729
59_20240831 01,416.90105163776946
59_20240831 02,430.17770716698146
59_20240831 03,429.5171054178061
59_20240831 04,426.3847111706051
59_20240831 05,421.4478775376193
59_20240831 06,528.3182327325732
59_20240831 07,671.3927139275248
59_20240831 08,957.8395639346656
59_20240831 09,1203.0582879372812
59_20240831 10,1542.014851767015
59_20240831 11,1659.4362188778837
59_20240831 12,1702.0297482716983
59_20240831 13,1725.3447364631834
59_20240831 14,1756.090237999941
59_20240831 15,1762.8595574731044
59_20240831 16,1740.8672387648223
59_20240831 17,1715.772853755749
59_20240831 18,1713.5811445487607
59_20240831 19,1669.7226884716174
59_20240831 20,1564.321815533498
59_20240831 21,1269.331431451105
59_20240831 22,1021.324362332007
59_20240831 23,688.358146793945
60_20240825 00,3331.4520921249436
60_20240825 01,3182.93335187517
60_20240825 02,3123.8199726339344
60_20240825 03,3105.6160258880495
60_20240825 04,3099.2192510525138
60_20240825 05,3042.7636405679523
60_20240825 06,3027.877417431368
60_20240825 07,3285.876063866547
60_20240825 08,3600.149836915153
60_20240825 09,3723.265120585328
60_20240825 10,3853.1353864874804
60_20240825 11,4001.256591917516
60_20240825 12,4027.961111714597
60_20240825 13,4068.0792957140666
60_20240825 14,4140.063191513869
60_20240825 15,4120.79628086287
60_20240825 16,4132.620270810246
60_20240825 17,4078.255708241877
60_20240825 18,3987.039022899136
60_20240825 19,3847.992175203757
60_20240825 20,3818.4710729119724
60_20240825 21,3681.2069927784523
60_20240825 22,3516.3535792393313
60_20240825 23,3370.7151831219185
60_20240826 00,3337.238085290096
60_20240826 01,3196.4511253570963
60_20240826 02,3161.3292432020153
60_20240826 03,3131.130171714045
60_20240826 04,3099.5054810002025
60_20240826 05,3087.4780868895014
60_20240826 06,3118.305002095705
60_20240826 07,3446.3545132220966
60_20240826 08,4083.2795910915897
60_20240826 09,4787.132501184101
60_20240826 10,5218.602178989989
60_20240826 11,5352.756056897744
60_20240826 12,5427.624015850199
60_20240826 13,5425.551328251424
60_20240826 14,5466.631290654002
60_20240826 15,5475.887167490459
60_20240826 16,5369.7022968818455
60_20240826 17,5097.109139136583
60_20240826 18,4678.523109168493
60_20240826 19,4378.180148584451
60_20240826 20,4278.061291288295
60_20240826 21,4030.4449909920863
60_20240826 22,3701.1683007715083
60_20240826 23,3477.1167490123144
60_20240827 00,3347.3261600533096
60_20240827 01,3223.898783291015
60_20240827 02,3183.2365790041827
60_20240827 03,3138.1539032416536
60_20240827 04,3117.036068137772
60_20240827 05,3071.9709906069443
60_20240827 06,3099.8370286815903
60_20240827 07,3428.6388249189094
60_20240827 08,3994.232895029038
60_20240827 09,4626.801126875513
60_20240827 10,4998.522902733634
60_20240827 11,5077.214976474007
60_20240827 12,5080.192598945741
60_20240827 13,5113.589998427029
60_20240827 14,5201.345542500081
60_20240827 15,5270.486958516576
60_20240827 16,5174.960579443363
60_20240827 17,4936.382849786514
60_20240827 18,4578.796690180505
60_20240827 19,4281.051131194403
60_20240827 20,4225.761519528277
60_20240827 21,3902.3689778362987
60_20240827 22,3632.876514808484
60_20240827 23,3492.4820308278613
60_20240828 00,3276.360810562331
60_20240828 01,3161.262401952124
60_20240828 02,3134.8389927660724
60_20240828 03,3080.4037170152687
60_20240828 04,3048.0888481028896
60_20240828 05,3015.061625123899
60_20240828 06,3037.6384569655997
60_20240828 07,3299.6185408685888
60_20240828 08,3982.8237509115916
60_20240828 09,4617.775338543161
60_20240828 10,5095.163486974489
60_20240828 11,5286.021001082768
60_20240828 12,5335.65308278658
60_20240828 13,5422.52972681688
60_20240828 14,5439.175080441337
60_20240828 15,5506.240280950473
60_20240828 16,5396.042589972749
60_20240828 17,5079.606581048205
60_20240828 18,4671.981474133627
60_20240828 19,4361.978765620361
60_20240828 20,4286.652745038451
60_20240828 21,3992.165159450014
60_20240828 22,3669.9517648012516
60_20240828 23,3486.6197524996523
60_20240829 00,3305.1339265028582
60_20240829 01,3144.3069271244267
60_20240829 02,3114.495748883586
60_20240829 03,3090.820459012103
60_20240829 04,3042.506278264732
60_20240829 05,2990.8084125735068
60_20240829 06,2997.3072241711557
60_20240829 07,3244.2933937998855
60_20240829 08,3945.8686442049857
60_20240829 09,4558.705082460119
60_20240829 10,5005.066966061377
60_20240829 11,5172.025701636947
60_20240829 12,5261.96370517687
60_20240829 13,5317.661735551516
60_20240829 14,5367.21475693474
60_20240829 15,5365.985798372312
60_20240829 16,5279.479958724234
60_20240829 17,4954.526252002366
60_20240829 18,4551.310492927422
60_20240829 19,4276.6741076679755
60_20240829 20,4185.933030103754
60_20240829 21,3924.7729823859167
60_20240829 22,3596.645622036595
60_20240829 23,3394.279884413825
60_20240830 00,3299.398409341409
60_20240830 01,3127.1027507980207
60_20240830 02,3069.8419339494308
60_20240830 03,3042.523465158625
60_20240830 04,3035.737310987708
60_20240830 05,2973.828999384129
60_20240830 06,2975.645661331338
60_20240830 07,3230.3420341789215
60_20240830 08,3980.7722108265325
60_20240830 09,4618.723816039375
60_20240830 10,5143.667638962466
60_20240830 11,5266.425297068041
60_20240830 12,5335.083555531794
60_20240830 13,5321.792232139389
60_20240830 14,5355.557048953304
60_20240830 15,5370.090036990748
60_20240830 16,5268.2715916202105
60_20240830 17,4859.043340017026
60_20240830 18,4447.238075320924
60_20240830 19,4166.558725014898
60_20240830 20,4048.544621711494
60_20240830 21,3756.3085996034165
60_20240830 22,3500.892011723233
60_20240830 23,3290.4352616067085
60_20240831 00,3198.1159844993263
60_20240831 01,3114.7910430216452
60_20240831 02,3017.354704314752
60_20240831 03,3001.791601251769
60_20240831 04,2978.425256894945
60_20240831 05,2946.9888593983715
60_20240831 06,2922.5234227666842
60_20240831 07,3119.288296610099
60_20240831 08,3423.5046628810796
60_20240831 09,3649.823009900278
60_20240831 10,3761.5720889423783
60_20240831 11,3947.2492576318637
60_20240831 12,4042.317176919984
60_20240831 13,4094.3746478968183
60_20240831 14,4147.15626322972
60_20240831 15,4188.5938018389015
60_20240831 16,4126.0423389624775
60_20240831 17,4098.2653188243385
60_20240831 18,3937.8086188454845
60_20240831 19,3671.2585614794298
60_20240831 20,3657.0676305780335
60_20240831 21,3544.265219096741
60_20240831 22,3318.4869508785664
60_20240831 23,3214.978692252943
61_20240825 00,1081.8997479975396
61_20240825 01,1047.224325289174
61_20240825 02,1047.2073270628769
61_20240825 03,1038.484239118793
61_20240825 04,1016.0929137630776
61_20240825 05,1027.2583591020823
61_20240825 06,1053.6912720221585
61_20240825 07,1195.6643462869156
61_20240825 08,1804.9347864380543
61_20240825 09,3315.2514755635475
61_20240825 10,3533.1304992304795
61_20240825 11,3628.1621369791465
61_20240825 12,3634.7536363776753
61_20240825 13,3602.420192274868
61_20240825 14,3657.075809153968
61_20240825 15,3719.9746318994066
61_20240825 16,3694.1969979624732
61_20240825 17,3704.4831930109112
61_20240825 18,3322.751798403607
61_20240825 19,2203.221263689286
61_20240825 20,1465.9760322696723
61_20240825 21,1147.7424973081381
61_20240825 22,1025.9170259582565
61_20240825 23,1037.3728277617345
61_20240826 00,1059.8215278631599
61_20240826 01,1044.516199523908
61_20240826 02,1044.2124236472787
61_20240826 03,1034.195646184437
61_20240826 04,1004.7572107262733
61_20240826 05,990.1404271791631
61_20240826 06,1036.9736866956416
61_20240826 07,1146.3111605016154
61_20240826 08,1589.17226629694
61_20240826 09,2987.622158635097
61_20240826 10,3284.332409674582
61_20240826 11,3324.5103426496216
61_20240826 12,3331.03008517445
61_20240826 13,3327.7840511013455
61_20240826 14,3345.241320612649
61_20240826 15,3405.800766593703
61_20240826 16,3342.4254589649827
61_20240826 17,3282.6208774798447
61_20240826 18,2980.5224182086213
61_20240826 19,1887.197975092863
61_20240826 20,1336.2591426143472
61_20240826 21,1063.5573064400767
61_20240826 22,1040.7991810437143
61_20240826 23,1039.5278667135342
61_20240827 00,1018.9601311835635
61_20240827 01,991.5111373295731
61_20240827 02,986.4037677686443
61_20240827 03,985.7728765334771
61_20240827 04,972.3458679534606
61_20240827 05,969.2276654903224
61_20240827 06,988.1746729145893
61_20240827 07,1122.2478289956234
61_20240827 08,1661.2073369015031
61_20240827 09,2943.107422640773
61_20240827 10,3182.52348272683
61_20240827 11,3244.0169215923324
61_20240827 12,3221.615307612103
61_20240827 13,3185.112034649729
61_20240827 14,3199.9420911931857
61_20240827 15,3229.4098940658396
61_20240827 16,3194.002510047212
61_20240827 17,3004.6757595804156
61_20240827 18,2594.2488683594456
61_20240827 19,1699.2362070312718
61_20240827 20,1308.5842085186987
61_20240827 21,1026.229880724265
61_20240827 22,1025.3278192040611
61_20240827 23,1040.1933728055549
61_20240828 00,1021.7788094492921
61_20240828 01,982.7455469732397
61_20240828 02,961.7947800889897
61_20240828 03,952.2390389482903
61_20240828 04,929.2382391982842
61_20240828 05,930.4653618965626
61_20240828 06,969.853558189319
61_20240828 07,1085.243655617871
61_20240828 08,1539.928777361691
61_20240828 09,2785.3035770111564
61_20240828 10,3162.8426666020287
61_20240828 11,3193.245405716514
61_20240828 12,3186.987811140354
61_20240828 13,3201.5137122419364
61_20240828 14,3168.731355891213
61_20240828 15,3232.6006160780107
61_20240828 16,3205.2817845721515
61_20240828 17,3110.325227503485
61_20240828 18,2796.946622490214
61_20240828 19,1723.2430560951493
61_20240828 20,1258.3527147389864
61_20240828 21,1026.8931861661438
61_20240828 22,1011.8269547960206
61_20240828 23,1024.5391553235686
61_20240829 00,1000.8943056954431
61_20240829 01,991.2792633027362
61_20240829 02,969.0891553218819
61_20240829 03,952.5022155869397
61_20240829 04,939.7999068949375
61_20240829 05,947.1397473399311
61_20240829 06,975.0316286418463
61_20240829 07,1114.7252665654132
61_20240829 08,1600.306397990144
61_20240829 09,2899.444599508469
61_20240829 10,3182.324039290041
61_20240829 11,3212.3575262012337
61_20240829 12,3215.7337658859597
61_20240829 13,3201.1878575811247
61_20240829 14,3211.356022845125
61_20240829 15,3238.8346424637075
61_20240829 16,3252.8201871022516
61_20240829 17,3166.865005409434
61_20240829 18,2813.2342825496557
61_20240829 19,1866.0168802324129
61_20240829 20,1238.260298129225
61_20240829 21,1050.9178070545274
61_20240829 22,1039.4378682722045
61_20240829 23,1031.0376656455082
61_20240830 00,1027.9308436914348
61_20240830 01,985.4550258415657
61_20240830 02,981.4906801528797
61_20240830 03,972.017881253351
61_20240830 04,951.068433467568
61_20240830 05,942.5820811688973
61_20240830 06,979.0269774698254
61_20240830 07,1103.1279724204414
61_20240830 08,1523.7064083479108
61_20240830 09,2817.200646104864
61_20240830 10,3176.065893685948
61_20240830 11,3177.139373579949
61_20240830 12,3209.5175488263485
61_20240830 13,3174.896749316941
61_20240830 14,3164.006679011134
61_20240830 15,3224.100537321455
61_20240830 16,3229.138315676074
61_20240830 17,3241.5330192508563
61_20240830 18,2951.489793523816
61_20240830 19,1987.408367344757
61_20240830 20,1350.616026806456
61_20240830 21,1096.0911844916732
61_20240830 22,1053.814473951863
61_20240830 23,1067.0669616356627
61_20240831 00,1023.1619191933947
61_20240831 01,1004.5940149413096
61_20240831 02,993.0740002954583
61_20240831 03,981.0346361107337
61_20240831 04,967.2011237725166
61_20240831 05,957.3024811592611
61_20240831 06,972.9580183472317
61_20240831 07,1121.1122723156677
61_20240831 08,1792.0504396069846
61_20240831 09,3066.295797112866
61_20240831 10,3399.9869230619315
61_20240831 11,3427.2054573341857
61_20240831 12,3456.183401247971
61_20240831 13,3448.4077943574084
61_20240831 14,3491.096281758874
61_20240831 15,3547.4138577578715
61_20240831 16,3609.2525958731476
61_20240831 17,3538.640884823817
61_20240831 18,3191.3000297844337
61_20240831 19,2129.7227808860375
61_20240831 20,1666.0528802603988
61_20240831 21,1271.001331744791
61_20240831 22,1094.120832158358
61_20240831 23,1059.7024738080345
62_20240825 00,1571.661760965209
62_20240825 01,1565.3168386085003
62_20240825 02,1548.9630505060095
62_20240825 03,1537.283990894989
62_20240825 04,1535.1529673651783
62_20240825 05,1541.4710438759312
62_20240825 06,1533.6590183694036
62_20240825 07,1548.163105494392
62_20240825 08,1598.0348267892405
62_20240825 09,1647.2377682906445
62_20240825 10,1700.7469318173326
62_20240825 11,1729.4937408993903
62_20240825 12,1730.5914402087396
62_20240825 13,1748.0731675689158
62_20240825 14,1764.413897942982
62_20240825 15,1772.357649315993
62_20240825 16,1785.3321972388126
62_20240825 17,1772.1334349138042
62_20240825 18,1754.320663498755
62_20240825 19,1692.7738814661761
62_20240825 20,1668.9310315565244
62_20240825 21,1634.145312782409
62_20240825 22,1609.0204468696288
62_20240825 23,1584.1815996577734
62_20240826 00,1602.8157198425808
62_20240826 01,1590.1559516567568
62_20240826 02,1576.0553906360706
62_20240826 03,1568.8815292244499
62_20240826 04,1562.3578339875887
62_20240826 05,1561.230386838653
62_20240826 06,1635.360114106631
62_20240826 07,1999.700527186093
62_20240826 08,2182.0344680400394
62_20240826 09,2300.7168079931716
62_20240826 10,2389.799704685065
62_20240826 11,2421.020315615093
62_20240826 12,2446.143040069656
62_20240826 13,2430.7073404430307
62_20240826 14,2457.6679795573455
62_20240826 15,2571.8158787781294
62_20240826 16,2541.706924152195
62_20240826 17,2461.334724190399
62_20240826 18,2262.3466376258893
62_20240826 19,1950.0002274348728
62_20240826 20,1850.905340220589
62_20240826 21,1793.04002906932
62_20240826 22,1743.1061625975933
62_20240826 23,1683.4816559704593
62_20240827 00,1634.8742073901285
62_20240827 01,1619.6110907478715
62_20240827 02,1600.8954129313101
62_20240827 03,1589.449099737367
62_20240827 04,1580.5197671889332
62_20240827 05,1585.603395367033
62_20240827 06,1656.0634809159646
62_20240827 07,2012.0927400847727
62_20240827 08,2173.512608200931
62_20240827 09,2281.195026113506
62_20240827 10,2386.5348756309013
62_20240827 11,2372.961300013624
62_20240827 12,2368.39332550323
62_20240827 13,2366.6598724195064
62_20240827 14,2396.0817850044414
62_20240827 15,2352.8453326934205
62_20240827 16,2344.7412082444343
62_20240827 17,2263.988744644835
62_20240827 18,2089.247587363612
62_20240827 19,1861.4206497219038
62_20240827 20,1797.769174784294
62_20240827 21,1717.102748825092
62_20240827 22,1676.1283391016805
62_20240827 23,1634.0418833548015
62_20240828 00,1593.1997797282581
62_20240828 01,1574.398744570497
62_20240828 02,1550.465952619546
62_20240828 03,1549.0064689679486
62_20240828 04,1542.5152439741444
62_20240828 05,1538.4040867554081
62_20240828 06,1602.000287075209
62_20240828 07,1917.0441426683146
62_20240828 08,2110.8027189035856
62_20240828 09,2216.235335489704
62_20240828 10,2326.5568043466365
62_20240828 11,2397.796709618816
62_20240828 12,2335.8325890654783
62_20240828 13,2368.9145528151016
62_20240828 14,2410.5731626369793
62_20240828 15,2416.0419352720314
62_20240828 16,2397.005345005402
62_20240828 17,2297.0810560315813
62_20240828 18,2117.1780818792186
62_20240828 19,1840.4257611009402
62_20240828 20,1756.0916916968458
62_20240828 21,1688.3849784665033
62_20240828 22,1662.0875322973511
62_20240828 23,1614.786640173947
62_20240829 00,1573.8674198681747
62_20240829 01,1559.260972751436
62_20240829 02,1547.669933264451
62_20240829 03,1544.923633887307
62_20240829 04,1526.3719847502753
62_20240829 05,1531.9582370321018
62_20240829 06,1587.2052877566393
62_20240829 07,1932.3138478375727
62_20240829 08,2099.1795170409896
62_20240829 09,2254.6707523902815
62_20240829 10,2429.727530133542
62_20240829 11,2450.536956797696
62_20240829 12,2419.264564926986
62_20240829 13,2445.0801373252343
62_20240829 14,2498.1359705707237
62_20240829 15,2471.925934722299
62_20240829 16,2422.523016998313
62_20240829 17,2363.5315197793257
62_20240829 18,2149.6876544686843
62_20240829 19,1837.7921899123758
62_20240829 20,1762.6485514600124
62_20240829 21,1705.411528939824
62_20240829 22,1662.9627757233834
62_20240829 23,1618.0540900199708
62_20240830 00,1571.9171860480808
62_20240830 01,1559.3029477084901
62_20240830 02,1551.3206128169174
62_20240830 03,1543.2086293280536
62_20240830 04,1533.3325560815683
62_20240830 05,1532.9101968547884
62_20240830 06,1590.2230125657936
62_20240830 07,1891.9118994261955
62_20240830 08,2090.0420018647205
62_20240830 09,2247.7395300584967
62_20240830 10,2387.1463163938215
62_20240830 11,2410.2527399086357
62_20240830 12,2360.2671525677088
62_20240830 13,2374.098831857532
62_20240830 14,2407.2687460427596
62_20240830 15,2363.957545655774
62_20240830 16,2366.6534469433755
62_20240830 17,2249.9211290672915
62_20240830 18,2029.4095585098387
62_20240830 19,1782.5008467130815
62_20240830 20,1691.4488497481157
62_20240830 21,1652.4034415800847
62_20240830 22,1624.3931610398513
62_20240830 23,1590.338574894912
62_20240831 00,1540.1691584229816
62_20240831 01,1537.7174121578903
62_20240831 02,1521.3863850748162
62_20240831 03,1515.0345379284806
62_20240831 04,1505.24810822889
62_20240831 05,1500.0537469446367
62_20240831 06,1493.7463670376496
62_20240831 07,1528.194996264091
62_20240831 08,1583.850230667632
62_20240831 09,1639.1385041927233
62_20240831 10,1697.9101477930426
62_20240831 11,1728.7898076407387
62_20240831 12,1718.481056662154
62_20240831 13,1709.7697024917572
62_20240831 14,1741.5645051899153
62_20240831 15,1735.0290033602432
62_20240831 16,1724.3624762613003
62_20240831 17,1722.8164066951044
62_20240831 18,1676.9288908710316
62_20240831 19,1640.0338134427966
62_20240831 20,1611.1191401124693
62_20240831 21,1573.4833936457626
62_20240831 22,1550.8125219872236
62_20240831 23,1525.482291278778
63_20240825 00,660.8062805988768
63_20240825 01,614.5885899189564
63_20240825 02,580.2176110045943
63_20240825 03,560.4452619604502
63_20240825 04,582.7558364876165
63_20240825 05,552.5454586290202
63_20240825 06,605.5520647350306
63_20240825 07,662.8406981255437
63_20240825 08,675.3236050434627
63_20240825 09,761.7766749391442
63_20240825 10,831.5108424719995
63_20240825 11,813.6045627874727
63_20240825 12,851.1272700002455
63_20240825 13,802.7816749823376
63_20240825 14,786.6549716987835
63_20240825 15,704.8203325521138
63_20240825 16,711.6627178114172
63_20240825 17,654.0963131290493
63_20240825 18,640.394759837064
63_20240825 19,618.2391948503812
63_20240825 20,624.8405896867366
63_20240825 21,612.1973228608128
63_20240825 22,596.4318874547547
63_20240825 23,575.946976052554
63_20240826 00,647.979020387822
63_20240826 01,591.7246463698575
63_20240826 02,564.1650443796855
63_20240826 03,549.9680723187837
63_20240826 04,599.2328400635621
63_20240826 05,640.1926359625351
63_20240826 06,823.2349029540825
63_20240826 07,1161.4734599110627
63_20240826 08,1319.6726304269062
63_20240826 09,1600.8618762633491
63_20240826 10,1875.3370525646744
63_20240826 11,1898.7068158962811
63_20240826 12,1945.4117066695242
63_20240826 13,1943.7165078991263
63_20240826 14,1961.5019449277202
63_20240826 15,1932.4978417968548
63_20240826 16,1916.5087530159326
63_20240826 17,1886.5933592581223
63_20240826 18,1903.063787391071
63_20240826 19,1808.3651664864224
63_20240826 20,1763.3899938972581
63_20240826 21,1607.6325827936848
63_20240826 22,1163.4395061715875
63_20240826 23,849.2305908534408
63_20240827 00,653.1766854505822
63_20240827 01,601.0338132847606
63_20240827 02,568.4488974851885
63_20240827 03,567.4274144751855
63_20240827 04,603.9928069124758
63_20240827 05,633.001598408461
63_20240827 06,794.9960009936854
63_20240827 07,1145.864863958961
63_20240827 08,1266.784518573951
63_20240827 09,1527.4680632339469
63_20240827 10,1827.0910593733734
63_20240827 11,1826.0063248203692
63_20240827 12,1859.1166544241896
63_20240827 13,1865.9250170547841
63_20240827 14,1872.3548961199463
63_20240827 15,1888.1095471298445
63_20240827 16,1887.0824192554842
63_20240827 17,1871.0336507856744
63_20240827 18,1883.755275043071
63_20240827 19,1795.4262720500894
63_20240827 20,1742.6846774749222
63_20240827 21,1547.73155213148
63_20240827 22,1156.8688127187966
63_20240827 23,841.1793245178714
63_20240828 00,634.5121702175475
63_20240828 01,576.5927588489456
63_20240828 02,531.6385339726869
63_20240828 03,526.0464270661154
63_20240828 04,579.3251469702686
63_20240828 05,620.5658359012351
63_20240828 06,788.3435428406478
63_20240828 07,1088.677702906036
63_20240828 08,1257.891767190474
63_20240828 09,1512.6442870298615
63_20240828 10,1840.2669520105244
63_20240828 11,1847.3647549071468
63_20240828 12,1893.8269771219493
63_20240828 13,1896.1620539708929
63_20240828 14,1929.8097581251734
63_20240828 15,1922.1866512644715
63_20240828 16,1919.3838487031444
63_20240828 17,1867.8392865908868
63_20240828 18,1879.5016265641
63_20240828 19,1807.3250983175906
63_20240828 20,1765.2367057701108
63_20240828 21,1620.6129723749755
63_20240828 22,1162.3854491077268
63_20240828 23,849.9077809801527
63_20240829 00,639.6459218269824
63_20240829 01,572.4078795410885
63_20240829 02,531.0460352178438
63_20240829 03,521.7874745874336
63_20240829 04,586.3914382115827
63_20240829 05,619.4417109481806
63_20240829 06,783.1145900479883
63_20240829 07,1117.4202782938437
63_20240829 08,1290.6253783945158
63_20240829 09,1518.3240167992271
63_20240829 10,1823.7214316571544
63_20240829 11,1866.234716256338
63_20240829 12,1904.4609611544865
63_20240829 13,1923.3227922983892
63_20240829 14,1949.3647510713206
63_20240829 15,1916.6970081528705
63_20240829 16,1918.9527627734878
63_20240829 17,1886.4348440891704
63_20240829 18,1908.3878854994387
63_20240829 19,1834.53111579998
63_20240829 20,1760.938832448934
63_20240829 21,1585.5024705660603
63_20240829 22,1159.6347293378817
63_20240829 23,843.3731931517109
63_20240830 00,642.092939627125
63_20240830 01,576.2740158989022
63_20240830 02,540.7838609964977
63_20240830 03,528.6848497322026
63_20240830 04,584.6798789904124
63_20240830 05,626.1165248787295
63_20240830 06,785.4382090064306
63_20240830 07,1131.6461551911775
63_20240830 08,1292.790352905307
63_20240830 09,1565.9322334991389
63_20240830 10,1870.808153469267
63_20240830 11,1868.4890066278108
63_20240830 12,1929.9004164563817
63_20240830 13,1932.464753511968
63_20240830 14,1957.2652034505734
63_20240830 15,1933.2741779716143
63_20240830 16,1919.264531940426
63_20240830 17,1882.5184935830796
63_20240830 18,1893.488360142182
63_20240830 19,1833.7440864936889
63_20240830 20,1753.5156329100946
63_20240830 21,1570.9657805248378
63_20240830 22,1181.2993133614273
63_20240830 23,871.1220873287027
63_20240831 00,643.7306843180484
63_20240831 01,579.4181812040242
63_20240831 02,532.8339784084562
63_20240831 03,528.8545259908875
63_20240831 04,584.7798088054421
63_20240831 05,638.2200642719795
63_20240831 06,791.4173624737622
63_20240831 07,1077.8707881461705
63_20240831 08,1263.0443002153538
63_20240831 09,1519.5045648241098
63_20240831 10,1839.185620130069
63_20240831 11,1885.184606738473
63_20240831 12,1942.337295788307
63_20240831 13,1959.9694483014382
63_20240831 14,1999.0690276590258
63_20240831 15,1979.4603436252105
63_20240831 16,1977.40412270715
63_20240831 17,1931.1790318843427
63_20240831 18,1927.7390042181378
63_20240831 19,1838.5676799750074
63_20240831 20,1776.664020804115
63_20240831 21,1582.771118594656
63_20240831 22,1192.7223819980359
63_20240831 23,845.3704749311562
64_20240825 00,10898.779973114624
64_20240825 01,10950.460584251356
64_20240825 02,10943.545608726825
64_20240825 03,10931.48450071413
64_20240825 04,10910.786885223806
64_20240825 05,10839.3047295311
64_20240825 06,10782.735080097333
64_20240825 07,10766.461118669615
64_20240825 08,10731.643301974622
64_20240825 09,10721.646010615863
64_20240825 10,10743.019182427299
64_20240825 11,10672.657655031519
64_20240825 12,10614.054773793472
64_20240825 13,10598.845083067668
64_20240825 14,10632.71876890676
64_20240825 15,10765.466874180385
64_20240825 16,10759.640744810615
64_20240825 17,10749.865123370311
64_20240825 18,10770.318283722027
64_20240825 19,10715.038710701183
64_20240825 20,10724.560671079638
64_20240825 21,10716.535189828322
64_20240825 22,10719.35935741966
64_20240825 23,10719.2652689777
64_20240826 00,10712.473235420348
64_20240826 01,10732.086858973067
64_20240826 02,10726.578290901234
64_20240826 03,10706.307983968123
64_20240826 04,10704.865515932754
64_20240826 05,10699.027023027524
64_20240826 06,10703.313572443481
64_20240826 07,10702.072678161192
64_20240826 08,10696.23457081661
64_20240826 09,11162.016218437482
64_20240826 10,11480.275783406665
64_20240826 11,11466.14998323774
64_20240826 12,10984.072218050434
64_20240826 13,11048.15809540731
64_20240826 14,11333.007905445498
64_20240826 15,11780.625494803655
64_20240826 16,11866.495165728666
64_20240826 17,11598.477490813802
64_20240826 18,11312.920563663843
64_20240826 19,11254.263858786035
64_20240826 20,11106.308017491121
64_20240826 21,11075.200866142095
64_20240826 22,11072.30927663266
64_20240826 23,10997.294470180797
64_20240827 00,10944.220368512862
64_20240827 01,10905.818622795701
64_20240827 02,10908.785267582349
64_20240827 03,10910.580819805195
64_20240827 04,10897.325930281582
64_20240827 05,10883.944919704294
64_20240827 06,10864.610978969162
64_20240827 07,10857.884523762266
64_20240827 08,10872.912907108372
64_20240827 09,11359.020275652601
64_20240827 10,11744.655638923803
64_20240827 11,11560.114152669466
64_20240827 12,11199.268513530778
64_20240827 13,10925.187997294499
64_20240827 14,11379.007755473034
64_20240827 15,11671.771558892007
64_20240827 16,11675.589449641724
64_20240827 17,11671.811338760921
64_20240827 18,11286.00918627443
64_20240827 19,11150.613157240807
64_20240827 20,11185.629831223046
64_20240827 21,11100.171815731366
64_20240827 22,11077.297747087385
64_20240827 23,11067.643557078794
64_20240828 00,11081.395128890512
64_20240828 01,11061.872100369084
64_20240828 02,11013.533597841475
64_20240828 03,10994.157329325357
64_20240828 04,10943.596326941144
64_20240828 05,10929.669886544745
64_20240828 06,10920.852695013908
64_20240828 07,10917.065015678385
64_20240828 08,10881.241854013697
64_20240828 09,11296.066114643452
64_20240828 10,11694.060658043956
64_20240828 11,11596.90526203206
64_20240828 12,11126.154109101917
64_20240828 13,11028.455904318878
64_20240828 14,11630.721447783957
64_20240828 15,11871.387220769739
64_20240828 16,11916.153359231517
64_20240828 17,11890.363122177077
64_20240828 18,11317.375455207602
64_20240828 19,11091.204595308945
64_20240828 20,11127.680621766274
64_20240828 21,11155.20785174853
64_20240828 22,11112.545638669726
64_20240828 23,10999.386622033106
64_20240829 00,11070.854654125651
64_20240829 01,11046.293719500049
64_20240829 02,11012.523592573007
64_20240829 03,10938.1828141597
64_20240829 04,10927.885203813488
64_20240829 05,10920.526064919062
64_20240829 06,10919.86071607339
64_20240829 07,10937.135170430953
64_20240829 08,10921.737462136985
64_20240829 09,11472.584409257504
64_20240829 10,11674.070109867984
64_20240829 11,11552.644085607646
64_20240829 12,11066.370029702306
64_20240829 13,11077.75098598272
64_20240829 14,11697.754584933766
64_20240829 15,11613.759554355129
64_20240829 16,11601.988942311182
64_20240829 17,11667.132261457664
64_20240829 18,11253.414665685406
64_20240829 19,11023.998089615754
64_20240829 20,11023.943250825712
64_20240829 21,11021.518635952281
64_20240829 22,11005.459190829453
64_20240829 23,10998.634440462642
64_20240830 00,10985.17236180036
64_20240830 01,10938.894706644722
64_20240830 02,10888.058407500821
64_20240830 03,10852.704610462224
64_20240830 04,10850.48147233939
64_20240830 05,10829.768704559221
64_20240830 06,10831.813086964608
64_20240830 07,10755.677179760583
64_20240830 08,10806.02385525493
64_20240830 09,11256.242839938544
64_20240830 10,11606.220384199285
64_20240830 11,11570.780169067662
64_20240830 12,11275.465466974723
64_20240830 13,11232.105161904141
64_20240830 14,11375.451519495891
64_20240830 15,11765.472777942283
64_20240830 16,11877.014694668975
64_20240830 17,11696.533868439132
64_20240830 18,11599.470495184914
64_20240830 19,11288.289898251533
64_20240830 20,11063.030967190774
64_20240830 21,11035.744790245406
64_20240830 22,11003.054672930008
64_20240830 23,11003.413882609835
64_20240831 00,10890.965679829904
64_20240831 01,10893.800013118658
64_20240831 02,10868.432631335943
64_20240831 03,10855.438189720855
64_20240831 04,10866.362239672007
64_20240831 05,10868.123933104464
64_20240831 06,10857.962306749056
64_20240831 07,10784.23743351379
64_20240831 08,10756.330043850076
64_20240831 09,10947.926150586401
64_20240831 10,11036.254848454137
64_20240831 11,10959.235107219454
64_20240831 12,10823.302110130588
64_20240831 13,10697.512180693391
64_20240831 14,10628.062517360882
64_20240831 15,10684.83301741345
64_20240831 16,10735.616728696185
64_20240831 17,10780.395188545648
64_20240831 18,10793.410781075027
64_20240831 19,10761.213409050379
64_20240831 20,10790.09170343661
64_20240831 21,10751.174011027695
64_20240831 22,10735.850947109268
64_20240831 23,10735.206103708131
65_20240825 00,36.243298723234574
65_20240825 01,29.19422876657381
65_20240825 02,24.308231929185414
65_20240825 03,22.48249253646189
65_20240825 04,21.3440755809004
65_20240825 05,18.854667532050904
65_20240825 06,20.205480395046628
65_20240825 07,25.603497726942393
65_20240825 08,34.70644397401001
65_20240825 09,50.04613064995843
65_20240825 10,56.11888902933307
65_20240825 11,54.76640900040201
65_20240825 12,50.861430900494256
65_20240825 13,44.7922858085447
65_20240825 14,40.71172305138659
65_20240825 15,36.864253415182404
65_20240825 16,37.28982652356924
65_20240825 17,41.43784598541061
65_20240825 18,45.299265932178535
65_20240825 19,50.77989673607645
65_20240825 20,60.54843030562989
65_20240825 21,61.25732310219793
65_20240825 22,59.278090139307395
65_20240825 23,46.0518722268886
65_20240826 00,35.013011110663626
65_20240826 01,27.42007061563266
65_20240826 02,23.39079245756479
65_20240826 03,21.61395208236275
65_20240826 04,21.111962056350063
65_20240826 05,19.669728455105336
65_20240826 06,29.159083050853766
65_20240826 07,57.40706685002941
65_20240826 08,53.35360999759263
65_20240826 09,39.91239797378949
65_20240826 10,36.74336810906688
65_20240826 11,33.19131544407732
65_20240826 12,31.313616049681613
65_20240826 13,32.04163269195262
65_20240826 14,30.157771417410856
65_20240826 15,28.74176916979684
65_20240826 16,29.149224246483058
65_20240826 17,33.25813211259888
65_20240826 18,38.73137633006997
65_20240826 19,46.31751544228819
65_20240826 20,57.886490613361985
65_20240826 21,60.66860973030556
65_20240826 22,58.42048508755293
65_20240826 23,48.01526063946296
65_20240827 00,34.91206252183941
65_20240827 01,27.265001862727555
65_20240827 02,23.426749771837127
65_20240827 03,21.44732743220521
65_20240827 04,20.850020854462123
65_20240827 05,19.231479571055754
65_20240827 06,27.24739331679427
65_20240827 07,54.378806003393734
65_20240827 08,49.612348777405515
65_20240827 09,37.39896395145213
65_20240827 10,34.79055048820115
65_20240827 11,31.309576530469066
65_20240827 12,30.265732959895708
65_20240827 13,30.129693959493842
65_20240827 14,27.38834022519347
65_20240827 15,27.166285208671855
65_20240827 16,27.952046451992206
65_20240827 17,31.82034009891427
65_20240827 18,37.97331877837087
65_20240827 19,46.76261930983995
65_20240827 20,58.30035202755575
65_20240827 21,60.972936145214774
65_20240827 22,58.51654505130004
65_20240827 23,50.24376884467741
65_20240828 00,35.82916050327714
65_20240828 01,27.396295916249972
65_20240828 02,23.38283802105424
65_20240828 03,22.142583330038264
65_20240828 04,20.79400226071349
65_20240828 05,19.451055292419884
65_20240828 06,27.519487701069725
65_20240828 07,54.69248251540459
65_20240828 08,51.727213248158044
65_20240828 09,38.421744232748246
65_20240828 10,34.24349590631389
65_20240828 11,30.888212181128477
65_20240828 12,29.930984230015714
65_20240828 13,28.713135549830376
65_20240828 14,27.866950058439826
65_20240828 15,27.268362157313295
65_20240828 16,28.493355622488927
65_20240828 17,31.62831639966463
65_20240828 18,37.702271399988845
65_20240828 19,45.76320116413814
65_20240828 20,55.59161581466439
65_20240828 21,59.489286947370275
65_20240828 22,58.4403753570739
65_20240828 23,47.18835158159873
65_20240829 00,35.852063272066275
65_20240829 01,27.45070684123513
65_20240829 02,23.50551028846895
65_20240829 03,21.405223811974352
65_20240829 04,20.999268243372082
65_20240829 05,19.16679320720668
65_20240829 06,26.50801720024372
65_20240829 07,51.586613313106724
65_20240829 08,48.971843449652226
65_20240829 09,39.952014039095616
65_20240829 10,35.71231870331484
65_20240829 11,33.00392515588618
65_20240829 12,30.247191757933955
65_20240829 13,30.162457052202804
65_20240829 14,28.552971825230262
65_20240829 15,27.973223315744434
65_20240829 16,28.21906499315063
65_20240829 17,32.49626752741671
65_20240829 18,38.11545113833901
65_20240829 19,44.71963886374333
65_20240829 20,55.5887869105716
65_20240829 21,58.845201686662094
65_20240829 22,58.13414187030586
65_20240829 23,48.05902457159239
65_20240830 00,35.11539111190455
65_20240830 01,27.36002527138574
65_20240830 02,23.362259742431693
65_20240830 03,21.23750418292909
65_20240830 04,21.0553240931558
65_20240830 05,19.285960241718413
65_20240830 06,26.999504297858024
65_20240830 07,54.19923517035833
65_20240830 08,51.07183843252156
65_20240830 09,39.69584651418849
65_20240830 10,35.31557348347749
65_20240830 11,32.31630580567084
65_20240830 12,30.615005474585786
65_20240830 13,30.083386937409024
65_20240830 14,29.03474474813875
65_20240830 15,27.884555490015053
65_20240830 16,28.88385600646283
65_20240830 17,31.535823433850382
65_20240830 18,37.001234232600694
65_20240830 19,42.2590707821968
65_20240830 20,50.48485170292774
65_20240830 21,53.00827197652521
65_20240830 22,52.90866129923962
65_20240830 23,46.156235126082024
65_20240831 00,37.332267981350896
65_20240831 01,29.263747280339246
65_20240831 02,24.165211488437716
65_20240831 03,22.73859945157845
65_20240831 04,21.596119889538162
65_20240831 05,19.26741939912633
65_20240831 06,21.528621918037338
65_20240831 07,29.425236267265042
65_20240831 08,42.91936664366558
65_20240831 09,54.285473833889974
65_20240831 10,56.40610418572918
65_20240831 11,50.242743562596935
65_20240831 12,42.8810402417307
65_20240831 13,40.033362378735696
65_20240831 14,37.501398774675586
65_20240831 15,33.47617017546928
65_20240831 16,34.05665862349564
65_20240831 17,34.84909715943013
65_20240831 18,38.3480146748206
65_20240831 19,41.288173185091075
65_20240831 20,47.47235015933923
65_20240831 21,50.41792158645598
65_20240831 22,50.25587580287626
65_20240831 23,44.64364681391733
66_20240825 00,1672.0866700617912
66_20240825 01,1615.2346010458105
66_20240825 02,1598.4264771562348
66_20240825 03,1600.3377118229657
66_20240825 04,1533.1053566662495
66_20240825 05,1543.7659629021969
66_20240825 06,1640.7505705886547
66_20240825 07,1671.738556722098
66_20240825 08,1762.8870566816845
66_20240825 09,2347.7778755558948
66_20240825 10,2417.639559553848
66_20240825 11,2380.624454528286
66_20240825 12,2390.1626040996225
66_20240825 13,2370.323461228765
66_20240825 14,2375.0700621176416
66_20240825 15,2406.935869733256
66_20240825 16,2482.8654409644396
66_20240825 17,2489.9815843255356
66_20240825 18,2199.8336909192403
66_20240825 19,1753.8285278915405
66_20240825 20,1773.6280699421452
66_20240825 21,1731.8451470787613
66_20240825 22,1672.829031462621
66_20240825 23,1632.043212477449
66_20240826 00,1617.6995744221308
66_20240826 01,1627.3490958986545
66_20240826 02,1607.6362720255368
66_20240826 03,1589.2876045712837
66_20240826 04,1569.655433489086
66_20240826 05,1620.0183537028208
66_20240826 06,1902.6271501259148
66_20240826 07,2590.2385936656246
66_20240826 08,2953.464356446767
66_20240826 09,3031.4620343436645
66_20240826 10,3005.460727821266
66_20240826 11,3018.6695687454667
66_20240826 12,3016.6713118959797
66_20240826 13,3121.5183248702383
66_20240826 14,3091.979890534286
66_20240826 15,3126.300936114633
66_20240826 16,3154.3379349173383
66_20240826 17,3157.047938916313
66_20240826 18,3141.0787473391997
66_20240826 19,2966.753586485983
66_20240826 20,2838.999695112846
66_20240826 21,2715.651237900791
66_20240826 22,2186.7906500797926
66_20240826 23,1715.388333767522
66_20240827 00,1641.7683049532916
66_20240827 01,1700.308233637354
66_20240827 02,1685.0491568550365
66_20240827 03,1711.5264305811893
66_20240827 04,1585.6324483488256
66_20240827 05,1698.4159330014504
66_20240827 06,1961.9497364379172
66_20240827 07,2568.6571405784043
66_20240827 08,2924.102197515608
66_20240827 09,3014.4459098285593
66_20240827 10,2997.483798733122
66_20240827 11,2977.2740445532086
66_20240827 12,2981.230347928262
66_20240827 13,3096.502246322466
66_20240827 14,3110.9887757077954
66_20240827 15,3103.424284295089
66_20240827 16,3106.2729326864237
66_20240827 17,3116.8616759090605
66_20240827 18,3109.5351524142093
66_20240827 19,2888.1393860777007
66_20240827 20,2773.814721184474
66_20240827 21,2628.9838844443193
66_20240827 22,2095.8618420742414
66_20240827 23,1712.093575910902
66_20240828 00,1630.1966470003929
66_20240828 01,1618.7005208426547
66_20240828 02,1599.6899774957906
66_20240828 03,1576.9193523597803
66_20240828 04,1531.2543243107455
66_20240828 05,1583.980980044435
66_20240828 06,1753.4357177418135
66_20240828 07,2388.5893562109536
66_20240828 08,2872.724972410154
66_20240828 09,2949.8437664835747
66_20240828 10,2952.199913932693
66_20240828 11,2977.7689869521687
66_20240828 12,2978.1362111244716
66_20240828 13,3055.0808194714555
66_20240828 14,3065.745744959493
66_20240828 15,3078.4807572812865
66_20240828 16,3107.984595543151
66_20240828 17,3103.8194845456846
66_20240828 18,3035.569747307016
66_20240828 19,2564.377813714574
66_20240828 20,2201.551385224564
66_20240828 21,2116.1685974937113
66_20240828 22,1914.5770968685692
66_20240828 23,1702.0661637443277
66_20240829 00,1614.9928139116382
66_20240829 01,1610.634240265712
66_20240829 02,1610.692933258397
66_20240829 03,1608.4748859557358
66_20240829 04,1524.508388091073
66_20240829 05,1562.7632444443084
66_20240829 06,1836.4207609811383
66_20240829 07,2502.2048014665074
66_20240829 08,2885.235503011239
66_20240829 09,2959.9848373372397
66_20240829 10,2945.035057641137
66_20240829 11,2959.665198338405
66_20240829 12,2946.115204846419
66_20240829 13,3072.339377286657
66_20240829 14,3077.5403768408587
66_20240829 15,3019.416260072443
66_20240829 16,3060.376590433982
66_20240829 17,3082.685782334402
66_20240829 18,3067.2776555074906
66_20240829 19,2875.296516496487
66_20240829 20,2743.557989516932
66_20240829 21,2573.286610524495
66_20240829 22,2089.88468849576
66_20240829 23,1670.522715793329
66_20240830 00,1623.2932448996926
66_20240830 01,1621.110481800382
66_20240830 02,1592.9470222049654
66_20240830 03,1602.1609802582395
66_20240830 04,1590.0235885679015
66_20240830 05,1594.2741807299
66_20240830 06,1811.0829440037094
66_20240830 07,2400.4398359355564
66_20240830 08,2822.2933071422995
66_20240830 09,2900.2455183854354
66_20240830 10,2868.9612786356133
66_20240830 11,2888.9104127109104
66_20240830 12,2890.9909101757185
66_20240830 13,2981.2965902569117
66_20240830 14,2982.7725901129797
66_20240830 15,2970.618670792686
66_20240830 16,2985.903861977826
66_20240830 17,3019.602754104215
66_20240830 18,2941.563902353145
66_20240830 19,2715.3734641893016
66_20240830 20,2556.408436562789
66_20240830 21,2424.5450221021074
66_20240830 22,1983.1314355509098
66_20240830 23,1609.5655615816772
66_20240831 00,1547.0721658965442
66_20240831 01,1547.4700587457814
66_20240831 02,1513.8983692928314
66_20240831 03,1499.8409577027521
66_20240831 04,1479.1803474075077
66_20240831 05,1492.962695879119
66_20240831 06,1532.9049776743611
66_20240831 07,1554.5935981535586
66_20240831 08,1600.7609612263614
66_20240831 09,2185.2319952844423
66_20240831 10,2270.7972117281515
66_20240831 11,2316.841010136396
66_20240831 12,2305.5020298655118
66_20240831 13,2332.9894227607056
66_20240831 14,2375.323976441966
66_20240831 15,2404.753956142551
66_20240831 16,2417.7418492568986
66_20240831 17,2456.105804284102
66_20240831 18,2068.558521960462
66_20240831 19,1690.0038279471587
66_20240831 20,1680.9858119126452
66_20240831 21,1653.9763060396476
66_20240831 22,1646.360509212987
66_20240831 23,1603.09338259047
67_20240825 00,10653.472663902454
67_20240825 01,10705.341816350916
67_20240825 02,10675.493228461302
67_20240825 03,10711.518550561232
67_20240825 04,10697.947231367536
67_20240825 05,10687.449542438932
67_20240825 06,10729.455446175245
67_20240825 07,10724.43186078753
67_20240825 08,10742.41515243975
67_20240825 09,10758.750987674819
67_20240825 10,10774.965177866572
67_20240825 11,10781.022300640985
67_20240825 12,10807.598067413199
67_20240825 13,10826.85846714321
67_20240825 14,10859.374627342619
67_20240825 15,10855.865470403696
67_20240825 16,10847.099657480048
67_20240825 17,10857.543737481745
67_20240825 18,10839.366657276656
67_20240825 19,10807.37740664053
67_20240825 20,10813.55370303774
67_20240825 21,10750.726570460323
67_20240825 22,10735.614263761763
67_20240825 23,10741.405973203031
67_20240826 00,10762.600023205972
67_20240826 01,10720.179525154253
67_20240826 02,10721.432319638508
67_20240826 03,10741.259960879195
67_20240826 04,10738.35154346699
67_20240826 05,10737.928405891522
67_20240826 06,11051.336793750314
67_20240826 07,11154.48107096812
67_20240826 08,11162.518233653022
67_20240826 09,11250.715895653633
67_20240826 10,11403.171763791193
67_20240826 11,11431.709162332329
67_20240826 12,11433.631148007758
67_20240826 13,11422.353500568937
67_20240826 14,11468.770864554814
67_20240826 15,11450.21508064574
67_20240826 16,11203.590765991808
67_20240826 17,11198.68731783647
67_20240826 18,11204.897342678487
67_20240826 19,11009.351382390765
67_20240826 20,10944.699595890237
67_20240826 21,10909.76865572375
67_20240826 22,10848.092083938274
67_20240826 23,10826.761977534457
67_20240827 00,10794.073779817089
67_20240827 01,10776.2726176383
67_20240827 02,10760.789812731164
67_20240827 03,10748.052884534474
67_20240827 04,10718.05420296515
67_20240827 05,10743.125360262675
67_20240827 06,11056.448338511664
67_20240827 07,11135.867301538514
67_20240827 08,11136.142446657192
67_20240827 09,11227.711440196528
67_20240827 10,11325.889604180284
67_20240827 11,11322.708004960692
67_20240827 12,11314.32433368559
67_20240827 13,11317.066873218377
67_20240827 14,11377.580610672983
67_20240827 15,11352.446157735973
67_20240827 16,11408.72035312371
67_20240827 17,11395.9523964307
67_20240827 18,11163.571695620987
67_20240827 19,11014.155816002369
67_20240827 20,10926.669007410153
67_20240827 21,10888.353383196425
67_20240827 22,10826.51586447237
67_20240827 23,10791.35351632064
67_20240828 00,10760.049471157658
67_20240828 01,10744.79668583719
67_20240828 02,10767.983619824237
67_20240828 03,10750.494045600131
67_20240828 04,10766.738189701717
67_20240828 05,10769.100227934501
67_20240828 06,11065.549050724338
67_20240828 07,11139.242532482232
67_20240828 08,11122.795489374499
67_20240828 09,11264.004613987821
67_20240828 10,11310.05503548622
67_20240828 11,11323.402768573158
67_20240828 12,11304.943583627206
67_20240828 13,11370.548023818343
67_20240828 14,11414.28328530827
67_20240828 15,11384.597171405672
67_20240828 16,11393.636178859208
67_20240828 17,11388.019507176698
67_20240828 18,11179.430576430994
67_20240828 19,10985.93988643603
67_20240828 20,10880.154702687247
67_20240828 21,10828.888912176551
67_20240828 22,10787.315278708396
67_20240828 23,10742.113098084108
67_20240829 00,10772.319193134826
67_20240829 01,10765.245956821524
67_20240829 02,10731.676057229055
67_20240829 03,10759.00145023111
67_20240829 04,10762.048921028136
67_20240829 05,10776.608919992903
67_20240829 06,11042.215345738896
67_20240829 07,11109.150172648597
67_20240829 08,11109.685616878052
67_20240829 09,11219.894220718845
67_20240829 10,11275.943083176491
67_20240829 11,11312.046745472373
67_20240829 12,11313.911237298496
67_20240829 13,11342.722837695641
67_20240829 14,11372.846195021371
67_20240829 15,11299.146673854557
67_20240829 16,11335.076363980947
67_20240829 17,11312.177451148473
67_20240829 18,11158.04477022756
67_20240829 19,10931.634520900774
67_20240829 20,10897.760253099947
67_20240829 21,10771.50960666101
67_20240829 22,10745.936064228328
67_20240829 23,10700.702401613735
67_20240830 00,10588.650679356371
67_20240830 01,10581.441936146868
67_20240830 02,10571.195948119079
67_20240830 03,10598.614886086547
67_20240830 04,10596.503320115777
67_20240830 05,10566.868540402871
67_20240830 06,10836.798768161712
67_20240830 07,10926.95655615627
67_20240830 08,10932.70629583021
67_20240830 09,11026.647574100942
67_20240830 10,11138.60345637121
67_20240830 11,11113.998926472093
67_20240830 12,11141.004291155725
67_20240830 13,11238.66362536365
67_20240830 14,11263.016245755529
67_20240830 15,11242.544572003799
67_20240830 16,11316.201804531345
67_20240830 17,11316.681297318137
67_20240830 18,10973.929360883263
67_20240830 19,10755.011859465778
67_20240830 20,10695.479233364067
67_20240830 21,10638.791101861734
67_20240830 22,10617.117383413168
67_20240830 23,10581.053916273446
67_20240831 00,10534.76561712397
67_20240831 01,10551.457630718825
67_20240831 02,10522.023972691977
67_20240831 03,10538.167851011201
67_20240831 04,10558.457362844478
67_20240831 05,10548.520397329172
67_20240831 06,10588.723300862497
67_20240831 07,10580.347215272996
67_20240831 08,10591.191661082026
67_20240831 09,10576.004641292351
67_20240831 10,10596.867368633484
67_20240831 11,10609.848465054232
67_20240831 12,10660.538649523392
67_20240831 13,10650.257020264147
67_20240831 14,10672.974526799146
67_20240831 15,10661.17784435423
67_20240831 16,10697.2854764025
67_20240831 17,10693.835602133087
67_20240831 18,10648.289510799972
67_20240831 19,10634.58215565054
67_20240831 20,10631.944269590245
67_20240831 21,10588.92920573037
67_20240831 22,10593.340278510825
67_20240831 23,10550.303237623306
68_20240825 00,2057.5074666937535
68_20240825 01,2084.920464158303
68_20240825 02,2023.4522375338647
68_20240825 03,1959.1318857230037
68_20240825 04,1845.3756335422459
68_20240825 05,1728.3792704899947
68_20240825 06,1676.2638861787796
68_20240825 07,1448.4738374318601
68_20240825 08,1455.3645166304061
68_20240825 09,1572.8736548755603
68_20240825 10,1634.1522905864235
68_20240825 11,1647.024638748174
68_20240825 12,1663.6958774892043
68_20240825 13,1674.0902102558348
68_20240825 14,1691.2277074380922
68_20240825 15,1690.59393297802
68_20240825 16,1685.0989724410501
68_20240825 17,1682.907251906148
68_20240825 18,1566.3671241611328
68_20240825 19,1460.720211913884
68_20240825 20,1505.2489531323943
68_20240825 21,1485.7114769910563
68_20240825 22,1800.0004205927726
68_20240825 23,1814.581705245896
68_20240826 00,1854.1456970565928
68_20240826 01,1897.605638924278
68_20240826 02,1853.6700574831902
68_20240826 03,1788.7171468729948
68_20240826 04,1703.820504792942
68_20240826 05,1653.0403369132555
68_20240826 06,1693.143445231104
68_20240826 07,2048.7065282637827
68_20240826 08,2683.013011830748
68_20240826 09,3085.1186960740624
68_20240826 10,3306.214572379024
68_20240826 11,3485.2010499335856
68_20240826 12,3445.7338054684296
68_20240826 13,3535.6951678578257
68_20240826 14,3542.702236818718
68_20240826 15,3538.283458104434
68_20240826 16,3527.9711391307255
68_20240826 17,3391.5466136337154
68_20240826 18,2444.113179047946
68_20240826 19,1937.86921560729
68_20240826 20,1787.699379835866
68_20240826 21,1746.6136236969062
68_20240826 22,2100.242691622561
68_20240826 23,2308.685361746343
68_20240827 00,2221.0181678224544
68_20240827 01,2285.2248281796456
68_20240827 02,2254.1239726015965
68_20240827 03,2267.477694270089
68_20240827 04,2239.76722986548
68_20240827 05,2245.2391795473413
68_20240827 06,2267.8137326982105
68_20240827 07,2123.551075610745
68_20240827 08,2698.587223039749
68_20240827 09,3052.895805438952
68_20240827 10,3219.853292711503
68_20240827 11,3330.77614380515
68_20240827 12,3279.181111686775
68_20240827 13,3375.910403657974
68_20240827 14,3533.0917462172383
68_20240827 15,3434.415464518898
68_20240827 16,3366.4611938873095
68_20240827 17,3166.1220026864094
68_20240827 18,2405.3740817410926
68_20240827 19,2053.4291036404347
68_20240827 20,1855.136592444629
68_20240827 21,1764.2135526199345
68_20240827 22,1961.2629937493464
68_20240827 23,2133.845723556315
68_20240828 00,2135.944417483969
68_20240828 01,2160.553379996171
68_20240828 02,2114.8611223950074
68_20240828 03,2150.5686550368428
68_20240828 04,2100.230670810359
68_20240828 05,2087.989722061484
68_20240828 06,2160.9311523472534
68_20240828 07,2125.7246299167555
68_20240828 08,2483.7042235350573
68_20240828 09,2984.9802665701427
68_20240828 10,3184.207469868239
68_20240828 11,3310.5494726522193
68_20240828 12,3372.2388862171333
68_20240828 13,3353.777834554494
68_20240828 14,3385.545502437712
68_20240828 15,3452.557140203824
68_20240828 16,3429.0434637644266
68_20240828 17,3163.0680957387303
68_20240828 18,2342.812815417543
68_20240828 19,1811.7934427762416
68_20240828 20,1764.3874636482678
68_20240828 21,1707.421360334176
68_20240828 22,1996.7770818657773
68_20240828 23,2184.486753891713
68_20240829 00,2132.9416942220746
68_20240829 01,2149.7385924004857
68_20240829 02,2052.418559506953
68_20240829 03,2053.39413705178
68_20240829 04,2007.6936075539406
68_20240829 05,2032.699598576657
68_20240829 06,2026.6337309885457
68_20240829 07,2020.586880221828
68_20240829 08,2423.8067976416996
68_20240829 09,2938.0097348309155
68_20240829 10,3144.0186821845364
68_20240829 11,3320.729320482891
68_20240829 12,3399.057746144652
68_20240829 13,3490.3193090581603
68_20240829 14,3475.4821249379356
68_20240829 15,3480.2795197868168
68_20240829 16,3468.5026396431795
68_20240829 17,3059.559858563687
68_20240829 18,2284.03682172551
68_20240829 19,1729.8634264054108
68_20240829 20,1586.7848203753297
68_20240829 21,1516.9781074212503
68_20240829 22,2003.600620903193
68_20240829 23,2113.5607918798387
68_20240830 00,2053.8292756887877
68_20240830 01,2039.1547195788598
68_20240830 02,1903.5689216320056
68_20240830 03,1799.8190042935055
68_20240830 04,1710.222332104114
68_20240830 05,1715.9701038910123
68_20240830 06,1921.6266351662143
68_20240830 07,1972.6452965001022
68_20240830 08,2499.7837241799325
68_20240830 09,2901.282901970346
68_20240830 10,3114.7951175113394
68_20240830 11,3324.9501661198806
68_20240830 12,3335.436457179042
68_20240830 13,3411.0605342346234
68_20240830 14,3428.075828747294
68_20240830 15,3412.5629839723265
68_20240830 16,3401.489531948783
68_20240830 17,3197.1815943366755
68_20240830 18,2236.134646777328
68_20240830 19,1746.67622245673
68_20240830 20,1642.2830675773023
68_20240830 21,1502.1111174759594
68_20240830 22,1802.5377025444648
68_20240830 23,2019.0405858467177
68_20240831 00,2024.5949550609562
68_20240831 01,2090.060121255923
68_20240831 02,1960.7946899205238
68_20240831 03,1922.207435526575
68_20240831 04,1867.880196017791
68_20240831 05,1830.526204744724
68_20240831 06,1712.4993280911874
68_20240831 07,1700.7106983821905
68_20240831 08,1470.3801263517512
68_20240831 09,1531.197908797893
68_20240831 10,1578.8128770042044
68_20240831 11,1574.2071082182592
68_20240831 12,1579.2327093492534
68_20240831 13,1598.80337209147
68_20240831 14,1612.6066836046643
68_20240831 15,1638.0964633423932
68_20240831 16,1631.5003599320237
68_20240831 17,1606.4242384057513
68_20240831 18,1473.7547439938494
68_20240831 19,1392.1695705683765
68_20240831 20,1394.7349368485475
68_20240831 21,1383.8739377887437
68_20240831 22,1773.9551947180487
68_20240831 23,1971.9564141941844
69_20240825 00,7575.586250377913
69_20240825 01,7524.132424181834
69_20240825 02,7513.555866531249
69_20240825 03,7514.407495569671
69_20240825 04,7485.963497507671
69_20240825 05,7525.101536659719
69_20240825 06,7458.610763479994
69_20240825 07,7440.3844971129165
69_20240825 08,7418.555040098961
69_20240825 09,7519.443025808767
69_20240825 10,7601.0003378329875
69_20240825 11,7663.564651605504
69_20240825 12,7856.564835637381
69_20240825 13,7867.914302239855
69_20240825 14,7886.7305482637075
69_20240825 15,7963.346410938051
69_20240825 16,8007.120287069369
69_20240825 17,8062.855589170523
69_20240825 18,8047.152153802392
69_20240825 19,7967.104823791645
69_20240825 20,7896.123661701424
69_20240825 21,7874.814376211689
69_20240825 22,7759.708910044192
69_20240825 23,7630.5931945535585
69_20240826 00,7661.706925985606
69_20240826 01,7655.232453459147
69_20240826 02,7586.62222485848
69_20240826 03,7591.00232613152
69_20240826 04,7553.028944008849
69_20240826 05,7603.122573111989
69_20240826 06,8427.815593368032
69_20240826 07,9452.118734240987
69_20240826 08,9870.29716379954
69_20240826 09,10130.007454973755
69_20240826 10,10126.343479980718
69_20240826 11,10107.07778808704
69_20240826 12,10134.064259638117
69_20240826 13,10096.628788466638
69_20240826 14,10111.910925123786
69_20240826 15,10105.879201875057
69_20240826 16,10175.435055512527
69_20240826 17,10102.293745716954
69_20240826 18,9708.014446216941
69_20240826 19,9245.477424346358
69_20240826 20,8848.088885571411
69_20240826 21,8414.275623101292
69_20240826 22,7981.824217655643
69_20240826 23,7694.902107797034
69_20240827 00,7709.723707450379
69_20240827 01,7602.563281047567
69_20240827 02,7570.83745899969
69_20240827 03,7534.616325622433
69_20240827 04,7493.397320892803
69_20240827 05,7524.903018518814
69_20240827 06,8315.3107678572
69_20240827 07,9306.278410133371
69_20240827 08,9764.03811025761
69_20240827 09,9927.700046440921
69_20240827 10,9957.55329229805
69_20240827 11,9924.17401026699
69_20240827 12,9940.913714192267
69_20240827 13,9942.101225975635
69_20240827 14,9956.206367558902
69_20240827 15,9981.077486628816
69_20240827 16,9915.634096864705
69_20240827 17,9948.770650152153
69_20240827 18,9412.039175865044
69_20240827 19,8864.928191127656
69_20240827 20,8579.566373859154
69_20240827 21,8154.766091849673
69_20240827 22,7630.877043692951
69_20240827 23,7340.67386604722
69_20240828 00,7227.822065599582
69_20240828 01,7001.310554078329
69_20240828 02,6951.205552726025
69_20240828 03,6931.2627717704
69_20240828 04,6907.96763114968
69_20240828 05,6846.939773970811
69_20240828 06,7587.88312503687
69_20240828 07,8534.13465319685
69_20240828 08,9037.469553793384
69_20240828 09,9649.758510154214
69_20240828 10,9841.596153915174
69_20240828 11,9934.54846860565
69_20240828 12,9976.174689248337
69_20240828 13,9998.039030984883
69_20240828 14,9954.587932194536
69_20240828 15,10003.987982835664
69_20240828 16,10017.098732331358
69_20240828 17,10083.693636448592
69_20240828 18,9519.605075643707
69_20240828 19,8860.675537298608
69_20240828 20,8512.993776346459
69_20240828 21,8000.342052024722
69_20240828 22,7594.128125451868
69_20240828 23,7421.162470889022
69_20240829 00,7369.768590698013
69_20240829 01,7313.227268088659
69_20240829 02,7112.040270651178
69_20240829 03,6982.3368737982655
69_20240829 04,6927.198307213029
69_20240829 05,6906.622027381216
69_20240829 06,7589.333241564211
69_20240829 07,8445.960314392107
69_20240829 08,8995.139989202415
69_20240829 09,9646.956588952602
69_20240829 10,9726.66288872607
69_20240829 11,9842.205767328647
69_20240829 12,9833.543311645477
69_20240829 13,9890.270138019769
69_20240829 14,9915.280811926004
69_20240829 15,9947.268125992761
69_20240829 16,9964.072262709777
69_20240829 17,9925.720645968953
69_20240829 18,9429.118293161086
69_20240829 19,8813.247957531194
69_20240829 20,8452.88327368598
69_20240829 21,7990.219514474073
69_20240829 22,7572.173314088383
69_20240829 23,7341.685695421576
69_20240830 00,7223.690457267701
69_20240830 01,7147.311692881835
69_20240830 02,7027.984775066847
69_20240830 03,6905.292214499861
69_20240830 04,6830.247558635904
69_20240830 05,6876.336293880974
69_20240830 06,7615.543501189324
69_20240830 07,8533.47383904941
69_20240830 08,9307.441761996928
69_20240830 09,9608.295820875323
69_20240830 10,9750.373958513872
69_20240830 11,9876.53420370159
69_20240830 12,9815.841905999334
69_20240830 13,9835.82530058165
69_20240830 14,9839.455565167753
69_20240830 15,9884.762553551298
69_20240830 16,9916.17475844355
69_20240830 17,9858.9269395089
69_20240830 18,9324.671762858963
69_20240830 19,8556.135691181444
69_20240830 20,8110.405632569072
69_20240830 21,7732.998413082061
69_20240830 22,7343.453143717883
69_20240830 23,7230.685956457766
69_20240831 00,7133.406320183518
69_20240831 01,7110.3609317508835
69_20240831 02,6885.7072869700405
69_20240831 03,6849.896053079361
69_20240831 04,6835.50217528327
69_20240831 05,6864.280731732029
69_20240831 06,6884.652319875437
69_20240831 07,6890.895563902548
69_20240831 08,6899.065049022496
69_20240831 09,7159.471355168442
69_20240831 10,7088.900671148231
69_20240831 11,7155.664963557843
69_20240831 12,7199.181028558134
69_20240831 13,7287.377899701602
69_20240831 14,7460.252290551363
69_20240831 15,7579.17670129436
69_20240831 16,7659.0996975595635
69_20240831 17,7701.01860990418
69_20240831 18,7670.2148225443025
69_20240831 19,7522.269106834593
69_20240831 20,7473.094986377721
69_20240831 21,7469.16696039129
69_20240831 22,7349.269273841075
69_20240831 23,7309.043011442981
70_20240825 00,3118.2187900338527
70_20240825 01,2469.0421984672594
70_20240825 02,2127.156309906901
70_20240825 03,1916.2236920264488
70_20240825 04,1803.6049026136304
70_20240825 05,1731.871246466751
70_20240825 06,1760.6597923882266
70_20240825 07,2008.127254206018
70_20240825 08,2558.7547965707904
70_20240825 09,2986.46625953236
70_20240825 10,3298.2981250033645
70_20240825 11,3435.8436119008347
70_20240825 12,3519.998997675326
70_20240825 13,3601.38032487923
70_20240825 14,3615.6447115427736
70_20240825 15,3640.8337684156704
70_20240825 16,3614.1836283598223
70_20240825 17,3656.0696903097187
70_20240825 18,3880.94665164376
70_20240825 19,4002.9109767578384
70_20240825 20,4241.19163427102
70_20240825 21,4225.490803884163
70_20240825 22,4055.6158576317303
70_20240825 23,3599.2700555271053
70_20240826 00,2915.14383234932
70_20240826 01,2350.5788662386854
70_20240826 02,2015.5322704025216
70_20240826 03,1839.8061091900977
70_20240826 04,1769.3885236231972
70_20240826 05,1706.8957756267805
70_20240826 06,1831.9859057239812
70_20240826 07,2273.656559690398
70_20240826 08,2767.7283779159025
70_20240826 09,2896.39089287178
70_20240826 10,2971.8470398787767
70_20240826 11,2988.954149390482
70_20240826 12,3007.9912753178623
70_20240826 13,3073.2085092226266
70_20240826 14,3174.5133030975435
70_20240826 15,3291.985712150942
70_20240826 16,3358.385319247839
70_20240826 17,3490.5863064330842
70_20240826 18,3880.3776069734195
70_20240826 19,4122.591494310622
70_20240826 20,4269.118995884087
70_20240826 21,4251.0047693315155
70_20240826 22,4143.430236780933
70_20240826 23,3641.4181531463564
70_20240827 00,3043.375827106889
70_20240827 01,2429.80411345512
70_20240827 02,2086.4006209123936
70_20240827 03,1876.3942979582553
70_20240827 04,1813.8962622458753
70_20240827 05,1756.473520078994
70_20240827 06,1848.3225047431285
70_20240827 07,2326.4873405214967
70_20240827 08,2747.29726017374
70_20240827 09,2823.3091246399454
70_20240827 10,2807.684218728915
70_20240827 11,2832.2296772537584
70_20240827 12,2888.468413791569
70_20240827 13,2884.4000540429442
70_20240827 14,2905.9259013714363
70_20240827 15,2899.7329264930972
70_20240827 16,3008.3464030064424
70_20240827 17,3133.8436115662917
70_20240827 18,3326.142890669439
70_20240827 19,3615.2937234987367
70_20240827 20,3863.6915886575366
70_20240827 21,3886.3273164863967
70_20240827 22,3766.406172258078
70_20240827 23,3394.929780480324
70_20240828 00,2767.195341502103
70_20240828 01,2165.2213705949675
70_20240828 02,1884.779610266252
70_20240828 03,1732.002332579758
70_20240828 04,1664.2780271887962
70_20240828 05,1618.1432155327605
70_20240828 06,1712.3545356029167
70_20240828 07,2147.7413006225543
70_20240828 08,2530.3780539737345
70_20240828 09,2509.372975695642
70_20240828 10,2536.0322205280795
70_20240828 11,2498.026977875311
70_20240828 12,2550.228722569303
70_20240828 13,2629.7864575559606
70_20240828 14,2722.799000922255
70_20240828 15,2779.5999420247226
70_20240828 16,2901.3550732156164
70_20240828 17,3045.344858444879
70_20240828 18,3297.9260818148255
70_20240828 19,3512.0197460247127
70_20240828 20,3695.761285476147
70_20240828 21,3705.440522446439
70_20240828 22,3596.216294148714
70_20240828 23,3232.160207364487
70_20240829 00,2679.72276474752
70_20240829 01,2149.8846171276796
70_20240829 02,1867.2310506423664
70_20240829 03,1704.443914547903
70_20240829 04,1646.6046354624928
70_20240829 05,1604.469374635029
70_20240829 06,1708.431805190054
70_20240829 07,2132.3498144458044
70_20240829 08,2498.563322717705
70_20240829 09,2531.587550884913
70_20240829 10,2544.458057487276
70_20240829 11,2527.0029277716467
70_20240829 12,2562.9597024224204
70_20240829 13,2640.702127668238
70_20240829 14,2694.0878894232224
70_20240829 15,2744.8109110463975
70_20240829 16,2857.1253271157275
70_20240829 17,3002.3679727228046
70_20240829 18,3248.810508145755
70_20240829 19,3428.8715308656956
70_20240829 20,3620.9918585138657
70_20240829 21,3592.3119555416033
70_20240829 22,3490.330154713505
70_20240829 23,3119.1010565454653
70_20240830 00,2599.295507557118
70_20240830 01,2115.0441012785323
70_20240830 02,1824.4474905122622
70_20240830 03,1685.114158107093
70_20240830 04,1625.8222962058778
70_20240830 05,1589.4496471341124
70_20240830 06,1696.3536396514974
70_20240830 07,2135.658396920946
70_20240830 08,2447.0336630171114
70_20240830 09,2472.235816659191
70_20240830 10,2475.8415095871965
70_20240830 11,2502.6318581620185
70_20240830 12,2557.6055449777195
70_20240830 13,2624.3454955121347
70_20240830 14,2680.0100217028826
70_20240830 15,2769.734359407664
70_20240830 16,2889.0483931638146
70_20240830 17,2980.031093804346
70_20240830 18,3134.8281073652042
70_20240830 19,3358.5647634086554
70_20240830 20,3539.7775542255367
70_20240830 21,3561.2599778057165
70_20240830 22,3410.2018777526832
70_20240830 23,3141.697573474956
70_20240831 00,2667.151696767728
70_20240831 01,2200.8472517025384
70_20240831 02,1922.117645763321
70_20240831 03,1732.4264239711797
70_20240831 04,1638.0040578231924
70_20240831 05,1569.6347628883818
70_20240831 06,1609.695287292843
70_20240831 07,1903.9898384441601
70_20240831 08,2327.0531972673543
70_20240831 09,2556.9697029717872
70_20240831 10,2694.2221770003753
70_20240831 11,2854.125246587415
70_20240831 12,2909.429588660829
70_20240831 13,2897.2564046210023
70_20240831 14,2863.4264200278426
70_20240831 15,2801.674368460141
70_20240831 16,2832.609957200887
70_20240831 17,2898.4936154635916
70_20240831 18,2929.9474413711496
70_20240831 19,3052.2586050949485
70_20240831 20,3252.34446643077
70_20240831 21,3332.1506302208254
70_20240831 22,3254.577784523311
70_20240831 23,2969.636390526409
71_20240825 00,1297.7363191019065
71_20240825 01,1072.7432929799347
71_20240825 02,971.3779029475495
71_20240825 03,873.4592470153484
71_20240825 04,828.8489932838329
71_20240825 05,811.5287873921179
71_20240825 06,833.0944275059853
71_20240825 07,906.2755699676275
71_20240825 08,1055.569760309992
71_20240825 09,1174.995001342466
71_20240825 10,1316.3125793395375
71_20240825 11,1389.653249974737
71_20240825 12,1478.075492043929
71_20240825 13,1531.3121117116218
71_20240825 14,1536.682637785932
71_20240825 15,1510.5021923889963
71_20240825 16,1540.4399274348243
71_20240825 17,1707.719866823697
71_20240825 18,1845.997546446995
71_20240825 19,1926.3305461354266
71_20240825 20,1935.0296838731142
71_20240825 21,1891.7002198769833
71_20240825 22,1742.992418138133
71_20240825 23,1452.5059598886355
71_20240826 00,1215.794726416429
71_20240826 01,1037.7779886374242
71_20240826 02,941.2285488064415
71_20240826 03,855.5860938614229
71_20240826 04,813.1355924634292
71_20240826 05,803.4276561291686
71_20240826 06,839.482288363277
71_20240826 07,993.9529566806838
71_20240826 08,1136.5526452662393
71_20240826 09,1099.5461222033925
71_20240826 10,1119.476151377332
71_20240826 11,1235.957341510867
71_20240826 12,1189.5831111098998
71_20240826 13,1272.242663333357
71_20240826 14,1217.075493626056
71_20240826 15,1257.154137019663
71_20240826 16,1385.3434888718452
71_20240826 17,1510.3982400386703
71_20240826 18,1710.5704662391126
71_20240826 19,1855.1105120000682
71_20240826 20,1880.9994031374426
71_20240826 21,1859.9595675991472
71_20240826 22,1725.5072415589084
71_20240826 23,1472.7369158219406
71_20240827 00,1185.6149153918593
71_20240827 01,1016.5485316280308
71_20240827 02,928.1827630879943
71_20240827 03,855.4855788485968
71_20240827 04,828.2896629849795
71_20240827 05,812.3625446443785
71_20240827 06,855.453854611271
71_20240827 07,987.334109542038
71_20240827 08,1100.6967891746403
71_20240827 09,1024.354845355129
71_20240827 10,1031.6021573060236
71_20240827 11,1056.3179441093791
71_20240827 12,1061.1806704306118
71_20240827 13,1100.9206017898741
71_20240827 14,1118.8547312473943
71_20240827 15,1127.5519177593683
71_20240827 16,1183.4062083064764
71_20240827 17,1282.7362011291593
71_20240827 18,1477.7708951416919
71_20240827 19,1624.9668314826554
71_20240827 20,1662.100132259523
71_20240827 21,1642.8572834885497
71_20240827 22,1525.0356164325206
71_20240827 23,1291.8974558410655
71_20240828 00,1085.5229304006402
71_20240828 01,928.0832258701987
71_20240828 02,826.279631043471
71_20240828 03,768.6026301043905
71_20240828 04,734.4786944469718
71_20240828 05,727.3697049119876
71_20240828 06,765.2551472632566
71_20240828 07,926.4159677030852
71_20240828 08,1035.7273638932365
71_20240828 09,993.5711531874779
71_20240828 10,983.1516583941084
71_20240828 11,1054.5461905295776
71_20240828 12,1083.4966062337317
71_20240828 13,1106.9537048217608
71_20240828 14,1107.85008762727
71_20240828 15,1133.3424151733698
71_20240828 16,1221.6212847439617
71_20240828 17,1320.8477041198325
71_20240828 18,1426.4083412916589
71_20240828 19,1586.309644645218
71_20240828 20,1619.8577777504174
71_20240828 21,1591.4278169820786
71_20240828 22,1498.7476468152838
71_20240828 23,1262.1401710949208
71_20240829 00,1102.7417712543702
71_20240829 01,940.7766796373153
71_20240829 02,840.0886026829537
71_20240829 03,783.6020323486696
71_20240829 04,737.2721249547474
71_20240829 05,731.0147833613595
71_20240829 06,766.8390085090599
71_20240829 07,897.847664200228
71_20240829 08,1020.9780343073463
71_20240829 09,967.2271490013868
71_20240829 10,1004.0310910910241
71_20240829 11,1051.4938852530631
71_20240829 12,1078.9473039291402
71_20240829 13,1091.2847584067872
71_20240829 14,1115.189427226465
71_20240829 15,1171.6491052187203
71_20240829 16,1218.9891332953505
71_20240829 17,1296.7998154597572
71_20240829 18,1421.2275833535332
71_20240829 19,1558.5309997627319
71_20240829 20,1615.9137028843577
71_20240829 21,1556.3603100854084
71_20240829 22,1462.571870607145
71_20240829 23,1249.424350820021
71_20240830 00,1085.5318769821886
71_20240830 01,924.4514537950524
71_20240830 02,826.5356308952366
71_20240830 03,767.7753561097306
71_20240830 04,729.1117287459672
71_20240830 05,714.6795004465224
71_20240830 06,757.8838222232002
71_20240830 07,890.9908012609193
71_20240830 08,1003.2158065669017
71_20240830 09,953.2317013751325
71_20240830 10,961.2206302694074
71_20240830 11,1033.66652737011
71_20240830 12,1064.0600299699856
71_20240830 13,1082.2230759560052
71_20240830 14,1107.9451859916371
71_20240830 15,1134.2137937586383
71_20240830 16,1199.6573209483508
71_20240830 17,1290.218726826129
71_20240830 18,1379.0575840865586
71_20240830 19,1533.2138614350858
71_20240830 20,1528.4227465152553
71_20240830 21,1506.3805119967315
71_20240830 22,1407.6429594046108
71_20240830 23,1232.4631710217657
71_20240831 00,1091.212554726699
71_20240831 01,905.4957373791406
71_20240831 02,825.7706205675216
71_20240831 03,758.9523455514176
71_20240831 04,717.350695271563
71_20240831 05,696.4969063789064
71_20240831 06,721.2379206761361
71_20240831 07,808.611779758164
71_20240831 08,946.61956210646
71_20240831 09,1047.2934672810293
71_20240831 10,1130.7254217860095
71_20240831 11,1165.5212719860178
71_20240831 12,1213.055081980468
71_20240831 13,1182.9586653531169
71_20240831 14,1191.6381062823884
71_20240831 15,1215.6447340366112
71_20240831 16,1226.1860600280638
71_20240831 17,1327.1933437284085
71_20240831 18,1369.0999665308218
71_20240831 19,1434.1247728022713
71_20240831 20,1470.3876177650338
71_20240831 21,1458.7299686683286
71_20240831 22,1378.8370141738258
71_20240831 23,1217.4850615218947
72_20240825 00,1291.1468855018547
72_20240825 01,1241.1766367782097
72_20240825 02,1251.4930038244156
72_20240825 03,1244.3436964536572
72_20240825 04,1229.7342600520967
72_20240825 05,1212.118934001151
72_20240825 06,1184.397152680245
72_20240825 07,1152.3701942957928
72_20240825 08,1016.5837701115385
72_20240825 09,958.8021148558673
72_20240825 10,842.4451948984795
72_20240825 11,826.5895550856156
72_20240825 12,819.7887392181844
72_20240825 13,824.0785488183747
72_20240825 14,922.736840124638
72_20240825 15,888.0663445978789
72_20240825 16,1021.7505089131347
72_20240825 17,1119.2461998300075
72_20240825 18,1150.5769249441933
72_20240825 19,1194.469187476895
72_20240825 20,1186.1339098917692
72_20240825 21,1187.3662852731468
72_20240825 22,1257.7078996055452
72_20240825 23,1354.1872298194546
72_20240826 00,1651.0199751546215
72_20240826 01,1690.5007162991656
72_20240826 02,1699.1098138451648
72_20240826 03,1610.2100999244526
72_20240826 04,1333.1232099460897
72_20240826 05,1343.1174574256954
72_20240826 06,1461.84556257868
72_20240826 07,1604.7894701002801
72_20240826 08,1728.6186286670782
72_20240826 09,1856.1712851870711
72_20240826 10,1828.0810562718252
72_20240826 11,1668.7310341728441
72_20240826 12,1664.156218195888
72_20240826 13,1776.5822579090288
72_20240826 14,1629.7554945254253
72_20240826 15,1595.2598178432984
72_20240826 16,1466.7737599430968
72_20240826 17,1652.808743438297
72_20240826 18,1579.4347558137829
72_20240826 19,1502.3218575051933
72_20240826 20,1395.2567121996647
72_20240826 21,1414.0607342628023
72_20240826 22,1509.4393354404367
72_20240826 23,1558.842860972461
72_20240827 00,1648.2490980137254
72_20240827 01,1824.5798760124046
72_20240827 02,1817.9276279879366
72_20240827 03,1692.300800608461
72_20240827 04,1456.4115738661346
72_20240827 05,1469.1432370897564
72_20240827 06,1592.502406278184
72_20240827 07,1729.5920711106205
72_20240827 08,1733.7862704261483
72_20240827 09,1877.810335984907
72_20240827 10,1847.4408583648842
72_20240827 11,1748.714739759818
72_20240827 12,1695.7841006876477
72_20240827 13,1834.9479216870761
72_20240827 14,1685.8754006795134
72_20240827 15,1565.9817442031192
72_20240827 16,1468.3940343762797
72_20240827 17,1669.456400976841
72_20240827 18,1579.9246675397435
72_20240827 19,1489.679407647854
72_20240827 20,1375.0278910755148
72_20240827 21,1374.1034583748751
72_20240827 22,1506.6805094108286
72_20240827 23,1539.9602123408695
72_20240828 00,1633.9722981492937
72_20240828 01,1807.8525102882118
72_20240828 02,1808.3141555215027
72_20240828 03,1677.1196006170244
72_20240828 04,1450.5899562780469
72_20240828 05,1439.5886753301277
72_20240828 06,1540.7528910048552
72_20240828 07,1663.8082709369053
72_20240828 08,1688.3795851187365
72_20240828 09,1876.4646156712442
72_20240828 10,1857.2730296818913
72_20240828 11,1688.8852416298478
72_20240828 12,1677.5792774466925
72_20240828 13,1802.9899630917857
72_20240828 14,1691.3873454160116
72_20240828 15,1580.098737013766
72_20240828 16,1487.6974355859395
72_20240828 17,1659.8874564496664
72_20240828 18,1589.1871279264124
72_20240828 19,1476.0543040468976
72_20240828 20,1391.2376095870873
72_20240828 21,1393.003853903374
72_20240828 22,1454.1569163344925
72_20240828 23,1529.08173166505
72_20240829 00,1655.1479627957115
72_20240829 01,1776.2081674484164
72_20240829 02,1759.9735713852986
72_20240829 03,1667.9931184652337
72_20240829 04,1469.300668956794
72_20240829 05,1456.7498833571526
72_20240829 06,1594.5862533805052
72_20240829 07,1711.5671587157974
72_20240829 08,1686.6710416347157
72_20240829 09,1749.522940683612
72_20240829 10,1732.3728844879236
72_20240829 11,1634.2767961799154
72_20240829 12,1660.4195356893933
72_20240829 13,1793.8563456384654
72_20240829 14,1624.2934196764684
72_20240829 15,1561.304024528929
72_20240829 16,1420.9599620008212
72_20240829 17,1604.6627839308069
72_20240829 18,1540.924322356468
72_20240829 19,1468.6554798347017
72_20240829 20,1396.6513898987519
72_20240829 21,1362.7347795966894
72_20240829 22,1472.9342108814908
72_20240829 23,1548.8784127830795
72_20240830 00,1624.2332574600605
72_20240830 01,1810.8449299027238
72_20240830 02,1815.4689470286353
72_20240830 03,1670.5073303140853
72_20240830 04,1463.1159594944165
72_20240830 05,1442.4027706549027
72_20240830 06,1576.442263709321
72_20240830 07,1676.8696541304344
72_20240830 08,1640.2416384121545
72_20240830 09,1773.2923298266078
72_20240830 10,1670.724665291542
72_20240830 11,1606.0013099560356
72_20240830 12,1615.8104537384452
72_20240830 13,1672.6329188947473
72_20240830 14,1555.948579547207
72_20240830 15,1456.699279382737
72_20240830 16,1382.0340002412877
72_20240830 17,1567.8319485281831
72_20240830 18,1405.3582841425305
72_20240830 19,1314.3887943568982
72_20240830 20,1263.8961625538082
72_20240830 21,1236.0970965950412
72_20240830 22,1377.9594945107453
72_20240830 23,1461.0356562904435
72_20240831 00,1403.7292210795636
72_20240831 01,1397.132213295304
72_20240831 02,1404.2997796501713
72_20240831 03,1385.2934339756034
72_20240831 04,1338.9668681216351
72_20240831 05,1337.320262623927
72_20240831 06,1317.4167010778478
72_20240831 07,1160.3787517196054
72_20240831 08,969.0928387688184
72_20240831 09,907.3859856216744
72_20240831 10,860.5289473620257
72_20240831 11,818.5760593438941
72_20240831 12,828.0276046067813
72_20240831 13,871.056547113506
72_20240831 14,948.9374962486737
72_20240831 15,956.4213690255657
72_20240831 16,991.7099825904725
72_20240831 17,1063.4929180433485
72_20240831 18,1116.8619217951755
72_20240831 19,1135.1302954647842
72_20240831 20,1131.7902182041303
72_20240831 21,1116.7734770665402
72_20240831 22,1155.012004447232
72_20240831 23,1232.7215417904501
73_20240825 00,692.0886185471493
73_20240825 01,680.2362690057093
73_20240825 02,672.2172721253283
73_20240825 03,642.4832056865048
73_20240825 04,594.2484715169609
73_20240825 05,583.6531883383026
73_20240825 06,602.3528374419918
73_20240825 07,712.9456250869309
73_20240825 08,1211.763068899876
73_20240825 09,2210.220337757407
73_20240825 10,4037.029222670438
73_20240825 11,4893.749175220659
73_20240825 12,5028.9916460436425
73_20240825 13,4994.170417392327
73_20240825 14,5076.898360645131
73_20240825 15,5090.849718031701
73_20240825 16,5032.4693252760535
73_20240825 17,5022.053274645889
73_20240825 18,4961.012688223943
73_20240825 19,4465.6501381385315
73_20240825 20,3905.3540781171505
73_20240825 21,1496.5082638169492
73_20240825 22,776.7826249158848
73_20240825 23,713.6557617144949
73_20240826 00,693.8667000020291
73_20240826 01,684.8334138710841
73_20240826 02,679.4490990654958
73_20240826 03,645.5296875690319
73_20240826 04,597.2090023357107
73_20240826 05,588.0838610609696
73_20240826 06,611.8548676475276
73_20240826 07,706.7225679618372
73_20240826 08,1131.2529420375836
73_20240826 09,2061.107941261199
73_20240826 10,4064.9475057962545
73_20240826 11,4743.065656927966
73_20240826 12,4780.701712397927
73_20240826 13,4788.4141641171545
73_20240826 14,4798.4632285092675
73_20240826 15,4782.640994416017
73_20240826 16,4678.374311674057
73_20240826 17,4614.708062737362
73_20240826 18,4547.244358534846
73_20240826 19,4180.8210037114495
73_20240826 20,3799.3711284654737
73_20240826 21,1441.7538054489596
73_20240826 22,783.37111199244
73_20240826 23,722.8675713334101
73_20240827 00,722.6147713156122
73_20240827 01,714.4324970520274
73_20240827 02,692.3765001448461
73_20240827 03,648.6253562452109
73_20240827 04,597.7015858318744
73_20240827 05,593.9293774039427
73_20240827 06,608.8605718755059
73_20240827 07,712.303648852682
73_20240827 08,1114.0051757177407
73_20240827 09,2004.4454597852193
73_20240827 10,3635.3498231854205
73_20240827 11,4221.916248312495
73_20240827 12,4238.673026020857
73_20240827 13,4350.245771190112
73_20240827 14,4413.239862408371
73_20240827 15,4380.015833245148
73_20240827 16,4339.995538166539
73_20240827 17,4370.910571067851
73_20240827 18,4310.214840648825
73_20240827 19,3959.2552515309612
73_20240827 20,3539.983132775094
73_20240827 21,1403.3835038406387
73_20240827 22,776.4173357225527
73_20240827 23,728.8626163298147
73_20240828 00,699.5035585145047
73_20240828 01,680.1925013222266
73_20240828 02,663.8278550233499
73_20240828 03,638.3865845172509
73_20240828 04,597.3901308299742
73_20240828 05,589.7920388462105
73_20240828 06,605.1241963176385
73_20240828 07,701.5328809882396
73_20240828 08,1143.3875016322772
73_20240828 09,2058.676197345145
73_20240828 10,3814.492991135923
73_20240828 11,4537.603939244148
73_20240828 12,4673.030192668171
73_20240828 13,4720.025814323506
73_20240828 14,4675.703696710247
73_20240828 15,4599.093055496139
73_20240828 16,4565.854047343887
73_20240828 17,4552.160087301803
73_20240828 18,4474.573299237292
73_20240828 19,4099.514785448617
73_20240828 20,3721.972126232962
73_20240828 21,1443.566022238418
73_20240828 22,777.5353030555099
73_20240828 23,719.8588300221212
73_20240829 00,694.4201741326001
73_20240829 01,687.6141307230296
73_20240829 02,675.9663575716627
73_20240829 03,652.7224652404008
73_20240829 04,594.4529854683369
73_20240829 05,583.6442162424444
73_20240829 06,605.7370491651617
73_20240829 07,697.5445421778367
73_20240829 08,1121.881517706077
73_20240829 09,2053.245759366732
73_20240829 10,3734.4647086748964
73_20240829 11,4486.462540239405
73_20240829 12,4631.572069739203
73_20240829 13,4677.382565663002
73_20240829 14,4652.58039354129
73_20240829 15,4659.272101955281
73_20240829 16,4557.618672511378
73_20240829 17,4558.658479764576
73_20240829 18,4474.245293955013
73_20240829 19,4103.782534088236
73_20240829 20,3714.2853202120787
73_20240829 21,1466.0556279531281
73_20240829 22,777.487806834949
73_20240829 23,720.0962035110169
73_20240830 00,698.4593516298094
73_20240830 01,687.9817757590145
73_20240830 02,670.7112188735786
73_20240830 03,646.9475183494048
73_20240830 04,588.4241078053852
73_20240830 05,583.2896314132024
73_20240830 06,599.5042136321524
73_20240830 07,712.4299364839655
73_20240830 08,1132.729872957527
73_20240830 09,2130.5013818002094
73_20240830 10,3715.343346843605
73_20240830 11,4451.225956495561
73_20240830 12,4578.508706317174
73_20240830 13,4570.401194300917
73_20240830 14,4629.903754310169
73_20240830 15,4628.602082276596
73_20240830 16,4493.323021943992
73_20240830 17,4478.275592463398
73_20240830 18,4417.773061887774
73_20240830 19,3928.022808587138
73_20240830 20,3605.294152894206
73_20240830 21,1426.7347973049416
73_20240830 22,760.9249083824401
73_20240830 23,702.5277260363166
73_20240831 00,686.3580310453287
73_20240831 01,676.4840036434077
73_20240831 02,662.0714868432742
73_20240831 03,643.0706717672649
73_20240831 04,593.0039017492516
73_20240831 05,581.5976681539851
73_20240831 06,593.6409574094857
73_20240831 07,708.5696808781556
73_20240831 08,1114.5348856848473
73_20240831 09,2032.1084641850046
73_20240831 10,3599.111625726868
73_20240831 11,4398.891167998428
73_20240831 12,4607.33757379105
73_20240831 13,4657.905127013821
73_20240831 14,4731.075076597836
73_20240831 15,4741.981263257716
73_20240831 16,4698.457724703548
73_20240831 17,4659.929312112969
73_20240831 18,4606.977024200567
73_20240831 19,4182.170672470826
73_20240831 20,3667.6878219925593
73_20240831 21,1452.3168867375261
73_20240831 22,749.3181353894623
73_20240831 23,690.5094714079441
74_20240825 00,941.4028968442467
74_20240825 01,898.9470172996165
74_20240825 02,860.4151761995436
74_20240825 03,850.2397316744306
74_20240825 04,849.9364971265466
74_20240825 05,902.6702479232863
74_20240825 06,976.9689158717995
74_20240825 07,1063.8317385502362
74_20240825 08,1375.2593566713304
74_20240825 09,2489.744590740664
74_20240825 10,4176.431458083292
74_20240825 11,4988.352602754833
74_20240825 12,5150.0910685041645
74_20240825 13,5051.694812001312
74_20240825 14,5000.2122347347795
74_20240825 15,5008.400127549067
74_20240825 16,4952.797771591904
74_20240825 17,4940.813363104437
74_20240825 18,4723.192488156022
74_20240825 19,4404.522994204213
74_20240825 20,3637.202301969401
74_20240825 21,2060.6547597950275
74_20240825 22,1136.802984575452
74_20240825 23,904.0247550316083
74_20240826 00,1420.7002332949896
74_20240826 01,1541.6516599201245
74_20240826 02,1527.4218884066554
74_20240826 03,1517.4479862635612
74_20240826 04,1463.1855717274575
74_20240826 05,1235.9315128569021
74_20240826 06,1115.7053790609639
74_20240826 07,1053.387136083813
74_20240826 08,1402.6991583902575
74_20240826 09,2116.054734088621
74_20240826 10,2599.868056681762
74_20240826 11,2179.61099443906
74_20240826 12,2714.9621505601244
74_20240826 13,2397.4130687527395
74_20240826 14,2068.9717225907066
74_20240826 15,2059.843475478073
74_20240826 16,2038.212521585749
74_20240826 17,2061.2092618171714
74_20240826 18,2585.49939808226
74_20240826 19,2454.796062454595
74_20240826 20,2220.4632451383304
74_20240826 21,1784.969427256321
74_20240826 22,1083.6462795988396
74_20240826 23,878.5582432482795
74_20240827 00,1488.3747391061765
74_20240827 01,1597.5675578271657
74_20240827 02,1553.970515760297
74_20240827 03,1532.4097950998923
74_20240827 04,1484.9343900867402
74_20240827 05,1233.1936954202847
74_20240827 06,1123.0745081234218
74_20240827 07,1097.4708298245864
74_20240827 08,1472.1271129603265
74_20240827 09,2804.600124284786
74_20240827 10,4306.2519092996845
74_20240827 11,4807.594327484983
74_20240827 12,5120.613749573799
74_20240827 13,4900.6621167862395
74_20240827 14,4630.306876150216
74_20240827 15,4586.517668949871
74_20240827 16,4506.626990634255
74_20240827 17,4440.941030714088
74_20240827 18,4418.097667795904
74_20240827 19,4243.066036044631
74_20240827 20,3372.367169575754
74_20240827 21,1920.1556261229118
74_20240827 22,1151.6696291011806
74_20240827 23,908.5828803857779
74_20240828 00,1436.7825978816904
74_20240828 01,1546.922028794726
74_20240828 02,1532.1379254908097
74_20240828 03,1530.5896490713133
74_20240828 04,1465.5948193607574
74_20240828 05,1231.92036027345
74_20240828 06,1121.915228726662
74_20240828 07,1090.901186857802
74_20240828 08,1433.3388714832904
74_20240828 09,2616.761281306318
74_20240828 10,4240.977202975831
74_20240828 11,4777.549487696686
74_20240828 12,4981.274246443723
74_20240828 13,4792.725685637313
74_20240828 14,4546.884937057499
74_20240828 15,4548.645648190914
74_20240828 16,4418.775626311415
74_20240828 17,4458.91348305229
74_20240828 18,4580.857112407954
74_20240828 19,4198.847733370902
74_20240828 20,3367.8578167583837
74_20240828 21,2048.5271602566904
74_20240828 22,1174.3616489095966
74_20240828 23,927.2193982113042
74_20240829 00,1415.7008817194853
74_20240829 01,1568.097886734371
74_20240829 02,1551.0592917045897
74_20240829 03,1556.081683347941
74_20240829 04,1475.6240029996102
74_20240829 05,1256.9984295038917
74_20240829 06,1148.1124680364205
74_20240829 07,1115.9004338468578
74_20240829 08,1469.3409327563743
74_20240829 09,2755.459692125526
74_20240829 10,4252.582398819083
74_20240829 11,4890.346711675458
74_20240829 12,5075.708653857562
74_20240829 13,4877.723314705519
74_20240829 14,4682.593016126699
74_20240829 15,4633.19224505506
74_20240829 16,4557.2433736854655
74_20240829 17,4593.055258326736
74_20240829 18,4690.254894371616
74_20240829 19,4360.721519733623
74_20240829 20,3375.5430363224777
74_20240829 21,2059.294324903766
74_20240829 22,1196.345879051094
74_20240829 23,952.8974979692548
74_20240830 00,1460.8492595712742
74_20240830 01,1556.116181072847
74_20240830 02,1529.676235864636
74_20240830 03,1533.1227706028005
74_20240830 04,1473.6223117376053
74_20240830 05,1241.8148523292534
74_20240830 06,1118.854820557445
74_20240830 07,1095.6174594928582
74_20240830 08,1431.3071797863122
74_20240830 09,2704.9114236281466
74_20240830 10,4214.453293142862
74_20240830 11,4814.584582772682
74_20240830 12,5000.427732860629
74_20240830 13,4840.515292509582
74_20240830 14,4658.2268552795285
74_20240830 15,4609.7726896192635
74_20240830 16,4552.700796346492
74_20240830 17,4545.590625260242
74_20240830 18,4711.348863437359
74_20240830 19,4357.049479347035
74_20240830 20,3808.6500861825707
74_20240830 21,2187.0076447153588
74_20240830 22,1169.6454027832751
74_20240830 23,899.2581403224361
74_20240831 00,1412.4853205689433
74_20240831 01,1526.853187538808
74_20240831 02,1509.7624054418984
74_20240831 03,1506.2620452225372
74_20240831 04,1455.1164912190072
74_20240831 05,1216.8707270961447
74_20240831 06,1106.3329340507444
74_20240831 07,1085.7926733857385
74_20240831 08,1543.1228459827694
74_20240831 09,2631.1518693653234
74_20240831 10,4172.325600358525
74_20240831 11,4832.218177574469
74_20240831 12,5085.838425480162
74_20240831 13,4900.441214952725
74_20240831 14,4825.688553827845
74_20240831 15,4789.282406972663
74_20240831 16,4739.421503231211
74_20240831 17,4700.267591609712
74_20240831 18,4838.558374174594
74_20240831 19,4344.637529238487
74_20240831 20,3688.3896498945205
74_20240831 21,2188.524215418014
74_20240831 22,1142.6705705616184
74_20240831 23,907.7530605589427
75_20240825 00,2593.11774595138
75_20240825 01,2559.127185620779
75_20240825 02,2563.484363046989
75_20240825 03,2505.756451826922
75_20240825 04,2565.3232017265336
75_20240825 05,2644.0662500678654
75_20240825 06,2761.4918389669165
75_20240825 07,2924.625433500343
75_20240825 08,3043.835497680925
75_20240825 09,3103.2203110725536
75_20240825 10,3141.223137043169
75_20240825 11,3212.788458640243
75_20240825 12,3137.507887839984
75_20240825 13,3118.2390216221643
75_20240825 14,3164.152895325624
75_20240825 15,3126.945804087015
75_20240825 16,3048.9603898294076
75_20240825 17,3103.5794776840617
75_20240825 18,3047.2808425217995
75_20240825 19,2964.597825660168
75_20240825 20,2792.4346498007353
75_20240825 21,2715.756782154839
75_20240825 22,2648.434788002781
75_20240825 23,2607.1111960404805
75_20240826 00,2606.282828033429
75_20240826 01,2519.3983807015484
75_20240826 02,2475.2404348788627
75_20240826 03,2571.461918764223
75_20240826 04,2671.9387331573976
75_20240826 05,2793.610982825885
75_20240826 06,2950.71965489602
75_20240826 07,3353.6118509547814
75_20240826 08,3686.960325458
75_20240826 09,3970.1333805516324
75_20240826 10,4024.475190468596
75_20240826 11,4019.926314260608
75_20240826 12,3998.9332314850576
75_20240826 13,3980.4286795050916
75_20240826 14,4008.398885471772
75_20240826 15,4006.6899575572093
75_20240826 16,3948.049238059586
75_20240826 17,3704.210927589942
75_20240826 18,3526.0884640345184
75_20240826 19,3264.2969938727174
75_20240826 20,3022.2381702871908
75_20240826 21,2872.892742204322
75_20240826 22,2740.405646819388
75_20240826 23,2668.4939634227826
75_20240827 00,2563.4303342117937
75_20240827 01,2495.69770412904
75_20240827 02,2489.7038628181535
75_20240827 03,2534.1709171567627
75_20240827 04,2612.705689404181
75_20240827 05,2758.0524789289857
75_20240827 06,2913.722423735944
75_20240827 07,3240.3704364070554
75_20240827 08,3602.5182367888538
75_20240827 09,3831.060669686696
75_20240827 10,3919.0951789956343
75_20240827 11,3914.9484525876123
75_20240827 12,3940.235040303485
75_20240827 13,3928.8527769395673
75_20240827 14,3952.011497056418
75_20240827 15,3953.0278380487794
75_20240827 16,3879.061372358639
75_20240827 17,3652.5870796575764
75_20240827 18,3470.4482526458605
75_20240827 19,3303.5502637626173
75_20240827 20,3014.8742252189136
75_20240827 21,2891.165490999958
75_20240827 22,2729.359601481738
75_20240827 23,2617.5064692040346
75_20240828 00,2551.5473540587977
75_20240828 01,2475.2973950336695
75_20240828 02,2425.7615494155352
75_20240828 03,2419.584778293432
75_20240828 04,2445.863186975731
75_20240828 05,2606.2499338273565
75_20240828 06,2714.2831526199375
75_20240828 07,3029.5529552549156
75_20240828 08,3525.369450944715
75_20240828 09,3819.4122063244745
75_20240828 10,3936.6858660235985
75_20240828 11,3935.47224419803
75_20240828 12,3928.0433704866205
75_20240828 13,3923.101304040892
75_20240828 14,3947.9476116379756
75_20240828 15,3947.699485537132
75_20240828 16,3895.484796972547
75_20240828 17,3637.092193597381
75_20240828 18,3449.539094742534
75_20240828 19,3247.0507255704606
75_20240828 20,3003.4675035404907
75_20240828 21,2866.478318941522
75_20240828 22,2714.0118011827412
75_20240828 23,2634.3095434677075
75_20240829 00,2511.791375987804
75_20240829 01,2466.657606446156
75_20240829 02,2420.84266415938
75_20240829 03,2459.0121278075358
75_20240829 04,2560.510852957261
75_20240829 05,2649.563638628827
75_20240829 06,2842.880585478103
75_20240829 07,3096.990924963296
75_20240829 08,3557.797253571419
75_20240829 09,3807.956882253986
75_20240829 10,3871.29781975903
75_20240829 11,3855.417805582311
75_20240829 12,3833.891563058159
75_20240829 13,3831.7652447848113
75_20240829 14,3861.285273424745
75_20240829 15,3863.5696593995876
75_20240829 16,3785.33468717186
75_20240829 17,3571.365083819896
75_20240829 18,3370.884506019489
75_20240829 19,3228.0847385544994
75_20240829 20,2960.3638130577638
75_20240829 21,2813.8937753342652
75_20240829 22,2707.746177965004
75_20240829 23,2581.4347062112774
75_20240830 00,2525.1538575888817
75_20240830 01,2413.265515553745
75_20240830 02,2397.9410615594493
75_20240830 03,2449.931057864511
75_20240830 04,2511.17445315114
75_20240830 05,2632.9655566077845
75_20240830 06,2765.5662462827295
75_20240830 07,3063.598042446778
75_20240830 08,3467.2429506621493
75_20240830 09,3787.006181661356
75_20240830 10,3890.698764341195
75_20240830 11,3883.8596551977753
75_20240830 12,3845.694728691077
75_20240830 13,3841.459024481871
75_20240830 14,3869.387166980885
75_20240830 15,3874.991139623374
75_20240830 16,3822.598181547729
75_20240830 17,3582.0413812513407
75_20240830 18,3380.203381269529
75_20240830 19,3179.4834947718587
75_20240830 20,2925.5705059005363
75_20240830 21,2806.91120034267
75_20240830 22,2683.586502763118
75_20240830 23,2570.801737916226
75_20240831 00,2470.27870374978
75_20240831 01,2397.2278529698538
75_20240831 02,2317.6281642725635
75_20240831 03,2284.8079041180126
75_20240831 04,2263.626984183118
75_20240831 05,2349.062828832978
75_20240831 06,2452.025921848593
75_20240831 07,2672.227870604873
75_20240831 08,2934.116103259171
75_20240831 09,3109.4250965356164
75_20240831 10,3174.967523975032
75_20240831 11,3185.5821463914945
75_20240831 12,3169.35811043099
75_20240831 13,3133.1612900813284
75_20240831 14,3191.6553632563837
75_20240831 15,3168.548324839844
75_20240831 16,3104.4126676880333
75_20240831 17,3064.516050471053
75_20240831 18,2970.013474511972
75_20240831 19,2835.5477613270614
75_20240831 20,2677.4339633669233
75_20240831 21,2591.1795023097206
75_20240831 22,2518.060654532429
75_20240831 23,2492.9179175920117
76_20240825 00,3215.5739755400764
76_20240825 01,3204.434942597314
76_20240825 02,3173.0812319678707
76_20240825 03,3161.6950047041005
76_20240825 04,3131.7656765592883
76_20240825 05,3120.3556561861633
76_20240825 06,3126.4619417903004
76_20240825 07,3155.3582359352295
76_20240825 08,3251.6932204218965
76_20240825 09,3343.4513259736004
76_20240825 10,3412.6459226195993
76_20240825 11,3445.3277848507983
76_20240825 12,3441.6672444285637
76_20240825 13,3499.638474122238
76_20240825 14,3509.9198590915553
76_20240825 15,3519.827550525849
76_20240825 16,3480.9016856562152
76_20240825 17,3458.686109686413
76_20240825 18,3461.2540018501613
76_20240825 19,3427.525243026401
76_20240825 20,3356.644359574196
76_20240825 21,3280.430829991108
76_20240825 22,3262.191821680327
76_20240825 23,3252.6201432116386
76_20240826 00,3235.5065140381603
76_20240826 01,3235.3644355980705
76_20240826 02,3209.3980853294725
76_20240826 03,3210.6935716724615
76_20240826 04,3198.230617108863
76_20240826 05,3187.0215236680137
76_20240826 06,3190.551404184357
76_20240826 07,3233.7962535760926
76_20240826 08,3282.06248332838
76_20240826 09,3357.2144524421983
76_20240826 10,3402.4616827522495
76_20240826 11,3449.6798987252796
76_20240826 12,3473.7047064809353
76_20240826 13,3526.04896253916
76_20240826 14,3514.0368072895944
76_20240826 15,3545.6949473152763
76_20240826 16,3495.997526536403
76_20240826 17,3484.390984222565
76_20240826 18,3456.70528835821
76_20240826 19,3355.950263542263
76_20240826 20,3337.184071639559
76_20240826 21,3282.8723637262374
76_20240826 22,3262.707350496607
76_20240826 23,3240.6740683241355
76_20240827 00,3207.5706334648658
76_20240827 01,3208.2704334604723
76_20240827 02,3186.5118059371334
76_20240827 03,3181.3250791730197
76_20240827 04,3171.669880505599
76_20240827 05,3159.2704838204945
76_20240827 06,3157.3367008034697
76_20240827 07,3149.615038321483
76_20240827 08,3204.667645988607
76_20240827 09,3183.7442547623605
76_20240827 10,3259.1061046144405
76_20240827 11,3211.773436958202
76_20240827 12,3213.216546759255
76_20240827 13,3273.125884895516
76_20240827 14,3361.5021778209602
76_20240827 15,3384.1702846197463
76_20240827 16,3357.0839290250665
76_20240827 17,3385.039593275191
76_20240827 18,3357.7272543966887
76_20240827 19,3323.303831999002
76_20240827 20,3285.0160467658743
76_20240827 21,3218.5073229226764
76_20240827 22,3175.117416148522
76_20240827 23,3132.6355027350987
76_20240828 00,3112.511590894584
76_20240828 01,3096.546201684561
76_20240828 02,3070.435416197617
76_20240828 03,3061.415845697923
76_20240828 04,3041.807455426093
76_20240828 05,3015.56554255954
76_20240828 06,3002.258887424491
76_20240828 07,3062.2110025222682
76_20240828 08,3121.4721228512026
76_20240828 09,3208.5536408163034
76_20240828 10,3279.3965906996664
76_20240828 11,3324.491943365947
76_20240828 12,3370.997685223138
76_20240828 13,3441.689808572834
76_20240828 14,3498.7772342094568
76_20240828 15,3512.618901729581
76_20240828 16,3499.2916059197873
76_20240828 17,3488.4402898528374
76_20240828 18,3475.494576572678
76_20240828 19,3395.671517283355
76_20240828 20,3351.998539478307
76_20240828 21,3292.4790336312053
76_20240828 22,3254.7657745973174
76_20240828 23,3217.9164025028217
76_20240829 00,3177.5964850606188
76_20240829 01,3116.756978436185
76_20240829 02,3094.1252223747974
76_20240829 03,3080.7180410054743
76_20240829 04,3047.5283688621566
76_20240829 05,3032.7323066351
76_20240829 06,3030.625833853462
76_20240829 07,3063.1853059781256
76_20240829 08,3125.1745098246965
76_20240829 09,3209.799812976137
76_20240829 10,3271.4458934386425
76_20240829 11,3342.6249551487745
76_20240829 12,3351.049688972087
76_20240829 13,3409.6554640926533
76_20240829 14,3447.2752254200714
76_20240829 15,3441.2059393510117
76_20240829 16,3449.305107862254
76_20240829 17,3470.4263807116627
76_20240829 18,3435.8947824940683
76_20240829 19,3397.6173039197743
76_20240829 20,3303.8040451887255
76_20240829 21,3232.0019338965703
76_20240829 22,3203.160193541168
76_20240829 23,3171.3740363640227
76_20240830 00,3138.8568556321156
76_20240830 01,3092.910125192357
76_20240830 02,3068.8142823698836
76_20240830 03,3034.5256252795143
76_20240830 04,3030.062832533162
76_20240830 05,3006.4749113474727
76_20240830 06,3017.7516125415523
76_20240830 07,3073.3393090642876
76_20240830 08,3192.048223573699
76_20240830 09,3263.1268678375786
76_20240830 10,3325.3754137178516
76_20240830 11,3345.008676520585
76_20240830 12,3395.2554160125624
76_20240830 13,3439.606150560632
76_20240830 14,3452.017341328335
76_20240830 15,3470.3533532047386
76_20240830 16,3461.9044895069383
76_20240830 17,3437.745668768102
76_20240830 18,3394.4334543745445
76_20240830 19,3288.151395750945
76_20240830 20,3245.6616514093103
76_20240830 21,3124.4623632729813
76_20240830 22,3130.251564584987
76_20240830 23,3088.8741825696634
76_20240831 00,3079.495962275043
76_20240831 01,3076.6160226036927
76_20240831 02,3056.360035870073
76_20240831 03,3017.43487508855
76_20240831 04,2987.695196945497
76_20240831 05,2974.541108655202
76_20240831 06,2964.635813048719
76_20240831 07,3014.974788025814
76_20240831 08,3065.5866595756675
76_20240831 09,3112.1782548347082
76_20240831 10,3227.7711195314128
76_20240831 11,3253.2500245731967
76_20240831 12,3260.439224549274
76_20240831 13,3373.4438015669375
76_20240831 14,3395.033840009082
76_20240831 15,3407.897662371245
76_20240831 16,3369.9390785770815
76_20240831 17,3377.479108357753
76_20240831 18,3326.967627693094
76_20240831 19,3255.9038337421016
76_20240831 20,3212.0400624494414
76_20240831 21,3143.31367617865
76_20240831 22,3104.888036010393
76_20240831 23,3078.6337398809737
77_20240825 00,1358.1375567376394
77_20240825 01,1321.7330563958526
77_20240825 02,1307.569150492202
77_20240825 03,1282.009999691082
77_20240825 04,1258.3731668463768
77_20240825 05,1216.3636170919249
77_20240825 06,1257.6164114996568
77_20240825 07,1573.014456013489
77_20240825 08,1877.9437622373725
77_20240825 09,1774.4613736600584
77_20240825 10,1959.3490619186925
77_20240825 11,1786.8078554152248
77_20240825 12,1752.8513059979655
77_20240825 13,1831.9304224819766
77_20240825 14,1887.4330866341136
77_20240825 15,1997.9045314717823
77_20240825 16,2051.6766934224215
77_20240825 17,1864.573400703454
77_20240825 18,1757.2824767676939
77_20240825 19,1597.226523473204
77_20240825 20,1523.2446623959772
77_20240825 21,1484.2353658922075
77_20240825 22,1281.7141153430512
77_20240825 23,1284.5974851378348
77_20240826 00,1309.9540552473736
77_20240826 01,1236.0673862089684
77_20240826 02,1237.1941927076077
77_20240826 03,1219.0436505164128
77_20240826 04,1229.0048023242778
77_20240826 05,1179.852919766728
77_20240826 06,1187.851341495714
77_20240826 07,1382.032653093784
77_20240826 08,1755.815593884406
77_20240826 09,1697.9305151059698
77_20240826 10,1865.8128169471936
77_20240826 11,1754.7296331799362
77_20240826 12,1722.0220283085607
77_20240826 13,1759.3179948436996
77_20240826 14,1773.133462022654
77_20240826 15,1836.6926029669917
77_20240826 16,1885.5466687765263
77_20240826 17,1744.73002013517
77_20240826 18,1579.8961410130769
77_20240826 19,1447.1623349341812
77_20240826 20,1391.7054812484853
77_20240826 21,1300.7023730913593
77_20240826 22,1081.512060346598
77_20240826 23,998.8560058421876
77_20240827 00,1105.8154679312088
77_20240827 01,1317.016981236413
77_20240827 02,1271.065113594815
77_20240827 03,1255.8203068766088
77_20240827 04,1228.1065634169852
77_20240827 05,1173.2870785533391
77_20240827 06,1165.531592910554
77_20240827 07,1288.3562485234834
77_20240827 08,1602.78217331577
77_20240827 09,1698.5543580335889
77_20240827 10,1864.8542736916388
77_20240827 11,1699.9052890802327
77_20240827 12,1660.9810081117027
77_20240827 13,1680.04610439052
77_20240827 14,1716.9065585044502
77_20240827 15,1759.3483546797706
77_20240827 16,1824.5216528016974
77_20240827 17,1640.0874439139652
77_20240827 18,1466.656994894648
77_20240827 19,1473.6598518951228
77_20240827 20,1396.6399034537799
77_20240827 21,1309.3181834562647
77_20240827 22,1163.613839987656
77_20240827 23,1103.6330829168824
77_20240828 00,1179.403947003207
77_20240828 01,1258.2854263307202
77_20240828 02,1207.709879029394
77_20240828 03,1192.284836894884
77_20240828 04,1091.8503784113118
77_20240828 05,1018.6615799925024
77_20240828 06,1030.0039165518197
77_20240828 07,1103.0034458665234
77_20240828 08,1284.748991787179
77_20240828 09,1420.5000039105275
77_20240828 10,1645.3433212865357
77_20240828 11,1617.1323403405968
77_20240828 12,1573.203655588763
77_20240828 13,1590.8311700658642
77_20240828 14,1584.9465212247364
77_20240828 15,1663.8700223949045
77_20240828 16,1709.9978132533963
77_20240828 17,1557.259335565317
77_20240828 18,1346.4054968260434
77_20240828 19,1370.109398374384
77_20240828 20,1308.1669458059857
77_20240828 21,1284.3807822751462
77_20240828 22,1185.7624087757579
77_20240828 23,1121.5619950793198
77_20240829 00,1187.2546231499991
77_20240829 01,1191.9656333318705
77_20240829 02,1124.8928105730151
77_20240829 03,1077.6018173891912
77_20240829 04,1039.0657077142528
77_20240829 05,973.042992862073
77_20240829 06,972.5831055944034
77_20240829 07,1136.5377260516148
77_20240829 08,1299.825723635454
77_20240829 09,1498.9615966665358
77_20240829 10,1704.0587169259863
77_20240829 11,1677.7253722069688
77_20240829 12,1646.9273719100609
77_20240829 13,1689.4824138578028
77_20240829 14,1771.6573843764627
77_20240829 15,1830.658066252415
77_20240829 16,1833.9543807504813
77_20240829 17,1686.7775227743132
77_20240829 18,1517.797279363002
77_20240829 19,1488.6927672729962
77_20240829 20,1388.9746110557526
77_20240829 21,1381.5462592447216
77_20240829 22,1289.4500685726746
77_20240829 23,1211.6378830952463
77_20240830 00,1240.480440904757
77_20240830 01,1239.7593330687764
77_20240830 02,1206.5285101471354
77_20240830 03,1172.8127525584575
77_20240830 04,1136.5234946192365
77_20240830 05,1116.340455395676
77_20240830 06,1079.6826528890315
77_20240830 07,1195.3357645452738
77_20240830 08,1414.2249309342665
77_20240830 09,1529.0784768495685
77_20240830 10,1754.599057975965
77_20240830 11,1702.7154336010085
77_20240830 12,1646.6298596368902
77_20240830 13,1691.2903507244573
77_20240830 14,1730.5678878308454
77_20240830 15,1821.1959048131528
77_20240830 16,1863.4995391386353
77_20240830 17,1761.2468125267014
77_20240830 18,1595.0445757051011
77_20240830 19,1472.2764931614938
77_20240830 20,1458.721836215152
77_20240830 21,1412.2180602802507
77_20240830 22,1251.6754352719854
77_20240830 23,1355.3968887150186
77_20240831 00,1243.3054772017558
77_20240831 01,1189.6425477065457
77_20240831 02,1126.3245983025524
77_20240831 03,1098.5046644429601
77_20240831 04,1019.6241473585269
77_20240831 05,988.0818347423099
77_20240831 06,1012.3175753343264
77_20240831 07,1214.2588731834787
77_20240831 08,1426.2277926887261
77_20240831 09,1567.894730787914
77_20240831 10,1741.6992109336
77_20240831 11,1677.110470274004
77_20240831 12,1615.8125522039456
77_20240831 13,1706.8424897375564
77_20240831 14,1772.0908825738793
77_20240831 15,1855.532502224293
77_20240831 16,1904.567616218968
77_20240831 17,1813.1685129064804
77_20240831 18,1612.3271878196313
77_20240831 19,1514.2980329025465
77_20240831 20,1556.6454190630434
77_20240831 21,1458.1159245300605
77_20240831 22,1377.635088430606
77_20240831 23,1344.0880808452553
78_20240825 00,1449.0821342007737
78_20240825 01,1250.2382486922443
78_20240825 02,1116.7004771306777
78_20240825 03,1023.6910443963111
78_20240825 04,969.7098352449095
78_20240825 05,994.6325776733842
78_20240825 06,1025.911558510555
78_20240825 07,1130.1004060332098
78_20240825 08,1329.2096778250907
78_20240825 09,1579.151009056815
78_20240825 10,1753.258329526041
78_20240825 11,1848.451639791529
78_20240825 12,1871.2387516057152
78_20240825 13,1890.0014778856578
78_20240825 14,1903.4794640102316
78_20240825 15,1936.0774919263804
78_20240825 16,1923.986548629209
78_20240825 17,1925.7229914255026
78_20240825 18,2027.635912462952
78_20240825 19,2041.6483060316762
78_20240825 20,2030.8253004873068
78_20240825 21,1984.0286665764158
78_20240825 22,1874.9295795722771
78_20240825 23,1684.6455876423202
78_20240826 00,1432.019817725711
78_20240826 01,1234.246257285733
78_20240826 02,1104.7506677979416
78_20240826 03,1027.630694257516
78_20240826 04,977.6402532937794
78_20240826 05,1009.4269005954641
78_20240826 06,1165.4394848291586
78_20240826 07,1307.8997584387955
78_20240826 08,1499.5590110235485
78_20240826 09,1655.238324397838
78_20240826 10,1741.7690178800535
78_20240826 11,1767.5726175812902
78_20240826 12,1834.7718023375087
78_20240826 13,1848.5339254504383
78_20240826 14,1861.8567956499028
78_20240826 15,1884.4645698745712
78_20240826 16,1884.6026772177895
78_20240826 17,1900.606948933698
78_20240826 18,1993.0650082557408
78_20240826 19,2000.5021528043196
78_20240826 20,1985.7381467922974
78_20240826 21,1989.2975343660166
78_20240826 22,1901.080405963817
78_20240826 23,1705.6526951573005
78_20240827 00,1426.0687514943381
78_20240827 01,1234.94534091971
78_20240827 02,1119.929586416046
78_20240827 03,1035.2700625179918
78_20240827 04,981.0736709306512
78_20240827 05,1018.1170982921428
78_20240827 06,1162.1910793466739
78_20240827 07,1293.1436421351852
78_20240827 08,1413.5776991862328
78_20240827 09,1529.442302181911
78_20240827 10,1601.9661435759958
78_20240827 11,1577.946600035897
78_20240827 12,1614.751585368926
78_20240827 13,1625.9974740880682
78_20240827 14,1679.1345721068406
78_20240827 15,1750.3303817011438
78_20240827 16,1789.2989272114185
78_20240827 17,1814.254687713168
78_20240827 18,1889.7983843379916
78_20240827 19,1973.9406273895013
78_20240827 20,1943.5562448507376
78_20240827 21,1906.0157085378428
78_20240827 22,1843.1709685379287
78_20240827 23,1652.6654805797352
78_20240828 00,1341.421567785525
78_20240828 01,1166.0926220895426
78_20240828 02,1055.6137685790122
78_20240828 03,965.300551404966
78_20240828 04,909.5998801599337
78_20240828 05,941.1509104581127
78_20240828 06,1053.13209734433
78_20240828 07,1190.0623916807267
78_20240828 08,1338.456713824673
78_20240828 09,1548.395653280464
78_20240828 10,1626.443819812981
78_20240828 11,1645.3258957959679
78_20240828 12,1699.744806229385
78_20240828 13,1744.8829954606806
78_20240828 14,1794.1453762386877
78_20240828 15,1805.3254725353543
78_20240828 16,1815.687932945842
78_20240828 17,1847.2583347853133
78_20240828 18,1972.8150797003952
78_20240828 19,1996.9057172868665
78_20240828 20,1964.6048429426965
78_20240828 21,1933.328944649349
78_20240828 22,1840.5798836479507
78_20240828 23,1637.8938241813526
78_20240829 00,1370.5401517919854
78_20240829 01,1159.5273533682712
78_20240829 02,1042.7868310305753
78_20240829 03,964.9738126818243
78_20240829 04,921.9151448013961
78_20240829 05,938.0484479495385
78_20240829 06,1085.2152318927137
78_20240829 07,1200.7424363787054
78_20240829 08,1318.9263299255501
78_20240829 09,1520.7131664864078
78_20240829 10,1614.105943963419
78_20240829 11,1636.7851176208374
78_20240829 12,1706.4096897656395
78_20240829 13,1716.3318574833384
78_20240829 14,1741.1453546411617
78_20240829 15,1742.6051210986338
78_20240829 16,1759.5654355605177
78_20240829 17,1777.8963443990838
78_20240829 18,1860.8449416187975
78_20240829 19,1875.9430828656527
78_20240829 20,1839.3857909093529
78_20240829 21,1809.8691515028108
78_20240829 22,1724.8300553096474
78_20240829 23,1573.7233053481546
78_20240830 00,1324.8132259388121
78_20240830 01,1136.1329765436622
78_20240830 02,1021.7750785178702
78_20240830 03,950.2805097156161
78_20240830 04,912.7312984615523
78_20240830 05,932.5558622928681
78_20240830 06,1074.2811194367418
78_20240830 07,1195.9394592063031
78_20240830 08,1345.8864407332646
78_20240830 09,1550.8530434418578
78_20240830 10,1625.6908933563168
78_20240830 11,1614.1378570694874
78_20240830 12,1703.232535671458
78_20240830 13,1714.4523931102735
78_20240830 14,1724.870195724874
78_20240830 15,1754.2118558052184
78_20240830 16,1777.7863356770117
78_20240830 17,1779.8221982768634
78_20240830 18,1809.5877999465874
78_20240830 19,1818.490685496237
78_20240830 20,1770.023364115869
78_20240830 21,1691.796650132062
78_20240830 22,1678.8802271655986
78_20240830 23,1529.8821941312683
78_20240831 00,1262.8752754181066
78_20240831 01,1134.6295572269498
78_20240831 02,1041.0105793907012
78_20240831 03,945.993151494087
78_20240831 04,877.5985799747415
78_20240831 05,885.6231195453668
78_20240831 06,972.2813855993918
78_20240831 07,1107.4661901780837
78_20240831 08,1215.636360577383
78_20240831 09,1478.0668099902987
78_20240831 10,1614.2775995920927
78_20240831 11,1668.2664621311674
78_20240831 12,1710.9420097801092
78_20240831 13,1746.333545176126
78_20240831 14,1813.1911642488958
78_20240831 15,1826.6420425828144
78_20240831 16,1790.6748585968903
78_20240831 17,1796.3738665673438
78_20240831 18,1810.118028378749
78_20240831 19,1783.979180310889
78_20240831 20,1722.9989044420788
78_20240831 21,1700.1439435719994
78_20240831 22,1596.3735714428922
78_20240831 23,1474.1156884048842
79_20240825 00,2232.990230807125
79_20240825 01,2075.967343207711
79_20240825 02,1994.6453097874723
79_20240825 03,1973.7433915000272
79_20240825 04,1961.7927125395772
79_20240825 05,2027.8463341109996
79_20240825 06,2436.590117364687
79_20240825 07,3417.124937977473
79_20240825 08,4944.425055542971
79_20240825 09,7312.8534316117875
79_20240825 10,9973.578238686609
79_20240825 11,10988.169270995279
79_20240825 12,11068.989817515134
79_20240825 13,11129.860386223398
79_20240825 14,11124.405210143377
79_20240825 15,11065.502251372145
79_20240825 16,11173.482268582502
79_20240825 17,10733.146938476633
79_20240825 18,10487.801737282603
79_20240825 19,10175.432461910295
79_20240825 20,7983.998207579407
79_20240825 21,4375.398555621834
79_20240825 22,2987.1177401920454
79_20240825 23,2487.586473682485
79_20240826 00,2154.5097645130163
79_20240826 01,2062.5148466901564
79_20240826 02,1996.58520449653
79_20240826 03,1966.0055464937998
79_20240826 04,1969.6932939430787
79_20240826 05,2033.248777370914
79_20240826 06,2433.8535430802876
79_20240826 07,3291.1836614352987
79_20240826 08,4634.330566049632
79_20240826 09,6632.458556194604
79_20240826 10,9270.160170023628
79_20240826 11,10235.917293261926
79_20240826 12,10244.537533531107
79_20240826 13,10287.356379189427
79_20240826 14,10320.71790631361
79_20240826 15,10239.148421862097
79_20240826 16,10187.642960115061
79_20240826 17,10061.857279288608
79_20240826 18,10048.858852801499
79_20240826 19,9394.47809647143
79_20240826 20,5941.696289447835
79_20240826 21,4323.33192244514
79_20240826 22,2907.506926382176
79_20240826 23,2420.428032697422
79_20240827 00,2154.7294339007253
79_20240827 01,2094.415040972587
79_20240827 02,2020.0997999253304
79_20240827 03,1983.7097322121217
79_20240827 04,1966.4706470074655
79_20240827 05,2086.3432568328626
79_20240827 06,2531.286704250312
79_20240827 07,3377.453271556156
79_20240827 08,4686.284209386131
79_20240827 09,6606.36110733064
79_20240827 10,9665.945130216376
79_20240827 11,10607.811832905272
79_20240827 12,10566.055596758513
79_20240827 13,10634.420716614984
79_20240827 14,10278.839969318149
79_20240827 15,10111.536152489685
79_20240827 16,10015.195641855917
79_20240827 17,9850.379814285223
79_20240827 18,9802.859510583938
79_20240827 19,9585.656128622888
79_20240827 20,5961.994670730781
79_20240827 21,4150.997455080815
79_20240827 22,2819.91914607377
79_20240827 23,2361.3023107301633
79_20240828 00,2095.896497962357
79_20240828 01,2015.9428600541178
79_20240828 02,1969.963108777185
79_20240828 03,1953.2238122320048
79_20240828 04,1915.405317414504
79_20240828 05,1998.2580991036853
79_20240828 06,2427.1760935040193
79_20240828 07,3247.000845467414
79_20240828 08,4381.682909667887
79_20240828 09,6325.977720570521
79_20240828 10,9056.206658628964
79_20240828 11,10022.970604209133
79_20240828 12,10071.131243506417
79_20240828 13,10233.47009162579
79_20240828 14,10168.412339436276
79_20240828 15,10097.38962674842
79_20240828 16,10028.492564224978
79_20240828 17,9864.022546416843
79_20240828 18,9775.314076849601
79_20240828 19,9520.68335392962
79_20240828 20,5893.642316481641
79_20240828 21,4143.888062453076
79_20240828 22,2845.8970620165937
79_20240828 23,2388.383505728821
79_20240829 00,2156.329086224278
79_20240829 01,2047.3609517887935
79_20240829 02,1976.3498088957608
79_20240829 03,1972.016582738592
79_20240829 04,1954.2431187886714
79_20240829 05,1997.2659923388624
79_20240829 06,2429.0821594739923
79_20240829 07,3245.4413510308686
79_20240829 08,4439.194798185463
79_20240829 09,6452.471690235014
79_20240829 10,9357.700158210384
79_20240829 11,10459.16160595567
79_20240829 12,10513.923260345455
79_20240829 13,10497.632952699882
79_20240829 14,10458.912691170037
79_20240829 15,10308.06432814701
79_20240829 16,10299.704210935055
79_20240829 17,10115.602921657119
79_20240829 18,9932.308724519527
79_20240829 19,9663.45819918279
79_20240829 20,6224.814268771108
79_20240829 21,4163.88062014445
79_20240829 22,2881.9202627764503
79_20240829 23,2420.0411238895113
79_20240830 00,2180.087356312248
79_20240830 01,2084.276682545685
79_20240830 02,1972.6321788032915
79_20240830 03,1954.9424407030006
79_20240830 04,1927.248319487655
79_20240830 05,1996.9515795282646
79_20240830 06,2412.308894428888
79_20240830 07,3289.290068095745
79_20240830 08,4608.507392926579
79_20240830 09,6835.578330950312
79_20240830 10,9462.104247663981
79_20240830 11,10314.825316818056
79_20240830 12,10448.759760924557
79_20240830 13,10574.735360700663
79_20240830 14,10511.789545987793
79_20240830 15,10507.038249174104
79_20240830 16,10528.275687319583
79_20240830 17,10434.18371509685
79_20240830 18,10336.462606277633
79_20240830 19,10031.596754705504
79_20240830 20,7922.247293255272
79_20240830 21,4326.734041610009
79_20240830 22,2896.821695943887
79_20240830 23,2389.544526641158
79_20240831 00,2127.9095544674083
79_20240831 01,2021.3072455381537
79_20240831 02,1968.8157354530515
79_20240831 03,1966.9719674055907
79_20240831 04,1943.194750864644
79_20240831 05,1993.8576815352185
79_20240831 06,2428.231943230833
79_20240831 07,3224.200767847055
79_20240831 08,4529.231905831737
79_20240831 09,6621.106966889926
79_20240831 10,9199.725094893513
79_20240831 11,10238.50713554518
79_20240831 12,10305.448340435632
79_20240831 13,10372.750234586056
79_20240831 14,10629.331844506942
79_20240831 15,10538.792021594898
79_20240831 16,10580.501407037445
79_20240831 17,10432.79313681481
79_20240831 18,10264.523356848526
79_20240831 19,9950.220829388556
79_20240831 20,7922.085895899213
79_20240831 21,4306.853409293099
79_20240831 22,2955.7533331600484
79_20240831 23,2497.589919990622
80_20240825 00,1936.638202740481
80_20240825 01,1937.6670803887632
80_20240825 02,1941.3588728190998
80_20240825 03,1953.6502756189816
80_20240825 04,1946.1932058763991
80_20240825 05,1931.3237988586743
80_20240825 06,1929.0175968339713
80_20240825 07,1922.2495579627766
80_20240825 08,1830.6792497020733
80_20240825 09,1911.7223958934999
80_20240825 10,2176.906954542124
80_20240825 11,2142.9481430914875
80_20240825 12,2079.0512776633173
80_20240825 13,2163.3169053874713
80_20240825 14,2168.705775918239
80_20240825 15,2217.3739085780744
80_20240825 16,2353.5256316817104
80_20240825 17,2156.328432889038
80_20240825 18,2045.199630299696
80_20240825 19,2065.7066601793763
80_20240825 20,2014.840632679578
80_20240825 21,2000.9688633539654
80_20240825 22,1969.0393399495374
80_20240825 23,1932.547430685608
80_20240826 00,1969.4892920961722
80_20240826 01,1966.1836957174182
80_20240826 02,1965.2792700181562
80_20240826 03,2009.1671288640696
80_20240826 04,1961.1046221971644
80_20240826 05,1981.0234628618975
80_20240826 06,1979.77959282554
80_20240826 07,2178.345024512261
80_20240826 08,2999.756422231174
80_20240826 09,3363.21574771399
80_20240826 10,3439.5962186926154
80_20240826 11,3395.6267727034137
80_20240826 12,3353.1352660210337
80_20240826 13,3371.2442758649527
80_20240826 14,3425.244021603124
80_20240826 15,3435.985567114377
80_20240826 16,3445.045884106397
80_20240826 17,3456.8209475030526
80_20240826 18,2774.102640120152
80_20240826 19,2559.845119599022
80_20240826 20,2284.9077748964546
80_20240826 21,2097.551558453422
80_20240826 22,2053.377074394379
80_20240826 23,1985.356853072734
80_20240827 00,2003.8623401585392
80_20240827 01,1988.9030846966007
80_20240827 02,2009.7188332370586
80_20240827 03,2056.1105448454327
80_20240827 04,2028.493187406183
80_20240827 05,2004.8830193363447
80_20240827 06,2007.9746790646527
80_20240827 07,2187.7959229706885
80_20240827 08,2989.4584541533372
80_20240827 09,3315.464522948995
80_20240827 10,3373.6789945782443
80_20240827 11,3356.29241653624
80_20240827 12,3338.123048612744
80_20240827 13,3356.212674808825
80_20240827 14,3424.1237537448474
80_20240827 15,3443.449691388847
80_20240827 16,3438.775496869203
80_20240827 17,3438.030190807455
80_20240827 18,2779.0690882107465
80_20240827 19,2553.506355041409
80_20240827 20,2310.5286663926213
80_20240827 21,2144.2537425943665
80_20240827 22,2076.420533258204
80_20240827 23,2007.2352723880579
80_20240828 00,1997.3925848230224
80_20240828 01,1990.7240219344483
80_20240828 02,1986.2583602209436
80_20240828 03,2029.0948295722453
80_20240828 04,2010.019944494628
80_20240828 05,2002.8214704488028
80_20240828 06,2017.970837574081
80_20240828 07,2252.02104920042
80_20240828 08,2941.3452084245273
80_20240828 09,3260.854646623524
80_20240828 10,3297.381155796499
80_20240828 11,3266.4855032790038
80_20240828 12,3270.55280461307
80_20240828 13,3293.3788266309875
80_20240828 14,3349.5182846485286
80_20240828 15,3365.6783636856985
80_20240828 16,3354.505996520759
80_20240828 17,3364.1194056509626
80_20240828 18,2699.485178185163
80_20240828 19,2461.7548543662533
80_20240828 20,2212.427246983135
80_20240828 21,2070.2597071326527
80_20240828 22,2018.386286133524
80_20240828 23,1993.6969512616113
80_20240829 00,1971.6166409218774
80_20240829 01,1974.4240965837466
80_20240829 02,1975.9163142086472
80_20240829 03,2025.019819839808
80_20240829 04,1975.986601810602
80_20240829 05,1958.58542744693
80_20240829 06,1951.5561475835568
80_20240829 07,2179.7480391831364
80_20240829 08,2848.4058185668596
80_20240829 09,3208.0122511554237
80_20240829 10,3240.8774020113615
80_20240829 11,3191.340790809885
80_20240829 12,3163.996428028654
80_20240829 13,3197.4058500987735
80_20240829 14,3297.836681036927
80_20240829 15,3327.3177182600457
80_20240829 16,3328.573775953045
80_20240829 17,3339.5024101062404
80_20240829 18,2680.3760063964673
80_20240829 19,2474.741956710757
80_20240829 20,2232.0636324768684
80_20240829 21,2044.9407222367786
80_20240829 22,2018.2666598841652
80_20240829 23,1975.982574317736
80_20240830 00,1952.3309702059057
80_20240830 01,1959.165921398272
80_20240830 02,1957.8597367936038
80_20240830 03,1983.5015852743213
80_20240830 04,1949.0136184469466
80_20240830 05,1932.7586749152645
80_20240830 06,1940.9522841800635
80_20240830 07,2111.5145338162665
80_20240830 08,2768.987191685097
80_20240830 09,3115.6796548083294
80_20240830 10,3111.850892450515
80_20240830 11,3082.586318897913
80_20240830 12,3082.786066640072
80_20240830 13,3084.5420658600183
80_20240830 14,3204.24437708029
80_20240830 15,3232.846831619357
80_20240830 16,3245.035836449664
80_20240830 17,3222.5271054659806
80_20240830 18,2523.6735183584487
80_20240830 19,2407.2756541544395
80_20240830 20,2127.235379234962
80_20240830 21,2006.4954877123203
80_20240830 22,1960.9344417959364
80_20240830 23,1943.5372233868768
80_20240831 00,1897.9629725438829
80_20240831 01,1895.7636994986528
80_20240831 02,1891.4895287528573
80_20240831 03,1905.8331676573214
80_20240831 04,1895.888723628042
80_20240831 05,1882.463985069725
80_20240831 06,1870.0238798263254
80_20240831 07,1870.9029903728301
80_20240831 08,1849.6203079263894
80_20240831 09,1789.484832280091
80_20240831 10,1913.6865310483386
80_20240831 11,1922.346704823027
80_20240831 12,1876.3647665401909
80_20240831 13,1972.0804320911955
80_20240831 14,2036.8097198215628
80_20240831 15,2139.7936722752474
80_20240831 16,2280.072941798531
80_20240831 17,2080.1235824387572
80_20240831 18,1985.0165807634762
80_20240831 19,1997.027474517985
80_20240831 20,2009.4263787568855
80_20240831 21,1964.4443066499734
80_20240831 22,1951.12255704122
80_20240831 23,1917.1484489765621
81_20240825 00,1169.4411570777206
81_20240825 01,1171.892744703829
81_20240825 02,1172.6353899387295
81_20240825 03,1163.7008010654831
81_20240825 04,1164.0164317499841
81_20240825 05,1161.7865134979547
81_20240825 06,1159.6487588553905
81_20240825 07,1163.4238412961208
81_20240825 08,1163.555025337432
81_20240825 09,1164.4325322374325
81_20240825 10,1162.32981173709
81_20240825 11,1162.4662217056089
81_20240825 12,1157.9825175212336
81_20240825 13,1140.607037904117
81_20240825 14,1155.0115279507652
81_20240825 15,1157.10716488252
81_20240825 16,1153.6327265269094
81_20240825 17,1159.4721958862904
81_20240825 18,1169.037228088351
81_20240825 19,1163.1611795576905
81_20240825 20,1165.0576653839457
81_20240825 21,1155.4683459794833
81_20240825 22,1154.4124516218203
81_20240825 23,1156.4767298220788
81_20240826 00,1167.3089484000477
81_20240826 01,1164.0056676964625
81_20240826 02,1163.4823359102295
81_20240826 03,1160.683978436638
81_20240826 04,1158.3784462087228
81_20240826 05,1154.2054023901
81_20240826 06,1154.617309451709
81_20240826 07,1165.4637651348057
81_20240826 08,1170.540596166958
81_20240826 09,1180.4911780486113
81_20240826 10,1101.4118583544478
81_20240826 11,1000.3824218618252
81_20240826 12,1046.0793499141414
81_20240826 13,963.7205910352994
81_20240826 14,942.950708948327
81_20240826 15,937.6851793377296
81_20240826 16,973.2357967281794
81_20240826 17,1096.3037317570625
81_20240826 18,1205.2631573104964
81_20240826 19,1195.3518117753351
81_20240826 20,1177.2071468983036
81_20240826 21,1167.6209500997836
81_20240826 22,1165.2315623558889
81_20240826 23,1164.5325768197968
81_20240827 00,1175.46492803826
81_20240827 01,1170.4902417122057
81_20240827 02,1169.8583108804166
81_20240827 03,1164.7593576278125
81_20240827 04,1162.2436089114892
81_20240827 05,1161.964774752979
81_20240827 06,1160.5876345816357
81_20240827 07,1161.9940325494858
81_20240827 08,1166.9344735985912
81_20240827 09,1181.2392100799534
81_20240827 10,1195.2078233337056
81_20240827 11,1198.2927721721192
81_20240827 12,1199.53104979689
81_20240827 13,1152.3943224994146
81_20240827 14,1008.6122779570267
81_20240827 15,1006.4176819014981
81_20240827 16,1070.027491017492
81_20240827 17,1153.017384682417
81_20240827 18,1185.0739851623443
81_20240827 19,1171.7356979060135
81_20240827 20,1161.834944669784
81_20240827 21,1148.5491922014737
81_20240827 22,1150.2101577896358
81_20240827 23,1149.892667879364
81_20240828 00,1160.7820348818336
81_20240828 01,1159.325903544262
81_20240828 02,1157.0732396159449
81_20240828 03,1153.1626982703785
81_20240828 04,1151.3039807377577
81_20240828 05,1149.247264304649
81_20240828 06,1151.7307792233269
81_20240828 07,1147.8695191237423
81_20240828 08,1153.0274140902457
81_20240828 09,1169.0259974654382
81_20240828 10,1176.9846326222869
81_20240828 11,1136.8596038069336
81_20240828 12,1134.6396842548802
81_20240828 13,1048.5244005450127
81_20240828 14,1026.395620743909
81_20240828 15,1018.7992467388672
81_20240828 16,1074.3287802964642
81_20240828 17,1145.6075688022474
81_20240828 18,1198.727327392732
81_20240828 19,1185.2261571613822
81_20240828 20,1164.1189164865739
81_20240828 21,1155.595142188561
81_20240828 22,1154.0028179085693
81_20240828 23,1155.2903098216507
81_20240829 00,1169.2947753159056
81_20240829 01,1167.8727306220574
81_20240829 02,1164.6958181055652
81_20240829 03,1163.3100305214452
81_20240829 04,1160.2403489675808
81_20240829 05,1157.9988173542151
81_20240829 06,1159.3346769600366
81_20240829 07,1160.606054492182
81_20240829 08,1171.3432484904963
81_20240829 09,1181.3837645434955
81_20240829 10,1186.7298691812593
81_20240829 11,1186.875741661763
81_20240829 12,1185.5730999862662
81_20240829 13,1168.1721992444523
81_20240829 14,1130.5698209575512
81_20240829 15,1144.7591214357456
81_20240829 16,1142.0476285917289
81_20240829 17,1155.5297070068157
81_20240829 18,1195.8140160696742
81_20240829 19,1189.8237666041318
81_20240829 20,1173.3128270274037
81_20240829 21,1161.8067715333514
81_20240829 22,1161.777602110502
81_20240829 23,1163.8158095128001
81_20240830 00,1176.516979411757
81_20240830 01,1167.5639160709402
81_20240830 02,1163.5794151311366
81_20240830 03,1159.6337577785298
81_20240830 04,1156.4962971256464
81_20240830 05,1155.2256247224707
81_20240830 06,1152.6345728504505
81_20240830 07,1152.8528297985085
81_20240830 08,1158.0018412072795
81_20240830 09,1186.1813859144013
81_20240830 10,1162.1672772627683
81_20240830 11,1038.1827517970253
81_20240830 12,982.1309540431839
81_20240830 13,936.2835435011345
81_20240830 14,917.6232410943308
81_20240830 15,924.3909968456765
81_20240830 16,922.0917530888476
81_20240830 17,1017.7776031144582
81_20240830 18,1176.9556422043584
81_20240830 19,1190.4849493127458
81_20240830 20,1175.3088207739029
81_20240830 21,1164.9987205170423
81_20240830 22,1160.8341410860953
81_20240830 23,1158.9396343717644
81_20240831 00,1166.8613102326194
81_20240831 01,1166.2677446145274
81_20240831 02,1164.1344764909884
81_20240831 03,1162.0896613970147
81_20240831 04,1162.1355983330102
81_20240831 05,1157.1123800884811
81_20240831 06,1155.386178204013
81_20240831 07,1154.921036210335
81_20240831 08,1157.70646452188
81_20240831 09,1166.5816085671856
81_20240831 10,1159.2936108369079
81_20240831 11,1162.0444277124639
81_20240831 12,1154.608928256861
81_20240831 13,1149.1930082287802
81_20240831 14,1151.0771814078605
81_20240831 15,1157.2637056071467
81_20240831 16,1166.9201691085977
81_20240831 17,1162.593888279156
81_20240831 18,1169.9688961924658
81_20240831 19,1163.2228634613941
81_20240831 20,1158.6630779369814
81_20240831 21,1156.5843315763839
81_20240831 22,1157.9149090943488
81_20240831 23,1156.9938610519387
82_20240825 00,533.2777194228213
82_20240825 01,518.5451121189874
82_20240825 02,515.3118490130303
82_20240825 03,508.39646532116853
82_20240825 04,504.62034858620035
82_20240825 05,510.4857631973835
82_20240825 06,535.8739968125464
82_20240825 07,612.9443057635837
82_20240825 08,782.5962570641373
82_20240825 09,1394.4686078537593
82_20240825 10,1971.0478052423364
82_20240825 11,2125.669479730427
82_20240825 12,2193.989041973058
82_20240825 13,2201.9796133587947
82_20240825 14,2194.5336535782703
82_20240825 15,2152.745709531813
82_20240825 16,2105.2728007760907
82_20240825 17,2127.340671214295
82_20240825 18,2082.8904015499793
82_20240825 19,2020.0453324974865
82_20240825 20,1899.331389351561
82_20240825 21,1484.3611784040818
82_20240825 22,817.0802258589379
82_20240825 23,544.2992391074813
82_20240826 00,506.291548886809
82_20240826 01,498.43759100936944
82_20240826 02,498.5650640938836
82_20240826 03,498.17304258411104
82_20240826 04,495.5314000831979
82_20240826 05,495.4657081458188
82_20240826 06,500.42170540170065
82_20240826 07,543.242950977916
82_20240826 08,726.3935118534735
82_20240826 09,1233.7791814891998
82_20240826 10,1769.615028987423
82_20240826 11,1827.9382473070605
82_20240826 12,1866.7394666149094
82_20240826 13,1870.4663625542196
82_20240826 14,1851.345053774794
82_20240826 15,1855.9583229488658
82_20240826 16,1848.7002221806329
82_20240826 17,1831.7687312294106
82_20240826 18,1826.7822660983036
82_20240826 19,1788.436223733676
82_20240826 20,1737.3594235972503
82_20240826 21,1485.2958775240254
82_20240826 22,855.2782825093013
82_20240826 23,550.3894550100224
82_20240827 00,513.402540581234
82_20240827 01,503.81346130797795
82_20240827 02,505.89384719018943
82_20240827 03,500.47686212767144
82_20240827 04,495.4196283918478
82_20240827 05,494.5016432427037
82_20240827 06,504.58131871791716
82_20240827 07,567.7102228116618
82_20240827 08,757.9774829519629
82_20240827 09,1274.9464013376244
82_20240827 10,1856.5382285247615
82_20240827 11,1962.5203454944617
82_20240827 12,1969.7241700069458
82_20240827 13,1985.3670086952955
82_20240827 14,1958.106142007191
82_20240827 15,1884.864666169906
82_20240827 16,1856.0880735573946
82_20240827 17,1898.9996603530594
82_20240827 18,1871.850432952896
82_20240827 19,1873.72218969093
82_20240827 20,1784.4563164302374
82_20240827 21,1451.3250615745503
82_20240827 22,836.3250514088306
82_20240827 23,539.7142414735107
82_20240828 00,501.16572913971834
82_20240828 01,480.97699633665997
82_20240828 02,478.50983410210586
82_20240828 03,477.80430907934635
82_20240828 04,477.5913582007948
82_20240828 05,483.75603861357774
82_20240828 06,488.9914582737073
82_20240828 07,560.0567374894839
82_20240828 08,727.9404634823086
82_20240828 09,1128.9108132487538
82_20240828 10,1750.289460952966
82_20240828 11,1891.8317204500363
82_20240828 12,1930.8448611071146
82_20240828 13,1919.770174808484
82_20240828 14,1924.6371815529997
82_20240828 15,1851.8394910892334
82_20240828 16,1848.508268381614
82_20240828 17,1906.533060451427
82_20240828 18,1887.4745122128966
82_20240828 19,1866.0691123784666
82_20240828 20,1786.798068178478
82_20240828 21,1400.8584234599482
82_20240828 22,828.5905193102484
82_20240828 23,542.2323505762126
82_20240829 00,511.95249088669715
82_20240829 01,502.5931264241019
82_20240829 02,504.94651393983787
82_20240829 03,503.75861217167756
82_20240829 04,499.18482919496756
82_20240829 05,507.00110840131583
82_20240829 06,520.8879909488091
82_20240829 07,592.1577136046171
82_20240829 08,767.2561958845448
82_20240829 09,1247.569339985404
82_20240829 10,1888.6361513968307
82_20240829 11,1979.0108506407591
82_20240829 12,2018.1120497349962
82_20240829 13,2018.8020951407163
82_20240829 14,2007.7635434112433
82_20240829 15,1980.518078637611
82_20240829 16,1969.7773641869385
82_20240829 17,1993.895975346934
82_20240829 18,1974.1388113719827
82_20240829 19,1925.8714699240256
82_20240829 20,1844.4558091835906
82_20240829 21,1490.1467974671737
82_20240829 22,842.5267261018703
82_20240829 23,546.367749228718
82_20240830 00,518.704925683804
82_20240830 01,506.86191613948597
82_20240830 02,505.66217729967934
82_20240830 03,506.81794232455707
82_20240830 04,502.45736619915033
82_20240830 05,505.04982713326416
82_20240830 06,508.9616162229853
82_20240830 07,565.1634203068775
82_20240830 08,754.0619064707787
82_20240830 09,1287.0962262531034
82_20240830 10,1870.8364390474053
82_20240830 11,1977.9367811252607
82_20240830 12,2056.411540100508
82_20240830 13,2059.1212774849623
82_20240830 14,2050.6779662578333
82_20240830 15,1997.5800123444433
82_20240830 16,1993.304890796995
82_20240830 17,2045.8855104524243
82_20240830 18,2000.7976071412288
82_20240830 19,1935.3766864537283
82_20240830 20,1846.800376711617
82_20240830 21,1502.7373386709464
82_20240830 22,890.3749960022728
82_20240830 23,542.3969295679946
82_20240831 00,503.68660513884254
82_20240831 01,489.1184811106776
82_20240831 02,488.18215382945846
82_20240831 03,485.55405306065546
82_20240831 04,483.5771432824505
82_20240831 05,488.52732350162296
82_20240831 06,521.7720322352116
82_20240831 07,611.2933895633524
82_20240831 08,780.201658996226
82_20240831 09,1318.8957384012606
82_20240831 10,1975.4955561745346
82_20240831 11,2088.917963974188
82_20240831 12,2153.9738703783414
82_20240831 13,2146.4496190280224
82_20240831 14,2140.3932555266883
82_20240831 15,2133.931074401616
82_20240831 16,2130.8349430185776
82_20240831 17,2093.846553971459
82_20240831 18,2036.9352320589996
82_20240831 19,1967.9767658328024
82_20240831 20,1881.4758345313694
82_20240831 21,1531.6870656314036
82_20240831 22,864.4148144464905
82_20240831 23,527.4172642226965
83_20240825 00,2620.3063328665226
83_20240825 01,2598.298494686687
83_20240825 02,2591.175544327386
83_20240825 03,2592.766281717118
83_20240825 04,2561.1798251677474
83_20240825 05,2557.8428934671565
83_20240825 06,2549.5995567035015
83_20240825 07,2538.1316860431098
83_20240825 08,2661.934132678109
83_20240825 09,2686.685459448392
83_20240825 10,2665.937047883757
83_20240825 11,2629.9489733767023
83_20240825 12,2644.2857165082605
83_20240825 13,2678.05112871519
83_20240825 14,2694.4100752314475
83_20240825 15,2702.2614303613614
83_20240825 16,2786.678115157799
83_20240825 17,2773.2448556877503
83_20240825 18,2746.563190784643
83_20240825 19,2736.9326069378067
83_20240825 20,2729.3260235033536
83_20240825 21,2711.732219642248
83_20240825 22,2636.9190515407267
83_20240825 23,2606.8215132537457
83_20240826 00,2640.854003157814
83_20240826 01,2648.719242878686
83_20240826 02,2639.7127317423474
83_20240826 03,2628.5552209155167
83_20240826 04,2626.918237857896
83_20240826 05,2605.69781165832
83_20240826 06,2623.816274710599
83_20240826 07,2651.709401859107
83_20240826 08,2916.2597759368514
83_20240826 09,3178.007634811029
83_20240826 10,3171.1738106932635
83_20240826 11,3141.374292287203
83_20240826 12,3163.47875232131
83_20240826 13,3150.233805520423
83_20240826 14,3155.7864752746764
83_20240826 15,3212.3736241751994
83_20240826 16,3182.178315241061
83_20240826 17,3208.558913156007
83_20240826 18,3180.4247588011253
83_20240826 19,3051.128413190547
83_20240826 20,2917.7447388976448
83_20240826 21,2813.019138826866
83_20240826 22,2723.2534254258876
83_20240826 23,2642.099170210131
83_20240827 00,2652.285884281001
83_20240827 01,2652.0394575829873
83_20240827 02,2644.7322505424877
83_20240827 03,2640.4895288851303
83_20240827 04,2636.393774426181
83_20240827 05,2623.8955225212476
83_20240827 06,2625.0643621686877
83_20240827 07,2647.9647206595337
83_20240827 08,2880.297985907115
83_20240827 09,3160.4056514790677
83_20240827 10,3158.4599957668324
83_20240827 11,3148.114474791558
83_20240827 12,3146.402683015127
83_20240827 13,3145.503485804107
83_20240827 14,3169.2451339713302
83_20240827 15,3208.9865324258617
83_20240827 16,3182.0475326298065
83_20240827 17,3217.908039729528
83_20240827 18,3159.7030245915066
83_20240827 19,3042.69058078459
83_20240827 20,2897.4996281246317
83_20240827 21,2755.3484398454425
83_20240827 22,2652.0361798041467
83_20240827 23,2596.02931379545
83_20240828 00,2590.7908218957973
83_20240828 01,2592.670570876262
83_20240828 02,2582.102037718292
83_20240828 03,2580.2536513121177
83_20240828 04,2573.334347508245
83_20240828 05,2554.2835795890287
83_20240828 06,2552.062925571245
83_20240828 07,2572.4711967487306
83_20240828 08,2860.4431676333943
83_20240828 09,3170.6738955367873
83_20240828 10,3141.4846600073024
83_20240828 11,3137.4248217819404
83_20240828 12,3172.675927591304
83_20240828 13,3132.503328256583
83_20240828 14,3110.9621278186846
83_20240828 15,3193.242295801452
83_20240828 16,3169.365530127019
83_20240828 17,3187.365402119075
83_20240828 18,3153.0445962264403
83_20240828 19,3048.750286192651
83_20240828 20,2900.115900996285
83_20240828 21,2772.2514787403493
83_20240828 22,2660.704178853442
83_20240828 23,2607.7163372546856
83_20240829 00,2598.8182843391214
83_20240829 01,2597.333856063496
83_20240829 02,2583.1279999946773
83_20240829 03,2564.055744884868
83_20240829 04,2560.020936983737
83_20240829 05,2541.00144915653
83_20240829 06,2544.8143173821018
83_20240829 07,2557.460885243174
83_20240829 08,2807.108128653451
83_20240829 09,3123.1649470525863
83_20240829 10,3111.1641031912895
83_20240829 11,3117.4381398721857
83_20240829 12,3137.4228022739358
83_20240829 13,3146.6131815201666
83_20240829 14,3110.849716246923
83_20240829 15,3141.433417909395
83_20240829 16,3142.770562378186
83_20240829 17,3176.464195118526
83_20240829 18,3105.905249996343
83_20240829 19,3006.247000510243
83_20240829 20,2884.0234415657364
83_20240829 21,2766.5118993961178
83_20240829 22,2665.7644267351525
83_20240829 23,2605.7349331124897
83_20240830 00,2596.259518499235
83_20240830 01,2596.3012496235674
83_20240830 02,2586.680298288497
83_20240830 03,2579.5613553647922
83_20240830 04,2569.8382794937725
83_20240830 05,2541.115050125699
83_20240830 06,2549.098333520379
83_20240830 07,2560.091272458063
83_20240830 08,2814.643127962152
83_20240830 09,3081.129347210705
83_20240830 10,3055.00920074674
83_20240830 11,3042.853126288664
83_20240830 12,3056.9280870834195
83_20240830 13,3050.146271098486
83_20240830 14,3035.2166050840683
83_20240830 15,3058.769038084223
83_20240830 16,3077.9230937359184
83_20240830 17,3107.1112805166085
83_20240830 18,3049.4980948651278
83_20240830 19,2966.177607623373
83_20240830 20,2840.2392190513583
83_20240830 21,2743.507854387355
83_20240830 22,2638.596550531819
83_20240830 23,2581.631586450504
83_20240831 00,2563.2999424054005
83_20240831 01,2537.517534195913
83_20240831 02,2526.877431677259
83_20240831 03,2524.2777191964774
83_20240831 04,2481.245325235798
83_20240831 05,2477.056508621289
83_20240831 06,2482.2127070464758
83_20240831 07,2475.3544054549
83_20240831 08,2593.5185274523715
83_20240831 09,2613.4850673250735
83_20240831 10,2602.104710335757
83_20240831 11,2567.9292418145537
83_20240831 12,2598.565879912436
83_20240831 13,2616.3142076500512
83_20240831 14,2612.5232382411077
83_20240831 15,2644.325429723831
83_20240831 16,2693.0788990596484
83_20240831 17,2697.474279418385
83_20240831 18,2669.2337137214354
83_20240831 19,2667.0881933892974
83_20240831 20,2659.5934970948756
83_20240831 21,2650.3204292906926
83_20240831 22,2608.4495136261685
83_20240831 23,2575.9289539828214
84_20240825 00,1300.550044948957
84_20240825 01,1240.4825580192737
84_20240825 02,1229.6160761399735
84_20240825 03,1218.9025879481876
84_20240825 04,1234.924125558525
84_20240825 05,1310.9619879904092
84_20240825 06,1435.4990761894076
84_20240825 07,1585.9110589102197
84_20240825 08,1711.9482463923955
84_20240825 09,1879.868476303308
84_20240825 10,2172.3943838675787
84_20240825 11,2340.655260427292
84_20240825 12,2308.46828035657
84_20240825 13,2392.1011056341567
84_20240825 14,2319.9730744723056
84_20240825 15,2412.3548188011873
84_20240825 16,2315.7889410962343
84_20240825 17,2360.7981067964474
84_20240825 18,2143.4869499859137
84_20240825 19,2090.0246166681127
84_20240825 20,1891.4813235209458
84_20240825 21,1761.3266410189742
84_20240825 22,1597.9514515751198
84_20240825 23,1412.0054638102931
84_20240826 00,1252.9137543603865
84_20240826 01,1184.691244721099
84_20240826 02,1181.7457728590966
84_20240826 03,1150.3435929294164
84_20240826 04,1178.0981685442175
84_20240826 05,1288.954169040978
84_20240826 06,1374.846585339962
84_20240826 07,1505.2909402465975
84_20240826 08,1658.3886463806566
84_20240826 09,1798.2206772501152
84_20240826 10,2039.9967746974478
84_20240826 11,2248.3726715143503
84_20240826 12,2141.342887153409
84_20240826 13,2254.7948870088817
84_20240826 14,2197.6240025957404
84_20240826 15,2344.6661014798838
84_20240826 16,2207.8109752746636
84_20240826 17,2272.5268577148213
84_20240826 18,2053.6668816508563
84_20240826 19,1997.1916187115553
84_20240826 20,1772.227790320032
84_20240826 21,1670.674114712718
84_20240826 22,1519.028023477923
84_20240826 23,1370.7648778056232
84_20240827 00,1302.7402589043757
84_20240827 01,1230.8952307455343
84_20240827 02,1199.127235962308
84_20240827 03,1190.6438499716164
84_20240827 04,1204.9184782291154
84_20240827 05,1302.1877187476216
84_20240827 06,1364.8761675168125
84_20240827 07,1488.0228829388761
84_20240827 08,1596.67880047434
84_20240827 09,1737.2491190587855
84_20240827 10,1969.9353687181301
84_20240827 11,2176.047680166496
84_20240827 12,2043.394870526566
84_20240827 13,2123.048732210264
84_20240827 14,2031.0399647168144
84_20240827 15,2223.4092156063116
84_20240827 16,2113.5837494487305
84_20240827 17,2172.545779981696
84_20240827 18,1995.9453808391856
84_20240827 19,1835.1443533373017
84_20240827 20,1622.7763543573192
84_20240827 21,1549.9589927967913
84_20240827 22,1432.7040923468726
84_20240827 23,1293.8795856879392
84_20240828 00,1178.6751074162019
84_20240828 01,1134.7500993035464
84_20240828 02,1131.5752446172205
84_20240828 03,1143.0307096904025
84_20240828 04,1160.9825693427265
84_20240828 05,1267.3539917918395
84_20240828 06,1338.443985098633
84_20240828 07,1439.7691232406798
84_20240828 08,1556.1806242973382
84_20240828 09,1685.790346340797
84_20240828 10,1938.2925406278648
84_20240828 11,2119.325303907193
84_20240828 12,2035.9261720524921
84_20240828 13,2148.9649832682417
84_20240828 14,2054.166666205593
84_20240828 15,2167.5943148851084
84_20240828 16,2070.8764047762243
84_20240828 17,2133.0024988547184
84_20240828 18,1960.3223634031242
84_20240828 19,1897.900556834377
84_20240828 20,1669.7971953842339
84_20240828 21,1571.9362255508206
84_20240828 22,1452.0368067628424
84_20240828 23,1332.80436304342
84_20240829 00,1210.3267088078267
84_20240829 01,1113.8257905356977
84_20240829 02,1084.8224911980465
84_20240829 03,1081.7655947667406
84_20240829 04,1092.4117999460298
84_20240829 05,1195.290166829681
84_20240829 06,1316.7299491471313
84_20240829 07,1387.9848744254168
84_20240829 08,1520.5498494965245
84_20240829 09,1646.1711027360088
84_20240829 10,1876.0237519319132
84_20240829 11,2064.6376632046768
84_20240829 12,2008.9144944943944
84_20240829 13,2113.757253400294
84_20240829 14,2005.5650832785127
84_20240829 15,2188.091637723833
84_20240829 16,2094.0158496584054
84_20240829 17,2200.626417930257
84_20240829 18,1948.6959772709981
84_20240829 19,1893.4511846885994
84_20240829 20,1706.3361741339388
84_20240829 21,1605.926035315103
84_20240829 22,1433.6717593910212
84_20240829 23,1330.4853946884082
84_20240830 00,1217.2433754351769
84_20240830 01,1155.7198823921285
84_20240830 02,1148.54842461951
84_20240830 03,1134.1194419267886
84_20240830 04,1143.6085650468049
84_20240830 05,1237.4918814791654
84_20240830 06,1322.7895495025498
84_20240830 07,1396.935710642317
84_20240830 08,1533.1393031974176
84_20240830 09,1669.499921656025
84_20240830 10,1928.944662637076
84_20240830 11,2126.7652889613414
84_20240830 12,2020.778637783632
84_20240830 13,2175.7536957950747
84_20240830 14,2026.6644096860011
84_20240830 15,2214.297114388361
84_20240830 16,2044.8791174419275
84_20240830 17,2147.8137848009083
84_20240830 18,1943.4770797983492
84_20240830 19,1864.4911469168514
84_20240830 20,1668.8106464593839
84_20240830 21,1582.5522910307184
84_20240830 22,1446.734990190837
84_20240830 23,1309.0091235668233
84_20240831 00,1179.694377021528
84_20240831 01,1115.6115048245174
84_20240831 02,1098.5720412441424
84_20240831 03,1079.1551619489246
84_20240831 04,1097.6381616440376
84_20240831 05,1211.258210273563
84_20240831 06,1290.4907021356819
84_20240831 07,1376.051224527853
84_20240831 08,1550.7108393688202
84_20240831 09,1698.1192486668945
84_20240831 10,1942.6877342485072
84_20240831 11,2232.0522058089787
84_20240831 12,2167.486958986002
84_20240831 13,2278.913094457287
84_20240831 14,2213.775112120762
84_20240831 15,2295.5814236678575
84_20240831 16,2178.889623953064
84_20240831 17,2213.1816475474216
84_20240831 18,2032.09644767644
84_20240831 19,1952.6507917432443
84_20240831 20,1714.5547649143987
84_20240831 21,1599.6398986903605
84_20240831 22,1445.0323548939475
84_20240831 23,1298.1561166004442
85_20240825 00,23.395421387942683
85_20240825 01,18.251771185047076
85_20240825 02,15.346216437791105
85_20240825 03,14.640723286761123
85_20240825 04,14.128559709267726
85_20240825 05,13.928849922665599
85_20240825 06,13.175187917152288
85_20240825 07,17.02598610098803
85_20240825 08,25.363792737731156
85_20240825 09,35.56569030439083
85_20240825 10,37.32909010439617
85_20240825 11,35.714554106754946
85_20240825 12,34.04850157530504
85_20240825 13,30.336882156501108
85_20240825 14,27.816149996379075
85_20240825 15,26.924933581320126
85_20240825 16,28.456554627895063
85_20240825 17,32.44195640140885
85_20240825 18,37.55238656876988
85_20240825 19,38.83452116192741
85_20240825 20,47.805022175260376
85_20240825 21,48.02712676284275
85_20240825 22,39.88541300430524
85_20240825 23,30.088401290241748
85_20240826 00,21.387053370233964
85_20240826 01,17.202286503707448
85_20240826 02,15.063136873974868
85_20240826 03,14.389356239742117
85_20240826 04,14.516065703809922
85_20240826 05,14.350369747238556
85_20240826 06,17.800557460771152
85_20240826 07,33.415532455619335
85_20240826 08,35.93280931455738
85_20240826 09,29.887382675286478
85_20240826 10,25.294800682824487
85_20240826 11,24.627091157209726
85_20240826 12,22.739748770667784
85_20240826 13,21.58830164433018
85_20240826 14,19.594615178954225
85_20240826 15,18.865684935977264
85_20240826 16,19.754331905863957
85_20240826 17,27.21746448003301
85_20240826 18,34.5458779056973
85_20240826 19,40.230849857913455
85_20240826 20,48.48112394872048
85_20240826 21,47.397766867266284
85_20240826 22,39.82417324676827
85_20240826 23,29.427095637713666
85_20240827 00,21.460650735193
85_20240827 01,17.301140186217665
85_20240827 02,15.012496077803178
85_20240827 03,14.176100766372471
85_20240827 04,14.039856496266317
85_20240827 05,13.898555224894187
85_20240827 06,17.131916771043343
85_20240827 07,32.961154534241246
85_20240827 08,34.7888124919683
85_20240827 09,28.41448873725149
85_20240827 10,23.72484151904183
85_20240827 11,23.1357207546395
85_20240827 12,20.664534028678478
85_20240827 13,19.041993835106013
85_20240827 14,18.244327554741584
85_20240827 15,17.85664281625281
85_20240827 16,18.762799437280854
85_20240827 17,24.796882878415026
85_20240827 18,33.8695807890316
85_20240827 19,38.50917057216141
85_20240827 20,48.48000052263474
85_20240827 21,47.39920370972787
85_20240827 22,40.090773082799046
85_20240827 23,30.402481050607165
85_20240828 00,21.125040991619738
85_20240828 01,17.095397191726594
85_20240828 02,15.15538392922152
85_20240828 03,14.626995317804118
85_20240828 04,14.290640027846848
85_20240828 05,14.089431101958308
85_20240828 06,17.37089929027334
85_20240828 07,32.94182022466417
85_20240828 08,35.531684351939376
85_20240828 09,29.458609111241067
85_20240828 10,23.46583023605449
85_20240828 11,21.602574684589744
85_20240828 12,19.519263470607605
85_20240828 13,18.625078938720915
85_20240828 14,19.403100729702196
85_20240828 15,17.89602079249982
85_20240828 16,18.766370350151906
85_20240828 17,24.757356553767274
85_20240828 18,34.57074214054298
85_20240828 19,39.398586894774674
85_20240828 20,46.31995407836037
85_20240828 21,47.25181734704326
85_20240828 22,39.835045374527915
85_20240828 23,30.019169188285453
85_20240829 00,22.23116306987314
85_20240829 01,17.079067380053
85_20240829 02,15.078915963987509
85_20240829 03,13.98671000617259
85_20240829 04,13.934264715857712
85_20240829 05,14.197723543595657
85_20240829 06,17.1085251133727
85_20240829 07,30.470744706917007
85_20240829 08,33.87729323932078
85_20240829 09,31.62945856261407
85_20240829 10,25.64856194067788
85_20240829 11,24.00078486796172
85_20240829 12,21.221356483017708
85_20240829 13,19.815271870175742
85_20240829 14,18.355543162649603
85_20240829 15,18.56089912738111
85_20240829 16,20.717333645825526
85_20240829 17,24.793107834596434
85_20240829 18,33.333149052450594
85_20240829 19,39.416969404002955
85_20240829 20,47.00967026649815
85_20240829 21,45.34159693994344
85_20240829 22,39.303995105143414
85_20240829 23,29.161906397283772
85_20240830 00,21.11577512866524
85_20240830 01,17.503340424903012
85_20240830 02,14.972772053694737
85_20240830 03,14.109219109079184
85_20240830 04,14.452048454120582
85_20240830 05,14.000305915600409
85_20240830 06,17.12214552708449
85_20240830 07,32.45890989410562
85_20240830 08,35.47752958974861
85_20240830 09,30.65900075714269
85_20240830 10,24.699006292782915
85_20240830 11,23.80987949939798
85_20240830 12,21.199162143988513
85_20240830 13,19.588944229161502
85_20240830 14,19.019599081587053
85_20240830 15,18.954553977015937
85_20240830 16,20.015455135651038
85_20240830 17,25.317578403428396
85_20240830 18,31.16097671156686
85_20240830 19,37.174070397628185
85_20240830 20,43.497415403065425
85_20240830 21,42.334236980531166
85_20240830 22,37.90864630417378
85_20240830 23,31.266035695261117
85_20240831 00,23.53920087879171
85_20240831 01,18.175075655947186
85_20240831 02,15.208334553723905
85_20240831 03,14.292172515390712
85_20240831 04,13.99366749269362
85_20240831 05,13.55614613826425
85_20240831 06,14.053896299619897
85_20240831 07,19.86014950863472
85_20240831 08,29.717209071804405
85_20240831 09,37.86423287124033
85_20240831 10,37.582915762417414
85_20240831 11,34.623295220380356
85_20240831 12,29.79261916102319
85_20240831 13,26.6753291874962
85_20240831 14,24.313198394088
85_20240831 15,23.04256686840246
85_20240831 16,25.104968243090884
85_20240831 17,28.41586367599187
85_20240831 18,29.39886474929047
85_20240831 19,34.522817204560305
85_20240831 20,39.685584134592396
85_20240831 21,40.70507211183326
85_20240831 22,37.5427066627595
85_20240831 23,30.599733649769036
86_20240825 00,676.6905333173099
86_20240825 01,648.6623168579296
86_20240825 02,633.2177044920454
86_20240825 03,626.3494225136997
86_20240825 04,626.5771452917744
86_20240825 05,624.5622241669512
86_20240825 06,637.6936385978979
86_20240825 07,741.4453233294569
86_20240825 08,1060.3224053466479
86_20240825 09,1115.4601903864104
86_20240825 10,1175.9346550249293
86_20240825 11,1241.7868174234347
86_20240825 12,1265.76977221086
86_20240825 13,1281.8858425929898
86_20240825 14,1326.0607880931288
86_20240825 15,1329.9678485693416
86_20240825 16,1359.9046612002378
86_20240825 17,1386.4321407930572
86_20240825 18,1343.4792153255064
86_20240825 19,1293.0053250382753
86_20240825 20,1147.4363842451703
86_20240825 21,1040.481050457241
86_20240825 22,842.1610442283616
86_20240825 23,714.1339446380894
86_20240826 00,673.9086377359376
86_20240826 01,649.7327249205398
86_20240826 02,639.1204760184394
86_20240826 03,630.4532208231446
86_20240826 04,632.2981106561942
86_20240826 05,633.2056980421188
86_20240826 06,705.324841351763
86_20240826 07,1379.2323821455557
86_20240826 08,2199.3459225423226
86_20240826 09,2779.8339938178397
86_20240826 10,3058.260326395214
86_20240826 11,3164.295726063625
86_20240826 12,3137.2285537393127
86_20240826 13,3150.5105829913873
86_20240826 14,3122.2167573619395
86_20240826 15,3013.0372146562954
86_20240826 16,2972.210748150197
86_20240826 17,2857.596272642122
86_20240826 18,2435.414285727329
86_20240826 19,2034.8707724760698
86_20240826 20,1685.4789311192899
86_20240826 21,1374.0757900548128
86_20240826 22,1034.4700572363345
86_20240826 23,815.9657678237609
86_20240827 00,721.8064869415779
86_20240827 01,686.7322803241788
86_20240827 02,671.318888335064
86_20240827 03,638.825873085982
86_20240827 04,641.6670712627001
86_20240827 05,643.6137118106699
86_20240827 06,698.346705297376
86_20240827 07,1260.6473828791486
86_20240827 08,2050.9185221664893
86_20240827 09,2631.3296851298355
86_20240827 10,2865.6599310630168
86_20240827 11,2929.1128812626384
86_20240827 12,2945.203550969667
86_20240827 13,2976.5749677423028
86_20240827 14,2980.7397413389945
86_20240827 15,2893.1803354501167
86_20240827 16,2897.186648858433
86_20240827 17,2800.5190837211376
86_20240827 18,2394.563035299292
86_20240827 19,1998.0797909106782
86_20240827 20,1640.0723800132623
86_20240827 21,1297.6366780272003
86_20240827 22,1007.0192100061643
86_20240827 23,793.6409228670284
86_20240828 00,706.4049866484404
86_20240828 01,673.6425101673398
86_20240828 02,649.1914135825871
86_20240828 03,626.9195522545725
86_20240828 04,627.6227039258825
86_20240828 05,636.3530133791528
86_20240828 06,688.8055012957107
86_20240828 07,1287.0088708977182
86_20240828 08,2066.469059436774
86_20240828 09,2655.3196424457046
86_20240828 10,2901.1037784598548
86_20240828 11,2996.823662795993
86_20240828 12,3014.927227051993
86_20240828 13,3036.704584565432
86_20240828 14,3052.2994495888693
86_20240828 15,2947.345245456623
86_20240828 16,2927.520721682367
86_20240828 17,2831.9406566773455
86_20240828 18,2401.9416820239358
86_20240828 19,2015.5696403682696
86_20240828 20,1675.3787146426403
86_20240828 21,1344.153597325363
86_20240828 22,1024.1038541464454
86_20240828 23,803.3424705914745
86_20240829 00,705.3955275275955
86_20240829 01,663.3137217860615
86_20240829 02,638.5492313500773
86_20240829 03,620.9472888915982
86_20240829 04,622.818285303065
86_20240829 05,626.506732554288
86_20240829 06,678.7289707339114
86_20240829 07,1211.5872474185962
86_20240829 08,1940.1222746383164
86_20240829 09,2599.486597309578
86_20240829 10,2867.3534204815087
86_20240829 11,2975.0493480357527
86_20240829 12,2993.411948615291
86_20240829 13,3021.463690086437
86_20240829 14,3020.4076824125123
86_20240829 15,2913.606155952715
86_20240829 16,2879.003447659774
86_20240829 17,2785.808732659354
86_20240829 18,2318.2602759252177
86_20240829 19,1934.3315515102825
86_20240829 20,1620.3974003133442
86_20240829 21,1256.4246615953255
86_20240829 22,996.1823786553109
86_20240829 23,790.1928049277451
86_20240830 00,699.9745736389469
86_20240830 01,663.962954716207
86_20240830 02,634.9223402947325
86_20240830 03,616.7934442598261
86_20240830 04,619.233228746911
86_20240830 05,619.7938286726496
86_20240830 06,672.8789444184779
86_20240830 07,1194.1974844463925
86_20240830 08,1983.0532482976269
86_20240830 09,2570.405646396209
86_20240830 10,2832.4109897147077
86_20240830 11,2907.4070136982727
86_20240830 12,2900.172320842792
86_20240830 13,2918.7013199875214
86_20240830 14,2903.7356631046036
86_20240830 15,2833.0475988074177
86_20240830 16,2801.919656516309
86_20240830 17,2683.540296670764
86_20240830 18,2217.109377139922
86_20240830 19,1860.8152325976785
86_20240830 20,1555.5963639752556
86_20240830 21,1256.9217182955585
86_20240830 22,992.9063572487942
86_20240830 23,788.1289161875
86_20240831 00,688.219920335253
86_20240831 01,648.0263279680762
86_20240831 02,620.9444384639521
86_20240831 03,609.4881873678087
86_20240831 04,608.848692973425
86_20240831 05,608.3109434699243
86_20240831 06,634.3957998478846
86_20240831 07,735.6627123097079
86_20240831 08,1037.54326309539
86_20240831 09,1084.1984499870634
86_20240831 10,1227.3278721362021
86_20240831 11,1266.595531207569
86_20240831 12,1322.9240839665745
86_20240831 13,1342.0964676586193
86_20240831 14,1344.000305035567
86_20240831 15,1353.5022103645194
86_20240831 16,1366.7172683166516
86_20240831 17,1385.4851287362178
86_20240831 18,1338.7504508711027
86_20240831 19,1281.9000308384684
86_20240831 20,1132.4320300371392
86_20240831 21,1035.7984848857182
86_20240831 22,844.8785045348768
86_20240831 23,705.3993914016887
87_20240825 00,1231.3943590453778
87_20240825 01,1258.2082467824375
87_20240825 02,1287.653215859807
87_20240825 03,1327.7668803995691
87_20240825 04,1395.7917783463945
87_20240825 05,1434.712102067568
87_20240825 06,1398.8483762899223
87_20240825 07,1372.3864529436814
87_20240825 08,1390.2569918386257
87_20240825 09,1328.7644197901957
87_20240825 10,1308.6407193035434
87_20240825 11,1260.4843669720417
87_20240825 12,1196.9801667296633
87_20240825 13,1148.7697912004546
87_20240825 14,1097.4816176158506
87_20240825 15,1082.9498267059175
87_20240825 16,1057.9813298221893
87_20240825 17,1050.9954934657849
87_20240825 18,1023.2975968560935
87_20240825 19,1025.9648096762978
87_20240825 20,1146.1072038899306
87_20240825 21,1558.8912968434645
87_20240825 22,2304.7997535567174
87_20240825 23,2437.1531888965837
87_20240826 00,2710.6302031758273
87_20240826 01,2726.1435055619622
87_20240826 02,2763.9992126477823
87_20240826 03,2799.4702518438717
87_20240826 04,2814.2231411245143
87_20240826 05,2605.237876997932
87_20240826 06,2302.3032719618586
87_20240826 07,1971.3749565010985
87_20240826 08,1880.0257621098178
87_20240826 09,1777.5328400881394
87_20240826 10,1634.6153553217064
87_20240826 11,1518.0525446469105
87_20240826 12,1410.4339035384942
87_20240826 13,1309.3530150403672
87_20240826 14,1223.7881808458892
87_20240826 15,1171.3168623391502
87_20240826 16,1140.0692748528195
87_20240826 17,1108.5243569484999
87_20240826 18,1081.9974142626645
87_20240826 19,1099.8782354902578
87_20240826 20,1233.0741601803677
87_20240826 21,1696.3191319173468
87_20240826 22,2292.452903126281
87_20240826 23,2447.7137107335157
87_20240827 00,2661.0938638302837
87_20240827 01,2700.7120161889206
87_20240827 02,2742.5455622568916
87_20240827 03,2780.104565263605
87_20240827 04,2803.884380068419
87_20240827 05,2590.1554389317216
87_20240827 06,2279.569285823029
87_20240827 07,1975.0217182669253
87_20240827 08,1854.6690337080072
87_20240827 09,1791.723700158209
87_20240827 10,1674.0510287508132
87_20240827 11,1520.253584919409
87_20240827 12,1406.043312444957
87_20240827 13,1308.6875971744862
87_20240827 14,1257.9124779251474
87_20240827 15,1171.4639768839902
87_20240827 16,1137.951200767173
87_20240827 17,1107.0328245339037
87_20240827 18,1071.8142822680554
87_20240827 19,1072.3038877480203
87_20240827 20,1227.0031946874815
87_20240827 21,1644.1772660889862
87_20240827 22,2319.86132734492
87_20240827 23,2411.307724394521
87_20240828 00,2507.187533862251
87_20240828 01,2485.7018405287354
87_20240828 02,2617.0213587766407
87_20240828 03,2660.235598334851
87_20240828 04,2643.440731009279
87_20240828 05,2490.186099445621
87_20240828 06,2202.755539759799
87_20240828 07,1935.0125195843762
87_20240828 08,1814.5008633882217
87_20240828 09,1765.2634995163428
87_20240828 10,1622.7018749418198
87_20240828 11,1513.429399636159
87_20240828 12,1400.1382269110275
87_20240828 13,1292.5939677029605
87_20240828 14,1218.7507913953968
87_20240828 15,1152.265320992974
87_20240828 16,1130.1552803819873
87_20240828 17,1078.7723263270368
87_20240828 18,1066.385767626796
87_20240828 19,1063.1053191160308
87_20240828 20,1195.2889996651656
87_20240828 21,1573.4533740572715
87_20240828 22,2011.7581056111867
87_20240828 23,2216.356780163638
87_20240829 00,2319.929960520684
87_20240829 01,2368.8722458442817
87_20240829 02,2494.586921598997
87_20240829 03,2549.9211492264303
87_20240829 04,2553.9409549055777
87_20240829 05,2389.843395259084
87_20240829 06,2076.2011840544255
87_20240829 07,1869.2022189012587
87_20240829 08,1762.1246841480101
87_20240829 09,1677.904869955552
87_20240829 10,1626.2265996257179
87_20240829 11,1474.9026938627526
87_20240829 12,1342.6797916479773
87_20240829 13,1297.5985157043697
87_20240829 14,1190.1891532157458
87_20240829 15,1112.3292050551697
87_20240829 16,1078.8458344053843
87_20240829 17,1047.5942299339013
87_20240829 18,1037.6967913915512
87_20240829 19,1040.20772284646
87_20240829 20,1153.3236926146437
87_20240829 21,1516.3651137063084
87_20240829 22,1832.378789816698
87_20240829 23,1918.7637278628347
87_20240830 00,1915.0515182648387
87_20240830 01,1968.0968153787987
87_20240830 02,2134.9836258282558
87_20240830 03,2237.529418060829
87_20240830 04,2226.39714309003
87_20240830 05,2128.2095495603635
87_20240830 06,1948.402001193037
87_20240830 07,1774.506048154234
87_20240830 08,1663.0756136560965
87_20240830 09,1597.1603465569135
87_20240830 10,1528.1473960775074
87_20240830 11,1418.7457591308196
87_20240830 12,1279.9778049593078
87_20240830 13,1179.6756770239267
87_20240830 14,1119.0167122439464
87_20240830 15,1074.2319482144294
87_20240830 16,1033.1108631181767
87_20240830 17,1022.8823761300055
87_20240830 18,1017.1467463359946
87_20240830 19,1012.0508592728695
87_20240830 20,1058.6052785931738
87_20240830 21,1161.177487328132
87_20240830 22,1289.9602886595803
87_20240830 23,1333.2712510672595
87_20240831 00,1262.7348112867749
87_20240831 01,1329.4240121377316
87_20240831 02,1408.0750781141055
87_20240831 03,1377.064596675369
87_20240831 04,1414.461198338631
87_20240831 05,1429.7592847082565
87_20240831 06,1369.6802511562064
87_20240831 07,1326.0896742123316
87_20240831 08,1318.387767045624
87_20240831 09,1289.5755556730196
87_20240831 10,1241.1296235233754
87_20240831 11,1187.0601049809043
87_20240831 12,1132.277715082142
87_20240831 13,1073.3765356968906
87_20240831 14,1034.4319725802222
87_20240831 15,1024.2543448561578
87_20240831 16,1018.3622731303101
87_20240831 17,1009.5744639688655
87_20240831 18,990.7123328342936
87_20240831 19,984.4088472578036
87_20240831 20,1029.224686567739
87_20240831 21,1092.6095152590196
87_20240831 22,1147.044862336651
87_20240831 23,1162.906962712339
88_20240825 00,963.580015422949
88_20240825 01,859.478784359943
88_20240825 02,795.0239798140861
88_20240825 03,764.6859549752209
88_20240825 04,711.0513649139089
88_20240825 05,709.6702236447702
88_20240825 06,746.4753199173937
88_20240825 07,1055.8587145947968
88_20240825 08,1543.965310811938
88_20240825 09,2680.2727065666404
88_20240825 10,5033.640745977538
88_20240825 11,5611.948936535808
88_20240825 12,5704.6224072160585
88_20240825 13,5836.464583920632
88_20240825 14,5857.622759799613
88_20240825 15,5851.4680019347325
88_20240825 16,5822.235391197117
88_20240825 17,5684.303880311391
88_20240825 18,5511.214454929009
88_20240825 19,4842.200456993782
88_20240825 20,4555.22309209462
88_20240825 21,2309.327424373553
88_20240825 22,1262.3862810780038
88_20240825 23,1069.2625618240754
88_20240826 00,936.8602577909325
88_20240826 01,839.5572444491602
88_20240826 02,812.677100122334
88_20240826 03,792.663565957701
88_20240826 04,752.803979077989
88_20240826 05,756.9586079662859
88_20240826 06,779.4836425026285
88_20240826 07,1016.5482627409847
88_20240826 08,1389.4900424446657
88_20240826 09,2465.654876874312
88_20240826 10,4775.641695438784
88_20240826 11,5214.436193390847
88_20240826 12,5281.388681118591
88_20240826 13,5280.987223107353
88_20240826 14,5272.890370991005
88_20240826 15,5194.164605365964
88_20240826 16,5031.549043677105
88_20240826 17,5012.920269865603
88_20240826 18,4939.956859377389
88_20240826 19,4442.841652626969
88_20240826 20,4328.576237937883
88_20240826 21,2170.3125515248103
88_20240826 22,1217.3740529185657
88_20240826 23,1047.7910142593628
88_20240827 00,896.3383255886395
88_20240827 01,813.7740707505228
88_20240827 02,788.8531341564235
88_20240827 03,777.280666658954
88_20240827 04,727.409700154933
88_20240827 05,714.5551671758581
88_20240827 06,733.0942695864292
88_20240827 07,1022.259745049093
88_20240827 08,1361.1879791126576
88_20240827 09,2375.9511330343867
88_20240827 10,4524.040983201541
88_20240827 11,4957.1600218921685
88_20240827 12,4961.686439630748
88_20240827 13,5087.140745096252
88_20240827 14,5112.959232072648
88_20240827 15,5040.237801127745
88_20240827 16,4876.588496167218
88_20240827 17,4775.0551247532185
88_20240827 18,4717.0192984568075
88_20240827 19,4246.076190937979
88_20240827 20,4087.6186302161927
88_20240827 21,2177.22290004175
88_20240827 22,1224.754269266749
88_20240827 23,1018.7532868665095
88_20240828 00,898.4798357701911
88_20240828 01,818.4216706549155
88_20240828 02,799.4349549220526
88_20240828 03,783.515396366269
88_20240828 04,732.2683087391063
88_20240828 05,715.9465909494841
88_20240828 06,746.3015566329009
88_20240828 07,1059.0398099174392
88_20240828 08,1457.6175807872955
88_20240828 09,2525.0713222247605
88_20240828 10,4554.684372971253
88_20240828 11,4982.458638571778
88_20240828 12,5138.286091321021
88_20240828 13,5097.326738899839
88_20240828 14,5154.903189863895
88_20240828 15,5153.390552243748
88_20240828 16,5047.584873193397
88_20240828 17,4876.923682371343
88_20240828 18,4827.375212043613
88_20240828 19,4357.848836211901
88_20240828 20,4207.985710908613
88_20240828 21,2286.782342823871
88_20240828 22,1278.2125876012083
88_20240828 23,1079.8044816867923
88_20240829 00,925.7170579826662
88_20240829 01,823.8030764519997
88_20240829 02,792.9634378681872
88_20240829 03,763.9785248714014
88_20240829 04,706.1483176394318
88_20240829 05,704.8717539630081
88_20240829 06,734.056004747329
88_20240829 07,1063.5288339827202
88_20240829 08,1512.9856728875884
88_20240829 09,2582.0501671068287
88_20240829 10,4570.045869661915
88_20240829 11,5091.683927029152
88_20240829 12,5291.76150581212
88_20240829 13,5254.2726948578
88_20240829 14,5203.757838926915
88_20240829 15,5180.150503431798
88_20240829 16,5032.8931156908475
88_20240829 17,4802.173775023464
88_20240829 18,4700.527423524121
88_20240829 19,4302.753077179594
88_20240829 20,4152.679625884934
88_20240829 21,2181.733057413453
88_20240829 22,1259.4055907310762
88_20240829 23,1061.4908448220422
88_20240830 00,921.0947584923789
88_20240830 01,823.2080846766526
88_20240830 02,789.2460577297961
88_20240830 03,773.0169312080186
88_20240830 04,721.6286114856695
88_20240830 05,708.0758957734045
88_20240830 06,726.7609517249483
88_20240830 07,989.1810799751895
88_20240830 08,1452.7944186399473
88_20240830 09,2537.480614376448
88_20240830 10,4581.229949935055
88_20240830 11,5038.641012836075
88_20240830 12,5232.479326813031
88_20240830 13,5284.406028532872
88_20240830 14,5266.744096662022
88_20240830 15,5191.173975984203
88_20240830 16,5046.509782325345
88_20240830 17,5033.720577980046
88_20240830 18,4945.557070592528
88_20240830 19,4482.810790001025
88_20240830 20,4214.147332957672
88_20240830 21,2316.860271053547
88_20240830 22,1282.849604045992
88_20240830 23,1076.2564773624867
88_20240831 00,962.629235639607
88_20240831 01,847.546519428335
88_20240831 02,790.306577879551
88_20240831 03,772.7950523855167
88_20240831 04,715.7294945248165
88_20240831 05,710.3766578208867
88_20240831 06,768.2165834335954
88_20240831 07,1148.49161513309
88_20240831 08,1618.927335939559
88_20240831 09,2671.6250374820784
88_20240831 10,4755.047613222949
88_20240831 11,5273.639094017265
88_20240831 12,5476.013235285955
88_20240831 13,5580.202426422414
88_20240831 14,5650.759848870586
88_20240831 15,5730.435431532649
88_20240831 16,5674.279317200215
88_20240831 17,5522.035923270096
88_20240831 18,5352.400417029939
88_20240831 19,4651.46327473744
88_20240831 20,4315.1573632840245
88_20240831 21,2320.4847661327926
88_20240831 22,1266.746034937298
88_20240831 23,1071.5699303010265
89_20240825 00,8795.361539991873
89_20240825 01,8419.806485873234
89_20240825 02,7730.632746508021
89_20240825 03,7636.725561435202
89_20240825 04,7438.962079730085
89_20240825 05,7507.981680721312
89_20240825 06,7557.031506158748
89_20240825 07,7665.2015553283445
89_20240825 08,7784.871674694307
89_20240825 09,8024.806342592112
89_20240825 10,8241.33240999115
89_20240825 11,8451.333263796078
89_20240825 12,8296.48107852615
89_20240825 13,8378.239263617737
89_20240825 14,8447.354431640775
89_20240825 15,8561.02783274689
89_20240825 16,8497.397828576948
89_20240825 17,8602.735280973839
89_20240825 18,8652.345172256912
89_20240825 19,8691.257593626018
89_20240825 20,8749.285814851904
89_20240825 21,8770.886648273185
89_20240825 22,8825.927266348195
89_20240825 23,8950.630995336895
89_20240826 00,8598.104901761653
89_20240826 01,8213.000715026817
89_20240826 02,7735.465297827563
89_20240826 03,7502.802377914553
89_20240826 04,7414.121558844736
89_20240826 05,7506.1518947354
89_20240826 06,7543.197343212994
89_20240826 07,7614.896279706994
89_20240826 08,7652.787918800986
89_20240826 09,7925.850767036366
89_20240826 10,8217.759665738067
89_20240826 11,8319.95762965273
89_20240826 12,8242.27730594348
89_20240826 13,8296.443479621497
89_20240826 14,8319.00559856403
89_20240826 15,8378.58215094806
89_20240826 16,8356.666169263952
89_20240826 17,8418.343018148902
89_20240826 18,8458.756427621765
89_20240826 19,8452.750841029982
89_20240826 20,8564.30536202202
89_20240826 21,8504.92706171643
89_20240826 22,8658.98400334983
89_20240826 23,8830.673799816557
89_20240827 00,8576.753849037119
89_20240827 01,8152.7036078520705
89_20240827 02,7574.20988569884
89_20240827 03,7383.169673241224
89_20240827 04,7440.322936993067
89_20240827 05,7424.282579960307
89_20240827 06,7460.271507721767
89_20240827 07,7593.396028071448
89_20240827 08,7558.73316160641
89_20240827 09,7851.5326655220215
89_20240827 10,8080.149102929368
89_20240827 11,8257.444828114565
89_20240827 12,8167.534682220221
89_20240827 13,8272.95546309166
89_20240827 14,8295.910894562036
89_20240827 15,8335.55580817991
89_20240827 16,8362.678471831505
89_20240827 17,8388.903910417064
89_20240827 18,8386.477919007195
89_20240827 19,8394.63786565655
89_20240827 20,8507.09664071441
89_20240827 21,8509.957190547215
89_20240827 22,8501.7764028692
89_20240827 23,8810.447093205308
89_20240828 00,8298.123579677826
89_20240828 01,7959.484621560005
89_20240828 02,7420.271320924248
89_20240828 03,7328.827060595239
89_20240828 04,7238.593390021658
89_20240828 05,7403.1385531606575
89_20240828 06,7433.167533967529
89_20240828 07,7570.898123368291
89_20240828 08,7112.355420318335
89_20240828 09,7561.033775224981
89_20240828 10,8038.489556260156
89_20240828 11,8247.636323758274
89_20240828 12,8176.55935977843
89_20240828 13,8237.61764211622
89_20240828 14,8301.134235273019
89_20240828 15,8410.248652653143
89_20240828 16,8280.980082465794
89_20240828 17,8381.505260386188
89_20240828 18,8428.796374241352
89_20240828 19,8347.091851970868
89_20240828 20,8390.05262597108
89_20240828 21,8293.073721488825
89_20240828 22,8347.45987204746
89_20240828 23,8702.443177756148
89_20240829 00,8364.452744751681
89_20240829 01,8013.603450398154
89_20240829 02,7516.756653611899
89_20240829 03,7362.346216080765
89_20240829 04,7242.258213791989
89_20240829 05,7392.711930289379
89_20240829 06,7473.115345649643
89_20240829 07,7635.60045694914
89_20240829 08,7238.848527070595
89_20240829 09,7616.466961229612
89_20240829 10,8043.29690563911
89_20240829 11,8262.378859913886
89_20240829 12,8181.019888922492
89_20240829 13,8356.09459745773
89_20240829 14,8336.549136779526
89_20240829 15,8362.182154132614
89_20240829 16,8342.629256087428
89_20240829 17,8372.613575318595
89_20240829 18,8399.994222464138
89_20240829 19,8395.407803530623
89_20240829 20,8346.42954303352
89_20240829 21,8363.379816473956
89_20240829 22,8373.863147506192
89_20240829 23,8473.7126924613
89_20240830 00,8175.790715821551
89_20240830 01,7845.246729474831
89_20240830 02,7353.092930907942
89_20240830 03,7226.063590021293
89_20240830 04,7142.600901356227
89_20240830 05,7295.5773015368495
89_20240830 06,7376.289021468599
89_20240830 07,7529.139516581372
89_20240830 08,6947.361529416851
89_20240830 09,7437.676988248493
89_20240830 10,7933.742799778844
89_20240830 11,8159.170290147548
89_20240830 12,8107.392517948088
89_20240830 13,8241.963330839828
89_20240830 14,8248.803519241033
89_20240830 15,8280.383622770367
89_20240830 16,8281.235509898765
89_20240830 17,8370.516973095946
89_20240830 18,8415.516619164462
89_20240830 19,8389.119394381401
89_20240830 20,8487.552669132654
89_20240830 21,8329.737417135133
89_20240830 22,8303.852330917172
89_20240830 23,8166.388669054146
89_20240831 00,7922.433600105772
89_20240831 01,7810.273388065232
89_20240831 02,7338.952019131509
89_20240831 03,7267.736430126374
89_20240831 04,7161.128781297233
89_20240831 05,7312.387155425222
89_20240831 06,7370.883074718566
89_20240831 07,7576.5386035620395
89_20240831 08,6961.64724526837
89_20240831 09,7192.042552031131
89_20240831 10,7576.8157048632675
89_20240831 11,7930.621860080656
89_20240831 12,7889.578168754893
89_20240831 13,8106.508472268599
89_20240831 14,8112.562679411491
89_20240831 15,8184.721328890451
89_20240831 16,8187.773970642464
89_20240831 17,8276.331464702496
89_20240831 18,8319.319508151646
89_20240831 19,8371.458185095491
89_20240831 20,8413.596231505478
89_20240831 21,8126.656519387578
89_20240831 22,8398.461346985296
89_20240831 23,8375.205887910168
90_20240825 00,1882.3756654395181
90_20240825 01,1887.5682100239896
90_20240825 02,1864.200756413179
90_20240825 03,1840.5119009245013
90_20240825 04,1840.6773975797469
90_20240825 05,1911.9519515340035
90_20240825 06,1957.0098083728767
90_20240825 07,2015.195186507396
90_20240825 08,2083.0797548251226
90_20240825 09,2149.354232087442
90_20240825 10,2156.265715992744
90_20240825 11,2115.1316757446493
90_20240825 12,2157.198871044416
90_20240825 13,2143.4938095268367
90_20240825 14,2129.669833393393
90_20240825 15,2137.2058736170284
90_20240825 16,2183.4389786554852
90_20240825 17,2153.7959192603907
90_20240825 18,2114.8899030390994
90_20240825 19,2043.297896831522
90_20240825 20,2050.0720828988096
90_20240825 21,1990.840740847399
90_20240825 22,1915.4629076519745
90_20240825 23,1899.3110754003933
90_20240826 00,1862.1327648813915
90_20240826 01,1834.8261658313154
90_20240826 02,1822.289991599816
90_20240826 03,1827.3289400234173
90_20240826 04,1835.7247538478098
90_20240826 05,1940.854583908601
90_20240826 06,2075.3433281881385
90_20240826 07,2585.6509142874966
90_20240826 08,3048.903150566416
90_20240826 09,3254.7740417882733
90_20240826 10,3261.2629304365855
90_20240826 11,3230.8539592187185
90_20240826 12,3160.672816348992
90_20240826 13,3157.6307773006038
90_20240826 14,3186.3439226291675
90_20240826 15,3181.5630852556924
90_20240826 16,3153.191225747973
90_20240826 17,2922.390950012148
90_20240826 18,2456.854933891267
90_20240826 19,2153.770163115108
90_20240826 20,2105.0805196224146
90_20240826 21,2035.9931440764694
90_20240826 22,1927.9956245240119
90_20240826 23,1874.5457572327173
90_20240827 00,1844.6854991966125
90_20240827 01,1841.9333939879239
90_20240827 02,1827.9283730917348
90_20240827 03,1824.634375972978
90_20240827 04,1832.9980908329762
90_20240827 05,1942.2869277390103
90_20240827 06,2094.115188337374
90_20240827 07,2539.7617625649614
90_20240827 08,3024.125068508445
90_20240827 09,3215.020165098915
90_20240827 10,3219.9913474740824
90_20240827 11,3190.1454582819074
90_20240827 12,3099.689425726391
90_20240827 13,3110.0383801883872
90_20240827 14,3157.567733973377
90_20240827 15,3151.5898384390694
90_20240827 16,3114.228035899582
90_20240827 17,2900.792027004323
90_20240827 18,2445.807673412467
90_20240827 19,2130.324425128868
90_20240827 20,2113.501856476353
90_20240827 21,2067.8581818885814
90_20240827 22,1981.7094657624416
90_20240827 23,1890.1988078151376
90_20240828 00,1856.2004022582712
90_20240828 01,1850.0597332910625
90_20240828 02,1827.0154181659498
90_20240828 03,1802.791198138768
90_20240828 04,1773.290041416538
90_20240828 05,1861.3391647076712
90_20240828 06,2004.1248106059395
90_20240828 07,2504.474946870722
90_20240828 08,2985.2480023475205
90_20240828 09,3180.9621139198193
90_20240828 10,3203.116841233388
90_20240828 11,3183.8190432637634
90_20240828 12,3095.897069613423
90_20240828 13,3092.2729750643875
90_20240828 14,3123.996949307326
90_20240828 15,3128.8035960133957
90_20240828 16,3092.569777125116
90_20240828 17,2895.3435939065334
90_20240828 18,2427.661834925247
90_20240828 19,2128.5143300338705
90_20240828 20,2092.1876502797677
90_20240828 21,2037.2989703605433
90_20240828 22,1942.617848929276
90_20240828 23,1877.038172899839
90_20240829 00,1838.931947590719
90_20240829 01,1838.4675949343653
90_20240829 02,1841.0206639444434
90_20240829 03,1845.0322646814266
90_20240829 04,1827.661597784092
90_20240829 05,1885.434989806893
90_20240829 06,2014.719282454309
90_20240829 07,2508.936793521084
90_20240829 08,2974.0553320074414
90_20240829 09,3178.294763468123
90_20240829 10,3185.908366517373
90_20240829 11,3155.2303447418776
90_20240829 12,3070.2712091553267
90_20240829 13,3071.0110616159736
90_20240829 14,3086.1127398773383
90_20240829 15,3074.977169203745
90_20240829 16,3032.6116015599982
90_20240829 17,2835.579027217729
90_20240829 18,2405.8486793618204
90_20240829 19,2098.0762993103267
90_20240829 20,2011.3576502783033
90_20240829 21,1978.2601120384015
90_20240829 22,1901.4654459716414
90_20240829 23,1850.3785350674802
90_20240830 00,1807.6729740794788
90_20240830 01,1806.767520773842
90_20240830 02,1781.3839799055472
90_20240830 03,1792.637997919911
90_20240830 04,1793.6601119041186
90_20240830 05,1855.2272186046398
90_20240830 06,1992.9120934298755
90_20240830 07,2472.528750078679
90_20240830 08,2910.7638579890227
90_20240830 09,3096.675428378365
90_20240830 10,3111.924846300438
90_20240830 11,3088.602995172195
90_20240830 12,3014.5517615319604
90_20240830 13,3019.829366050026
90_20240830 14,3047.5965755573
90_20240830 15,3037.6112313971535
90_20240830 16,3016.9672246418554
90_20240830 17,2809.7926021196763
90_20240830 18,2366.1355840830897
90_20240830 19,2080.7968626010424
90_20240830 20,2053.691788891468
90_20240830 21,2018.0813615993875
90_20240830 22,1951.5276725496099
90_20240830 23,1887.4125823526215
90_20240831 00,1818.985125329771
90_20240831 01,1810.9871832912322
90_20240831 02,1768.246990661835
90_20240831 03,1750.3766257806192
90_20240831 04,1759.1336959924722
90_20240831 05,1808.3835575135315
90_20240831 06,1846.9254534260053
90_20240831 07,1925.9234928823903
90_20240831 08,2033.3751735575702
90_20240831 09,2153.900231157811
90_20240831 10,2159.3744123642414
90_20240831 11,2104.6240997027408
90_20240831 12,2132.678285691565
90_20240831 13,2106.889200368344
90_20240831 14,2111.0281155839475
90_20240831 15,2108.422758678619
90_20240831 16,2112.22778940405
90_20240831 17,2084.4287554861835
90_20240831 18,2072.218070370358
90_20240831 19,2023.7444529977984
90_20240831 20,2011.503263290565
90_20240831 21,1941.1255335331334
90_20240831 22,1883.6569643409114
90_20240831 23,1844.7734035911667
91_20240825 00,1908.2500888119857
91_20240825 01,1642.1619097391508
91_20240825 02,1492.4133415532215
91_20240825 03,1354.0491707603155
91_20240825 04,1278.0604672222194
91_20240825 05,1238.4131589235872
91_20240825 06,1257.6452881909388
91_20240825 07,1375.7101175555993
91_20240825 08,1611.2469556645246
91_20240825 09,1774.5619398555777
91_20240825 10,1941.5462943595503
91_20240825 11,2032.4219366964264
91_20240825 12,2121.4646155949195
91_20240825 13,2156.943898994399
91_20240825 14,2218.3432568628755
91_20240825 15,2212.335717949413
91_20240825 16,2221.908829199504
91_20240825 17,2302.8436535369938
91_20240825 18,2558.298591961671
91_20240825 19,2666.899991705567
91_20240825 20,2706.8174421617523
91_20240825 21,2651.0080678562463
91_20240825 22,2492.2091276699375
91_20240825 23,2189.646705078347
91_20240826 00,1816.0858202674794
91_20240826 01,1571.036356014021
91_20240826 02,1415.670176232943
91_20240826 03,1297.676962971633
91_20240826 04,1252.4800651987455
91_20240826 05,1243.9568572872138
91_20240826 06,1301.948824911792
91_20240826 07,1517.6612542007947
91_20240826 08,1639.8071212726168
91_20240826 09,1616.8974180455614
91_20240826 10,1684.6393532799327
91_20240826 11,1728.3316748645348
91_20240826 12,1772.098863978398
91_20240826 13,1788.9007893207524
91_20240826 14,1794.4460092361073
91_20240826 15,1742.6356940349556
91_20240826 16,1804.6408793813976
91_20240826 17,2003.8525455092472
91_20240826 18,2340.490866150851
91_20240826 19,2419.0121670310787
91_20240826 20,2512.3208213155103
91_20240826 21,2408.1685593754632
91_20240826 22,2247.355374561135
91_20240826 23,2027.159407391835
91_20240827 00,1691.7368535776625
91_20240827 01,1516.4523246294295
91_20240827 02,1349.363457725337
91_20240827 03,1258.9158191057732
91_20240827 04,1208.0632572158013
91_20240827 05,1204.3670024458934
91_20240827 06,1265.751662771725
91_20240827 07,1467.1454930250884
91_20240827 08,1578.2798716546506
91_20240827 09,1543.8568946243195
91_20240827 10,1575.538305729167
91_20240827 11,1620.9696394369412
91_20240827 12,1666.5777923856713
91_20240827 13,1665.3867312085972
91_20240827 14,1705.4997996079064
91_20240827 15,1703.793371240916
91_20240827 16,1726.7266097958504
91_20240827 17,1923.089037371097
91_20240827 18,2190.534904657982
91_20240827 19,2458.0608518942795
91_20240827 20,2486.76613685604
91_20240827 21,2434.626684229055
91_20240827 22,2211.1856766275596
91_20240827 23,1970.3756554624292
91_20240828 00,1695.2972740044934
91_20240828 01,1483.467744635184
91_20240828 02,1320.4360721103599
91_20240828 03,1208.8403574309195
91_20240828 04,1132.3799108833105
91_20240828 05,1126.0352291482475
91_20240828 06,1198.2017145720702
91_20240828 07,1412.352792894294
91_20240828 08,1554.136094719158
91_20240828 09,1504.6225346950328
91_20240828 10,1562.1254445148265
91_20240828 11,1634.1227569424775
91_20240828 12,1691.187265103258
91_20240828 13,1699.9130167742037
91_20240828 14,1682.3433412247944
91_20240828 15,1691.2632102613957
91_20240828 16,1734.651330655764
91_20240828 17,1909.370613273964
91_20240828 18,2150.3170904777458
91_20240828 19,2323.7794860268127
91_20240828 20,2337.7244933237002
91_20240828 21,2308.30929835565
91_20240828 22,2185.6465436958256
91_20240828 23,1930.6379430609527
91_20240829 00,1660.8069161446383
91_20240829 01,1439.7639176747807
91_20240829 02,1306.0929378210694
91_20240829 03,1210.9142326742333
91_20240829 04,1181.9099489174703
91_20240829 05,1160.9101591414646
91_20240829 06,1207.1893577833948
91_20240829 07,1390.2970464757732
91_20240829 08,1509.172539809849
91_20240829 09,1513.3126054281267
91_20240829 10,1548.4458132757984
91_20240829 11,1587.656819191439
91_20240829 12,1633.3910406052594
91_20240829 13,1641.5091887669087
91_20240829 14,1657.334743664617
91_20240829 15,1710.344666842193
91_20240829 16,1741.4802166254246
91_20240829 17,1884.5622433794176
91_20240829 18,2162.914249392819
91_20240829 19,2363.5952739369777
91_20240829 20,2400.9696286774897
91_20240829 21,2360.3694801883266
91_20240829 22,2191.9267765329682
91_20240829 23,1917.99374380052
91_20240830 00,1616.5409597039825
91_20240830 01,1403.0684971902
91_20240830 02,1294.5322895336308
91_20240830 03,1196.5603734428862
91_20240830 04,1147.9357047591418
91_20240830 05,1135.6593312099208
91_20240830 06,1192.4395820436591
91_20240830 07,1340.558287132947
91_20240830 08,1479.9975878234252
91_20240830 09,1465.0316505466749
91_20240830 10,1500.8708035965278
91_20240830 11,1538.0957226282264
91_20240830 12,1564.6723911769595
91_20240830 13,1574.5395933343898
91_20240830 14,1575.046654202171
91_20240830 15,1587.0546207961752
91_20240830 16,1644.9534017949338
91_20240830 17,1785.0061774383148
91_20240830 18,2017.553071265827
91_20240830 19,2221.4005426278873
91_20240830 20,2224.6975082192307
91_20240830 21,2183.1720283402065
91_20240830 22,2089.066135081338
91_20240830 23,1876.7541998952493
91_20240831 00,1614.1707895084169
91_20240831 01,1415.594654637893
91_20240831 02,1271.5793557541538
91_20240831 03,1176.3950788167745
91_20240831 04,1125.495288349949
91_20240831 05,1090.3230221841875
91_20240831 06,1120.7743850613945
91_20240831 07,1215.7576363660974
91_20240831 08,1404.9440970666687
91_20240831 09,1522.484883708764
91_20240831 10,1604.5273262499327
91_20240831 11,1651.3018919722313
91_20240831 12,1751.13953610009
91_20240831 13,1762.444204039572
91_20240831 14,1771.3853009193206
91_20240831 15,1797.4789979483076
91_20240831 16,1764.5759057602922
91_20240831 17,1873.2719096372457
91_20240831 18,1964.0753933295896
91_20240831 19,2052.3876296039525
91_20240831 20,2095.164029072944
91_20240831 21,2120.667315497165
91_20240831 22,2008.1048991745406
91_20240831 23,1825.8363417814621
92_20240825 00,284.41244923880816
92_20240825 01,284.42547690655283
92_20240825 02,285.2826680884608
92_20240825 03,287.5634276386021
92_20240825 04,303.58482071908224
92_20240825 05,483.43883954618576
92_20240825 06,522.7025338991998
92_20240825 07,731.5690356833154
92_20240825 08,792.9105996298885
92_20240825 09,813.3427974277774
92_20240825 10,808.3319220724372
92_20240825 11,808.725786911409
92_20240825 12,831.2452957750431
92_20240825 13,814.7600318815685
92_20240825 14,823.6644122453652
92_20240825 15,787.9793079000217
92_20240825 16,641.609135642891
92_20240825 17,542.2357828154461
92_20240825 18,328.77167300578367
92_20240825 19,297.6369380176714
92_20240825 20,306.8220347137458
92_20240825 21,304.62936131997265
92_20240825 22,305.6330679238335
92_20240825 23,289.4142184706101
92_20240826 00,291.14879310997037
92_20240826 01,291.1656722337888
92_20240826 02,291.5575788268801
92_20240826 03,292.08839450061015
92_20240826 04,311.1812102928877
92_20240826 05,480.8856526046273
92_20240826 06,532.5140616419133
92_20240826 07,757.203328931864
92_20240826 08,792.1541420099848
92_20240826 09,814.9725643468879
92_20240826 10,809.5704813910354
92_20240826 11,807.3574536641324
92_20240826 12,825.2478322856834
92_20240826 13,814.1725278216662
92_20240826 14,819.0766034345731
92_20240826 15,799.6248468221661
92_20240826 16,641.7401720291746
92_20240826 17,524.6686537350446
92_20240826 18,322.68942265398164
92_20240826 19,293.8446544729976
92_20240826 20,308.55329213091824
92_20240826 21,304.4834434167153
92_20240826 22,303.36735635342234
92_20240826 23,284.18124563184455
92_20240827 00,283.36497305215096
92_20240827 01,284.8446189991331
92_20240827 02,283.5056333073307
92_20240827 03,284.59354884442433
92_20240827 04,306.5315656209081
92_20240827 05,456.66373733902145
92_20240827 06,504.8962547456961
92_20240827 07,708.1895398285513
92_20240827 08,755.6173142625867
92_20240827 09,775.1773298052822
92_20240827 10,766.4280569030666
92_20240827 11,753.0471974564125
92_20240827 12,769.6661279533658
92_20240827 13,786.5119770473991
92_20240827 14,784.5788931499449
92_20240827 15,763.6867192743009
92_20240827 16,618.9534919156797
92_20240827 17,498.75401622082285
92_20240827 18,310.52708118754776
92_20240827 19,284.0930749362857
92_20240827 20,297.1960032484046
92_20240827 21,297.42222171314677
92_20240827 22,294.25576892127617
92_20240827 23,277.3097952214634
92_20240828 00,276.2319459565138
92_20240828 01,276.65014968051196
92_20240828 02,274.8883754931021
92_20240828 03,275.02764222991743
92_20240828 04,294.0340353291772
92_20240828 05,452.1651657935626
92_20240828 06,482.1850320386799
92_20240828 07,689.5402997092556
92_20240828 08,738.677919571189
92_20240828 09,775.8728637470697
92_20240828 10,775.8310176641265
92_20240828 11,779.0414848381432
92_20240828 12,795.0710733948343
92_20240828 13,789.9341846361483
92_20240828 14,779.2750946995457
92_20240828 15,756.3856745680775
92_20240828 16,633.046109212495
92_20240828 17,514.6703634484579
92_20240828 18,315.59893218386935
92_20240828 19,289.2197855010151
92_20240828 20,297.63856429418746
92_20240828 21,295.9272233773061
92_20240828 22,297.1759733162712
92_20240828 23,279.1953507058384
92_20240829 00,277.5926118165456
92_20240829 01,277.78035340640577
92_20240829 02,276.08365920364974
92_20240829 03,275.11015072186103
92_20240829 04,290.5535541827985
92_20240829 05,448.01544882684254
92_20240829 06,482.9483337147317
92_20240829 07,685.6354894056437
92_20240829 08,732.9244243036289
92_20240829 09,754.033995165513
92_20240829 10,766.9752625285294
92_20240829 11,772.627821542851
92_20240829 12,804.6408391414129
92_20240829 13,786.1433481289248
92_20240829 14,784.1907217755339
92_20240829 15,771.4493685255134
92_20240829 16,633.1499160769454
92_20240829 17,513.7714610403785
92_20240829 18,315.246514156245
92_20240829 19,291.2279952506538
92_20240829 20,300.3299411227789
92_20240829 21,294.79106097739384
92_20240829 22,293.8565440543577
92_20240829 23,279.67657541725725
92_20240830 00,275.91562229595064
92_20240830 01,275.82335513445594
92_20240830 02,273.14828520709494
92_20240830 03,272.5167051007486
92_20240830 04,288.42650965668804
92_20240830 05,444.0397276092241
92_20240830 06,475.3449395048163
92_20240830 07,683.3947612019635
92_20240830 08,718.7247385624594
92_20240830 09,750.9582505427065
92_20240830 10,750.0237270369389
92_20240830 11,753.7931931570477
92_20240830 12,780.3079799830957
92_20240830 13,764.666199797426
92_20240830 14,777.8049396274328
92_20240830 15,751.9339887398653
92_20240830 16,604.9186219711177
92_20240830 17,494.1616378571854
92_20240830 18,314.7410837608164
92_20240830 19,280.21671317228504
92_20240830 20,294.15447776345525
92_20240830 21,291.53285338866885
92_20240830 22,291.1610319106053
92_20240830 23,277.139368486216
92_20240831 00,273.8221700351975
92_20240831 01,271.6717706858895
92_20240831 02,270.3088691608262
92_20240831 03,271.10084529697906
92_20240831 04,295.41881544896876
92_20240831 05,439.77936545780847
92_20240831 06,473.3075141024202
92_20240831 07,675.3846145740104
92_20240831 08,722.5535882358441
92_20240831 09,737.0876060722305
92_20240831 10,739.8181381680602
92_20240831 11,750.3084331961016
92_20240831 12,771.414509376981
92_20240831 13,761.401934444493
92_20240831 14,779.5647765792498
92_20240831 15,750.683968794352
92_20240831 16,611.8641993217586
92_20240831 17,492.0327752326627
92_20240831 18,302.6146876321339
92_20240831 19,278.26190274209233
92_20240831 20,292.17672599005965
92_20240831 21,290.2155748392994
92_20240831 22,290.2303323221094
92_20240831 23,276.94302857998093
93_20240825 00,1623.8855757768233
93_20240825 01,1418.8277086670303
93_20240825 02,1294.6237514605555
93_20240825 03,1178.9604994146737
93_20240825 04,1119.5604241132019
93_20240825 05,1088.2047976641425
93_20240825 06,1122.0714927691984
93_20240825 07,1235.1886884696828
93_20240825 08,1453.1666579680848
93_20240825 09,1639.7839679414128
93_20240825 10,1863.5884471558143
93_20240825 11,1937.3914136388908
93_20240825 12,2007.0720734696151
93_20240825 13,2043.7939189160654
93_20240825 14,2016.189718808962
93_20240825 15,2047.4025417630692
93_20240825 16,2095.549957634565
93_20240825 17,2215.879824586963
93_20240825 18,2338.79290535132
93_20240825 19,2458.365056465427
93_20240825 20,2448.8091653767788
93_20240825 21,2345.8261256086835
93_20240825 22,2141.4347585879646
93_20240825 23,1843.152760746952
93_20240826 00,1592.3070386108375
93_20240826 01,1374.827833026529
93_20240826 02,1266.2748556714137
93_20240826 03,1174.3766460499064
93_20240826 04,1100.428095809723
93_20240826 05,1079.3426494065272
93_20240826 06,1174.7410430802818
93_20240826 07,1381.7075697583339
93_20240826 08,1520.5909195831673
93_20240826 09,1575.1323601292327
93_20240826 10,1600.0726365567123
93_20240826 11,1649.9135261678643
93_20240826 12,1739.3402729405304
93_20240826 13,1765.0485207918691
93_20240826 14,1696.8778297892222
93_20240826 15,1698.773620907671
93_20240826 16,1793.4698851125586
93_20240826 17,1991.614934708089
93_20240826 18,2227.6427213643733
93_20240826 19,2404.4756990645064
93_20240826 20,2433.1229076073787
93_20240826 21,2371.6797341808724
93_20240826 22,2140.394948831069
93_20240826 23,1869.1064875212815
93_20240827 00,1607.8118904294863
93_20240827 01,1372.696849541048
93_20240827 02,1259.3698747412275
93_20240827 03,1177.5108051995178
93_20240827 04,1125.6768170704618
93_20240827 05,1115.4448236071855
93_20240827 06,1196.7361823301198
93_20240827 07,1381.8232208064078
93_20240827 08,1507.9383012708931
93_20240827 09,1516.0642494239148
93_20240827 10,1495.6119897458434
93_20240827 11,1500.3835891516799
93_20240827 12,1490.6801471725753
93_20240827 13,1493.6179338171546
93_20240827 14,1501.9843369153773
93_20240827 15,1493.7789651991734
93_20240827 16,1596.697258090587
93_20240827 17,1804.8291942656483
93_20240827 18,2032.6979099501236
93_20240827 19,2155.9310273072188
93_20240827 20,2195.30232337432
93_20240827 21,2142.8391970306348
93_20240827 22,2001.7695709081806
93_20240827 23,1750.5173082882366
93_20240828 00,1497.48246143615
93_20240828 01,1287.832640902303
93_20240828 02,1199.3805319057522
93_20240828 03,1091.3844914377753
93_20240828 04,1033.0597958690964
93_20240828 05,1026.5490815433823
93_20240828 06,1110.4369282690764
93_20240828 07,1325.6847389129616
93_20240828 08,1420.1496787861236
93_20240828 09,1412.4621493408904
93_20240828 10,1439.1053016011697
93_20240828 11,1453.2195138620755
93_20240828 12,1521.647591296671
93_20240828 13,1577.7969029889186
93_20240828 14,1623.2902977470214
93_20240828 15,1622.6946698244462
93_20240828 16,1692.1035945541807
93_20240828 17,1868.730638557297
93_20240828 18,2137.4106237886444
93_20240828 19,2219.79806266293
93_20240828 20,2207.708324435016
93_20240828 21,2143.031412973624
93_20240828 22,2000.5913329933956
93_20240828 23,1717.1290320777646
93_20240829 00,1524.7279024706827
93_20240829 01,1307.6921246826505
93_20240829 02,1216.911734286886
93_20240829 03,1114.3544226044378
93_20240829 04,1056.5195751992587
93_20240829 05,1044.2140243138213
93_20240829 06,1098.8434031322308
93_20240829 07,1291.366236213042
93_20240829 08,1374.5303909635218
93_20240829 09,1387.2656265501482
93_20240829 10,1415.4651647344608
93_20240829 11,1472.608921610148
93_20240829 12,1496.313056531186
93_20240829 13,1561.6785101228722
93_20240829 14,1578.552186583032
93_20240829 15,1603.9032881174896
93_20240829 16,1687.439789106621
93_20240829 17,1844.1861065850608
93_20240829 18,2060.9832187452535
93_20240829 19,2185.2358526852827
93_20240829 20,2193.443091884573
93_20240829 21,2129.076051034476
93_20240829 22,1968.3156267626036
93_20240829 23,1692.570471868516
93_20240830 00,1471.7201895723003
93_20240830 01,1270.565868245997
93_20240830 02,1171.0575033621487
93_20240830 03,1074.0306552708876
93_20240830 04,1019.9339726605831
93_20240830 05,1014.0835651986213
93_20240830 06,1085.5805434563338
93_20240830 07,1295.604767514394
93_20240830 08,1359.8123558297748
93_20240830 09,1370.181852849501
93_20240830 10,1422.8558320069997
93_20240830 11,1490.450204847276
93_20240830 12,1538.5187301509168
93_20240830 13,1510.684188699835
93_20240830 14,1524.5794944087452
93_20240830 15,1549.34022564569
93_20240830 16,1645.9034873210824
93_20240830 17,1764.2698622288178
93_20240830 18,1934.9215859547678
93_20240830 19,1992.0230355967567
93_20240830 20,2067.909423884229
93_20240830 21,2022.5249385096126
93_20240830 22,1922.5564443539215
93_20240830 23,1683.0384213287311
93_20240831 00,1486.0337167983596
93_20240831 01,1278.8727578415012
93_20240831 02,1204.837815811411
93_20240831 03,1097.3304934276694
93_20240831 04,1044.859968213823
93_20240831 05,1010.9896281599691
93_20240831 06,1054.2852075616634
93_20240831 07,1157.8275519422457
93_20240831 08,1308.8667845749205
93_20240831 09,1448.7031663712683
93_20240831 10,1537.3494296434956
93_20240831 11,1543.7642287651397
93_20240831 12,1572.5054659773757
93_20240831 13,1602.0074020248544
93_20240831 14,1632.1980513579076
93_20240831 15,1612.2146173230376
93_20240831 16,1650.4878385550471
93_20240831 17,1740.1057285267825
93_20240831 18,1878.3714111996237
93_20240831 19,1935.6097155761363
93_20240831 20,1926.5902033202708
93_20240831 21,1884.2696143384483
93_20240831 22,1794.3539774089054
93_20240831 23,1566.6809144583106
94_20240825 00,1565.7205352471744
94_20240825 01,1526.1011813604991
94_20240825 02,1555.2023362847735
94_20240825 03,1516.5811847250889
94_20240825 04,1486.0567916210953
94_20240825 05,1475.3726309148647
94_20240825 06,1468.6144692968678
94_20240825 07,1493.7036393551357
94_20240825 08,1493.5721744601642
94_20240825 09,1531.832048993198
94_20240825 10,1529.470422584171
94_20240825 11,1585.5295003843598
94_20240825 12,1632.0042261576616
94_20240825 13,1622.0666926287406
94_20240825 14,1637.556410289902
94_20240825 15,1636.6669651959794
94_20240825 16,1664.3294375381518
94_20240825 17,1660.4587397411601
94_20240825 18,1590.2916071532773
94_20240825 19,1560.4617774181504
94_20240825 20,1561.8388879648933
94_20240825 21,1555.4181943117633
94_20240825 22,1522.4352282580785
94_20240825 23,1527.45254142852
94_20240826 00,1572.027266139099
94_20240826 01,1505.4464175509236
94_20240826 02,1522.7511586473593
94_20240826 03,1510.7201837595962
94_20240826 04,1497.302436195724
94_20240826 05,1541.0345849594169
94_20240826 06,1662.9438315249954
94_20240826 07,1799.6083554063484
94_20240826 08,1978.2571731444693
94_20240826 09,2349.56110948885
94_20240826 10,2653.8369371042927
94_20240826 11,2768.827014425615
94_20240826 12,2751.459621805243
94_20240826 13,2789.9512761323067
94_20240826 14,2837.52464096877
94_20240826 15,2864.5716340377835
94_20240826 16,2828.8648464898233
94_20240826 17,2795.024362179132
94_20240826 18,2641.197446331058
94_20240826 19,2440.8464161877446
94_20240826 20,2351.1047360823186
94_20240826 21,2245.7943142455224
94_20240826 22,2059.919928935118
94_20240826 23,1928.8436594951495
94_20240827 00,1881.9434972448212
94_20240827 01,1859.5129160355648
94_20240827 02,1869.6885956865397
94_20240827 03,1797.6493130454853
94_20240827 04,1755.5670812098283
94_20240827 05,1770.2983943134568
94_20240827 06,1891.9432397571518
94_20240827 07,1981.2204659881265
94_20240827 08,2145.133849211323
94_20240827 09,2518.2927105529343
94_20240827 10,2670.445699253655
94_20240827 11,2689.537882890776
94_20240827 12,2670.1359372160896
94_20240827 13,2782.6318267519955
94_20240827 14,2833.2977154928462
94_20240827 15,2805.4789405738948
94_20240827 16,2742.7100301420396
94_20240827 17,2741.129881096448
94_20240827 18,2541.8566019732225
94_20240827 19,2298.8868184959765
94_20240827 20,2199.0959205551926
94_20240827 21,2154.3624784585104
94_20240827 22,2094.468308032957
94_20240827 23,1911.6177982521256
94_20240828 00,1852.4703474241942
94_20240828 01,1832.6804728922316
94_20240828 02,1803.3720478977432
94_20240828 03,1722.1695492164204
94_20240828 04,1719.8067754910142
94_20240828 05,1731.119367256225
94_20240828 06,1812.7170894893693
94_20240828 07,1872.257782906162
94_20240828 08,1986.3015107683348
94_20240828 09,2295.790814327652
94_20240828 10,2617.067136141992
94_20240828 11,2693.6981001075937
94_20240828 12,2683.8276590687137
94_20240828 13,2780.3106635256026
94_20240828 14,2895.7363289423356
94_20240828 15,2873.8716488858236
94_20240828 16,2845.9333888505835
94_20240828 17,2782.4681962090335
94_20240828 18,2632.0922415047535
94_20240828 19,2425.4922129727393
94_20240828 20,2250.585989402851
94_20240828 21,2156.3529776353434
94_20240828 22,2026.6688228838434
94_20240828 23,1912.2168780465256
94_20240829 00,1840.8870425243329
94_20240829 01,1839.6516340202897
94_20240829 02,1830.3070541633524
94_20240829 03,1789.8172283615881
94_20240829 04,1722.7419694220787
94_20240829 05,1765.4313782218458
94_20240829 06,1813.6043788905129
94_20240829 07,1886.7402801666879
94_20240829 08,1991.954475651517
94_20240829 09,2357.8333460944195
94_20240829 10,2696.784325688552
94_20240829 11,2744.188429283434
94_20240829 12,2741.15861728238
94_20240829 13,2806.8487854301447
94_20240829 14,2891.3547158364636
94_20240829 15,2887.1081279239334
94_20240829 16,2868.7161592763
94_20240829 17,2756.7589831573714
94_20240829 18,2596.5185790883343
94_20240829 19,2343.3471567491133
94_20240829 20,2245.0749726637373
94_20240829 21,2114.940811277813
94_20240829 22,1987.5571858410356
94_20240829 23,1893.6125239225478
94_20240830 00,1837.0807648031343
94_20240830 01,1835.7665920774373
94_20240830 02,1822.175871304524
94_20240830 03,1791.186748128452
94_20240830 04,1755.3009332590336
94_20240830 05,1733.7573444992863
94_20240830 06,1815.986788022935
94_20240830 07,1855.6682215908193
94_20240830 08,1959.9061788476088
94_20240830 09,2294.463501599415
94_20240830 10,2582.9201900749476
94_20240830 11,2645.0086429549783
94_20240830 12,2622.4137890593483
94_20240830 13,2636.1702822190828
94_20240830 14,2658.829206988322
94_20240830 15,2608.934139667783
94_20240830 16,2535.0436360604244
94_20240830 17,2341.6805346483557
94_20240830 18,2047.825917393124
94_20240830 19,1830.5397091318353
94_20240830 20,1774.4947874946906
94_20240830 21,1771.7302776535867
94_20240830 22,1698.3968963156185
94_20240830 23,1670.2366538338981
94_20240831 00,1582.274085485803
94_20240831 01,1536.031964441544
94_20240831 02,1535.8809124443283
94_20240831 03,1529.6857412013837
94_20240831 04,1534.402341358798
94_20240831 05,1513.4424761598643
94_20240831 06,1508.2554744045567
94_20240831 07,1513.1233046822797
94_20240831 08,1496.5109565945759
94_20240831 09,1483.472661335468
94_20240831 10,1499.2616514400543
94_20240831 11,1509.5955790841163
94_20240831 12,1538.3027519786444
94_20240831 13,1570.114901027886
94_20240831 14,1565.7638975971404
94_20240831 15,1564.8983965011396
94_20240831 16,1558.6262517996563
94_20240831 17,1534.6216282012133
94_20240831 18,1507.2932009347596
94_20240831 19,1486.6118688181555
94_20240831 20,1482.4183124344866
94_20240831 21,1476.4672601353432
94_20240831 22,1468.0818329612707
94_20240831 23,1449.6005672868444
95_20240825 00,2362.945230388995
95_20240825 01,2020.7763224517516
95_20240825 02,1758.312517420558
95_20240825 03,1531.9461239564753
95_20240825 04,970.8629430708872
95_20240825 05,668.6998407359849
95_20240825 06,667.4426759036962
95_20240825 07,715.8782502019371
95_20240825 08,1021.7929504714025
95_20240825 09,1839.7831299844258
95_20240825 10,3374.550621194803
95_20240825 11,3841.671257114859
95_20240825 12,4479.677232143267
95_20240825 13,4731.909122025174
95_20240825 14,4797.410793985637
95_20240825 15,4882.588248779508
95_20240825 16,4872.898346285183
95_20240825 17,4856.819154596496
95_20240825 18,4710.793089542568
95_20240825 19,4132.563300795153
95_20240825 20,2376.23000471916
95_20240825 21,1115.9025138609945
95_20240825 22,1946.990359245383
95_20240825 23,2388.3756347519566
95_20240826 00,2253.687769497993
95_20240826 01,2025.8662279588502
95_20240826 02,1649.3582685007098
95_20240826 03,1444.6484929461067
95_20240826 04,966.3217899182488
95_20240826 05,682.5272078664923
95_20240826 06,668.2243843567148
95_20240826 07,699.9569639594879
95_20240826 08,992.0820867955149
95_20240826 09,1780.3874496471847
95_20240826 10,3254.7936976447504
95_20240826 11,3647.0332180414953
95_20240826 12,4192.513141672358
95_20240826 13,4572.325792687313
95_20240826 14,4571.056169350877
95_20240826 15,4562.200257115337
95_20240826 16,4544.939219954723
95_20240826 17,4491.122044001196
95_20240826 18,4383.87644677445
95_20240826 19,3499.70268891215
95_20240826 20,1836.8163643292703
95_20240826 21,1039.566297238785
95_20240826 22,2031.5958005403854
95_20240826 23,2542.4380212395395
95_20240827 00,2339.144189883987
95_20240827 01,2030.0743479713362
95_20240827 02,1612.7600345457677
95_20240827 03,1407.9350552992369
95_20240827 04,955.4633000314168
95_20240827 05,660.9953731674535
95_20240827 06,662.7955537857083
95_20240827 07,719.3308946793582
95_20240827 08,1013.0576163020053
95_20240827 09,1869.5822606113622
95_20240827 10,3250.450388302611
95_20240827 11,3687.126534394233
95_20240827 12,4135.712766892281
95_20240827 13,4372.357922131722
95_20240827 14,4373.112864928236
95_20240827 15,4365.68775941545
95_20240827 16,4353.064007052435
95_20240827 17,4350.746726026426
95_20240827 18,4226.953025024329
95_20240827 19,3475.328219318966
95_20240827 20,1827.3498911835013
95_20240827 21,1055.7523109766655
95_20240827 22,2006.1329853448285
95_20240827 23,2499.091538333475
95_20240828 00,2306.1770694781335
95_20240828 01,1998.1536302009524
95_20240828 02,1646.1829304020343
95_20240828 03,1393.9297421279534
95_20240828 04,917.9393834661419
95_20240828 05,645.956893335851
95_20240828 06,641.1898294760052
95_20240828 07,678.7950396241112
95_20240828 08,974.4013284253858
95_20240828 09,1793.1151425923604
95_20240828 10,3243.183493648464
95_20240828 11,3700.6523023251384
95_20240828 12,4178.657529874065
95_20240828 13,4501.503176378361
95_20240828 14,4621.42855046494
95_20240828 15,4587.366713977351
95_20240828 16,4547.790735496063
95_20240828 17,4526.559143600089
95_20240828 18,4360.238537864002
95_20240828 19,3494.04737274993
95_20240828 20,1854.4896194384694
95_20240828 21,1119.515150069875
95_20240828 22,2043.6037023439826
95_20240828 23,2527.1746404852474
95_20240829 00,2358.8686434694637
95_20240829 01,2079.088770029131
95_20240829 02,1741.6595165011813
95_20240829 03,1533.7915104736728
95_20240829 04,979.6258658190889
95_20240829 05,700.2969737940848
95_20240829 06,651.053462946137
95_20240829 07,687.5208581578815
95_20240829 08,990.0618250721259
95_20240829 09,1781.7726355763307
95_20240829 10,3226.7508567363025
95_20240829 11,3721.6529705439157
95_20240829 12,4254.743164908367
95_20240829 13,4580.59938277354
95_20240829 14,4604.539261967135
95_20240829 15,4552.772085151806
95_20240829 16,4547.839040313345
95_20240829 17,4535.091738505793
95_20240829 18,4339.339240298733
95_20240829 19,3620.175506628023
95_20240829 20,1996.7692904031571
95_20240829 21,1144.4101664986547
95_20240829 22,2092.958005460516
95_20240829 23,2541.1364054463743
95_20240830 00,2398.631701606032
95_20240830 01,2104.2563044275125
95_20240830 02,1709.1714633398988
95_20240830 03,1469.1020368075333
95_20240830 04,1000.3550846359424
95_20240830 05,710.0916832781166
95_20240830 06,702.8685851436087
95_20240830 07,686.1585929471137
95_20240830 08,989.2210890887295
95_20240830 09,1801.901677837492
95_20240830 10,3206.6086249293867
95_20240830 11,3689.421379982337
95_20240830 12,4294.6421211300185
95_20240830 13,4548.780071199858
95_20240830 14,4605.347981654637
95_20240830 15,4612.081764239198
95_20240830 16,4572.173219984479
95_20240830 17,4512.498287316138
95_20240830 18,4353.158174199225
95_20240830 19,3809.466086707642
95_20240830 20,2352.9303680269613
95_20240830 21,1134.2232308689297
95_20240830 22,2050.8893887760046
95_20240830 23,2523.2390844579436
95_20240831 00,2333.0071688427324
95_20240831 01,2049.779034886419
95_20240831 02,1644.8032170661954
95_20240831 03,1431.8430717484066
95_20240831 04,973.2491328690064
95_20240831 05,718.9781881221913
95_20240831 06,653.3080884773476
95_20240831 07,686.2587930402947
95_20240831 08,970.3674095307881
95_20240831 09,1799.4373156942856
95_20240831 10,3175.5616206585855
95_20240831 11,3640.8191362104662
95_20240831 12,4138.3811956753125
95_20240831 13,4422.015248488345
95_20240831 14,4675.634833153539
95_20240831 15,4627.231914628864
95_20240831 16,4672.875309408575
95_20240831 17,4656.01912032745
95_20240831 18,4457.169449182126
95_20240831 19,3941.513999058995
95_20240831 20,2357.641767405286
95_20240831 21,1124.522097530029
95_20240831 22,2063.665848743064
95_20240831 23,2537.2989404685854
96_20240825 00,1240.5141880440985
96_20240825 01,1080.412051700205
96_20240825 02,938.8646038506881
96_20240825 03,851.0699503352289
96_20240825 04,812.8890799020239
96_20240825 05,771.3086129774792
96_20240825 06,766.3647691374889
96_20240825 07,818.3282566386371
96_20240825 08,893.8666860840094
96_20240825 09,978.0738494510347
96_20240825 10,1021.3024868403088
96_20240825 11,1060.9609281230728
96_20240825 12,1136.9443303705502
96_20240825 13,1177.747488808335
96_20240825 14,1200.4655505463181
96_20240825 15,1232.5923200507154
96_20240825 16,1304.1925105140954
96_20240825 17,1376.769369895434
96_20240825 18,1501.0168081150616
96_20240825 19,1616.9929333822522
96_20240825 20,1701.3087967367187
96_20240825 21,1717.070507383024
96_20240825 22,1640.063323391993
96_20240825 23,1427.5897349844922
96_20240826 00,1208.6214038867406
96_20240826 01,1036.309403477082
96_20240826 02,919.773912105325
96_20240826 03,831.9328298881549
96_20240826 04,791.4763062954057
96_20240826 05,765.7104441743926
96_20240826 06,801.3179259488403
96_20240826 07,888.5621766248262
96_20240826 08,898.3458351312114
96_20240826 09,870.1350321981676
96_20240826 10,847.5251426510888
96_20240826 11,747.8476266912758
96_20240826 12,756.5211514529399
96_20240826 13,801.9097032992336
96_20240826 14,789.8677476384321
96_20240826 15,878.6485177956604
96_20240826 16,922.812894035435
96_20240826 17,1027.933475512001
96_20240826 18,1216.9858286607582
96_20240826 19,1467.5054872532442
96_20240826 20,1602.2569009014828
96_20240826 21,1635.5933368959998
96_20240826 22,1544.0419466837457
96_20240826 23,1401.3174489829223
96_20240827 00,1203.2844813047116
96_20240827 01,1029.9925191228717
96_20240827 02,908.6508335901534
96_20240827 03,813.787538393864
96_20240827 04,775.6717939210212
96_20240827 05,744.9374113168558
96_20240827 06,785.2845326393522
96_20240827 07,872.221885664309
96_20240827 08,873.2262247609567
96_20240827 09,855.0756057367109
96_20240827 10,834.8866695378971
96_20240827 11,754.5995996148658
96_20240827 12,759.5443214464677
96_20240827 13,809.8031515576857
96_20240827 14,818.3380126534747
96_20240827 15,867.8440867787638
96_20240827 16,955.9696878745282
96_20240827 17,1033.3021825874064
96_20240827 18,1213.6025025634956
96_20240827 19,1408.9162277724945
96_20240827 20,1514.997191168382
96_20240827 21,1551.8224252360565
96_20240827 22,1485.5845467543668
96_20240827 23,1339.3668912749083
96_20240828 00,1154.6537317022376
96_20240828 01,966.6436086746494
96_20240828 02,854.763400862104
96_20240828 03,774.6976783080707
96_20240828 04,733.0324004777801
96_20240828 05,706.1407948877845
96_20240828 06,758.047423371813
96_20240828 07,871.5396093251834
96_20240828 08,870.6771403838368
96_20240828 09,866.4132580496951
96_20240828 10,834.0996853144256
96_20240828 11,768.3561566938547
96_20240828 12,778.7656637777618
96_20240828 13,809.5413010070674
96_20240828 14,841.4467965472552
96_20240828 15,872.9795477306033
96_20240828 16,930.6755468961896
96_20240828 17,1055.9937524834427
96_20240828 18,1189.7938688276968
96_20240828 19,1443.218793803428
96_20240828 20,1548.669729238722
96_20240828 21,1584.0123763195415
96_20240828 22,1488.69170450688
96_20240828 23,1334.995486595584
96_20240829 00,1142.096452048315
96_20240829 01,978.0718445175744
96_20240829 02,856.5389528798496
96_20240829 03,782.9828377169417
96_20240829 04,752.9400602832395
96_20240829 05,715.1455557840351
96_20240829 06,756.4911809575528
96_20240829 07,837.0092789448449
96_20240829 08,842.7918556101818
96_20240829 09,821.4535272169749
96_20240829 10,817.5706703605179
96_20240829 11,770.2067226164042
96_20240829 12,792.0917951392255
96_20240829 13,841.0796083825372
96_20240829 14,841.0462551981528
96_20240829 15,888.6276089256573
96_20240829 16,980.9745733416611
96_20240829 17,1061.5006141468934
96_20240829 18,1206.1057238680187
96_20240829 19,1381.1130768990106
96_20240829 20,1510.1974467129298
96_20240829 21,1495.9887060906822
96_20240829 22,1444.2422043758143
96_20240829 23,1307.8152225714011
96_20240830 00,1133.0262418168254
96_20240830 01,949.1276718487513
96_20240830 02,831.1616761764539
96_20240830 03,767.0634059188781
96_20240830 04,730.0047089721002
96_20240830 05,707.8110109774636
96_20240830 06,740.2865912826037
96_20240830 07,816.0783435901114
96_20240830 08,834.6675182994479
96_20240830 09,827.5051114309335
96_20240830 10,802.498801292169
96_20240830 11,776.0770006893787
96_20240830 12,787.9919795576359
96_20240830 13,810.3201834999996
96_20240830 14,808.7663891604988
96_20240830 15,857.3450167701299
96_20240830 16,967.5927298795434
96_20240830 17,1037.964410470419
96_20240830 18,1163.6170329072233
96_20240830 19,1371.8649771306555
96_20240830 20,1411.5152934379994
96_20240830 21,1434.4637998559708
96_20240830 22,1409.7000733228797
96_20240830 23,1324.184076931891
96_20240831 00,1151.0464606518392
96_20240831 01,996.6870265485736
96_20240831 02,872.7568154624715
96_20240831 03,794.5093975869863
96_20240831 04,748.6456436750759
96_20240831 05,712.1013989629453
96_20240831 06,727.08637139144
96_20240831 07,765.9607891028498
96_20240831 08,808.4127320759312
96_20240831 09,902.3765562421154
96_20240831 10,944.3313499588356
96_20240831 11,961.5310624889593
96_20240831 12,1028.344531735444
96_20240831 13,1012.5659556741641
96_20240831 14,999.775931271214
96_20240831 15,1059.5157255872737
96_20240831 16,1082.5026345651727
96_20240831 17,1133.4903357959984
96_20240831 18,1218.0485379644583
96_20240831 19,1331.0624374561144
96_20240831 20,1378.1651602017787
96_20240831 21,1392.6430903276087
96_20240831 22,1384.2787630133835
96_20240831 23,1280.671839584579
97_20240825 00,1224.2950002170637
97_20240825 01,1245.916931081579
97_20240825 02,1170.5995850679924
97_20240825 03,1198.370790631558
97_20240825 04,1128.7354411210954
97_20240825 05,1242.5133236652416
97_20240825 06,1171.8534400137935
97_20240825 07,1241.0749561247394
97_20240825 08,1278.4016884240407
97_20240825 09,1395.7565759574964
97_20240825 10,1650.4854221686664
97_20240825 11,1699.718712468372
97_20240825 12,1758.6515890133462
97_20240825 13,1727.358798040938
97_20240825 14,1765.8874208756702
97_20240825 15,1773.625347517232
97_20240825 16,1800.8723052399469
97_20240825 17,1783.1343711705135
97_20240825 18,1775.563572793444
97_20240825 19,1710.8585576384262
97_20240825 20,1615.0464921394855
97_20240825 21,1591.3465180268822
97_20240825 22,1525.8959471406004
97_20240825 23,1379.0009610065902
97_20240826 00,1316.85503933299
97_20240826 01,1233.0864575347964
97_20240826 02,1259.923285893309
97_20240826 03,1205.9075471638605
97_20240826 04,1167.0153274227248
97_20240826 05,1175.9862461207163
97_20240826 06,1173.0783608848728
97_20240826 07,1210.512766100145
97_20240826 08,1307.8348178630204
97_20240826 09,1425.5319104040038
97_20240826 10,1677.5785363601685
97_20240826 11,1763.209501032194
97_20240826 12,1764.2440183678323
97_20240826 13,1804.0109852785945
97_20240826 14,1803.4674912465834
97_20240826 15,1825.1590809966806
97_20240826 16,1833.0737399049342
97_20240826 17,1843.6399424929566
97_20240826 18,1826.3276246352045
97_20240826 19,1742.6687492070491
97_20240826 20,1611.2809086567697
97_20240826 21,1525.026898174761
97_20240826 22,1389.467107873923
97_20240826 23,1370.6199422606032
97_20240827 00,1295.7075068207298
97_20240827 01,1221.6185286875382
97_20240827 02,1204.879605085987
97_20240827 03,1202.1960011814272
97_20240827 04,1143.6226519935858
97_20240827 05,1209.0276047758664
97_20240827 06,1157.2772060044758
97_20240827 07,1198.5433561457867
97_20240827 08,1309.0162535503127
97_20240827 09,1392.9592618307481
97_20240827 10,1652.6520470751798
97_20240827 11,1710.029592087439
97_20240827 12,1727.8204051292746
97_20240827 13,1769.2291104066476
97_20240827 14,1775.343910656287
97_20240827 15,1770.162685428661
97_20240827 16,1819.6742190175012
97_20240827 17,1770.1154346095093
97_20240827 18,1792.1067361352018
97_20240827 19,1706.1573543943039
97_20240827 20,1612.6753335056276
97_20240827 21,1537.8303863019946
97_20240827 22,1460.7085050235178
97_20240827 23,1370.458989724625
97_20240828 00,1237.4028019442762
97_20240828 01,1182.1887300814808
97_20240828 02,1133.769087401748
97_20240828 03,1126.495372675321
97_20240828 04,1108.3811277023244
97_20240828 05,1047.4889189969185
97_20240828 06,1135.787681532073
97_20240828 07,1099.5736993208643
97_20240828 08,1258.7890723221979
97_20240828 09,1421.9693197737392
97_20240828 10,1649.5837930025166
97_20240828 11,1734.4577478009735
97_20240828 12,1758.0210384841457
97_20240828 13,1791.6853863433075
97_20240828 14,1768.9674567991854
97_20240828 15,1808.5261121652406
97_20240828 16,1861.280825351459
97_20240828 17,1839.044333835037
97_20240828 18,1828.9541103747624
97_20240828 19,1757.7637517095634
97_20240828 20,1630.491705162019
97_20240828 21,1573.853009520125
97_20240828 22,1426.1763714251929
97_20240828 23,1362.4733955288812
97_20240829 00,1229.1769730765866
97_20240829 01,1234.0621383147686
97_20240829 02,1177.7985717236481
97_20240829 03,1158.3829787150694
97_20240829 04,1172.2361164618305
97_20240829 05,1149.77472938369
97_20240829 06,1096.754844553222
97_20240829 07,1193.5955381374806
97_20240829 08,1264.4270844233893
97_20240829 09,1393.2027820404248
97_20240829 10,1671.0649944352633
97_20240829 11,1749.8551191419872
97_20240829 12,1805.9534352615492
97_20240829 13,1794.7419051028496
97_20240829 14,1819.7444928275743
97_20240829 15,1852.9550758302162
97_20240829 16,1840.5169352463581
97_20240829 17,1810.9803732287737
97_20240829 18,1805.1338983417427
97_20240829 19,1741.4644973754557
97_20240829 20,1654.130628994792
97_20240829 21,1599.0399126480897
97_20240829 22,1493.5033966304545
97_20240829 23,1363.2917546738427
97_20240830 00,1240.3379646509748
97_20240830 01,1165.8656497065363
97_20240830 02,1153.1302215888695
97_20240830 03,1158.7006384358342
97_20240830 04,1051.7618317629135
97_20240830 05,1108.4320604280374
97_20240830 06,1167.1299573937122
97_20240830 07,1094.3744695490232
97_20240830 08,1259.8036470742195
97_20240830 09,1456.6725100503284
97_20240830 10,1633.1591920149936
97_20240830 11,1692.2970959468103
97_20240830 12,1762.2481768190473
97_20240830 13,1776.6079197037823
97_20240830 14,1796.6964076135587
97_20240830 15,1809.6821277578063
97_20240830 16,1827.5274349697538
97_20240830 17,1842.8646827218563
97_20240830 18,1821.5008193918607
97_20240830 19,1744.6706646661244
97_20240830 20,1610.3744425338955
97_20240830 21,1553.5648210006632
97_20240830 22,1406.709151718629
97_20240830 23,1350.3262182678523
97_20240831 00,1194.856338699873
97_20240831 01,1178.4897303914072
97_20240831 02,1140.7278884531904
97_20240831 03,1164.4418491171527
97_20240831 04,1063.6281023860126
97_20240831 05,1151.2435548434787
97_20240831 06,1138.2145585213937
97_20240831 07,1099.704110196226
97_20240831 08,1204.6465555506622
97_20240831 09,1344.2759042880875
97_20240831 10,1396.1695736790525
97_20240831 11,1487.2250269380745
97_20240831 12,1572.9436467561482
97_20240831 13,1583.5614339060112
97_20240831 14,1615.0819507087954
97_20240831 15,1591.0110229337727
97_20240831 16,1618.59032245969
97_20240831 17,1604.683786353279
97_20240831 18,1517.5635090214837
97_20240831 19,1423.0858497397926
97_20240831 20,1347.3815524193817
97_20240831 21,1344.8508460958628
97_20240831 22,1207.9626784174172
97_20240831 23,1274.8523620227015
98_20240825 00,1670.0377133703355
98_20240825 01,1591.3138706739587
98_20240825 02,1561.1189257923177
98_20240825 03,1511.514838458941
98_20240825 04,1511.2579036156592
98_20240825 05,1548.9292278725093
98_20240825 06,1818.6325413748957
98_20240825 07,2122.669911545914
98_20240825 08,2307.8656266009816
98_20240825 09,2349.621062039512
98_20240825 10,2477.9815507108938
98_20240825 11,2327.1661816559763
98_20240825 12,2274.1331518361812
98_20240825 13,2634.9605106928125
98_20240825 14,2916.125144869922
98_20240825 15,3118.9088482325687
98_20240825 16,3219.0218460764295
98_20240825 17,3135.1070130599282
98_20240825 18,2587.914793157766
98_20240825 19,2497.243878398205
98_20240825 20,2487.3337459116274
98_20240825 21,2281.5410164184655
98_20240825 22,1963.8793395306168
98_20240825 23,1809.084572316341
98_20240826 00,1638.4846608405574
98_20240826 01,1566.4188901741259
98_20240826 02,1542.975402724394
98_20240826 03,1499.2860480194563
98_20240826 04,1472.6181003342128
98_20240826 05,1503.833136988254
98_20240826 06,1787.8455819773417
98_20240826 07,2063.819135271289
98_20240826 08,2262.913619838386
98_20240826 09,2361.4115678682624
98_20240826 10,2397.6906525555537
98_20240826 11,2333.960170155633
98_20240826 12,2276.6664059027594
98_20240826 13,2569.9951233507513
98_20240826 14,2800.2191205965637
98_20240826 15,2959.7256761457465
98_20240826 16,2987.703385200809
98_20240826 17,2860.1923263031413
98_20240826 18,2473.9990239601384
98_20240826 19,2318.1794358609222
98_20240826 20,2261.3194608506797
98_20240826 21,2033.3653591587909
98_20240826 22,1809.4001453802907
98_20240826 23,1739.9273725218661
98_20240827 00,1623.2002639505868
98_20240827 01,1547.6125334421058
98_20240827 02,1504.6806226243814
98_20240827 03,1482.7803546760247
98_20240827 04,1432.9398718264988
98_20240827 05,1460.081068154319
98_20240827 06,1690.0402752343061
98_20240827 07,1964.5973082294468
98_20240827 08,2154.314194925299
98_20240827 09,2238.2498189098733
98_20240827 10,2291.186072179117
98_20240827 11,2162.5320185430965
98_20240827 12,2096.608737155472
98_20240827 13,2363.2895647578107
98_20240827 14,2493.398823324159
98_20240827 15,2614.884295005346
98_20240827 16,2651.9210992507324
98_20240827 17,2601.380839847968
98_20240827 18,2214.9333089111988
98_20240827 19,2065.629472908089
98_20240827 20,1961.0062290705282
98_20240827 21,1797.5920175049864
98_20240827 22,1627.2998817753637
98_20240827 23,1584.4684383272997
98_20240828 00,1458.999335016987
98_20240828 01,1381.6188746883706
98_20240828 02,1350.3393402787365
98_20240828 03,1339.7865736895842
98_20240828 04,1315.0917894744998
98_20240828 05,1349.8531933653508
98_20240828 06,1590.8076538561875
98_20240828 07,1811.101140363433
98_20240828 08,1996.533681754697
98_20240828 09,2084.7738835682994
98_20240828 10,2202.551806084889
98_20240828 11,2086.4690415746372
98_20240828 12,2025.3045539914572
98_20240828 13,2398.1639180334464
98_20240828 14,2570.262921122754
98_20240828 15,2703.628904375062
98_20240828 16,2760.567482796536
98_20240828 17,2722.1169321328825
98_20240828 18,2279.5351451777556
98_20240828 19,2077.2396150755917
98_20240828 20,2054.5325041774768
98_20240828 21,1900.8998815473965
98_20240828 22,1699.502715822519
98_20240828 23,1634.2107685212231
98_20240829 00,1523.8332039261668
98_20240829 01,1468.3392228689756
98_20240829 02,1404.9549581972028
98_20240829 03,1375.659095375382
98_20240829 04,1318.689902171384
98_20240829 05,1347.0611739501296
98_20240829 06,1616.3592525393665
98_20240829 07,1876.1350385329274
98_20240829 08,2112.779193322973
98_20240829 09,2174.028655368751
98_20240829 10,2295.265661661073
98_20240829 11,2197.9833465996307
98_20240829 12,2131.0265396850723
98_20240829 13,2438.5332509442287
98_20240829 14,2515.6813145899846
98_20240829 15,2671.860237461802
98_20240829 16,2756.3135287858754
98_20240829 17,2682.686784624001
98_20240829 18,2288.788395308903
98_20240829 19,2236.3192423358987
98_20240829 20,2191.0119872033056
98_20240829 21,1948.0876500655486
98_20240829 22,1747.669030798692
98_20240829 23,1650.2043443072132
98_20240830 00,1573.5707648357907
98_20240830 01,1488.0733092538549
98_20240830 02,1433.2387065649687
98_20240830 03,1385.435536900508
98_20240830 04,1366.416798982659
98_20240830 05,1338.5070858530248
98_20240830 06,1630.3454459383056
98_20240830 07,1906.6355681503676
98_20240830 08,2146.1374049228757
98_20240830 09,2249.3214693896416
98_20240830 10,2312.411700847574
98_20240830 11,2201.769412976491
98_20240830 12,2124.298674564503
98_20240830 13,2509.921914689492
98_20240830 14,2733.9208920286947
98_20240830 15,2891.76970225235
98_20240830 16,3035.6991181874537
98_20240830 17,3012.216179094493
98_20240830 18,2452.3890062338223
98_20240830 19,2348.5479382214417
98_20240830 20,2250.16377058125
98_20240830 21,2052.1441499576717
98_20240830 22,1787.5142235407088
98_20240830 23,1698.2370801286636
98_20240831 00,1543.5617678814606
98_20240831 01,1432.6928236938413
98_20240831 02,1398.7827831202026
98_20240831 03,1368.033368972551
98_20240831 04,1348.3398691353882
98_20240831 05,1374.1536254182242
98_20240831 06,1644.3568092208432
98_20240831 07,1830.9867115801537
98_20240831 08,2034.074040471171
98_20240831 09,2176.3276406798864
98_20240831 10,2284.6475926335265
98_20240831 11,2239.9290561103626
98_20240831 12,2205.334210979244
98_20240831 13,2517.9588362978016
98_20240831 14,2661.97688644701
98_20240831 15,2853.809703715985
98_20240831 16,3004.2815622773805
98_20240831 17,2988.227535806913
98_20240831 18,2536.582184844595
98_20240831 19,2410.6897571882837
98_20240831 20,2361.781215752383
98_20240831 21,2125.425650406132
98_20240831 22,1882.1346452654375
98_20240831 23,1683.2027193827748
99_20240825 00,1186.633548222432
99_20240825 01,1183.2980305885426
99_20240825 02,1150.4275729198914
99_20240825 03,1170.9911236230016
99_20240825 04,1037.1811724129482
99_20240825 05,896.2022897753445
99_20240825 06,846.9318195733363
99_20240825 07,839.6631188752888
99_20240825 08,959.4349517834702
99_20240825 09,1113.7738311099051
99_20240825 10,1156.3441613738842
99_20240825 11,1225.9849795958553
99_20240825 12,1129.50051628842
99_20240825 13,1173.1588812854282
99_20240825 14,1178.3660092470955
99_20240825 15,1162.7090084836523
99_20240825 16,1178.13937614327
99_20240825 17,1188.1229770106313
99_20240825 18,1100.4442218232334
99_20240825 19,1165.351555352313
99_20240825 20,1217.6313789213245
99_20240825 21,1258.3712023565529
99_20240825 22,1190.2428538578254
99_20240825 23,1224.516615272225
99_20240826 00,1180.1685753687743
99_20240826 01,1176.2887137798384
99_20240826 02,1143.0820569023917
99_20240826 03,1146.4471505755098
99_20240826 04,1037.9184454004385
99_20240826 05,900.583927599578
99_20240826 06,846.1213983704129
99_20240826 07,842.1942067889221
99_20240826 08,974.9753953557919
99_20240826 09,1139.3275413683637
99_20240826 10,1183.8830756001107
99_20240826 11,1255.5317259382225
99_20240826 12,1149.3936750723065
99_20240826 13,1202.300622754678
99_20240826 14,1219.4975094994952
99_20240826 15,1214.982812597728
99_20240826 16,1220.8476431151644
99_20240826 17,1229.5897145581403
99_20240826 18,1137.8095210974006
99_20240826 19,1168.5906311882216
99_20240826 20,1211.5150700737688
99_20240826 21,1264.5129745907407
99_20240826 22,1194.0323974685189
99_20240826 23,1223.3912765400955
99_20240827 00,1173.76574708825
99_20240827 01,1167.8464360680853
99_20240827 02,1133.0845717380666
99_20240827 03,1128.101122177993
99_20240827 04,1023.576864250794
99_20240827 05,901.9606928959067
99_20240827 06,875.0786996453758
99_20240827 07,858.2368151354219
99_20240827 08,968.1651701974641
99_20240827 09,1114.1618806706451
99_20240827 10,1166.650828606692
99_20240827 11,1224.2601383661604
99_20240827 12,1144.2075606208996
99_20240827 13,1188.8936969661845
99_20240827 14,1210.5703547841888
99_20240827 15,1189.5651767233044
99_20240827 16,1211.038386246247
99_20240827 17,1216.4984912353711
99_20240827 18,1100.9648324878883
99_20240827 19,1139.4597005915937
99_20240827 20,1181.7946987472328
99_20240827 21,1220.8422324136777
99_20240827 22,1136.5025546906938
99_20240827 23,1184.215827593756
99_20240828 00,1135.3677636497125
99_20240828 01,1139.9464126260013
99_20240828 02,1120.4766120930976
99_20240828 03,1131.815740726872
99_20240828 04,922.7695994101714
99_20240828 05,721.1531759236523
99_20240828 06,664.0411055914258
99_20240828 07,654.3778491158196
99_20240828 08,900.9972258073622
99_20240828 09,1107.1390122566004
99_20240828 10,1188.509265979571
99_20240828 11,1237.678452424479
99_20240828 12,1132.3467808602813
99_20240828 13,1197.411028665224
99_20240828 14,1231.8250992337948
99_20240828 15,1209.8291225323
99_20240828 16,1218.111737684509
99_20240828 17,1223.5379160702164
99_20240828 18,1128.7150233195457
99_20240828 19,1183.6409905266923
99_20240828 20,1217.4641786429938
99_20240828 21,1241.6832319590717
99_20240828 22,1172.41617905463
99_20240828 23,1206.14497433768
99_20240829 00,1166.2166270640082
99_20240829 01,1164.466676647254
99_20240829 02,1136.358890309767
99_20240829 03,1162.9784819084475
99_20240829 04,1042.529074509911
99_20240829 05,917.4668472220646
99_20240829 06,864.7009873637683
99_20240829 07,855.5864886478084
99_20240829 08,961.7361057245373
99_20240829 09,1114.5772200160636
99_20240829 10,1175.566427019112
99_20240829 11,1248.5848851096923
99_20240829 12,1154.7248504008207
99_20240829 13,1194.42872520763
99_20240829 14,1211.9597635348464
99_20240829 15,1198.229112618335
99_20240829 16,1215.1894290171185
99_20240829 17,1229.5037855010319
99_20240829 18,1145.8686646484152
99_20240829 19,1179.2425709255567
99_20240829 20,1205.5727499149855
99_20240829 21,1243.9436743282245
99_20240829 22,1180.4467513467744
99_20240829 23,1214.3536419075358
99_20240830 00,1168.090777725384
99_20240830 01,1161.5190118915027
99_20240830 02,1124.3359669533481
99_20240830 03,1154.3027518700737
99_20240830 04,1017.8304974316171
99_20240830 05,896.4947363276849
99_20240830 06,838.1032934187028
99_20240830 07,824.9532935771065
99_20240830 08,950.0050004018935
99_20240830 09,1110.7678687965713
99_20240830 10,1155.2937147113757
99_20240830 11,1221.2453124123317
99_20240830 12,1121.7138768859847
99_20240830 13,1176.1885846634154
99_20240830 14,1192.3179004621807
99_20240830 15,1194.3739609559157
99_20240830 16,1202.9819088153465
99_20240830 17,1220.668245000932
99_20240830 18,1129.4777852539594
99_20240830 19,1178.083483201837
99_20240830 20,1205.7632343229245
99_20240830 21,1245.126474314593
99_20240830 22,1178.3152108243826
99_20240830 23,1214.012282971209
99_20240831 00,1150.2961898492379
99_20240831 01,1151.9814592483258
99_20240831 02,1111.1395953976366
99_20240831 03,1122.8948879087834
99_20240831 04,1005.8701393615781
99_20240831 05,889.7922043651611
99_20240831 06,839.6525809741466
99_20240831 07,829.9643655658846
99_20240831 08,939.4355554351313
99_20240831 09,1087.0142769059419
99_20240831 10,1132.872114588769
99_20240831 11,1195.3113531276872
99_20240831 12,1101.4831599808908
99_20240831 13,1148.1377977822979
99_20240831 14,1173.2598008029954
99_20240831 15,1158.747862186938
99_20240831 16,1170.2877715918146
99_20240831 17,1184.10596740636
99_20240831 18,1097.5635619455725
99_20240831 19,1157.9901811892505
99_20240831 20,1179.083780016932
99_20240831 21,1215.2279149918647
99_20240831 22,1145.1122051326404
99_20240831 23,1172.4520955420444
100_20240825 00,2825.5200804741453
100_20240825 01,2801.6032454462697
100_20240825 02,2712.795662409181
100_20240825 03,2503.9408772186944
100_20240825 04,2278.715493634497
100_20240825 05,2131.414991764685
100_20240825 06,2403.8533015405296
100_20240825 07,2546.019161840236
100_20240825 08,1444.9850609160255
100_20240825 09,1345.627214088053
100_20240825 10,1372.681850204921
100_20240825 11,1378.6481675839914
100_20240825 12,1494.800226475388
100_20240825 13,1863.8409905296548
100_20240825 14,2047.6209270911395
100_20240825 15,2204.0047528969344
100_20240825 16,2320.2600365785993
100_20240825 17,2523.1335194613753
100_20240825 18,2595.8301301062847
100_20240825 19,2594.0863296396333
100_20240825 20,2612.349792315272
100_20240825 21,2109.726129588411
100_20240825 22,2511.0039472088174
100_20240825 23,2714.9000766072277
100_20240826 00,2698.4371480986606
100_20240826 01,2602.9415777279405
100_20240826 02,2401.6124667390413
100_20240826 03,2079.9438972943294
100_20240826 04,1903.200260749361
100_20240826 05,1839.1446350704277
100_20240826 06,2024.4714458833012
100_20240826 07,2220.0908023515794
100_20240826 08,1319.7083632531098
100_20240826 09,1232.0612545200747
100_20240826 10,1260.095828550026
100_20240826 11,1303.9340650400159
100_20240826 12,1455.114178682764
100_20240826 13,1676.8634608669638
100_20240826 14,1802.3423248443273
100_20240826 15,1977.5687713316233
100_20240826 16,1991.8433803304483
100_20240826 17,2109.363376402915
100_20240826 18,2185.497330013411
100_20240826 19,2213.0792221110996
100_20240826 20,2191.667781777657
100_20240826 21,1763.3730357934626
100_20240826 22,2357.7120391247877
100_20240826 23,2638.329717378373
100_20240827 00,2576.701035841396
100_20240827 01,2568.6655728560795
100_20240827 02,2415.5386138575554
100_20240827 03,2153.196843969138
100_20240827 04,1919.0053322334597
100_20240827 05,1803.2720395401552
100_20240827 06,1910.0692010664227
100_20240827 07,1954.6607018451043
100_20240827 08,1270.3900870248692
100_20240827 09,1207.7024316411598
100_20240827 10,1248.4898003417525
100_20240827 11,1292.9416216874424
100_20240827 12,1386.2149967134087
100_20240827 13,1509.2393500409862
100_20240827 14,1820.4524898399375
100_20240827 15,2115.1954151999844
100_20240827 16,2145.8211436336455
100_20240827 17,2113.161310072953
100_20240827 18,2007.0735888217027
100_20240827 19,1943.642803182861
100_20240827 20,1984.3916529640792
100_20240827 21,1798.103569173255
100_20240827 22,2417.950599603369
100_20240827 23,2657.712786923512
100_20240828 00,2623.8799998193244
100_20240828 01,2576.986699277199
100_20240828 02,2345.9780631319622
100_20240828 03,2000.3235681893098
100_20240828 04,1834.8044670328557
100_20240828 05,1683.4815033448867
100_20240828 06,1824.5145423787894
100_20240828 07,1936.995693605872
100_20240828 08,1247.1311072699846
100_20240828 09,1173.2728365597764
100_20240828 10,1226.990787445212
100_20240828 11,1284.9300832835374
100_20240828 12,1307.0922365064391
100_20240828 13,1425.1204008356126
100_20240828 14,1648.5448553204728
100_20240828 15,1782.4453023968551
100_20240828 16,1988.6240348046963
100_20240828 17,2018.447067731779
100_20240828 18,2025.5114727729217
100_20240828 19,2023.801748298376
100_20240828 20,1952.2308253525707
100_20240828 21,1599.8116323914637
100_20240828 22,2244.3895869747876
100_20240828 23,2561.8675447603728
100_20240829 00,2528.6811502242836
100_20240829 01,2489.9410934332527
100_20240829 02,2347.5074893516944
100_20240829 03,1923.5179443907093
100_20240829 04,1643.5822175818948
100_20240829 05,1502.8833780946625
100_20240829 06,1734.7939926626834
100_20240829 07,1780.1481238948631
100_20240829 08,1209.5340139140988
100_20240829 09,1172.62671363241
100_20240829 10,1203.208283237936
100_20240829 11,1243.45266445275
100_20240829 12,1276.6749419324653
100_20240829 13,1460.7729375717408
100_20240829 14,1689.3616911813638
100_20240829 15,1855.0940937567366
100_20240829 16,1794.338777316807
100_20240829 17,1884.989628200072
100_20240829 18,2029.1420837541773
100_20240829 19,2041.9177268836013
100_20240829 20,2020.039746088664
100_20240829 21,1858.1061044772898
100_20240829 22,2330.4415952400614
100_20240829 23,2561.58464399326
100_20240830 00,2564.13332843879
100_20240830 01,2515.560818067063
100_20240830 02,2274.5972727863436
100_20240830 03,1920.0603684463808
100_20240830 04,1732.6789196291604
100_20240830 05,1598.2101453058012
100_20240830 06,1687.5799907725122
100_20240830 07,1837.2231875861132
100_20240830 08,1260.2278643459063
100_20240830 09,1191.3605805810632
100_20240830 10,1255.5596523169063
100_20240830 11,1296.7349143940448
100_20240830 12,1328.632348966727
100_20240830 13,1407.1961572022633
100_20240830 14,1680.8975970629779
100_20240830 15,1682.6859405875994
100_20240830 16,1744.4908512736765
100_20240830 17,1860.70365567242
100_20240830 18,1974.948103048485
100_20240830 19,1922.109597682676
100_20240830 20,1917.338762804312
100_20240830 21,1755.847375652703
100_20240830 22,2298.344105347647
100_20240830 23,2569.6467467673983
100_20240831 00,2469.6245688005833
100_20240831 01,2465.988444699449
100_20240831 02,2057.7723487552034
100_20240831 03,1805.4656407456405
100_20240831 04,1679.2826710414274
100_20240831 05,1634.0697791415137
100_20240831 06,1719.6023506257818
100_20240831 07,1833.9714489659618
100_20240831 08,1336.6940769705384
100_20240831 09,1300.475728944911
100_20240831 10,1362.2539034429572
100_20240831 11,1373.427173863974
100_20240831 12,1407.6288547042423
100_20240831 13,1572.1083375774692
100_20240831 14,1746.7348975068844
100_20240831 15,1765.448417338725
100_20240831 16,1895.522126320474
100_20240831 17,2014.4701536420012
100_20240831 18,2104.931214552739
100_20240831 19,2224.945530179245
100_20240831 20,2259.0941564298637
100_20240831 21,2050.490927616984
100_20240831 22,2474.589669257938
100_20240831 23,2676.2197176118334
